Date,Stock_Price
1970-01-01,4.804999828338623
1970-01-02,4.881348100089923
1970-01-05,4.855267007369391
1970-01-06,4.814020946994961
1970-01-07,4.773209758759783
1970-01-08,5.026634507959158
1970-01-09,5.152160273065792
1970-01-12,5.06801611240201
1970-01-13,5.1558367846886695
1970-01-14,5.192892539737955
1970-01-15,4.868831978579188
1970-01-16,4.70419275575708
1970-01-19,4.750266982646233
1970-01-20,4.983688637883253
1970-01-21,4.94246722221993
1970-01-22,4.850071968358843
1970-01-23,4.86431343641815
1970-01-26,4.7646212826947485
1970-01-27,4.715304083368515
1970-01-28,4.709914003600619
1970-01-29,4.544173495304771
1970-01-30,4.667131260037565
1970-02-02,4.478646544616386
1970-02-03,4.28283350958273
1970-02-04,4.308764927913628
1970-02-05,4.413484124421694
1970-02-06,4.436180538642124
1970-02-09,4.416642865189786
1970-02-10,4.370227965709736
1970-02-11,4.301539342926468
1970-02-12,4.452978586922119
1970-02-13,4.498558065494802
1970-02-16,4.438719855399495
1970-02-17,4.963359398063699
1970-02-18,5.0562180538825405
1970-02-19,5.203172234641565
1970-02-20,5.162878574742256
1970-02-23,5.052627597356529
1970-02-24,4.801759889424802
1970-02-25,4.976734635806258
1970-02-26,5.171448950520338
1970-02-27,5.015027277169305
1970-03-02,4.841134958173326
1970-03-03,4.825348887620483
1970-03-04,5.067310897867611
1970-03-05,5.120245299860806
1970-03-06,5.048549229780478
1970-03-09,5.0341597151762505
1970-03-10,4.798471675334361
1970-03-11,4.963901288199574
1970-03-12,4.872675635698779
1970-03-13,4.633095727392261
1970-03-16,4.597526667179894
1970-03-17,4.529882180831129
1970-03-18,4.603128350546203
1970-03-19,4.7805562292422765
1970-03-20,4.999803424582917
1970-03-23,5.02495316271947
1970-03-24,4.9782036583947376
1970-03-25,4.913800433297203
1970-03-26,4.495517273694035
1970-03-27,4.544679573619556
1970-03-30,4.610699660473078
1970-03-31,4.582358136965495
1970-04-01,4.4382194101191486
1970-04-02,4.647411538518995
1970-04-03,4.641455310118399
1970-04-06,4.387592847256509
1970-04-07,4.400109739300014
1970-04-08,4.334925905694231
1970-04-09,4.401943787871687
1970-04-10,4.361803805846117
1970-04-13,4.408937226785751
1970-04-14,4.405387224097414
1970-04-15,4.290990186622726
1970-04-16,4.400378769285144
1970-04-17,4.6080574246290436
1970-04-20,4.823026547237992
1970-04-21,4.741113315826051
1970-04-22,4.885283443905695
1970-04-23,5.166231544789406
1970-04-24,5.313653605369678
1970-04-27,5.424374750361559
1970-04-28,5.20338405210793
1970-04-29,5.306998730419601
1970-04-30,5.27378312519221
1970-05-01,5.206868242233749
1970-05-04,5.299193545349583
1970-05-05,5.539611328198066
1970-05-06,6.02092099532033
1970-05-07,5.732914399366159
1970-05-08,5.957698531607618
1970-05-11,6.074093515077964
1970-05-12,6.317046214908077
1970-05-13,7.596560796980922
1970-05-14,6.863374874879289
1970-05-15,6.893341241036419
1970-05-18,6.610640144883128
1970-05-19,6.764587420207618
1970-05-20,6.544190237932478
1970-05-21,6.704621500973372
1970-05-22,6.983302457504157
1970-05-25,6.774863218144552
1970-05-26,6.798076173626427
1970-05-27,6.989386169665581
1970-05-28,6.923684400151688
1970-05-29,7.570815817207239
1970-06-01,7.581928885485949
1970-06-02,7.331145318222731
1970-06-03,7.5610103023709065
1970-06-04,7.517525375788563
1970-06-05,7.69209564570366
1970-06-08,7.564647908324599
1970-06-09,7.749658173098402
1970-06-10,7.50220320709137
1970-06-11,7.363460521686498
1970-06-12,7.507222344634567
1970-06-15,7.946955426935581
1970-06-16,8.21666962249324
1970-06-17,8.215796929896776
1970-06-18,7.943822138027934
1970-06-19,8.302461115260556
1970-06-22,8.37148190932129
1970-06-23,8.427701903442863
1970-06-24,8.823345707798582
1970-06-25,8.808247179649985
1970-06-26,8.859160505000645
1970-06-29,8.893673360255631
1970-06-30,8.924942635517034
1970-07-01,8.657646052503045
1970-07-02,8.142708283703772
1970-07-03,8.22514859422279
1970-07-06,7.970268993211061
1970-07-07,7.868337498655938
1970-07-08,7.999470246291462
1970-07-09,7.655363913170684
1970-07-10,8.273732644812654
1970-07-13,8.780089079884519
1970-07-14,8.767432996662267
1970-07-15,8.87984827789171
1970-07-16,8.732509559957071
1970-07-17,8.245602193083677
1970-07-20,8.022304732842208
1970-07-21,8.462460457446463
1970-07-22,8.536258972476187
1970-07-23,8.075911871934846
1970-07-24,8.163229615105465
1970-07-27,8.607970460978521
1970-07-28,8.38556859830363
1970-07-29,8.021682253033054
1970-07-30,7.94465715365208
1970-07-31,8.439572861949149
1970-08-03,8.069211589091791
1970-08-04,8.026822125194254
1970-08-05,8.43403051417454
1970-08-06,8.796560735380469
1970-08-07,8.796508633717107
1970-08-10,9.491452323306115
1970-08-11,9.408044745104112
1970-08-12,9.407463856916413
1970-08-13,8.814517035668082
1970-08-14,9.179551557288383
1970-08-17,9.3722791044414
1970-08-18,9.374909043273908
1970-08-19,9.205520117025756
1970-08-20,9.250317271303553
1970-08-21,9.04254458418936
1970-08-24,8.918509142975926
1970-08-25,9.00856464451541
1970-08-26,9.165865438080154
1970-08-27,9.316431631376977
1970-08-28,9.08049710933913
1970-08-31,8.539824224067404
1970-09-01,8.18506338159237
1970-09-02,8.602759371478808
1970-09-03,8.461957299042181
1970-09-04,8.449545780833914
1970-09-07,8.698618905145546
1970-09-08,10.305881097826536
1970-09-09,10.393845871550766
1970-09-10,10.325397336906594
1970-09-11,10.025771724068594
1970-09-14,10.723557001261302
1970-09-15,11.117947460956113
1970-09-16,11.38657129136534
1970-09-17,11.353883072733371
1970-09-18,10.993412198917266
1970-09-21,11.328097851378256
1970-09-22,11.24523016495916
1970-09-23,11.372703625342144
1970-09-24,11.13426100769667
1970-09-25,11.198055286407678
1970-09-28,10.984311623095165
1970-09-29,10.7879226761748
1970-09-30,10.84576802872806
1970-10-01,10.311999799323255
1970-10-02,9.818733764593931
1970-10-05,9.566425488819096
1970-10-06,9.478748615712167
1970-10-07,9.732191008596015
1970-10-08,9.65981422200005
1970-10-09,9.633263607173168
1970-10-12,9.521026697675053
1970-10-13,9.60336011517747
1970-10-14,9.323255550469005
1970-10-15,9.270463550321912
1970-10-16,9.375698094219338
1970-10-19,9.426138963210212
1970-10-20,9.4104106693124
1970-10-21,9.398459666634059
1970-10-22,9.535330812063465
1970-10-23,10.220627480371528
1970-10-26,9.941028702571922
1970-10-27,10.667557016622409
1970-10-28,10.360737496184624
1970-10-29,9.63307432064632
1970-10-30,9.44615898135713
1970-11-02,9.534022726543407
1970-11-03,10.12563622885838
1970-11-04,9.80603987709562
1970-11-05,9.945989075052836
1970-11-06,9.498398545630904
1970-11-09,10.072907423258467
1970-11-10,10.45208467866935
1970-11-11,10.266871768437548
1970-11-12,9.67710344725866
1970-11-13,10.100539652040077
1970-11-16,10.039801920539993
1970-11-17,10.438020568558418
1970-11-18,10.415924961760851
1970-11-19,10.408338893441833
1970-11-20,10.230478838370983
1970-11-23,10.420820233418453
1970-11-24,10.438608610225465
1970-11-25,10.594176046954003
1970-11-26,10.044523080304597
1970-11-27,10.45675386186681
1970-11-30,10.984343161686121
1970-12-01,11.000239920663656
1970-12-02,11.751297634532662
1970-12-03,12.425287650362328
1970-12-04,12.660988046859355
1970-12-07,13.214325342073927
1970-12-08,13.649301627145677
1970-12-09,12.838408112027452
1970-12-10,12.689613802237485
1970-12-11,12.96080985017076
1970-12-14,13.643922930581668
1970-12-15,12.995770775940745
1970-12-16,12.247406578404728
1970-12-17,12.192909338096754
1970-12-18,11.354126151517452
1970-12-21,11.292725981382645
1970-12-22,11.403079315684545
1970-12-23,11.025330341394236
1970-12-24,10.975991089396684
1970-12-25,11.302680322453924
1970-12-28,11.078150489671057
1970-12-29,10.76421797765014
1970-12-30,10.70078898590469
1970-12-31,10.314904442969993
1971-01-01,10.985503377811181
1971-01-04,10.97205658820887
1971-01-05,10.694371741219067
1971-01-06,10.74545267530422
1971-01-07,10.680292303336742
1971-01-08,10.577420369364997
1971-01-11,10.368596622490607
1971-01-12,10.149015735972739
1971-01-13,9.629339642896287
1971-01-14,10.055127158945668
1971-01-15,10.22682560855444
1971-01-18,10.309851473285324
1971-01-19,10.242880265424436
1971-01-20,9.900550920781273
1971-01-21,9.633842428891247
1971-01-22,9.169764691062042
1971-01-25,8.956716463721499
1971-01-26,8.623541459233719
1971-01-27,9.10317253553573
1971-01-28,9.354780468400373
1971-01-29,9.359428689771276
1971-02-01,9.076637199730866
1971-02-02,8.751635626950415
1971-02-03,8.679637838584247
1971-02-04,8.933599383108843
1971-02-05,9.499679856448497
1971-02-08,9.049436375684813
1971-02-09,9.201758657526462
1971-02-10,8.98668933376658
1971-02-11,8.824862300527226
1971-02-12,8.821826211895742
1971-02-15,8.564920732032716
1971-02-16,8.481123493152937
1971-02-17,8.213864076513783
1971-02-18,8.043427244380789
1971-02-19,8.233205586168397
1971-02-22,8.2454249587252
1971-02-23,8.438426058036047
1971-02-24,8.23935351135098
1971-02-25,8.381743919384213
1971-02-26,7.9259880611746185
1971-03-01,7.924857895768332
1971-03-02,8.080672407577405
1971-03-03,7.63323015355782
1971-03-04,7.457327636237587
1971-03-05,7.4570081550820095
1971-03-08,7.697996247552403
1971-03-09,7.539216644988867
1971-03-10,7.660490485409132
1971-03-11,8.022778768883814
1971-03-12,8.163618574203474
1971-03-15,8.094173870557325
1971-03-16,8.179980745352738
1971-03-17,8.00307650590923
1971-03-18,8.012019585923268
1971-03-19,7.9566720945224985
1971-03-22,8.032344518794606
1971-03-23,7.909226265268165
1971-03-24,7.999634039080146
1971-03-25,7.874699375941168
1971-03-26,8.091885428648924
1971-03-29,7.990488815047769
1971-03-30,7.454381981078871
1971-03-31,7.197280918806188
1971-04-01,7.190561644449263
1971-04-02,7.590566979143848
1971-04-05,7.7896916747264004
1971-04-06,7.225787410471717
1971-04-07,6.868824563741879
1971-04-08,7.124429084919663
1971-04-09,7.264659231192124
1971-04-12,7.82149162885691
1971-04-13,7.689879779382407
1971-04-14,7.463315039658867
1971-04-15,7.468976180153688
1971-04-16,7.339515484659782
1971-04-19,7.584816234667315
1971-04-20,7.4451109819925385
1971-04-21,7.366775972622676
1971-04-22,7.11979621178662
1971-04-23,7.289956566477302
1971-04-26,7.058958079104362
1971-04-27,7.145783533698648
1971-04-28,7.593758847993643
1971-04-29,7.146301983694716
1971-04-30,7.498874158579544
1971-05-03,7.5566156267237945
1971-05-04,7.267394952406574
1971-05-05,7.282440645348566
1971-05-06,7.4484214734543315
1971-05-07,7.243704285076841
1971-05-10,7.346568185464252
1971-05-11,7.733504052283362
1971-05-12,7.590461443253169
1971-05-13,7.33290029478905
1971-05-14,7.290775699387389
1971-05-17,7.292810985520196
1971-05-18,7.550841941776975
1971-05-19,7.498993679494579
1971-05-20,6.262118289093427
1971-05-21,5.9197160704440925
1971-05-24,5.867921373178017
1971-05-25,5.984831691166176
1971-05-26,5.686760769830456
1971-05-27,5.631684894267484
1971-05-28,5.6245172857812085
1971-05-31,5.377756527240768
1971-06-01,5.568900870775644
1971-06-02,5.232511300695719
1971-06-03,5.054109937757509
1971-06-04,5.1372984260824435
1971-06-07,4.998400782981914
1971-06-08,4.96712133406261
1971-06-09,4.852702787517714
1971-06-10,4.87315215946996
1971-06-11,4.850903174834678
1971-06-14,4.872279022475382
1971-06-15,5.3023896040729905
1971-06-16,5.1061975545950276
1971-06-17,5.342637998447183
1971-06-18,4.886350466148288
1971-06-21,4.6953298718898955
1971-06-22,4.723958715114973
1971-06-23,4.6972159805351055
1971-06-24,4.776993338059852
1971-06-25,4.716513960998848
1971-06-28,4.702351188172114
1971-06-29,4.685203392252154
1971-06-30,4.686671426641298
1971-07-01,4.698856222891
1971-07-02,4.67533783707732
1971-07-05,4.61806415149587
1971-07-06,4.580045335325718
1971-07-07,4.612941138935476
1971-07-08,4.648800778389175
1971-07-09,4.545388283260225
1971-07-12,4.40331787134535
1971-07-13,4.163436214418316
1971-07-14,4.412791850753939
1971-07-15,4.232151178307881
1971-07-16,4.116979205529677
1971-07-19,4.219929391606784
1971-07-20,4.024554286860774
1971-07-21,3.795430237020738
1971-07-22,3.7263891648327907
1971-07-23,3.8477765528739645
1971-07-26,3.8427204597496383
1971-07-27,4.1267092913403
1971-07-28,4.218084742394006
1971-07-29,4.039478104420483
1971-07-30,4.051469365101954
1971-08-02,3.83651435602576
1971-08-03,3.9063872846720114
1971-08-04,4.3313211551591735
1971-08-05,4.366019245487196
1971-08-06,4.50843404875377
1971-08-09,4.2384691178738265
1971-08-10,4.060156025513807
1971-08-11,4.128937706140663
1971-08-12,4.028874178377213
1971-08-13,3.9463732988865137
1971-08-16,3.764966204430267
1971-08-17,3.644005527361811
1971-08-18,3.7731180307271246
1971-08-19,3.8345015119391133
1971-08-20,3.8570353873100562
1971-08-23,3.782889879734971
1971-08-24,3.7972920446170786
1971-08-25,3.9440174405366415
1971-08-26,3.851675912767245
1971-08-27,3.8460919905880764
1971-08-30,4.077919185254309
1971-08-31,4.173230961973047
1971-09-01,4.094149336779244
1971-09-02,4.177864402095764
1971-09-03,3.963767246150338
1971-09-06,3.952610751912832
1971-09-07,4.033564607794066
1971-09-08,4.083264786163572
1971-09-09,4.165226510702382
1971-09-10,4.280296795124619
1971-09-13,4.343900307777556
1971-09-14,4.403991960313848
1971-09-15,4.432001852992255
1971-09-16,4.273249179689608
1971-09-17,4.423167956709538
1971-09-20,4.414857378139991
1971-09-21,4.513386195440574
1971-09-22,4.653428321283954
1971-09-23,4.5712902681750816
1971-09-24,4.502942730029496
1971-09-27,4.45425370914108
1971-09-28,4.641265409585037
1971-09-29,4.502397696597847
1971-09-30,4.721219729394444
1971-10-01,4.7488265031427765
1971-10-04,4.787735717691057
1971-10-05,4.927735323084206
1971-10-06,4.937348349132011
1971-10-07,5.111173923696603
1971-10-08,5.019801667542659
1971-10-11,5.256045596889869
1971-10-12,5.174115252670855
1971-10-13,5.425221073188036
1971-10-14,5.344805662286601
1971-10-15,5.29000194694334
1971-10-18,5.111743582015558
1971-10-19,4.97876208089187
1971-10-20,4.969029176144919
1971-10-21,5.003825929247397
1971-10-22,5.165908796339077
1971-10-25,5.124816286522112
1971-10-26,4.932973104169774
1971-10-27,4.992101471576308
1971-10-28,5.015711632164716
1971-10-29,5.094246953028724
1971-11-01,4.983234531262437
1971-11-02,4.8921709380211
1971-11-03,4.786007676979816
1971-11-04,4.975187165862826
1971-11-05,5.211355703290422
1971-11-08,5.108913609600085
1971-11-09,5.011767637074892
1971-11-10,5.114055325426966
1971-11-11,5.3791618451841705
1971-11-12,5.704299714556517
1971-11-15,5.5833494575380875
1971-11-16,5.5062102137185205
1971-11-17,5.553142701989233
1971-11-18,5.6094254318875905
1971-11-19,5.570732825744279
1971-11-22,5.4193800944135
1971-11-23,5.408143506429754
1971-11-24,5.734719788633673
1971-11-25,5.630836620715574
1971-11-26,5.666879623179709
1971-11-29,6.156464358069433
1971-11-30,6.041418099105265
1971-12-01,6.172433870973266
1971-12-02,6.554766784143556
1971-12-03,6.675557355279217
1971-12-06,6.916310934909109
1971-12-07,7.096971742781839
1971-12-08,7.206613476343283
1971-12-09,7.533483544221882
1971-12-10,7.684967363351587
1971-12-13,7.629618978176157
1971-12-14,7.654148359845678
1971-12-15,7.735524631041802
1971-12-16,7.622224405011032
1971-12-17,7.658026129692152
1971-12-20,7.657044462014279
1971-12-21,7.809920566161172
1971-12-22,8.377375942713702
1971-12-23,8.431432319699304
1971-12-24,8.868413643905981
1971-12-27,9.031522143180128
1971-12-28,9.069495969622883
1971-12-29,8.918058428390282
1971-12-30,8.95800834930602
1971-12-31,8.979808483642822
1972-01-03,8.755956241586897
1972-01-04,8.57825339345531
1972-01-05,8.669926184744787
1972-01-06,9.115144358478904
1972-01-07,9.076899477800081
1972-01-10,8.633295359009303
1972-01-11,8.009945597645283
1972-01-12,7.72918984445361
1972-01-13,7.89983716107091
1972-01-14,7.557838991816495
1972-01-17,7.767271101362363
1972-01-18,7.9233615050803
1972-01-19,7.883583189508103
1972-01-20,7.481139325494341
1972-01-21,7.299315965135646
1972-01-24,7.22967582095683
1972-01-25,7.30334532829358
1972-01-26,6.994953189829278
1972-01-27,7.327639472718659
1972-01-28,7.3998134372249424
1972-01-31,7.500905480519366
1972-02-01,7.650279444311586
1972-02-02,7.98224673490587
1972-02-03,8.020439578325774
1972-02-04,8.19708376476763
1972-02-07,8.000512242767403
1972-02-08,8.478751299290149
1972-02-09,8.498951352002235
1972-02-10,8.293254159091596
1972-02-11,5.886499541622583
1972-02-14,5.846088666960485
1972-02-15,5.70754359665813
1972-02-16,5.8985369497631455
1972-02-17,5.681612632560488
1972-02-18,5.670979173479115
1972-02-21,5.558509588496584
1972-02-22,6.013964823584325
1972-02-23,6.002337002953936
1972-02-24,5.823271892507098
1972-02-25,5.824034921481793
1972-02-28,5.783028767167041
1972-02-29,5.637908945786227
1972-03-01,5.820016203902543
1972-03-02,5.935117672207483
1972-03-03,5.9827453033187155
1972-03-06,5.819315588177615
1972-03-07,6.173383062456147
1972-03-08,6.239486368657627
1972-03-09,6.112849599945463
1972-03-10,6.3302886460943
1972-03-13,6.346238326434656
1972-03-14,6.541244740083925
1972-03-15,6.620057390921883
1972-03-16,7.107963466017659
1972-03-17,6.858114303423624
1972-03-20,6.7288469183811515
1972-03-21,7.414760529449601
1972-03-22,7.379143987047072
1972-03-23,7.0965038299173475
1972-03-24,7.219795593347363
1972-03-27,7.474613472715727
1972-03-28,7.435105276116935
1972-03-29,6.977425626121559
1972-03-30,6.761542409256023
1972-03-31,6.4106281359874435
1972-04-03,6.842338557047286
1972-04-04,6.471765202474161
1972-04-05,6.341358055137959
1972-04-06,6.4462597157122525
1972-04-07,6.175143534450998
1972-04-10,6.250327487440374
1972-04-11,6.101898809206925
1972-04-12,6.160394699480018
1972-04-13,6.093522831267878
1972-04-14,6.054548022115886
1972-04-17,6.264495236114976
1972-04-18,6.020982859382972
1972-04-19,6.077942220089371
1972-04-20,6.235592460006235
1972-04-21,5.975331450284805
1972-04-24,5.667740722761446
1972-04-25,5.610713415019791
1972-04-26,5.228082808347219
1972-04-27,5.267646574926561
1972-04-28,5.377474063686063
1972-05-01,5.129589099996004
1972-05-02,5.2713974804567405
1972-05-03,5.484795529662109
1972-05-04,5.545715138705703
1972-05-05,5.784257669641132
1972-05-08,5.715471352766934
1972-05-09,5.605764422238371
1972-05-10,5.575622287846782
1972-05-11,5.381658978755538
1972-05-12,5.272371995323881
1972-05-15,5.269149576496187
1972-05-16,5.288730931009599
1972-05-17,5.3638527399701275
1972-05-18,4.997552950390199
1972-05-19,5.5052932282686875
1972-05-22,5.330968951164753
1972-05-23,5.441144410624586
1972-05-24,5.485959342339832
1972-05-25,5.363299999823926
1972-05-26,5.456459951729083
1972-05-29,5.287517407864658
1972-05-30,5.277208060395711
1972-05-31,5.635107156261299
1972-06-01,5.545861709512765
1972-06-02,5.552632951178457
1972-06-05,5.352095033680163
1972-06-06,5.4670452496082715
1972-06-07,5.323423836157033
1972-06-08,5.371082486860982
1972-06-09,5.5481071168788505
1972-06-12,5.496171802251023
1972-06-13,5.594557313634428
1972-06-14,5.655136005047621
1972-06-15,5.849027875670716
1972-06-16,5.954081852494547
1972-06-19,6.207450545171886
1972-06-20,6.146113328684618
1972-06-21,5.883451475228225
1972-06-22,5.56450576651552
1972-06-23,5.279375121237885
1972-06-26,5.2215980327471145
1972-06-27,5.246384315491301
1972-06-28,5.121132245368658
1972-06-29,4.748425152335613
1972-06-30,4.638628275525452
1972-07-03,4.566143633863548
1972-07-04,4.5602436042675265
1972-07-05,4.781501251875224
1972-07-06,4.4971629234557025
1972-07-07,4.597124594612026
1972-07-10,4.682818201912431
1972-07-11,4.640517491774756
1972-07-12,4.698226975839107
1972-07-13,4.665630821588907
1972-07-14,4.748926342376539
1972-07-17,4.61030384370653
1972-07-18,4.459123100353606
1972-07-19,4.1822974791513365
1972-07-20,4.235862583557674
1972-07-21,4.149834447879929
1972-07-24,3.9350585057067384
1972-07-25,3.8091389715434247
1972-07-26,3.878462718025344
1972-07-27,3.8980104157013673
1972-07-28,3.777357205733754
1972-07-31,3.9558226677567823
1972-08-01,3.9446113288676234
1972-08-02,4.005584209328934
1972-08-03,4.022669938834587
1972-08-04,3.9834131391440084
1972-08-07,4.035409737593409
1972-08-08,4.190843729393681
1972-08-09,4.147266858928229
1972-08-10,4.249614961368361
1972-08-11,4.149818926030134
1972-08-14,4.406413447328284
1972-08-15,4.28445929580522
1972-08-16,4.610405346278529
1972-08-17,4.42182623816569
1972-08-18,4.367650684655912
1972-08-21,4.431541635151466
1972-08-22,4.612868913883874
1972-08-23,4.865248991274577
1972-08-24,5.103031892139433
1972-08-25,4.8211133158332204
1972-08-28,4.8843358324970385
1972-08-29,4.756993572721584
1972-08-30,4.91028580779291
1972-08-31,5.089730639740045
1972-09-01,5.136793974765583
1972-09-04,5.042088722085488
1972-09-05,4.857039724899424
1972-09-06,4.740057108473218
1972-09-07,4.618789037541259
1972-09-08,4.6209022192577365
1972-09-11,4.778758163583042
1972-09-12,4.792554133673796
1972-09-13,4.606133184120538
1972-09-14,4.418375793373074
1972-09-15,4.5190012838379845
1972-09-18,4.817876076313233
1972-09-19,4.829762926888117
1972-09-20,4.718254044580331
1972-09-21,4.562348087041944
1972-09-22,4.655798800069816
1972-09-25,4.903927909850556
1972-09-26,4.850456478446592
1972-09-27,4.761617269235244
1972-09-28,4.540947195179337
1972-09-29,4.549150084412166
1972-10-02,4.665646767838017
1972-10-03,4.547916355324405
1972-10-04,4.579230134650654
1972-10-05,4.6535264434064425
1972-10-06,4.741245944411787
1972-10-09,4.572384915266089
1972-10-10,4.436427719849274
1972-10-11,4.446745125737584
1972-10-12,4.5499361060989365
1972-10-13,4.884612628045771
1972-10-16,4.700851719750829
1972-10-17,4.736986813123305
1972-10-18,4.733406125509749
1972-10-19,4.6616745501987475
1972-10-20,4.84254127829264
1972-10-23,4.93114266970291
1972-10-24,5.026380272540357
1972-10-25,4.827945673410752
1972-10-26,4.768124814834515
1972-10-27,4.772707402220027
1972-10-30,4.796357644612225
1972-10-31,5.20174988991156
1972-11-01,5.145555865386405
1972-11-02,4.727391602599482
1972-11-03,4.734126494542276
1972-11-06,4.8112567671842
1972-11-07,4.816345887562193
1972-11-08,4.372552349934614
1972-11-09,4.412951647206884
1972-11-10,4.490305624915726
1972-11-13,4.3004812251483235
1972-11-14,4.201087280256974
1972-11-15,4.190411769343073
1972-11-16,4.110809189391185
1972-11-17,4.053382382969758
1972-11-20,4.092704011770999
1972-11-21,4.006584929410801
1972-11-22,3.8061239791916868
1972-11-23,3.9221973277137954
1972-11-24,3.7872968755003513
1972-11-27,3.760144417539268
1972-11-28,3.6964542293612825
1972-11-29,3.5547092922647705
1972-11-30,4.305270420242946
1972-12-01,4.221452628348405
1972-12-04,3.8715225734109833
1972-12-05,3.800778711576976
1972-12-06,3.849554154552882
1972-12-07,3.846490823477827
1972-12-08,3.920094513804149
1972-12-11,4.077705234975952
1972-12-12,4.054655243009582
1972-12-13,3.99382976900215
1972-12-14,3.876766267251607
1972-12-15,3.7029638608875866
1972-12-18,3.509001345907235
1972-12-19,3.4315349819657883
1972-12-20,3.551927582962787
1972-12-21,3.6323548672540173
1972-12-22,3.5733550731873995
1972-12-25,3.838261489138886
1972-12-26,3.7607550345246383
1972-12-27,3.9259756540956436
1972-12-28,4.1336117758023505
1972-12-29,4.195440120781199
1973-01-01,4.10016881808826
1973-01-02,4.049040847452705
1973-01-03,4.0723686089230196
1973-01-04,3.8926138187554638
1973-01-05,3.767832491928361
1973-01-08,3.638179964076759
1973-01-09,3.7029648434511864
1973-01-10,3.8508968094342664
1973-01-11,3.942823005537987
1973-01-12,4.0740753062188775
1973-01-15,3.9713503812292945
1973-01-16,3.927639228879899
1973-01-17,3.8937763027770775
1973-01-18,3.951956164345385
1973-01-19,4.245154974645896
1973-01-22,4.153371260165458
1973-01-23,4.281473199417844
1973-01-24,4.5021814208321835
1973-01-25,4.576006807561802
1973-01-26,4.518003069061476
1973-01-29,4.39113271815768
1973-01-30,4.239023172685548
1973-01-31,3.969107563530228
1973-02-01,3.9386716416797123
1973-02-02,3.9013236521741432
1973-02-05,4.013168455821623
1973-02-06,3.9347351093140173
1973-02-07,3.911657606965539
1973-02-08,3.947281150805724
1973-02-09,4.010821940891198
1973-02-12,4.108402214146396
1973-02-13,4.131448967051062
1973-02-14,3.9555741381290774
1973-02-15,4.007063647163272
1973-02-16,3.919862002737958
1973-02-19,4.083116698173943
1973-02-20,4.084343831022593
1973-02-21,4.115460760421686
1973-02-22,4.485010165522612
1973-02-23,4.59591256820469
1973-02-26,4.65146939058614
1973-02-27,3.7748906314326196
1973-02-28,3.8792403705984646
1973-03-01,3.7605177251672273
1973-03-02,3.9239348363362123
1973-03-05,3.867953951010788
1973-03-06,3.960368407714064
1973-03-07,4.153852998110887
1973-03-08,5.6011319551796594
1973-03-09,5.451319136862116
1973-03-12,5.564473619324398
1973-03-13,5.39728997712142
1973-03-14,5.314294331211157
1973-03-15,5.622764190090129
1973-03-16,5.54280439070507
1973-03-19,5.282347830957799
1973-03-20,3.841591505391215
1973-03-21,4.004979909895152
1973-03-22,4.0276656687778996
1973-03-23,3.9159172347137563
1973-03-26,3.931132281971625
1973-03-27,3.841061344151575
1973-03-28,4.053719988574828
1973-03-29,4.182924018696561
1973-03-30,4.180045092778833
1973-04-02,4.364304985570527
1973-04-03,4.52665112629653
1973-04-04,4.4273643126824345
1973-04-05,4.035438798160298
1973-04-06,4.142646405220826
1973-04-09,4.026476927154901
1973-04-10,4.006916199846129
1973-04-11,4.030777769337965
1973-04-12,4.107175706967941
1973-04-13,4.058063253006985
1973-04-16,4.091873831104389
1973-04-17,4.256316663179222
1973-04-18,3.98910698753616
1973-04-19,3.8051268738419375
1973-04-20,3.658584912390795
1973-04-23,3.594344629838158
1973-04-24,3.687078674743282
1973-04-25,3.815006111181564
1973-04-26,3.7893630209327025
1973-04-27,3.764297664512919
1973-04-30,3.9412682668526102
1973-05-01,3.9669568915566606
1973-05-02,3.916041736158184
1973-05-03,4.033593599336056
1973-05-04,4.137617716077395
1973-05-07,4.190488238962725
1973-05-08,4.10954772864293
1973-05-09,3.976749723029093
1973-05-10,3.8592390180080547
1973-05-11,3.7519226897371603
1973-05-14,3.63780973044458
1973-05-15,3.574176823513052
1973-05-16,3.572018728375585
1973-05-17,3.5836067816044985
1973-05-18,3.4509875023752006
1973-05-21,3.4791881956147264
1973-05-22,3.489000850190565
1973-05-23,3.47601669406785
1973-05-24,3.406696673516684
1973-05-25,3.283206857136077
1973-05-28,3.3457374150577777
1973-05-29,3.354619893311139
1973-05-30,3.3935714437463904
1973-05-31,3.3456954221947828
1973-06-01,3.286005338953806
1973-06-04,3.399058335155676
1973-06-05,3.7132799572710513
1973-06-06,3.6762176280146344
1973-06-07,3.694142450836561
1973-06-08,3.6832616319554585
1973-06-11,3.5825149704201755
1973-06-12,3.5290531679456354
1973-06-13,3.77226987889405
1973-06-14,3.683351407051423
1973-06-15,3.6916532521288343
1973-06-18,3.6124047633035885
1973-06-19,3.604771074947919
1973-06-20,3.520324123180659
1973-06-21,3.4607721077519202
1973-06-22,3.2982326484392503
1973-06-25,3.3087321623545285
1973-06-26,3.269408907778884
1973-06-27,3.325553524341477
1973-06-28,3.318839836349678
1973-06-29,3.2387430015131637
1973-07-02,3.135890593571875
1973-07-03,3.135719483028851
1973-07-04,3.2755181192010987
1973-07-05,3.214407314553392
1973-07-06,3.025000165278209
1973-07-09,3.0458275873122016
1973-07-10,3.1690086395805257
1973-07-11,3.2263442739248243
1973-07-12,3.09852365559186
1973-07-13,3.111125424853232
1973-07-16,3.198938726922745
1973-07-17,3.154078511488837
1973-07-18,3.0976936571562343
1973-07-19,3.0455401043440458
1973-07-20,3.0259788707363056
1973-07-23,2.911874704779948
1973-07-24,2.931258847756429
1973-07-25,2.9556092270567342
1973-07-26,2.9824707676127113
1973-07-27,2.978685572938553
1973-07-30,2.8639982035058367
1973-07-31,2.840692296481771
1973-08-01,3.015968764869954
1973-08-02,3.039103610480412
1973-08-03,2.9594423819606726
1973-08-06,3.019381901450866
1973-08-07,3.206883042948038
1973-08-08,3.244723234705867
1973-08-09,3.2271281530787617
1973-08-10,3.3704151119253676
1973-08-13,3.31501808287987
1973-08-14,3.4261838715206703
1973-08-15,3.3622772078960335
1973-08-16,3.31667184679447
1973-08-17,3.4019051363694324
1973-08-20,3.5468091286870784
1973-08-21,3.5342590774886578
1973-08-22,3.680612771050602
1973-08-23,3.725689318109658
1973-08-24,3.6283897057298145
1973-08-27,3.579654034946929
1973-08-28,3.642016717344962
1973-08-29,3.8116386942852363
1973-08-30,3.940950927658708
1973-08-31,4.076561113098904
1973-09-03,3.900546679396809
1973-09-04,3.994173012103902
1973-09-05,4.082231370461366
1973-09-06,4.117703062229679
1973-09-07,4.2058406396361105
1973-09-10,3.972450227432205
1973-09-11,3.681810946717194
1973-09-12,3.7121370540724636
1973-09-13,3.703528289534447
1973-09-14,3.6755665487240727
1973-09-17,3.7266825889513306
1973-09-18,3.7501850143643676
1973-09-19,3.7889853967454803
1973-09-20,3.9014897733140645
1973-09-21,3.832619012343038
1973-09-24,3.8750022499471752
1973-09-25,3.791633308513457
1973-09-26,3.5605857854247582
1973-09-27,3.525260102629303
1973-09-28,3.64998032444842
1973-10-01,3.5460918613859196
1973-10-02,3.596458259541861
1973-10-03,3.7049228754197125
1973-10-04,3.795594026145502
1973-10-05,3.713649011704033
1973-10-08,3.6234540854542563
1973-10-09,3.627195163058712
1973-10-10,3.6586658070047027
1973-10-11,3.7368170619377676
1973-10-12,3.8179148089105164
1973-10-15,4.173256720752584
1973-10-16,4.380688196542621
1973-10-17,4.327399022856536
1973-10-18,4.638382216790568
1973-10-19,4.46707780539572
1973-10-22,4.316543660815853
1973-10-23,4.427961487466164
1973-10-24,4.3878879604858065
1973-10-25,4.04909176413115
1973-10-26,4.251318955607717
1973-10-29,4.336382645223583
1973-10-30,4.3189332170291035
1973-10-31,4.290341477836171
1973-11-01,4.256925833397338
1973-11-02,3.9724223196339423
1973-11-05,3.854807628773583
1973-11-06,4.705327902900367
1973-11-07,4.612741085783373
1973-11-08,4.331393791855414
1973-11-09,4.345692531200913
1973-11-12,4.37424911439567
1973-11-13,4.264029453801895
1973-11-14,4.416995514978206
1973-11-15,4.417630658670883
1973-11-16,4.312467556272299
1973-11-19,4.098897824854479
1973-11-20,4.133715495997477
1973-11-21,4.202344402826057
1973-11-22,4.133540761055661
1973-11-23,4.1519546691592
1973-11-26,4.378418591254228
1973-11-27,4.508338364539023
1973-11-28,4.194832542128289
1973-11-29,4.093937812242408
1973-11-30,4.074452624219218
1973-12-03,4.083225382549758
1973-12-04,4.10449537852226
1973-12-05,4.163453209142712
1973-12-06,4.147995249962812
1973-12-07,4.148776611080815
1973-12-10,4.280341161521192
1973-12-11,4.3191919772649765
1973-12-12,4.334582553902786
1973-12-13,4.094857953318164
1973-12-14,4.0063412107404455
1973-12-17,3.7525353929828045
1973-12-18,3.8440617189471507
1973-12-19,3.9035556160832696
1973-12-20,4.013476821688324
1973-12-21,3.8881660120809554
1973-12-24,3.748195527491218
1973-12-25,3.81362344150225
1973-12-26,3.8749872597754043
1973-12-27,3.646673492847192
1973-12-28,3.5630370218070078
1973-12-31,3.7552189620643484
1974-01-01,3.85280438174104
1974-01-02,3.8194271562993896
1974-01-03,3.667432523784874
1974-01-04,3.5511452172310896
1974-01-07,3.5003314281721316
1974-01-08,3.3395670515070806
1974-01-09,3.476890023710326
1974-01-10,3.6072032780581655
1974-01-11,3.4676269220706235
1974-01-14,3.692165749670684
1974-01-15,3.635190759262347
1974-01-16,3.6352273013080194
1974-01-17,3.5776252875836825
1974-01-18,3.4490035427314867
1974-01-21,3.407577272255044
1974-01-22,3.2092867555016755
1974-01-23,3.1719178819258445
1974-01-24,3.1624114208171643
1974-01-25,3.1868978852283223
1974-01-28,3.028301918777051
1974-01-29,2.8830016538283147
1974-01-30,2.9014594120519237
1974-01-31,2.79070079272488
1974-02-01,2.7714563056979515
1974-02-04,2.887881915753649
1974-02-05,2.770190125426872
1974-02-06,2.6927385286043584
1974-02-07,2.781310574721269
1974-02-08,2.6187108352161172
1974-02-11,2.6021834224936247
1974-02-12,2.813353505672489
1974-02-13,2.8417326927741233
1974-02-14,2.9288545073911387
1974-02-15,2.8863608170636628
1974-02-18,2.7674121301072674
1974-02-19,2.6317617573103074
1974-02-20,2.654171695822552
1974-02-21,2.6789469112736817
1974-02-22,2.8423303712383903
1974-02-25,2.809287982055584
1974-02-26,2.836528110900651
1974-02-27,2.8257341683072204
1974-02-28,2.718706095024325
1974-03-01,2.7429840970060244
1974-03-04,2.841063659791099
1974-03-05,2.9030198431088237
1974-03-06,2.834717864942618
1974-03-07,3.103334280722577
1974-03-08,3.076105684071798
1974-03-11,3.201065317815934
1974-03-12,3.1657099428052344
1974-03-13,3.291040869207226
1974-03-14,3.268858232418903
1974-03-15,3.2543405127339557
1974-03-18,3.3648119661910854
1974-03-19,3.590734146371307
1974-03-20,3.5615318544886296
1974-03-21,3.5129044598822072
1974-03-22,3.426455288851866
1974-03-25,3.325992179472364
1974-03-26,3.0114384778864323
1974-03-27,3.0989877278121076
1974-03-28,3.1749987082770916
1974-03-29,3.2302232760398417
1974-04-01,3.317465306465588
1974-04-02,3.4016664778456374
1974-04-03,3.441472792712096
1974-04-04,3.5657736128839623
1974-04-05,3.5460394970862787
1974-04-08,3.4589595314439556
1974-04-09,3.368865622733218
1974-04-10,3.334517881624431
1974-04-11,3.131258922310971
1974-04-12,3.1539231039055817
1974-04-15,3.224108084695625
1974-04-16,3.3263165696750985
1974-04-17,3.1533914090798913
1974-04-18,3.074858904590125
1974-04-19,3.161268169221441
1974-04-22,3.141323015418776
1974-04-23,3.20871304753189
1974-04-24,3.0795638149102396
1974-04-25,3.2224495136534848
1974-04-26,3.085583593410614
1974-04-29,2.7915820655098122
1974-04-30,2.80968782948906
1974-05-01,2.830299483985698
1974-05-02,2.785379895755762
1974-05-03,2.8308271882168485
1974-05-06,2.8797055306273736
1974-05-07,2.918348109543231
1974-05-08,2.870201891411452
1974-05-09,2.8055819954353143
1974-05-10,2.7686661317204346
1974-05-13,3.3873868413792065
1974-05-14,3.317562079466995
1974-05-15,3.3192951593660363
1974-05-16,3.2260241573121666
1974-05-17,3.349138891345803
1974-05-20,3.431158952393798
1974-05-21,3.375781896144693
1974-05-22,3.357856115709478
1974-05-23,3.464873148176329
1974-05-24,3.4570756501708035
1974-05-27,3.69201081196953
1974-05-28,3.7558453761498285
1974-05-29,3.65450066066751
1974-05-30,3.5279712823626883
1974-05-31,3.6537978691308575
1974-06-03,3.6003576725922377
1974-06-04,3.6165578566600476
1974-06-05,3.2912974696501247
1974-06-06,3.2932348082956517
1974-06-07,3.143213294591851
1974-06-10,2.999118243476871
1974-06-11,3.125379804290032
1974-06-12,3.0927349172533805
1974-06-13,3.0553667098554076
1974-06-14,3.2770776770636045
1974-06-17,3.3846039558800753
1974-06-18,3.5694984425481304
1974-06-19,3.723348715592141
1974-06-20,3.8240427182607677
1974-06-21,4.024694255161514
1974-06-24,3.9227096430218573
1974-06-25,3.8086677015341484
1974-06-26,3.6331411992831937
1974-06-27,3.4281011634820504
1974-06-28,3.4414921052158722
1974-07-01,3.2712794292569205
1974-07-02,3.150504290258547
1974-07-03,3.1281321814877536
1974-07-04,2.8660100598529246
1974-07-05,2.8595282241579913
1974-07-08,2.8618426521625757
1974-07-09,3.061168529776555
1974-07-10,3.083775377239565
1974-07-11,3.0966590692956535
1974-07-12,3.260480398332081
1974-07-15,3.2349909916568476
1974-07-16,3.2559143323555713
1974-07-17,3.363897292337135
1974-07-18,3.2819294800387717
1974-07-19,3.3916012899532206
1974-07-22,3.2426229969926323
1974-07-23,3.315805362674688
1974-07-24,3.391247036339329
1974-07-25,3.346844688680839
1974-07-26,3.3269162132972094
1974-07-29,3.5168579203673067
1974-07-30,3.5039456760306624
1974-07-31,3.56666173764296
1974-08-01,3.5723036596050473
1974-08-02,3.4941197536265163
1974-08-05,3.4251086362757333
1974-08-06,3.469957971251266
1974-08-07,3.6364015249035515
1974-08-08,3.482344579374685
1974-08-09,3.6694241900497984
1974-08-12,3.7473583445564445
1974-08-13,3.7171367424432007
1974-08-14,3.7572946893930967
1974-08-15,3.8345439893508786
1974-08-16,3.6972831991257555
1974-08-19,3.677438395068248
1974-08-20,3.6771835761492646
1974-08-21,3.483144129368052
1974-08-22,3.5815629336808086
1974-08-23,3.508339021869416
1974-08-26,3.442917130906093
1974-08-27,3.4332184388088605
1974-08-28,3.4844698348417267
1974-08-29,3.5273755544207246
1974-08-30,3.532603975425081
1974-09-02,3.571344927716418
1974-09-03,3.486865365572084
1974-09-04,3.5047911272848067
1974-09-05,3.5688974179037913
1974-09-06,3.5001969884377204
1974-09-09,3.502962861961336
1974-09-10,3.569811010593144
1974-09-11,3.559276366381752
1974-09-12,3.414843866679534
1974-09-13,3.5763203969817634
1974-09-16,3.718166047648135
1974-09-17,3.716572355121889
1974-09-18,4.483942002546513
1974-09-19,4.450503100047121
1974-09-20,4.266983218989855
1974-09-23,4.3513700772252255
1974-09-24,4.2816776210670096
1974-09-25,4.3174901052999735
1974-09-26,4.626940210068477
1974-09-27,4.586116990993447
1974-09-30,4.697880970376934
1974-10-01,4.666476930933038
1974-10-02,4.563827736241732
1974-10-03,4.765571357122772
1974-10-04,4.475892275927636
1974-10-07,4.625471980682147
1974-10-08,4.3296510374635195
1974-10-09,4.457596060643147
1974-10-10,4.457112924465212
1974-10-11,4.31559418805269
1974-10-14,4.255441117354085
1974-10-15,4.351430111766686
1974-10-16,4.644184150023268
1974-10-17,4.406128293358716
1974-10-18,4.274149808083349
1974-10-21,4.08737293258971
1974-10-22,4.060121605969886
1974-10-23,4.184678121464701
1974-10-24,3.9859483981541817
1974-10-25,3.9829237761764955
1974-10-28,4.100533248368345
1974-10-29,4.041950376503923
1974-10-30,3.705602258917023
1974-10-31,3.7293825260497586
1974-11-01,3.884770534326085
1974-11-04,3.747857104076824
1974-11-05,3.5320441915026732
1974-11-06,3.569334468707669
1974-11-07,3.373893955870009
1974-11-08,3.452057973119665
1974-11-11,3.170625630690486
1974-11-12,3.0948366382372674
1974-11-13,2.9918803952656154
1974-11-14,3.1160150005067684
1974-11-15,3.202546295554547
1974-11-18,3.0917759586655493
1974-11-19,2.9715963010752877
1974-11-20,2.927196327650799
1974-11-21,2.8196006331630348
1974-11-22,2.9606741837834853
1974-11-25,2.7969404738082626
1974-11-26,2.9705217635131134
1974-11-27,3.009263817360883
1974-11-28,3.0672593692601913
1974-11-29,3.0785274117881163
1974-12-02,2.920790239728905
1974-12-03,2.9995377317386738
1974-12-04,3.0035028422284196
1974-12-05,2.910230713323744
1974-12-06,3.0175421897727945
1974-12-09,3.119616723825232
1974-12-10,3.234790468704898
1974-12-11,3.335829489086964
1974-12-12,3.276974346622869
1974-12-13,3.336402152850443
1974-12-16,3.4557524094546355
1974-12-17,3.5648057791619556
1974-12-18,3.2921904744724464
1974-12-19,3.2841015881189244
1974-12-20,3.2073989591829593
1974-12-23,3.3652908920587503
1974-12-24,3.358500924557405
1974-12-25,3.409572824336331
1974-12-26,3.4313735315493674
1974-12-27,3.5849148085121736
1974-12-30,3.8076556914281805
1974-12-31,3.811697240064433
1975-01-01,3.8416385002453155
1975-01-02,4.021580823102574
1975-01-03,3.8736415963668795
1975-01-06,3.7444673649046343
1975-01-07,3.663718704065791
1975-01-08,3.7581799988422784
1975-01-09,3.7659949084383495
1975-01-10,3.6859179397214623
1975-01-13,3.8413710690968568
1975-01-14,3.6518136693603074
1975-01-15,3.5689951012001115
1975-01-16,3.550593991175818
1975-01-17,3.7705390182866543
1975-01-20,3.6881915782810046
1975-01-21,3.7543130825815134
1975-01-22,3.734337123411486
1975-01-23,3.5893463333537357
1975-01-24,3.6514581956608483
1975-01-27,3.6152882067099035
1975-01-28,3.5518624939500234
1975-01-29,3.398139050123141
1975-01-30,3.406769066453792
1975-01-31,3.582263429533885
1975-02-03,3.5095221878736655
1975-02-04,3.3823434388016937
1975-02-05,3.200685918971138
1975-02-06,3.020459932448398
1975-02-07,3.008243852424528
1975-02-10,3.0176353775675437
1975-02-11,3.058198650616577
1975-02-12,3.0502748434114872
1975-02-13,3.069699334331592
1975-02-14,3.2268966124357763
1975-02-17,3.3636639116952978
1975-02-18,3.4992058865507873
1975-02-19,3.6186766166664937
1975-02-20,3.69773397471701
1975-02-21,3.513032735564541
1975-02-24,3.4876845035419852
1975-02-25,3.5195823526494996
1975-02-26,3.4195857110763863
1975-02-27,3.6174895931964057
1975-02-28,3.577817204048313
1975-03-03,3.389519015560565
1975-03-04,3.3463034646502243
1975-03-05,3.3933419027373053
1975-03-06,3.297193221355783
1975-03-07,3.281874195235139
1975-03-10,3.111560087557041
1975-03-11,3.0669498451205777
1975-03-12,3.0690803573819703
1975-03-13,3.0607637315528575
1975-03-14,3.14451328732153
1975-03-17,3.0448547569908784
1975-03-18,3.0819637646721607
1975-03-19,3.141153457850213
1975-03-20,3.069479694881214
1975-03-21,2.982502176540758
1975-03-24,3.1569872888447654
1975-03-25,3.1259510536979187
1975-03-26,3.169002297898693
1975-03-27,3.217326343804203
1975-03-28,3.071329560044345
1975-03-31,3.0930104092438597
1975-04-01,3.109380018916287
1975-04-02,3.2917689917749127
1975-04-03,3.3087206763264807
1975-04-04,3.394090240048402
1975-04-07,3.4865615480618453
1975-04-08,3.455170319680517
1975-04-09,3.7096035885146175
1975-04-10,3.617493956423875
1975-04-11,3.4279638243526915
1975-04-14,3.2036933818168207
1975-04-15,3.1533800152505815
1975-04-16,2.9733330279198795
1975-04-17,2.9066025913027373
1975-04-18,2.907804179250264
1975-04-21,2.9330611689780337
1975-04-22,2.8973977299608267
1975-04-23,2.8316862204340407
1975-04-24,2.7866750626345853
1975-04-25,2.8383886987455904
1975-04-28,2.7430135330172445
1975-04-29,2.681533163361896
1975-04-30,2.7122756633969165
1975-05-01,2.7223971636380235
1975-05-02,2.577435690818153
1975-05-05,2.6702025330639896
1975-05-06,2.630300099859218
1975-05-07,2.533314319571999
1975-05-08,2.422498359081803
1975-05-09,2.5113280217073575
1975-05-12,2.340340825361632
1975-05-13,2.374726268506187
1975-05-14,2.4441512475445215
1975-05-15,2.4142536878983445
1975-05-16,2.546909815742296
1975-05-19,2.4660430680780143
1975-05-20,2.5117627004700114
1975-05-21,2.522572321278575
1975-05-22,2.674567216002304
1975-05-23,2.6508981202669175
1975-05-26,2.6898240247228125
1975-05-27,2.7004578554074126
1975-05-28,2.5679856670255967
1975-05-29,2.5569013703367807
1975-05-30,2.50838190001552
1975-06-02,2.5192210921142792
1975-06-03,2.5581800203215184
1975-06-04,2.6761874873444955
1975-06-05,2.4779377985185915
1975-06-06,2.479457213615835
1975-06-09,2.3763191159110653
1975-06-10,2.421689542308581
1975-06-11,2.608611209580831
1975-06-12,2.580961299817448
1975-06-13,2.515465091708505
1975-06-16,2.4776746508443317
1975-06-17,2.375619014700702
1975-06-18,2.1744351820902135
1975-06-19,2.195151974655187
1975-06-20,2.1936684662818466
1975-06-23,2.1404372534074296
1975-06-24,2.4645511265869473
1975-06-25,2.489146262053464
1975-06-26,2.6404237477267043
1975-06-27,2.637009639096658
1975-06-30,2.747683117448985
1975-07-01,2.63091378937671
1975-07-02,2.614485200229141
1975-07-03,2.547175789194595
1975-07-04,2.5431872027006444
1975-07-07,2.5409593391435044
1975-07-08,2.547255622860767
1975-07-09,2.6214796369803546
1975-07-10,2.434146262396616
1975-07-11,2.387100123826907
1975-07-14,2.405529674962298
1975-07-15,2.261663150587654
1975-07-16,2.310503021517584
1975-07-17,2.2647564488778644
1975-07-18,2.252672989032805
1975-07-21,2.3226350434087895
1975-07-22,2.795163165029157
1975-07-23,2.6924715597778905
1975-07-24,2.7177649872456255
1975-07-25,2.8590091351818225
1975-07-28,2.995682237799889
1975-07-29,3.0378824665147737
1975-07-30,2.9251447398333044
1975-07-31,2.931491618734479
1975-08-01,2.8629037429811866
1975-08-04,2.9145304989338428
1975-08-05,2.9499990387332597
1975-08-06,2.972171835592179
1975-08-07,3.0513048968021383
1975-08-08,3.0834988381034063
1975-08-11,3.0745378913410684
1975-08-12,2.9532132566917877
1975-08-13,2.892739887315728
1975-08-14,2.7982933567483164
1975-08-15,2.879500104076078
1975-08-18,2.865396991625138
1975-08-19,2.8875121774301604
1975-08-20,2.8427312626665864
1975-08-21,2.9502782315808895
1975-08-22,3.0100849497910795
1975-08-25,3.0205549927072233
1975-08-26,3.0158629669744546
1975-08-27,2.9356831230251554
1975-08-28,2.877585143900742
1975-08-29,2.7361916183450923
1975-09-01,2.7940380237301894
1975-09-02,2.86198022922607
1975-09-03,2.936004646312989
1975-09-04,2.845596788439413
1975-09-05,2.9854362064837647
1975-09-08,2.953294340960973
1975-09-09,3.002642075660379
1975-09-10,2.8825465067663565
1975-09-11,2.9971180372362616
1975-09-12,3.065297883884662
1975-09-15,3.0362043629104623
1975-09-16,2.9898272014023437
1975-09-17,3.055205230731768
1975-09-18,3.1759232471452297
1975-09-19,3.0917974477895336
1975-09-22,3.082290118289966
1975-09-23,3.031627041734876
1975-09-24,3.1570567921030412
1975-09-25,3.095358817513694
1975-09-26,2.974734569098084
1975-09-29,3.0445880819317255
1975-09-30,3.18319996422305
1975-10-01,3.2507897399141243
1975-10-02,3.368730531968056
1975-10-03,3.6024357776061717
1975-10-06,3.8027546513014805
1975-10-07,4.0299159998730945
1975-10-08,4.272134392459828
1975-10-09,4.200781522004189
1975-10-10,4.298121523956225
1975-10-13,4.318703098086403
1975-10-14,4.1106669106081455
1975-10-15,4.128253822777606
1975-10-16,4.282661435826187
1975-10-17,4.359326463459865
1975-10-20,4.347422156531051
1975-10-21,4.251871576889733
1975-10-22,4.329338723973475
1975-10-23,4.304084796513509
1975-10-24,4.463877334465932
1975-10-27,4.623839320083371
1975-10-28,4.683244157389646
1975-10-29,4.523860184037756
1975-10-30,4.461764225374266
1975-10-31,4.7370159064293995
1975-11-03,4.81663781583554
1975-11-04,5.030609294681192
1975-11-05,4.865440596773153
1975-11-06,5.382202937886528
1975-11-07,5.089484039964469
1975-11-10,5.176985824092335
1975-11-11,4.882115834801304
1975-11-12,5.062078585161464
1975-11-13,4.92399907159628
1975-11-14,4.895857532861093
1975-11-17,4.946318245629697
1975-11-18,5.075350879167716
1975-11-19,5.04311108613915
1975-11-20,5.074509503242434
1975-11-21,5.119076699135209
1975-11-24,5.12739141359149
1975-11-25,5.092017963087353
1975-11-26,5.006453736321934
1975-11-27,5.0596963026484
1975-11-28,5.107520528793054
1975-12-01,4.991458252777902
1975-12-02,4.958068773303081
1975-12-03,4.677498118220695
1975-12-04,4.638609700197465
1975-12-05,4.380729161953444
1975-12-08,4.311542928203899
1975-12-09,4.16647557197594
1975-12-10,4.0606454056863175
1975-12-11,4.247901919256854
1975-12-12,4.088276341443382
1975-12-15,4.035432237386481
1975-12-16,4.078626042914247
1975-12-17,3.8253461123007524
1975-12-18,3.8052759755260315
1975-12-19,3.8342603210940984
1975-12-22,3.7002118368720582
1975-12-23,3.528266061744226
1975-12-24,3.6206234332263088
1975-12-25,3.4002480902863232
1975-12-26,3.3559359238430524
1975-12-29,3.226287425192037
1975-12-30,2.9870270026550525
1975-12-31,3.1019011778697756
1976-01-01,3.1733993857739637
1976-01-02,3.3053851859654473
1976-01-05,3.3205028997200894
1976-01-06,3.192450487140138
1976-01-07,3.1402144565558583
1976-01-08,2.8122508429886377
1976-01-09,2.6792591799734837
1976-01-12,2.6562358405954445
1976-01-13,2.752171436756697
1976-01-14,2.7086510151155125
1976-01-15,2.741011096330752
1976-01-16,2.7660562009782086
1976-01-19,2.6541186684347484
1976-01-20,2.5487706890613735
1976-01-21,2.6067333128752197
1976-01-22,2.531866057644576
1976-01-23,2.567329861413174
1976-01-26,2.4923189381212687
1976-01-27,2.4352529938092693
1976-01-28,2.4677768959928077
1976-01-29,2.4536717789646656
1976-01-30,2.4268111625579634
1976-02-02,2.349342747880218
1976-02-03,2.3600894116680404
1976-02-04,2.2963786091822933
1976-02-05,2.3381399392685833
1976-02-06,2.2650412226163588
1976-02-09,2.2398150229408342
1976-02-10,2.4638663141374235
1976-02-11,2.496285487742644
1976-02-12,2.44542701082471
1976-02-13,2.4844946469449565
1976-02-16,2.483404921749517
1976-02-17,2.4109244598891637
1976-02-18,2.3386144254345265
1976-02-19,2.288951066906655
1976-02-20,2.126571699170082
1976-02-23,1.983732655953645
1976-02-24,1.8126150329827568
1976-02-25,1.784966185531208
1976-02-26,1.7562459070406702
1976-02-27,1.8415008191554025
1976-03-01,1.8523732431684712
1976-03-02,1.727865123624756
1976-03-03,1.759608407461679
1976-03-04,2.00728524049382
1976-03-05,1.8749529295302862
1976-03-08,1.9877954045674353
1976-03-09,1.9868607951446635
1976-03-10,1.9611042142855222
1976-03-11,1.9263940577314198
1976-03-12,1.9497449636883633
1976-03-15,1.9250566226336592
1976-03-16,1.8561924010457749
1976-03-17,1.8256313085474587
1976-03-18,1.8497378519273509
1976-03-19,1.8945822139064357
1976-03-22,2.016847474212292
1976-03-23,2.025476560103957
1976-03-24,2.1166813504020467
1976-03-25,2.104962921334875
1976-03-26,2.1024264139418527
1976-03-29,2.0962715653150017
1976-03-30,2.113248384242819
1976-03-31,2.177140952744761
1976-04-01,2.1462898968531112
1976-04-02,2.085675399331898
1976-04-05,2.1549480662950025
1976-04-06,2.2205224254002704
1976-04-07,2.3337449550918565
1976-04-08,2.289039933821569
1976-04-09,2.2733759457132314
1976-04-12,2.3516972018178617
1976-04-13,2.3171697751017866
1976-04-14,2.3687262664053805
1976-04-15,2.3554077558584834
1976-04-16,2.382563934499333
1976-04-19,2.2950051393086044
1976-04-20,2.3032418046697485
1976-04-21,2.0869751891207993
1976-04-22,2.1743176275597698
1976-04-23,2.2331129784283688
1976-04-26,2.165576885619605
1976-04-27,2.2969737910758488
1976-04-28,2.3870575902324473
1976-04-29,2.3024886469992007
1976-04-30,2.26407669666159
1976-05-03,2.1877079425894372
1976-05-04,2.2153515452229815
1976-05-05,2.1755705983686187
1976-05-06,2.043445860155252
1976-05-07,2.0408038290882082
1976-05-10,2.1056033221237622
1976-05-11,2.1149689075111815
1976-05-12,2.155467850626693
1976-05-13,2.171727188789764
1976-05-14,2.2271329059002003
1976-05-17,2.2504212935080194
1976-05-18,2.2430434993845227
1976-05-19,2.251807768988524
1976-05-20,2.3699981984090006
1976-05-21,2.4195355278750803
1976-05-24,2.3457493166911805
1976-05-25,2.3534603535335017
1976-05-26,2.3813983012199307
1976-05-27,2.3707566966467777
1976-05-28,2.226722339947093
1976-05-31,2.1657509344856085
1976-06-01,2.138059589998562
1976-06-02,2.2784396319100355
1976-06-03,2.317295847369615
1976-06-04,2.2028280266545615
1976-06-07,2.1978218606199067
1976-06-08,2.2986936399062428
1976-06-09,2.2562555002516125
1976-06-10,2.3372657163631976
1976-06-11,2.2238371801394337
1976-06-14,2.025837470072152
1976-06-15,2.110345541265004
1976-06-16,2.0800447294776085
1976-06-17,1.9566586845579044
1976-06-18,1.9336455380427249
1976-06-21,1.9480496479525955
1976-06-22,1.9794735498748741
1976-06-23,1.8243684002543992
1976-06-24,1.7870831252643704
1976-06-25,1.792836882814388
1976-06-28,1.8219192348147069
1976-06-29,1.766731085610562
1976-06-30,1.7568932437458886
1976-07-01,1.725221987793215
1976-07-02,1.7404244540563933
1976-07-05,1.8111008628116583
1976-07-06,1.7931880977185388
1976-07-07,1.7154665465976937
1976-07-08,1.6777597867990282
1976-07-09,1.7797370348783335
1976-07-12,1.731992703879355
1976-07-13,1.6663955601655698
1976-07-14,1.646936410771336
1976-07-15,1.6441683412250159
1976-07-16,1.617815058320652
1976-07-19,1.5406903767863351
1976-07-20,1.559656525140916
1976-07-21,1.5737740222424836
1976-07-22,1.6128382111613677
1976-07-23,1.6260881992046479
1976-07-26,1.7191374084208024
1976-07-27,1.7663262913796465
1976-07-28,1.8013732446208763
1976-07-29,1.8769777312437503
1976-07-30,1.887930910465538
1976-08-02,1.878462864180726
1976-08-03,1.9000974414589595
1976-08-04,1.782886520612984
1976-08-05,1.7936683783262293
1976-08-06,1.7902826959506872
1976-08-09,1.817682187117976
1976-08-10,1.8839734090679894
1976-08-11,1.9230529689014837
1976-08-12,1.8805105997299816
1976-08-13,1.936946029726845
1976-08-16,2.0482618292970503
1976-08-17,2.124489878175124
1976-08-18,2.037022472399198
1976-08-19,2.078180194086084
1976-08-20,2.0014206684899154
1976-08-23,1.984725769466156
1976-08-24,2.0126347467715195
1976-08-25,2.031579287385256
1976-08-26,2.1056886902805307
1976-08-27,2.226766393339901
1976-08-30,2.265234892111443
1976-08-31,2.2402009755153713
1976-09-01,2.1042299055959024
1976-09-02,2.2004509504564465
1976-09-03,2.1957759701574417
1976-09-06,2.1948833567273804
1976-09-07,2.1997496814941697
1976-09-08,2.2342263150395385
1976-09-09,2.271469948480034
1976-09-10,2.253108716919631
1976-09-13,2.2474788022982564
1976-09-14,2.204678181034561
1976-09-15,2.1552607619788477
1976-09-16,2.106728809083924
1976-09-17,2.1009409298311925
1976-09-20,2.0411929775991338
1976-09-21,1.8551587755896757
1976-09-22,1.8343702114919893
1976-09-23,1.7626254021410392
1976-09-24,1.7713134931256236
1976-09-27,1.738200278673116
1976-09-28,1.7670362629924088
1976-09-29,1.702743838052557
1976-09-30,1.6086713918139006
1976-10-01,1.6058708968439868
1976-10-04,1.586167493807457
1976-10-05,1.520545137874277
1976-10-06,1.5627137614602216
1976-10-07,1.5138583193711659
1976-10-08,1.4788419459940865
1976-10-11,1.5300328683508007
1976-10-12,1.5589037085980366
1976-10-13,1.5050946182648053
1976-10-14,1.4910337301014822
1976-10-15,1.4352503165386696
1976-10-18,1.4810015729079062
1976-10-19,1.5280770650075686
1976-10-20,1.6263675076593005
1976-10-21,1.756944533903938
1976-10-22,1.7234904565746392
1976-10-25,1.7671210348409383
1976-10-26,1.6621019354662838
1976-10-27,1.6747008745446965
1976-10-28,1.7008892213597717
1976-10-29,1.650165994448369
1976-11-01,1.6157608029388588
1976-11-02,1.6672400921174413
1976-11-03,1.694777533841629
1976-11-04,1.7937140861840475
1976-11-05,1.8891535737991683
1976-11-08,1.7900611525183066
1976-11-09,1.7613540844111129
1976-11-10,1.7031648915351083
1976-11-11,1.7489220243638468
1976-11-12,1.7677770309440413
1976-11-15,1.7129019927101858
1976-11-16,1.6676283419665507
1976-11-17,1.7407247724523913
1976-11-18,1.718977106653923
1976-11-19,1.6092658498564198
1976-11-22,1.5553134243213325
1976-11-23,1.65980030284149
1976-11-24,1.7186898759418618
1976-11-25,1.650726270169779
1976-11-26,1.6632362564366465
1976-11-29,1.718267985265819
1976-11-30,1.627801879477374
1976-12-01,1.6884957897743482
1976-12-02,1.7157752830809991
1976-12-03,1.6767398880674094
1976-12-06,1.7130425233065552
1976-12-07,1.732411690546567
1976-12-08,1.7560068302078344
1976-12-09,1.5356508564983822
1976-12-10,1.5020922691204865
1976-12-13,1.5663358239555902
1976-12-14,1.6617643466119412
1976-12-15,1.7297495493782424
1976-12-16,1.661842006345731
1976-12-17,1.6226803143213682
1976-12-20,1.6406057111056334
1976-12-21,1.7454355551775484
1976-12-22,1.695324123266029
1976-12-23,1.7758066007644575
1976-12-24,1.8485279455379788
1976-12-27,1.8589977880329445
1976-12-28,1.8086724259474916
1976-12-29,1.81270788738549
1976-12-30,1.7232040587133621
1976-12-31,1.8138438460363426
1977-01-03,1.778596034602756
1977-01-04,1.7638913813833317
1977-01-05,1.851356971462148
1977-01-06,1.706549602390458
1977-01-07,1.7828880469563217
1977-01-10,1.8052908210194678
1977-01-11,1.9110180528859575
1977-01-12,1.854013531408187
1977-01-13,1.8771953816504026
1977-01-14,1.8217238222398198
1977-01-17,1.8918637733968175
1977-01-18,1.9619825419959187
1977-01-19,2.082395446856882
1977-01-20,2.0843485044206966
1977-01-21,2.235998583893503
1977-01-24,2.1636327720248087
1977-01-25,2.1616442985434183
1977-01-26,2.094083299078493
1977-01-27,2.1097443563678935
1977-01-28,2.0492233138875147
1977-01-31,2.1278349224504005
1977-02-01,2.1636391546880684
1977-02-02,2.0883777759371425
1977-02-03,2.1491124975265836
1977-02-04,2.267650007691346
1977-02-07,2.313097796393931
1977-02-08,2.2121392359890097
1977-02-09,2.2030406654138366
1977-02-10,2.257199158908678
1977-02-11,2.240838566644849
1977-02-14,2.1674707423180712
1977-02-15,2.2598112906659265
1977-02-16,2.240321265127774
1977-02-17,2.3637503205316057
1977-02-18,2.3249333888460746
1977-02-21,2.300427279783532
1977-02-22,2.2571879831374946
1977-02-23,2.246569386206362
1977-02-24,2.2828328197764116
1977-02-25,2.211431265164398
1977-02-28,2.130081711102319
1977-03-01,2.015806827896773
1977-03-02,1.9011343059116186
1977-03-03,1.8195006498540576
1977-03-04,1.7901776234537519
1977-03-07,1.8030334576500553
1977-03-08,1.829439297720036
1977-03-09,1.8396419749760793
1977-03-10,1.9327791021625662
1977-03-11,2.0545988334301017
1977-03-14,2.037578170706348
1977-03-15,1.975294612136926
1977-03-16,2.1248078726150688
1977-03-17,2.2125183351317044
1977-03-18,2.297194423200555
1977-03-21,2.256259128187189
1977-03-22,2.323589182751322
1977-03-23,2.3360449038805164
1977-03-24,2.3319833390257574
1977-03-25,2.3278061026017403
1977-03-28,2.3689401274077566
1977-03-29,2.4907663504114357
1977-03-30,2.687527905230328
1977-03-31,2.652825042465605
1977-04-01,2.671336444436084
1977-04-04,2.6637714195635946
1977-04-05,2.7038485368783642
1977-04-06,2.4867915031575323
1977-04-07,2.4699430800725137
1977-04-08,2.6452985104092552
1977-04-11,2.5878658935556444
1977-04-12,2.5547561440081585
1977-04-13,2.509847891236553
1977-04-14,2.4990516967647034
1977-04-15,2.395422059006845
1977-04-18,2.355022724414321
1977-04-19,2.390242350817371
1977-04-20,2.4253009439011306
1977-04-21,2.447300937357988
1977-04-22,2.564066745920156
1977-04-25,2.6054875476534867
1977-04-26,2.7259865279339404
1977-04-27,2.940892195527203
1977-04-28,3.0297954643988874
1977-04-29,2.9034491615046196
1977-05-02,2.932634450919015
1977-05-03,2.9471634499563173
1977-05-04,3.107619644781247
1977-05-05,3.0965739442135938
1977-05-06,3.015333312504663
1977-05-09,2.968478300941335
1977-05-10,2.847942018307336
1977-05-11,2.5847190188362483
1977-05-12,2.7685320067305432
1977-05-13,2.771302694324388
1977-05-16,2.66652356723573
1977-05-17,2.8222875415787896
1977-05-18,3.0068725325981815
1977-05-19,3.025062137915803
1977-05-20,2.8942642046036404
1977-05-23,2.8517121635990113
1977-05-24,2.831971085201011
1977-05-25,2.8378262148323548
1977-05-26,2.7404910249147925
1977-05-27,2.8320753974238504
1977-05-30,3.3402189226145422
1977-05-31,3.497610758322424
1977-06-01,3.203586563311311
1977-06-02,3.169615006880916
1977-06-03,3.1815859096094026
1977-06-06,3.235970194516749
1977-06-07,3.08976755462804
1977-06-08,3.0326810451663557
1977-06-09,3.096450491963346
1977-06-10,3.2057793977534357
1977-06-13,3.111878293208819
1977-06-14,2.9795850776374646
1977-06-15,3.0304424899897757
1977-06-16,2.9961674745277835
1977-06-17,2.8485867094991972
1977-06-20,2.6928671914655435
1977-06-21,2.6410979615927337
1977-06-22,2.7386523014590343
1977-06-23,2.8512379712252853
1977-06-24,2.8790691762376563
1977-06-27,2.8952410821121273
1977-06-28,2.8610518590776546
1977-06-29,2.659383947545182
1977-06-30,2.7599732994491855
1977-07-01,2.797808621964254
1977-07-04,2.7228423134861015
1977-07-05,2.850586522943374
1977-07-06,2.7429196250820866
1977-07-07,2.850146103398782
1977-07-08,2.691618413807404
1977-07-11,2.932721905682145
1977-07-12,2.8040896704846703
1977-07-13,2.9195817178278727
1977-07-14,2.8604531744098156
1977-07-15,2.9203715442749654
1977-07-18,3.0989230722018135
1977-07-19,3.0725147316978223
1977-07-20,3.33260341835232
1977-07-21,3.5390455952384934
1977-07-22,3.3695309362572945
1977-07-25,3.369269925327586
1977-07-26,3.343798437134379
1977-07-27,3.350917801113685
1977-07-28,3.3110492472701307
1977-07-29,3.2145255514207403
1977-08-01,3.2081701583198057
1977-08-02,3.2707664070148272
1977-08-03,3.0091869580941917
1977-08-04,3.1048724592136403
1977-08-05,3.1244416142235862
1977-08-08,3.29090065910505
1977-08-09,3.2433817732269308
1977-08-10,3.182505319922273
1977-08-11,3.1003791447254216
1977-08-12,3.1551255485875784
1977-08-15,2.968924312286268
1977-08-16,2.89895747480567
1977-08-17,2.9191051219354134
1977-08-18,2.778984564196131
1977-08-19,2.7887109714247704
1977-08-22,2.9163835408843997
1977-08-23,3.0340321582495267
1977-08-24,3.0238108673883297
1977-08-25,3.1264879729052213
1977-08-26,3.1771134308386437
1977-08-29,3.1984917803438013
1977-08-30,3.268517860022774
1977-08-31,3.229382312750854
1977-09-01,3.2000562271230653
1977-09-02,3.248613147010235
1977-09-05,3.2488077219253366
1977-09-06,3.375548142572847
1977-09-07,3.4654168713093925
1977-09-08,3.556783228980389
1977-09-09,3.62305578422274
1977-09-12,3.645089926037417
1977-09-13,3.737622185485718
1977-09-14,3.869953295911059
1977-09-15,3.9181938615564627
1977-09-16,3.8115027612177133
1977-09-19,3.8132940955970374
1977-09-20,3.6317039724511693
1977-09-21,3.7900757717218214
1977-09-22,3.886498403290991
1977-09-23,3.7792474453293745
1977-09-26,3.6990453162547148
1977-09-27,3.866777452186299
1977-09-28,3.777701914997175
1977-09-29,3.592231091413158
1977-09-30,3.456295431169459
1977-10-03,3.422693117131034
1977-10-04,3.371292650331584
1977-10-05,3.32923461989686
1977-10-06,3.4095167537340507
1977-10-07,3.345987438044151
1977-10-10,3.3933331196627763
1977-10-11,3.267748042066101
1977-10-12,3.404126815368989
1977-10-13,3.2877212330995693
1977-10-14,3.290998238846697
1977-10-17,3.277029359531391
1977-10-18,3.31443753714409
1977-10-19,3.405639061653124
1977-10-20,3.3576233110250437
1977-10-21,3.4532087133230185
1977-10-24,3.5875558746107648
1977-10-25,3.562842724671228
1977-10-26,3.782662400449558
1977-10-27,3.8245149609718325
1977-10-28,3.7812673941110324
1977-10-31,3.7917720074554935
1977-11-01,4.02521454127325
1977-11-02,4.074641055120293
1977-11-03,4.124438842253783
1977-11-04,4.187967525786022
1977-11-07,4.318425051147541
1977-11-08,4.368309442386608
1977-11-09,4.455039449900078
1977-11-10,4.4632182148251855
1977-11-11,4.488443093073191
1977-11-14,4.636723457544632
1977-11-15,4.522709860470474
1977-11-16,4.523533227053184
1977-11-17,4.481273493146395
1977-11-18,4.279639247626869
1977-11-21,4.103094483947658
1977-11-22,4.1034634359972575
1977-11-23,4.2470239424033105
1977-11-24,4.275361005350038
1977-11-25,4.194235465102256
1977-11-28,4.391744899631353
1977-11-29,4.333990276209418
1977-11-30,4.190841663371102
1977-12-01,4.451021197744858
1977-12-02,4.460918931345693
1977-12-05,4.709655260623322
1977-12-06,4.705962462477441
1977-12-07,4.706000178127125
1977-12-08,4.255038419864522
1977-12-09,4.153193548982558
1977-12-12,4.223866893716707
1977-12-13,4.267213541442798
1977-12-14,4.288977101957859
1977-12-15,3.9877800292691545
1977-12-16,4.010051452071207
1977-12-19,3.9313129827568827
1977-12-20,3.973210743279744
1977-12-21,4.140576630746895
1977-12-22,4.0776208431662475
1977-12-23,4.090004042396026
1977-12-26,4.375241449752955
1977-12-27,4.413327249449116
1977-12-28,4.407583268199953
1977-12-29,4.287755677955553
1977-12-30,4.4043970536188555
1978-01-02,5.539524118541388
1978-01-03,5.278739252043123
1978-01-04,5.184061245437243
1978-01-05,4.999661573648862
1978-01-06,4.866247801921888
1978-01-09,4.900721764974409
1978-01-10,4.68597871893131
1978-01-11,4.828080509868184
1978-01-12,4.776445116544718
1978-01-13,4.6598622696830825
1978-01-16,4.608728147519694
1978-01-17,4.446946769316402
1978-01-18,4.290842670788927
1978-01-19,4.234210195079845
1978-01-20,4.272949401447195
1978-01-23,4.340179348962462
1978-01-24,4.271003142700004
1978-01-25,4.240209116604489
1978-01-26,4.269297909814351
1978-01-27,4.495581320832506
1978-01-30,4.50314107106786
1978-01-31,4.405884279992982
1978-02-01,4.275034365641545
1978-02-02,4.407350660010892
1978-02-03,4.08997296779979
1978-02-06,4.019309144462459
1978-02-07,3.8997407710971888
1978-02-08,4.002214970730247
1978-02-09,4.177352375870647
1978-02-10,4.144977490301712
1978-02-13,4.04227725996423
1978-02-14,4.022753363508716
1978-02-15,4.076660856137884
1978-02-16,4.151150840921876
1978-02-17,4.130881772823471
1978-02-20,4.313416804447965
1978-02-21,4.2309697238152895
1978-02-22,4.175854037059385
1978-02-23,4.128337040245103
1978-02-24,4.1649859128186275
1978-02-27,4.284017299839812
1978-02-28,4.10781561238793
1978-03-01,3.95773902428872
1978-03-02,3.9956816828187547
1978-03-03,3.8529365241431326
1978-03-06,3.8164048521854372
1978-03-07,3.7728826675778673
1978-03-08,3.9231500762356086
1978-03-09,4.146090891552574
1978-03-10,4.077732517640367
1978-03-13,4.1489786891821
1978-03-14,4.102234429356744
1978-03-15,4.21109774435833
1978-03-16,4.056779812731088
1978-03-17,4.2126621953554215
1978-03-20,4.127035125899401
1978-03-21,3.9400036605174056
1978-03-22,3.869166257815779
1978-03-23,3.2234870876966553
1978-03-24,3.218846158472493
1978-03-27,3.253423406208256
1978-03-28,3.437283464570794
1978-03-29,3.2819805456790525
1978-03-30,3.2993321586168567
1978-03-31,3.181315584665869
1978-04-03,3.029314257041491
1978-04-04,3.127031522830637
1978-04-05,3.1527833458696417
1978-04-06,2.996643161979964
1978-04-07,2.977814114652828
1978-04-10,2.801566649743686
1978-04-11,2.72089071000004
1978-04-12,2.5305270912318165
1978-04-13,2.5183371599311464
1978-04-14,2.5784203706507025
1978-04-17,2.630159893493243
1978-04-18,2.597288910689466
1978-04-19,2.6865015394760317
1978-04-20,2.8149864833358773
1978-04-21,2.8831956506214325
1978-04-24,2.8312606646338447
1978-04-25,2.8199875032326434
1978-04-26,2.9763675983799938
1978-04-27,2.945379061074055
1978-04-28,3.004010904688382
1978-05-01,2.9320108962157656
1978-05-02,3.032771197186474
1978-05-03,2.9494095065844257
1978-05-04,2.941586008245267
1978-05-05,2.9964072863708617
1978-05-08,3.1875689654310233
1978-05-09,3.2116925590183856
1978-05-10,3.0594130346440913
1978-05-11,3.137407688503575
1978-05-12,3.0164490952874585
1978-05-15,3.0649286466711074
1978-05-16,2.9929522218175175
1978-05-17,2.8142229334202566
1978-05-18,2.897166894261811
1978-05-19,2.9966557045731395
1978-05-22,2.9430852943314485
1978-05-23,3.05992685045709
1978-05-24,3.051602651865727
1978-05-25,3.0619964794822003
1978-05-26,3.047883578768784
1978-05-29,2.928531605990259
1978-05-30,2.9049245988169092
1978-05-31,2.7952112606301784
1978-06-01,2.8449718946599387
1978-06-02,2.9060747910339884
1978-06-05,2.731219002205517
1978-06-06,2.7862648797307714
1978-06-07,2.779515936098873
1978-06-08,2.6288085323155843
1978-06-09,2.647010721746496
1978-06-12,2.6161522724647646
1978-06-13,2.556870006362095
1978-06-14,2.462352976158511
1978-06-15,2.4923882309026486
1978-06-16,2.50023514482427
1978-06-19,2.512016697843118
1978-06-20,2.6083854681234615
1978-06-21,2.743719542998632
1978-06-22,2.563452233573096
1978-06-23,2.5953364759525397
1978-06-26,2.5520240031029653
1978-06-27,2.596751049279224
1978-06-28,2.533274970563713
1978-06-29,2.702699462132499
1978-06-30,2.7537633210792523
1978-07-03,2.7370713007637595
1978-07-04,2.8479122584029732
1978-07-05,2.7687061446197108
1978-07-06,2.825200370963741
1978-07-07,2.804423673673666
1978-07-10,2.7955328853946746
1978-07-11,2.9594292668061697
1978-07-12,3.204782018961299
1978-07-13,3.245436164498139
1978-07-14,3.1646707333080393
1978-07-17,3.1517125114917124
1978-07-18,3.078093946845846
1978-07-19,3.0168568927698254
1978-07-20,3.0293385878068833
1978-07-21,2.962833486880163
1978-07-24,3.08174401455645
1978-07-25,3.0605506423537525
1978-07-26,3.054876046131122
1978-07-27,2.999904304032306
1978-07-28,2.8799295760290695
1978-07-31,2.7753885270477983
1978-08-01,2.7965380321104476
1978-08-02,2.7673461927646166
1978-08-03,2.794302287353717
1978-08-04,2.891245546114529
1978-08-07,2.822926413745947
1978-08-08,3.0327491470277037
1978-08-09,2.9377887493786345
1978-08-10,2.827959898242075
1978-08-11,2.912187837133882
1978-08-14,2.910044433272209
1978-08-15,2.8373087420489953
1978-08-16,2.724607189648748
1978-08-17,2.641892105313947
1978-08-18,2.6461738251047
1978-08-21,2.770659172366133
1978-08-22,2.6253778385247935
1978-08-23,2.6374974120581167
1978-08-24,2.7016910337923488
1978-08-25,2.6582126220279427
1978-08-28,2.7884713590759502
1978-08-29,2.81276393378413
1978-08-30,2.8903708053989723
1978-08-31,2.965479536003152
1978-09-01,3.0793551281210134
1978-09-04,3.063199961567901
1978-09-05,3.233071247398682
1978-09-06,3.2233060539860094
1978-09-07,3.1973118246084105
1978-09-08,3.166930582771033
1978-09-11,3.129447732019913
1978-09-12,3.0922698803911635
1978-09-13,3.097849132119168
1978-09-14,3.106503882232572
1978-09-15,3.113701201411919
1978-09-18,3.0928868528079008
1978-09-19,3.172470346411223
1978-09-20,3.1904433651801996
1978-09-21,3.235272646173205
1978-09-22,3.139006162747182
1978-09-25,3.0148520229638964
1978-09-26,3.0812103170932557
1978-09-27,3.1658631056472877
1978-09-28,3.0647567927234474
1978-09-29,2.956356427457806
1978-10-02,3.0785578032820644
1978-10-03,3.0290341831039083
1978-10-04,2.9623345925140216
1978-10-05,2.857276253560663
1978-10-06,2.7570736186332536
1978-10-09,2.9590215475710355
1978-10-10,2.9454916154291984
1978-10-11,2.915027843576606
1978-10-12,2.805775058304678
1978-10-13,2.6542883181196095
1978-10-16,2.808302415815594
1978-10-17,2.904151516565515
1978-10-18,1.840586682534827
1978-10-19,1.9094807531656075
1978-10-20,1.9941101888802162
1978-10-23,1.9924709903871936
1978-10-24,2.0170520443025715
1978-10-25,2.061027439238268
1978-10-26,2.178397282310046
1978-10-27,2.0730020518386287
1978-10-30,1.9013766458309678
1978-10-31,1.8712581194384559
1978-11-01,1.8886501981849062
1978-11-02,1.896228077162609
1978-11-03,1.851867679973765
1978-11-06,1.8867707225568953
1978-11-07,1.859218704588319
1978-11-08,1.8621993636304959
1978-11-09,1.8943347449538452
1978-11-10,1.869426737789094
1978-11-13,1.9216080666343738
1978-11-14,1.9878092385028316
1978-11-15,1.9433769018026954
1978-11-16,1.914454362003535
1978-11-17,1.85606166546613
1978-11-20,1.8576784695338153
1978-11-21,1.8789273613032769
1978-11-22,1.997878504657462
1978-11-23,1.9772929840741358
1978-11-24,1.9977584059461235
1978-11-27,1.966281372154306
1978-11-28,1.9373207452884977
1978-11-29,1.9627343787103018
1978-11-30,1.9378279544984656
1978-12-01,2.1287978023874135
1978-12-04,2.1494553715063818
1978-12-05,2.0327010104079344
1978-12-06,2.221027271008987
1978-12-07,2.2003559921640226
1978-12-08,2.2565905174429957
1978-12-11,2.259181807503268
1978-12-12,2.3034820858288425
1978-12-13,2.182494011976814
1978-12-14,2.228664565415427
1978-12-15,2.17243627600556
1978-12-18,2.1851242486539437
1978-12-19,2.066587159254061
1978-12-20,2.0736644599505945
1978-12-21,2.064668898077483
1978-12-22,2.0963946957839372
1978-12-25,2.0761384785740558
1978-12-26,2.0798298315278045
1978-12-27,2.1586955647495483
1978-12-28,2.226400835968876
1978-12-29,2.3803318262191397
1979-01-01,2.5693758251169827
1979-01-02,2.7943685694891465
1979-01-03,2.7916026963729035
1979-01-04,2.8065783537889875
1979-01-05,2.993612892898982
1979-01-08,3.124995392054359
1979-01-09,3.0627236003290874
1979-01-10,2.9778643226020516
1979-01-11,2.7954402227309876
1979-01-12,2.829643207465784
1979-01-15,2.9619859585577673
1979-01-16,2.888892677707662
1979-01-17,2.8213334658270424
1979-01-18,2.5627438538711265
1979-01-19,2.614968894193016
1979-01-22,2.70973195713254
1979-01-23,2.7288242529602944
1979-01-24,2.6621339413512524
1979-01-25,2.6423978069014704
1979-01-26,2.610394613338417
1979-01-29,2.659501567648495
1979-01-30,2.5952228191666853
1979-01-31,2.491249497112878
1979-02-01,2.341237552335796
1979-02-02,2.2969511241192757
1979-02-05,2.3715419675516367
1979-02-06,2.30327622417948
1979-02-07,2.187627085883204
1979-02-08,2.102463023944621
1979-02-09,2.0352229968826445
1979-02-12,1.997954792590217
1979-02-13,1.9141662971744644
1979-02-14,1.785795158017255
1979-02-15,1.8349095084522615
1979-02-16,1.7705955341344903
1979-02-19,1.7883602050550895
1979-02-20,1.7546944390928525
1979-02-21,1.7095142610117664
1979-02-22,1.7511059522266816
1979-02-23,1.7452982061039077
1979-02-26,1.8189405429199603
1979-02-27,1.7872141390018044
1979-02-28,1.7241043705494217
1979-03-01,1.7046162165482899
1979-03-02,1.6687727691013405
1979-03-05,1.765223322291672
1979-03-06,1.7258054075256448
1979-03-07,1.745031436904339
1979-03-08,1.743409836736786
1979-03-09,1.680981648140205
1979-03-12,1.6341161758859957
1979-03-13,1.6419995697838765
1979-03-14,1.6501225122305714
1979-03-15,1.6308468502840943
1979-03-16,1.2090331884750884
1979-03-19,1.175194351270246
1979-03-20,1.1482115041508092
1979-03-21,1.1909722175630755
1979-03-22,1.2627426656162908
1979-03-23,1.2484397975079777
1979-03-26,1.279541547754088
1979-03-27,1.2338142994827233
1979-03-28,1.255861915357967
1979-03-29,1.2316378587512982
1979-03-30,1.152363673045532
1979-04-02,1.1427211394804133
1979-04-03,1.221743324401292
1979-04-04,1.2666132940457029
1979-04-05,1.267087310066171
1979-04-06,1.204563725509246
1979-04-09,1.128100567857545
1979-04-10,1.1323477556915758
1979-04-11,1.150148919263578
1979-04-12,1.1803485470477348
1979-04-13,1.2062823460294816
1979-04-16,1.2363723505237423
1979-04-17,1.2502764127364638
1979-04-18,1.3034893383052562
1979-04-19,1.2833532635619351
1979-04-20,1.2872058759262621
1979-04-23,1.2171634867280874
1979-04-24,1.197713842720008
1979-04-25,1.2404869477663636
1979-04-26,1.2699147567609286
1979-04-27,1.1760015854867087
1979-04-30,1.261172593472797
1979-05-01,1.2702540547934849
1979-05-02,1.280192709930996
1979-05-03,1.2570406055204797
1979-05-04,1.2427076771130374
1979-05-07,1.2512239589994205
1979-05-08,1.2783042343354376
1979-05-09,1.2946443428487266
1979-05-10,1.2743620314860555
1979-05-11,1.2392002511900886
1979-05-14,1.2025363692704858
1979-05-15,1.2490180380119766
1979-05-16,1.2912967468390382
1979-05-17,1.3148741242884812
1979-05-18,1.3650842803982826
1979-05-21,1.3618657578788063
1979-05-22,1.4032424172740336
1979-05-23,1.4311706833595705
1979-05-24,1.4759408191888312
1979-05-25,1.4272946025082107
1979-05-28,1.315896249589586
1979-05-29,1.3298857191778264
1979-05-30,1.2488087913908503
1979-05-31,1.2367822836049613
1979-06-01,1.151227443358291
1979-06-04,1.2028154999237293
1979-06-05,1.2437517961906643
1979-06-06,1.2608092071568602
1979-06-07,1.2283444396348364
1979-06-08,1.1601130002700724
1979-06-11,1.0795660674032606
1979-06-12,1.0623227222953815
1979-06-13,1.089666022312766
1979-06-14,1.0798355420605632
1979-06-15,1.100416483827144
1979-06-18,1.1232758978779427
1979-06-19,1.1514607823103233
1979-06-20,1.0820350778418113
1979-06-21,1.0574076518475637
1979-06-22,1.076912533725799
1979-06-25,1.134376796042445
1979-06-26,1.1810899079483712
1979-06-27,1.1952749159467457
1979-06-28,1.2492506112042276
1979-06-29,1.2637821180774222
1979-07-02,1.202652196222664
1979-07-03,1.231915499626065
1979-07-04,1.2840915477297163
1979-07-05,1.3680629924769008
1979-07-06,1.3443678644512174
1979-07-09,1.296077844171378
1979-07-10,1.3357305085394424
1979-07-11,1.3568852476802629
1979-07-12,1.3740122978601756
1979-07-13,1.436428026893421
1979-07-16,1.4798583926647566
1979-07-17,1.507805153939444
1979-07-18,1.4872590950206381
1979-07-19,1.5275848141098216
1979-07-20,1.4704729814085953
1979-07-23,1.4869457516264073
1979-07-24,1.4876868427246537
1979-07-25,1.4132310022111543
1979-07-26,1.4355943046280186
1979-07-27,1.4106910363317922
1979-07-30,1.4318166702041037
1979-07-31,1.3893562840020717
1979-08-01,1.4319776405858093
1979-08-02,1.5165975332538773
1979-08-03,1.4133905109556
1979-08-06,1.3607757038060966
1979-08-07,1.3205040980164484
1979-08-08,1.2648522563975029
1979-08-09,1.258342833456906
1979-08-10,1.276801153444185
1979-08-13,1.3089463655163251
1979-08-14,1.3230320317138777
1979-08-15,1.3547715370337352
1979-08-16,1.3540981200070525
1979-08-17,1.3302703743763138
1979-08-20,1.2919547934133462
1979-08-21,1.2867951943046263
1979-08-22,1.2507615254589473
1979-08-23,1.267815323373023
1979-08-24,1.2329632955340302
1979-08-27,1.2155827194965283
1979-08-28,1.26230130922117
1979-08-29,1.3153298207475452
1979-08-30,1.3688424325846373
1979-08-31,1.368880190276181
1979-09-03,1.3464671297151414
1979-09-04,1.3715525627777836
1979-09-05,1.3344955664949318
1979-09-06,1.3703358100571703
1979-09-07,1.3440243734950297
1979-09-10,1.3367312188537785
1979-09-11,1.3737116332487356
1979-09-12,1.295394638680437
1979-09-13,1.2723516905578165
1979-09-14,1.2905926194529462
1979-09-17,1.318399678781935
1979-09-18,1.3389979468298685
1979-09-19,1.3312024336338477
1979-09-20,1.3728927098454466
1979-09-21,1.331912319784852
1979-09-24,1.2905420603595628
1979-09-25,1.3085696380679834
1979-09-26,1.2652522551613066
1979-09-27,1.342209476217299
1979-09-28,1.3805041587291138
1979-10-01,1.3569913681478702
1979-10-02,1.3984894789735207
1979-10-03,1.3448940036456083
1979-10-04,1.4139292581724412
1979-10-05,1.4170380179889575
1979-10-08,1.3916381425890696
1979-10-09,1.3803027465171027
1979-10-10,1.3487638703493925
1979-10-11,1.3413165330198222
1979-10-12,1.292259859205935
1979-10-15,1.375430763572939
1979-10-16,1.352205067377886
1979-10-17,1.3926019008694024
1979-10-18,1.4047902920997437
1979-10-19,1.3619632614016706
1979-10-22,1.35591424728217
1979-10-23,1.4132815423445733
1979-10-24,1.3942750459577293
1979-10-25,1.3475166106907512
1979-10-26,1.3746704780577967
1979-10-29,1.2812943526106053
1979-10-30,1.2719826608680396
1979-10-31,1.3302993619642833
1979-11-01,1.3232356907747753
1979-11-02,1.3676265977953872
1979-11-05,1.3212732807743228
1979-11-06,1.312630194545047
1979-11-07,1.3001042368605742
1979-11-08,1.323910045687758
1979-11-09,1.3293648376353775
1979-11-12,1.2454065913263521
1979-11-13,1.3090949815453785
1979-11-14,1.331828082806898
1979-11-15,1.3206373065299852
1979-11-16,1.3126135151792777
1979-11-19,1.3154608634841172
1979-11-20,1.3929706990092516
1979-11-21,1.3764785449858503
1979-11-22,1.3182031780963186
1979-11-23,1.3389786242367476
1979-11-26,1.3278277515632362
1979-11-27,1.3844165195045464
1979-11-28,1.3596147225293402
1979-11-29,1.4531230610569723
1979-11-30,1.3864384822481604
1979-12-03,1.450885441595116
1979-12-04,1.5933105285038005
1979-12-05,1.5645348979281386
1979-12-06,1.6606154231759809
1979-12-07,1.6415050266931543
1979-12-10,1.6350760496936207
1979-12-11,1.5643576637152918
1979-12-12,1.5859616988283916
1979-12-13,1.581302883674716
1979-12-14,1.528133083746138
1979-12-17,1.5368787627557956
1979-12-18,1.4934263042213236
1979-12-19,1.6042795759830082
1979-12-20,1.5894740125428977
1979-12-21,1.531762157785167
1979-12-24,1.5628925246265875
1979-12-25,1.4347193576988977
1979-12-26,1.379405025188147
1979-12-27,1.4265120322506686
1979-12-28,1.3704744634285249
1979-12-31,1.4066983196873475
1980-01-01,1.4583083700102544
1980-01-02,1.5386176452132048
1980-01-03,1.482078157554564
1980-01-04,1.446117105123532
1980-01-07,1.4923827486206855
1980-01-08,1.5519786192125382
1980-01-09,1.5210594991854018
1980-01-10,1.4443728899408568
1980-01-11,1.126761970274656
1980-01-14,1.1654733393835386
1980-01-15,1.1885599631171873
1980-01-16,1.2113823670157455
1980-01-17,1.2662582072929125
1980-01-18,1.2275710689013073
1980-01-21,1.1723932438406703
1980-01-22,1.1976084078018985
1980-01-23,1.1949609092104407
1980-01-24,1.2360319864023144
1980-01-25,1.2369097244459595
1980-01-28,1.2145889442117344
1980-01-29,1.2412485411361447
1980-01-30,1.2470808915609268
1980-01-31,1.2479793694784915
1980-02-01,1.3536843695709768
1980-02-04,1.4105470146288148
1980-02-05,1.4473243067933308
1980-02-06,1.4551502914460892
1980-02-07,1.4588494398797294
1980-02-08,1.4466187761789273
1980-02-11,1.4592230830794863
1980-02-12,1.4381289126967496
1980-02-13,1.3847852324138954
1980-02-14,1.3849396023236242
1980-02-15,1.4008622793854013
1980-02-18,1.4486708035322642
1980-02-19,1.4134813940409359
1980-02-20,1.4175247451529855
1980-02-21,1.4446500400212754
1980-02-22,1.4711108115273357
1980-02-25,1.5541839150321362
1980-02-26,1.5419034481935174
1980-02-27,1.5003996065979208
1980-02-28,1.5077028184106551
1980-02-29,1.4983262867458793
1980-03-03,1.4805952329466145
1980-03-04,1.4569082358225676
1980-03-05,1.473705191209229
1980-03-06,1.4438621813990036
1980-03-07,1.481393130312159
1980-03-10,1.5173014304945984
1980-03-11,1.5392243617668975
1980-03-12,1.4915344710485179
1980-03-13,1.506385015555957
1980-03-14,1.5612744475163165
1980-03-17,1.6055894395459058
1980-03-18,1.6428032539313446
1980-03-19,1.6462046781600899
1980-03-20,1.6472184111756882
1980-03-21,1.7167711634013687
1980-03-24,1.7350753107234558
1980-03-25,1.754264218675273
1980-03-26,1.9248604649714047
1980-03-27,1.9075296406188302
1980-03-28,1.781590129523627
1980-03-31,1.773780122647587
1980-04-01,1.7692852784507567
1980-04-02,1.7871613541268123
1980-04-03,1.818536153628787
1980-04-04,1.7066050863480333
1980-04-07,1.7379289968328875
1980-04-08,1.7368954670613161
1980-04-09,1.724065439272646
1980-04-10,1.6372318898394795
1980-04-11,1.7191752640408893
1980-04-14,1.697653346992909
1980-04-15,1.7376061817844717
1980-04-16,1.6940430902556944
1980-04-17,1.7137587098605833
1980-04-18,1.7019928705513012
1980-04-21,1.740197323026567
1980-04-22,1.726374990126511
1980-04-23,1.6807845109082937
1980-04-24,1.6823153876559174
1980-04-25,1.6811315541295206
1980-04-28,1.696993038061973
1980-04-29,1.7522321969705539
1980-04-30,1.6943348922639325
1980-05-01,1.7463153582616104
1980-05-02,1.6810306075240833
1980-05-05,1.7165395706569269
1980-05-06,1.7545819685751884
1980-05-07,1.729724874492667
1980-05-08,1.6889074395536483
1980-05-09,1.6465265632287127
1980-05-12,1.6530170887729065
1980-05-13,1.6934796660229032
1980-05-14,1.687830947938464
1980-05-15,1.5721872129469494
1980-05-16,1.5471199930847226
1980-05-19,1.5208653821734595
1980-05-20,1.5477165052598851
1980-05-21,1.577691257183561
1980-05-22,1.5879013947520815
1980-05-23,1.6369374254805993
1980-05-26,1.6917654195327245
1980-05-27,1.6675161897395272
1980-05-28,1.6246484954662095
1980-05-29,1.6229061785833132
1980-05-30,1.5368169516701535
1980-06-02,1.5467444625631148
1980-06-03,1.522503731728779
1980-06-04,1.6889854354358653
1980-06-05,1.7694549387982055
1980-06-06,1.7362934692188605
1980-06-09,1.6809703990786058
1980-06-10,1.6456220462967899
1980-06-11,1.7017971626086408
1980-06-12,1.7612888645075215
1980-06-13,1.845893435573467
1980-06-16,1.7965041761098854
1980-06-17,1.827367054162865
1980-06-18,1.783277950608743
1980-06-19,1.8835743296023693
1980-06-20,1.834948765056711
1980-06-23,1.7642429709334813
1980-06-24,1.705155155758745
1980-06-25,1.7068999923153385
1980-06-26,1.7477164655900284
1980-06-27,1.7854391574458799
1980-06-30,1.7277113851394281
1980-07-01,1.7086836460554542
1980-07-02,1.68299868564291
1980-07-03,1.6219696913192223
1980-07-04,1.5966032665709409
1980-07-07,1.6709258802839857
1980-07-08,1.6040362412093951
1980-07-09,1.6177188567113487
1980-07-10,1.6944331882582024
1980-07-11,1.7711830488313285
1980-07-14,1.8741964068575798
1980-07-15,1.8954910783571601
1980-07-16,1.9260563473938979
1980-07-17,1.8963508982954975
1980-07-18,1.8188474369255239
1980-07-21,1.8124233104493916
1980-07-22,1.8819573531597735
1980-07-23,1.751870062760984
1980-07-24,1.7275576897503329
1980-07-25,1.7613494455062682
1980-07-28,1.7637978095801123
1980-07-29,1.8397022874192297
1980-07-30,1.9030149562550998
1980-07-31,1.8185995663145125
1980-08-01,1.8258363280752192
1980-08-04,1.7843692778336795
1980-08-05,1.7432528224319028
1980-08-06,1.6698446304635506
1980-08-07,1.6855645428605015
1980-08-08,1.7596146705861466
1980-08-11,1.7811112796668112
1980-08-12,1.7029391386473987
1980-08-13,1.702328018003348
1980-08-14,1.7333559070126365
1980-08-15,1.7285439074070434
1980-08-18,1.7486890085479305
1980-08-19,1.7132420555858179
1980-08-20,1.7021614100387914
1980-08-21,1.6878780101595565
1980-08-22,1.7737463660423283
1980-08-25,1.717500259945454
1980-08-26,1.6046801905064443
1980-08-27,1.6823314027045844
1980-08-28,1.6911425672093412
1980-08-29,1.6273967515977885
1980-09-01,1.6784798708734405
1980-09-02,1.7126306077746425
1980-09-03,1.8106802302315097
1980-09-04,1.824541038026
1980-09-05,1.9778160709458366
1980-09-08,1.9723617662684647
1980-09-09,2.0119680469986867
1980-09-10,2.0621705319738703
1980-09-11,2.2890072971464006
1980-09-12,2.2587266094565894
1980-09-15,2.2267119274972114
1980-09-16,2.2834311889951473
1980-09-17,2.1904777260993638
1980-09-18,2.1395148317054327
1980-09-19,2.1313845828123443
1980-09-22,2.632649388314903
1980-09-23,2.585757966880967
1980-09-24,2.5889631838290628
1980-09-25,2.593967421295857
1980-09-26,2.6382302192648326
1980-09-29,2.5982317399980754
1980-09-30,2.6159260261796087
1980-10-01,2.410941728314429
1980-10-02,2.28190650673956
1980-10-03,2.284711082509327
1980-10-06,2.1925900945224246
1980-10-07,2.2318179422639
1980-10-08,2.2196670812741677
1980-10-09,2.238707073655496
1980-10-10,2.3086039296968073
1980-10-13,2.2906626331485
1980-10-14,2.172784727194749
1980-10-15,2.112453358089453
1980-10-16,2.183094457151834
1980-10-17,2.2971819096146024
1980-10-20,2.259509684948554
1980-10-21,2.2601784757362484
1980-10-22,2.1305754776572026
1980-10-23,2.163113555288019
1980-10-24,2.225634203889334
1980-10-27,2.203478542584298
1980-10-28,2.2602328482426612
1980-10-29,2.333738037155619
1980-10-30,2.305394540050454
1980-10-31,2.165865686194499
1980-11-03,2.0795996069660396
1980-11-04,2.1028718414571346
1980-11-05,2.1050490316478125
1980-11-06,2.0766240903070705
1980-11-07,1.9693402074361637
1980-11-10,1.9214955540329246
1980-11-11,1.9813103962746024
1980-11-12,2.0877323350200543
1980-11-13,2.0956363915118468
1980-11-14,1.9802384110233686
1980-11-17,1.9969537545965652
1980-11-18,2.0047626657023496
1980-11-19,1.9787470361653017
1980-11-20,1.93302723203581
1980-11-21,1.933440694062994
1980-11-24,1.9762909322441213
1980-11-25,1.9602516357195336
1980-11-26,1.9300475289585157
1980-11-27,1.9255954443906695
1980-11-28,1.9478771803282402
1980-12-01,1.9584131126417743
1980-12-02,1.964266696140509
1980-12-03,1.922966412159398
1980-12-04,1.9707816680198273
1980-12-05,2.052458036417711
1980-12-08,2.0566831149738154
1980-12-09,2.114512414153824
1980-12-10,2.133867164661053
1980-12-11,2.0663361596956005
1980-12-12,2.1131182005987452
1980-12-15,2.1141879835006407
1980-12-16,2.169432965226794
1980-12-17,2.2859710489832437
1980-12-18,2.2631357008163704
1980-12-19,2.1954929557897636
1980-12-22,2.1503887921696263
1980-12-23,2.196367302439089
1980-12-24,2.2416043963860917
1980-12-25,2.2936420596213387
1980-12-26,2.2698178728756804
1980-12-29,2.282006081568667
1980-12-30,2.286832524440649
1980-12-31,2.4000964297831158
1981-01-01,2.3664764647295113
1981-01-02,2.324620215325373
1981-01-05,2.293710403298978
1981-01-06,2.3775374574465324
1981-01-07,2.4430646335934783
1981-01-08,2.3508998473909983
1981-01-09,2.258970188256994
1981-01-12,2.2924783002575935
1981-01-13,2.291221032819385
1981-01-14,2.163132380354306
1981-01-15,2.082661308564902
1981-01-16,2.0852687833910766
1981-01-19,2.618113359597739
1981-01-20,2.689440645691274
1981-01-21,2.7790369735173543
1981-01-22,2.710210381231556
1981-01-23,2.6116364762389925
1981-01-26,2.5771862738215714
1981-01-27,2.4946885931133513
1981-01-28,2.3905365554935054
1981-01-29,2.3940684879223566
1981-01-30,2.360415421967898
1981-02-02,2.301079715133554
1981-02-03,2.198584296342744
1981-02-04,2.219102479128291
1981-02-05,2.1755282488870384
1981-02-06,2.1609711357989134
1981-02-09,2.2687296325209787
1981-02-10,2.3035828630889768
1981-02-11,2.3532698831909435
1981-02-12,2.3756545964710414
1981-02-13,2.3650273287701147
1981-02-16,2.2360561918765582
1981-02-17,2.3311536494654352
1981-02-18,2.389640245365087
1981-02-19,2.3961067151893656
1981-02-20,2.33682558745258
1981-02-23,2.4023354615900123
1981-02-24,2.3374450909860554
1981-02-25,2.389561067202423
1981-02-26,2.345980581025699
1981-02-27,2.3738971082876277
1981-03-02,2.482049315055379
1981-03-03,2.497536904775175
1981-03-04,2.5434976592380205
1981-03-05,2.7047980325995726
1981-03-06,2.7419987806341863
1981-03-09,2.6650012823196394
1981-03-10,2.726789312026147
1981-03-11,2.7036004921382104
1981-03-12,2.850612271404575
1981-03-13,2.8223370887646944
1981-03-16,2.795264728290495
1981-03-17,2.844055277502757
1981-03-18,2.8743971054779327
1981-03-19,2.93909136449677
1981-03-20,2.9009537630280673
1981-03-23,2.981467200513297
1981-03-24,2.83466252597221
1981-03-25,2.7885695091145193
1981-03-26,2.846858440148993
1981-03-27,2.689133365796417
1981-03-30,2.7318306019429985
1981-03-31,2.7592759353601877
1981-04-01,2.7006215506743017
1981-04-02,2.743589165333467
1981-04-03,2.6900608616980297
1981-04-06,2.7576415901580833
1981-04-07,2.7919771319421387
1981-04-08,2.884243524501418
1981-04-09,3.094985913689031
1981-04-10,3.134266744515835
1981-04-13,3.252727592997145
1981-04-14,3.1369116646303508
1981-04-15,3.2014939862718235
1981-04-16,2.988071117807469
1981-04-17,3.056720289723082
1981-04-20,2.9495796203075217
1981-04-21,3.0320413509723476
1981-04-22,3.1584926950623364
1981-04-23,3.2222440033955464
1981-04-24,3.043039971982585
1981-04-27,3.004927966936899
1981-04-28,2.8247520388027003
1981-04-29,3.0211514462416607
1981-04-30,3.078714575367742
1981-05-01,3.1583985434758794
1981-05-04,3.057538825452493
1981-05-05,2.975765184211496
1981-05-06,2.9597089475752143
1981-05-07,3.057742984812219
1981-05-08,2.9833499501806897
1981-05-11,3.1791708868195454
1981-05-12,3.0313846162819
1981-05-13,3.0138786599468124
1981-05-14,3.1549866317794195
1981-05-15,3.0538381853532552
1981-05-18,3.00894287651024
1981-05-19,3.0271295729388425
1981-05-20,2.932191194321533
1981-05-21,2.78027929990087
1981-05-22,2.7176235367200103
1981-05-25,2.831687729481078
1981-05-26,2.815418815874487
1981-05-27,2.7238745236835693
1981-05-28,2.6380456774297487
1981-05-29,2.720446685135906
1981-06-01,2.661768132830791
1981-06-02,2.7017386990922123
1981-06-03,2.675601007239549
1981-06-04,2.7068771695427105
1981-06-05,2.791571170263793
1981-06-08,2.886854481346963
1981-06-09,2.8028224631891683
1981-06-10,2.789076918006847
1981-06-11,2.745317413669086
1981-06-12,2.8520424590432727
1981-06-15,2.7677728969877715
1981-06-16,2.806585372484859
1981-06-17,2.8408636547815544
1981-06-18,2.764593453668282
1981-06-19,2.6220897890536508
1981-06-22,2.5691669787328153
1981-06-23,2.5456546011426533
1981-06-24,2.5271442053103232
1981-06-25,2.5011855149739444
1981-06-26,2.556628324651012
1981-06-29,2.6272484694312825
1981-06-30,2.723782949912613
1981-07-01,2.660677741798557
1981-07-02,2.652050112772417
1981-07-03,2.783425854573965
1981-07-06,2.7699551795482282
1981-07-07,2.9469307112807392
1981-07-08,2.896774440747958
1981-07-09,2.9499204585028207
1981-07-10,3.018715408668323
1981-07-13,3.004202993097349
1981-07-14,2.965181766683684
1981-07-15,2.8661240734509374
1981-07-16,2.8333830139447977
1981-07-17,2.714571574598864
1981-07-20,2.8160124499489125
1981-07-21,2.682163889264763
1981-07-22,2.627859040646357
1981-07-23,2.6463573394195565
1981-07-24,2.653071347539697
1981-07-27,2.5836258278034205
1981-07-28,2.611322885209478
1981-07-29,2.506045628263239
1981-07-30,2.524875817944779
1981-07-31,2.466337819933932
1981-08-03,2.3608682010184143
1981-08-04,2.3403518064309807
1981-08-05,2.4113388040909163
1981-08-06,2.3519613863125994
1981-08-07,2.407674456563715
1981-08-10,2.404997749183659
1981-08-11,2.3295278194590794
1981-08-12,2.3007342460569205
1981-08-13,2.289433812939843
1981-08-14,2.1151832597760696
1981-08-17,2.0171304891307997
1981-08-18,1.9910957106215883
1981-08-19,1.9080360650002994
1981-08-20,1.9611839215705547
1981-08-21,1.9907654039450036
1981-08-24,2.0167737936751715
1981-08-25,1.972577066323509
1981-08-26,1.9130710888738316
1981-08-27,1.9289514171497844
1981-08-28,1.9808745160206815
1981-08-31,2.1190951504077815
1981-09-01,2.202878371268157
1981-09-02,2.3049076939714577
1981-09-03,2.3851212852171666
1981-09-04,2.374525422704796
1981-09-07,2.309168119564013
1981-09-08,2.1638528702678275
1981-09-09,2.1464801240614433
1981-09-10,2.2177865916068615
1981-09-11,2.177050510572844
1981-09-14,2.185149935082804
1981-09-15,2.144773245323486
1981-09-16,2.1763279294279463
1981-09-17,2.157107133065995
1981-09-18,1.5950492131920821
1981-09-21,1.5720320177853184
1981-09-22,1.6329426220814858
1981-09-23,1.6397923553795388
1981-09-24,1.6441436034511547
1981-09-25,1.6538382808696237
1981-09-28,1.6799043683868027
1981-09-29,1.6594145979226886
1981-09-30,1.719100690457724
1981-10-01,1.746205665365067
1981-10-02,1.6759444255707439
1981-10-05,1.5602990232948994
1981-10-06,1.6479469984551962
1981-10-07,1.65937712593423
1981-10-08,1.5871574815385014
1981-10-09,1.5642020412485877
1981-10-12,1.6110043272197005
1981-10-13,1.601240541732519
1981-10-14,1.596073445390428
1981-10-15,1.6326533313315283
1981-10-16,1.6491142618254298
1981-10-19,1.6793626549718401
1981-10-20,1.7170444382873058
1981-10-21,1.6772652392916039
1981-10-22,1.643084393983583
1981-10-23,1.599285368665289
1981-10-26,1.5694430412221005
1981-10-27,1.5624946572993736
1981-10-28,1.5591727488831022
1981-10-29,1.6313014685651732
1981-10-30,1.6451117117514371
1981-11-02,1.63869789779722
1981-11-03,1.7831760935406753
1981-11-04,1.7239084121136505
1981-11-05,1.70603937329488
1981-11-06,1.8069270533197015
1981-11-09,1.9123356190942562
1981-11-10,1.8913927257050336
1981-11-11,1.7913129081547452
1981-11-12,1.7644864209817768
1981-11-13,1.846423408862669
1981-11-16,1.838052327849103
1981-11-17,1.8797113581339646
1981-11-18,1.8779119168026688
1981-11-19,1.7916290758879145
1981-11-20,1.7921305798244198
1981-11-23,1.8411666490980472
1981-11-24,1.8055269047573188
1981-11-25,1.8531692488691809
1981-11-26,1.8573032969635435
1981-11-27,1.9026039727310906
1981-11-30,1.9221112528476607
1981-12-01,1.8614926410601857
1981-12-02,1.8425018145257606
1981-12-03,1.8218975819720562
1981-12-04,1.7840812527309426
1981-12-07,1.7978386663713293
1981-12-08,1.9173493616107593
1981-12-09,1.9858304991470739
1981-12-10,2.0665034404827556
1981-12-11,2.0193499544349844
1981-12-14,2.1026149112128043
1981-12-15,2.2150395417488746
1981-12-16,2.1620466944926955
1981-12-17,2.191611457912626
1981-12-18,2.160106013521705
1981-12-21,2.0607818533122826
1981-12-22,2.110380052939477
1981-12-23,2.146710342037157
1981-12-24,2.125525112147297
1981-12-25,2.115545809004213
1981-12-28,2.172239578255204
1981-12-29,2.187427763348477
1981-12-30,2.159359767748969
1981-12-31,2.1680445431565296
1982-01-01,2.0956756833757915
1982-01-04,2.0442262744769835
1982-01-05,2.044029932120712
1982-01-06,2.040286178029723
1982-01-07,2.0541284116531044
1982-01-08,2.052709573235038
1982-01-11,1.971151086765136
1982-01-12,2.0732371314860956
1982-01-13,2.1532733465368334
1982-01-14,2.1804718544607997
1982-01-15,2.1485297257964837
1982-01-18,2.219617185679851
1982-01-19,2.2832425501977376
1982-01-20,2.3884538293787223
1982-01-21,2.4366999141338384
1982-01-22,2.4125036785753085
1982-01-25,2.4579999263117016
1982-01-26,2.3068132728822834
1982-01-27,2.278271139431419
1982-01-28,2.418286037439925
1982-01-29,2.323617742897544
1982-02-01,2.198985660270708
1982-02-02,2.1793349483867974
1982-02-03,2.1613986763111113
1982-02-04,2.226944119489206
1982-02-05,2.247291614553276
1982-02-08,2.24817117555327
1982-02-09,2.1344296486133683
1982-02-10,2.1369572166014907
1982-02-11,2.087822591151363
1982-02-12,2.140761273438103
1982-02-15,2.1454138495648443
1982-02-16,1.9835656683637
1982-02-17,2.072156006381708
1982-02-18,1.8441314281891044
1982-02-19,1.7810243993072197
1982-02-22,1.7905580115495885
1982-02-23,1.7839529618634995
1982-02-24,1.816633450358062
1982-02-25,1.7843537098594968
1982-02-26,1.7433425961610602
1982-03-01,1.7334247981482913
1982-03-02,1.8197590300363489
1982-03-03,1.7518773410464916
1982-03-04,1.7559281756286784
1982-03-05,1.774941619530975
1982-03-08,1.7854783090889843
1982-03-09,1.7557439997604123
1982-03-10,1.7361611271530573
1982-03-11,1.7290980342188478
1982-03-12,1.7299278810099665
1982-03-15,1.6198414123805767
1982-03-16,1.652038741477566
1982-03-17,1.6750450320444867
1982-03-18,1.7254876574725562
1982-03-19,1.6273298559059834
1982-03-22,1.6442099647013748
1982-03-23,1.6392658178779904
1982-03-24,1.6494627278399239
1982-03-25,1.6399011118350915
1982-03-26,1.6633397880752026
1982-03-29,1.6313165374428025
1982-03-30,1.637634242638327
1982-03-31,1.5538769542278015
1982-04-01,1.5372628414164764
1982-04-02,1.5233774012157852
1982-04-05,1.4086399686888864
1982-04-06,1.4158613267967308
1982-04-07,1.4340970281772805
1982-04-08,1.418559342250086
1982-04-09,1.4552011745729097
1982-04-12,1.5216085452707555
1982-04-13,1.625983532031388
1982-04-14,1.5623363162203896
1982-04-15,1.592113712446079
1982-04-16,1.6006094397981145
1982-04-19,1.6000106274799775
1982-04-20,1.5374796853435497
1982-04-21,1.5385228190197495
1982-04-22,1.4290366464352622
1982-04-23,1.4215577407379563
1982-04-26,1.3477735688743282
1982-04-27,1.327451127139302
1982-04-28,1.3732998450755871
1982-04-29,1.3451934151399219
1982-04-30,1.2650278134751045
1982-05-03,1.2783853282384585
1982-05-04,1.2501768096538826
1982-05-05,1.3375452745913181
1982-05-06,1.2724249190817636
1982-05-07,1.4007026679749222
1982-05-10,1.3766156083944527
1982-05-11,1.3511111773065032
1982-05-12,1.291606734824823
1982-05-13,1.3098185979768382
1982-05-14,1.220442360523983
1982-05-17,1.2340735355846926
1982-05-18,1.2719150140918265
1982-05-19,1.2215629297633595
1982-05-20,1.2907730900664198
1982-05-21,1.2570229645208406
1982-05-24,1.2457838507127341
1982-05-25,1.179782155030615
1982-05-26,1.1755284762598723
1982-05-27,1.1954671539334631
1982-05-28,1.1489663828862688
1982-05-31,1.1578944852308473
1982-06-01,1.175053582128624
1982-06-02,1.2050346058630785
1982-06-03,1.2047919289153828
1982-06-04,1.2560064403498117
1982-06-07,1.205652934189124
1982-06-08,1.2213796066298868
1982-06-09,1.1925112796493798
1982-06-10,1.2053402172444345
1982-06-11,1.209946902803708
1982-06-14,1.1798085002216667
1982-06-15,1.1767291024716677
1982-06-16,1.1466424459385074
1982-06-17,1.2212886066238973
1982-06-18,1.2483247139266862
1982-06-21,1.3305583600557216
1982-06-22,1.2917756458365068
1982-06-23,1.2205744990828782
1982-06-24,1.2349235640179708
1982-06-25,1.250351547719344
1982-06-28,1.2808447462253658
1982-06-29,1.3123052942064906
1982-06-30,1.3944129995501233
1982-07-01,1.4279246437186492
1982-07-02,1.3787903254940503
1982-07-05,1.3160102029536551
1982-07-06,1.4027674349074783
1982-07-07,1.4024454219159108
1982-07-08,1.4673258240981972
1982-07-09,1.4269231997023202
1982-07-12,1.4594706400631277
1982-07-13,1.4188003573151589
1982-07-14,1.3096492092404348
1982-07-15,1.3601415587876913
1982-07-16,1.3068194673733884
1982-07-19,1.2508264714122324
1982-07-20,1.2458680737647725
1982-07-21,1.241777546566302
1982-07-22,1.2532721554216484
1982-07-23,1.2697878031993435
1982-07-26,1.234952924767569
1982-07-27,1.1827727896919047
1982-07-28,1.2345748632478024
1982-07-29,1.2696792116516313
1982-07-30,1.2196781946729127
1982-08-02,1.1569118219384356
1982-08-03,1.1422850837750775
1982-08-04,1.0930687097444405
1982-08-05,1.0781132093230983
1982-08-06,1.106466040824869
1982-08-09,1.1005316182948985
1982-08-10,1.1440570404263997
1982-08-11,1.1321116963451756
1982-08-12,1.1737659256453168
1982-08-13,1.1555779581624108
1982-08-16,1.0658467622008956
1982-08-17,1.0794589038040292
1982-08-18,1.012719749265845
1982-08-19,0.9926487290644841
1982-08-20,0.9138402056198213
1982-08-23,0.9132499797675893
1982-08-24,0.9187100498803774
1982-08-25,0.9355740575458159
1982-08-26,0.887881051502666
1982-08-27,0.8600166433532356
1982-08-30,0.8510252301398299
1982-08-31,0.8672579796337299
1982-09-01,0.8743333036298937
1982-09-02,0.8462920338484574
1982-09-03,0.8771626668876495
1982-09-06,0.8335863963888341
1982-09-07,0.8429879447086999
1982-09-08,0.8205030065645007
1982-09-09,0.8434696216203342
1982-09-10,0.8269670788137274
1982-09-13,0.912888881615728
1982-09-14,0.9237722098463591
1982-09-15,0.9688736181020917
1982-09-16,1.0308394477422622
1982-09-17,1.0213397384351557
1982-09-20,1.0169071886702072
1982-09-21,1.0621954415496389
1982-09-22,1.0646683186519672
1982-09-23,1.0288786662359193
1982-09-24,0.9741412558245316
1982-09-27,0.9809223477299326
1982-09-28,0.9623923826142844
1982-09-29,0.9875958549376741
1982-09-30,0.9728160079009577
1982-10-01,1.0330597308450693
1982-10-04,1.002493990005789
1982-10-05,0.9611740388336373
1982-10-06,0.9566650150801065
1982-10-07,0.9784717030502774
1982-10-08,1.0071396641452406
1982-10-11,1.0096521404971095
1982-10-12,1.074757784040615
1982-10-13,1.0733270051040495
1982-10-14,1.0623459611982453
1982-10-15,1.0752044511251388
1982-10-18,1.0354938338371202
1982-10-19,1.0734647258797918
1982-10-20,1.165174791175402
1982-10-21,1.128133892665163
1982-10-22,1.1919237074534683
1982-10-25,1.172026980744808
1982-10-26,1.1915849983884053
1982-10-27,1.1785311286382352
1982-10-28,1.1424827313097123
1982-10-29,1.1648470013682524
1982-11-01,1.212870108380911
1982-11-02,1.1671788699757617
1982-11-03,1.1271571116347585
1982-11-04,1.106193764192313
1982-11-05,1.10079445776154
1982-11-08,1.1343580727779627
1982-11-09,1.1806937617589617
1982-11-10,1.1507201989498628
1982-11-11,1.1608567457805747
1982-11-12,1.2063786657636795
1982-11-15,1.2995615187223533
1982-11-16,1.3104588821987655
1982-11-17,1.3238467368176345
1982-11-18,1.3440134592609385
1982-11-19,1.3323369044013362
1982-11-22,1.3399768047172549
1982-11-23,1.2575972974812033
1982-11-24,1.2357332829169536
1982-11-25,1.2590426632144358
1982-11-26,1.2247369058939879
1982-11-29,1.2628733355054722
1982-11-30,1.1960763329208997
1982-12-01,1.2316469727743533
1982-12-02,1.2680774819232783
1982-12-03,1.3669534043304745
1982-12-06,1.3533074137779577
1982-12-07,1.355854122050278
1982-12-08,1.429257134691708
1982-12-09,1.4987042343020835
1982-12-10,1.5528460786450444
1982-12-13,1.5729618584835152
1982-12-14,1.6558297120117043
1982-12-15,1.810245175938229
1982-12-16,1.84883725828463
1982-12-17,1.8540684274249504
1982-12-20,1.901340161004876
1982-12-21,1.9149099433335777
1982-12-22,1.8997492377085674
1982-12-23,1.9574780822022904
1982-12-24,1.9274736687549663
1982-12-27,1.9669018347488274
1982-12-28,1.8727675628642564
1982-12-29,1.9843382347659466
1982-12-30,1.9362023185189852
1982-12-31,1.8541570339941131
1983-01-03,1.9406189213633978
1983-01-04,2.0452761839962053
1983-01-05,2.069180186890878
1983-01-06,2.0646363966350885
1983-01-07,2.0438959553984786
1983-01-10,2.0639467962304168
1983-01-11,2.0631752679159683
1983-01-12,2.054040213192464
1983-01-13,1.997404270517846
1983-01-14,1.9998725152191053
1983-01-17,2.0494454400863025
1983-01-18,2.0670482768309824
1983-01-19,2.081453338059023
1983-01-20,2.0334321130713584
1983-01-21,2.012281986684419
1983-01-24,1.892901460797463
1983-01-25,1.8411545005065963
1983-01-26,1.90965053724413
1983-01-27,1.8640237349562954
1983-01-28,1.8902535835773377
1983-01-31,1.8399668072847184
1983-02-01,1.8970115861859114
1983-02-02,1.9285504274461995
1983-02-03,1.853234095551267
1983-02-04,1.9149207477421912
1983-02-07,1.999755387632576
1983-02-08,1.9478171704765908
1983-02-09,1.9336148201501289
1983-02-10,1.8722603485763891
1983-02-11,1.9271330365897454
1983-02-14,1.9310858736622654
1983-02-15,1.9346061028713168
1983-02-16,1.803900865201736
1983-02-17,1.7973994425955682
1983-02-18,1.88076733625972
1983-02-21,2.02629283695472
1983-02-22,2.538460999079978
1983-02-23,2.4754752325494658
1983-02-24,2.4063531451898426
1983-02-25,2.4665884029253395
1983-02-28,2.505126726717179
1983-03-01,2.493406706175091
1983-03-02,2.419944694884331
1983-03-03,2.433070990128753
1983-03-04,2.506120229995671
1983-03-07,2.6426189660588784
1983-03-08,2.590680021751525
1983-03-09,2.578093026225025
1983-03-10,2.61726498357435
1983-03-11,2.585573530605935
1983-03-14,2.4758936750795697
1983-03-15,2.4644924133680077
1983-03-16,2.3688412905728327
1983-03-17,2.4476122525048702
1983-03-18,2.424416613825488
1983-03-21,2.4210558333690946
1983-03-22,2.3631089933700244
1983-03-23,2.3629388563877516
1983-03-24,2.4671564074571894
1983-03-25,2.5590696262298023
1983-03-28,2.4705145375271123
1983-03-29,2.2590275486666123
1983-03-30,2.249604907202837
1983-03-31,2.2291541689982077
1983-04-01,2.2045744229291304
1983-04-04,2.166309447411516
1983-04-05,3.260392093216877
1983-04-06,3.46918408580822
1983-04-07,3.6557937098296147
1983-04-08,3.5109001246640488
1983-04-11,3.771614746092692
1983-04-12,3.5446157199871346
1983-04-13,3.4853681685253117
1983-04-14,3.5505671320660483
1983-04-15,3.424360333867074
1983-04-18,3.3890810942486165
1983-04-19,3.3372505376404833
1983-04-20,3.032378819431994
1983-04-21,2.86645316454173
1983-04-22,2.8609575127814164
1983-04-25,2.793773601685185
1983-04-26,2.7146855814763184
1983-04-27,2.6749450432888056
1983-04-28,2.792770941839367
1983-04-29,2.8900177630716066
1983-05-02,3.160774301155078
1983-05-03,3.0458114011565125
1983-05-04,3.0245401899053665
1983-05-05,2.9322225033792377
1983-05-06,2.874644821873838
1983-05-09,2.923443432392862
1983-05-10,2.764210926621397
1983-05-11,2.8592713909272436
1983-05-12,3.1220547409507136
1983-05-13,3.1539363798266327
1983-05-16,3.303306253143986
1983-05-17,3.15902813339575
1983-05-18,3.055814912126064
1983-05-19,3.022902729287594
1983-05-20,3.0076938905034685
1983-05-23,3.0392835721750866
1983-05-24,2.979836204566901
1983-05-25,2.994370733306428
1983-05-26,3.0927953957950054
1983-05-27,3.1444366334483864
1983-05-30,3.1071907552386255
1983-05-31,3.1851550418057433
1983-06-01,3.143068636160277
1983-06-02,3.15228366542776
1983-06-03,3.2494089797085
1983-06-06,3.2298337185601196
1983-06-07,3.1028898671512586
1983-06-08,3.1091969373972486
1983-06-09,3.206111441357409
1983-06-10,3.316736520845487
1983-06-13,3.204141884124746
1983-06-14,3.2796478726242033
1983-06-15,3.253566580702687
1983-06-16,3.4161694910639486
1983-06-17,3.2835251032901134
1983-06-20,3.358494898096681
1983-06-21,3.3199911732854837
1983-06-22,3.25605291827194
1983-06-23,3.361578819362812
1983-06-24,3.4898211445510117
1983-06-27,3.270953324249592
1983-06-28,3.379134858041977
1983-06-29,3.3713755511529215
1983-06-30,3.374528780797045
1983-07-01,3.238341989470759
1983-07-04,3.304582791246258
1983-07-05,3.5699147532958673
1983-07-06,3.5072681491415367
1983-07-07,3.6535643195518923
1983-07-08,3.6519647941376983
1983-07-11,3.592172015103669
1983-07-12,3.4270045579363697
1983-07-13,3.588978808850357
1983-07-14,3.6017220829805705
1983-07-15,3.5485385203288318
1983-07-18,3.514254052352402
1983-07-19,3.5954556676984497
1983-07-20,3.542195456581224
1983-07-21,3.434509451366902
1983-07-22,3.421368465630426
1983-07-25,3.404910447246646
1983-07-26,3.3861544318582744
1983-07-27,3.3377837262124292
1983-07-28,3.481899578696342
1983-07-29,3.81837704630339
1983-08-01,3.6879788949472796
1983-08-02,3.441433587107178
1983-08-03,3.4144333011209937
1983-08-04,3.1967558838706838
1983-08-05,3.041737861717189
1983-08-08,2.9909467564900214
1983-08-09,3.0602662694701075
1983-08-10,3.03585766534877
1983-08-11,2.812976527998285
1983-08-12,2.7898450062404376
1983-08-15,2.7734896194426426
1983-08-16,2.758745389634426
1983-08-17,2.8623507755995905
1983-08-18,2.9507555374600263
1983-08-19,2.9585760086284165
1983-08-22,3.1686245144114795
1983-08-23,3.0211159170186477
1983-08-24,2.970455030443876
1983-08-25,2.9586901404039794
1983-08-26,2.9570079714558126
1983-08-29,2.821258468572534
1983-08-30,2.645933123920531
1983-08-31,2.6468327540181034
1983-09-01,2.511837759422953
1983-09-02,2.458398021696629
1983-09-05,2.469472129241431
1983-09-06,2.367678869941114
1983-09-07,2.3954333397212735
1983-09-08,2.229704179654642
1983-09-09,2.2692017533451994
1983-09-12,2.2982514029308327
1983-09-13,2.3063178242756206
1983-09-14,2.2963854617541144
1983-09-15,2.2497249901069627
1983-09-16,2.2032894102756755
1983-09-19,2.1786217890948856
1983-09-20,2.2165259062430755
1983-09-21,2.2082075817482347
1983-09-22,2.1929968080682065
1983-09-23,2.2351720392942793
1983-09-26,2.2799073707006534
1983-09-27,2.217360820477273
1983-09-28,2.203311852229487
1983-09-29,2.1319420689763406
1983-09-30,2.099376064669296
1983-10-03,2.090896535539548
1983-10-04,2.1291340870955944
1983-10-05,2.095986937489249
1983-10-06,2.165675720488882
1983-10-07,2.0693362677518556
1983-10-10,2.041294801738222
1983-10-11,2.00330032427105
1983-10-12,2.0663887351647503
1983-10-13,2.0460512288534947
1983-10-14,2.013010310482022
1983-10-17,1.9334286305689
1983-10-18,1.975629443680696
1983-10-19,1.8702630139920704
1983-10-20,1.9137623655840827
1983-10-21,1.9070606890706445
1983-10-24,1.8737681588910535
1983-10-25,1.8530040092638727
1983-10-26,1.8351760281813536
1983-10-27,1.816566105047053
1983-10-28,1.6978769716241644
1983-10-31,1.7572136489156154
1983-11-01,1.6943446608957828
1983-11-02,1.639346310743941
1983-11-03,1.626261918594249
1983-11-04,1.6698812276387331
1983-11-07,1.6854645498078884
1983-11-08,1.6328632479122127
1983-11-09,1.7134547688412078
1983-11-10,1.7028031170058404
1983-11-11,1.8114115603311118
1983-11-14,1.8398052246172643
1983-11-15,1.8711478385877292
1983-11-16,1.8253577877541
1983-11-17,1.7246861742344504
1983-11-18,1.6749114756179737
1983-11-21,1.7223027787690528
1983-11-22,1.7346805103868357
1983-11-23,1.6652917852314304
1983-11-24,1.7695713998988285
1983-11-25,1.774734456180241
1983-11-28,1.7893467991766652
1983-11-29,1.8257210913784818
1983-11-30,1.7861632786622106
1983-12-01,1.8676551512412904
1983-12-02,1.774269878407319
1983-12-05,1.81168102571748
1983-12-06,1.9735997243088976
1983-12-07,1.8574803800425728
1983-12-08,1.7743787902879502
1983-12-09,1.8302707922836177
1983-12-12,1.7295599602445328
1983-12-13,1.7609157571678773
1983-12-14,1.7638299223416183
1983-12-15,1.8002793911993775
1983-12-16,1.7633785890002114
1983-12-19,1.7526422281782266
1983-12-20,1.7588876913368205
1983-12-21,1.8132952447981807
1983-12-22,1.7553716323669761
1983-12-23,1.7270321661294687
1983-12-26,1.7012977650855257
1983-12-27,1.5290581316746708
1983-12-28,1.5934897269749524
1983-12-29,1.5155851392788926
1983-12-30,1.5990633557998328
1984-01-02,1.634555146695599
1984-01-03,1.660179521195756
1984-01-04,1.6092770289615197
1984-01-05,1.6470358427284573
1984-01-06,1.6417346847069485
1984-01-09,1.6507297514491712
1984-01-10,1.7469164969653177
1984-01-11,1.7352475625268735
1984-01-12,1.8213449653917944
1984-01-13,1.8031798004153217
1984-01-16,1.6347662554973454
1984-01-17,1.5789127124157365
1984-01-18,1.5147186260056966
1984-01-19,1.528270642140062
1984-01-20,1.5681766782171718
1984-01-23,1.6017755513685143
1984-01-24,1.6606598350395962
1984-01-25,1.6887714228502946
1984-01-26,1.6152468278390384
1984-01-27,1.6295163997500297
1984-01-30,1.5969120907798582
1984-01-31,1.6016651952700556
1984-02-01,1.5846924492442074
1984-02-02,1.5607597955326182
1984-02-03,1.5472018463825186
1984-02-06,1.631187178792101
1984-02-07,1.5268118433696922
1984-02-08,1.4674024745795606
1984-02-09,1.4151572525762832
1984-02-10,1.399459600874574
1984-02-13,1.4264095884376746
1984-02-14,1.3073463854396707
1984-02-15,1.2904834239659175
1984-02-16,1.3212502469701408
1984-02-17,1.3670109983759977
1984-02-20,1.294275930228343
1984-02-21,1.3368910919300887
1984-02-22,1.3702674169805769
1984-02-23,1.4250481401136519
1984-02-24,1.4200436118501758
1984-02-27,1.4289331138388284
1984-02-28,1.4652921943829527
1984-02-29,1.4706966819030072
1984-03-01,1.3958382036339925
1984-03-02,1.3485587323602177
1984-03-05,1.3446493640632646
1984-03-06,1.4166147779215772
1984-03-07,1.4385456339068023
1984-03-08,1.249022133928424
1984-03-09,1.2352469059577649
1984-03-12,1.2067683590931078
1984-03-13,1.179082124232074
1984-03-14,1.1662044865414183
1984-03-15,1.153358737767848
1984-03-16,1.1542338152823157
1984-03-19,1.124370424558396
1984-03-20,1.102054041040889
1984-03-21,1.1249821930761918
1984-03-22,1.0929116390831468
1984-03-23,1.1047663279403517
1984-03-26,1.0946283051853263
1984-03-27,1.0774007017390483
1984-03-28,1.1470181212238724
1984-03-29,1.1020307116151944
1984-03-30,1.1623032819231849
1984-04-02,1.1974524194489033
1984-04-03,1.1750653457149947
1984-04-04,1.2118245696213508
1984-04-05,1.1098620078706969
1984-04-06,1.0860369564277408
1984-04-09,1.0555905679833282
1984-04-10,1.0716790187590925
1984-04-11,1.0994919169732347
1984-04-12,1.1668386125141184
1984-04-13,1.1749029290719077
1984-04-16,1.1740632909974889
1984-04-17,1.1660937838353074
1984-04-18,1.1753553755292279
1984-04-19,1.1966251685711102
1984-04-20,1.179744079275796
1984-04-23,1.1341236371873
1984-04-24,1.1445732814136442
1984-04-25,1.1054546773083402
1984-04-26,1.0729166104999885
1984-04-27,1.1033916595945752
1984-04-30,1.1124477268175672
1984-05-01,1.164568433448533
1984-05-02,1.2038906714870166
1984-05-03,1.2031344558466954
1984-05-04,1.2380521177985984
1984-05-07,1.1936516554388747
1984-05-08,1.186015732196361
1984-05-09,1.186668046017048
1984-05-10,1.1736949661791343
1984-05-11,1.2050404167333073
1984-05-14,1.217214897958096
1984-05-15,1.2282211356235975
1984-05-16,1.2918263987193086
1984-05-17,1.2910514379600644
1984-05-18,1.3372441109988786
1984-05-21,1.3865186431483547
1984-05-22,1.4165516518103565
1984-05-23,1.4871456980453133
1984-05-24,1.4927108690804445
1984-05-25,1.5078094714951045
1984-05-28,1.4754265651766951
1984-05-29,1.4549592945654812
1984-05-30,1.466855606007475
1984-05-31,1.450786140716916
1984-06-01,1.4716728020715357
1984-06-04,1.472142619669431
1984-06-05,1.5261987577884015
1984-06-06,1.5225597203195573
1984-06-07,1.5722673964359921
1984-06-08,1.4975080911298266
1984-06-11,1.4607684613238716
1984-06-12,1.473169456745508
1984-06-13,1.4515170811201803
1984-06-14,1.449517315992705
1984-06-15,1.4435265003455784
1984-06-18,1.4365231396435378
1984-06-19,1.3687489728583264
1984-06-20,1.3748353836882181
1984-06-21,1.452484072373439
1984-06-22,1.4548035426094323
1984-06-25,1.4566700993333186
1984-06-26,1.5444404811895407
1984-06-27,1.6792665169727632
1984-06-28,1.6292609728995366
1984-06-29,1.7327929663645265
1984-07-02,1.725489220286158
1984-07-03,1.6608749517184513
1984-07-04,1.7039863432001214
1984-07-05,1.6341458382041056
1984-07-06,1.6229771427442325
1984-07-09,1.6055616352544164
1984-07-10,1.6084928711918327
1984-07-11,1.5409374173583448
1984-07-12,1.4671497045022641
1984-07-13,1.504854289809955
1984-07-16,1.5642964948515743
1984-07-17,1.6303110058065071
1984-07-18,1.5470824956757518
1984-07-19,1.5139750270305612
1984-07-20,1.6340145866544593
1984-07-23,1.5877692239629912
1984-07-24,1.5058306439112112
1984-07-25,1.4810470657102297
1984-07-26,1.3847228592261704
1984-07-27,1.3083550844247744
1984-07-30,1.2841049313598474
1984-07-31,1.2617897345763132
1984-08-01,1.190084079567871
1984-08-02,1.2405352091285737
1984-08-03,1.2237876468226137
1984-08-06,1.2099131791231783
1984-08-07,1.193754733921789
1984-08-08,1.1927231578897564
1984-08-09,1.2674044006154925
1984-08-10,1.2912235219368904
1984-08-13,1.2933781583387336
1984-08-14,1.2482574369914616
1984-08-15,1.215351237694211
1984-08-16,1.200829129214647
1984-08-17,1.1840725839026505
1984-08-20,1.2048699590310883
1984-08-21,1.1402368417470583
1984-08-22,1.1734080071060178
1984-08-23,1.1642075245426604
1984-08-24,1.1173257291277352
1984-08-27,1.1202302494411163
1984-08-28,1.111281193741457
1984-08-29,1.0847915904215977
1984-08-30,1.1798485560765286
1984-08-31,1.1623191816722391
1984-09-03,1.2022350972908376
1984-09-04,1.2744014823908816
1984-09-05,1.2781716882225451
1984-09-06,1.3173180649564409
1984-09-07,1.3472975154608269
1984-09-10,1.3929850762546367
1984-09-11,1.3871594066576214
1984-09-12,1.4224247795493843
1984-09-13,1.4415761438236465
1984-09-14,1.406862932703103
1984-09-17,1.4429869921796652
1984-09-18,1.4137498840546894
1984-09-19,1.4913219253505632
1984-09-20,1.4529934595705472
1984-09-21,1.4288411561206467
1984-09-24,1.3305173247743844
1984-09-25,1.29447238647111
1984-09-26,1.3719036193999792
1984-09-27,1.4467353045872524
1984-09-28,1.4503705538220875
1984-10-01,1.4206793308914638
1984-10-02,1.4340666588366167
1984-10-03,1.3970274694118425
1984-10-04,1.3804782928722688
1984-10-05,1.408024841637142
1984-10-08,1.391887765420083
1984-10-09,1.3940240307211749
1984-10-10,1.4232626029769953
1984-10-11,1.454203133839445
1984-10-12,1.4313011129644582
1984-10-15,1.4003088094563356
1984-10-16,1.4306356652881163
1984-10-17,1.4275041585258752
1984-10-18,1.4652003122783315
1984-10-19,1.4327603357413683
1984-10-22,1.4148154237473527
1984-10-23,1.4557278803487637
1984-10-24,1.4343568660724058
1984-10-25,1.2856045517306816
1984-10-26,1.3190067348344259
1984-10-29,1.3348632758126118
1984-10-30,1.3154615623943215
1984-10-31,1.395137532419538
1984-11-01,1.3483454781165
1984-11-02,1.3516827357484946
1984-11-05,1.3480915115646153
1984-11-06,1.2765775284023055
1984-11-07,1.2669118919153524
1984-11-08,1.3188253972724757
1984-11-09,1.31035291177361
1984-11-12,1.2990337764196327
1984-11-13,1.3585683940343662
1984-11-14,1.3041745501755198
1984-11-15,1.3511199821954931
1984-11-16,1.2721803448790259
1984-11-19,1.318131802111419
1984-11-20,1.2634608599111987
1984-11-21,1.2316801677432554
1984-11-22,1.1838979584834337
1984-11-23,1.2139068286060104
1984-11-26,1.2171033951672778
1984-11-27,1.2511671857784699
1984-11-28,1.2600802738956525
1984-11-29,1.2446555876365657
1984-11-30,1.2717597092311475
1984-12-03,1.2840022322772318
1984-12-04,1.2917566628778707
1984-12-05,1.2737663721424377
1984-12-06,1.2749533124143466
1984-12-07,1.265142583307705
1984-12-10,1.2516161786334923
1984-12-11,1.2587432378800611
1984-12-12,1.3645761677609454
1984-12-13,1.3348210708424892
1984-12-14,1.4153949775051697
1984-12-17,1.4489644791880925
1984-12-18,1.4401233668060203
1984-12-19,1.3895995656454827
1984-12-20,1.3249515789829918
1984-12-21,1.3055678798758017
1984-12-24,1.3053759265218376
1984-12-25,1.3571053552629633
1984-12-26,1.4026395486397079
1984-12-27,1.3919135587900537
1984-12-28,1.3714454312785151
1984-12-31,1.361210661119845
1985-01-01,1.3635079612553203
1985-01-02,1.3323016432182533
1985-01-03,1.3409370960373388
1985-01-04,1.3457355542795049
1985-01-07,1.3516477019052346
1985-01-08,1.421341239146867
1985-01-09,1.488601030439105
1985-01-10,1.5128592421458655
1985-01-11,1.5317399951318902
1985-01-14,1.652846462323708
1985-01-15,1.5119065343655844
1985-01-16,1.5644296695480513
1985-01-17,1.7061840926925682
1985-01-18,1.6897457382722219
1985-01-21,1.7100289703242497
1985-01-22,1.7091460224083026
1985-01-23,1.7258889560055422
1985-01-24,1.7892882016153795
1985-01-25,1.8894510715684965
1985-01-28,1.8764021072027361
1985-01-29,1.9332566417416133
1985-01-30,2.000985193668026
1985-01-31,1.9829544079427324
1985-02-01,2.0084294860162233
1985-02-04,2.0411700513891495
1985-02-05,1.935530794320509
1985-02-06,1.419389420088645
1985-02-07,1.458641535300406
1985-02-08,1.5087981488049995
1985-02-11,1.5313675923203691
1985-02-12,1.5410689897414847
1985-02-13,2.135422029672343
1985-02-14,2.1866661208235283
1985-02-15,2.224117422294815
1985-02-18,2.3481016530403265
1985-02-19,2.2316096141469215
1985-02-20,2.2833657317469385
1985-02-21,2.1433162656329086
1985-02-22,2.189260823145262
1985-02-25,2.278430782596399
1985-02-26,2.222477340931146
1985-02-27,2.2051695462438246
1985-02-28,2.20909138684272
1985-03-01,2.102649410182946
1985-03-04,2.1423320993886574
1985-03-05,2.0147979535612293
1985-03-06,2.0024645149734805
1985-03-07,2.1258499646418643
1985-03-08,2.141923911125103
1985-03-11,2.0545373783411844
1985-03-12,1.9875734771070834
1985-03-13,1.8827828589968152
1985-03-14,1.9241470732114134
1985-03-15,1.8474492886331044
1985-03-18,1.904451509338632
1985-03-19,1.9177297840352134
1985-03-20,1.8005622308489606
1985-03-21,1.6942372028018087
1985-03-22,1.6456434304731877
1985-03-25,1.6386420065860599
1985-03-26,1.7104013042675985
1985-03-27,1.7398803336451047
1985-03-28,1.7829058394623503
1985-03-29,1.7675643913860046
1985-04-01,1.6753080670565286
1985-04-02,1.7102657144862599
1985-04-03,1.71776653829741
1985-04-04,1.6882404575622674
1985-04-05,1.6937973479183395
1985-04-08,1.6562897177814233
1985-04-09,1.6208195594852606
1985-04-10,1.6454834004129493
1985-04-11,1.6769367411678933
1985-04-12,1.5896049494418363
1985-04-15,1.5793928643685755
1985-04-16,1.5573003617819565
1985-04-17,1.6410849781739163
1985-04-18,1.6892518284008542
1985-04-19,1.7314428422460884
1985-04-22,1.699295175524548
1985-04-23,1.640474826997629
1985-04-24,1.6009358532749913
1985-04-25,1.6663679529265885
1985-04-26,1.604105963835102
1985-04-29,1.7161706688343865
1985-04-30,1.7255608717621682
1985-05-01,1.8402122093932796
1985-05-02,1.916468695388632
1985-05-03,1.8017847059050696
1985-05-06,1.7626000759515539
1985-05-07,1.7893357105930712
1985-05-08,1.7581338918012133
1985-05-09,1.798022445038708
1985-05-10,1.9566112586629787
1985-05-13,2.0752241577257493
1985-05-14,2.2515438090451405
1985-05-15,2.2107296619397983
1985-05-16,2.371427926136382
1985-05-17,2.3396909824945027
1985-05-20,2.3343567214055803
1985-05-21,2.374728100192283
1985-05-22,2.387549450625237
1985-05-23,2.5257161347507346
1985-05-24,2.6989162494849963
1985-05-27,2.7582933938907113
1985-05-28,2.6359410386397846
1985-05-29,2.7903921317861693
1985-05-30,2.957435424886143
1985-05-31,2.966543888527482
1985-06-03,2.811455640453041
1985-06-04,2.6615482916973843
1985-06-05,2.56545246655208
1985-06-06,2.5660638436057837
1985-06-07,2.711084185592411
1985-06-10,2.8111520884960424
1985-06-11,2.93249517690635
1985-06-12,2.9969393046097625
1985-06-13,3.029452008387082
1985-06-14,3.0591889082450994
1985-06-17,2.960070892462082
1985-06-18,2.8704533669562964
1985-06-19,2.8534389111089284
1985-06-20,2.821095755383139
1985-06-21,3.7549346620095063
1985-06-24,3.5224291623015436
1985-06-25,3.354088679668761
1985-06-26,3.473863676146821
1985-06-27,4.186560102256685
1985-06-28,4.445376984537007
1985-07-01,4.7645743345130365
1985-07-02,4.573639824522943
1985-07-03,4.571066311912464
1985-07-04,4.44653330777713
1985-07-05,4.5687314706402224
1985-07-08,4.591583283979057
1985-07-09,4.5393866603956585
1985-07-10,4.526559368079231
1985-07-11,4.65686392935668
1985-07-12,5.044280360263707
1985-07-15,5.0131712195015234
1985-07-16,5.128177082466396
1985-07-17,5.094197455083319
1985-07-18,5.388062505496768
1985-07-19,5.693018118293797
1985-07-22,5.62488218367971
1985-07-23,5.617305351729355
1985-07-24,5.437595285917645
1985-07-25,5.632485844090991
1985-07-26,5.830603758195709
1985-07-29,5.819718698415406
1985-07-30,5.982226085034967
1985-07-31,5.944362988525861
1985-08-01,5.9245639047549865
1985-08-02,6.123394941219121
1985-08-05,5.966672444090971
1985-08-06,6.058595852369912
1985-08-07,5.9326032512540605
1985-08-08,6.32838813981711
1985-08-09,6.3356327951455125
1985-08-12,6.318673683491102
1985-08-13,6.290964870872936
1985-08-14,6.0761200251094785
1985-08-15,5.847800851953615
1985-08-16,6.132604104017397
1985-08-19,5.9656722165881
1985-08-20,5.875755961255571
1985-08-21,5.876193389293924
1985-08-22,5.886634910338173
1985-08-23,5.914270608050325
1985-08-26,6.046880188436012
1985-08-27,6.34194539618172
1985-08-28,6.347647225853194
1985-08-29,6.025876465650878
1985-08-30,6.143759902381113
1985-09-02,6.154548970562923
1985-09-03,6.091814655233611
1985-09-04,5.991405683852493
1985-09-05,6.326498657119756
1985-09-06,6.32568537630197
1985-09-09,6.16341198575868
1985-09-10,6.261835201819626
1985-09-11,6.535171706625275
1985-09-12,6.322676810052137
1985-09-13,6.626126144517127
1985-09-16,6.343632595640772
1985-09-17,6.39259919288332
1985-09-18,6.57687380862983
1985-09-19,6.434663104458142
1985-09-20,6.193530690574497
1985-09-23,6.117007045249029
1985-09-24,6.426494634279804
1985-09-25,6.5390071020005465
1985-09-26,6.270104902279612
1985-09-27,6.688158759338306
1985-09-30,6.580939807166692
1985-10-01,6.65420130960287
1985-10-02,6.846879065118644
1985-10-03,7.0317912808527945
1985-10-04,6.941920666478221
1985-10-07,7.055193462516491
1985-10-08,7.152226879755738
1985-10-09,7.191627465418422
1985-10-10,7.665447276188438
1985-10-11,7.496752218939296
1985-10-14,7.268648140734926
1985-10-15,7.3953691264179495
1985-10-16,7.53096692525487
1985-10-17,7.7252671288828925
1985-10-18,7.445793126861859
1985-10-21,7.601505408398357
1985-10-22,7.168704670938362
1985-10-23,7.092394438429274
1985-10-24,6.691639190453484
1985-10-25,8.673211927297823
1985-10-28,8.650843127128292
1985-10-29,8.563492422541783
1985-10-30,8.23128965901637
1985-10-31,8.502073219242977
1985-11-01,8.394559151627261
1985-11-04,8.059388696552471
1985-11-05,8.055728977090741
1985-11-06,7.670271385142632
1985-11-07,7.543596195159104
1985-11-08,7.605121792989819
1985-11-11,7.220218730937855
1985-11-12,7.361670484704006
1985-11-13,7.372255837193986
1985-11-14,7.555750681590184
1985-11-15,7.740350515704937
1985-11-18,7.604055026239544
1985-11-19,7.47685749286291
1985-11-20,7.583523102062524
1985-11-21,7.310075095434511
1985-11-22,7.048396744075622
1985-11-25,6.895099723163609
1985-11-26,6.583584519660381
1985-11-27,6.321700128817246
1985-11-28,6.0766374845251026
1985-11-29,6.004544344529087
1985-12-02,5.924745744071294
1985-12-03,6.107238293201691
1985-12-04,6.038147166942793
1985-12-05,6.011882255647499
1985-12-06,6.359975855863546
1985-12-09,5.895226764178917
1985-12-10,5.926824534397766
1985-12-11,5.875809395045996
1985-12-12,5.927016793221887
1985-12-13,5.811309575800681
1985-12-16,5.744972705064251
1985-12-17,5.977769987431096
1985-12-18,6.062906360853748
1985-12-19,6.002692455363356
1985-12-20,5.843401099991566
1985-12-23,5.63504864295461
1985-12-24,5.5363555693285225
1985-12-25,5.043948548068131
1985-12-26,5.009782117185194
1985-12-27,5.3009817854554475
1985-12-30,5.317525662930951
1985-12-31,5.19608918535469
1986-01-01,4.818935120857016
1986-01-02,4.6890574896452195
1986-01-03,4.608830265060782
1986-01-06,4.639185688529605
1986-01-07,4.565095419870115
1986-01-08,4.840539400449541
1986-01-09,4.797346114358902
1986-01-10,4.953337633288436
1986-01-13,4.6954555401583224
1986-01-14,4.680851231629312
1986-01-15,4.55640865171461
1986-01-16,4.709827854361295
1986-01-17,4.6439274818732
1986-01-20,4.839315517964847
1986-01-21,4.9357636251029735
1986-01-22,4.845982435040873
1986-01-23,4.672387773816717
1986-01-24,4.556458487514658
1986-01-27,4.506819479847283
1986-01-28,4.596263094940248
1986-01-29,4.587216635056544
1986-01-30,4.70692952928025
1986-01-31,4.919238973987947
1986-02-03,4.917337605382155
1986-02-04,4.756022488917264
1986-02-05,4.806944320757352
1986-02-06,5.11924490678897
1986-02-07,5.262208115621283
1986-02-10,5.303742534156597
1986-02-11,5.148225064627518
1986-02-12,5.107375542196566
1986-02-13,4.849731401578625
1986-02-14,4.667793737451508
1986-02-17,4.721224466353682
1986-02-18,4.45580007444312
1986-02-19,4.400512617115787
1986-02-20,4.222711968728021
1986-02-21,4.071217618730234
1986-02-24,4.0736182905488665
1986-02-25,3.9738063156412102
1986-02-26,3.7920214048278202
1986-02-27,3.7209465234897188
1986-02-28,3.547699739297885
1986-03-03,3.690178385312535
1986-03-04,3.7721080113650642
1986-03-05,3.8550833885004936
1986-03-06,3.7500605262611892
1986-03-07,3.7988633845593487
1986-03-10,3.819345057870483
1986-03-11,3.723686642241237
1986-03-12,3.7102753964742345
1986-03-13,3.520657043001836
1986-03-14,3.3993373271208114
1986-03-17,3.384690609022513
1986-03-18,3.3278442934810855
1986-03-19,3.3618193469895967
1986-03-20,3.2811020525723023
1986-03-21,3.240554071897902
1986-03-24,3.2354925950350597
1986-03-25,3.1500485130245477
1986-03-26,3.109705293179076
1986-03-27,3.1270079470847922
1986-03-28,3.2866299155646126
1986-03-31,3.2003061658628855
1986-04-01,3.1473772358549033
1986-04-02,3.4455789413170934
1986-04-03,3.543358080274937
1986-04-04,3.6749770437919302
1986-04-07,3.7347975282876384
1986-04-08,3.869413610762919
1986-04-09,3.7601557775317627
1986-04-10,3.881735088383307
1986-04-11,3.9724046667132
1986-04-14,3.828851992554328
1986-04-15,3.782091738688561
1986-04-16,3.530101160888933
1986-04-17,3.5401967144061754
1986-04-18,3.6526779336325625
1986-04-21,3.5855992406877104
1986-04-22,3.468281026796531
1986-04-23,3.348145292888208
1986-04-24,3.341080116195883
1986-04-25,3.3950779128782838
1986-04-28,3.570748197630996
1986-04-29,3.325768117888525
1986-04-30,3.480881392995817
1986-05-01,3.497044613471202
1986-05-02,3.60200250114904
1986-05-05,3.679054407524439
1986-05-06,3.677834019335138
1986-05-07,3.672078242642634
1986-05-08,3.712365905348338
1986-05-09,3.675993283446559
1986-05-12,3.649181667543684
1986-05-13,3.2372267902593235
1986-05-14,3.295222048246979
1986-05-15,3.2083089246681094
1986-05-16,3.3162976504028
1986-05-19,3.4172259958962763
1986-05-20,3.360797794596614
1986-05-21,3.421913826119672
1986-05-22,3.4686185537084278
1986-05-23,3.400253198766086
1986-05-26,3.4706780552967738
1986-05-27,3.6423052091106376
1986-05-28,2.971717628592188
1986-05-29,2.8627841405662453
1986-05-30,2.9493237342346013
1986-06-02,2.9309674637976153
1986-06-03,2.985415434320658
1986-06-04,2.9145882654476925
1986-06-05,2.984325451319881
1986-06-06,3.0606301632059063
1986-06-09,3.0747943539966545
1986-06-10,3.1348241538612425
1986-06-11,3.009813390626439
1986-06-12,3.0658778681822105
1986-06-13,2.99990909763027
1986-06-16,3.1394110253659995
1986-06-17,3.1020176048547814
1986-06-18,2.947158468561277
1986-06-19,3.080439368602176
1986-06-20,3.0879919738535313
1986-06-23,3.1624000016501785
1986-06-24,3.1638895325129353
1986-06-25,3.0123016185590767
1986-06-26,2.9786270503687047
1986-06-27,2.980530538517969
1986-06-30,3.0567774571348543
1986-07-01,3.0704935063754544
1986-07-02,3.03585766696839
1986-07-03,3.0081620453959963
1986-07-04,3.077622917445375
1986-07-07,3.1637505242923387
1986-07-08,3.0605585205079526
1986-07-09,3.06994387319714
1986-07-10,3.1528190743956777
1986-07-11,3.328949106073495
1986-07-14,3.475879307055317
1986-07-15,3.3175118208553247
1986-07-16,3.3144286991036895
1986-07-17,3.161625698792796
1986-07-18,3.3277995057009995
1986-07-21,3.350873466301698
1986-07-22,3.443465620440254
1986-07-23,3.340565987126352
1986-07-24,3.270645675754831
1986-07-25,3.308812886967949
1986-07-28,3.4443578684095733
1986-07-29,3.249078775860612
1986-07-30,3.3671410733304774
1986-07-31,3.391616324578566
1986-08-01,3.1830913289787057
1986-08-04,3.2570160848064216
1986-08-05,3.339629908151573
1986-08-06,3.3437884138399556
1986-08-07,3.2833297816727525
1986-08-08,3.193582202385463
1986-08-11,3.24218394493731
1986-08-12,3.102916597618297
1986-08-13,3.253283222976244
1986-08-14,3.1657899314635567
1986-08-15,2.965295989175369
1986-08-18,3.062519953355989
1986-08-19,3.137296784438702
1986-08-20,3.171164737705129
1986-08-21,3.283879006000134
1986-08-22,3.178199350017774
1986-08-25,3.2832758279276018
1986-08-26,3.3864829568754917
1986-08-27,3.4932486358240666
1986-08-28,3.5523980062635396
1986-08-29,3.43409323318147
1986-09-01,3.3922508568911627
1986-09-02,3.3758024015617734
1986-09-03,3.4484713169919887
1986-09-04,3.41742746374406
1986-09-05,3.4980496152682607
1986-09-08,3.4886880895095125
1986-09-09,3.481095870226913
1986-09-10,3.429402802557518
1986-09-11,3.61553327925116
1986-09-12,3.795222858091794
1986-09-15,3.713123137088344
1986-09-16,3.672266685784346
1986-09-17,3.715750963325748
1986-09-18,3.7823431643119165
1986-09-19,3.6577814751702036
1986-09-22,3.554701116354198
1986-09-23,3.2332351524063485
1986-09-24,3.292457113376005
1986-09-25,3.1412511062177817
1986-09-26,3.0752720440280843
1986-09-29,3.164918393136698
1986-09-30,3.251593812052265
1986-10-01,3.4209162215209283
1986-10-02,3.643881390747397
1986-10-03,4.001524496428488
1986-10-06,3.9532792837893607
1986-10-07,3.8762644096178556
1986-10-08,3.926797495046911
1986-10-09,3.7571168514331523
1986-10-10,3.7265514870711556
1986-10-13,3.7432863322205496
1986-10-14,3.80196403797334
1986-10-15,3.87547988261485
1986-10-16,3.83996208471318
1986-10-17,3.689593993144326
1986-10-20,3.5668411913630393
1986-10-21,3.3443191912213805
1986-10-22,3.2838574614648786
1986-10-23,3.1409965136925444
1986-10-24,3.0911101302195365
1986-10-27,3.1317691710307733
1986-10-28,3.0123984785656717
1986-10-29,3.0215955189854187
1986-10-30,2.99438399613991
1986-10-31,3.028551684678561
1986-11-03,3.0865008868216774
1986-11-04,3.121902767824056
1986-11-05,3.0842738191975005
1986-11-06,3.06023895382241
1986-11-07,3.0914982062703484
1986-11-10,3.4263780217358417
1986-11-11,3.511733244401508
1986-11-12,3.4744616768936925
1986-11-13,3.5441939092462116
1986-11-14,3.5808825385173972
1986-11-17,3.40810962698259
1986-11-18,3.3882527349230815
1986-11-19,3.5447223194692157
1986-11-20,3.2925124331651747
1986-11-21,3.5680331108534666
1986-11-24,3.341363622413063
1986-11-25,3.3734724275302077
1986-11-26,3.215433481326018
1986-11-27,3.2635377344178447
1986-11-28,3.387485412772073
1986-12-01,3.4792391070001516
1986-12-02,3.3191689777364477
1986-12-03,3.428777597579645
1986-12-04,3.3979384467122458
1986-12-05,3.2445359205854043
1986-12-08,3.3937480910447664
1986-12-09,3.638713213713811
1986-12-10,3.649129675260505
1986-12-11,3.6026591553325864
1986-12-12,3.5099660459842816
1986-12-15,3.5963720683428906
1986-12-16,3.72100324404264
1986-12-17,3.673524497757246
1986-12-18,3.872939421175172
1986-12-19,3.9555775246517575
1986-12-22,3.9647337236470315
1986-12-23,4.005831409961487
1986-12-24,3.8751049774265733
1986-12-25,3.9680973624808353
1986-12-26,3.8461973593077494
1986-12-29,3.7812517045867056
1986-12-30,3.771163695601696
1986-12-31,4.014398756237814
1987-01-01,4.044776424654518
1987-01-02,3.9318654384898455
1987-01-05,3.9731940677616255
1987-01-06,4.049130029481686
1987-01-07,4.213425664063536
1987-01-08,4.208053470361693
1987-01-09,4.10841286921897
1987-01-12,4.419453793762026
1987-01-13,4.465189593669483
1987-01-14,4.340493802219795
1987-01-15,4.333442667583593
1987-01-16,4.259315604391328
1987-01-19,4.441801477478678
1987-01-20,4.524163876407175
1987-01-21,4.474658459687902
1987-01-22,4.627795704111917
1987-01-23,4.607341552808571
1987-01-26,4.595819409493289
1987-01-27,4.482405903141404
1987-01-28,4.37094999846548
1987-01-29,4.68742643910536
1987-01-30,4.838855449256719
1987-02-02,4.5528237787594135
1987-02-03,4.408553457943856
1987-02-04,4.242098844342729
1987-02-05,4.248495919016919
1987-02-06,4.1883137715165075
1987-02-09,4.400537307309688
1987-02-10,4.350635845917276
1987-02-11,4.644717081433413
1987-02-12,4.628730172031105
1987-02-13,4.985280108264502
1987-02-16,4.947892520873131
1987-02-17,4.913974981887502
1987-02-18,5.068086689825489
1987-02-19,5.19829682459128
1987-02-20,4.975321353206855
1987-02-23,4.985193896640923
1987-02-24,4.911564536208562
1987-02-25,4.8286567796081705
1987-02-26,4.837754093030046
1987-02-27,4.7880958565210205
1987-03-02,4.813791857358816
1987-03-03,4.654412384225415
1987-03-04,4.424797024667091
1987-03-05,4.5709798905077195
1987-03-06,4.748217137595101
1987-03-09,4.892997123535209
1987-03-10,4.894810322157369
1987-03-11,4.832504973139455
1987-03-12,4.730741075177532
1987-03-13,4.604243477500494
1987-03-16,4.588642034794263
1987-03-17,4.76206155797378
1987-03-18,4.6497025010687985
1987-03-19,4.825615404728043
1987-03-20,4.593973643982485
1987-03-23,4.6270155095105965
1987-03-24,4.692100941685722
1987-03-25,4.608449849773858
1987-03-26,4.447548821682803
1987-03-27,4.571667559588107
1987-03-30,4.575135399152778
1987-03-31,4.9906959709274705
1987-04-01,5.181414145800144
1987-04-02,5.380635754747537
1987-04-03,4.964251945931767
1987-04-06,4.849677342388142
1987-04-07,4.6632750890582075
1987-04-08,4.36340930596098
1987-04-09,4.3555082476088485
1987-04-10,4.473180994091836
1987-04-13,4.329760544876132
1987-04-14,4.058514495142085
1987-04-15,3.938896955568843
1987-04-16,3.9167457851584913
1987-04-17,3.885392807589863
1987-04-20,3.885563963229762
1987-04-21,3.938770488607704
1987-04-22,3.935629576845713
1987-04-23,4.050880400815984
1987-04-24,3.9239844613334025
1987-04-27,3.8872963785960866
1987-04-28,3.9623508379668446
1987-04-29,3.9981482137339124
1987-04-30,4.247514296023285
1987-05-01,4.119260724548107
1987-05-04,4.200966813342201
1987-05-05,4.11206421624557
1987-05-06,4.011320944919424
1987-05-07,4.156904397697039
1987-05-08,4.151592603867866
1987-05-11,4.186281602253282
1987-05-12,4.107427148932752
1987-05-13,4.037497523255854
1987-05-14,3.8372662420062085
1987-05-15,3.8594597934524524
1987-05-18,3.7278297152460076
1987-05-19,3.709497991504936
1987-05-20,3.818430414347297
1987-05-21,3.5996686539023353
1987-05-22,3.9752667501142946
1987-05-25,3.8756867829273727
1987-05-26,3.859929299658505
1987-05-27,3.892589430120603
1987-05-28,3.7913402510319028
1987-05-29,3.7315625701519233
1987-06-01,3.872270486924917
1987-06-02,3.9696802225339507
1987-06-03,3.9351363789842115
1987-06-04,3.933592013633031
1987-06-05,3.9506153219756803
1987-06-08,4.0230701431491225
1987-06-09,4.106895628282533
1987-06-10,4.188374007408358
1987-06-11,4.129832111864218
1987-06-12,4.1428542163415525
1987-06-15,4.280647909138802
1987-06-16,4.603830347246243
1987-06-17,4.613038502891593
1987-06-18,4.5280320162491225
1987-06-19,4.4063782271598795
1987-06-22,4.494388833660261
1987-06-23,4.2649731485188465
1987-06-24,4.351987357804481
1987-06-25,4.443340296122713
1987-06-26,4.366680541620433
1987-06-29,4.399228523030979
1987-06-30,4.364667409997405
1987-07-01,4.173431299157186
1987-07-02,4.247699781655074
1987-07-03,4.3094898821934935
1987-07-06,4.245822174026902
1987-07-07,4.563306036419201
1987-07-08,4.561400684646344
1987-07-09,4.287111816067887
1987-07-10,4.437922612840489
1987-07-13,4.5530393875930795
1987-07-14,4.6904566949876
1987-07-15,4.536072441152975
1987-07-16,4.565429998537298
1987-07-17,4.5609838156978615
1987-07-20,4.531870545217891
1987-07-21,4.734986431067506
1987-07-22,4.734798400827668
1987-07-23,4.669049959492436
1987-07-24,4.60288927061022
1987-07-27,4.441356103390333
1987-07-28,4.45578075449948
1987-07-29,4.669386566946909
1987-07-30,4.616414337282925
1987-07-31,4.654775709466334
1987-08-03,4.622522317530678
1987-08-04,4.606265295265678
1987-08-05,4.7329648016003185
1987-08-06,4.564850136461029
1987-08-07,4.34362820579828
1987-08-10,4.167485833329644
1987-08-11,4.112207377041995
1987-08-12,4.125305127819667
1987-08-13,3.9542068266728787
1987-08-14,4.090023185548801
1987-08-17,4.0035811411616
1987-08-18,4.2546080843448255
1987-08-19,4.268291480179938
1987-08-20,4.003501474461074
1987-08-21,4.08528756644751
1987-08-24,4.420040055215995
1987-08-25,4.400495132599525
1987-08-26,4.442993323539614
1987-08-27,4.720885039078194
1987-08-28,4.423004555632426
1987-08-31,4.204655142719968
1987-09-01,4.22066895474849
1987-09-02,4.136630259871773
1987-09-03,4.1528701404334285
1987-09-04,4.034625231628672
1987-09-07,4.231847730186646
1987-09-08,4.3271230840244925
1987-09-09,4.404764824706548
1987-09-10,4.386231797440221
1987-09-11,4.351124231174783
1987-09-14,4.180465257461139
1987-09-15,4.394696442745696
1987-09-16,4.466771534279985
1987-09-17,4.401014637515373
1987-09-18,4.518165306289179
1987-09-21,4.635141025181767
1987-09-22,4.7036052343392205
1987-09-23,4.983591344596743
1987-09-24,5.186114259056709
1987-09-25,5.307552629015823
1987-09-28,5.257048719965928
1987-09-29,5.1935675691964995
1987-09-30,5.402542080525734
1987-10-01,5.65441463854657
1987-10-02,6.144256949515016
1987-10-05,6.151820593363996
1987-10-06,6.164030587219944
1987-10-07,5.902887691396697
1987-10-08,6.249777053123503
1987-10-09,6.333177247844932
1987-10-12,6.722047167338424
1987-10-13,6.409758590967492
1987-10-14,6.376237998084424
1987-10-15,6.328469199773583
1987-10-16,6.490502268733249
1987-10-19,6.562794337042748
1987-10-20,6.676630621237969
1987-10-21,6.538062577533321
1987-10-22,6.619292243753175
1987-10-23,6.783909997318309
1987-10-26,6.778865488230732
1987-10-27,6.665817140880419
1987-10-28,6.4251701920027555
1987-10-29,6.631843270820388
1987-10-30,6.722639652769752
1987-11-02,7.331738345890558
1987-11-03,7.615112729110073
1987-11-04,7.253235662399077
1987-11-05,6.919473909921467
1987-11-06,7.098052899063163
1987-11-09,7.2842185247406315
1987-11-10,7.258088348745249
1987-11-11,7.483700799760521
1987-11-12,7.582375826867296
1987-11-13,7.615795545976563
1987-11-16,7.122816949621044
1987-11-17,7.390066863476313
1987-11-18,6.834330835667415
1987-11-19,7.211555951969577
1987-11-20,7.725473073295896
1987-11-23,8.770952874274927
1987-11-24,8.463108921033893
1987-11-25,8.429131407954959
1987-11-26,8.43944917203109
1987-11-27,8.504475588527692
1987-11-30,8.758771329504619
1987-12-01,8.92173489842202
1987-12-02,8.894500876436066
1987-12-03,8.367538411463224
1987-12-04,8.205526990446645
1987-12-07,8.019262883425128
1987-12-08,8.204602730475901
1987-12-09,8.232763983174527
1987-12-10,8.271211271961874
1987-12-11,8.040801806956157
1987-12-14,8.408475824840533
1987-12-15,8.445454399605179
1987-12-16,8.194720210920163
1987-12-17,7.9689941098178485
1987-12-18,8.043361284754114
1987-12-21,7.103440683291349
1987-12-22,7.2784729802857315
1987-12-23,7.001177741805414
1987-12-24,7.069583507534546
1987-12-25,7.219141943557059
1987-12-28,6.904268095756694
1987-12-29,6.853626899131692
1987-12-30,6.943575911749296
1987-12-31,7.07268151521974
1988-01-01,7.216030796276917
1988-01-04,7.043398147719323
1988-01-05,6.9247120125189765
1988-01-06,6.817650288716318
1988-01-07,6.244512194988674
1988-01-08,6.539993377438305
1988-01-11,6.499968383072465
1988-01-12,6.7290145250069955
1988-01-13,6.978537636929351
1988-01-14,7.4699279707302955
1988-01-15,7.193527044481689
1988-01-18,7.303095177704501
1988-01-19,7.267394197423695
1988-01-20,7.267237773375657
1988-01-21,7.4228069701065795
1988-01-22,7.256590339564386
1988-01-25,7.18227113844978
1988-01-26,6.66719976616928
1988-01-27,6.52826772749067
1988-01-28,6.914456846821729
1988-01-29,7.085348459739601
1988-02-01,7.231265393422826
1988-02-02,7.427302712370856
1988-02-03,7.41657116498554
1988-02-04,7.6927193693728375
1988-02-05,7.522390282512827
1988-02-08,7.471019071320312
1988-02-09,7.415044055932072
1988-02-10,7.710243520505766
1988-02-11,7.519812348297334
1988-02-12,7.443809852031892
1988-02-15,7.307975881034945
1988-02-16,7.72403412608854
1988-02-17,8.008380486144828
1988-02-18,8.133387903560036
1988-02-19,8.348976231193063
1988-02-22,8.073561076411654
1988-02-23,8.232619351860187
1988-02-24,8.324898703357615
1988-02-25,8.10944837494566
1988-02-26,7.687853323294989
1988-02-29,7.710486952323008
1988-03-01,7.709342870474391
1988-03-02,7.276217207323823
1988-03-03,7.338848056629198
1988-03-04,7.521749969522468
1988-03-07,7.787722517811972
1988-03-08,7.752521567759745
1988-03-09,7.808323734428496
1988-03-10,8.081064465972533
1988-03-11,8.067095838733229
1988-03-14,7.874609991005717
1988-03-15,7.688737590014847
1988-03-16,7.906860589598218
1988-03-17,7.958939054012839
1988-03-18,7.868653341664011
1988-03-21,7.660681711110234
1988-03-22,7.569801783084565
1988-03-23,7.598075240858525
1988-03-24,8.008667114713502
1988-03-25,8.336021138639834
1988-03-28,8.83480327059543
1988-03-29,8.680074946814965
1988-03-30,8.148977364044315
1988-03-31,8.085608371943708
1988-04-01,8.2400937744133
1988-04-04,8.318910046923593
1988-04-05,9.024144527039708
1988-04-06,9.263044380353818
1988-04-07,9.070197189324627
1988-04-08,9.442835712090545
1988-04-11,8.941636186207443
1988-04-12,8.803895550368589
1988-04-13,8.696377505883536
1988-04-14,9.078509516076638
1988-04-15,9.185766033561292
1988-04-18,8.944348510937662
1988-04-19,8.21689268524133
1988-04-20,7.899054737749507
1988-04-21,8.037767523251668
1988-04-22,8.707699867645442
1988-04-25,8.659540514965137
1988-04-26,8.172054335958382
1988-04-27,8.408765093211208
1988-04-28,8.54676826565402
1988-04-29,8.399684576968534
1988-05-02,8.048484010123792
1988-05-03,7.890681613030472
1988-05-04,7.889918963203558
1988-05-05,7.8259615461440175
1988-05-06,7.523114928563586
1988-05-09,7.199494121415472
1988-05-10,7.018473110732848
1988-05-11,7.174501358244751
1988-05-12,7.096453454764325
1988-05-13,7.337837857949677
1988-05-16,7.219397213528712
1988-05-17,7.413117240185813
1988-05-18,7.598993877999995
1988-05-19,7.512132543955943
1988-05-20,7.972532390556206
1988-05-23,8.199678857240448
1988-05-24,8.516574914188057
1988-05-25,8.740623125513315
1988-05-26,8.63733115710462
1988-05-27,9.117119053629157
1988-05-30,9.396570558754606
1988-05-31,9.450849298501073
1988-06-01,9.797039146289782
1988-06-02,10.198279393152745
1988-06-03,10.550979564903312
1988-06-06,10.506276653562194
1988-06-07,10.120535846014825
1988-06-08,10.392155206279782
1988-06-09,10.459767554500853
1988-06-10,10.078828488067996
1988-06-13,10.106172533955448
1988-06-14,10.242622571383405
1988-06-15,10.286780482216582
1988-06-16,9.53229147060032
1988-06-17,9.687640216349438
1988-06-20,9.551530682558063
1988-06-21,9.48082198389819
1988-06-22,9.675717708570048
1988-06-23,8.761825892346717
1988-06-24,8.418824204207096
1988-06-27,8.765697245968788
1988-06-28,8.714348198160348
1988-06-29,8.946082838826824
1988-06-30,9.12267978504412
1988-07-01,9.178923262785423
1988-07-04,9.117078802673054
1988-07-05,9.242663113495693
1988-07-06,9.290766145307275
1988-07-07,8.848327202107832
1988-07-08,8.34449900542816
1988-07-11,8.432531331795168
1988-07-12,8.17417130162922
1988-07-13,8.460013802009634
1988-07-14,7.984943552830093
1988-07-15,8.22969041893644
1988-07-18,8.4418464417431
1988-07-19,8.459197841224265
1988-07-20,7.874651674460315
1988-07-21,7.800520170281313
1988-07-22,7.977620938237035
1988-07-25,7.347059850880015
1988-07-26,7.538544716259387
1988-07-27,7.263478081762189
1988-07-28,6.890417454878198
1988-07-29,7.068462536703441
1988-08-01,7.007229455803415
1988-08-02,7.0956105293202825
1988-08-03,7.117115308830634
1988-08-04,7.022020972933138
1988-08-05,6.5511940771947845
1988-08-08,6.66216388185212
1988-08-09,6.825436266947415
1988-08-10,6.8916863540210365
1988-08-11,6.989904547251395
1988-08-12,7.017757202590242
1988-08-15,6.955078362005597
1988-08-16,7.239513240397143
1988-08-17,7.566342268651439
1988-08-18,8.03460124292726
1988-08-19,7.561566094437208
1988-08-22,7.9687387757596735
1988-08-23,8.003788309201639
1988-08-24,7.850095749324374
1988-08-25,7.52658590515929
1988-08-26,7.710468888470309
1988-08-29,7.830156248835369
1988-08-30,7.9252916577536965
1988-08-31,8.051797710099029
1988-09-01,8.214557824421865
1988-09-02,8.72117755115272
1988-09-05,8.79117677516625
1988-09-06,8.961160749648169
1988-09-07,8.83581895445902
1988-09-08,9.432079895921646
1988-09-09,8.927484813874171
1988-09-12,9.308973332923506
1988-09-13,9.398590132273256
1988-09-14,9.332282988012304
1988-09-15,8.958777751466178
1988-09-16,9.185073516601268
1988-09-19,8.941133934864228
1988-09-20,9.270112216645233
1988-09-21,9.229167623021688
1988-09-22,8.77232210643148
1988-09-23,8.811332877069201
1988-09-26,8.821762982811212
1988-09-27,9.45176126041118
1988-09-28,9.803026857356222
1988-09-29,10.37190483306859
1988-09-30,10.649220201108205
1988-10-03,10.199444526446785
1988-10-04,10.502409478029499
1988-10-05,10.339422534551527
1988-10-06,10.154648105785368
1988-10-07,10.381599627691038
1988-10-10,10.18283031444029
1988-10-11,10.682363361966381
1988-10-12,10.117589827132925
1988-10-13,10.11041803298231
1988-10-14,10.11098301796569
1988-10-17,9.755077304659888
1988-10-18,9.628567018380881
1988-10-19,9.474687224809392
1988-10-20,8.977286744995778
1988-10-21,8.74797316452632
1988-10-24,8.702892477108252
1988-10-25,8.638506193757127
1988-10-26,8.85254713065825
1988-10-27,9.253298212897523
1988-10-28,9.148394497987255
1988-10-31,8.785503690626603
1988-11-01,8.906965949754337
1988-11-02,8.858480395575041
1988-11-03,9.155543610110566
1988-11-04,9.113592358645402
1988-11-07,9.12175386950401
1988-11-08,9.059713829570036
1988-11-09,9.516658941437315
1988-11-10,9.55220833046498
1988-11-11,9.903442734354696
1988-11-14,9.7875300630506
1988-11-15,9.988169046750226
1988-11-16,10.24367849518477
1988-11-17,10.133624459776502
1988-11-18,10.410463824466092
1988-11-21,9.86735944656668
1988-11-22,9.947615004914184
1988-11-23,10.159841200236771
1988-11-24,9.909521498898203
1988-11-25,9.73796656457366
1988-11-28,9.378484666875433
1988-11-29,9.05995620149671
1988-11-30,8.806689689714363
1988-12-01,9.04803640626611
1988-12-02,8.811328179176934
1988-12-05,8.242510244556088
1988-12-06,8.381451844552908
1988-12-07,7.857617489555814
1988-12-08,7.83796168957522
1988-12-09,7.7534801752122755
1988-12-12,7.65508630590352
1988-12-13,7.290223160767535
1988-12-14,7.385297004565761
1988-12-15,7.191968898030283
1988-12-16,6.469393094886511
1988-12-19,6.633381212590885
1988-12-20,6.733815373760323
1988-12-21,7.033372716837001
1988-12-22,7.053596376854781
1988-12-23,7.1780009940641865
1988-12-26,7.032130097460405
1988-12-27,6.602024300105962
1988-12-28,6.430621174555756
1988-12-29,6.532804132344578
1988-12-30,6.585678357705351
1989-01-02,6.521461521767094
1989-01-03,6.4270516942998634
1989-01-04,6.183189070213975
1989-01-05,6.119777179109599
1989-01-06,6.051626542409635
1989-01-09,6.309697192162604
1989-01-10,6.390551631861305
1989-01-11,6.411226470871706
1989-01-12,6.451818432443017
1989-01-13,6.777458118793709
1989-01-16,6.674256361834052
1989-01-17,6.541530015224022
1989-01-18,6.890267537456211
1989-01-19,7.0505872961526626
1989-01-20,6.892502233386556
1989-01-23,7.266430171822085
1989-01-24,7.175099642881053
1989-01-25,7.085225922057088
1989-01-26,6.765822604337682
1989-01-27,6.50896455213372
1989-01-30,6.7136594547073685
1989-01-31,6.675392740480477
1989-02-01,6.660622092578671
1989-02-02,6.94330838572427
1989-02-03,7.050012728428112
1989-02-06,6.78354157821342
1989-02-07,7.045259881133715
1989-02-08,7.276841736269251
1989-02-09,7.234906896322454
1989-02-10,6.923582269025389
1989-02-13,6.999881317777863
1989-02-14,6.7734642788631305
1989-02-15,6.7074853914687145
1989-02-16,6.657529726395744
1989-02-17,6.458435258396776
1989-02-20,6.744637388283312
1989-02-21,6.591569643967223
1989-02-22,6.866457662098036
1989-02-23,6.8828433725176215
1989-02-24,6.56344768589442
1989-02-27,6.5302887644751655
1989-02-28,6.81605289695391
1989-03-01,6.772639596529029
1989-03-02,6.609643147783803
1989-03-03,6.816396008659935
1989-03-06,6.629335304397907
1989-03-07,6.027748471230259
1989-03-08,5.964296687502641
1989-03-09,5.94743686892226
1989-03-10,5.887589815103837
1989-03-13,5.894392881392687
1989-03-14,5.854351290888148
1989-03-15,5.676716723238091
1989-03-16,5.602541944759626
1989-03-17,5.6927506276952045
1989-03-20,5.92783150418069
1989-03-21,5.691672757436869
1989-03-22,5.494079816750384
1989-03-23,5.611774016381814
1989-03-24,5.941629199459932
1989-03-27,5.822008827419243
1989-03-28,5.638797450831433
1989-03-29,5.848705564467954
1989-03-30,6.056743339364183
1989-03-31,5.643878229253636
1989-04-03,5.3289152985310935
1989-04-04,5.140697479283785
1989-04-05,5.25884468675802
1989-04-06,5.249122709845992
1989-04-07,5.285137890415603
1989-04-10,5.54161995559591
1989-04-11,5.263460677595962
1989-04-12,5.142537504684772
1989-04-13,5.196569842030886
1989-04-14,5.321789056496329
1989-04-17,5.236714160509523
1989-04-18,5.066553392217104
1989-04-19,5.244807189265408
1989-04-20,5.291675789294684
1989-04-21,5.043705897999297
1989-04-24,5.2890806676276005
1989-04-25,5.36158619347107
1989-04-26,5.507155781090845
1989-04-27,5.523432448568923
1989-04-28,5.385832381778333
1989-05-01,5.416310697311877
1989-05-02,5.63335142394302
1989-05-03,5.576087488479802
1989-05-04,5.3948488646407196
1989-05-05,5.871277536625256
1989-05-08,5.898696197851565
1989-05-09,5.928566814587849
1989-05-10,5.877093926866421
1989-05-11,5.9349309917079145
1989-05-12,5.416175257921334
1989-05-15,5.562747638714747
1989-05-16,5.668538933533487
1989-05-17,5.872450456765836
1989-05-18,5.904252164276064
1989-05-19,5.843762559432428
1989-05-22,6.05792366864912
1989-05-23,6.322697147714445
1989-05-24,5.370633341542088
1989-05-25,5.363581389552665
1989-05-26,5.282647942607448
1989-05-29,4.987232321595953
1989-05-30,4.898530250452806
1989-05-31,4.96299329555103
1989-06-01,5.1257260801482545
1989-06-02,5.220146824165012
1989-06-05,5.269922078359499
1989-06-06,5.36637975390536
1989-06-07,5.2656974410404995
1989-06-08,5.243074912489832
1989-06-09,5.404252379368212
1989-06-12,5.3875720417660204
1989-06-13,5.431343786065329
1989-06-14,5.488052609620306
1989-06-15,5.598721372212597
1989-06-16,5.383080835605386
1989-06-19,5.6072994528296
1989-06-20,5.503077049680877
1989-06-21,5.480197076027941
1989-06-22,5.404545905484887
1989-06-23,5.368696470993807
1989-06-26,5.351799698101509
1989-06-27,5.051639759430161
1989-06-28,5.113523442815327
1989-06-29,5.094020610615939
1989-06-30,5.369316468360662
1989-07-03,5.475438726067106
1989-07-04,5.533308469013326
1989-07-05,5.817273137407172
1989-07-06,6.0902058778344985
1989-07-07,6.428531519671218
1989-07-10,6.319345427483716
1989-07-11,6.080592592542788
1989-07-12,5.738932831236709
1989-07-13,5.936631663364966
1989-07-14,5.5776768065079185
1989-07-17,5.617866694498105
1989-07-18,5.7796959770096015
1989-07-19,5.501636491547262
1989-07-20,5.329948239115877
1989-07-21,5.543876678446761
1989-07-24,5.637115135526002
1989-07-25,5.861418319947062
1989-07-26,5.907335777961139
1989-07-27,5.72675201088486
1989-07-28,5.64251623243813
1989-07-31,5.815112014217124
1989-08-01,5.520858662686608
1989-08-02,5.425959464191818
1989-08-03,5.308930136967599
1989-08-04,5.294689040595448
1989-08-07,5.405842441279754
1989-08-08,5.615904918045578
1989-08-09,5.370729608706245
1989-08-10,5.218246402344752
1989-08-11,5.0077423445186975
1989-08-14,5.001411834136223
1989-08-15,4.816981553208471
1989-08-16,4.875122081239995
1989-08-17,4.713660286257135
1989-08-18,4.923095658724628
1989-08-21,4.652956969783545
1989-08-22,4.526941825186803
1989-08-23,4.783341531377722
1989-08-24,4.81478457514283
1989-08-25,4.735864410976897
1989-08-28,5.1883116230944815
1989-08-29,5.14057867138212
1989-08-30,5.241420586004641
1989-08-31,5.105034103725793
1989-09-01,4.945012728753367
1989-09-04,5.052873252393398
1989-09-05,5.357425950465988
1989-09-06,5.275729559626342
1989-09-07,5.098510044326756
1989-09-08,5.272011438843823
1989-09-11,5.712873213224012
1989-09-12,5.723233166608764
1989-09-13,5.528831765555928
1989-09-14,5.436858462738272
1989-09-15,5.1950826330136834
1989-09-18,5.536137791913755
1989-09-19,5.547499170168842
1989-09-20,5.464417144664512
1989-09-21,5.183558215037066
1989-09-22,5.130587769973009
1989-09-25,5.054692192955004
1989-09-26,4.927783868678378
1989-09-27,4.861274103855177
1989-09-28,4.670896368001026
1989-09-29,4.830246851536738
1989-10-02,4.971675181651448
1989-10-03,5.173253504836439
1989-10-04,4.8919831815383565
1989-10-05,5.200464263493256
1989-10-06,5.174219463619361
1989-10-09,4.945071177181235
1989-10-10,4.763202643362929
1989-10-11,4.748780784821096
1989-10-12,4.5369378104418985
1989-10-13,4.31982998773728
1989-10-16,4.366633672891086
1989-10-17,4.281037647257451
1989-10-18,4.210406776270166
1989-10-19,4.120821085063293
1989-10-20,4.2180262396090935
1989-10-23,4.108842707799635
1989-10-24,4.0016284919158345
1989-10-25,4.2648560140728184
1989-10-26,4.127367737829412
1989-10-27,3.9551702800095287
1989-10-30,3.9462673102413395
1989-10-31,3.870501486941515
1989-11-01,3.877773712870786
1989-11-02,3.9846538961407054
1989-11-03,3.9570866471120336
1989-11-06,3.9736032228906675
1989-11-07,4.096672658777192
1989-11-08,4.125692537699149
1989-11-09,4.046397418271356
1989-11-10,4.176732947120209
1989-11-13,4.227979036548346
1989-11-14,4.4485834861132725
1989-11-15,4.6232565088165885
1989-11-16,4.532556389609507
1989-11-17,4.536635436278135
1989-11-20,4.50833307735053
1989-11-21,4.265025858747968
1989-11-22,4.123370377015344
1989-11-23,4.3914531906554615
1989-11-24,4.240332366930765
1989-11-27,3.8883538134431364
1989-11-28,3.8117362445564904
1989-11-29,3.8528461327456793
1989-11-30,3.5964266627921093
1989-12-01,3.7448094883812804
1989-12-04,3.7436620716411193
1989-12-05,3.612424800408092
1989-12-06,3.526127710418944
1989-12-07,3.5689290700762273
1989-12-08,3.4753714186199716
1989-12-11,3.6826294226567406
1989-12-12,3.667294652905117
1989-12-13,4.067138986235884
1989-12-14,4.161401405028004
1989-12-15,4.206488361758517
1989-12-18,4.254811490877601
1989-12-19,4.248696986068209
1989-12-20,4.190432257841539
1989-12-21,4.081149476760991
1989-12-22,4.095968144837955
1989-12-25,4.167257096246554
1989-12-26,4.086967147195187
1989-12-27,3.9658770236575593
1989-12-28,3.9600010515479016
1989-12-29,3.8926204163550095
1990-01-01,4.022247381383543
1990-01-02,4.140399695608038
1990-01-03,4.210220969209297
1990-01-04,4.210353806884692
1990-01-05,4.295956865078367
1990-01-08,4.228043002564254
1990-01-09,4.346689299732995
1990-01-10,4.496525505653581
1990-01-11,4.474629856422206
1990-01-12,4.417462930223794
1990-01-15,4.448773016496548
1990-01-16,4.291751351823531
1990-01-17,4.34431016460558
1990-01-18,4.33265400041623
1990-01-19,4.453267419722122
1990-01-22,4.452091169813321
1990-01-23,4.427841745230775
1990-01-24,4.198304310228634
1990-01-25,4.285242856676111
1990-01-26,4.337326908091971
1990-01-29,4.311140436079129
1990-01-30,4.290821140729105
1990-01-31,4.259331115135156
1990-02-01,4.2397827939330055
1990-02-02,4.343639445805875
1990-02-05,4.451259847376147
1990-02-06,4.399702427142217
1990-02-07,4.302568624203908
1990-02-08,4.327684129410351
1990-02-09,4.30235076542421
1990-02-12,4.202363541043368
1990-02-13,4.192945379014928
1990-02-14,4.24989164284935
1990-02-15,4.018466866445129
1990-02-16,4.305742333630392
1990-02-19,4.478091191009864
1990-02-20,4.36513326455574
1990-02-21,4.141048138538879
1990-02-22,4.175324522146129
1990-02-23,4.246453758883872
1990-02-26,4.073219588357588
1990-02-27,4.310996966796162
1990-02-28,4.258301534638407
1990-03-01,4.186309450117966
1990-03-02,4.079698817588063
1990-03-05,4.18849717232637
1990-03-06,4.303409942744374
1990-03-07,4.157008141867872
1990-03-08,4.131534130237782
1990-03-09,4.180368954948931
1990-03-12,4.372314645553929
1990-03-13,4.110277806483936
1990-03-14,4.002970038951706
1990-03-15,3.9480809676836652
1990-03-16,3.6958986980543154
1990-03-19,3.68218662455776
1990-03-20,3.743827396810293
1990-03-21,3.6913804210219423
1990-03-22,3.695783915825132
1990-03-23,3.6324008348112935
1990-03-26,3.6492140636303967
1990-03-27,3.755414820208994
1990-03-28,3.5792258819804355
1990-03-29,3.3809620024909344
1990-03-30,3.422833435802109
1990-04-02,3.462735371146553
1990-04-03,3.5854069451087605
1990-04-04,3.6294764624298708
1990-04-05,3.6984582963895747
1990-04-06,3.619522305803438
1990-04-09,3.7367598544679934
1990-04-10,3.659283226756656
1990-04-11,3.4550121441965835
1990-04-12,3.3465710005373914
1990-04-13,3.4501530853896236
1990-04-16,3.444021335033324
1990-04-17,3.3524909256028432
1990-04-18,3.27363628389948
1990-04-19,3.4106582500197242
1990-04-20,3.3897627949857685
1990-04-23,3.427809768857646
1990-04-24,3.697302132211832
1990-04-25,3.607537510140033
1990-04-26,3.7563079076584596
1990-04-27,3.6681537684933314
1990-04-30,3.7051922876084094
1990-05-01,3.838559304086043
1990-05-02,3.824083556854304
1990-05-03,3.660953351776713
1990-05-04,3.606709789990333
1990-05-07,3.4235495082568166
1990-05-08,3.531089313504091
1990-05-09,3.7335799430378795
1990-05-10,3.7100143819315976
1990-05-11,3.6219489849722346
1990-05-14,3.7173508510146775
1990-05-15,3.990003945192058
1990-05-16,4.124157457446851
1990-05-17,4.166179079178733
1990-05-18,3.9795413792543406
1990-05-21,3.7980900438830116
1990-05-22,3.7767605724153706
1990-05-23,3.783779314156218
1990-05-24,3.7440431183530967
1990-05-25,3.6753291071691065
1990-05-28,3.5871355826039704
1990-05-29,3.569146132471119
1990-05-30,3.59455118885648
1990-05-31,3.894609391378927
1990-06-01,3.680637276032041
1990-06-04,3.7784628438412313
1990-06-05,3.7150321341223522
1990-06-06,3.6144014945794973
1990-06-07,3.5683423923462385
1990-06-08,3.603804425709812
1990-06-11,3.391231538245845
1990-06-12,3.5059085368791525
1990-06-13,3.53584910895154
1990-06-14,3.535993662303759
1990-06-15,3.483112324363318
1990-06-18,3.162688554206475
1990-06-19,3.1059204902619273
1990-06-20,3.0835785683910353
1990-06-21,3.2412606304722176
1990-06-22,3.233115583316599
1990-06-25,3.2440119343763194
1990-06-26,3.156469555497954
1990-06-27,3.1424124906441495
1990-06-28,2.992658636744199
1990-06-29,2.9640600043800434
1990-07-02,3.0353224490560318
1990-07-03,3.019640831311351
1990-07-04,2.998252836880142
1990-07-05,3.0688006989138734
1990-07-06,3.1414942882312085
1990-07-09,2.973264996425341
1990-07-10,3.0599182618390905
1990-07-11,3.2116310416016822
1990-07-12,3.1599965938225627
1990-07-13,3.1179568742844967
1990-07-16,3.1066497297654885
1990-07-17,3.005338032228254
1990-07-18,3.130223101149433
1990-07-19,3.307062335974493
1990-07-20,3.416070444284566
1990-07-23,3.2318100459573516
1990-07-24,3.1621302224399517
1990-07-25,3.050492029644004
1990-07-26,2.866070805858143
1990-07-27,2.7254761053295993
1990-07-30,2.770837893623553
1990-07-31,2.7442270005988525
1990-08-01,2.7243424531050233
1990-08-02,2.654254170712021
1990-08-03,2.7637794627066317
1990-08-06,2.6313919587449655
1990-08-07,2.6844846456758367
1990-08-08,2.6862428020394753
1990-08-09,2.83013208071409
1990-08-10,2.92596205779569
1990-08-13,2.8267144970273104
1990-08-14,2.892052520758494
1990-08-15,2.9369052674961393
1990-08-16,2.931209946481565
1990-08-17,2.990477566821218
1990-08-20,2.930831446670269
1990-08-21,2.9416494257409873
1990-08-22,2.9447390095390307
1990-08-23,2.872952262571964
1990-08-24,2.845366171024362
1990-08-27,2.802885609170922
1990-08-28,2.8402049687795903
1990-08-29,2.963493377111826
1990-08-30,2.8441121632759425
1990-08-31,2.884848797400362
1990-09-03,2.8384816609087262
1990-09-04,2.9278026293881
1990-09-05,2.968340013207725
1990-09-06,2.8284695180971453
1990-09-07,2.8471263390382875
1990-09-10,2.836896067127443
1990-09-11,2.7308377264032573
1990-09-12,2.6883156457124016
1990-09-13,2.702325331505345
1990-09-14,2.6626851681478874
1990-09-17,2.758133034664631
1990-09-18,2.7476055123900878
1990-09-19,2.6988226254916907
1990-09-20,2.7178079924336687
1990-09-21,2.7484611919025164
1990-09-24,2.836076985346655
1990-09-25,2.84299758250325
1990-09-26,2.496532897645065
1990-09-27,2.5216457766559413
1990-09-28,2.4978766023384407
1990-10-01,2.634640485902814
1990-10-02,2.671144538338695
1990-10-03,2.687101458886489
1990-10-04,2.6477153553377657
1990-10-05,2.744914410073288
1990-10-08,2.6084120730737226
1990-10-09,2.6274410938911648
1990-10-10,2.4955572113821822
1990-10-11,2.4476740855205565
1990-10-12,2.517044891580595
1990-10-15,2.54667714049079
1990-10-16,2.563365957767526
1990-10-17,2.4845569158806495
1990-10-18,2.481780762259388
1990-10-19,2.5144109454183616
1990-10-22,2.5950941247884205
1990-10-23,2.640167509952424
1990-10-24,2.714570759583398
1990-10-25,2.5999371028546223
1990-10-26,2.6148713315080583
1990-10-29,2.702395093316214
1990-10-30,2.5237320086792283
1990-10-31,2.5080198650047563
1990-11-01,2.5417729736515366
1990-11-02,2.6396099682435716
1990-11-05,2.6508992060827934
1990-11-06,2.652284471728435
1990-11-07,2.67965318249981
1990-11-08,2.7162268648785077
1990-11-09,2.645526347877585
1990-11-12,2.6066977316229116
1990-11-13,2.465795427412795
1990-11-14,2.4185528797545706
1990-11-15,2.339595211672949
1990-11-16,2.278763124996389
1990-11-19,2.4505800023547524
1990-11-20,2.53951528891226
1990-11-21,2.457998517750801
1990-11-22,2.3616545231259893
1990-11-23,2.32073267976512
1990-11-26,2.2278803177114077
1990-11-27,2.2496569036227307
1990-11-28,2.270284797071431
1990-11-29,2.210397609281051
1990-11-30,2.2631861182729294
1990-12-03,2.3172113748349528
1990-12-04,2.2700007466362244
1990-12-05,2.207953315555604
1990-12-06,2.1817247166101916
1990-12-07,2.224268767668246
1990-12-10,2.383256495439009
1990-12-11,2.4272873222210176
1990-12-12,2.3437899851407566
1990-12-13,2.370641103135007
1990-12-14,2.3814684732058753
1990-12-17,2.3877272343148825
1990-12-18,2.2938550780512665
1990-12-19,2.320020659593807
1990-12-20,2.320103556978309
1990-12-21,2.2377996547575023
1990-12-24,2.370692086161808
1990-12-25,2.2796887625636244
1990-12-26,2.315613101876727
1990-12-27,2.306542902512514
1990-12-28,2.2826758514989804
1990-12-31,2.3814119397986477
1991-01-01,2.456627950599601
1991-01-02,2.447027727743381
1991-01-03,2.3860682902723296
1991-01-04,2.3527694276830085
1991-01-07,2.3333822303977465
1991-01-08,2.4086858891239444
1991-01-09,2.440061284274821
1991-01-10,2.521580665477052
1991-01-11,2.4197331378530866
1991-01-14,2.5082122231312387
1991-01-15,2.630330039010686
1991-01-16,2.569586181601466
1991-01-17,2.639801475655345
1991-01-18,2.7590442031524276
1991-01-21,2.7111457723897066
1991-01-22,2.621092887504278
1991-01-23,2.642205285137793
1991-01-24,2.496752239431002
1991-01-25,2.58660739381825
1991-01-28,2.5171977652287936
1991-01-29,2.4990773497598475
1991-01-30,2.5583498292528066
1991-01-31,2.6067101267837414
1991-02-01,2.6655312547404195
1991-02-04,2.603516215610728
1991-02-05,2.631953879281443
1991-02-06,2.7093530555592755
1991-02-07,2.659881196057839
1991-02-08,2.8251821253018092
1991-02-11,2.8080707454766904
1991-02-12,2.6475999123549085
1991-02-13,2.6314625232227864
1991-02-14,2.7489412869351475
1991-02-15,2.6699245337897284
1991-02-18,2.587228412567783
1991-02-19,2.6224643758589
1991-02-20,2.535106716286468
1991-02-21,2.447891736286481
1991-02-22,2.386432473575439
1991-02-25,2.5174716147132292
1991-02-26,2.561174280601089
1991-02-27,2.5679369222782884
1991-02-28,2.5078771885174262
1991-03-01,2.580763942007244
1991-03-04,2.634400886277133
1991-03-05,2.786370360662968
1991-03-06,2.705208743915493
1991-03-07,2.6168352508191988
1991-03-08,2.469459336983528
1991-03-11,2.514496808576552
1991-03-12,2.5363904871851886
1991-03-13,2.50667115743222
1991-03-14,2.3644453978650204
1991-03-15,2.4814724659914944
1991-03-18,2.4987891069790082
1991-03-19,2.6014059037910195
1991-03-20,2.717648619047214
1991-03-21,2.7639085604682196
1991-03-22,2.8247701939508794
1991-03-25,2.770202702654407
1991-03-26,2.7814209035405097
1991-03-27,2.876484463057289
1991-03-28,2.803601583112529
1991-03-29,2.8917903790265207
1991-04-01,2.975589114081059
1991-04-02,3.058751553598593
1991-04-03,3.0635102132885934
1991-04-04,2.9921481034670547
1991-04-05,3.1766069726342563
1991-04-08,3.323826357799225
1991-04-09,3.3310123826136326
1991-04-10,3.3582955068509324
1991-04-11,3.3299082164720675
1991-04-12,3.146629005127392
1991-04-15,3.13832233094912
1991-04-16,3.1917309986223916
1991-04-17,3.135140535907514
1991-04-18,3.103997279573281
1991-04-19,3.0723489930647716
1991-04-22,3.085492079921857
1991-04-23,3.0638427802037307
1991-04-24,2.9812139141894893
1991-04-25,2.993817210717823
1991-04-26,3.039643864209618
1991-04-29,3.061460882499335
1991-04-30,2.8869880158890493
1991-05-01,2.9495647803276603
1991-05-02,2.8440310392566333
1991-05-03,2.886206840140379
1991-05-06,2.933253217872595
1991-05-07,2.7970247043841807
1991-05-08,2.8815383073407976
1991-05-09,3.0581055858162602
1991-05-10,3.030697185863056
1991-05-13,3.0752693164582103
1991-05-14,3.0310599697488616
1991-05-15,2.921285757187851
1991-05-16,3.019531677942849
1991-05-17,3.0665538324724375
1991-05-20,3.000887387661274
1991-05-21,2.8959298631630745
1991-05-22,3.080192798613772
1991-05-23,2.94975204957506
1991-05-24,3.0097797919735303
1991-05-27,3.028020014966958
1991-05-28,3.1070705537923304
1991-05-29,3.2669228357234292
1991-05-30,3.010920055275146
1991-05-31,2.9150215660688708
1991-06-03,2.904826877144867
1991-06-04,3.0641352426836312
1991-06-05,3.0242016223813426
1991-06-06,2.966775246952684
1991-06-07,2.767311709524619
1991-06-10,2.7071099631603195
1991-06-11,2.7593589381357617
1991-06-12,2.7505795289364134
1991-06-13,2.688726865692842
1991-06-14,2.8617090889016876
1991-06-17,2.8359808352377414
1991-06-18,2.8485608424413353
1991-06-19,2.779074392683226
1991-06-20,2.6783186088746125
1991-06-21,2.7424579155475555
1991-06-24,2.6008879451776696
1991-06-25,2.6433782070095693
1991-06-26,2.415974799526221
1991-06-27,2.4437279509425993
1991-06-28,2.362523699341888
1991-07-01,2.297934452962452
1991-07-02,2.2788530489711665
1991-07-03,2.1919735278514185
1991-07-04,2.0642365416323236
1991-07-05,2.054004388637153
1991-07-08,2.10807057725635
1991-07-09,2.1259325898840626
1991-07-10,2.208354555450604
1991-07-11,2.086597408719813
1991-07-12,2.0614689507905752
1991-07-15,2.0658113539576104
1991-07-16,2.0099335261614484
1991-07-17,2.0171402838600367
1991-07-18,2.091238210371468
1991-07-19,2.1284354231736073
1991-07-22,2.217874340204973
1991-07-23,2.240668421448634
1991-07-24,2.234874591047882
1991-07-25,2.352441830928054
1991-07-26,2.3632347631764934
1991-07-29,2.5080621788025383
1991-07-30,2.5865052661835013
1991-07-31,2.531623323659766
1991-08-01,2.5162107176433173
1991-08-02,2.647030451024259
1991-08-05,2.7484803983070876
1991-08-06,2.8176656150721193
1991-08-07,2.8771589125425128
1991-08-08,2.7584923988555468
1991-08-09,2.662032684010517
1991-08-12,2.68398514224835
1991-08-13,2.8807405431855866
1991-08-14,2.8026615118979867
1991-08-15,2.7789993559468718
1991-08-16,2.7492965617023986
1991-08-19,2.8025260167487853
1991-08-20,2.8289997700933642
1991-08-21,2.9284691324461622
1991-08-22,2.957758343822525
1991-08-23,2.9795890821563713
1991-08-26,2.980206795046037
1991-08-27,3.10174340360769
1991-08-28,3.1032312213457214
1991-08-29,3.0334951626368736
1991-08-30,3.1022930558005797
1991-09-02,3.091213539010112
1991-09-03,3.185131197503704
1991-09-04,2.9082944593453988
1991-09-05,3.039090379438144
1991-09-06,3.0196796736244256
1991-09-09,3.150898000538014
1991-09-10,3.249548749306649
1991-09-11,3.1927152309847466
1991-09-12,3.107284966537829
1991-09-13,3.016826372015924
1991-09-16,2.9087953485114544
1991-09-17,3.024037433804001
1991-09-18,3.0061196766915765
1991-09-19,3.1798956564448653
1991-09-20,3.1126700235308
1991-09-23,3.0640142849295824
1991-09-24,3.1174778670197285
1991-09-25,3.2904669012477217
1991-09-26,3.2342327999647256
1991-09-27,3.321426846360528
1991-09-30,3.322133629416529
1991-10-01,3.3809408427044465
1991-10-02,3.2956544219794273
1991-10-03,3.371678157560965
1991-10-04,3.1532995225901983
1991-10-07,3.1502161011382586
1991-10-08,3.0676762878875343
1991-10-09,3.071739763219314
1991-10-10,3.08856834928726
1991-10-11,3.1266177235684225
1991-10-14,3.1545633035990956
1991-10-15,3.02321591925596
1991-10-16,3.1261245071535573
1991-10-17,3.1684017089948613
1991-10-18,3.1751352243732245
1991-10-21,3.212924801244284
1991-10-22,4.778213339351641
1991-10-23,4.6826220320889975
1991-10-24,4.564128571767057
1991-10-25,4.42990829168214
1991-10-28,4.401832280937477
1991-10-29,4.068286154521278
1991-10-30,4.285002570978447
1991-10-31,4.56296739828209
1991-11-01,4.414443269303208
1991-11-04,4.697423096094273
1991-11-05,4.54609129139507
1991-11-06,4.545482458258329
1991-11-07,4.601297036783308
1991-11-08,4.613471572551714
1991-11-11,4.531158615021786
1991-11-12,4.443917328756382
1991-11-13,4.5626041304242815
1991-11-14,4.748720461974492
1991-11-15,4.48949927170447
1991-11-18,4.524533102279028
1991-11-19,4.612637613603075
1991-11-20,4.637627250479734
1991-11-21,4.436612838173606
1991-11-22,4.510743483820407
1991-11-25,4.670389795185605
1991-11-26,4.548657680891939
1991-11-27,4.466116109991878
1991-11-28,4.493252132816683
1991-11-29,4.48058049207062
1991-12-02,4.4001244971184
1991-12-03,4.2360660096508305
1991-12-04,4.171118573388703
1991-12-05,3.9010706422276487
1991-12-06,3.980645112582733
1991-12-09,3.891218394807873
1991-12-10,3.9922657026756574
1991-12-11,3.962377694712966
1991-12-12,3.9796169125676224
1991-12-13,3.781726257907301
1991-12-16,3.8689764335851953
1991-12-17,4.212866227287816
1991-12-18,4.160671488942468
1991-12-19,4.175779379440174
1991-12-20,4.2080398995214034
1991-12-23,4.036032441871428
1991-12-24,3.9006584973409693
1991-12-25,3.969766798674283
1991-12-26,3.867628302337103
1991-12-27,3.8378628267545363
1991-12-30,3.855101174541827
1991-12-31,3.928338538690597
1992-01-01,3.9047031965084997
1992-01-02,3.88450433234055
1992-01-03,4.198437850229143
1992-01-06,4.331006422186912
1992-01-07,4.280817659850815
1992-01-08,4.259483786194399
1992-01-09,4.521417841644128
1992-01-10,4.606405923550039
1992-01-13,4.773072408351066
1992-01-14,4.713058323264084
1992-01-15,4.636795614494165
1992-01-16,4.870196470167403
1992-01-17,4.8562730760137045
1992-01-20,4.83995959380133
1992-01-21,4.769092731694779
1992-01-22,4.933990661453724
1992-01-23,5.122913879032182
1992-01-24,5.151528529097373
1992-01-27,4.6075037358675175
1992-01-28,5.0729528986446955
1992-01-29,5.149939388592344
1992-01-30,5.18285411812925
1992-01-31,5.301678614055262
1992-02-03,5.372333673112617
1992-02-04,5.523728861870723
1992-02-05,5.1759373517389236
1992-02-06,5.1052979417109885
1992-02-07,4.934827050246076
1992-02-10,4.628792872590194
1992-02-11,4.603917392436856
1992-02-12,4.744292648704081
1992-02-13,4.64901223416857
1992-02-14,4.696515089695342
1992-02-17,4.891012915414537
1992-02-18,4.845762310502822
1992-02-19,5.014788498161043
1992-02-20,5.1702819327375185
1992-02-21,5.216613139017928
1992-02-24,5.007171552518821
1992-02-25,4.690343381968696
1992-02-26,4.578462296231371
1992-02-27,4.508392416532691
1992-02-28,4.467310377584002
1992-03-02,4.552649047876103
1992-03-03,4.4383930575933
1992-03-04,4.527405613353114
1992-03-05,4.7784426546134
1992-03-06,4.746947558298233
1992-03-09,4.774162691293658
1992-03-10,5.0257103108445405
1992-03-11,5.147973320299108
1992-03-12,5.022532663381809
1992-03-13,5.31679410306059
1992-03-16,5.3419910392253875
1992-03-17,5.229378015146276
1992-03-18,4.953356993289894
1992-03-19,4.830015844964613
1992-03-20,4.125201940601204
1992-03-23,3.9771093084093745
1992-03-24,3.8863710350137985
1992-03-25,3.795166432859126
1992-03-26,3.7614837579356735
1992-03-27,3.9196414180806323
1992-03-30,3.936045353516075
1992-03-31,4.037702330968656
1992-04-01,4.046178577637211
1992-04-02,3.992334914031156
1992-04-03,3.7490022203279953
1992-04-06,3.630240785198393
1992-04-07,3.629652013778512
1992-04-08,3.6490398456257065
1992-04-09,3.7673553166531386
1992-04-10,3.5762323382100374
1992-04-13,3.836247827151015
1992-04-14,3.6015794009359543
1992-04-15,3.5936018364729723
1992-04-16,3.5264922522869697
1992-04-17,3.41696700661988
1992-04-20,3.5962070696322246
1992-04-21,3.5333361467800573
1992-04-22,3.347527687264767
1992-04-23,3.2152711574139516
1992-04-24,3.334883695111985
1992-04-27,3.20757240481715
1992-04-28,3.0627084330986243
1992-04-29,3.0820258467153185
1992-04-30,3.0552702215431715
1992-05-01,3.101663652024279
1992-05-04,3.062450242737797
1992-05-05,3.136327958916007
1992-05-06,3.0043900653583053
1992-05-07,2.862579470006253
1992-05-08,2.8896432892827817
1992-05-11,2.865061573775059
1992-05-12,2.8245083269547138
1992-05-13,2.883436782195377
1992-05-14,3.113249820630146
1992-05-15,2.968135382263961
1992-05-18,3.098710892045899
1992-05-19,3.167481011457754
1992-05-20,3.1177585379170614
1992-05-21,3.2915763559676905
1992-05-22,3.1621606564206908
1992-05-25,3.206084275382414
1992-05-26,3.18654820662019
1992-05-27,3.13650638983357
1992-05-28,3.0254993299139565
1992-05-29,3.103730805606069
1992-06-01,2.8837600725538453
1992-06-02,3.0091396215219155
1992-06-03,2.880233186897846
1992-06-04,2.804908788630862
1992-06-05,2.7986761452292135
1992-06-08,2.8523627012639814
1992-06-09,2.8093338337362304
1992-06-10,2.756420311596295
1992-06-11,2.862696353376715
1992-06-12,2.795630939171037
1992-06-15,2.7674199353387956
1992-06-16,2.555202930087062
1992-06-17,2.5957631225075217
1992-06-18,2.640781495869209
1992-06-19,2.6768079133658538
1992-06-22,2.707760928661589
1992-06-23,2.726924985472057
1992-06-24,2.7048958470949627
1992-06-25,2.78682721261401
1992-06-26,2.8397549220743596
1992-06-29,2.783843759586243
1992-06-30,2.7577310966054167
1992-07-01,2.649337854892909
1992-07-02,2.608173295912884
1992-07-03,2.515056735412094
1992-07-06,2.594247418697559
1992-07-07,2.8189730846919625
1992-07-08,2.711424844984142
1992-07-09,2.6948430255022005
1992-07-10,2.6643554932011178
1992-07-13,2.4897293431577188
1992-07-14,2.4351553963540087
1992-07-15,2.5862267688746914
1992-07-16,2.5983639448472515
1992-07-17,2.584041131175025
1992-07-20,2.4928942145040525
1992-07-21,2.558381088734039
1992-07-22,2.5156631669398326
1992-07-23,2.455824696380392
1992-07-24,2.5112431603206034
1992-07-27,2.496907069251007
1992-07-28,2.4191307848075834
1992-07-29,2.480922285273523
1992-07-30,2.4898806840307492
1992-07-31,2.554410110030607
1992-08-03,2.543825167158839
1992-08-04,2.774011422953319
1992-08-05,2.6301811465210707
1992-08-06,2.8525269053314646
1992-08-07,2.7967264321047263
1992-08-10,2.655667158408116
1992-08-11,2.6730666308437234
1992-08-12,2.7757179615608996
1992-08-13,2.812421268553047
1992-08-14,2.6540888978850736
1992-08-17,2.512661986248927
1992-08-18,2.3921492419452095
1992-08-19,2.3395317035243073
1992-08-20,2.237188071891554
1992-08-21,2.216740589026218
1992-08-24,2.0828874077694675
1992-08-25,2.068504837178642
1992-08-26,2.0932173856619
1992-08-27,2.1744795518680036
1992-08-28,2.188295812027144
1992-08-31,2.2910217984841723
1992-09-01,2.305475435092364
1992-09-02,2.2140309783020338
1992-09-03,2.186588792959956
1992-09-04,2.135496985952345
1992-09-07,2.139187283331137
1992-09-08,1.995728844018185
1992-09-09,2.0821983295938757
1992-09-10,2.1267228372883733
1992-09-11,2.1244662830566563
1992-09-14,2.3119339641761765
1992-09-15,2.454598910653639
1992-09-16,2.4977003230456853
1992-09-17,2.497535627776218
1992-09-18,2.473717078337408
1992-09-21,2.4441975983370416
1992-09-22,2.3841511091690055
1992-09-23,2.3261667787719436
1992-09-24,2.318793747402527
1992-09-25,2.401479770644996
1992-09-28,2.3928120018789527
1992-09-29,2.2848433077982446
1992-09-30,2.259791809601939
1992-10-01,2.185845823153198
1992-10-02,2.3021193220564706
1992-10-05,2.1514456204673835
1992-10-06,2.1510140447434822
1992-10-07,2.074732581292531
1992-10-08,2.0556344301820606
1992-10-09,2.0543609041315034
1992-10-12,2.1128997765724
1992-10-13,2.0815662433641413
1992-10-14,2.078165310388285
1992-10-15,1.908041737442065
1992-10-16,1.9914758735997748
1992-10-19,2.0781575345870746
1992-10-20,2.2348340316433193
1992-10-21,2.1662432689709576
1992-10-22,2.331055575683921
1992-10-23,2.304544247386606
1992-10-26,2.42368420440742
1992-10-27,2.4880522674225314
1992-10-28,2.446193214767835
1992-10-29,3.896683360289713
1992-10-30,4.075876315620914
1992-11-02,3.9089947032727244
1992-11-03,3.701683988640069
1992-11-04,3.6109185245107787
1992-11-05,3.708514501706636
1992-11-06,3.8402599781574005
1992-11-09,3.8288831403653436
1992-11-10,3.7950661517809667
1992-11-11,3.731961291525683
1992-11-12,3.8383423944949286
1992-11-13,3.801978028046164
1992-11-16,3.8065020811173955
1992-11-17,3.96323193916341
1992-11-18,4.000217241899488
1992-11-19,4.004593193376388
1992-11-20,3.9273735191189973
1992-11-23,3.9245346864431165
1992-11-24,3.8314126804634863
1992-11-25,3.8592463825814227
1992-11-26,3.7996521387981144
1992-11-27,3.756117167584435
1992-11-30,3.7546986133668563
1992-12-01,3.9725659042298953
1992-12-02,3.7689450884852116
1992-12-03,3.8148767737375024
1992-12-04,3.6751625959296566
1992-12-07,3.6406391711171584
1992-12-08,3.5737789832959885
1992-12-09,3.5033269630357204
1992-12-10,3.4383109553260165
1992-12-11,3.409578871996119
1992-12-14,3.332263250087418
1992-12-15,3.257314100528626
1992-12-16,3.198598307202111
1992-12-17,3.136325940300057
1992-12-18,3.051494750707621
1992-12-21,3.112603282824431
1992-12-22,3.073868248817889
1992-12-23,3.0532940364826127
1992-12-24,3.0253565196024392
1992-12-25,2.9632078237246016
1992-12-28,2.8800278310181255
1992-12-29,2.9479367767795304
1992-12-30,2.870050407421197
1992-12-31,2.798458819487149
1993-01-01,2.893497115492606
1993-01-04,2.843459029229803
1993-01-05,2.843205437227955
1993-01-06,2.8132742199439305
1993-01-07,2.80956208660089
1993-01-08,2.951328346639175
1993-01-11,2.8831295888561113
1993-01-12,2.941549910546964
1993-01-13,3.0103752693210777
1993-01-14,3.0725975193441317
1993-01-15,3.2214177443657244
1993-01-18,3.019643587796683
1993-01-19,2.888898614096693
1993-01-20,2.805967933871396
1993-01-21,2.7623923775150128
1993-01-22,2.7857985489579824
1993-01-25,2.710328867796546
1993-01-26,2.636446826123209
1993-01-27,2.644965147240712
1993-01-28,2.6881312297881386
1993-01-29,2.6866386163926146
1993-02-01,2.7350504729266474
1993-02-02,2.6022555018386786
1993-02-03,2.5447550261485943
1993-02-04,2.468982278943792
1993-02-05,2.427083866002331
1993-02-08,2.421990636349214
1993-02-09,2.290104441867741
1993-02-10,2.2508733206070137
1993-02-11,2.2011096727951585
1993-02-12,2.100323251340523
1993-02-15,2.1410444374252147
1993-02-16,2.140435575447038
1993-02-17,2.1051696558835005
1993-02-18,2.223995812255821
1993-02-19,2.1273873915389
1993-02-22,2.2524257024937167
1993-02-23,2.2348440370222895
1993-02-24,2.1800775389895315
1993-02-25,2.1458003084510775
1993-02-26,2.1188671720804044
1993-03-01,2.2552618137295255
1993-03-02,2.2756950309901005
1993-03-03,2.1979068183518042
1993-03-04,2.250510201742799
1993-03-05,2.22269127010697
1993-03-08,2.047774769753936
1993-03-09,2.0952050670495215
1993-03-10,2.1456334625117073
1993-03-11,2.1229189090186726
1993-03-12,2.0798183566336856
1993-03-15,2.13737448760394
1993-03-16,2.090614245139743
1993-03-17,2.1651251291669635
1993-03-18,2.119279954422718
1993-03-19,2.1105750859984083
1993-03-22,2.1371931729813154
1993-03-23,2.1486141109301222
1993-03-24,2.097740887541946
1993-03-25,2.1201380662884124
1993-03-26,2.1673211188751442
1993-03-29,2.096509792966111
1993-03-30,2.124950018496013
1993-03-31,2.114057773217641
1993-04-01,2.0490260965194516
1993-04-02,2.068021038055908
1993-04-05,2.1223984137587664
1993-04-06,2.0832372419704424
1993-04-07,1.9291267561797238
1993-04-08,1.9505712612797135
1993-04-09,1.9265211520776166
1993-04-12,1.9633691807821039
1993-04-13,2.0280792541315757
1993-04-14,2.043312475649475
1993-04-15,2.0882174500535107
1993-04-16,2.1468213005780847
1993-04-19,2.10670164533618
1993-04-20,2.0792618380702503
1993-04-21,2.103845148849534
1993-04-22,2.1899129544203624
1993-04-23,2.1076563331021148
1993-04-26,2.140151945090714
1993-04-27,2.2206264365858535
1993-04-28,2.2068591670764914
1993-04-29,2.2045974341325776
1993-04-30,2.2006831355598804
1993-05-03,2.1927716124846843
1993-05-04,2.1387324954930333
1993-05-05,2.1282788590355013
1993-05-06,2.0779725191594527
1993-05-07,2.118623285687972
1993-05-10,2.009213097198016
1993-05-11,2.0628939527217027
1993-05-12,2.1291348916192754
1993-05-13,2.1398805016784515
1993-05-14,2.258548784885981
1993-05-17,2.2879031160179513
1993-05-18,2.308339263203317
1993-05-19,2.68175757268923
1993-05-20,2.6623483271909616
1993-05-21,2.647701845700181
1993-05-24,2.5937368667766107
1993-05-25,2.5642090590975997
1993-05-26,2.46040088534671
1993-05-27,2.4930376634046185
1993-05-28,2.5622977448515174
1993-05-31,2.551175657889167
1993-06-01,2.537711092194718
1993-06-02,2.547808744333954
1993-06-03,2.676858624673888
1993-06-04,2.672166071095142
1993-06-07,2.6750060678792043
1993-06-08,2.9142642500124283
1993-06-09,2.8948046275968418
1993-06-10,2.9296656584545406
1993-06-11,2.9606342039504128
1993-06-14,2.928192720106475
1993-06-15,2.969979394097283
1993-06-16,2.83693840031097
1993-06-17,2.821100557503124
1993-06-18,2.7406226121565647
1993-06-21,2.782512598606209
1993-06-22,2.645938617887551
1993-06-23,2.7057122251477894
1993-06-24,2.4912116018120076
1993-06-25,2.524103289992019
1993-06-28,2.4403826085855114
1993-06-29,2.3943864839920486
1993-06-30,2.377961892588974
1993-07-01,2.505909280848044
1993-07-02,2.422004030962431
1993-07-05,2.421310292432782
1993-07-06,2.5219759611087387
1993-07-07,2.5247595247161776
1993-07-08,2.570962418912209
1993-07-09,2.663129041348149
1993-07-12,2.610586945551583
1993-07-13,2.5684896024743216
1993-07-14,2.4811015923146504
1993-07-15,2.585306685738141
1993-07-16,2.74041450596342
1993-07-19,2.624430231702854
1993-07-20,2.6488695199928634
1993-07-21,2.5976125843476074
1993-07-22,2.551984200395674
1993-07-23,2.6035998337830084
1993-07-26,2.6094847971358943
1993-07-27,2.6533937081510715
1993-07-28,2.8092010744991924
1993-07-29,2.83972714581244
1993-07-30,2.9001445081990873
1993-08-02,2.9991814902977483
1993-08-03,2.9312540253264276
1993-08-04,3.003368822922015
1993-08-05,2.9474309970919323
1993-08-06,2.8304214235787786
1993-08-09,2.869476469957555
1993-08-10,2.7644052056670825
1993-08-11,2.644517801244397
1993-08-12,2.651018912451142
1993-08-13,2.637088348052305
1993-08-16,2.7616249529190346
1993-08-17,2.6602337049500813
1993-08-18,2.690013769494904
1993-08-19,2.621400676866129
1993-08-20,2.4933088131772743
1993-08-23,2.3381744300549574
1993-08-24,2.255552963129156
1993-08-25,2.1732281431019604
1993-08-26,2.040773008542486
1993-08-27,2.1022996743193794
1993-08-30,2.1855130708278647
1993-08-31,1.973482975372793
1993-09-01,1.9278359711607664
1993-09-02,1.9024329276976921
1993-09-03,1.8892902084113536
1993-09-06,1.9553316483925047
1993-09-07,2.0250695984527036
1993-09-08,2.0476000015505664
1993-09-09,2.0679853280272362
1993-09-10,2.034873835812077
1993-09-13,1.9097550093032598
1993-09-14,1.8942138182510033
1993-09-15,1.974277447739539
1993-09-16,1.9340044147926536
1993-09-17,1.912621360439349
1993-09-20,1.9641140836973883
1993-09-21,1.939724859374643
1993-09-22,1.9261920325874315
1993-09-23,1.9796366080161854
1993-09-24,1.857283892745148
1993-09-27,1.7888507012856198
1993-09-28,1.9050335331110695
1993-09-29,1.95741843220621
1993-09-30,2.020588356940653
1993-10-01,2.0412761785971956
1993-10-04,2.070783022498788
1993-10-05,2.0304235400040382
1993-10-06,2.1801810934533714
1993-10-07,2.1614760492375926
1993-10-08,2.2332704854202134
1993-10-11,2.2000936451194777
1993-10-12,2.154746275215492
1993-10-13,2.1541998243475895
1993-10-14,2.1765021295185294
1993-10-15,3.9318870877045673
1993-10-18,3.9703418875994854
1993-10-19,3.8920431003422666
1993-10-20,3.8786743348235135
1993-10-21,3.9009406303101435
1993-10-22,3.9209430259812996
1993-10-25,3.936481304709797
1993-10-26,3.889219991732102
1993-10-27,3.917488622681209
1993-10-28,4.088655749367119
1993-10-29,4.076224205666325
1993-11-01,4.103710831075694
1993-11-02,4.088892739481062
1993-11-03,4.258696521583626
1993-11-04,4.220326275945386
1993-11-05,4.099618919879222
1993-11-08,4.191440529875948
1993-11-09,4.147337772340917
1993-11-10,4.231846570086262
1993-11-11,4.165745428184971
1993-11-12,4.019405660623144
1993-11-15,4.011502495761724
1993-11-16,3.8319786141136665
1993-11-17,3.866824429195456
1993-11-18,3.9709550539387557
1993-11-19,4.223951564933651
1993-11-22,4.152524536545073
1993-11-23,4.052820106101972
1993-11-24,4.158039999088856
1993-11-25,4.255130624489976
1993-11-26,6.319251119347903
1993-11-29,6.313525118173274
1993-11-30,6.168619762554144
1993-12-01,6.2098726078363295
1993-12-02,6.012786333616554
1993-12-03,6.086956475068776
1993-12-06,5.927281764691376
1993-12-07,5.778613831114052
1993-12-08,6.061639105340797
1993-12-09,5.9882242234700565
1993-12-10,5.99173258528872
1993-12-13,5.945554088740459
1993-12-14,5.896277970221946
1993-12-15,6.075435988633458
1993-12-16,5.91131942841115
1993-12-17,5.700654231872495
1993-12-20,5.3351701395740205
1993-12-21,5.246870803635977
1993-12-22,5.023058109961468
1993-12-23,4.966968821858687
1993-12-24,4.687476329110393
1993-12-27,4.633586911849337
1993-12-28,4.677021351104915
1993-12-29,4.666907047697227
1993-12-30,4.760617385571213
1993-12-31,4.938332845831434
1994-01-03,4.979512598808986
1994-01-04,4.972069520452139
1994-01-05,5.036929297071375
1994-01-06,5.084691423092383
1994-01-07,5.218196456631351
1994-01-10,5.221135373070943
1994-01-11,5.011387585358696
1994-01-12,5.188256548142688
1994-01-13,4.904075233210045
1994-01-14,5.017574217149238
1994-01-17,5.079024017881334
1994-01-18,5.145777830518031
1994-01-19,5.153630392205423
1994-01-20,5.560612805474988
1994-01-21,5.4290407407116446
1994-01-24,5.403798789512126
1994-01-25,5.6230529822020605
1994-01-26,5.702022531904237
1994-01-27,5.784109236774969
1994-01-28,6.023768876896686
1994-01-31,6.300783311531826
1994-02-01,6.453889509352298
1994-02-02,6.8865820258913475
1994-02-03,6.978834842346839
1994-02-04,7.14604188394833
1994-02-07,7.372698628025434
1994-02-08,7.693423588003729
1994-02-09,7.457435740705038
1994-02-10,7.135892229517788
1994-02-11,6.8578958913068275
1994-02-14,6.742307528864179
1994-02-15,6.965852317532614
1994-02-16,7.710747889107936
1994-02-17,7.637475510787539
1994-02-18,7.598598447132956
1994-02-21,7.270906781311699
1994-02-22,6.979534878356708
1994-02-23,6.854701955222981
1994-02-24,6.679899166534999
1994-02-25,6.846138384199205
1994-02-28,6.551248599128811
1994-03-01,6.310184592340377
1994-03-02,6.366381578350136
1994-03-03,6.311011756444021
1994-03-04,6.2393208341979065
1994-03-07,6.4441542403396985
1994-03-08,6.376562110653808
1994-03-09,6.375728123044105
1994-03-10,6.264738549043434
1994-03-11,6.235885966193291
1994-03-14,6.399664522684629
1994-03-15,6.311189455712093
1994-03-16,6.341904428506912
1994-03-17,6.257038778181563
1994-03-18,5.848877265130548
1994-03-21,5.70650666819726
1994-03-22,5.603594370616734
1994-03-23,5.602703990017253
1994-03-24,5.7078822593124
1994-03-25,5.665993426954013
1994-03-28,5.585637927072675
1994-03-29,5.62789129466605
1994-03-30,5.6182660051189774
1994-03-31,5.377105761859263
1994-04-01,5.631994791725475
1994-04-04,5.564697319533265
1994-04-05,5.555280521182415
1994-04-06,5.2852077726759275
1994-04-07,5.47271447963718
1994-04-08,5.384455584335785
1994-04-11,5.663099685712859
1994-04-12,5.644312222291745
1994-04-13,5.737964956007775
1994-04-14,5.660970515799012
1994-04-15,5.429428018577709
1994-04-18,5.493051831616998
1994-04-19,5.555272086863102
1994-04-20,5.163205780891527
1994-04-21,4.93863575914439
1994-04-22,5.110291931099495
1994-04-25,5.029603181726702
1994-04-26,5.135892368869052
1994-04-27,5.497201192811158
1994-04-28,5.5712670448234185
1994-04-29,5.555920759128812
1994-05-02,5.4193574699303655
1994-05-03,5.4613244309422875
1994-05-04,5.524364218521455
1994-05-05,5.5281317361371896
1994-05-06,5.651778712698575
1994-05-09,5.435232247798575
1994-05-10,5.44245724581463
1994-05-11,5.428496765552699
1994-05-12,5.319253988365444
1994-05-13,5.376561410535879
1994-05-16,5.156211359646016
1994-05-17,5.020571492602138
1994-05-18,5.511553768608241
1994-05-19,5.441735208398499
1994-05-20,5.398249763473537
1994-05-23,5.46575118154747
1994-05-24,5.553669269670677
1994-05-25,5.401741946293368
1994-05-26,5.679267979157256
1994-05-27,5.737861475487138
1994-05-30,6.100564090545285
1994-05-31,6.363176077282328
1994-06-01,6.238053756793998
1994-06-02,5.979846282203476
1994-06-03,5.6916993234870255
1994-06-06,5.306245156543263
1994-06-07,5.336709704504851
1994-06-08,5.220579798114047
1994-06-09,5.315987669772146
1994-06-10,5.208581975040472
1994-06-13,5.0648458525385935
1994-06-14,5.146584788270545
1994-06-15,5.528803909418655
1994-06-16,5.762696354970352
1994-06-17,5.85759757421577
1994-06-20,6.080790495565993
1994-06-21,6.1574404709370425
1994-06-22,5.722277330208942
1994-06-23,5.85323207717551
1994-06-24,5.942479026935238
1994-06-27,6.120607968122212
1994-06-28,5.984440081235912
1994-06-29,6.19788640934976
1994-06-30,5.956633376801458
1994-07-01,5.974609469747361
1994-07-04,5.961151173464808
1994-07-05,5.486656322892703
1994-07-06,5.384512132774606
1994-07-07,5.464810593166387
1994-07-08,5.367540805863516
1994-07-11,5.62271705625776
1994-07-12,5.65517582798026
1994-07-13,5.597633150560472
1994-07-14,5.799236179601044
1994-07-15,5.711026621322566
1994-07-18,5.503292704884465
1994-07-19,5.600068074971743
1994-07-20,5.366971598634038
1994-07-21,5.274740818398713
1994-07-22,5.274106816820773
1994-07-25,5.219178498757315
1994-07-26,5.7775626667129725
1994-07-27,5.853085284403932
1994-07-28,5.822010516251878
1994-07-29,5.6981709034058206
1994-08-01,5.75531223869078
1994-08-02,5.395861460261702
1994-08-03,5.599445635636325
1994-08-04,5.307949120002212
1994-08-05,5.357153619925995
1994-08-08,5.319581252767651
1994-08-09,5.452015361633634
1994-08-10,5.453207009380871
1994-08-11,5.531605445275674
1994-08-12,5.897691092438067
1994-08-15,6.050418312516268
1994-08-16,5.984549935061615
1994-08-17,5.789401711459662
1994-08-18,5.748381791380511
1994-08-19,5.563922463521126
1994-08-22,5.580880233431889
1994-08-23,5.598399816799069
1994-08-24,5.336427115787934
1994-08-25,5.3482912976095776
1994-08-26,5.626567256977171
1994-08-29,5.631710373421656
1994-08-30,5.551971701280269
1994-08-31,5.680257551977371
1994-09-01,5.644136754404163
1994-09-02,5.62263280548531
1994-09-05,5.825095187375327
1994-09-06,5.649332653681749
1994-09-07,5.815124265435398
1994-09-08,5.534430392505561
1994-09-09,5.928937883207071
1994-09-12,5.754786347639905
1994-09-13,5.763729095105223
1994-09-14,6.023370427921713
1994-09-15,5.7363518442533925
1994-09-16,5.634228713511672
1994-09-19,5.782706863618112
1994-09-20,5.448451291942225
1994-09-21,5.53131232058128
1994-09-22,5.586196474711074
1994-09-23,4.925686213565891
1994-09-26,4.62578603726075
1994-09-27,4.32734923740499
1994-09-28,4.344054923118589
1994-09-29,4.185410375597434
1994-09-30,4.052494189209879
1994-10-03,4.322235259239042
1994-10-04,4.331183520243793
1994-10-05,4.492062076371101
1994-10-06,4.090701181598079
1994-10-07,4.01210929442641
1994-10-10,4.252405584334071
1994-10-11,4.179890950094137
1994-10-12,4.039683367631735
1994-10-13,4.096054770463836
1994-10-14,3.9010705237908
1994-10-17,3.6904992520649946
1994-10-18,3.884655913657032
1994-10-19,3.7868343547263845
1994-10-20,3.864944981574351
1994-10-21,4.129446355984155
1994-10-24,4.133721931899854
1994-10-25,4.213083575254977
1994-10-26,3.983713654950537
1994-10-27,3.8719020710405414
1994-10-28,4.101591192803125
1994-10-31,4.051275481006218
1994-11-01,3.8785003223284287
1994-11-02,3.9460930796273974
1994-11-03,4.126502115010727
1994-11-04,4.056785251724492
1994-11-07,4.1274853231759785
1994-11-08,4.2560493937801045
1994-11-09,4.226840294999267
1994-11-10,4.1773914787145525
1994-11-11,4.455324270382338
1994-11-14,4.480402388548636
1994-11-15,4.321471510326979
1994-11-16,4.286827894524383
1994-11-17,4.379809882900034
1994-11-18,4.247800676391511
1994-11-21,4.173130728564271
1994-11-22,4.172262947185179
1994-11-23,4.408020215124093
1994-11-24,4.450519932327433
1994-11-25,4.488727591806915
1994-11-28,4.430732824664165
1994-11-29,4.687876249469487
1994-11-30,4.699212114159794
1994-12-01,4.85546427314681
1994-12-02,5.372180305018271
1994-12-05,5.180160341229535
1994-12-06,5.154895729024211
1994-12-07,5.670150930879788
1994-12-08,5.686652727361543
1994-12-09,5.603379483333249
1994-12-12,5.795889206988496
1994-12-13,5.728992590086455
1994-12-14,5.6751488605136995
1994-12-15,5.351892763454428
1994-12-16,4.981649464649365
1994-12-19,5.045207460299805
1994-12-20,4.957908229040171
1994-12-21,5.053382295938802
1994-12-22,5.105083413673427
1994-12-23,5.1126411731982735
1994-12-26,4.7093783333052155
1994-12-27,4.668034204685351
1994-12-28,4.536266606417652
1994-12-29,4.397046442604999
1994-12-30,4.147776374897501
1995-01-02,3.9486278934013077
1995-01-03,3.942666075091004
1995-01-04,4.166252134117248
1995-01-05,4.4808010737079815
1995-01-06,4.349860623239534
1995-01-09,4.475868675524239
1995-01-10,4.67551106700065
1995-01-11,4.573765738760767
1995-01-12,4.680602294893533
1995-01-13,4.858800154671416
1995-01-16,4.6219680967113375
1995-01-17,4.68871873295742
1995-01-18,4.523934816490631
1995-01-19,4.5960797375212445
1995-01-20,4.59278340785628
1995-01-23,4.342138067590976
1995-01-24,4.2380364704065965
1995-01-25,4.121034716415648
1995-01-26,4.272550700570778
1995-01-27,4.257090282895256
1995-01-30,4.128409199242848
1995-01-31,4.211345799415869
1995-02-01,4.168476924073684
1995-02-02,4.194478105943541
1995-02-03,4.168294450032761
1995-02-06,4.476018432638901
1995-02-07,4.501911805996567
1995-02-08,4.610411539525712
1995-02-09,4.778011397068807
1995-02-10,4.761329691537696
1995-02-13,4.977375173272207
1995-02-14,5.121988825179681
1995-02-15,4.784494494071346
1995-02-16,4.661323425534671
1995-02-17,4.647650446730527
1995-02-20,4.651536250218241
1995-02-21,4.553838227762869
1995-02-22,4.614821211866716
1995-02-23,4.562848098437031
1995-02-24,4.553773730251391
1995-02-27,4.496511271054004
1995-02-28,4.458778907831814
1995-03-01,4.3099278051030385
1995-03-02,4.3550761265030085
1995-03-03,4.433675553801591
1995-03-06,4.239569169454839
1995-03-07,4.154413694448874
1995-03-08,4.156724401073125
1995-03-09,4.384003454172502
1995-03-10,4.235901932703657
1995-03-13,4.187973464436014
1995-03-14,4.1184855699294936
1995-03-15,4.153662204868878
1995-03-16,4.012455576919631
1995-03-17,3.924801136489134
1995-03-20,4.2098643145033705
1995-03-21,3.9466479568028845
1995-03-22,3.9340945396208555
1995-03-23,3.928498262560399
1995-03-24,3.868167431787375
1995-03-27,4.007871365104313
1995-03-28,4.0301490444314405
1995-03-29,4.267131895012079
1995-03-30,4.032522579163138
1995-03-31,4.375652521302012
1995-04-03,4.457500023794691
1995-04-04,4.381916217354085
1995-04-05,4.399042130503333
1995-04-06,4.3081745880194005
1995-04-07,4.669434385606241
1995-04-10,4.713202226669649
1995-04-11,4.633625185989732
1995-04-12,4.97783696753817
1995-04-13,4.912117108256676
1995-04-14,4.951062925077707
1995-04-17,5.078955406458259
1995-04-18,4.9791823426446244
1995-04-19,4.87035568264359
1995-04-20,5.142317535421113
1995-04-21,5.308642668279057
1995-04-24,5.44481434736214
1995-04-25,5.583564737252511
1995-04-26,5.663580985220419
1995-04-27,6.049711090687595
1995-04-28,6.051295355181199
1995-05-01,5.880696511880626
1995-05-02,5.64433207712145
1995-05-03,5.563528625416516
1995-05-04,5.031771136956004
1995-05-05,5.26427180279402
1995-05-08,5.32919107308737
1995-05-09,5.178865920614976
1995-05-10,5.3607656949425335
1995-05-11,5.1459401152425
1995-05-12,4.975146156643004
1995-05-15,6.772230811314774
1995-05-16,6.586817865216752
1995-05-17,6.983767929198685
1995-05-18,7.062291112000186
1995-05-19,7.0613104960203845
1995-05-22,6.865072244836579
1995-05-23,6.670735678972237
1995-05-24,7.150306216262819
1995-05-25,7.29975400491193
1995-05-26,7.2754147176360595
1995-05-29,6.936294706064904
1995-05-30,6.8072898340006605
1995-05-31,6.88277432780352
1995-06-01,7.138649814125639
1995-06-02,7.154641379250197
1995-06-05,7.415839322040203
1995-06-06,7.434261393375767
1995-06-07,7.679797145711681
1995-06-08,7.6004246745279405
1995-06-09,7.851770162610701
1995-06-12,7.716457897418461
1995-06-13,7.890505089112198
1995-06-14,7.931228502386088
1995-06-15,7.36183062515409
1995-06-16,7.170712350478235
1995-06-19,6.796806067908533
1995-06-20,7.3957547150582235
1995-06-21,7.511137174819187
1995-06-22,7.370766644952534
1995-06-23,7.022445765293369
1995-06-26,7.0303849570955625
1995-06-27,7.136870625175891
1995-06-28,7.001777079682671
1995-06-29,7.054097780601034
1995-06-30,7.332510037308448
1995-07-03,7.105385091672382
1995-07-04,6.960921286155526
1995-07-05,6.588740231876659
1995-07-06,6.862075782401795
1995-07-07,6.29421588797509
1995-07-10,6.206277979468706
1995-07-11,6.554031090039293
1995-07-12,6.054894487713376
1995-07-13,6.113417435420286
1995-07-14,6.226432289506944
1995-07-17,6.326133617372765
1995-07-18,6.503123438760139
1995-07-19,6.53971733247014
1995-07-20,6.563347540827066
1995-07-21,6.2248206985730254
1995-07-24,6.192078424044158
1995-07-25,6.220467461485517
1995-07-26,6.066542001078677
1995-07-27,5.890391119011753
1995-07-28,5.982337074415351
1995-07-31,6.127942607207025
1995-08-01,5.962435948272298
1995-08-02,5.907866453550413
1995-08-03,5.969590581856416
1995-08-04,5.825834395981497
1995-08-07,5.815694335787329
1995-08-08,5.855604747821402
1995-08-09,6.229021655950742
1995-08-10,6.174543219752393
1995-08-11,5.8225629484019095
1995-08-14,4.9683384692343875
1995-08-15,5.096412273593673
1995-08-16,5.180871503366138
1995-08-17,5.278398866887271
1995-08-18,5.048892741171801
1995-08-21,5.156792916863391
1995-08-22,5.191477859683517
1995-08-23,5.310478301774925
1995-08-24,5.33418169669761
1995-08-25,6.654128778034804
1995-08-28,6.377274372983198
1995-08-29,6.287281283737999
1995-08-30,6.15948326491014
1995-08-31,6.1486795529105365
1995-09-01,6.306471345392358
1995-09-04,6.411137053142854
1995-09-05,6.153551049712425
1995-09-06,6.288926240948815
1995-09-07,6.1681097431076255
1995-09-08,6.337375568996793
1995-09-11,5.9389459021309765
1995-09-12,5.732649683452016
1995-09-13,5.919799586732919
1995-09-14,6.215366841446763
1995-09-15,6.383926507119062
1995-09-18,6.187971197019753
1995-09-19,6.407898324069854
1995-09-20,6.224540041329648
1995-09-21,6.448443167699642
1995-09-22,6.207758627859672
1995-09-25,6.1119000438050906
1995-09-26,5.619298990948891
1995-09-27,5.422976197956554
1995-09-28,5.541763571280384
1995-09-29,5.918056934252956
1995-10-02,6.146541650274747
1995-10-03,6.304682584850491
1995-10-04,5.991546700309043
1995-10-05,5.902530817581816
1995-10-06,6.23955963485604
1995-10-09,6.2423182951501754
1995-10-10,5.985225017596846
1995-10-11,5.8953568697297465
1995-10-12,5.495802505079904
1995-10-13,5.660139711627369
1995-10-16,5.2986802291819535
1995-10-17,5.05286386128532
1995-10-18,5.049317942566087
1995-10-19,4.838713524118326
1995-10-20,4.864505614621202
1995-10-23,5.000799345087735
1995-10-24,4.908375288295722
1995-10-25,5.132350834896389
1995-10-26,5.255013360920619
1995-10-27,5.346472547132568
1995-10-30,5.582270344211373
1995-10-31,5.6138198538854915
1995-11-01,5.542139159789928
1995-11-02,5.6110805103903925
1995-11-03,5.3854715140384695
1995-11-06,5.554930622443334
1995-11-07,5.729649356939156
1995-11-08,5.68106453046341
1995-11-09,5.562418497755262
1995-11-10,5.5991896632947356
1995-11-13,5.3488602070880935
1995-11-14,5.277186601038548
1995-11-15,5.498708886660574
1995-11-16,5.3095920190684485
1995-11-17,5.5611365442719585
1995-11-20,5.640214601875671
1995-11-21,5.745889743943404
1995-11-22,5.628541024763771
1995-11-23,5.459236650132118
1995-11-24,5.404717496037879
1995-11-27,5.7236690415287885
1995-11-28,5.597073457093941
1995-11-29,5.426802597209631
1995-11-30,5.639919506196836
1995-12-01,5.756750557402377
1995-12-04,5.9289676142219125
1995-12-05,5.971598524610659
1995-12-06,5.8346858917701345
1995-12-07,5.916460405290667
1995-12-08,5.85762760176389
1995-12-11,6.329836945161993
1995-12-12,6.504014313978444
1995-12-13,6.67375473393769
1995-12-14,6.929998508139262
1995-12-15,6.4864236290175175
1995-12-18,6.458566988243431
1995-12-19,6.692682578174647
1995-12-20,6.562011710837353
1995-12-21,6.233179785790799
1995-12-22,6.2556581605191095
1995-12-25,6.066716084801077
1995-12-26,5.905907133373707
1995-12-27,5.867687714744579
1995-12-28,5.634197619769694
1995-12-29,5.588111862496712
1996-01-01,5.632263331360963
1996-01-02,6.024085564677186
1996-01-03,5.923568079543317
1996-01-04,5.88936593898796
1996-01-05,6.002402548749039
1996-01-08,5.929518602524671
1996-01-09,5.803386920349608
1996-01-10,6.017921476624626
1996-01-11,6.339274332747438
1996-01-12,6.25904196276853
1996-01-15,6.1204136867458026
1996-01-16,5.956898452539079
1996-01-17,6.078611965942312
1996-01-18,6.338151127200548
1996-01-19,6.4156901920745755
1996-01-22,6.554052530134625
1996-01-23,6.775586774956352
1996-01-24,7.143525677238879
1996-01-25,7.237850292435704
1996-01-26,7.134204444152964
1996-01-29,7.303763596520085
1996-01-30,7.580902332287582
1996-01-31,7.506989011030019
1996-02-01,7.017830184361409
1996-02-02,6.911779974418353
1996-02-05,6.632766435390059
1996-02-06,6.1100001065202
1996-02-07,6.028880582727773
1996-02-08,6.007412541386312
1996-02-09,6.102086463997027
1996-02-12,6.231973065062951
1996-02-13,6.161492878099734
1996-02-14,6.2719657406690725
1996-02-15,6.366628720396479
1996-02-16,6.458799753626711
1996-02-19,6.296064875378062
1996-02-20,6.450532605570601
1996-02-21,6.486614784163194
1996-02-22,6.4682653209490075
1996-02-23,6.322191495901239
1996-02-26,6.245242720111061
1996-02-27,6.4318420228150535
1996-02-28,6.545519485878087
1996-02-29,6.41701791050244
1996-03-01,6.440327441208081
1996-03-04,6.544039430350261
1996-03-05,6.429067992765403
1996-03-06,6.582529485499671
1996-03-07,6.215369740710574
1996-03-08,6.362151421570006
1996-03-11,6.496855212299803
1996-03-12,6.552002972891692
1996-03-13,6.500721228885008
1996-03-14,6.312407052574698
1996-03-15,6.317259713908222
1996-03-18,6.405257522383286
1996-03-19,6.563165647852948
1996-03-20,6.407247998800007
1996-03-21,6.322563787632535
1996-03-22,6.245875697158019
1996-03-25,5.953237051959902
1996-03-26,6.193971567923505
1996-03-27,6.655725791678307
1996-03-28,6.947940071277683
1996-03-29,6.7613126325872575
1996-04-01,7.164003319807045
1996-04-02,7.113811204045876
1996-04-03,7.2838571379806245
1996-04-04,7.441007788958119
1996-04-05,6.888771899664505
1996-04-08,6.902500344987481
1996-04-09,6.703595567175024
1996-04-10,6.291813011130846
1996-04-11,6.33430319968934
1996-04-12,6.4543173092209445
1996-04-15,6.331302862322634
1996-04-16,6.359605051903546
1996-04-17,6.628102238953123
1996-04-18,6.581655628991048
1996-04-19,6.311392899285879
1996-04-22,6.486898172100937
1996-04-23,6.409610439157597
1996-04-24,6.273332332371109
1996-04-25,6.215741099112983
1996-04-26,6.151907753325342
1996-04-29,5.824406208026846
1996-04-30,5.88153306622098
1996-05-01,5.9354920823681345
1996-05-02,5.886882067869444
1996-05-03,5.925347224186798
1996-05-06,6.052288377529803
1996-05-07,6.104480976923679
1996-05-08,5.9674788594246175
1996-05-09,5.793830090824173
1996-05-10,6.177117514375942
1996-05-13,6.2353788611429435
1996-05-14,6.204757904580257
1996-05-15,6.311084889708652
1996-05-16,6.193020502143507
1996-05-17,6.367664632543352
1996-05-20,6.294640182274942
1996-05-21,5.92312806396425
1996-05-22,5.906809350082469
1996-05-23,5.713797311511042
1996-05-24,5.677017603402937
1996-05-27,5.616587835992481
1996-05-28,5.689871558417302
1996-05-29,5.97931445779483
1996-05-30,6.126507482702849
1996-05-31,6.183866891385933
1996-06-03,6.208128475384791
1996-06-04,6.273108876296431
1996-06-05,6.558176281605161
1996-06-06,6.666462190080691
1996-06-07,6.275396572302446
1996-06-10,6.07874272528798
1996-06-11,6.288362541998219
1996-06-12,6.34180396742222
1996-06-13,6.624833471470765
1996-06-14,6.771452166476085
1996-06-17,6.7896060690732
1996-06-18,6.803939983432489
1996-06-19,6.672829969825597
1996-06-20,6.622803554703584
1996-06-21,6.364197840332238
1996-06-24,6.197824170059061
1996-06-25,5.991986488636425
1996-06-26,5.983934650138474
1996-06-27,5.88956882847378
1996-06-28,5.592177269352966
1996-07-01,5.689762322261893
1996-07-02,5.617183260506081
1996-07-03,5.76971128007341
1996-07-04,5.857098373351794
1996-07-05,6.27455395398225
1996-07-08,6.267256633386313
1996-07-09,6.151147032455003
1996-07-10,5.988030723728131
1996-07-11,6.112204701090203
1996-07-12,6.259176912323935
1996-07-15,6.255522481895204
1996-07-16,6.303918462343557
1996-07-17,6.527551069579212
1996-07-18,6.672796480016044
1996-07-19,6.735680477422142
1996-07-22,6.480516841949385
1996-07-23,6.316130114352557
1996-07-24,6.240577829880832
1996-07-25,6.177790878114824
1996-07-26,6.038204813351266
1996-07-29,5.881033648873204
1996-07-30,5.829866317931898
1996-07-31,5.855852881012524
1996-08-01,5.948779980015927
1996-08-02,5.636060817458045
1996-08-05,5.549412462033218
1996-08-06,5.275153969714482
1996-08-07,5.271709765944843
1996-08-08,5.265515078139801
1996-08-09,5.245411051475524
1996-08-12,5.200228366910358
1996-08-13,5.124081425026498
1996-08-14,5.105499323978133
1996-08-15,5.192299686307487
1996-08-16,5.12773291071318
1996-08-19,4.944399484159359
1996-08-20,4.984520859082545
1996-08-21,5.107652478907477
1996-08-22,4.918205707283583
1996-08-23,4.715081031394169
1996-08-26,4.536432951426105
1996-08-27,4.519100906208802
1996-08-28,4.764867124925811
1996-08-29,4.991376029198753
1996-08-30,5.032347365535845
1996-09-02,4.837666473535891
1996-09-03,5.065287781935957
1996-09-04,5.31380790681453
1996-09-05,5.305061670025038
1996-09-06,5.434461231581006
1996-09-09,5.4098984674898976
1996-09-10,5.616040793487895
1996-09-11,5.694450963652545
1996-09-12,5.507667507546769
1996-09-13,5.5733855489496005
1996-09-16,5.986722846027652
1996-09-17,6.20975326859428
1996-09-18,6.031502350420489
1996-09-19,6.109815731886515
1996-09-20,6.082714828073664
1996-09-23,6.0793398921633495
1996-09-24,6.045225091640958
1996-09-25,6.008119084650662
1996-09-26,5.70576916591323
1996-09-27,5.610666881408187
1996-09-30,5.581612567046963
1996-10-01,5.63017585034646
1996-10-02,5.629270012567104
1996-10-03,5.621222369883592
1996-10-04,5.71140379218253
1996-10-07,5.964378901533791
1996-10-08,5.907231088259328
1996-10-09,5.735746073978674
1996-10-10,5.893498075672036
1996-10-11,5.968135768324492
1996-10-14,5.896606009945854
1996-10-15,5.481087133663905
1996-10-16,5.638132135966151
1996-10-17,5.469647736430618
1996-10-18,5.419543093343808
1996-10-21,5.349899628783264
1996-10-22,5.513183736933077
1996-10-23,5.548240536558446
1996-10-24,5.334686743105297
1996-10-25,5.751053066671956
1996-10-28,5.835295012167016
1996-10-29,5.695410236531956
1996-10-30,5.930347733335566
1996-10-31,5.9125360628087416
1996-11-01,5.868009891774511
1996-11-04,5.835165723153727
1996-11-05,5.815859060843972
1996-11-06,5.790754030603039
1996-11-07,5.749533324725592
1996-11-08,5.638508173474348
1996-11-11,5.491516417962939
1996-11-12,5.503976619832842
1996-11-13,5.363763757784468
1996-11-14,5.404221429154464
1996-11-15,5.6173097024611085
1996-11-18,5.598453324038424
1996-11-19,5.619111510916492
1996-11-20,5.79066848226684
1996-11-21,5.733716730960442
1996-11-22,5.613275333414869
1996-11-25,5.1841101378947885
1996-11-26,5.189023969766817
1996-11-27,5.082815313437101
1996-11-28,5.023039611295177
1996-11-29,4.691939160344566
1996-12-02,4.63711673603591
1996-12-03,4.465560358740069
1996-12-04,4.277045657476897
1996-12-05,4.134691726196591
1996-12-06,3.9835886499509403
1996-12-09,4.083156643162306
1996-12-10,4.218724499922326
1996-12-11,4.226841200088201
1996-12-12,4.456114906374852
1996-12-13,4.3973914867729285
1996-12-16,4.026550753215047
1996-12-17,3.9078711478710506
1996-12-18,3.8907649496836574
1996-12-19,3.7641991839170728
1996-12-20,3.7602067859294035
1996-12-23,3.827040044767918
1996-12-24,3.7006810523372478
1996-12-25,3.8708698016154743
1996-12-26,4.132973458291073
1996-12-27,4.3775909940969076
1996-12-30,4.121660704524312
1996-12-31,4.045544028181911
1997-01-01,4.070084844138215
1997-01-02,3.8845835426463493
1997-01-03,3.717884820112641
1997-01-06,3.494213543028129
1997-01-07,3.490156719627669
1997-01-08,3.5201029608922956
1997-01-09,3.6318866344284433
1997-01-10,3.681312778981646
1997-01-13,3.7516154758407807
1997-01-14,3.5491509286725536
1997-01-15,3.567194953314333
1997-01-16,3.548937291933938
1997-01-17,3.466047889452096
1997-01-20,3.416328920671913
1997-01-21,3.4464914819641694
1997-01-22,3.5199824540621085
1997-01-23,3.7385435234172153
1997-01-24,3.7780076946029952
1997-01-27,3.8715822451959028
1997-01-28,3.962400958571011
1997-01-29,4.095938109472601
1997-01-30,3.9445279241291917
1997-01-31,3.9424950764068303
1997-02-03,3.8184209962493374
1997-02-04,3.705521991860306
1997-02-05,3.748460115341432
1997-02-06,3.7938600808658935
1997-02-07,3.832464607915945
1997-02-10,3.753720210143085
1997-02-11,3.7557168821765456
1997-02-12,3.713263046892478
1997-02-13,3.750966077401343
1997-02-14,3.8735721272013848
1997-02-17,3.745992702863108
1997-02-18,3.734931047616584
1997-02-19,3.827425953480868
1997-02-20,3.6297984371196184
1997-02-21,3.7318890129571254
1997-02-24,3.4833850764937146
1997-02-25,3.3553354574805923
1997-02-26,3.340990807573852
1997-02-27,3.301022455729986
1997-02-28,3.2495126995960044
1997-03-03,3.4395886903462425
1997-03-04,3.3009819734671773
1997-03-05,3.344361813710569
1997-03-06,3.5453264129738034
1997-03-07,3.637275979733339
1997-03-10,3.669940422361352
1997-03-11,3.6876277817062704
1997-03-12,3.6279901333184053
1997-03-13,3.56139617970698
1997-03-14,3.3986368236561915
1997-03-17,3.502796306075604
1997-03-18,3.3520123982916297
1997-03-19,3.3353269679599604
1997-03-20,3.2924801105855828
1997-03-21,3.30383009646954
1997-03-24,3.362403914672968
1997-03-25,3.305481383318694
1997-03-26,3.1838332719269804
1997-03-27,3.10613942852097
1997-03-28,3.0082176724502276
1997-03-31,3.1931209468015327
1997-04-01,3.3232064138799244
1997-04-02,3.1690726569736194
1997-04-03,3.1299205095110088
1997-04-04,3.027361893638856
1997-04-07,2.9557212183912354
1997-04-08,2.897299593233566
1997-04-09,2.811692452625698
1997-04-10,2.889408250726059
1997-04-11,2.913670221719734
1997-04-14,2.9303428724605385
1997-04-15,3.0628010654715503
1997-04-16,3.1390561886840653
1997-04-17,3.133078389960321
1997-04-18,3.152782280453393
1997-04-21,3.2494818874770997
1997-04-22,3.34096721117436
1997-04-23,3.103753467140959
1997-04-24,3.1408093129018884
1997-04-25,3.143212361822208
1997-04-28,3.205025491635547
1997-04-29,3.0187144788813884
1997-04-30,3.12138934568979
1997-05-01,3.1892504137623794
1997-05-02,3.1441990897258423
1997-05-05,3.316893415264894
1997-05-06,3.193641911179713
1997-05-07,3.2070945587656126
1997-05-08,3.1416113684143063
1997-05-09,3.0572310738594455
1997-05-12,3.0416102751563217
1997-05-13,3.335540993491427
1997-05-14,3.1487649694417374
1997-05-15,3.217223578388018
1997-05-16,3.487601718729046
1997-05-19,3.354065372839198
1997-05-20,3.5025776222418563
1997-05-21,3.6129851840067224
1997-05-22,3.433456087354663
1997-05-23,3.1221884640862694
1997-05-26,2.997672125515084
1997-05-27,3.008836341657654
1997-05-28,3.0680306953935275
1997-05-29,3.175281259669384
1997-05-30,3.162411489083613
1997-06-02,3.1608781543052387
1997-06-03,3.01501922967755
1997-06-04,3.1502363927702235
1997-06-05,3.252694512325644
1997-06-06,3.2989886713813776
1997-06-09,3.2893751588584594
1997-06-10,3.4348413834553693
1997-06-11,3.301798744773883
1997-06-12,3.3218635376810353
1997-06-13,3.5294018733786676
1997-06-16,3.3908259046432327
1997-06-17,3.6377740960507703
1997-06-18,3.745064396887303
1997-06-19,3.8220972855868465
1997-06-20,3.985996733017906
1997-06-23,4.125764691069518
1997-06-24,3.9188777543088924
1997-06-25,3.719056366057518
1997-06-26,3.646550734688793
1997-06-27,3.6796580824098637
1997-06-30,3.8177633715573998
1997-07-01,3.7796413884095577
1997-07-02,3.677740624096632
1997-07-03,3.77765373856149
1997-07-04,3.7352349968883765
1997-07-07,3.77679393654766
1997-07-08,3.7717445217436
1997-07-09,3.6762942391078552
1997-07-10,3.5885947172484083
1997-07-11,3.4477272506603427
1997-07-14,3.583585785145302
1997-07-15,3.529845657948229
1997-07-16,3.437074159952026
1997-07-17,3.2360959179712103
1997-07-18,3.030915585214616
1997-07-21,2.9184816575197265
1997-07-22,2.950920859427904
1997-07-23,2.9523280886781462
1997-07-24,2.918252914688631
1997-07-25,2.810778739151428
1997-07-28,2.640638835482144
1997-07-29,2.5737757035645497
1997-07-30,2.545986793297803
1997-07-31,2.6045841795961677
1997-08-01,2.4785849223536416
1997-08-04,2.4456499452178164
1997-08-05,2.353417217331231
1997-08-06,2.3073953439552617
1997-08-07,2.4713404927981224
1997-08-08,2.3940735000930977
1997-08-11,2.3061641616082316
1997-08-12,2.532789129747294
1997-08-13,2.579584469790111
1997-08-14,2.6203894439748945
1997-08-15,2.5417855713880595
1997-08-18,2.719541852390347
1997-08-19,2.592607396516516
1997-08-20,2.684785894122988
1997-08-21,2.7941072153428412
1997-08-22,2.931666727897641
1997-08-25,3.0897636321646753
1997-08-26,3.0595499045801136
1997-08-27,3.0857345805561467
1997-08-28,3.0870930273820885
1997-08-29,2.9799652242265378
1997-09-01,2.9449548600009154
1997-09-02,3.064543025801556
1997-09-03,2.9261342533247854
1997-09-04,3.0038711746413824
1997-09-05,3.088808686120032
1997-09-08,3.094663299002456
1997-09-09,3.1884241307524945
1997-09-10,3.0803175943597294
1997-09-11,2.96098156567399
1997-09-12,2.9163326733996113
1997-09-15,2.9451687941689624
1997-09-16,3.1399801355614203
1997-09-17,3.1453722437173295
1997-09-18,3.098721618695012
1997-09-19,3.2195347360297673
1997-09-22,3.079978534756225
1997-09-23,2.929919678117603
1997-09-24,3.1263286823713323
1997-09-25,3.0438034200540804
1997-09-26,3.196028766622992
1997-09-29,3.3389398379620556
1997-09-30,3.445306702873459
1997-10-01,3.578288779647648
1997-10-02,3.8448337507654085
1997-10-03,3.9868539637601614
1997-10-06,3.7123675815569914
1997-10-07,3.751548489383233
1997-10-08,3.7623459925289335
1997-10-09,3.689217776378638
1997-10-10,3.647397938235805
1997-10-13,3.6308271272825334
1997-10-14,3.5927195925419793
1997-10-15,3.748151308522777
1997-10-16,3.7095695875546726
1997-10-17,4.062635203650572
1997-10-20,3.968497084437533
1997-10-21,3.9086307378096765
1997-10-22,3.879875265341719
1997-10-23,3.7740558816352614
1997-10-24,3.7458850510391692
1997-10-27,3.669866988695516
1997-10-28,3.7664739958972797
1997-10-29,3.706081300682648
1997-10-30,3.5907504653924316
1997-10-31,3.5461183002186702
1997-11-03,3.5387378894321886
1997-11-04,3.5066359229752684
1997-11-05,4.306772985699897
1997-11-06,4.219678746531964
1997-11-07,4.278460947185854
1997-11-10,4.194852956111902
1997-11-11,4.129647835011862
1997-11-12,4.005483760381268
1997-11-13,4.181594360836446
1997-11-14,4.007694481056059
1997-11-17,4.26516920369194
1997-11-18,4.251520727163077
1997-11-19,4.198020824351932
1997-11-20,4.071912388371485
1997-11-21,3.961476626084855
1997-11-24,3.8840062225063146
1997-11-25,4.29544216347075
1997-11-26,4.210514652355456
1997-11-27,4.280305676685577
1997-11-28,4.249801950646522
1997-12-01,4.537809368852439
1997-12-02,4.572100139070371
1997-12-03,4.402067624762775
1997-12-04,4.3369212354652475
1997-12-05,4.700692566058728
1997-12-08,4.832997789703434
1997-12-09,4.827175372301189
1997-12-10,4.686949650541533
1997-12-11,4.56574611912078
1997-12-12,4.413298481673734
1997-12-15,4.1988945071321115
1997-12-16,4.3079590160455945
1997-12-17,4.39078404329671
1997-12-18,4.41276445312676
1997-12-19,4.629523761540726
1997-12-22,4.742707316697144
1997-12-23,4.535877733234638
1997-12-24,5.024121999008124
1997-12-25,5.024753884039991
1997-12-26,5.17553321827839
1997-12-29,5.1775106487682
1997-12-30,5.195344740475645
1997-12-31,4.937771217050874
1998-01-01,4.843528795945014
1998-01-02,4.923760975087991
1998-01-05,4.900258306796363
1998-01-06,4.6759764435252595
1998-01-07,4.814313793614669
1998-01-08,4.784690663095559
1998-01-09,4.799545324736587
1998-01-12,4.591571452859992
1998-01-13,4.350447205525027
1998-01-14,4.3726605172535855
1998-01-15,4.56466189723259
1998-01-16,4.694682273003553
1998-01-19,4.802691954245442
1998-01-20,4.840146992127526
1998-01-21,4.652675538236639
1998-01-22,4.348572911862639
1998-01-23,4.74224900844968
1998-01-26,4.712407934682804
1998-01-27,4.626952696631526
1998-01-28,4.638817130653309
1998-01-29,4.498003176319824
1998-01-30,4.432705243188202
1998-02-02,4.711726724945882
1998-02-03,4.7679805656152725
1998-02-04,4.8625000442977635
1998-02-05,4.845461308906832
1998-02-06,5.031479746462759
1998-02-09,5.218942753679259
1998-02-10,5.180659847798355
1998-02-11,5.181904717979118
1998-02-12,5.413188037037922
1998-02-13,5.424549618142201
1998-02-16,5.363874127872968
1998-02-17,5.315977566675829
1998-02-18,5.235831065427028
1998-02-19,5.245006832992843
1998-02-20,5.171302577171581
1998-02-23,5.180043372158001
1998-02-24,5.062920862739511
1998-02-25,5.1261636472659795
1998-02-26,5.2157325981307885
1998-02-27,5.338159379905397
1998-03-02,5.434460561545519
1998-03-03,5.625293265908524
1998-03-04,5.648786030768409
1998-03-05,5.655695892753475
1998-03-06,5.54855048465213
1998-03-09,5.697023213095244
1998-03-10,5.599967646952702
1998-03-11,5.298224603193497
1998-03-12,5.1908680341789495
1998-03-13,5.345043852702994
1998-03-16,5.46241122815948
1998-03-17,5.509776006261381
1998-03-18,5.947699187057996
1998-03-19,6.021031143785131
1998-03-20,5.867052598307335
1998-03-23,5.7018493364151785
1998-03-24,5.803650618993426
1998-03-25,6.096214827537311
1998-03-26,6.100044598000164
1998-03-27,6.181324198675885
1998-03-30,9.954284584542238
1998-03-31,10.108663218012557
1998-04-01,10.377116794867073
1998-04-02,10.55265559825221
1998-04-03,10.464878570980103
1998-04-06,10.379406679331217
1998-04-07,9.952084232028836
1998-04-08,9.899118237018167
1998-04-09,9.983622738186781
1998-04-10,10.113402042594325
1998-04-13,10.14788572746887
1998-04-14,9.182592450617149
1998-04-15,8.952571562121616
1998-04-16,9.087961589729979
1998-04-17,9.382663094388707
1998-04-20,9.197198983389335
1998-04-21,9.689536324617547
1998-04-22,9.61143985828612
1998-04-23,9.560670005863322
1998-04-24,9.259098272100877
1998-04-27,9.089105172448157
1998-04-28,8.600219707951613
1998-04-29,8.499779879603524
1998-04-30,8.994471982029966
1998-05-01,9.011267185189201
1998-05-04,8.596128864749902
1998-05-05,8.554083792644938
1998-05-06,8.640143323705633
1998-05-07,8.589877462910954
1998-05-08,8.22633872573393
1998-05-11,8.182510238578788
1998-05-12,8.223161784904546
1998-05-13,8.42274978933421
1998-05-14,8.69253977871799
1998-05-15,8.820246737973273
1998-05-18,9.035147248719529
1998-05-19,8.767467157244898
1998-05-20,8.933921735914064
1998-05-21,9.204803620493196
1998-05-22,8.812331172728737
1998-05-25,9.010819962534743
1998-05-26,9.338220597589787
1998-05-27,9.509248237744451
1998-05-28,11.041863403581196
1998-05-29,10.637245538836902
1998-06-01,10.273372447171669
1998-06-02,10.232622093581274
1998-06-03,9.951170128474251
1998-06-04,9.445174226715643
1998-06-05,9.115109235776398
1998-06-08,8.873918025813952
1998-06-09,8.980361208642938
1998-06-10,8.924728973160272
1998-06-11,9.20071198401165
1998-06-12,8.58088211068776
1998-06-15,8.269329025830979
1998-06-16,8.008028847569715
1998-06-17,8.063120044252972
1998-06-18,7.883770568238857
1998-06-19,7.798087184353441
1998-06-22,7.531206920531848
1998-06-23,7.25944218136422
1998-06-24,7.091441322159626
1998-06-25,7.329712892181478
1998-06-26,7.016659999416497
1998-06-29,7.283145533608257
1998-06-30,7.50091716308546
1998-07-01,7.381927272171366
1998-07-02,7.385448521634945
1998-07-03,7.457282255854647
1998-07-06,7.620646177516748
1998-07-07,7.380805252958639
1998-07-08,7.573018980070641
1998-07-09,7.595903999188789
1998-07-10,7.372394840067942
1998-07-13,7.397713493240829
1998-07-14,7.178114377544579
1998-07-15,7.1736119907715805
1998-07-16,7.070189304448335
1998-07-17,7.107345968482084
1998-07-20,7.158251860767228
1998-07-21,7.466986722218133
1998-07-22,7.614999547549267
1998-07-23,7.717495250241689
1998-07-24,7.317052314272098
1998-07-27,7.553438009959941
1998-07-28,7.453375582884988
1998-07-29,7.1991553477686026
1998-07-30,7.709936615208469
1998-07-31,7.53887888269379
1998-08-03,7.895287350480965
1998-08-04,7.974424433215376
1998-08-05,8.111460017571448
1998-08-06,8.106629449359337
1998-08-07,7.873239724927243
1998-08-10,8.06043360875986
1998-08-11,8.121280122763997
1998-08-12,8.17851346262743
1998-08-13,8.19670776195174
1998-08-14,8.127021326880543
1998-08-17,8.321824430894694
1998-08-18,8.45630513633411
1998-08-19,8.69189493724987
1998-08-20,8.62905894288054
1998-08-21,8.544853577753722
1998-08-24,8.395741567264068
1998-08-25,8.42172147762204
1998-08-26,7.993508932774512
1998-08-27,8.725316452050844
1998-08-28,8.545332250845478
1998-08-31,8.89898653806757
1998-09-01,8.772164507644572
1998-09-02,8.36279867906649
1998-09-03,8.522484462600888
1998-09-04,9.024917977756772
1998-09-07,9.17798672929556
1998-09-08,9.694505059627522
1998-09-09,10.070393451273805
1998-09-10,9.756691320695245
1998-09-11,9.989949096661283
1998-09-14,8.997896193898564
1998-09-15,9.10049746489622
1998-09-16,8.889991554644318
1998-09-17,9.20605123110683
1998-09-18,8.862509030873003
1998-09-21,9.155496749955676
1998-09-22,9.379958204396269
1998-09-23,9.413359948697943
1998-09-24,9.23146912424084
1998-09-25,9.448481639240223
1998-09-28,8.890092974499519
1998-09-29,8.667634314232288
1998-09-30,8.665653976919286
1998-10-01,8.69812932320229
1998-10-02,8.48713161307613
1998-10-05,8.287795168367632
1998-10-06,8.439042325760653
1998-10-07,8.185974762780075
1998-10-08,8.09178021927738
1998-10-09,7.790742764217921
1998-10-12,7.804522490994606
1998-10-13,7.753847503628332
1998-10-14,7.281902999287773
1998-10-15,6.971365834317156
1998-10-16,6.307495304247852
1998-10-19,6.588210908509047
1998-10-20,6.447821538621137
1998-10-21,6.531407351903957
1998-10-22,6.326174985744206
1998-10-23,6.644378459685308
1998-10-26,6.298002641019455
1998-10-27,6.552744723407504
1998-10-28,6.5802562308910035
1998-10-29,6.733300430396031
1998-10-30,7.036061287786315
1998-11-02,7.098965013020998
1998-11-03,7.529085157260404
1998-11-04,7.860881071041557
1998-11-05,8.031786712197768
1998-11-06,8.3321984444527
1998-11-09,8.335962863961653
1998-11-10,8.097723158094523
1998-11-11,9.202635344718631
1998-11-12,9.370410095776649
1998-11-13,9.517132580399156
1998-11-16,9.045704294978934
1998-11-17,9.61222489421764
1998-11-18,9.856250241285863
1998-11-19,10.09621909157918
1998-11-20,10.356474562381523
1998-11-23,10.252015241882077
1998-11-24,9.602337317407793
1998-11-25,9.755494169412945
1998-11-26,9.758865866283623
1998-11-27,10.119606144221416
1998-11-30,10.246011282689084
1998-12-01,9.389973841421291
1998-12-02,9.197439611851186
1998-12-03,8.791404510785263
1998-12-04,8.591736842764877
1998-12-07,8.881716498689883
1998-12-08,9.093343955123066
1998-12-09,8.795836349454014
1998-12-10,8.606897362513893
1998-12-11,8.79804511827661
1998-12-14,9.06362559816198
1998-12-15,9.129255833264008
1998-12-16,8.987662873474743
1998-12-17,9.445404486693334
1998-12-18,9.62470731644164
1998-12-21,9.098366737353004
1998-12-22,10.132172543067192
1998-12-23,10.832924563212242
1998-12-24,11.115776814348042
1998-12-25,11.174357528692159
1998-12-28,11.148851537506703
1998-12-29,10.940350384922205
1998-12-30,11.232357099244997
1998-12-31,10.94881902287117
1999-01-01,10.516065355711431
1999-01-04,10.625656747195666
1999-01-05,10.317997588282953
1999-01-06,10.07746320284695
1999-01-07,10.39258545576492
1999-01-08,10.597844912120069
1999-01-11,10.318199924039689
1999-01-12,10.980743253175833
1999-01-13,11.048023264747332
1999-01-14,10.893697602323627
1999-01-15,10.696014502818
1999-01-18,10.421183373722013
1999-01-19,10.63093292112302
1999-01-20,10.398211079422401
1999-01-21,10.38302854743941
1999-01-22,10.35375853458292
1999-01-25,10.11048148248767
1999-01-26,8.180838957309977
1999-01-27,8.41382974844225
1999-01-28,8.310523440689547
1999-01-29,7.705646147773741
1999-02-01,7.938377588673988
1999-02-02,8.143594001960887
1999-02-03,8.462166577097877
1999-02-04,8.261488530780936
1999-02-05,8.055952665562431
1999-02-08,8.242391425416201
1999-02-09,8.304839764527001
1999-02-10,8.393907836680297
1999-02-11,8.80964073727118
1999-02-12,8.417357713135988
1999-02-15,8.691641977883885
1999-02-16,8.915130621192644
1999-02-17,9.106334405485525
1999-02-18,9.43145709506048
1999-02-19,9.38920038544612
1999-02-22,9.066247571289798
1999-02-23,8.90572266329708
1999-02-24,8.713764359781704
1999-02-25,8.036595009967082
1999-02-26,8.211166403615064
1999-03-01,8.141254998012107
1999-03-02,8.11190261163807
1999-03-03,7.984990459383547
1999-03-04,7.994866231906413
1999-03-05,8.439623434584995
1999-03-08,8.017909071539513
1999-03-09,8.525389382678354
1999-03-10,8.606208368885492
1999-03-11,8.487756960109337
1999-03-12,8.402422786443594
1999-03-15,8.175912784293212
1999-03-16,7.691420164562646
1999-03-17,7.44669694028286
1999-03-18,7.457910631641933
1999-03-19,7.4120027760205875
1999-03-22,7.539899151294163
1999-03-23,7.42520344675461
1999-03-24,7.281310156411835
1999-03-25,7.849021374115677
1999-03-26,7.644356596008163
1999-03-29,7.459370797015609
1999-03-30,7.72398168827661
1999-03-31,7.923409039431051
1999-04-01,7.832756725371106
1999-04-02,8.058293033024407
1999-04-05,8.100491903310347
1999-04-06,7.978797575701325
1999-04-07,8.164415917278825
1999-04-08,8.179858777083517
1999-04-09,7.707712464547921
1999-04-12,7.887883285639826
1999-04-13,7.865017941531832
1999-04-14,8.27606098558515
1999-04-15,8.527454502075322
1999-04-16,8.593164454448306
1999-04-19,8.501056186922463
1999-04-20,8.508793785633095
1999-04-21,8.27305578990277
1999-04-22,8.337247344642742
1999-04-23,8.798041854347696
1999-04-26,9.400078955836214
1999-04-27,9.796578446726034
1999-04-28,9.850229819640555
1999-04-29,9.407743102547949
1999-04-30,9.39544975566506
1999-05-03,9.701309819193476
1999-05-04,9.974839658367385
1999-05-05,9.929577026214485
1999-05-06,9.859004162293953
1999-05-07,9.995845997258723
1999-05-10,10.021644574753571
1999-05-11,10.005526601627253
1999-05-12,9.973677593489713
1999-05-13,10.447408199618817
1999-05-14,10.112697167717823
1999-05-17,10.021608875589317
1999-05-18,9.949348203325242
1999-05-19,10.012513922236776
1999-05-20,10.027860165034639
1999-05-21,10.021222288878647
1999-05-24,9.71877819682347
1999-05-25,9.733814669152183
1999-05-26,9.94745641306255
1999-05-27,10.022000971411456
1999-05-28,9.69643573310628
1999-05-31,9.737816254709063
1999-06-01,9.758734009101579
1999-06-02,9.659576819092997
1999-06-03,9.736055900841913
1999-06-04,9.551144293530246
1999-06-07,9.775975083718224
1999-06-08,10.415358065840202
1999-06-09,10.690740784684087
1999-06-10,10.433382416442969
1999-06-11,10.656492647701523
1999-06-14,10.975822744701158
1999-06-15,11.119725827558248
1999-06-16,11.304099523508109
1999-06-17,11.283902073817087
1999-06-18,10.863993987983639
1999-06-21,10.821421236841516
1999-06-22,10.512860539604436
1999-06-23,10.443029428485522
1999-06-24,10.271009449169103
1999-06-25,9.959424287393269
1999-06-28,10.416372770966213
1999-06-29,10.424493102810263
1999-06-30,10.263480949778188
1999-07-01,9.296338122879693
1999-07-02,8.842575443117589
1999-07-05,9.093863533889586
1999-07-06,9.17362813023837
1999-07-07,9.83207970359836
1999-07-08,9.621365439036019
1999-07-09,10.031814351781732
1999-07-12,9.994001367935773
1999-07-13,9.72561303710227
1999-07-14,9.609938000813424
1999-07-15,9.655945423520238
1999-07-16,9.508616764750288
1999-07-19,9.167266134137341
1999-07-20,8.913334507462057
1999-07-21,9.078461497286856
1999-07-22,8.793713140856294
1999-07-23,7.956432335084086
1999-07-26,7.805737283102869
1999-07-27,7.5713239384911155
1999-07-28,7.646991785544403
1999-07-29,8.3604847261466
1999-07-30,8.504202294848424
1999-08-02,8.312481938863357
1999-08-03,8.393674948529652
1999-08-04,8.219540642687766
1999-08-05,8.273939158769663
1999-08-06,8.69612472471311
1999-08-09,8.690871714990823
1999-08-10,8.795266988612736
1999-08-11,8.801832161008257
1999-08-12,9.080133905508397
1999-08-13,9.286194600325532
1999-08-16,9.189136358369705
1999-08-17,9.397635524543949
1999-08-18,9.45990197906906
1999-08-19,9.336945192456271
1999-08-20,9.220584548245316
1999-08-23,9.272788776205106
1999-08-24,9.378339420898671
1999-08-25,9.33699494201747
1999-08-26,9.450778398719967
1999-08-27,9.228190983895464
1999-08-30,8.927138501426429
1999-08-31,8.524653903616594
1999-09-01,8.678505121238224
1999-09-02,8.266682308515097
1999-09-03,8.366601676794836
1999-09-06,8.244888530813352
1999-09-07,8.168836903315237
1999-09-08,8.097242265765429
1999-09-09,8.77698346075964
1999-09-10,8.616525986901923
1999-09-13,8.371939078989055
1999-09-14,8.901373485445157
1999-09-15,8.524426344989628
1999-09-16,8.21580677109219
1999-09-17,8.456262724370188
1999-09-20,8.567784907587498
1999-09-21,8.461408817634748
1999-09-22,8.192879445956969
1999-09-23,7.696293061246404
1999-09-24,8.107397411751677
1999-09-27,8.294245438814997
1999-09-28,8.697717852395867
1999-09-29,9.009278732872673
1999-09-30,9.142429601946978
1999-10-01,8.967145630138303
1999-10-04,8.682557467628255
1999-10-05,9.025627775256677
1999-10-06,8.89358626958108
1999-10-07,8.62546244558602
1999-10-08,8.442797565823527
1999-10-11,8.797078326024936
1999-10-12,8.55669115386587
1999-10-13,8.451909381320181
1999-10-14,8.423204185688263
1999-10-15,8.487856630550509
1999-10-18,8.237543281256954
1999-10-19,8.201338085601
1999-10-20,8.447182140866067
1999-10-21,9.055616905666858
1999-10-22,8.740850888472947
1999-10-25,8.475201217261954
1999-10-26,8.252645362946522
1999-10-27,8.422964019279965
1999-10-28,8.147787925695347
1999-10-29,8.103149275499668
1999-11-01,8.032441919243091
1999-11-02,8.644044898796576
1999-11-03,8.484093372514312
1999-11-04,8.312464301300949
1999-11-05,8.48363969940649
1999-11-08,8.565259811737324
1999-11-09,8.374785643885893
1999-11-10,8.749261680888317
1999-11-11,8.371983703018303
1999-11-12,8.352158782914655
1999-11-15,8.262031167697742
1999-11-16,8.219758478209465
1999-11-17,8.035477568578749
1999-11-18,8.000432804598475
1999-11-19,8.047764300671778
1999-11-22,7.477115204036129
1999-11-23,7.361311831200126
1999-11-24,7.171822442620458
1999-11-25,7.723533114964818
1999-11-26,8.19072788299134
1999-11-29,8.303914012706581
1999-11-30,8.074702555744443
1999-12-01,7.935527847461851
1999-12-02,7.859869223550635
1999-12-03,7.719690034133038
1999-12-06,7.847102751972369
1999-12-07,8.26169687651679
1999-12-08,7.544315542111215
1999-12-09,7.458866375220565
1999-12-10,7.996291672847369
1999-12-13,7.914511366701129
1999-12-14,7.976509190443847
1999-12-15,7.455914654084223
1999-12-16,7.787642205811474
1999-12-17,7.515419205605014
1999-12-20,7.614192447037052
1999-12-21,7.3862121963366105
1999-12-22,6.811213602343951
1999-12-23,6.880279534618134
1999-12-24,7.046828320460349
1999-12-27,7.025752968923283
1999-12-28,6.757060378239585
1999-12-29,7.305665693436433
1999-12-30,7.471386048270809
1999-12-31,7.506160981072742
2000-01-03,7.790156366612331
2000-01-04,7.651191931755641
2000-01-05,8.146861234356702
2000-01-06,8.335237565307215
2000-01-07,8.617507167240952
2000-01-10,8.51224812358423
2000-01-11,8.207007547140888
2000-01-12,8.24765784306024
2000-01-13,8.110319882381745
2000-01-14,8.676725471580598
2000-01-17,8.29549768781061
2000-01-18,8.691423882454206
2000-01-19,8.228968170579067
2000-01-20,7.980398143643001
2000-01-21,7.552496861600496
2000-01-24,7.41879777166097
2000-01-25,7.361449906370586
2000-01-26,7.202756852778374
2000-01-27,7.297791846322827
2000-01-28,7.2433699559345035
2000-01-31,6.777390016559061
2000-02-01,6.564587272492846
2000-02-02,6.485809850600424
2000-02-03,6.72222273961301
2000-02-04,6.743545879124971
2000-02-07,6.636012208338261
2000-02-08,6.325892711722007
2000-02-09,6.355956838658759
2000-02-10,6.644151200809089
2000-02-11,6.573313978353361
2000-02-14,6.385448618870452
2000-02-15,6.504293798183532
2000-02-16,6.751385030190726
2000-02-17,6.707632880957132
2000-02-18,6.859332471824884
2000-02-21,6.760522497204707
2000-02-22,6.924994257975117
2000-02-23,7.251903761468182
2000-02-24,7.466008538382101
2000-02-25,7.591660702380982
2000-02-28,8.047236350002072
2000-02-29,7.970844723565167
2000-03-01,8.103807746687078
2000-03-02,8.03528401492699
2000-03-03,8.169358932804908
2000-03-06,8.353638900271314
2000-03-07,8.61811602064518
2000-03-08,8.6205213354998
2000-03-09,8.119322166253882
2000-03-10,8.055906778025765
2000-03-13,8.227636702543967
2000-03-14,8.305928379143072
2000-03-15,8.425992093340094
2000-03-16,8.634695695683737
2000-03-17,8.324434760010181
2000-03-20,8.546482437066308
2000-03-21,9.075663504082346
2000-03-22,8.96090639405503
2000-03-23,9.250388693154523
2000-03-24,9.270019426861847
2000-03-27,9.392981041243331
2000-03-28,9.660516579408288
2000-03-29,9.747405167442173
2000-03-30,9.604457471724984
2000-03-31,9.705664771478089
2000-04-03,9.41957304460971
2000-04-04,8.977914668021917
2000-04-05,8.35829893558368
2000-04-06,8.771410794386906
2000-04-07,8.904352884397403
2000-04-10,9.10717583607762
2000-04-11,9.172278378679861
2000-04-12,8.684421717333114
2000-04-13,9.087622129928755
2000-04-14,8.956182864866847
2000-04-17,8.359724770995692
2000-04-18,8.290684616429706
2000-04-19,8.63449990183098
2000-04-20,8.378106477210622
2000-04-21,8.285531955800398
2000-04-24,8.175628981206732
2000-04-25,7.926529328372211
2000-04-26,7.950497874068608
2000-04-27,7.739623857838989
2000-04-28,8.114614705828883
2000-05-01,7.720100703879187
2000-05-02,7.415912537094859
2000-05-03,7.335469540318753
2000-05-04,7.330473235223851
2000-05-05,7.1693904495236565
2000-05-08,7.353532150608412
2000-05-09,7.305751420990598
2000-05-10,7.43403500543261
2000-05-11,7.772202680846008
2000-05-12,8.226981809404473
2000-05-15,8.142181356199018
2000-05-16,8.164097493144698
2000-05-17,7.470953627369198
2000-05-18,7.5406975092867565
2000-05-19,7.472050705503225
2000-05-22,7.231819837982993
2000-05-23,7.485700755715553
2000-05-24,7.245118486304272
2000-05-25,7.527007608146529
2000-05-26,7.638623832722455
2000-05-29,7.69967710438142
2000-05-30,7.514115685687397
2000-05-31,7.060520105092909
2000-06-01,7.301793337617656
2000-06-02,7.123748443470441
2000-06-05,7.245638263454354
2000-06-06,7.383122576018039
2000-06-07,7.381906934849058
2000-06-08,7.444411443425462
2000-06-09,7.551172030526794
2000-06-12,7.593441875556225
2000-06-13,7.384727753911632
2000-06-14,7.028975313027476
2000-06-15,6.876943149503445
2000-06-16,6.7900857737711
2000-06-19,7.115007293020848
2000-06-20,6.844276094158303
2000-06-21,7.211740271970384
2000-06-22,7.693442779182727
2000-06-23,7.533899432696389
2000-06-26,8.024130488051515
2000-06-27,7.981960011139335
2000-06-28,7.897354067915579
2000-06-29,8.273032235893416
2000-06-30,8.328269321986605
2000-07-03,8.341443706372592
2000-07-04,8.154626456706337
2000-07-05,7.9940006759370705
2000-07-06,8.016680146700022
2000-07-07,8.397620788055887
2000-07-10,8.07673712745837
2000-07-11,8.047877554248284
2000-07-12,7.694937155562926
2000-07-13,7.511567654783563
2000-07-14,7.677629472204685
2000-07-17,7.450438726581804
2000-07-18,7.7250193284281305
2000-07-19,7.495201476563558
2000-07-20,7.356008736718951
2000-07-21,6.931506791896539
2000-07-24,7.188419362827034
2000-07-25,7.412490454447718
2000-07-26,7.094159120836201
2000-07-27,7.02213561273147
2000-07-28,6.931804319844914
2000-07-31,6.823959907023931
2000-08-01,7.282882979885094
2000-08-02,7.1658906431213065
2000-08-03,6.965363869111248
2000-08-04,6.5837026733664015
2000-08-07,6.4102679960815845
2000-08-08,6.7170070483270905
2000-08-09,6.762140513409544
2000-08-10,6.808019600074177
2000-08-11,6.640224229834659
2000-08-14,6.913502719919562
2000-08-15,7.036387682352357
2000-08-16,6.929842556050116
2000-08-17,6.7059058626913215
2000-08-18,6.685008217485905
2000-08-21,6.484938943103062
2000-08-22,6.440213119258471
2000-08-23,6.463825009798565
2000-08-24,6.313637587017439
2000-08-25,5.861920194489912
2000-08-28,5.942737615263044
2000-08-29,5.8109539688905745
2000-08-30,5.831814859000448
2000-08-31,5.800983247976531
2000-09-01,6.146427931185021
2000-09-04,6.145366238131636
2000-09-05,6.336577578592888
2000-09-06,6.2521428457812425
2000-09-07,6.068986277701354
2000-09-08,6.161521255769442
2000-09-11,6.011341335919844
2000-09-12,6.157034000701229
2000-09-13,5.913361481775799
2000-09-14,5.976029058930737
2000-09-15,5.970038240780997
2000-09-18,6.273317822396619
2000-09-19,6.36077784573916
2000-09-20,6.329280019488831
2000-09-21,6.4998104008393085
2000-09-22,6.032049485696948
2000-09-25,6.142754756431087
2000-09-26,6.274551917836588
2000-09-27,6.434622054784891
2000-09-28,6.581233208895263
2000-09-29,6.690977174892582
2000-10-02,6.610541557476399
2000-10-03,6.6392933484128855
2000-10-04,6.501807984086824
2000-10-05,6.324805040458037
2000-10-06,6.257724448799494
2000-10-09,6.215881241513202
2000-10-10,6.2916110836248045
2000-10-11,6.568501647805934
2000-10-12,6.767276097915112
2000-10-13,6.829667450297476
2000-10-16,7.094090690771955
2000-10-17,7.093068455858675
2000-10-18,7.214076420140167
2000-10-19,7.1271246749751676
2000-10-20,7.120047880846845
2000-10-23,7.05490061039412
2000-10-24,6.700018031455992
2000-10-25,6.367595492367078
2000-10-26,6.620337431931817
2000-10-27,6.916942505166654
2000-10-30,6.767745484908019
2000-10-31,6.785837443216071
2000-11-01,6.67723626797965
2000-11-02,6.888614665419196
2000-11-03,6.860818484621613
2000-11-06,6.87658934426824
2000-11-07,6.884403610313539
2000-11-08,6.990981109818078
2000-11-09,6.74175674514919
2000-11-10,6.890412289792594
2000-11-13,6.560228695272133
2000-11-14,6.244480368721265
2000-11-15,7.663423367197908
2000-11-16,7.993824646518671
2000-11-17,7.563308029484975
2000-11-20,7.2682410287471155
2000-11-21,7.197497166710824
2000-11-22,7.0159583670480785
2000-11-23,7.1088051043571445
2000-11-24,7.0461935610426565
2000-11-27,6.725648783912751
2000-11-28,6.608192265478922
2000-11-29,6.63925995455322
2000-11-30,6.7815924281115905
2000-12-01,6.516428127515911
2000-12-04,6.561343135281147
2000-12-05,6.487286769789587
2000-12-06,6.735938952074017
2000-12-07,6.620919641922922
2000-12-08,6.324909580903299
2000-12-11,6.1797386413660735
2000-12-12,5.7985762511239525
2000-12-13,5.45654702224742
2000-12-14,5.166005460043351
2000-12-15,5.239140274831751
2000-12-18,5.292291416591658
2000-12-19,5.377139767319054
2000-12-20,5.270276385866263
2000-12-21,5.10468868671636
2000-12-22,5.488429325444237
2000-12-25,5.505825287131995
2000-12-26,5.313923287966182
2000-12-27,5.575839788977329
2000-12-28,5.8155766632631
2000-12-29,5.928773029621346
2001-01-01,5.887555348624936
2001-01-02,5.7249614865961735
2001-01-03,5.635842894827378
2001-01-04,5.84619835407847
2001-01-05,5.705384025021496
2001-01-08,5.478054665476048
2001-01-09,5.582063474146218
2001-01-10,5.566779646272905
2001-01-11,5.43955209512927
2001-01-12,5.329895792791131
2001-01-15,4.9853397123303775
2001-01-16,4.895987453727402
2001-01-17,5.062254466354672
2001-01-18,4.905514289009892
2001-01-19,5.311678044969665
2001-01-22,5.301224974145685
2001-01-23,4.890794619813516
2001-01-24,4.66368755990086
2001-01-25,4.183620925155887
2001-01-26,4.485602282079454
2001-01-29,4.514990965913335
2001-01-30,4.375776738279449
2001-01-31,4.464523153860624
2001-02-01,4.644807826320807
2001-02-02,4.771107245277209
2001-02-05,4.8964371385851795
2001-02-06,4.8220291469965355
2001-02-07,4.676577948923205
2001-02-08,4.750955485653229
2001-02-09,4.618027911666869
2001-02-12,4.553258358656293
2001-02-13,4.43126473586225
2001-02-14,4.327972557132806
2001-02-15,4.409343812098518
2001-02-16,4.29884859557674
2001-02-19,4.382561646997457
2001-02-20,4.5587496307077995
2001-02-21,4.473486166103484
2001-02-22,4.31464284814627
2001-02-23,4.453032275234969
2001-02-26,4.4916454114827475
2001-02-27,4.375181208282665
2001-02-28,4.32132921538703
2001-03-01,4.371329668219906
2001-03-02,4.15408203546118
2001-03-05,4.386436659840943
2001-03-06,4.513188846256673
2001-03-07,4.50870951234146
2001-03-08,4.75026816262543
2001-03-09,4.970430427447818
2001-03-12,4.931488106320606
2001-03-13,4.88075284521297
2001-03-14,4.836729514473675
2001-03-15,4.918713412853361
2001-03-16,4.98817603150777
2001-03-19,4.6947800250198455
2001-03-20,4.750233314031828
2001-03-21,4.805207029311765
2001-03-22,4.436272162347794
2001-03-23,4.398599038612309
2001-03-26,4.403121955519666
2001-03-27,4.166469998755135
2001-03-28,3.9996561678449596
2001-03-29,3.8889464891269983
2001-03-30,3.9584355499783803
2001-04-02,4.126020967134067
2001-04-03,4.189570002368965
2001-04-04,4.201769723818271
2001-04-05,4.298172433038258
2001-04-06,3.9643579352024214
2001-04-09,4.119046407906366
2001-04-10,4.097227225972938
2001-04-11,4.23621569932539
2001-04-12,4.323331485634907
2001-04-13,4.211461699226293
2001-04-16,4.240868701277936
2001-04-17,4.14216643624723
2001-04-18,4.2006048026124905
2001-04-19,4.456851221545659
2001-04-20,4.519753240740408
2001-04-23,4.179790598882617
2001-04-24,4.066279609907828
2001-04-25,4.184614848245617
2001-04-26,4.06411450624017
2001-04-27,4.229325115103891
2001-04-30,4.084779148479471
2001-05-01,4.228873451539563
2001-05-02,4.154098877558379
2001-05-03,4.2281518216680025
2001-05-04,4.352488996128512
2001-05-07,4.380775004863091
2001-05-08,4.317974836574622
2001-05-09,4.35166250780087
2001-05-10,4.328130662811975
2001-05-11,4.328626816815609
2001-05-14,4.113742240703278
2001-05-15,4.2041726232073975
2001-05-16,4.227573475006616
2001-05-17,3.988492843620747
2001-05-18,3.939875742122686
2001-05-21,3.6768384696294985
2001-05-22,3.6811518984705747
2001-05-23,3.7437552992089733
2001-05-24,3.6615520311169054
2001-05-25,3.573224101820167
2001-05-28,3.5245941929332343
2001-05-29,3.43921927744671
2001-05-30,3.337407966790769
2001-05-31,3.137310620524757
2001-06-01,3.05900241206305
2001-06-04,2.9117623046596464
2001-06-05,3.0268203975502495
2001-06-06,3.16695550147844
2001-06-07,3.215226728847717
2001-06-08,3.335251387519174
2001-06-11,3.2433253504396706
2001-06-12,3.2982796534541237
2001-06-13,3.3509850847336744
2001-06-14,3.3806089864744693
2001-06-15,3.3318863425497836
2001-06-18,3.328511815048329
2001-06-19,3.3534509442155467
2001-06-20,3.375859372155089
2001-06-21,3.2700487052058826
2001-06-22,3.4126299640806486
2001-06-25,3.41779264181128
2001-06-26,3.5021648450466945
2001-06-27,3.436129104797801
2001-06-28,3.4861332228426845
2001-06-29,3.4990764919024637
2001-07-02,3.3996093783508576
2001-07-03,3.3977003711490346
2001-07-04,3.361249200535928
2001-07-05,3.3359867073302665
2001-07-06,3.439746357769115
2001-07-09,3.42474024575663
2001-07-10,3.5231981516729824
2001-07-11,3.5859069622071393
2001-07-12,3.596044573942955
2001-07-13,3.7150243597143295
2001-07-16,3.8263977020483044
2001-07-17,3.8369844727375635
2001-07-18,3.857116489112363
2001-07-19,3.9857467624626897
2001-07-20,4.064471243498178
2001-07-23,4.238141120953378
2001-07-24,4.2150559273319415
2001-07-25,4.059847998829489
2001-07-26,3.9662546612970764
2001-07-27,3.735254714317378
2001-07-30,3.6424993226534452
2001-07-31,3.7137095350913123
2001-08-01,3.6964029182092744
2001-08-02,3.5900711070063602
2001-08-03,3.5247530998769805
2001-08-06,3.555664885734445
2001-08-07,3.4171591130275436
2001-08-08,3.6215918036298165
2001-08-09,3.4756065345459826
2001-08-10,3.3717452562456702
2001-08-13,3.5224190947983285
2001-08-14,3.489771406580281
2001-08-15,3.422712448777175
2001-08-16,3.2181732993170886
2001-08-17,3.260618531409589
2001-08-20,3.1587538791287804
2001-08-21,3.179398548312084
2001-08-22,3.2678981415069233
2001-08-23,3.266136037976129
2001-08-24,3.408453931998452
2001-08-27,3.3807190935864693
2001-08-28,3.3550898116267476
2001-08-29,3.177555511296821
2001-08-30,3.3256342871162126
2001-08-31,3.4397499656696007
2001-09-03,3.437008315334606
2001-09-04,3.596639320540493
2001-09-05,3.619701661555072
2001-09-06,3.563514129760812
2001-09-07,3.7199150030841066
2001-09-10,3.6225125823838953
2001-09-11,3.464473466495276
2001-09-12,3.673412235356114
2001-09-13,3.5577409803463325
2001-09-14,3.6423756982109152
2001-09-17,3.879600235296933
2001-09-18,3.8071760474685896
2001-09-19,3.7940205536385156
2001-09-20,3.8776363741806827
2001-09-21,3.955835625101031
2001-09-24,4.175963783306637
2001-09-25,4.025434186510655
2001-09-26,4.141380474648302
2001-09-27,4.08158904284748
2001-09-28,4.24593143527965
2001-10-01,4.298606470601818
2001-10-02,4.16637980331875
2001-10-03,4.190138105129478
2001-10-04,3.989619994699222
2001-10-05,4.096928388331474
2001-10-08,3.947836214624637
2001-10-09,3.988641107592759
2001-10-10,4.100880392512392
2001-10-11,4.0805069664286915
2001-10-12,4.0948219960769565
2001-10-15,4.219163523202375
2001-10-16,4.2715036858518864
2001-10-17,4.2376917908468545
2001-10-18,4.122077922287944
2001-10-19,4.285992841671262
2001-10-22,4.296910828593665
2001-10-23,4.199237434838059
2001-10-24,4.001591935974369
2001-10-25,4.014962048557073
2001-10-26,3.9895198472371938
2001-10-29,3.8824411253560887
2001-10-30,3.9337012947480288
2001-10-31,3.829584117394253
2001-11-01,4.017025998285252
2001-11-02,3.9581925899676893
2001-11-05,3.7705530590693916
2001-11-06,3.7938515478653896
2001-11-07,3.9072596564716036
2001-11-08,3.7724805097299154
2001-11-09,3.851076538155487
2001-11-12,3.9493918031380746
2001-11-13,3.9610172211795374
2001-11-14,4.174812870228315
2001-11-15,4.067814795249955
2001-11-16,3.9328306961524535
2001-11-19,3.8625744474359855
2001-11-20,3.8209549964860594
2001-11-21,3.771205473074774
2001-11-22,3.4512383541962213
2001-11-23,3.473290044101451
2001-11-26,3.472271255709176
2001-11-27,3.594022340511135
2001-11-28,3.640834733143706
2001-11-29,3.525975666599215
2001-11-30,3.4993446340564853
2001-12-03,3.4505522123553436
2001-12-04,3.2205410382839665
2001-12-05,3.394992083252523
2001-12-06,3.399170517418499
2001-12-07,3.4225989132283146
2001-12-10,3.4971705182642205
2001-12-11,3.5748813887831745
2001-12-12,3.6675594708026855
2001-12-13,3.622275819771206
2001-12-14,3.5643535535049407
2001-12-17,3.694332298721557
2001-12-18,3.8972373873277415
2001-12-19,3.6824877893687673
2001-12-20,3.8113670120780068
2001-12-21,3.7820655335570823
2001-12-24,3.772400022547718
2001-12-25,3.4807266755712214
2001-12-26,3.482125191932389
2001-12-27,3.418217057226379
2001-12-28,3.181736176909985
2001-12-31,3.3104039493369974
2002-01-01,3.3321479293574345
2002-01-02,3.3704966161690466
2002-01-03,3.505287771564462
2002-01-04,3.5854609882536868
2002-01-07,3.434989271691998
2002-01-08,3.5410545637520796
2002-01-09,3.3666465618789276
2002-01-10,3.4344900918709853
2002-01-11,3.653375740018508
2002-01-14,3.7275241163463897
2002-01-15,3.6861439497329136
2002-01-16,3.9148324702649333
2002-01-17,3.9386364524953
2002-01-18,3.8171887373296993
2002-01-21,3.737412291076338
2002-01-22,3.655762963758332
2002-01-23,3.9189808664088077
2002-01-24,3.9955770228333995
2002-01-25,4.078600279869404
2002-01-28,4.138559116922139
2002-01-29,4.173549009793818
2002-01-30,4.107338103029061
2002-01-31,3.952214007177935
2002-02-01,3.998224668850077
2002-02-04,4.240250306770584
2002-02-05,4.281495908800716
2002-02-06,4.4675764935600695
2002-02-07,4.216604534753207
2002-02-08,4.258417797761355
2002-02-11,4.182274606218254
2002-02-12,4.04645436028422
2002-02-13,4.252597138631828
2002-02-14,4.1932182816944925
2002-02-15,4.274273480905887
2002-02-18,4.257658969697506
2002-02-19,4.0771735006191925
2002-02-20,4.176221060532047
2002-02-21,4.127253754444007
2002-02-22,4.249694578858971
2002-02-25,4.130786460532777
2002-02-26,4.059511720964088
2002-02-27,4.13279710249321
2002-02-28,4.027063955746135
2002-03-01,4.122540711709511
2002-03-04,3.8697926886243144
2002-03-05,3.725645474694924
2002-03-06,3.734777394138297
2002-03-07,4.017427782877959
2002-03-08,4.101138465076527
2002-03-11,4.116618808094224
2002-03-12,4.184708445946418
2002-03-13,4.127691636280711
2002-03-14,3.8659929709788416
2002-03-15,3.8289204070983858
2002-03-18,3.7950627238210712
2002-03-19,3.9480154181107046
2002-03-20,4.0388822986829895
2002-03-21,3.8978111644919786
2002-03-22,3.6242861884759807
2002-03-25,3.6106681456103416
2002-03-26,3.546529477217864
2002-03-27,3.750303598430456
2002-03-28,3.9061231422684486
2002-03-29,3.7410901466560853
2002-04-01,3.8235048187463763
2002-04-02,3.885512956568359
2002-04-03,3.9431768743717135
2002-04-04,4.3118063329845375
2002-04-05,4.298692509027061
2002-04-08,4.410824665872936
2002-04-09,4.548051190516351
2002-04-10,4.600568890988754
2002-04-11,4.8596970948607146
2002-04-12,4.890399286690502
2002-04-15,5.031711295141106
2002-04-16,4.9182699971836845
2002-04-17,4.731743164638842
2002-04-18,4.814449882883515
2002-04-19,4.806524910107092
2002-04-22,4.80760261801806
2002-04-23,4.7556553415060865
2002-04-24,4.889426598602277
2002-04-25,4.917256938892184
2002-04-26,5.295865574167516
2002-04-29,5.3192649031469035
2002-04-30,5.387790829021521
2002-05-01,5.562556105475131
2002-05-02,5.656589418458841
2002-05-03,5.447491712098026
2002-05-06,5.410699160987137
2002-05-07,5.2767254470706915
2002-05-08,5.35678921854068
2002-05-09,5.403003794926867
2002-05-10,5.565326933647788
2002-05-13,5.760329136377548
2002-05-14,5.61675374906823
2002-05-15,5.809078765743247
2002-05-16,6.041534472276271
2002-05-17,5.85180997351986
2002-05-20,5.926391105576621
2002-05-21,6.205735178457602
2002-05-22,6.159010688042165
2002-05-23,6.158529095743962
2002-05-24,6.2350062504132095
2002-05-27,5.648555995962045
2002-05-28,5.675541171189833
2002-05-29,5.714948486644746
2002-05-30,5.838034142816316
2002-05-31,5.971863535181047
2002-06-03,5.96485158256324
2002-06-04,6.323216360138642
2002-06-05,6.163819197159474
2002-06-06,6.340248267343273
2002-06-07,5.896846699053357
2002-06-10,5.910161699556176
2002-06-11,5.469313638059739
2002-06-12,5.494787938546322
2002-06-13,5.585259676203661
2002-06-14,5.528074123717598
2002-06-17,5.535756025856538
2002-06-18,5.678048637164003
2002-06-19,4.81826264263299
2002-06-20,4.497079835831325
2002-06-21,4.363438906731528
2002-06-24,4.324591208614775
2002-06-25,4.2360051211264045
2002-06-26,4.191063150279486
2002-06-27,4.401518135266516
2002-06-28,4.404462719125893
2002-07-01,4.553902376436329
2002-07-02,4.445920657887484
2002-07-03,4.3351483978321355
2002-07-04,4.137991414484307
2002-07-05,4.149689789479136
2002-07-08,4.0129863090835345
2002-07-09,4.2935609099344525
2002-07-10,4.264619749520291
2002-07-11,4.246197705515273
2002-07-12,4.20680329801025
2002-07-15,4.113139958341118
2002-07-16,4.257181381843401
2002-07-17,4.302006260057506
2002-07-18,4.080464762207824
2002-07-19,3.867362295282768
2002-07-22,3.7049047492272833
2002-07-23,3.567694686148428
2002-07-24,3.522662447085571
2002-07-25,3.6248339239281133
2002-07-26,3.629817635671948
2002-07-29,3.4725308259026617
2002-07-30,3.3740792411441984
2002-07-31,3.193312581189637
2002-08-01,3.176908184129084
2002-08-02,3.2634185467322667
2002-08-05,3.485971065930272
2002-08-06,3.37379691563981
2002-08-07,3.417546384747939
2002-08-08,3.6214542284936373
2002-08-09,3.831864120443374
2002-08-12,3.9398223657005214
2002-08-13,4.0345097181390255
2002-08-14,4.073863502022046
2002-08-15,4.256916839673027
2002-08-16,4.146433286691108
2002-08-19,4.202659445228586
2002-08-20,4.172155411860782
2002-08-21,4.084213520108531
2002-08-22,3.9295350780897027
2002-08-23,3.5638422890786297
2002-08-26,3.8047175355578133
2002-08-27,3.689194138210582
2002-08-28,3.708959517382444
2002-08-29,3.7639758867072755
2002-08-30,3.611334089565345
2002-09-02,4.915334112476992
2002-09-03,4.887376613069629
2002-09-04,5.051539484449524
2002-09-05,4.975119304529373
2002-09-06,5.003531749091642
2002-09-09,4.862911439300858
2002-09-10,4.80706191870831
2002-09-11,4.920197652615531
2002-09-12,4.864920135655947
2002-09-13,4.888657384384424
2002-09-16,4.760643391383852
2002-09-17,4.732804375188015
2002-09-18,4.919902952039654
2002-09-19,4.792095731483137
2002-09-20,4.806564558880052
2002-09-23,4.789951610580599
2002-09-24,5.083828924324743
2002-09-25,5.116833096106164
2002-09-26,5.047128068821
2002-09-27,5.307469123041992
2002-09-30,5.380045287480133
2002-10-01,5.322898368648022
2002-10-02,4.977936067655357
2002-10-03,5.13098763643644
2002-10-04,5.316418028096306
2002-10-07,5.6457787273787385
2002-10-08,5.719443816521419
2002-10-09,5.666246273649815
2002-10-10,5.819388589499201
2002-10-11,5.804273590497199
2002-10-14,5.766017959360999
2002-10-15,5.470981710212349
2002-10-16,5.608260272010359
2002-10-17,5.6281870600537625
2002-10-18,5.915950290799534
2002-10-21,5.794630346446981
2002-10-22,5.6215332728222
2002-10-23,5.821390332621396
2002-10-24,6.07608732387167
2002-10-25,6.072119576560816
2002-10-28,6.2455189446686505
2002-10-29,6.172078595979846
2002-10-30,6.110224099243358
2002-10-31,6.190121764236805
2002-11-01,6.1254738037938505
2002-11-04,6.172323499387197
2002-11-05,6.187606065025021
2002-11-06,5.958627071314226
2002-11-07,6.00344293170806
2002-11-08,5.786946426978037
2002-11-11,5.935196059714133
2002-11-12,6.149554122806245
2002-11-13,6.110306366231134
2002-11-14,6.449402844246914
2002-11-15,6.725301653944194
2002-11-18,6.778020168200068
2002-11-19,6.710242316184327
2002-11-20,6.927765549896122
2002-11-21,7.315990987688913
2002-11-22,7.391880588827102
2002-11-25,7.8565795443222415
2002-11-26,7.719789889936014
2002-11-27,7.884614104004168
2002-11-28,7.872802621578614
2002-11-29,7.621836500064073
2002-12-02,7.511182053509653
2002-12-03,7.777312590038397
2002-12-04,7.737541222315763
2002-12-05,7.592446223918678
2002-12-06,7.929712913055765
2002-12-09,8.200515102618471
2002-12-10,8.090644337671922
2002-12-11,8.615860652093504
2002-12-12,8.583578485628502
2002-12-13,8.671231667907879
2002-12-16,8.683049502342406
2002-12-17,8.442556921636774
2002-12-18,8.389481261838188
2002-12-19,8.371416117138443
2002-12-20,7.882165589588805
2002-12-23,7.950262499076915
2002-12-24,8.182426956125685
2002-12-25,7.885300547514252
2002-12-26,8.061231901451205
2002-12-27,8.361844063155232
2002-12-30,7.586089415371394
2002-12-31,7.5438942008367285
2003-01-01,8.028754613634122
2003-01-02,8.091090478035818
2003-01-03,7.609087031303767
2003-01-06,7.292599622576665
2003-01-07,7.361961145846157
2003-01-08,7.513011306182812
2003-01-09,7.520236044713742
2003-01-10,7.575821817509736
2003-01-13,7.590420005234729
2003-01-14,7.426246602816099
2003-01-15,7.441582938401636
2003-01-16,7.073732250568766
2003-01-17,6.99140014730173
2003-01-20,7.117911812117451
2003-01-21,6.910706381409409
2003-01-22,6.849773273217198
2003-01-23,6.8807795151925015
2003-01-24,7.305934236270859
2003-01-27,7.55482335065891
2003-01-28,7.173581065494166
2003-01-29,7.690866642899101
2003-01-30,8.054000230762188
2003-01-31,8.105323177113899
2003-02-03,8.326253864864094
2003-02-04,8.115225813264345
2003-02-05,8.099530055829092
2003-02-06,7.8800538696522295
2003-02-07,8.037689619956708
2003-02-10,8.725986579541853
2003-02-11,8.605955900292486
2003-02-12,8.557607219644034
2003-02-13,8.549806446672257
2003-02-14,8.447187094650568
2003-02-17,8.597378595482366
2003-02-18,8.912779692131586
2003-02-19,8.740671553104798
2003-02-20,8.728742825539506
2003-02-21,8.923934965764166
2003-02-24,8.656567248519302
2003-02-25,8.311528102278197
2003-02-26,8.147287019714545
2003-02-27,8.345754504928411
2003-02-28,8.08440481437174
2003-03-03,7.941902381713896
2003-03-04,7.935005269272791
2003-03-05,7.970937822079241
2003-03-06,7.927873585297044
2003-03-07,7.926892877482695
2003-03-10,7.552499040025604
2003-03-11,7.395326751208194
2003-03-12,6.879240750507865
2003-03-13,7.098086111423492
2003-03-14,7.305468923629205
2003-03-17,7.09538939967847
2003-03-18,7.410880704475672
2003-03-19,7.773674482164738
2003-03-20,7.988820495099812
2003-03-21,7.558789591643599
2003-03-24,7.435713189372494
2003-03-25,7.396034222012879
2003-03-26,6.842553255329558
2003-03-27,7.011778335141988
2003-03-28,7.212584505558759
2003-03-31,7.289728568200061
2003-04-01,7.283750067309891
2003-04-02,7.229344962284816
2003-04-03,7.2617647966720185
2003-04-04,7.04522746852076
2003-04-07,7.253325084660775
2003-04-08,6.993073294822432
2003-04-09,6.825988197948462
2003-04-10,6.413946448804693
2003-04-11,6.25933317725822
2003-04-14,6.284664709936555
2003-04-15,6.593857988153011
2003-04-16,6.433517173381916
2003-04-17,6.375771100497126
2003-04-18,6.457232627788507
2003-04-21,6.380558759627597
2003-04-22,6.589841814934766
2003-04-23,6.189996066748729
2003-04-24,6.295893575556162
2003-04-25,6.311502706186449
2003-04-28,6.136940749716294
2003-04-29,6.291170733568997
2003-04-30,6.458728625732945
2003-05-01,6.245302847233622
2003-05-02,6.311674412778077
2003-05-05,6.315360070323723
2003-05-06,5.9470717853836526
2003-05-07,5.99846817715908
2003-05-08,6.321898444685125
2003-05-09,5.7740238465778475
2003-05-12,5.583863804263025
2003-05-13,5.62969036421239
2003-05-14,5.581997524898542
2003-05-15,5.762254784237802
2003-05-16,5.87257346797437
2003-05-19,5.678956609912975
2003-05-20,5.713503779506193
2003-05-21,5.637054960229034
2003-05-22,5.43387160467951
2003-05-23,5.645530553513938
2003-05-26,5.708110396451865
2003-05-27,5.79931669055711
2003-05-28,5.733629657211777
2003-05-29,5.690676012095777
2003-05-30,5.912479467611252
2003-06-02,5.884173182637035
2003-06-03,5.844035031789807
2003-06-04,6.017727733722882
2003-06-05,6.030739703151808
2003-06-06,6.146077118535654
2003-06-09,6.332942408197917
2003-06-10,6.321181352965292
2003-06-11,6.203966813325475
2003-06-12,5.833210132517528
2003-06-13,5.7267879049513635
2003-06-16,5.520681475290348
2003-06-17,5.579958550720628
2003-06-18,5.456202621033448
2003-06-19,5.249916693011068
2003-06-20,5.025228963839355
2003-06-23,5.034050361442732
2003-06-24,5.092056310183585
2003-06-25,4.896313022292397
2003-06-26,4.701541125465954
2003-06-27,4.53768419583782
2003-06-30,4.483666855006151
2003-07-01,4.511302396662155
2003-07-02,4.466979412751493
2003-07-03,4.364611756878791
2003-07-04,4.3359162646219165
2003-07-07,4.388184766953489
2003-07-08,4.349190158986961
2003-07-09,4.468490026951791
2003-07-10,4.616700919649135
2003-07-11,4.548700866356925
2003-07-14,4.671517063171252
2003-07-15,4.731760140216304
2003-07-16,4.96826792123368
2003-07-17,4.850751607762526
2003-07-18,5.162478088513734
2003-07-21,4.8728092534736
2003-07-22,4.772025584815319
2003-07-23,4.532986604365873
2003-07-24,4.8098740941333515
2003-07-25,4.966477654677135
2003-07-28,5.067354886752494
2003-07-29,5.29978686413867
2003-07-30,5.223259973085506
2003-07-31,4.944851084900008
2003-08-01,4.94836688128361
2003-08-04,4.710300009565234
2003-08-05,4.726600619497694
2003-08-06,5.027406347630098
2003-08-07,5.022600549617788
2003-08-08,5.320755729666858
2003-08-11,5.106465949967215
2003-08-12,5.201531572536741
2003-08-13,5.218737922199642
2003-08-14,5.191012896212415
2003-08-15,5.133164592373065
2003-08-18,5.210678943885059
2003-08-19,5.387426368885689
2003-08-20,5.381762754372229
2003-08-21,5.611160036140133
2003-08-22,5.290065591865559
2003-08-25,5.446751700755924
2003-08-26,5.695841988594596
2003-08-27,5.503416915368947
2003-08-28,5.898101582254923
2003-08-29,6.111720146781705
2003-09-01,6.067956158195552
2003-09-02,5.988950283301774
2003-09-03,5.902107008938863
2003-09-04,5.861068551093368
2003-09-05,5.9584934486121295
2003-09-08,5.8297280172573265
2003-09-09,5.817675761524002
2003-09-10,5.564382255570986
2003-09-11,5.692414075768574
2003-09-12,5.718579383191558
2003-09-15,5.461049151518415
2003-09-16,5.593342652632358
2003-09-17,5.3327205571312035
2003-09-18,5.441237640126788
2003-09-19,5.46341331729715
2003-09-22,5.528770289220378
2003-09-23,5.460276436967906
2003-09-24,5.1525184284623435
2003-09-25,5.0892882182587265
2003-09-26,4.911199526908813
2003-09-29,5.01085268629715
2003-09-30,5.049912458774306
2003-10-01,4.931109130496289
2003-10-02,4.830014893512816
2003-10-03,5.092368061986133
2003-10-06,5.300095650268607
2003-10-07,5.322000512529695
2003-10-08,5.567268443076632
2003-10-09,5.509790708477157
2003-10-10,5.074143613693584
2003-10-13,5.228411291103627
2003-10-14,5.1024396764691735
2003-10-15,5.001219578280009
2003-10-16,4.892598062233213
2003-10-17,5.055245738477441
2003-10-20,4.973192668947348
2003-10-21,5.212335209943195
2003-10-22,5.15504741737167
2003-10-23,5.207346283544903
2003-10-24,5.375221946957626
2003-10-27,5.116559195799656
2003-10-28,5.0434873275928895
2003-10-29,5.204431577903369
2003-10-30,5.112061939295004
2003-10-31,4.933365367859448
2003-11-03,4.768969259303375
2003-11-04,4.846679251366458
2003-11-05,5.064100401668199
2003-11-06,5.176281117971316
2003-11-07,5.070915660893833
2003-11-10,5.262859738635141
2003-11-11,5.18557718341324
2003-11-12,5.068713217311586
2003-11-13,5.094359864387292
2003-11-14,5.304767692696244
2003-11-17,5.304872821439737
2003-11-18,5.340751407561208
2003-11-19,5.174583517966491
2003-11-20,5.011643367204118
2003-11-21,4.734158085940185
2003-11-24,4.585280258452119
2003-11-25,4.446862702349416
2003-11-26,4.482355944206633
2003-11-27,4.591641083186192
2003-11-28,4.512162214209317
2003-12-01,4.28264141013293
2003-12-02,4.291836774771975
2003-12-03,4.487826904503843
2003-12-04,4.558114147653578
2003-12-05,4.435942555438666
2003-12-08,4.5792624704983815
2003-12-09,4.382820117758496
2003-12-10,4.258274273829697
2003-12-11,4.460176444235764
2003-12-12,4.384551037622118
2003-12-15,4.520974227328668
2003-12-16,5.01168453927015
2003-12-17,5.125969982307346
2003-12-18,5.293526036974453
2003-12-19,5.291753005461182
2003-12-22,5.739871598256639
2003-12-23,5.580360111631944
2003-12-24,5.396979959500734
2003-12-25,5.699987613361878
2003-12-26,5.978017740852644
2003-12-29,5.8391750023704025
2003-12-30,6.081005563370421
2003-12-31,6.170171204646909
2004-01-01,6.173143371088453
2004-01-02,6.023251738463352
2004-01-05,5.997299963280151
2004-01-06,5.816575393884333
2004-01-07,5.759582626737093
2004-01-08,5.582260103906907
2004-01-09,5.337890751866948
2004-01-12,5.565377690093374
2004-01-13,5.530936834661463
2004-01-14,5.595334354408781
2004-01-15,5.491494972576258
2004-01-16,5.449278123722849
2004-01-19,5.27708323265529
2004-01-20,5.5757072531309735
2004-01-21,5.2085277336863
2004-01-22,5.366042835941297
2004-01-23,5.263791130417063
2004-01-26,5.097148904859048
2004-01-27,4.8633077480145825
2004-01-28,4.882185454056768
2004-01-29,5.00689645731054
2004-01-30,5.115231672461208
2004-02-02,5.039882285063819
2004-02-03,5.000648592893108
2004-02-04,4.838611475007577
2004-02-05,4.7056202165350856
2004-02-06,4.90680060093498
2004-02-09,4.6339148997463715
2004-02-10,4.361061605648085
2004-02-11,4.262594326435089
2004-02-12,4.503503568497687
2004-02-13,4.50540240513558
2004-02-16,4.888774196694292
2004-02-17,4.8329348386696855
2004-02-18,4.944063836430331
2004-02-19,5.127202913530857
2004-02-20,5.514996819891324
2004-02-23,5.4024352623863825
2004-02-24,5.344260649354651
2004-02-25,5.48241269720256
2004-02-26,5.539582463371305
2004-02-27,5.736527388330671
2004-03-01,5.666478165917604
2004-03-02,5.72413071587236
2004-03-03,5.546023836055987
2004-03-04,5.362829983343485
2004-03-05,5.247760957968579
2004-03-08,5.290169631967365
2004-03-09,5.298641996092355
2004-03-10,5.335552374106113
2004-03-11,5.153044562493399
2004-03-12,5.209578300945993
2004-03-15,5.39810833662581
2004-03-16,4.934954029139275
2004-03-17,4.875411517240665
2004-03-18,4.785108917423641
2004-03-19,4.732072229813758
2004-03-22,4.576176484152101
2004-03-23,4.560135997497769
2004-03-24,4.463203382708501
2004-03-25,4.2764946264908055
2004-03-26,4.33882941837065
2004-03-29,4.520699822097764
2004-03-30,4.5088588695261995
2004-03-31,4.625133208412143
2004-04-01,4.729696295195212
2004-04-02,4.9784343966835465
2004-04-05,5.086489648472578
2004-04-06,5.094361885385615
2004-04-07,5.0341135764950105
2004-04-08,4.907481742894629
2004-04-09,4.9004767181809
2004-04-12,5.048723050599934
2004-04-13,5.274670859477981
2004-04-14,5.145291716579857
2004-04-15,5.046348192136869
2004-04-16,5.237187944785927
2004-04-19,5.523382289734614
2004-04-20,5.1866283331309715
2004-04-21,5.177103627105383
2004-04-22,5.287737431699042
2004-04-23,5.380640033719852
2004-04-26,5.089494661396775
2004-04-27,5.080836257686801
2004-04-28,5.017090004280245
2004-04-29,4.7905461073178275
2004-04-30,4.905078546932249
2004-05-03,5.117594778794317
2004-05-04,5.123890177663433
2004-05-05,5.063022101993445
2004-05-06,5.078775145376838
2004-05-07,5.212794090977963
2004-05-10,4.868062622674764
2004-05-11,5.094183039438025
2004-05-12,4.9801192839182935
2004-05-13,5.026312086262838
2004-05-14,5.031312555223155
2004-05-17,4.92764150077073
2004-05-18,5.225352405886225
2004-05-19,5.351029304621618
2004-05-20,5.552051966931015
2004-05-21,5.365662209947629
2004-05-24,5.471335663244141
2004-05-25,5.490267414377887
2004-05-26,5.479204445471445
2004-05-27,5.8616105217895065
2004-05-28,5.723722775006767
2004-05-31,5.5038611816486895
2004-06-01,5.439838658673967
2004-06-02,5.581007242097053
2004-06-03,6.146297359378941
2004-06-04,6.403943571728212
2004-06-07,6.273634581430468
2004-06-08,6.318739707091559
2004-06-09,6.423264549355962
2004-06-10,6.413553297201216
2004-06-11,6.4196747185146465
2004-06-14,6.405457192749773
2004-06-15,6.450131046765275
2004-06-16,6.384722964467443
2004-06-17,6.573660638553661
2004-06-18,6.565032468530245
2004-06-21,6.477149181584275
2004-06-22,6.325842559306446
2004-06-23,6.282424843598921
2004-06-24,5.6068025217493505
2004-06-25,5.437621559979146
2004-06-28,5.721274753618686
2004-06-29,5.883578465085144
2004-06-30,5.969089735211106
2004-07-01,6.032813440611553
2004-07-02,6.0092599152030814
2004-07-05,5.94824823484208
2004-07-06,5.811283769729383
2004-07-07,5.7690326916696915
2004-07-08,5.718633051064425
2004-07-09,5.890490477849351
2004-07-12,6.184874503062537
2004-07-13,6.317144837389712
2004-07-14,6.1246480003210815
2004-07-15,5.789990030300485
2004-07-16,5.766937411207656
2004-07-19,5.484298738773668
2004-07-20,5.515088592206311
2004-07-21,5.928799045017353
2004-07-22,5.7833122904303265
2004-07-23,6.0860986499437875
2004-07-26,5.754119340024282
2004-07-27,5.674842724343999
2004-07-28,5.481744811464859
2004-07-29,5.378516872976103
2004-07-30,4.950873913886111
2004-08-02,5.15874844714839
2004-08-03,5.737897145768238
2004-08-04,5.366192816912956
2004-08-05,5.458046464360977
2004-08-06,5.195835442038603
2004-08-09,5.053885682461827
2004-08-10,5.200479614336156
2004-08-11,5.246861789199072
2004-08-12,5.279172292019879
2004-08-13,5.333440392700452
2004-08-16,5.6013204130141245
2004-08-17,5.150984270400561
2004-08-18,5.075153068597536
2004-08-19,4.808966383861486
2004-08-20,4.728329697152346
2004-08-23,4.772948631848532
2004-08-24,4.966702514379359
2004-08-25,4.943704482146177
2004-08-26,5.000019101922641
2004-08-27,5.086154442147128
2004-08-30,5.191337299302119
2004-08-31,5.1872839794681695
2004-09-01,4.854383668108853
2004-09-02,4.753928145776298
2004-09-03,4.816847326643346
2004-09-06,4.761486332071997
2004-09-07,4.777813187922579
2004-09-08,4.837438095446055
2004-09-09,4.772874092039831
2004-09-10,4.577047477276278
2004-09-13,4.314542673317924
2004-09-14,4.385599759205205
2004-09-15,4.422458059407262
2004-09-16,4.249926661838855
2004-09-17,4.002653007179554
2004-09-20,4.172784059138955
2004-09-21,4.072393562154913
2004-09-22,4.250145289136402
2004-09-23,4.315171725945695
2004-09-24,4.473009381244883
2004-09-27,4.506931501503065
2004-09-28,4.3807701060474535
2004-09-29,4.646043944087922
2004-09-30,4.5830381335953945
2004-10-01,4.704132768704043
2004-10-04,4.8732529672672005
2004-10-05,4.76108559143913
2004-10-06,4.865904697630679
2004-10-07,4.949191288729603
2004-10-08,5.1635864649885095
2004-10-11,5.412451720738664
2004-10-12,5.226000269880685
2004-10-13,5.275760355569955
2004-10-14,4.968516903603948
2004-10-15,4.911092594978098
2004-10-18,5.2748690510968075
2004-10-19,5.105200787719743
2004-10-20,5.040932941021484
2004-10-21,4.98583058938113
2004-10-22,4.679398752138247
2004-10-25,5.061203394269986
2004-10-26,5.0953152345926345
2004-10-27,5.202889382703843
2004-10-28,4.928087135949226
2004-10-29,4.966562965247582
2004-11-01,4.965740707290685
2004-11-02,4.688382841564625
2004-11-03,4.5361408554985925
2004-11-04,4.459660932966592
2004-11-05,4.470403207452147
2004-11-08,4.493964571614505
2004-11-09,4.27205546584667
2004-11-10,4.204715157425939
2004-11-11,4.218420233125142
2004-11-12,4.259544047961222
2004-11-15,3.93544015664503
2004-11-16,3.7904247311969446
2004-11-17,3.911229696050703
2004-11-18,4.196495169451348
2004-11-19,4.214993232595779
2004-11-22,4.187682330837899
2004-11-23,4.190746234969556
2004-11-24,4.238464803788906
2004-11-25,4.21424913338771
2004-11-26,4.4009191707975805
2004-11-29,4.494073714953915
2004-11-30,4.5251744610108355
2004-12-01,4.495690448002208
2004-12-02,4.348523007821949
2004-12-03,4.4221111674382225
2004-12-06,4.5252374187301845
2004-12-07,4.436307489960092
2004-12-08,4.627370618385742
2004-12-09,4.626528483302922
2004-12-10,4.737085324061827
2004-12-13,4.801538514613595
2004-12-14,4.666750605802608
2004-12-15,4.971185500168127
2004-12-16,4.9667310645743985
2004-12-17,4.902377340959672
2004-12-20,4.973017547646142
2004-12-21,5.260611992483998
2004-12-22,5.077648467290831
2004-12-23,5.205805549647826
2004-12-24,5.162258137125873
2004-12-27,5.318327298310442
2004-12-28,5.465466325553904
2004-12-29,5.208117332426111
2004-12-30,5.155025808610997
2004-12-31,5.016923852133962
2005-01-03,5.201146024526301
2005-01-04,5.282892254367676
2005-01-05,5.495279709936612
2005-01-06,5.648077150623096
2005-01-07,5.542937855325473
2005-01-10,5.429386907117768
2005-01-11,5.488580842495016
2005-01-12,5.916352678742264
2005-01-13,5.880215912501703
2005-01-14,5.944787394129599
2005-01-17,6.097268723472166
2005-01-18,6.092709772217376
2005-01-19,6.571454670215972
2005-01-20,6.494744617881545
2005-01-21,6.257795237510494
2005-01-24,6.4252723024102085
2005-01-25,6.2474905780279295
2005-01-26,6.186003064374236
2005-01-27,6.241824468719296
2005-01-28,6.197511184884314
2005-01-31,6.2305811946632765
2005-02-01,6.249465240338072
2005-02-02,6.663490066985086
2005-02-03,6.777338518761907
2005-02-04,6.756814838567652
2005-02-07,6.634915167304816
2005-02-08,6.523521871867682
2005-02-09,6.1162551155294995
2005-02-10,6.415525571482082
2005-02-11,6.386648266657124
2005-02-14,6.516342366046531
2005-02-15,6.523656696184664
2005-02-16,6.605222825342966
2005-02-17,6.378758979359297
2005-02-18,6.569356003745758
2005-02-21,6.249735502469868
2005-02-22,6.20802207034323
2005-02-23,6.295077957252147
2005-02-24,6.400899385888198
2005-02-25,6.301310032810799
2005-02-28,5.981773121210997
2005-03-01,6.086761835020612
2005-03-02,5.992755462410185
2005-03-03,6.091242743475831
2005-03-04,6.09139534396663
2005-03-07,5.810167367147386
2005-03-08,5.960334537844391
2005-03-09,5.758515805306649
2005-03-10,5.638219491667343
2005-03-11,5.8963894975979825
2005-03-14,5.896207619795312
2005-03-15,5.807555576403108
2005-03-16,6.293237599455552
2005-03-17,6.062605620043126
2005-03-18,6.297453933831536
2005-03-21,6.326692765820563
2005-03-22,5.955809074806462
2005-03-23,5.902030524051277
2005-03-24,6.268732794589655
2005-03-25,6.490941321322451
2005-03-28,6.273741308471198
2005-03-29,6.328376404857755
2005-03-30,6.308446597853164
2005-03-31,6.280810295314382
2005-04-01,6.168565663744384
2005-04-04,6.197518973322623
2005-04-05,6.0550585654904685
2005-04-06,6.250412312633659
2005-04-07,6.2218500955654275
2005-04-08,6.442088298207936
2005-04-11,6.316719229955879
2005-04-12,6.191928109441517
2005-04-13,6.177213526278676
2005-04-14,6.028800773020099
2005-04-15,5.997883956836614
2005-04-18,5.863762940599395
2005-04-19,5.932845193424211
2005-04-20,5.758645383458923
2005-04-21,5.919924225622394
2005-04-22,5.927621252213122
2005-04-25,5.871939603376075
2005-04-26,5.649216254664096
2005-04-27,5.413166278111064
2005-04-28,5.7358738955563
2005-04-29,5.826200921926885
2005-05-02,5.907353307045479
2005-05-03,5.780334652735106
2005-05-04,5.896431582969357
2005-05-05,5.882884781578246
2005-05-06,5.8210923888108
2005-05-09,5.604589787443707
2005-05-10,5.669915918359284
2005-05-11,6.03150716727552
2005-05-12,6.3045547799043415
2005-05-13,6.4940278190173135
2005-05-16,6.263360301528572
2005-05-17,6.035637619115568
2005-05-18,6.171498945502217
2005-05-19,6.197124558209488
2005-05-20,6.131841313644732
2005-05-23,6.027970323665602
2005-05-24,5.6410102013926515
2005-05-25,5.751928191146827
2005-05-26,5.768534853875905
2005-05-27,5.627246387301738
2005-05-30,5.9390697995802935
2005-05-31,5.735802447440283
2005-06-01,5.523963433782924
2005-06-02,5.484035363192854
2005-06-03,5.557368772231092
2005-06-06,5.803173191480861
2005-06-07,5.848272133264102
2005-06-08,6.001147388586239
2005-06-09,6.1837493483558195
2005-06-10,6.39271573352111
2005-06-13,6.441600823023261
2005-06-14,6.490482226763289
2005-06-15,6.364757635347811
2005-06-16,6.3405069720453975
2005-06-17,6.25080595497995
2005-06-20,6.333675717734782
2005-06-21,6.586754849280559
2005-06-22,6.49318613357113
2005-06-23,6.644073083560986
2005-06-24,6.388840542427189
2005-06-27,6.555217347805723
2005-06-28,6.368286681853759
2005-06-29,6.789180704331302
2005-06-30,6.926566149058404
2005-07-01,7.1163496371872155
2005-07-04,7.380373386095022
2005-07-05,7.42510677207771
2005-07-06,6.888804042445355
2005-07-07,6.784220648410184
2005-07-08,6.974997891354757
2005-07-11,6.721843469913983
2005-07-12,6.656783259146209
2005-07-13,6.488618479773501
2005-07-14,6.6148699124047265
2005-07-15,6.5657875533846175
2005-07-18,6.441198903629127
2005-07-19,6.488186373511465
2005-07-20,6.451702658074416
2005-07-21,7.169472649413394
2005-07-22,7.5874210672242555
2005-07-25,7.841903926077063
2005-07-26,7.491052974822979
2005-07-27,7.586595769273754
2005-07-28,7.7716741354579435
2005-07-29,8.166967326287937
2005-08-01,8.209945997719478
2005-08-02,8.293349705954043
2005-08-03,7.982084912178925
2005-08-04,7.651017499940492
2005-08-05,7.4096006860748815
2005-08-08,7.106429317486428
2005-08-09,7.121829108310173
2005-08-10,6.516733074794306
2005-08-11,6.486576135995571
2005-08-12,6.493881264275974
2005-08-15,6.531357341364051
2005-08-16,6.810682961416806
2005-08-17,7.15612594628505
2005-08-18,7.510696049738563
2005-08-19,7.625554172371101
2005-08-22,7.45055659568933
2005-08-23,7.180991304722206
2005-08-24,6.846604832645727
2005-08-25,6.950596719627177
2005-08-26,6.947897141535235
2005-08-29,6.892669437876701
2005-08-30,7.075083848565312
2005-08-31,7.067681978327598
2005-09-01,7.572174987732253
2005-09-02,7.222961587713788
2005-09-05,7.2465941443328905
2005-09-06,6.841787680186433
2005-09-07,6.999810620038561
2005-09-08,6.68284669144647
2005-09-09,6.729891901195078
2005-09-12,6.569238801976328
2005-09-13,6.386401389248811
2005-09-14,6.241113511695705
2005-09-15,6.204416409890405
2005-09-16,5.955340595867446
2005-09-19,5.6980046150947326
2005-09-20,5.803851976598578
2005-09-21,5.4259574260434915
2005-09-22,5.467615200243315
2005-09-23,5.135415595570999
2005-09-26,5.1490822814766295
2005-09-27,5.010237389578065
2005-09-28,5.135289541327462
2005-09-29,5.354685486013234
2005-09-30,5.299231708250466
2005-10-03,5.324625989718796
2005-10-04,5.284919198309879
2005-10-05,5.023025676283004
2005-10-06,5.036795023656658
2005-10-07,5.0885970536626735
2005-10-10,5.139726746977651
2005-10-11,5.216224038002023
2005-10-12,5.340323889038966
2005-10-13,5.3466375694818895
2005-10-14,5.1831025224944325
2005-10-17,5.254041598558123
2005-10-18,5.366902709115342
2005-10-19,5.309935358524873
2005-10-20,5.42453199745927
2005-10-21,5.440486520223614
2005-10-24,5.250608992117774
2005-10-25,5.69032187650075
2005-10-26,5.620253645695252
2005-10-27,5.435650268577069
2005-10-28,5.309697188621649
2005-10-31,4.926010728335222
2005-11-01,4.879210239911971
2005-11-02,5.103562289573109
2005-11-03,5.133370329925865
2005-11-04,5.000168439724552
2005-11-07,4.988882191620694
2005-11-08,4.677460504707006
2005-11-09,4.668882851531252
2005-11-10,4.617082653765262
2005-11-11,4.7614317217899105
2005-11-14,4.812876835122534
2005-11-15,4.662740501131982
2005-11-16,4.803470552405657
2005-11-17,5.005763341916917
2005-11-18,5.064812489477861
2005-11-21,5.023877810884154
2005-11-22,4.933892437511625
2005-11-23,5.204600311312969
2005-11-24,5.251375457067737
2005-11-25,5.263123613910358
2005-11-28,5.064317317592431
2005-11-29,4.920023689543263
2005-11-30,4.695846456287398
2005-12-01,4.656507607201995
2005-12-02,4.57071250785687
2005-12-05,4.589476988836033
2005-12-06,4.759454099457555
2005-12-07,4.864215973288647
2005-12-08,5.004859742332707
2005-12-09,5.184438796406544
2005-12-12,5.048675585092621
2005-12-13,4.62214532414638
2005-12-14,4.732744414814748
2005-12-15,4.902194767486748
2005-12-16,5.105159428116426
2005-12-19,5.0378012029991925
2005-12-20,5.096759250923062
2005-12-21,4.858091938722433
2005-12-22,4.840974783434771
2005-12-23,4.867318690875146
2005-12-26,4.713920794855954
2005-12-27,4.641260285107953
2005-12-28,4.837952266004216
2005-12-29,4.855542168875171
2005-12-30,5.031134614281987
2006-01-02,5.1246112906650865
2006-01-03,5.260288642231644
2006-01-04,5.339077614389211
2006-01-05,5.475915979688412
2006-01-06,5.590106664060481
2006-01-09,5.944687044875849
2006-01-10,5.8597393027775695
2006-01-11,5.546892829018137
2006-01-12,5.703440473690874
2006-01-13,5.614704288371912
2006-01-16,5.555347496839767
2006-01-17,5.325786225884774
2006-01-18,5.582289827573328
2006-01-19,5.876649658403273
2006-01-20,5.8295158815327905
2006-01-23,5.868052062893246
2006-01-24,5.7390936918346
2006-01-25,6.198402204709325
2006-01-26,5.9579351678638774
2006-01-27,6.042356752862148
2006-01-30,6.037292088128283
2006-01-31,6.022178025771687
2006-02-01,6.094683848085418
2006-02-02,5.847110969556387
2006-02-03,6.240065481178554
2006-02-06,6.377361199143645
2006-02-07,6.454780649205646
2006-02-08,6.5868161744894635
2006-02-09,6.569438458608429
2006-02-10,6.839069306961579
2006-02-13,7.2000288893970055
2006-02-14,6.99715864311509
2006-02-15,7.065543671390109
2006-02-16,7.153177671961196
2006-02-17,6.92819618451164
2006-02-20,6.9060699126006275
2006-02-21,7.35265893191894
2006-02-22,7.595504229200441
2006-02-23,7.600559399297483
2006-02-24,7.870749601942517
2006-02-27,8.100978524209417
2006-02-28,8.334464104927306
2006-03-01,7.933941204730767
2006-03-02,8.060400247266283
2006-03-03,7.93458595691986
2006-03-06,7.979519663813761
2006-03-07,8.153554063641334
2006-03-08,7.934922077610399
2006-03-09,7.7508514169490486
2006-03-10,7.862706568195768
2006-03-13,7.575168937107484
2006-03-14,7.729866277389443
2006-03-15,8.147097441620183
2006-03-16,8.41086937344046
2006-03-17,8.830753597083492
2006-03-20,8.759074777539746
2006-03-21,8.894313746308198
2006-03-22,9.186696187718224
2006-03-23,8.812393910051412
2006-03-24,8.591316114040026
2006-03-27,8.691828779927723
2006-03-28,8.619817270973954
2006-03-29,8.261282754510392
2006-03-30,8.112503373077384
2006-03-31,8.019899646331925
2006-04-03,8.208539866352387
2006-04-04,8.541258987821356
2006-04-05,8.350588089062759
2006-04-06,8.241326923687378
2006-04-07,7.721667637213258
2006-04-10,7.9921191901855355
2006-04-11,7.88980655054759
2006-04-12,7.703581433771312
2006-04-13,7.460531709144134
2006-04-14,8.165309654944677
2006-04-17,8.502055596544942
2006-04-18,8.340488910125737
2006-04-19,8.720968175341097
2006-04-20,8.780697569736846
2006-04-21,8.916419684198706
2006-04-24,8.894129356550584
2006-04-25,8.960139577241518
2006-04-26,8.367157478071267
2006-04-27,8.219753658904422
2006-04-28,7.993545130419366
2006-05-01,7.575364448099875
2006-05-02,7.333150226245031
2006-05-03,7.288023050929157
2006-05-04,7.669372994050026
2006-05-05,7.752555995451736
2006-05-08,7.852048563992479
2006-05-09,7.805008375013325
2006-05-10,8.091677491757034
2006-05-11,7.630595489704564
2006-05-12,7.496391337226757
2006-05-15,7.837820749049085
2006-05-16,7.75329339953622
2006-05-17,7.7327694782390815
2006-05-18,7.38366669145284
2006-05-19,7.395746809080085
2006-05-22,7.913647718644046
2006-05-23,8.258750597078253
2006-05-24,8.747333221174266
2006-05-25,8.48567856596924
2006-05-26,8.331406697531353
2006-05-29,8.32750675271011
2006-05-30,8.808099717118878
2006-05-31,8.35684547923768
2006-06-01,8.111393199850545
2006-06-02,7.171323093163591
2006-06-05,6.894492075644765
2006-06-06,7.177523171699046
2006-06-07,7.650726829584679
2006-06-08,7.5007753168596105
2006-06-09,7.443167010319551
2006-06-12,7.967228848293111
2006-06-13,8.033638727360396
2006-06-14,7.711659278110353
2006-06-15,7.4234659678488155
2006-06-16,7.2164703930328775
2006-06-19,7.61231675728767
2006-06-20,7.9113622394724255
2006-06-21,7.817680633491562
2006-06-22,7.9405332147507135
2006-06-23,8.033795449450711
2006-06-26,8.032067599623204
2006-06-27,7.833741136146513
2006-06-28,7.429822147500523
2006-06-29,7.639284663790777
2006-06-30,7.735450298021102
2006-07-03,7.548552062759393
2006-07-04,7.8325055760614495
2006-07-05,8.248051724925217
2006-07-06,8.3071600770194
2006-07-07,8.295131282195763
2006-07-10,7.920884125586294
2006-07-11,7.874607661282916
2006-07-12,7.623658985731346
2006-07-13,7.592715509432735
2006-07-14,7.846873434483274
2006-07-17,8.005145645892165
2006-07-18,8.67836197973619
2006-07-19,9.011643892183683
2006-07-20,8.933388693155267
2006-07-21,8.588007949347908
2006-07-24,8.50334393864661
2006-07-25,8.56493790576462
2006-07-26,8.908426653843092
2006-07-27,9.144325976267544
2006-07-28,8.69293998130962
2006-07-31,8.746707562490476
2006-08-01,9.033902309573493
2006-08-02,9.419459157499409
2006-08-03,9.754159582210617
2006-08-04,9.543745315360134
2006-08-07,9.352069281376762
2006-08-08,9.904320461213972
2006-08-09,9.762215317262926
2006-08-10,10.269706244827756
2006-08-11,9.979802543781755
2006-08-14,9.933570710139149
2006-08-15,9.334007029444727
2006-08-16,9.271657232715693
2006-08-17,9.034796806465467
2006-08-18,9.216636740300363
2006-08-21,9.39913175512941
2006-08-22,9.52490524652075
2006-08-23,9.29410352508587
2006-08-24,10.025462170393807
2006-08-25,10.253238759139535
2006-08-28,10.47571060913227
2006-08-29,11.138527832785272
2006-08-30,11.174394783189438
2006-08-31,11.46296584083713
2006-09-01,11.88433688618567
2006-09-04,12.278357860165949
2006-09-05,11.64642919723581
2006-09-06,11.458612759649531
2006-09-07,11.41147135721245
2006-09-08,11.57685194164207
2006-09-11,11.132271132310516
2006-09-12,11.399248562409811
2006-09-13,11.3037521376247
2006-09-14,11.362921813717715
2006-09-15,11.232169827432203
2006-09-18,11.084901035217234
2006-09-19,10.497718587656024
2006-09-20,10.748975523502427
2006-09-21,10.29796286155447
2006-09-22,9.613180299801332
2006-09-25,9.184915409347834
2006-09-26,8.635630280308062
2006-09-27,9.184827733700057
2006-09-28,9.03624168829035
2006-09-29,8.583750319179478
2006-10-02,8.989951704579765
2006-10-03,8.938391873111572
2006-10-04,9.136951964523657
2006-10-05,9.196424830680337
2006-10-06,9.024856457603313
2006-10-09,9.030829885054459
2006-10-10,8.926957118301202
2006-10-11,9.328119118010074
2006-10-12,9.151932803179887
2006-10-13,9.614654169180673
2006-10-16,9.41474438805836
2006-10-17,9.305884471888213
2006-10-18,9.32546892367019
2006-10-19,9.120125063551052
2006-10-20,9.137154730043882
2006-10-23,9.192811802336308
2006-10-24,9.586023351626054
2006-10-25,9.010770491312204
2006-10-26,8.826907491202693
2006-10-27,9.319589935695095
2006-10-30,9.206080361633735
2006-10-31,9.094109814379634
2006-11-01,8.89160837427705
2006-11-02,9.082409121897955
2006-11-03,8.663824102801561
2006-11-06,8.763789256211634
2006-11-07,9.306420552264456
2006-11-08,8.817143531158123
2006-11-09,9.010043898180564
2006-11-10,8.682190543351366
2006-11-13,8.799667489298336
2006-11-14,8.8932061635094
2006-11-15,9.109070521033509
2006-11-16,8.545046555473563
2006-11-17,8.761408959990325
2006-11-20,9.09068088411644
2006-11-21,9.018251287430864
2006-11-22,9.16397006287154
2006-11-23,9.879971524476538
2006-11-24,9.567863150053244
2006-11-27,10.238749674199212
2006-11-28,9.356894659051259
2006-11-29,9.45437203764399
2006-11-30,9.643296585113918
2006-12-01,9.489527159586356
2006-12-04,9.955217409206483
2006-12-05,10.188137566545832
2006-12-06,10.072106751637818
2006-12-07,10.127520695395942
2006-12-08,9.90732207322063
2006-12-11,9.830109222911574
2006-12-12,9.669723677257545
2006-12-13,9.30281133986229
2006-12-14,9.325899463319486
2006-12-15,9.28997990882469
2006-12-18,9.490607161565944
2006-12-19,9.703733768400326
2006-12-20,9.683190219856773
2006-12-21,9.84395759173807
2006-12-22,9.769295630823155
2006-12-25,9.488364987751606
2006-12-26,9.157997264224203
2006-12-27,8.939544236567922
2006-12-28,8.927088351385072
2006-12-29,9.16085351156217
2007-01-01,8.750093105554726
2007-01-02,8.461182697649093
2007-01-03,9.0703680254637
2007-01-04,8.833252875240234
2007-01-05,9.268914173996066
2007-01-08,9.0286679532908
2007-01-09,8.764135113440833
2007-01-10,9.220463994879227
2007-01-11,8.774611579735303
2007-01-12,8.788217039820994
2007-01-15,8.449848035366124
2007-01-16,8.351689983958238
2007-01-17,7.919978835422371
2007-01-18,7.890462109158938
2007-01-19,7.522984805332092
2007-01-22,7.822814084332352
2007-01-23,7.280888488189736
2007-01-24,7.201477594874916
2007-01-25,6.898660613752117
2007-01-26,6.501826404066903
2007-01-29,6.266047845595362
2007-01-30,6.4304262911847
2007-01-31,6.239723596980428
2007-02-01,6.076644791587697
2007-02-02,6.3900992802136205
2007-02-05,6.092463358506649
2007-02-06,6.1797122893315475
2007-02-07,6.37802464779141
2007-02-08,6.493200708881248
2007-02-09,6.1407255401142935
2007-02-12,5.970816176247691
2007-02-13,5.882442710462205
2007-02-14,6.051063890383135
2007-02-15,6.235005141054989
2007-02-16,5.93586517231346
2007-02-19,6.184289554767717
2007-02-20,6.263911408753874
2007-02-21,5.808924642294734
2007-02-22,5.592312496014739
2007-02-23,5.4967123499167165
2007-02-26,5.643829390749677
2007-02-27,5.691903394374915
2007-02-28,5.769012809751836
2007-03-01,5.677866588010275
2007-03-02,5.853446373078312
2007-03-05,5.983501401276619
2007-03-06,6.030913901142625
2007-03-07,6.072443480963702
2007-03-08,6.089223374073586
2007-03-09,5.986492638752259
2007-03-12,5.8115248214453255
2007-03-13,5.756703332607149
2007-03-14,5.533557951421504
2007-03-15,5.583014910472241
2007-03-16,5.966618717271285
2007-03-19,6.094890421090633
2007-03-20,6.5488060222826
2007-03-21,6.730182111097808
2007-03-22,6.345080114876309
2007-03-23,6.468046156641864
2007-03-26,6.755395425498913
2007-03-27,6.298880097313999
2007-03-28,6.571781286824364
2007-03-29,6.547338292158634
2007-03-30,6.695405079129978
2007-04-02,6.786063935536651
2007-04-03,6.774903029880866
2007-04-04,7.047449484755023
2007-04-05,7.150974278555985
2007-04-06,6.985766589353981
2007-04-09,6.866250861800933
2007-04-10,7.029978155439092
2007-04-11,6.8497078917121845
2007-04-12,7.1745969857813865
2007-04-13,6.957598564273369
2007-04-16,7.406682306587986
2007-04-17,7.480127204633697
2007-04-18,7.47047670038357
2007-04-19,7.952947584729747
2007-04-20,7.724605075317201
2007-04-23,7.984228658111688
2007-04-24,8.486062867407165
2007-04-25,8.366378677030427
2007-04-26,8.351405375494675
2007-04-27,8.247087698299737
2007-04-30,7.9069903460382065
2007-05-01,7.816198548397835
2007-05-02,8.041938191796083
2007-05-03,7.700491856709078
2007-05-04,7.899335955011381
2007-05-07,7.448239272992314
2007-05-08,7.320556274941505
2007-05-09,7.366174658470501
2007-05-10,7.452867874225479
2007-05-11,7.66697380439586
2007-05-14,7.21865822123551
2007-05-15,7.396936317552633
2007-05-16,7.671136759990823
2007-05-17,7.517132514038592
2007-05-18,7.5181701882042145
2007-05-21,7.637286287403791
2007-05-22,7.535987741907903
2007-05-23,7.213804422722393
2007-05-24,7.146938356977825
2007-05-25,7.268695889303506
2007-05-28,7.0047124264957805
2007-05-29,6.218215883053147
2007-05-30,6.516110211649703
2007-05-31,6.600701983470075
2007-06-01,6.605501021170946
2007-06-04,6.64965161441072
2007-06-05,6.304275297054584
2007-06-06,6.3434047237779065
2007-06-07,6.488095615136384
2007-06-08,6.927702890411845
2007-06-11,6.9610181144570955
2007-06-12,7.170933489263281
2007-06-13,7.309121962651272
2007-06-14,7.993715335263635
2007-06-15,7.792328782603786
2007-06-18,7.8444936809868135
2007-06-19,8.244435006728013
2007-06-20,8.645859798956153
2007-06-21,9.065470084846757
2007-06-22,9.958955878587753
2007-06-25,10.172105402881346
2007-06-26,10.026080065492529
2007-06-27,10.249016142878867
2007-06-28,9.94189518878148
2007-06-29,10.100897018535967
2007-07-02,9.781738457258044
2007-07-03,9.563511165951827
2007-07-04,9.033477051078295
2007-07-05,9.156124588819873
2007-07-06,9.579562022323177
2007-07-09,9.62103709751093
2007-07-10,9.620743978471841
2007-07-11,9.42825141626049
2007-07-12,9.741791735322378
2007-07-13,10.126337474805249
2007-07-16,9.664470554736745
2007-07-17,9.734987793314813
2007-07-18,10.044318945600562
2007-07-19,9.897449547297672
2007-07-20,9.403688714861017
2007-07-23,9.094010281067519
2007-07-24,9.574244970385127
2007-07-25,9.93891404689208
2007-07-26,10.366211787557427
2007-07-27,9.94057185461311
2007-07-30,10.252312248804454
2007-07-31,10.819189971286686
2007-08-01,10.578564072813576
2007-08-02,10.509923591176975
2007-08-03,10.600093864042051
2007-08-06,10.750060453149347
2007-08-07,10.60950629551655
2007-08-08,10.987034931354705
2007-08-09,11.20410374597089
2007-08-10,10.430668098728553
2007-08-13,10.135536262941383
2007-08-14,10.470840671820202
2007-08-15,10.42734763922349
2007-08-16,10.650708826285966
2007-08-17,10.375650568178857
2007-08-20,10.125879703199942
2007-08-21,9.598619344984323
2007-08-22,9.990370030905737
2007-08-23,10.28340489701353
2007-08-24,10.374133281185657
2007-08-27,9.936518047481696
2007-08-28,10.406488517148759
2007-08-29,10.622098677782194
2007-08-30,10.483123078895686
2007-08-31,10.609237692795109
2007-09-03,10.55564508934599
2007-09-04,10.774342102332882
2007-09-05,10.439650392106186
2007-09-06,9.772710350318471
2007-09-07,9.943423473940793
2007-09-10,10.172238816243519
2007-09-11,9.641807513104384
2007-09-12,8.925675671802553
2007-09-13,9.010436359449047
2007-09-14,9.180650808943167
2007-09-17,9.124737138816291
2007-09-18,8.862065622749952
2007-09-19,9.459136929760474
2007-09-20,9.605871881189191
2007-09-21,9.992825721888268
2007-09-24,9.633093377647254
2007-09-25,10.077672545281821
2007-09-26,10.219231350169023
2007-09-27,10.857098310415227
2007-09-28,11.08874712643279
2007-10-01,11.127335023551936
2007-10-02,11.100024217364485
2007-10-03,10.864144134723336
2007-10-04,10.841731297868211
2007-10-05,11.080024018914004
2007-10-08,11.615098787408149
2007-10-09,11.941090809939798
2007-10-10,11.628510791434316
2007-10-11,11.09732847798477
2007-10-12,11.217946203776473
2007-10-15,10.613510829977015
2007-10-16,10.5994950652811
2007-10-17,10.157072169639815
2007-10-18,10.429261752007516
2007-10-19,10.291565700762726
2007-10-22,10.196155616667165
2007-10-23,9.715009450416012
2007-10-24,10.067814878663407
2007-10-25,10.14111910633981
2007-10-26,10.22728005429138
2007-10-29,9.814093312814974
2007-10-30,9.26263967221764
2007-10-31,9.02283002489324
2007-11-01,8.899271736015459
2007-11-02,8.661771915647138
2007-11-05,9.207281198146552
2007-11-06,9.552213500526962
2007-11-07,9.549534298306773
2007-11-08,9.323328586885422
2007-11-09,8.994909201322267
2007-11-12,8.980179554017637
2007-11-13,9.068440491371488
2007-11-14,8.929084010225754
2007-11-15,9.060479021888394
2007-11-16,8.899442589393306
2007-11-19,8.583742210434632
2007-11-20,8.71149477603891
2007-11-21,8.215497180503608
2007-11-22,7.844584463033143
2007-11-23,7.60625942327631
2007-11-26,7.455233983832085
2007-11-27,7.625706128881422
2007-11-28,7.270916905225832
2007-11-29,7.209579367110522
2007-11-30,7.286712165280072
2007-12-03,7.343205497094404
2007-12-04,7.511462721955098
2007-12-05,7.454682588324174
2007-12-06,7.299548494411225
2007-12-07,7.619317118827001
2007-12-10,7.4515038481522105
2007-12-11,7.256435079042901
2007-12-12,7.051379004910437
2007-12-13,6.8449793343331
2007-12-14,7.208420529412341
2007-12-17,7.639917277093319
2007-12-18,7.847856997825523
2007-12-19,7.9769437517149475
2007-12-20,7.767510519483628
2007-12-21,7.646836757533295
2007-12-24,7.262402400461695
2007-12-25,7.203014163770793
2007-12-26,7.327625474921618
2007-12-27,7.409470852987471
2007-12-28,7.602428211899332
2007-12-31,7.449202996167226
2008-01-01,8.043573225020646
2008-01-02,7.87768472546893
2008-01-03,7.497081828210954
2008-01-04,7.751486342762334
2008-01-07,10.433436365793506
2008-01-08,10.675242426259212
2008-01-09,12.329521044379018
2008-01-10,12.307185540977068
2008-01-11,12.165848652570316
2008-01-14,12.44395692692612
2008-01-15,12.33670936652965
2008-01-16,12.303845494553409
2008-01-17,12.656376334851267
2008-01-18,12.210105407201132
2008-01-21,12.678961170605042
2008-01-22,12.478174130973121
2008-01-23,12.151592851798844
2008-01-24,12.161204026706935
2008-01-25,12.230639029918331
2008-01-28,11.958619326480827
2008-01-29,12.573612147155034
2008-01-30,15.063266544946009
2008-01-31,17.76253722666463
2008-02-01,17.75003324960554
2008-02-04,18.53347152864387
2008-02-05,18.62014569347701
2008-02-06,20.60170790999118
2008-02-07,20.36248783789806
2008-02-08,21.257559543758322
2008-02-11,19.514428343113952
2008-02-12,18.253691215671036
2008-02-13,18.20680183338497
2008-02-14,17.457598448814824
2008-02-15,17.881219642250567
2008-02-18,18.83231782855937
2008-02-19,18.864863969923448
2008-02-20,19.160004267204425
2008-02-21,19.631967706867282
2008-02-22,20.031788680042823
2008-02-25,19.507996273890228
2008-02-26,19.61232220316177
2008-02-27,19.908958603029507
2008-02-28,19.15508034944802
2008-02-29,19.294559552668673
2008-03-03,19.840114922321597
2008-03-04,20.21263977805313
2008-03-05,19.834311751604282
2008-03-06,20.93939136498795
2008-03-07,21.19326464737513
2008-03-10,20.01371318252766
2008-03-11,20.770987312694572
2008-03-12,20.3143378741532
2008-03-13,19.960940352158485
2008-03-14,19.561057794009887
2008-03-17,18.88293057577374
2008-03-18,19.815260033358644
2008-03-19,19.926791630581
2008-03-20,19.73681038624882
2008-03-21,18.997083946378638
2008-03-24,19.623421260131785
2008-03-25,20.16381221502693
2008-03-26,20.82952075228048
2008-03-27,21.414190652182576
2008-03-28,21.445539811066094
2008-03-31,22.813956664710965
2008-04-01,23.131822222780997
2008-04-02,24.07621439562822
2008-04-03,24.765237282405465
2008-04-04,25.273930288785987
2008-04-07,26.03078786734952
2008-04-08,25.24922408377543
2008-04-09,24.44907508569545
2008-04-10,24.58875442652469
2008-04-11,24.065135047045096
2008-04-14,24.872562478066033
2008-04-15,24.643039592678477
2008-04-16,23.962016227477932
2008-04-17,25.251443082495655
2008-04-18,24.46914514420083
2008-04-21,24.280319489863935
2008-04-22,24.737608502760366
2008-04-23,23.78275636839211
2008-04-24,22.78513215499664
2008-04-25,24.349320894450987
2008-04-28,24.21262777799687
2008-04-29,24.244821426488986
2008-04-30,24.63093455060326
2008-05-01,24.29614667907323
2008-05-02,24.382724990237513
2008-05-05,22.966031640482512
2008-05-06,23.434877981022467
2008-05-07,23.620875017497713
2008-05-08,24.289913876992927
2008-05-09,23.9153491233512
2008-05-12,24.677844300385637
2008-05-13,23.527834467637803
2008-05-14,22.691180131711555
2008-05-15,22.396699919800035
2008-05-16,22.210117566345716
2008-05-19,22.194896064807775
2008-05-20,22.46910744025951
2008-05-21,21.51937031154721
2008-05-22,21.778851408833695
2008-05-23,22.86258472784291
2008-05-26,23.311688434874778
2008-05-27,23.96999274661161
2008-05-28,23.0791710964496
2008-05-29,22.497439187405103
2008-05-30,22.999368316022366
2008-06-02,22.761266619704717
2008-06-03,22.04500714609087
2008-06-04,21.39145177111158
2008-06-05,20.750151142221466
2008-06-06,21.229218168357626
2008-06-09,21.243667743501053
2008-06-10,19.929344211865313
2008-06-11,20.142646525311736
2008-06-12,19.934231208956923
2008-06-13,19.87172262220628
2008-06-16,19.966748531369394
2008-06-17,19.57594839568572
2008-06-18,19.07783927129078
2008-06-19,19.376170191590553
2008-06-20,18.595862578647296
2008-06-23,17.982087666506512
2008-06-24,17.49469881244293
2008-06-25,23.188453462215232
2008-06-26,22.80313341575994
2008-06-27,22.34056138688102
2008-06-30,21.71846268801222
2008-07-01,21.52556502577747
2008-07-02,20.8558943796088
2008-07-03,20.884218549781245
2008-07-04,21.25872048943657
2008-07-07,20.528819840581598
2008-07-08,20.288267817782426
2008-07-09,18.904330020611457
2008-07-10,18.90528191355617
2008-07-11,18.957301643376265
2008-07-14,18.39168684803813
2008-07-15,18.588035538483886
2008-07-16,17.663372865561904
2008-07-17,17.80418807064213
2008-07-18,16.612953553344997
2008-07-21,16.876607757607193
2008-07-22,16.90545955969676
2008-07-23,16.22056646537454
2008-07-24,16.395046116257113
2008-07-25,15.882553831901877
2008-07-28,15.831102001834063
2008-07-29,16.63970948063613
2008-07-30,17.403685274217754
2008-07-31,17.64599140924169
2008-08-01,18.289162543287617
2008-08-04,17.120933831025525
2008-08-05,17.741586494625597
2008-08-06,17.502550389172974
2008-08-07,17.428131466971347
2008-08-08,17.153209931263895
2008-08-11,17.05935249605905
2008-08-12,16.742953610267232
2008-08-13,17.83350777502067
2008-08-14,17.497743652157936
2008-08-15,17.251251305478664
2008-08-18,16.58437026677847
2008-08-19,16.90603535044465
2008-08-20,17.355514061756416
2008-08-21,17.55576776556714
2008-08-22,17.297574262340287
2008-08-25,17.28023354207719
2008-08-26,16.77172762773907
2008-08-27,17.41855262561392
2008-08-28,17.745019897737603
2008-08-29,17.278059615724757
2008-09-01,17.074494181700718
2008-09-02,16.6918088806234
2008-09-03,16.42128780896353
2008-09-04,15.669727590995008
2008-09-05,15.727666104543509
2008-09-08,15.536092568121106
2008-09-09,15.726012245050141
2008-09-10,14.94732189913411
2008-09-11,15.093372666882988
2008-09-12,15.727327002619338
2008-09-15,15.94619852233216
2008-09-16,16.838582682329942
2008-09-17,16.448794187478768
2008-09-18,15.28397721123185
2008-09-19,15.109607974270649
2008-09-22,15.577078285003845
2008-09-23,15.21387272228961
2008-09-24,15.252990593845583
2008-09-25,15.511960789475122
2008-09-26,16.143561749116593
2008-09-29,16.417742917359824
2008-09-30,16.68464723593015
2008-10-01,16.90325692967988
2008-10-02,17.45982486670123
2008-10-03,16.9010285233101
2008-10-06,16.2056382239705
2008-10-07,15.999103239458256
2008-10-08,16.513874569951884
2008-10-09,16.656120672261697
2008-10-10,17.55480225951295
2008-10-13,17.32253670822728
2008-10-14,16.966077455655746
2008-10-15,16.143849074452273
2008-10-16,16.48166878535237
2008-10-17,17.25669150306692
2008-10-20,17.630248902172415
2008-10-21,17.548438566229187
2008-10-22,16.98841679236529
2008-10-23,17.3462727914124
2008-10-24,16.80284582099391
2008-10-27,16.991292458908838
2008-10-28,16.93384742663237
2008-10-29,15.785358676347856
2008-10-30,15.63769084842127
2008-10-31,15.58665743384535
2008-11-03,15.185514349206908
2008-11-04,15.004258744115418
2008-11-05,14.904922209962931
2008-11-06,15.211217217089969
2008-11-07,15.245757509104054
2008-11-10,14.821111820686012
2008-11-11,15.369039761064304
2008-11-12,15.066577708814728
2008-11-13,14.770298793237528
2008-11-14,15.572451041025158
2008-11-17,15.584531672360972
2008-11-18,14.241414613069404
2008-11-19,14.628678385157999
2008-11-20,14.567480405586544
2008-11-21,14.156785635679677
2008-11-24,14.069273678548981
2008-11-25,13.983512686851908
2008-11-26,13.492196073503187
2008-11-27,13.313874521600464
2008-11-28,13.073870815712867
2008-12-01,13.051931182806966
2008-12-02,13.491758542582543
2008-12-03,13.291504852206371
2008-12-04,13.385457308135894
2008-12-05,13.598848647058755
2008-12-08,14.255053647075192
2008-12-09,14.301282117576584
2008-12-10,14.227909049301285
2008-12-11,13.723572555237489
2008-12-12,13.782001451316011
2008-12-15,14.234894076444355
2008-12-16,14.08195747518953
2008-12-17,14.829244648171663
2008-12-18,14.370357013527377
2008-12-19,13.881012358071432
2008-12-22,13.476850030810608
2008-12-23,14.281475002839805
2008-12-24,15.305003907914807
2008-12-25,15.079996663373313
2008-12-26,15.597652415304706
2008-12-29,16.238500969715343
2008-12-30,15.499358848146281
2008-12-31,16.38079215952335
2009-01-01,16.198114674027728
2009-01-02,15.992502064296328
2009-01-05,15.345656912258885
2009-01-06,16.262086911246737
2009-01-07,16.249623134808374
2009-01-08,17.14504140902914
2009-01-09,17.803015982277042
2009-01-12,17.545834542361025
2009-01-13,17.54855858232705
2009-01-14,17.12640304100832
2009-01-15,16.775350287260416
2009-01-16,16.96803685760135
2009-01-19,17.34397878784328
2009-01-20,16.30782692717555
2009-01-21,15.34747343150531
2009-01-22,15.048969392037767
2009-01-23,15.147090796382955
2009-01-26,15.780636072216002
2009-01-27,15.761545926236787
2009-01-28,15.584273437389582
2009-01-29,15.838018038235155
2009-01-30,15.338342696662524
2009-02-02,15.33337360913918
2009-02-03,15.220646988573892
2009-02-04,15.254388385329428
2009-02-05,15.813316772340407
2009-02-06,14.94526772025102
2009-02-09,14.86268738042146
2009-02-10,15.19384404105106
2009-02-11,15.405288321073343
2009-02-12,14.596962033262995
2009-02-13,13.7386025202348
2009-02-16,14.010242517228596
2009-02-17,12.655073345864517
2009-02-18,11.98080711572825
2009-02-19,11.990184718364933
2009-02-20,12.40402229752657
2009-02-23,11.822474046660636
2009-02-24,12.48472671518058
2009-02-25,12.718892115967042
2009-02-26,13.94272553594586
2009-02-27,13.688436921897308
2009-03-02,14.289051746522551
2009-03-03,14.075120210250105
2009-03-04,14.052863770615463
2009-03-05,13.711931761242175
2009-03-06,13.669585757288832
2009-03-09,14.06480505094923
2009-03-10,14.86872322320662
2009-03-11,14.416036051497917
2009-03-12,14.463280918828579
2009-03-13,14.165131152924534
2009-03-16,14.236951363733981
2009-03-17,14.725477046054293
2009-03-18,14.458888973034057
2009-03-19,14.638474808578387
2009-03-20,14.16685222016321
2009-03-23,14.69827109443423
2009-03-24,15.04573371543779
2009-03-25,14.63332020120578
2009-03-26,14.222558934242953
2009-03-27,14.878677172020017
2009-03-30,15.905218203295432
2009-03-31,15.487770776381602
2009-04-01,15.935664251912321
2009-04-02,15.713616840671646
2009-04-03,16.43643928238842
2009-04-06,16.232646176608934
2009-04-07,16.564755382686105
2009-04-08,16.596984453993873
2009-04-09,15.481007454696405
2009-04-10,15.013004679585388
2009-04-13,15.312397000329998
2009-04-14,15.549375199920497
2009-04-15,15.649425581349881
2009-04-16,16.56445818609076
2009-04-17,16.997566793226497
2009-04-20,17.360949386242403
2009-04-21,16.185209834804947
2009-04-22,16.639586198411774
2009-04-23,15.78879420931352
2009-04-24,15.736605005413198
2009-04-27,14.938436955920587
2009-04-28,15.13615119167476
2009-04-29,15.67816747299414
2009-04-30,15.584685547838735
2009-05-01,15.50843891479051
2009-05-04,14.996801944083998
2009-05-05,12.278473356525328
2009-05-06,11.936597926686623
2009-05-07,14.027577607289958
2009-05-08,14.147286546425098
2009-05-11,14.296048318178421
2009-05-12,14.197339885620087
2009-05-13,14.375647920211003
2009-05-14,14.368138090408909
2009-05-15,14.104892051855755
2009-05-18,14.453108859562798
2009-05-19,14.70605143917289
2009-05-20,14.120804131570917
2009-05-21,13.308493638768462
2009-05-22,12.711187085378743
2009-05-25,12.99965026283188
2009-05-26,12.876271827672655
2009-05-27,12.801346404054094
2009-05-28,12.937349842761753
2009-05-29,13.122852739098548
2009-06-01,12.405638925816262
2009-06-02,12.132800830319553
2009-06-03,11.520923929736135
2009-06-04,11.345485495067757
2009-06-05,11.92312204970149
2009-06-08,12.201318748789957
2009-06-09,12.166149893235927
2009-06-10,12.921320053090504
2009-06-11,13.015486654851953
2009-06-12,14.790878820252221
2009-06-15,14.724239028023124
2009-06-16,14.649522860658106
2009-06-17,14.111658543217327
2009-06-18,13.631546661072415
2009-06-19,13.880184341784384
2009-06-22,13.837555873587737
2009-06-23,13.640419308531667
2009-06-24,13.579489202436068
2009-06-25,13.49825414280464
2009-06-26,13.027119467669975
2009-06-29,12.11587786642206
2009-06-30,11.269930809097986
2009-07-01,10.992995047056363
2009-07-02,11.451127628840377
2009-07-03,11.875856439372834
2009-07-06,12.261316482377643
2009-07-07,12.493550399183686
2009-07-08,13.39399926858916
2009-07-09,13.637000225491585
2009-07-10,13.62658051821473
2009-07-13,12.888547517123103
2009-07-14,12.965646155022899
2009-07-15,12.76043042044304
2009-07-16,12.709500759593334
2009-07-17,13.170987445131297
2009-07-20,13.468732091259414
2009-07-21,13.692477756768058
2009-07-22,13.511598474838845
2009-07-23,13.66000933785095
2009-07-24,14.846655740936477
2009-07-27,15.427516919350134
2009-07-28,15.11524501332976
2009-07-29,15.109147748507933
2009-07-30,15.219904498059677
2009-07-31,15.124461200453126
2009-08-03,16.205939704184903
2009-08-04,16.158047546670247
2009-08-05,16.274032629750092
2009-08-06,16.813422548233696
2009-08-07,16.721655017085094
2009-08-10,16.05631597825422
2009-08-11,15.64604173811204
2009-08-12,15.242956254249375
2009-08-13,15.17683284122204
2009-08-14,15.235671960946789
2009-08-17,14.501259074034982
2009-08-18,15.215311582923063
2009-08-19,15.145911962664671
2009-08-20,15.310717307310398
2009-08-21,15.090724333080367
2009-08-24,15.22703882242491
2009-08-25,15.08727221426414
2009-08-26,14.897361483893636
2009-08-27,14.148603206741294
2009-08-28,15.001035956162774
2009-08-31,15.195789563082858
2009-09-01,14.78924945494795
2009-09-02,14.256391612711738
2009-09-03,13.948946277265575
2009-09-04,13.56753213187834
2009-09-07,12.66407155487714
2009-09-08,13.185098707252036
2009-09-09,13.542192873361444
2009-09-10,13.411909937710517
2009-09-11,13.686968682458128
2009-09-14,13.9969556531711
2009-09-15,13.766495516335201
2009-09-16,14.34317556214441
2009-09-17,13.853586254005112
2009-09-18,13.32733944766618
2009-09-21,13.80823198170444
2009-09-22,13.903660096898463
2009-09-23,13.518580359779543
2009-09-24,13.485600142315697
2009-09-25,13.412211664397207
2009-09-28,13.290230282740225
2009-09-29,12.920550513868356
2009-09-30,12.557408780738037
2009-10-01,12.922742515873878
2009-10-02,12.766718483821997
2009-10-05,13.174254648667471
2009-10-06,12.457808490560893
2009-10-07,12.750809117042962
2009-10-08,12.292701752989354
2009-10-09,13.039137027860221
2009-10-12,13.254101826000685
2009-10-13,12.815042293340216
2009-10-14,13.11432889732147
2009-10-15,12.565976509093218
2009-10-16,12.463142095852838
2009-10-19,11.663424904748432
2009-10-20,11.075835430528722
2009-10-21,10.855872222193888
2009-10-22,11.189804440680433
2009-10-23,10.627713468363629
2009-10-26,10.948577433267175
2009-10-27,10.322452919623569
2009-10-28,10.633835460619585
2009-10-29,10.454730331224528
2009-10-30,10.149157643326967
2009-11-02,10.61857560636524
2009-11-03,11.851187562569448
2009-11-04,11.76013168556049
2009-11-05,11.90375607941149
2009-11-06,11.686107176976417
2009-11-09,12.131941492387169
2009-11-10,12.307079780036798
2009-11-11,12.52517530357333
2009-11-12,12.47087654203925
2009-11-13,12.584560511026835
2009-11-16,12.529510269717198
2009-11-17,12.449072686263735
2009-11-18,12.811815961550112
2009-11-19,13.010081761645797
2009-11-20,12.754881598218468
2009-11-23,13.127831737541367
2009-11-24,13.288043953708556
2009-11-25,13.43765965950373
2009-11-26,13.356639921744987
2009-11-27,12.828648470202987
2009-11-30,13.162613755921567
2009-12-01,13.720894932204107
2009-12-02,13.34595539374953
2009-12-03,13.128002946291902
2009-12-04,12.769431908778255
2009-12-07,12.163817075338116
2009-12-08,12.836710376451993
2009-12-09,12.619104257933987
2009-12-10,12.979243405652
2009-12-11,13.444233693493508
2009-12-14,12.97864958357624
2009-12-15,13.626166694004034
2009-12-16,13.44043214289131
2009-12-17,13.763016809918458
2009-12-18,14.263099214089491
2009-12-21,14.007681042287235
2009-12-22,13.509045087745662
2009-12-23,13.17776825078873
2009-12-24,13.546059917581921
2009-12-25,14.355571267031875
2009-12-28,14.233214360811608
2009-12-29,14.0076773456103
2009-12-30,15.251530370875347
2009-12-31,15.547052394760433
2010-01-01,14.883284271454018
2010-01-04,14.446068883967852
2010-01-05,13.701583570581876
2010-01-06,13.796684475058441
2010-01-07,13.73009334267402
2010-01-08,13.566832982079653
2010-01-11,12.97553413537995
2010-01-12,12.610298068225784
2010-01-13,12.553897987663126
2010-01-14,12.510142657887668
2010-01-15,12.759413511664691
2010-01-18,12.00138936337224
2010-01-19,12.31886287517618
2010-01-20,12.023361370388626
2010-01-21,12.118979395285766
2010-01-22,12.732334899073928
2010-01-25,12.644731795247651
2010-01-26,13.24344216265577
2010-01-27,14.33039826548567
2010-01-28,14.310398527249061
2010-01-29,15.348741717114352
2010-02-01,14.903826240169325
2010-02-02,15.040064582701861
2010-02-03,14.855047881176207
2010-02-04,14.857212614612205
2010-02-05,14.691406598703232
2010-02-08,13.788067818082286
2010-02-09,13.882222818838157
2010-02-10,13.589469083165191
2010-02-11,13.975156017100922
2010-02-12,14.538377544973565
2010-02-15,14.108173741650086
2010-02-16,13.466574778254497
2010-02-17,13.077258047589325
2010-02-18,12.614229783181473
2010-02-19,12.310104041683122
2010-02-22,12.219679449621902
2010-02-23,12.526813932827558
2010-02-24,13.098084742832349
2010-02-25,13.521674247370758
2010-02-26,14.39449989336051
2010-03-01,13.794224618425174
2010-03-02,13.716875760167046
2010-03-03,13.318318144486271
2010-03-04,13.71930662087673
2010-03-05,13.776412578358299
2010-03-08,13.400842909450608
2010-03-09,13.736830730565913
2010-03-10,14.142487845129047
2010-03-11,13.972613754323149
2010-03-12,14.217849724170398
2010-03-15,14.198263498706346
2010-03-16,14.016274534395022
2010-03-17,13.84946731106432
2010-03-18,13.533144367013733
2010-03-19,13.59562689141148
2010-03-22,13.518239963169888
2010-03-23,13.725560019871496
2010-03-24,12.698347551068977
2010-03-25,12.909825285617458
2010-03-26,11.719844481714064
2010-03-29,11.911986490809651
2010-03-30,11.917375865961604
2010-03-31,11.13373748460908
2010-04-01,11.129710098447266
2010-04-02,11.344426957193152
2010-04-05,11.332024899848038
2010-04-06,11.275891020701568
2010-04-07,11.095871073421044
2010-04-08,11.154542930654358
2010-04-09,11.298868638576836
2010-04-12,11.20892287629436
2010-04-13,11.163809043962393
2010-04-14,10.815805351973957
2010-04-15,11.106485831260047
2010-04-16,10.773670955658538
2010-04-19,10.843805076054636
2010-04-20,10.79720865847553
2010-04-21,10.483026100669983
2010-04-22,10.845869128361292
2010-04-23,10.226723832017694
2010-04-26,10.106269229615593
2010-04-27,10.116137045790467
2010-04-28,10.645427357981514
2010-04-29,10.836065905214307
2010-04-30,10.326223608670489
2010-05-03,9.770918763930975
2010-05-04,10.203660186820136
2010-05-05,10.637027150244592
2010-05-06,10.87027050771603
2010-05-07,10.601877427065736
2010-05-10,10.350587076494593
2010-05-11,9.80381462945621
2010-05-12,10.067764584884982
2010-05-13,9.675421929952462
2010-05-14,9.758402643026152
2010-05-17,9.747262219436172
2010-05-18,9.607418528920729
2010-05-19,9.41215035438159
2010-05-20,9.497330863300311
2010-05-21,9.927440016165022
2010-05-24,10.061850165246735
2010-05-25,10.006448015242093
2010-05-26,10.272624110070563
2010-05-27,10.798919478500801
2010-05-28,10.51219516279448
2010-05-31,10.556629193692435
2010-06-01,10.219401142809541
2010-06-02,10.698489337128883
2010-06-03,10.857151144713834
2010-06-04,10.843896170665001
2010-06-07,10.681660487420132
2010-06-08,10.83238859445841
2010-06-09,11.706013725791028
2010-06-10,12.563657203178831
2010-06-11,12.319832451279002
2010-06-14,11.438426729729631
2010-06-15,11.511449867301124
2010-06-16,11.404004009290654
2010-06-17,11.110606529669205
2010-06-18,11.39986216859188
2010-06-21,11.557557501311658
2010-06-22,11.306801801377793
2010-06-23,11.941816449013793
2010-06-24,12.6776371712664
2010-06-25,12.325011326458776
2010-06-28,12.211415579602175
2010-06-29,12.890965523578588
2010-06-30,12.533240308619982
2010-07-01,12.545046922587012
2010-07-02,12.66997756882856
2010-07-05,12.903123376093385
2010-07-06,13.713843006511066
2010-07-07,14.287585544807365
2010-07-08,14.174143687696642
2010-07-09,14.29290124629466
2010-07-12,14.47970607484256
2010-07-13,13.986872954150675
2010-07-14,13.421141242782321
2010-07-15,13.229561159585758
2010-07-16,13.329601348607971
2010-07-19,13.23797933206001
2010-07-20,12.177357606754315
2010-07-21,11.802359948518166
2010-07-22,12.689222452770531
2010-07-23,13.635959628615698
2010-07-26,13.86951419586995
2010-07-27,14.611872077967794
2010-07-28,15.263260535596306
2010-07-29,15.861506467671635
2010-07-30,15.891700086855806
2010-08-02,15.353631182818981
2010-08-03,15.712098290497485
2010-08-04,15.773987315547869
2010-08-05,15.13884136451157
2010-08-06,15.250405407008088
2010-08-09,15.18956871661289
2010-08-10,14.820735063522577
2010-08-11,14.645325542125864
2010-08-12,15.412805927804866
2010-08-13,15.053217697614299
2010-08-16,14.913167559232388
2010-08-17,14.797679570217174
2010-08-18,14.441772587210737
2010-08-19,13.485253286963657
2010-08-20,13.782099282112123
2010-08-23,13.9191996648388
2010-08-24,13.386246002587727
2010-08-25,13.519952646416867
2010-08-26,14.266991993797278
2010-08-27,15.886079180405295
2010-08-30,15.075639556587916
2010-08-31,15.108592316321602
2010-09-01,14.795754298467164
2010-09-02,15.512874962305485
2010-09-03,14.596266642129642
2010-09-06,14.30281530406181
2010-09-07,13.874073679776808
2010-09-08,13.980019204790173
2010-09-09,12.945582995535386
2010-09-10,13.559783707416694
2010-09-13,13.645645815965226
2010-09-14,13.699767278339056
2010-09-15,13.146767166419288
2010-09-16,13.445686408871044
2010-09-17,13.700127919477595
2010-09-20,14.218631700608414
2010-09-21,14.025467316586989
2010-09-22,13.287236654359326
2010-09-23,12.957911151415166
2010-09-24,13.324102990791628
2010-09-27,13.061773739444972
2010-09-28,13.91078433672895
2010-09-29,14.237847326933823
2010-09-30,15.069752632994865
2010-10-01,14.794470170630694
2010-10-04,14.950002725228778
2010-10-05,14.432785820153232
2010-10-06,14.799445522701946
2010-10-07,14.993321229769467
2010-10-08,15.31194692960083
2010-10-11,15.073707902980527
2010-10-12,15.086013189131016
2010-10-13,15.071791308716858
2010-10-14,14.840025684439038
2010-10-15,14.88201401502252
2010-10-18,15.009364888448184
2010-10-19,15.2300150350938
2010-10-20,14.984028867413015
2010-10-21,15.333140796813044
2010-10-22,15.6524122421716
2010-10-25,15.891864129294135
2010-10-26,16.305529268354455
2010-10-27,16.15493378067793
2010-10-28,15.52925726504107
2010-10-29,15.854505691570353
2010-11-01,15.51140327096249
2010-11-02,14.713068462139773
2010-11-03,14.40890910629381
2010-11-04,14.43987324662633
2010-11-05,15.073854889874676
2010-11-08,16.514591516293347
2010-11-09,16.65738717491595
2010-11-10,17.085658082356947
2010-11-11,17.426459130787187
2010-11-12,17.5463241819427
2010-11-15,17.33763713329325
2010-11-16,16.731094353760525
2010-11-17,17.901661591181714
2010-11-18,17.53929618417406
2010-11-19,17.320126033010602
2010-11-22,17.196358890382996
2010-11-23,16.836299848839797
2010-11-24,17.062191975132333
2010-11-25,16.714054525407043
2010-11-26,16.495144547062107
2010-11-29,16.12195494572471
2010-11-30,15.901204468346622
2010-12-01,15.265364654731648
2010-12-02,20.082077029366307
2010-12-03,20.822229747524247
2010-12-06,21.432898622077825
2010-12-07,19.760281744530843
2010-12-08,20.09424589599924
2010-12-09,20.17358920277367
2010-12-10,19.66200022266462
2010-12-13,20.728072221695786
2010-12-14,20.34673991151182
2010-12-15,20.79742297882079
2010-12-16,20.592894260344345
2010-12-17,21.177750841573477
2010-12-20,20.843575466158352
2010-12-21,20.48835292064786
2010-12-22,20.83284801303142
2010-12-23,20.53407689773992
2010-12-24,20.212246814702027
2010-12-27,20.196143280274832
2010-12-28,20.320050282320306
2010-12-29,20.457320212435334
2010-12-30,20.883319708584555
2010-12-31,21.04633595779196
2011-01-03,21.16868318922959
2011-01-04,20.185216590646196
2011-01-05,20.817134668907418
2011-01-06,20.681392123849342
2011-01-07,19.60408056069738
2011-01-10,20.266667055573112
2011-01-11,19.850327732923102
2011-01-12,19.106968985702952
2011-01-13,19.462577541395607
2011-01-14,19.366425518268368
2011-01-17,19.634370599392234
2011-01-18,19.30534862613867
2011-01-19,18.256318260084644
2011-01-20,17.8008452414057
2011-01-21,18.513599317229684
2011-01-24,17.746305400214048
2011-01-25,18.29514958248346
2011-01-26,18.541441443284516
2011-01-27,21.486891965570695
2011-01-28,22.29672917881364
2011-01-31,21.7795163677929
2011-02-01,21.692300673151895
2011-02-02,21.555608990733162
2011-02-03,22.39633635277588
2011-02-04,23.150393457855927
2011-02-07,22.26300278275032
2011-02-08,22.08234381601725
2011-02-09,21.81898609158406
2011-02-10,22.335318174253313
2011-02-11,22.430568809131735
2011-02-14,21.822013642093516
2011-02-15,21.744496274904403
2011-02-16,22.247332755751966
2011-02-17,21.43411717921841
2011-02-18,22.24188032898086
2011-02-21,22.310529251578817
2011-02-22,22.321565098298375
2011-02-23,22.369315545521907
2011-02-24,23.56614652668846
2011-02-25,23.483807144422524
2011-02-28,23.149801424631033
2011-03-01,25.293141114886314
2011-03-02,25.096871728198717
2011-03-03,25.797413504468466
2011-03-04,26.246113840187796
2011-03-07,26.16178021038365
2011-03-08,28.071738004363322
2011-03-09,28.47351005290146
2011-03-10,27.579892751781856
2011-03-11,25.81983589105232
2011-03-14,26.28098709843895
2011-03-15,25.95778911721158
2011-03-16,24.697577053430475
2011-03-17,28.680273708759312
2011-03-18,28.415537026411258
2011-03-21,28.034638952661993
2011-03-22,27.390420566456346
2011-03-23,28.42654073951246
2011-03-24,28.188197308232983
2011-03-25,27.603592339954083
2011-03-28,26.803878392318577
2011-03-29,27.125001711765467
2011-03-30,27.71031640420084
2011-03-31,27.303770692599738
2011-04-01,26.7403406537343
2011-04-04,27.623929669993124
2011-04-05,29.417248594246885
2011-04-06,28.45241519469986
2011-04-07,28.171291256644256
2011-04-08,28.09995433581319
2011-04-11,28.30851704083611
2011-04-12,28.1873782991592
2011-04-13,25.51836573130923
2011-04-14,25.85717899361858
2011-04-15,23.42427500553392
2011-04-18,22.890410199370343
2011-04-19,20.844582525832305
2011-04-20,20.20369531155551
2011-04-21,20.98056337044221
2011-04-22,20.360844799397036
2011-04-25,19.87152738402514
2011-04-26,20.07364432706385
2011-04-27,20.349864624628967
2011-04-28,19.23230189412912
2011-04-29,19.606410033742986
2011-05-02,19.807291381444696
2011-05-03,19.166959627873776
2011-05-04,19.331786222722982
2011-05-05,18.97004428288137
2011-05-06,19.396903170678154
2011-05-09,20.116775360570944
2011-05-10,20.596648033587513
2011-05-11,21.4949150538388
2011-05-12,21.52784483708874
2011-05-13,20.7337963940208
2011-05-16,20.63110009495119
2011-05-17,20.446589964178305
2011-05-18,20.361078169758617
2011-05-19,20.107965424836888
2011-05-20,20.495491613421674
2011-05-23,20.318800341830922
2011-05-24,20.33096259572675
2011-05-25,19.3935919640261
2011-05-26,19.347514910420315
2011-05-27,18.64017383221219
2011-05-30,17.793480707513144
2011-05-31,18.29994135738172
2011-06-01,18.727397446827492
2011-06-02,19.339894802666798
2011-06-03,19.713182447671272
2011-06-06,20.48460446314823
2011-06-07,19.79974687562369
2011-06-08,18.762482379029326
2011-06-09,18.13212987339822
2011-06-10,18.45962445744849
2011-06-13,18.306367261602066
2011-06-14,18.382232506875024
2011-06-15,19.338781946102376
2011-06-16,18.853988054171857
2011-06-17,18.132480961738658
2011-06-20,18.901340806475698
2011-06-21,18.840238177752823
2011-06-22,18.627929394436403
2011-06-23,19.234014617406327
2011-06-24,19.755707458390923
2011-06-27,21.17271920516155
2011-06-28,21.55179233055359
2011-06-29,21.018128597266635
2011-06-30,20.368591238647713
2011-07-01,19.886098239949327
2011-07-04,20.666493463980846
2011-07-05,21.07493968877815
2011-07-06,20.404670284308533
2011-07-07,20.968776653258814
2011-07-08,20.753058534516736
2011-07-11,20.693814966310832
2011-07-12,21.40448257045686
2011-07-13,21.487701591661178
2011-07-14,22.496288828507975
2011-07-15,21.14516530870237
2011-07-18,21.963473761540055
2011-07-19,22.098606262459032
2011-07-20,22.81078508908222
2011-07-21,21.441613631480998
2011-07-22,20.598841386759148
2011-07-25,21.24031059088972
2011-07-26,20.284924793231497
2011-07-27,19.91478201964189
2011-07-28,19.848067127601002
2011-07-29,20.26974415029616
2011-08-01,20.881953113910008
2011-08-02,21.086567408698187
2011-08-03,22.072770925655572
2011-08-04,22.37871585433192
2011-08-05,26.757400752629298
2011-08-08,26.307340097981637
2011-08-09,28.738188845351917
2011-08-10,29.56251869594144
2011-08-11,31.747027087165797
2011-08-12,31.37930431376039
2011-08-15,32.90502033505067
2011-08-16,33.30279579343779
2011-08-17,33.489057392496434
2011-08-18,33.383098987419615
2011-08-19,34.16003675296829
2011-08-22,34.623970418830105
2011-08-23,34.27888901257692
2011-08-24,33.500332125185544
2011-08-25,33.20143645146399
2011-08-26,33.06645446304012
2011-08-29,32.51183831594265
2011-08-30,31.47093378390049
2011-08-31,31.41577419058934
2011-09-01,31.716008206625084
2011-09-02,31.873526169779566
2011-09-05,30.622008841245602
2011-09-06,32.25331150123595
2011-09-07,34.29735572844687
2011-09-08,34.88239927776469
2011-09-09,35.72232623275592
2011-09-12,35.850001655931955
2011-09-13,36.11569403082455
2011-09-14,34.085800054838614
2011-09-15,33.84368907763685
2011-09-16,33.61976875881771
2011-09-19,35.69928199550729
2011-09-20,35.215937086088275
2011-09-21,37.055896148028545
2011-09-22,36.928736216543236
2011-09-23,36.260633605208454
2011-09-26,34.27891045397852
2011-09-27,34.51723488940658
2011-09-28,33.543211741099135
2011-09-29,31.825610512585556
2011-09-30,32.36575218814037
2011-10-03,32.63812563503902
2011-10-04,33.00905097122243
2011-10-05,32.89397868120037
2011-10-06,32.05930502812514
2011-10-07,30.908661980612287
2011-10-10,32.3632916443468
2011-10-11,33.00651839072149
2011-10-12,33.961327750262726
2011-10-13,33.66956586988326
2011-10-14,32.688944488527135
2011-10-17,31.63636455644445
2011-10-18,31.601754193592207
2011-10-19,30.72378473194775
2011-10-20,28.923023845214793
2011-10-21,29.3668345742496
2011-10-24,30.223071808995314
2011-10-25,29.58935985895976
2011-10-26,28.050520796669943
2011-10-27,28.10833430269611
2011-10-28,27.86652229218069
2011-10-31,27.4333248161045
2011-11-01,27.73553234651423
2011-11-02,27.745454982179712
2011-11-03,28.0134822154231
2011-11-04,27.980522676646153
2011-11-07,27.20784196626302
2011-11-08,26.400061873637306
2011-11-09,26.321269193739795
2011-11-10,27.022255064284064
2011-11-11,27.014536439749637
2011-11-14,26.362827725537542
2011-11-15,26.41662127338783
2011-11-16,26.505675229029386
2011-11-17,25.784284972364567
2011-11-18,27.41381241381465
2011-11-21,28.08911781007266
2011-11-22,27.862592892579254
2011-11-23,29.523437069848768
2011-11-24,29.74252672035554
2011-11-25,29.878781685079385
2011-11-28,31.16184329666983
2011-11-29,31.929596379450146
2011-11-30,32.31363778757661
2011-12-01,31.772785714321646
2011-12-02,31.650879768114397
2011-12-05,31.370499418780547
2011-12-06,30.62193288069906
2011-12-07,32.97247613840912
2011-12-08,33.79144708259408
2011-12-09,33.44674104013843
2011-12-12,33.72824803522571
2011-12-13,33.436941289391584
2011-12-14,32.47686784653108
2011-12-15,30.557267616838146
2011-12-16,30.908205726276933
2011-12-19,30.823741387215986
2011-12-20,31.895305843539795
2011-12-21,31.232609872911848
2011-12-22,32.31949704653058
2011-12-23,33.583232928501126
2011-12-26,31.91324668822627
2011-12-27,32.84836431446736
2011-12-28,33.59921235144638
2011-12-29,33.39441702301556
2011-12-30,34.52881538187019
2012-01-02,35.47888875514111
2012-01-03,35.49118846826068
2012-01-04,33.67773383353506
2012-01-05,33.282952528064165
2012-01-06,34.27293251110584
2012-01-09,34.49741013945473
2012-01-10,33.87912777870631
2012-01-11,33.819885701699626
2012-01-12,33.831649994503984
2012-01-13,30.983954926120646
2012-01-16,33.24820212671353
2012-01-17,32.53123578061719
2012-01-18,33.51347754314431
2012-01-19,31.265963676967953
2012-01-20,32.06312461824171
2012-01-23,31.37111590588082
2012-01-24,32.308000897578495
2012-01-25,32.224634617890125
2012-01-26,31.51632687308409
2012-01-27,31.076998394285752
2012-01-30,32.96277062231061
2012-01-31,33.57621613695851
2012-02-01,34.12604261597569
2012-02-02,33.911067586662504
2012-02-03,34.07138427565727
2012-02-06,32.89604242249834
2012-02-07,34.97375351097767
2012-02-08,37.68758737649649
2012-02-09,38.46731118162542
2012-02-10,38.365767132180544
2012-02-13,38.44541121863603
2012-02-14,38.946728584207406
2012-02-15,37.58309290735771
2012-02-16,37.107998345321576
2012-02-17,35.846277502057724
2012-02-20,36.583368650821065
2012-02-21,34.9836888179184
2012-02-22,33.863315101490855
2012-02-23,34.716959904919804
2012-02-24,34.88407435359408
2012-02-27,36.81672178683567
2012-02-28,36.33983214579918
2012-02-29,36.056714735229214
2012-03-01,37.71013735568315
2012-03-02,39.02352373819957
2012-03-05,40.0262309964178
2012-03-06,38.95935016899978
2012-03-07,38.016649133635156
2012-03-08,37.81633430111631
2012-03-09,37.58651029450044
2012-03-12,33.48211269016229
2012-03-13,32.61937754857987
2012-03-14,32.16011294133764
2012-03-15,32.03029615323134
2012-03-16,33.08805218966535
2012-03-19,40.28172644304177
2012-03-20,38.341522287902514
2012-03-21,38.529480683967456
2012-03-22,37.350816238330395
2012-03-23,38.015205937512924
2012-03-26,37.8099789593865
2012-03-27,38.10654716944544
2012-03-28,39.54252263370613
2012-03-29,40.29626333124767
2012-03-30,41.08681835532029
2012-04-02,40.11877249201745
2012-04-03,39.446866697030764
2012-04-04,42.34885767546318
2012-04-05,42.15066135198911
2012-04-06,44.13532340645124
2012-04-09,42.73309438282661
2012-04-10,41.33845560317281
2012-04-11,40.87537068540301
2012-04-12,38.64097155378256
2012-04-13,38.74911950399901
2012-04-16,38.46832808069308
2012-04-17,38.515570558471836
2012-04-18,38.59729450726261
2012-04-19,39.08267857531537
2012-04-20,39.77807610240278
2012-04-23,42.90127287239802
2012-04-24,45.13520807262347
2012-04-25,45.88270618262941
2012-04-26,45.29135113340947
2012-04-27,44.73760972022498
2012-04-30,41.62968013201512
2012-05-01,40.26723235240344
2012-05-02,39.93217271038642
2012-05-03,40.1532028751653
2012-05-04,44.068415439508364
2012-05-07,44.561877299217365
2012-05-08,45.36347554061923
2012-05-09,43.672244308323734
2012-05-10,42.76887570916662
2012-05-11,42.41723470956521
2012-05-14,40.43238637472824
2012-05-15,40.8552904160537
2012-05-16,39.81206065317516
2012-05-17,38.192781408365
2012-05-18,39.200331351465216
2012-05-21,38.88865925406699
2012-05-22,39.17351793400485
2012-05-23,37.59994553716195
2012-05-24,38.44018675284596
2012-05-25,38.980837949900895
2012-05-28,38.97264339447483
2012-05-29,39.80264540542234
2012-05-30,38.99100101499896
2012-05-31,38.43327162010027
2012-06-01,37.84019236495143
2012-06-04,35.85645605855558
2012-06-05,35.52637414474356
2012-06-06,35.429718950197
2012-06-07,34.640914285796015
2012-06-08,34.37571538183929
2012-06-11,34.18961536544127
2012-06-12,34.85176111606524
2012-06-13,35.59038182413263
2012-06-14,37.27577746682386
2012-06-15,36.52647323701223
2012-06-18,37.82572675244849
2012-06-19,38.90641149053728
2012-06-20,37.22803071257563
2012-06-21,38.40088977171495
2012-06-22,36.749712777480056
2012-06-25,36.77919771095955
2012-06-26,38.18510396107216
2012-06-27,35.64544141451598
2012-06-28,36.19966094638983
2012-06-29,34.755874960228056
2012-07-02,36.438274714892806
2012-07-03,37.43715475469235
2012-07-04,35.613935585931024
2012-07-05,34.97397111974292
2012-07-06,36.42049554493544
2012-07-09,36.727630242237495
2012-07-10,37.478580650743645
2012-07-11,36.94200351567405
2012-07-12,38.02070084983253
2012-07-13,40.214914989261196
2012-07-16,38.76114527977803
2012-07-17,38.13241135972453
2012-07-18,38.45260774064314
2012-07-19,38.125403501425225
2012-07-20,38.41468477393113
2012-07-23,38.970232384804184
2012-07-24,38.64452614340613
2012-07-25,37.80697778478296
2012-07-26,37.83281210565673
2012-07-27,36.153145964839226
2012-07-30,35.2552622871936
2012-07-31,34.79698732498899
2012-08-01,34.728635519339115
2012-08-02,36.29875670508945
2012-08-03,34.24914717600506
2012-08-06,34.22154104992799
2012-08-07,34.922029824024904
2012-08-08,34.57191847300277
2012-08-09,33.871802043737986
2012-08-10,33.689236464440306
2012-08-13,33.03315548876784
2012-08-14,31.90189690663125
2012-08-15,31.016977678475964
2012-08-16,30.175187705508385
2012-08-17,32.550801831328755
2012-08-20,32.702656673576406
2012-08-21,32.4708810652577
2012-08-22,31.40358024280011
2012-08-23,33.04943858351277
2012-08-24,33.660380939126455
2012-08-27,34.43129442901301
2012-08-28,36.0201114464671
2012-08-29,35.32162792973907
2012-08-30,36.98706226737019
2012-08-31,37.26133976682471
2012-09-03,38.52575565413352
2012-09-04,38.44138071511982
2012-09-05,44.74650770012512
2012-09-06,44.14593610073075
2012-09-07,43.68207343712928
2012-09-10,39.47388532401456
2012-09-11,40.86556999603387
2012-09-12,39.244949118081685
2012-09-13,38.87350724278415
2012-09-14,38.75232404638046
2012-09-17,37.55978558472191
2012-09-18,38.12911281214626
2012-09-19,39.30317111919429
2012-09-20,36.908110169209394
2012-09-21,37.60613380454685
2012-09-24,35.12356398738686
2012-09-25,34.05201663836299
2012-09-26,33.28398749934008
2012-09-27,32.564377314098174
2012-09-28,33.79144838111586
2012-10-01,33.128673318785175
2012-10-02,32.47890024516211
2012-10-03,30.96371320007774
2012-10-04,31.13159130134404
2012-10-05,30.773511613362768
2012-10-08,31.135623560235793
2012-10-09,29.669394211540116
2012-10-10,31.29864246394545
2012-10-11,31.98095422606599
2012-10-12,35.882861440669004
2012-10-15,35.76125528279417
2012-10-16,36.78822654791116
2012-10-17,38.833410813528495
2012-10-18,39.05483420173863
2012-10-19,38.62702350294486
2012-10-22,37.831678400631624
2012-10-23,37.26836515961094
2012-10-24,37.30331302629785
2012-10-25,36.84222817861987
2012-10-26,37.511436899579394
2012-10-29,39.15495523215612
2012-10-30,37.495696086370444
2012-10-31,35.904315134747506
2012-11-01,35.20897633264986
2012-11-02,33.0791283667094
2012-11-05,34.785025264474264
2012-11-06,35.92587192687133
2012-11-07,35.52550309843745
2012-11-08,35.23426978673255
2012-11-09,35.473170809031494
2012-11-12,34.40602561045492
2012-11-13,33.85999839699589
2012-11-14,32.914896756548984
2012-11-15,32.82741027549325
2012-11-16,32.769705350224115
2012-11-19,32.476342246435074
2012-11-20,33.4249601039728
2012-11-21,33.13903204293779
2012-11-22,32.922023354416766
2012-11-23,31.214083037435397
2012-11-26,31.75674993570397
2012-11-27,31.776342440552668
2012-11-28,32.44910429706224
2012-11-29,31.391915410796237
2012-11-30,30.132647247353546
2012-12-03,29.75952325171367
2012-12-04,27.838425721481453
2012-12-05,29.351264204222396
2012-12-06,28.958432434066534
2012-12-07,26.67244385999764
2012-12-10,26.11359406058245
2012-12-11,25.856365395600843
2012-12-12,27.01803328458302
2012-12-13,26.9467869872425
2012-12-14,25.615184752783662
2012-12-17,25.817078123491846
2012-12-18,25.738226891392816
2012-12-19,25.454410578365458
2012-12-20,25.042178265612495
2012-12-21,25.721446718139262
2012-12-24,25.617662356743626
2012-12-25,25.46129641587324
2012-12-26,26.36807376048873
2012-12-27,26.965060524924247
2012-12-28,27.178511026756592
2012-12-31,26.45268845596174
2013-01-01,26.076331568605468
2013-01-02,25.88676638812663
2013-01-03,24.69276602880697
2013-01-04,24.192962141139468
2013-01-07,24.126930284439073
2013-01-08,24.494424700183057
2013-01-09,24.830072315953654
2013-01-10,23.41649167892643
2013-01-11,23.044140526995427
2013-01-14,22.352961193870918
2013-01-15,20.96972492880308
2013-01-16,20.793429066084038
2013-01-17,20.37153297406245
2013-01-18,20.300399505359056
2013-01-21,20.59313411949431
2013-01-22,20.760562045550188
2013-01-23,22.026396999609208
2013-01-24,22.05361391604809
2013-01-25,23.01656251088879
2013-01-28,22.138668151941598
2013-01-29,22.303679685892472
2013-01-30,21.70815902169361
2013-01-31,21.44334600523686
2013-02-01,21.956981235702106
2013-02-04,21.682111840489693
2013-02-05,22.34822513204394
2013-02-06,21.7718953138036
2013-02-07,20.920803750951222
2013-02-08,20.991767779518057
2013-02-11,21.09459256613674
2013-02-12,20.78985442520458
2013-02-13,21.142965158078113
2013-02-14,19.7490156267111
2013-02-15,19.064532742262738
2013-02-18,19.2618576250017
2013-02-19,19.05013091836173
2013-02-20,18.58989115230123
2013-02-21,18.609085283269255
2013-02-22,19.13260478993323
2013-02-25,19.284216703523448
2013-02-26,19.704611710746327
2013-02-27,19.893974957275184
2013-02-28,20.63726273322661
2013-03-01,20.22430747972709
2013-03-04,20.838710611051734
2013-03-05,19.69809161705541
2013-03-06,18.875439433586237
2013-03-07,19.184864973557406
2013-03-08,18.353015275020066
2013-03-11,18.0938506814275
2013-03-12,18.762673656579533
2013-03-13,18.046361852013487
2013-03-14,18.499824305061537
2013-03-15,18.209253093474008
2013-03-18,17.47010172789764
2013-03-19,17.408080115483347
2013-03-20,18.007015704491497
2013-03-21,17.212678756037167
2013-03-22,16.428375935455026
2013-03-25,16.683440412922817
2013-03-26,16.331209985059477
2013-03-27,17.344180929238636
2013-03-28,17.436364181730656
2013-03-29,17.926490602305066
2013-04-01,17.999784022658282
2013-04-02,17.218141723983365
2013-04-03,16.663631583119614
2013-04-04,16.192640676709164
2013-04-05,16.387567748217215
2013-04-08,16.312610054557084
2013-04-09,15.34002162526059
2013-04-10,15.625166678063783
2013-04-11,16.723107335903197
2013-04-12,16.080621528817197
2013-04-15,15.530424760534805
2013-04-16,15.145445785579156
2013-04-17,15.02019868630917
2013-04-18,14.478664859726141
2013-04-19,15.013332883121768
2013-04-22,15.775835877845912
2013-04-23,15.770989356640337
2013-04-24,15.672402207907815
2013-04-25,14.787121985517743
2013-04-26,14.184248938691336
2013-04-29,13.20442344450158
2013-04-30,12.900000065560548
2013-05-01,12.672056198850482
2013-05-02,12.869603677517317
2013-05-03,12.875393361284955
2013-05-06,12.4955973298799
2013-05-07,12.714382832804809
2013-05-08,13.707963019640204
2013-05-09,13.970343585739611
2013-05-10,13.685167134809053
2013-05-13,13.737406305932016
2013-05-14,13.233572162889333
2013-05-15,12.709066346109106
2013-05-16,13.399630584911895
2013-05-17,13.458591890103833
2013-05-20,13.861125025661337
2013-05-21,13.68506093708497
2013-05-22,13.139154211624856
2013-05-23,10.849208144589877
2013-05-24,10.949171732862032
2013-05-27,10.922883969756676
2013-05-28,11.46477969768968
2013-05-29,11.295896622989906
2013-05-30,11.114860746511878
2013-05-31,11.167971225034442
2013-06-03,11.482280032951508
2013-06-04,10.635543638390887
2013-06-05,11.08782009676553
2013-06-06,11.155632948005268
2013-06-07,10.847868487220774
2013-06-10,11.33101429329501
2013-06-11,10.49839751870878
2013-06-12,10.147772952148099
2013-06-13,10.01736968372347
2013-06-14,9.465981107297536
2013-06-17,9.4099837487797
2013-06-18,9.285017983162097
2013-06-19,8.908487962390247
2013-06-20,9.028787904589278
2013-06-21,9.219767505416726
2013-06-24,9.714634563018349
2013-06-25,9.600521964768596
2013-06-26,9.18098431072755
2013-06-27,8.82727922827034
2013-06-28,9.158689639955508
2013-07-01,9.154973624875584
2013-07-02,9.072923237669707
2013-07-03,9.34821195359131
2013-07-04,9.112102280883228
2013-07-05,9.526647501840348
2013-07-08,9.324737015642913
2013-07-09,9.570993856673036
2013-07-10,9.552044153882482
2013-07-11,9.5689453482115
2013-07-12,9.454110777156213
2013-07-15,9.878364870811106
2013-07-16,9.582656029309035
2013-07-17,9.89511400807762
2013-07-18,9.541884973094843
2013-07-19,8.959471397048658
2013-07-22,9.070732796994388
2013-07-23,9.010762413807543
2013-07-24,8.98010034070935
2013-07-25,8.542783044335195
2013-07-26,8.487583059290033
2013-07-29,8.288333397838086
2013-07-30,8.811601189182626
2013-07-31,8.965728230819032
2013-08-01,8.955719618826993
2013-08-02,9.203615883177077
2013-08-05,9.070731633893061
2013-08-06,9.074597094710402
2013-08-07,8.93442861118355
2013-08-08,8.735850036864669
2013-08-09,8.79199236364575
2013-08-12,9.033673660829246
2013-08-13,8.992103615721032
2013-08-14,8.716351115710735
2013-08-15,8.622420902192713
2013-08-16,8.42427209758462
2013-08-19,8.298429421646409
2013-08-20,8.124846593851125
2013-08-21,8.27367633589734
2013-08-22,8.882314374996522
2013-08-23,8.73779957588493
2013-08-26,8.726596172143543
2013-08-27,8.545631315608691
2013-08-28,8.320155441941603
2013-08-29,8.149123086074967
2013-08-30,7.583774520826599
2013-09-02,7.719013692138262
2013-09-03,7.37095672941069
2013-09-04,7.454765256566242
2013-09-05,7.430532766091236
2013-09-06,7.3770962733177035
2013-09-09,7.5199786439725305
2013-09-10,7.587377843819634
2013-09-11,7.717054226169993
2013-09-12,7.841793223703666
2013-09-13,7.965997342664858
2013-09-16,7.988374086755252
2013-09-17,8.384830262880776
2013-09-18,8.400622283066165
2013-09-19,8.970998186818372
2013-09-20,8.741931742773737
2013-09-23,8.406291309039682
2013-09-24,8.56913095030644
2013-09-25,9.337858650708164
2013-09-26,8.856446908810515
2013-09-27,9.3019216225589
2013-09-30,9.111246213479546
2013-10-01,9.049726135722244
2013-10-02,8.723656711298592
2013-10-03,8.337010818480405
2013-10-04,8.707883088566817
2013-10-07,9.058343300953467
2013-10-08,9.191490210126624
2013-10-09,9.007215368717135
2013-10-10,9.177839183580524
2013-10-11,9.5152285693285
2013-10-14,10.041547152671376
2013-10-15,9.529585118193715
2013-10-16,9.379511198916488
2013-10-17,9.203536502370651
2013-10-18,9.101497603909117
2013-10-21,9.211737351037181
2013-10-22,8.611401519295
2013-10-23,8.43367527704018
2013-10-24,8.285008270323397
2013-10-25,8.271487101803833
2013-10-28,8.291853365883199
2013-10-29,8.197351530025562
2013-10-30,8.7251079767258
2013-10-31,8.649769146036162
2013-11-01,8.752523324044116
2013-11-04,8.90882988103876
2013-11-05,8.615624499890371
2013-11-06,8.346132815624193
2013-11-07,8.501335774543707
2013-11-08,8.848132274327972
2013-11-11,9.336513396857352
2013-11-12,9.036260468184544
2013-11-13,9.303677055901227
2013-11-14,9.262546768421805
2013-11-15,9.63313919343016
2013-11-18,9.708377662294426
2013-11-19,9.85251268920543
2013-11-20,10.31359455095262
2013-11-21,10.838485785214251
2013-11-22,10.842205510148823
2013-11-25,10.252751739884568
2013-11-26,9.978032946943028
2013-11-27,10.680454836663703
2013-11-28,10.855846234143964
2013-11-29,10.505171431599173
2013-12-02,10.2692156087486
2013-12-03,10.613581184844074
2013-12-04,11.279195218277
2013-12-05,11.247182536123825
2013-12-06,11.693729807498796
2013-12-09,12.026504324527625
2013-12-10,12.120342216655104
2013-12-11,12.371001793821279
2013-12-12,12.448515675842783
2013-12-13,12.957729912980582
2013-12-16,13.250339516748022
2013-12-17,12.568624597110555
2013-12-18,12.446524007235544
2013-12-19,12.036525748574876
2013-12-20,12.046078244812493
2013-12-23,11.908498194838769
2013-12-24,11.628208016670115
2013-12-25,11.138921951702677
2013-12-26,10.380495136011726
2013-12-27,10.802033550524747
2013-12-30,11.239050098888391
2013-12-31,10.753739139787818
2014-01-01,10.833476579475557
2014-01-02,10.203896812499769
2014-01-03,9.911696994915973
2014-01-06,9.781101293187211
2014-01-07,9.534313358391179
2014-01-08,9.691891079975864
2014-01-09,8.885897697871584
2014-01-10,8.624666419237444
2014-01-13,8.853365917477793
2014-01-14,8.321959822852167
2014-01-15,8.106029392535337
2014-01-16,8.362352348936128
2014-01-17,8.931670286062246
2014-01-20,9.29706664734527
2014-01-21,9.167594147688057
2014-01-22,9.786818477181033
2014-01-23,10.054612142636403
2014-01-24,9.630040460608427
2014-01-27,9.085425843975324
2014-01-28,9.306516262330312
2014-01-29,9.23107264714532
2014-01-30,8.832768238610884
2014-01-31,8.747341267684629
2014-02-03,9.048109717889865
2014-02-04,8.82443886220536
2014-02-05,8.599036178692138
2014-02-06,8.512797781810658
2014-02-07,8.464910647212827
2014-02-10,8.329065795622725
2014-02-11,8.473238302918956
2014-02-12,8.653202236830493
2014-02-13,8.594980809116255
2014-02-14,8.366718600512677
2014-02-17,8.195176690791756
2014-02-18,8.563453756889672
2014-02-19,9.136709046186832
2014-02-20,8.698197754468382
2014-02-21,8.34482193326909
2014-02-24,8.168143447436673
2014-02-25,8.543549851815616
2014-02-26,8.405553823169768
2014-02-27,8.549519806530405
2014-02-28,8.46719237787496
2014-03-03,8.293956626072072
2014-03-04,8.197812220641564
2014-03-05,7.847452980389968
2014-03-06,8.017100856504223
2014-03-07,7.801403447094593
2014-03-10,7.618184562392683
2014-03-11,7.383852760652861
2014-03-12,7.768580080490586
2014-03-13,7.6262797244025045
2014-03-14,7.657439958558776
2014-03-17,7.125053523666321
2014-03-18,6.525502810687734
2014-03-19,6.254659709729955
2014-03-20,6.455663079920345
2014-03-21,6.469732184153892
2014-03-24,6.836924849315364
2014-03-25,7.095285840935367
2014-03-26,6.8830471064061
2014-03-27,6.820579705765292
2014-03-28,7.121284869557551
2014-03-31,7.032889195244692
2014-04-01,7.1768220954748285
2014-04-02,6.839489165287069
2014-04-03,6.896321259800069
2014-04-04,6.869218262241332
2014-04-07,6.666730949112729
2014-04-08,6.614439735400279
2014-04-09,6.665127920623883
2014-04-10,6.868800683834131
2014-04-11,7.234436298070711
2014-04-14,7.41652181977452
2014-04-15,7.712099090827704
2014-04-16,7.4498980095507426
2014-04-17,7.159326569068161
2014-04-18,7.272387659031281
2014-04-21,6.944648183196784
2014-04-22,6.867863294937531
2014-04-23,7.035830288869601
2014-04-24,7.362938294045053
2014-04-25,7.429891924503608
2014-04-28,7.2801206224716895
2014-04-29,7.29010677909953
2014-04-30,7.145578911435484
2014-05-01,7.028343048765325
2014-05-02,7.254779211789097
2014-05-05,7.182514227401198
2014-05-06,7.234522184819349
2014-05-07,7.324869712885836
2014-05-08,7.311626320887748
2014-05-09,7.501965465614937
2014-05-12,7.332159692411046
2014-05-13,7.3955050080428135
2014-05-14,7.134773390069269
2014-05-15,6.603277348369653
2014-05-16,6.44434805276748
2014-05-19,6.394767029056012
2014-05-20,6.183175503570983
2014-05-21,6.496646287268931
2014-05-22,6.455824150287961
2014-05-23,6.575039239255428
2014-05-26,6.8463839277967615
2014-05-27,6.838421970843711
2014-05-28,6.685530698968551
2014-05-29,6.429117476892597
2014-05-30,6.090352055963115
2014-06-02,6.223779134463914
2014-06-03,6.384898590398382
2014-06-04,6.65949007297413
2014-06-05,6.897028322338215
2014-06-06,7.276529165749543
2014-06-09,7.464599060775896
2014-06-10,7.494155008622184
2014-06-11,7.36542709689259
2014-06-12,7.324594895473048
2014-06-13,7.311774229212827
2014-06-16,7.667107825349666
2014-06-17,7.947870048581681
2014-06-18,7.718916607813998
2014-06-19,7.787146430362544
2014-06-20,7.173552261933181
2014-06-23,7.3106409575996345
2014-06-24,7.421543289549886
2014-06-25,7.315199531664618
2014-06-26,7.290503182791843
2014-06-27,7.510630741787994
2014-06-30,7.4171810600113846
2014-07-01,7.168154200533319
2014-07-02,7.300045814890344
2014-07-03,7.258289041840419
2014-07-04,7.507613136214946
2014-07-07,7.50297389553447
2014-07-08,6.857806472299184
2014-07-09,6.906778220712338
2014-07-10,6.982766200468913
2014-07-11,7.238063111765144
2014-07-14,7.048776167326751
2014-07-15,6.926259628414756
2014-07-16,6.752494143125219
2014-07-17,6.981382848781666
2014-07-18,6.7218296407613805
2014-07-21,6.854742366743249
2014-07-22,6.757091515612804
2014-07-23,6.414327032245708
2014-07-24,6.35836583105748
2014-07-25,6.492860963194977
2014-07-28,6.255982129358411
2014-07-29,6.302280898356846
2014-07-30,6.842276959713059
2014-07-31,7.108067322072453
2014-08-01,7.05611380532872
2014-08-04,7.065133471530121
2014-08-05,6.943808172835615
2014-08-06,7.064388232502547
2014-08-07,6.757355486763933
2014-08-08,6.6557118046406005
2014-08-11,6.48225990013541
2014-08-12,6.37952372408249
2014-08-13,6.4154801826233685
2014-08-14,5.948337403653067
2014-08-15,5.880064087334995
2014-08-18,5.772347005195972
2014-08-19,5.95094831677294
2014-08-20,5.763985113181011
2014-08-21,5.800762457297124
2014-08-22,5.761207811168542
2014-08-25,5.955367577807822
2014-08-26,6.123760740444071
2014-08-27,6.4654823958822485
2014-08-28,6.690680275474059
2014-08-29,6.747509639270572
2014-09-01,6.919067316315706
2014-09-02,6.848680634493377
2014-09-03,6.86251390326939
2014-09-04,6.886331105429066
2014-09-05,6.678450312597721
2014-09-08,6.959819992086041
2014-09-09,7.182102564537985
2014-09-10,7.509811815080504
2014-09-11,7.45826792405227
2014-09-12,7.4253613496472335
2014-09-15,7.254434856160304
2014-09-16,6.967043916536149
2014-09-17,7.115164698540636
2014-09-18,6.847109402274896
2014-09-19,6.578723141940995
2014-09-22,6.704329946474107
2014-09-23,6.731191582891785
2014-09-24,6.87617185557224
2014-09-25,6.69332542029419
2014-09-26,7.101931470592299
2014-09-29,6.8805669315388815
2014-09-30,6.752225480873584
2014-10-01,6.581240261582019
2014-10-02,6.97470014435888
2014-10-03,6.872682851364071
2014-10-06,6.642567594357052
2014-10-07,7.189174916225746
2014-10-08,7.565308036098502
2014-10-09,7.863137699715801
2014-10-10,8.253897719845476
2014-10-13,7.98399541980463
2014-10-14,8.425596600595398
2014-10-15,8.347272547106279
2014-10-16,8.425848838397211
2014-10-17,8.40059098018482
2014-10-20,8.77802118399248
2014-10-21,8.112805862199501
2014-10-22,7.81340854350178
2014-10-23,8.201217168944469
2014-10-24,8.014804107983553
2014-10-27,8.363445071438127
2014-10-28,8.160321371072072
2014-10-29,8.075074462097627
2014-10-30,8.592977540011232
2014-10-31,8.804345146036551
2014-11-03,8.840151349237267
2014-11-04,8.9768602770699
2014-11-05,9.284827641505126
2014-11-06,9.303223265158838
2014-11-07,9.47303002144105
2014-11-10,10.254735777529643
2014-11-11,9.892347945576297
2014-11-12,9.926792723106846
2014-11-13,9.748407750134414
2014-11-14,9.453442765155886
2014-11-17,9.483630028799912
2014-11-18,9.202815828960333
2014-11-19,8.890743344470193
2014-11-20,8.843218923683308
2014-11-21,8.996029052323557
2014-11-24,9.125496199307216
2014-11-25,9.08241947629377
2014-11-26,8.681911595494991
2014-11-27,8.286009289382713
2014-11-28,8.373332983651665
2014-12-01,8.189755426951574
2014-12-02,8.237056872590344
2014-12-03,8.247298692698598
2014-12-04,7.751877413064791
2014-12-05,8.142858796630154
2014-12-08,7.7695136094753225
2014-12-09,7.696137409271461
2014-12-10,7.3836485383831265
2014-12-11,7.218449578344935
2014-12-12,7.082689452133734
2014-12-15,6.970441806395213
2014-12-16,6.912429571050837
2014-12-17,7.323638159262966
2014-12-18,7.097679303153951
2014-12-19,7.232482689266038
2014-12-22,7.515665485198292
2014-12-23,7.62899993529841
2014-12-24,8.970037809223287
2014-12-25,9.095603926606378
2014-12-26,9.122917817038385
2014-12-29,8.880439354082664
2014-12-30,8.97541142480816
2014-12-31,8.576736690364058
2015-01-01,9.05967698604839
2015-01-02,9.39525826674612
2015-01-05,9.091026793499283
2015-01-06,9.172713500779524
2015-01-07,8.804476617614592
2015-01-08,9.006984761225576
2015-01-09,8.911612191326828
2015-01-12,8.410515444281218
2015-01-13,8.293985880980777
2015-01-14,8.30683847789224
2015-01-15,8.116658178074667
2015-01-16,8.429675564068734
2015-01-19,8.26938031397097
2015-01-20,8.070101703743642
2015-01-21,7.595125107879102
2015-01-22,7.821375307082995
2015-01-23,7.861254286412109
2015-01-26,8.131903027381327
2015-01-27,8.187591655295945
2015-01-28,8.576812937393074
2015-01-29,8.755707077915044
2015-01-30,8.900477950101477
2015-02-02,8.905024955618087
2015-02-03,8.346692676659812
2015-02-04,8.173351421361978
2015-02-05,7.950325477630717
2015-02-06,7.950428087700622
2015-02-09,7.836141078261787
2015-02-10,8.096209834369105
2015-02-11,8.327202823146244
2015-02-12,8.259740553655407
2015-02-13,8.300946232031471
2015-02-16,8.114976224578918
2015-02-17,8.287611094966657
2015-02-18,8.429574598557888
2015-02-19,8.930152986185881
2015-02-20,8.914881191718248
2015-02-23,9.314033849911691
2015-02-24,8.974158391533352
2015-02-25,9.012437354277344
2015-02-26,8.930922692273624
2015-02-27,8.993608759811334
2015-03-02,9.101976694290427
2015-03-03,8.688470248623855
2015-03-04,8.975805577906035
2015-03-05,9.271587008205875
2015-03-06,9.222798432443275
2015-03-09,9.190061452000167
2015-03-10,9.299514095765455
2015-03-11,9.589096097151668
2015-03-12,9.694199175411203
2015-03-13,9.960697475410305
2015-03-16,9.696138933059531
2015-03-17,10.143778604824023
2015-03-18,9.991036742355453
2015-03-19,10.161813095260353
2015-03-20,10.166803746395246
2015-03-23,9.5103997932462
2015-03-24,9.558453730249667
2015-03-25,9.57848043932185
2015-03-26,9.515799498438138
2015-03-27,8.899929798091225
2015-03-30,9.340331655903514
2015-03-31,9.057052776273766
2015-04-01,8.96919226088011
2015-04-02,9.273983777236989
2015-04-03,9.585570476102799
2015-04-06,9.66546087157426
2015-04-07,9.41656385368849
2015-04-08,9.49445508466351
2015-04-09,9.258321789564917
2015-04-10,8.941059008542357
2015-04-13,8.978566319422207
2015-04-14,8.533780655628457
2015-04-15,8.911120841042372
2015-04-16,8.739155759023014
2015-04-17,8.684440324214645
2015-04-20,8.506158276186317
2015-04-21,8.193549891580185
2015-04-22,7.557037704988912
2015-04-23,7.329738022281153
2015-04-24,7.671328697919687
2015-04-27,7.975911967876009
2015-04-28,7.5567359084053916
2015-04-29,7.89243751218789
2015-04-30,7.949981253697056
2015-05-01,7.647638860031173
2015-05-04,7.809229124131154
2015-05-05,7.780453741026651
2015-05-06,7.653010508094948
2015-05-07,7.54650816212557
2015-05-08,7.695772534409729
2015-05-11,7.881899459744548
2015-05-12,7.6807328658535905
2015-05-13,7.783894234780251
2015-05-14,7.861391235217212
2015-05-15,7.148059733176763
2015-05-18,7.337891772055583
2015-05-19,7.156640285856298
2015-05-20,7.1320283939633144
2015-05-21,7.1943298561266396
2015-05-22,7.378868237447459
2015-05-25,7.679041771002676
2015-05-26,7.855731261043823
2015-05-27,7.974771932714651
2015-05-28,8.013230002270738
2015-05-29,7.911251653558513
2015-06-01,8.212671072580493
2015-06-02,7.996619150941393
2015-06-03,8.18354766990372
2015-06-04,8.345726621506847
2015-06-05,8.373012019983772
2015-06-08,8.694532725153982
2015-06-09,8.762415243205451
2015-06-10,8.807211359749408
2015-06-11,8.927467876669656
2015-06-12,9.192752966328788
2015-06-15,8.560538865806992
2015-06-16,9.102813433252873
2015-06-17,8.43890631060367
2015-06-18,8.653985072190851
2015-06-19,8.730509019188938
2015-06-22,8.197584217317505
2015-06-23,8.573460654608464
2015-06-24,8.467560666571087
2015-06-25,8.158708269935605
2015-06-26,8.362566063480857
2015-06-29,8.184621674790975
2015-06-30,7.476527965331565
2015-07-01,7.742081743971288
2015-07-02,7.366704053166663
2015-07-03,7.358421141827109
2015-07-06,7.426285516432219
2015-07-07,7.446539693050522
2015-07-08,7.2753057461544755
2015-07-09,7.291921579881524
2015-07-10,6.8684731165101685
2015-07-13,6.930748172346892
2015-07-14,6.851119199239311
2015-07-15,6.979432982065704
2015-07-16,7.051245613483004
2015-07-17,6.733564549536021
2015-07-20,6.684358549302686
2015-07-21,6.4456434658431165
2015-07-22,6.466663849934817
2015-07-23,7.468246846436466
2015-07-24,7.504316008709758
2015-07-27,7.892046260110018
2015-07-28,8.042548741960312
2015-07-29,8.424276316687584
2015-07-30,8.358976255809294
2015-07-31,7.993520386418795
2015-08-03,8.305017094941498
2015-08-04,8.289123423020866
2015-08-05,7.870230182137453
2015-08-06,7.7197962011960435
2015-08-07,7.651258906545068
2015-08-10,7.6119959324160975
2015-08-11,7.429062015968012
2015-08-12,7.1824592725296394
2015-08-13,6.797450787489885
2015-08-14,6.5414122903560505
2015-08-17,6.4836064423569155
2015-08-18,6.247509026895789
2015-08-19,6.13229767854316
2015-08-20,6.173052726885902
2015-08-21,6.185229296311906
2015-08-24,6.074500506491491
2015-08-25,6.135392104628286
2015-08-26,6.023654266879523
2015-08-27,6.084431965762274
2015-08-28,5.841975223352497
2015-08-31,5.801497347341512
2015-09-01,5.7150787997072685
2015-09-02,5.946887838415705
2015-09-03,5.859115320278896
2015-09-04,6.0430393806737985
2015-09-07,6.08605492420405
2015-09-08,5.8890519099232534
2015-09-09,6.074075038068563
2015-09-10,6.228272024293956
2015-09-11,6.313400573520637
2015-09-14,6.3962652234934225
2015-09-15,6.416308022290664
2015-09-16,6.528019403925861
2015-09-17,6.720951505946731
2015-09-18,6.436896625709633
2015-09-21,6.666787121254051
2015-09-22,6.944453456421302
2015-09-23,6.700848761207515
2015-09-24,6.606202912599431
2015-09-25,6.675546374784665
2015-09-28,6.856431999387571
2015-09-29,6.8622719243899475
2015-09-30,6.953842492253681
2015-10-01,6.7834591502832655
2015-10-02,6.837658285094345
2015-10-05,7.150346326238407
2015-10-06,7.1860903874360496
2015-10-07,7.345110460854092
2015-10-08,7.189642809205941
2015-10-09,6.999561763534702
2015-10-12,7.423671961678225
2015-10-13,7.502579850237641
2015-10-14,7.69215080266193
2015-10-15,7.981058860984657
2015-10-16,7.646891079938474
2015-10-19,8.03827588970403
2015-10-20,8.081164701205822
2015-10-21,8.550481811935436
2015-10-22,8.269614510552515
2015-10-23,8.529009189933133
2015-10-26,8.392061543879892
2015-10-27,8.352035905063653
2015-10-28,8.642611837617633
2015-10-29,8.524969550826569
2015-10-30,8.54598148556354
2015-11-02,9.161168135321686
2015-11-03,9.18517707087812
2015-11-04,9.066497234270972
2015-11-05,8.927000199927475
2015-11-06,8.470031990920724
2015-11-09,8.410656012404122
2015-11-10,8.495134411658718
2015-11-11,8.433152086327961
2015-11-12,8.537258381232387
2015-11-13,9.286510993231067
2015-11-16,9.593412807597847
2015-11-17,9.609464924717237
2015-11-18,9.851796742460866
2015-11-19,10.102305313191248
2015-11-20,9.478273685767808
2015-11-23,9.940631011659983
2015-11-24,9.95966351783635
2015-11-25,9.21172418618851
2015-11-26,9.306086382738393
2015-11-27,8.704526501837048
2015-11-30,8.81861798516795
2015-12-01,8.877389761314417
2015-12-02,8.66798842471728
2015-12-03,8.575028629119481
2015-12-04,8.406978398790272
2015-12-07,8.276015850339807
2015-12-08,8.30709498404896
2015-12-09,8.471453369816118
2015-12-10,8.80594273544999
2015-12-11,8.907099284083072
2015-12-14,8.894333769981536
2015-12-15,9.132509321196794
2015-12-16,8.976278347460237
2015-12-17,8.919820330517057
2015-12-18,9.046638566008504
2015-12-21,9.346488710613524
2015-12-22,10.51577303461651
2015-12-23,10.917613156208388
2015-12-24,10.667797811561117
2015-12-25,10.544433595760461
2015-12-28,10.153366493190187
2015-12-29,10.313854730462806
2015-12-30,9.924196667938745
2015-12-31,10.386866724918235
2016-01-01,8.338752674214808
2016-01-04,8.143349830349049
2016-01-05,8.582856089008382
2016-01-06,8.536357577711014
2016-01-07,8.544329080252338
2016-01-08,8.883983585217676
2016-01-11,9.023490825774546
2016-01-12,9.046321916946416
2016-01-13,9.463291687387992
2016-01-14,9.345207778949993
2016-01-15,9.467265853135887
2016-01-18,9.340914541893271
2016-01-19,9.712311974169058
2016-01-20,9.758664340898328
2016-01-21,8.973953215669201
2016-01-22,8.825988553394728
2016-01-25,9.151898048146755
2016-01-26,8.643277404608162
2016-01-27,8.516454984757912
2016-01-28,8.036532499233832
2016-01-29,7.605701523311314
2016-02-01,7.366770814609587
2016-02-02,7.44379336705534
2016-02-03,7.17930623194686
2016-02-04,7.656513376389956
2016-02-05,7.775601707724178
2016-02-08,7.792817949225917
2016-02-09,7.468918676812135
2016-02-10,7.088522217404519
2016-02-11,7.038548001843123
2016-02-12,7.46131798446075
2016-02-15,7.198113380310192
2016-02-16,6.880464379217036
2016-02-17,7.107451416725789
2016-02-18,7.33327566874102
2016-02-19,7.3927154049543535
2016-02-22,7.25842598767125
2016-02-23,7.381835148787668
2016-02-24,7.054570529160105
2016-02-25,7.074893936878229
2016-02-26,6.676662348083076
2016-02-29,6.681956891753188
2016-03-01,6.911397703375304
2016-03-02,7.335795599968612
2016-03-03,7.213407358126725
2016-03-04,7.2869431585475075
2016-03-07,6.815462164116441
2016-03-08,6.669833836434778
2016-03-09,6.789145220419139
2016-03-10,6.992103458410475
2016-03-11,7.112844218378045
2016-03-14,6.969251826176846
2016-03-15,6.748681564293548
2016-03-16,6.564789078641049
2016-03-17,6.569832537539108
2016-03-18,6.26448199463847
2016-03-21,6.158027740863044
2016-03-22,6.2608571477958925
2016-03-23,6.307213387692439
2016-03-24,6.075889877136422
2016-03-25,6.2631039716023
2016-03-28,6.219483810135263
2016-03-29,6.469655011681327
2016-03-30,6.334274676022789
2016-03-31,6.212113333982251
2016-04-01,6.395789988694319
2016-04-04,6.116620498794119
2016-04-05,6.2234138664671965
2016-04-06,5.873441762967394
2016-04-07,5.732042899006881
2016-04-08,5.643239637505896
2016-04-11,5.732202981183175
2016-04-12,5.306431322966621
2016-04-13,5.417769244714737
2016-04-14,5.3216945172962395
2016-04-15,5.559576488927594
2016-04-18,5.434330876441608
2016-04-19,5.3100925552093825
2016-04-20,5.0581970684414035
2016-04-21,5.070420126280615
2016-04-22,5.361985843126431
2016-04-25,5.308657298894254
2016-04-26,5.32642062117171
2016-04-27,5.036504759187112
2016-04-28,5.139372094544874
2016-04-29,5.072372365419595
2016-05-02,4.981897424218487
2016-05-03,4.836675516072878
2016-05-04,4.725886590261145
2016-05-05,4.809359669009239
2016-05-06,4.939736658714739
2016-05-09,4.6487556948215545
2016-05-10,4.462549353312843
2016-05-11,4.4645711235903605
2016-05-12,4.288886647581169
2016-05-13,4.146857393677055
2016-05-16,4.033883341340836
2016-05-17,4.0784465208972245
2016-05-18,4.2481043731860995
2016-05-19,4.213521743036203
2016-05-20,4.22101175161242
2016-05-23,4.295173276510927
2016-05-24,4.179826718748606
2016-05-25,4.239274740862108
2016-05-26,4.504330438581465
2016-05-27,4.357942849016238
2016-05-30,4.4095160891097205
2016-05-31,4.41799108730297
2016-06-01,4.268393453715709
2016-06-02,4.393880500815303
2016-06-03,4.30391168009621
2016-06-06,4.1438529250954845
2016-06-07,4.068312312229176
2016-06-08,4.129852519208945
2016-06-09,4.052271183673285
2016-06-10,3.7739765963675223
2016-06-13,4.003494627360917
2016-06-14,4.136900203961125
2016-06-15,4.1602827360757
2016-06-16,4.097307362367713
2016-06-17,4.045869125554255
2016-06-20,3.9174891151498916
2016-06-21,3.9250514512127554
2016-06-22,4.226713507749207
2016-06-23,4.20594686561502
2016-06-24,4.303379663930961
2016-06-27,4.199201939607945
2016-06-28,4.220997223832675
2016-06-29,4.135589355415549
2016-06-30,4.1359307257425675
2016-07-01,4.316665139868091
2016-07-04,4.35743500602897
2016-07-05,4.5406110362615175
2016-07-06,4.7376717393894365
2016-07-07,4.685481688971435
2016-07-08,4.9318087569587155
2016-07-11,4.988684157222529
2016-07-12,5.033491355908594
2016-07-13,4.927045085338721
2016-07-14,5.097179978924534
2016-07-15,5.168587346239126
2016-07-18,5.049996008432295
2016-07-19,5.138724528332697
2016-07-20,4.945120880679573
2016-07-21,4.7520879828348965
2016-07-22,4.745224805396657
2016-07-25,4.680532677170315
2016-07-26,4.627299577701416
2016-07-27,4.819055875710636
2016-07-28,4.840535587639521
2016-07-29,4.773968373012017
2016-08-01,4.60311162916052
2016-08-02,4.656083575540064
2016-08-03,4.7443129599474005
2016-08-04,4.845532480238781
2016-08-05,4.801519364198504
2016-08-08,4.549883353055336
2016-08-09,4.745575339168874
2016-08-10,4.56917517777284
2016-08-11,4.530267894176074
2016-08-12,4.63052327473103
2016-08-15,4.699671346069215
2016-08-16,4.5769980074659395
2016-08-17,4.892270756168445
2016-08-18,4.846146809707513
2016-08-19,4.873348810342555
2016-08-22,4.910598065633856
2016-08-23,4.986768405076726
2016-08-24,5.068545854582574
2016-08-25,4.9849596176798965
2016-08-26,4.559813550201247
2016-08-29,4.225210574113658
2016-08-30,4.2690500900859725
2016-08-31,4.090269305678808
2016-09-01,4.095904967037661
2016-09-02,4.171672851271129
2016-09-05,4.194223250659492
2016-09-06,4.137053310499641
2016-09-07,4.1094752299103705
2016-09-08,4.371156921860493
2016-09-09,4.368065284875002
2016-09-12,4.185429664782824
2016-09-13,4.052334843579393
2016-09-14,4.180555936707453
2016-09-15,3.9865602052335554
2016-09-16,3.9026001277414646
2016-09-19,3.9586804461365364
2016-09-20,3.9520222017760047
2016-09-21,3.9465387686818523
2016-09-22,4.106083181428032
2016-09-23,3.853747605077337
2016-09-26,3.9136526822263527
2016-09-27,4.127930586688468
2016-09-28,4.085997166918603
2016-09-29,4.035691593801698
2016-09-30,4.074704645347455
2016-10-03,4.065370999223748
2016-10-04,4.151554113107068
2016-10-05,4.124764499959967
2016-10-06,4.13572014482762
2016-10-07,3.950913544031612
2016-10-10,3.957880533845211
2016-10-11,3.9426978352748723
2016-10-12,4.154472840586784
2016-10-13,4.2615915957995165
2016-10-14,4.2946306677434665
2016-10-17,4.355364980993493
2016-10-18,4.3484830643518
2016-10-19,4.332836859690738
2016-10-20,4.423918581536646
2016-10-21,4.323082318938929
2016-10-24,4.245057733809002
2016-10-25,4.019882751644252
2016-10-26,3.9802557207843963
2016-10-27,3.9730157276595164
2016-10-28,4.01628765840311
2016-10-31,3.850978020898663
2016-11-01,3.854947289960842
2016-11-02,3.934659518359643
2016-11-03,3.7306815450951367
2016-11-04,3.617909339175788
2016-11-07,3.7715557120567307
2016-11-08,3.7067986851850665
2016-11-09,3.9948314916161953
2016-11-10,4.197437777309448
2016-11-11,4.116479617759236
2016-11-14,4.2472816641599
2016-11-15,4.3914276909943855
2016-11-16,4.341644792149685
2016-11-17,4.383316574644006
2016-11-18,4.311401624401758
2016-11-21,4.166300186514451
2016-11-22,4.349015135242201
2016-11-23,4.326234423523347
2016-11-24,4.374971235814898
2016-11-25,4.554357981103197
2016-11-28,4.713551501545029
2016-11-29,4.651311755554395
2016-11-30,4.379813998717254
2016-12-01,4.281500907201489
2016-12-02,4.0103041908247805
2016-12-05,4.132819630410406
2016-12-06,4.124983453507445
2016-12-07,3.9704165626014793
2016-12-08,3.794389660086033
2016-12-09,5.141541711480396
2016-12-12,4.990727160006771
2016-12-13,5.250699443644552
2016-12-14,5.366352739790533
2016-12-15,5.355981044327527
2016-12-16,5.645696634350108
2016-12-19,4.80058601106655
2016-12-20,4.70218829395448
2016-12-21,4.5589534312465165
2016-12-22,4.678594161061627
2016-12-23,4.936245324179809
2016-12-26,5.0307264539372465
2016-12-27,4.863320537968679
2016-12-28,5.05457714690315
2016-12-29,5.156529143392162
2016-12-30,5.061520100800475
2017-01-02,5.5019961780262605
2017-01-03,5.60691904670477
2017-01-04,5.909671929678556
2017-01-05,5.901715784663573
2017-01-06,5.776182884014519
2017-01-09,5.720521338202587
2017-01-10,5.456715882420353
2017-01-11,5.612112823976444
2017-01-12,5.549908191475976
2017-01-13,5.585431294993414
2017-01-16,5.492364915546133
2017-01-17,5.522738629399637
2017-01-18,5.209145485136759
2017-01-19,5.26306556748771
2017-01-20,5.089664157695907
2017-01-23,5.026938197006206
2017-01-24,4.941909788278635
2017-01-25,4.985564020916787
2017-01-26,4.751953552254017
2017-01-27,4.670604769556939
2017-01-30,4.857084736897754
2017-01-31,4.67162462475207
2017-02-01,4.440622243254999
2017-02-02,4.3405936610329
2017-02-03,4.221415463452771
2017-02-06,4.485409417869175
2017-02-07,4.5909270788200685
2017-02-08,4.249088642906201
2017-02-09,4.276388588258842
2017-02-10,4.102903080623568
2017-02-13,3.930807644540642
2017-02-14,3.771472962189232
2017-02-15,3.7261666349858045
2017-02-16,3.718590373817259
2017-02-17,3.671346488205535
2017-02-20,3.620425319061966
2017-02-21,3.6582329727820833
2017-02-22,3.5991601090228382
2017-02-23,3.3829793547234783
2017-02-24,3.260772208853458
2017-02-27,3.256256287130553
2017-02-28,3.198669945481323
2017-03-01,3.1576637895383333
2017-03-02,3.05809902083273
2017-03-03,2.9628660170607874
2017-03-06,3.011597597070139
2017-03-07,3.024665483988077
2017-03-08,2.9418421909153247
2017-03-09,2.901443603526254
2017-03-10,2.9738732755561657
2017-03-13,2.863459484344406
2017-03-14,2.9488326656282218
2017-03-15,2.9307263537573283
2017-03-16,2.891725244253637
2017-03-17,2.768286091804183
2017-03-20,3.015610716910396
2017-03-21,3.0551878056902004
2017-03-22,2.870867263434362
2017-03-23,2.888663398581353
2017-03-24,2.998670699715405
2017-03-27,3.023881184807858
2017-03-28,3.1020553039652277
2017-03-29,2.733873567550806
2017-03-30,2.7057616637413666
2017-03-31,2.703124572518825
2017-04-03,2.702720441916708
2017-04-04,2.6028959976382
2017-04-05,2.6095289546514566
2017-04-06,2.598110863988893
2017-04-07,2.54512623603343
2017-04-10,2.6740022016161515
2017-04-11,2.834021483096001
2017-04-12,2.7497270601725154
2017-04-13,2.6895149483978273
2017-04-14,2.7906475578208303
2017-04-17,2.731874346937938
2017-04-18,2.7589511150017123
2017-04-19,2.723581799561653
2017-04-20,2.707123902718422
2017-04-21,2.649359169409945
2017-04-24,2.7042891300062837
2017-04-25,2.9114223900283944
2017-04-26,2.9097896064375526
2017-04-27,2.9358542885048213
2017-04-28,2.9446697097191232
2017-05-01,2.778991746523844
2017-05-02,2.734892988189018
2017-05-03,2.651158643254327
2017-05-04,2.7081982378178697
2017-05-05,2.6439758931702086
2017-05-08,2.736580788127377
2017-05-09,2.6406479548478967
2017-05-10,2.7113933335569893
2017-05-11,2.6142718395298474
2017-05-12,2.635813888775224
2017-05-15,2.569259773890752
2017-05-16,2.5095728644396105
2017-05-17,2.685132358588786
2017-05-18,2.6072922538953147
2017-05-19,2.6070800205063627
2017-05-22,2.6885488018530315
2017-05-23,2.5445113143049376
2017-05-24,2.5800890878087843
2017-05-25,2.7332881730573435
2017-05-26,2.6429242830385604
2017-05-29,2.6146459601488066
2017-05-30,2.5733781120057064
2017-05-31,2.659530759105661
2017-06-01,2.64216921184336
2017-06-02,2.725054403534972
2017-06-05,2.8732157314949838
2017-06-06,3.041131325495411
2017-06-07,3.2310900980294006
2017-06-08,3.1529648303276887
2017-06-09,3.311786608467943
2017-06-12,3.385644500393161
2017-06-13,3.445913530451424
2017-06-14,3.462619764509717
2017-06-15,3.475302462807367
2017-06-16,3.4609018706565333
2017-06-19,3.432300130756859
2017-06-20,3.408461100340641
2017-06-21,3.2869232956050234
2017-06-22,3.4084152817537814
2017-06-23,3.26292035511056
2017-06-26,3.473368347474349
2017-06-27,3.3044244260114697
2017-06-28,3.2347432406479815
2017-06-29,3.2795682030814324
2017-06-30,3.262193127187505
2017-07-03,3.3174789670063767
2017-07-04,3.2684377592309035
2017-07-05,3.222476021855644
2017-07-06,3.181703220498149
2017-07-07,3.2283632894856216
2017-07-10,3.440296617098862
2017-07-11,3.7423566480232826
2017-07-12,3.7323515311528923
2017-07-13,3.6447640307950278
2017-07-14,3.562742766142847
2017-07-17,3.4313796325932078
2017-07-18,3.4682397596680876
2017-07-19,3.4737441989614597
2017-07-20,3.5381858258974117
2017-07-21,3.529978318898302
2017-07-24,3.413741259775996
2017-07-25,3.487689102705514
2017-07-26,3.4457689305458765
2017-07-27,3.5235953303319203
2017-07-28,3.5438642484156615
2017-07-31,3.5457894577857942
2017-08-01,3.774503286145885
2017-08-02,3.550212871769027
2017-08-03,3.3470274243060483
2017-08-04,3.2679677429289917
2017-08-07,3.343618152101492
2017-08-08,3.278540524269363
2017-08-09,3.2425929851482134
2017-08-10,3.0624587408483537
2017-08-11,3.129042422798022
2017-08-14,2.9601079594564115
2017-08-15,2.9173728876691905
2017-08-16,2.720151462243014
2017-08-17,2.8009936849422443
2017-08-18,2.644305090742843
2017-08-21,2.601154601950798
2017-08-22,2.5424142535952923
2017-08-23,2.584833583642445
2017-08-24,2.5926884878365715
2017-08-25,2.7549261968856817
2017-08-28,2.625236234902265
2017-08-29,2.7291591541099693
2017-08-30,2.859084200309831
2017-08-31,3.0326295512920804
2017-09-01,3.026652845381044
2017-09-04,2.898870117781743
2017-09-05,2.9357214447605666
2017-09-06,2.782562525310028
2017-09-07,2.87965434352418
2017-09-08,2.8634954560772385
2017-09-11,2.888430369898977
2017-09-12,3.0632026738141374
2017-09-13,3.070367741675721
2017-09-14,2.941804644401677
2017-09-15,2.9260078437918478
2017-09-18,2.8619300679021658
2017-09-19,2.879078351508122
2017-09-20,2.8354634217961445
2017-09-21,2.76259544834169
2017-09-22,2.7511321839466247
2017-09-25,2.6334373815833447
2017-09-26,2.615219436937079
2017-09-27,2.654541099660119
2017-09-28,2.7876570623840666
2017-09-29,2.728900304484459
2017-10-02,2.91972678592108
2017-10-03,2.946675134632305
2017-10-04,2.9072768061574785
2017-10-05,2.879452586969359
2017-10-06,2.655427791128243
2017-10-09,2.6480169691421964
2017-10-10,2.603613156544256
2017-10-11,2.5390495244265843
2017-10-12,2.5525749818183976
2017-10-13,2.4008024423462664
2017-10-16,2.3296141103491452
2017-10-17,2.383056384022011
2017-10-18,2.229713500094289
2017-10-19,2.255098313598195
2017-10-20,2.257927486084675
2017-10-23,2.2078002996976966
2017-10-24,1.9570291179703019
2017-10-25,1.9277342545453542
2017-10-26,1.920606989823527
2017-10-27,1.9454845469094455
2017-10-30,1.9645763770332902
2017-10-31,2.038352535050731
2017-11-01,2.054073885800572
2017-11-02,2.1458591234811357
2017-11-03,2.0160418784044034
2017-11-06,2.090134358542341
2017-11-07,2.0641106770263056
2017-11-08,2.072192217042975
2017-11-09,2.1121710519304004
2017-11-10,2.038139461337681
2017-11-13,2.019685443480484
2017-11-14,2.1020179034328144
2017-11-15,2.208120638947492
2017-11-16,2.1586912799719604
2017-11-17,2.1948945573693535
2017-11-20,2.1601190357216655
2017-11-21,2.0525043357604726
2017-11-22,2.1503251626194215
2017-11-23,2.074801689098771
2017-11-24,2.2529749520408404
2017-11-27,2.154550904251103
2017-11-28,2.2311613746872796
2017-11-29,2.305927785433126
2017-11-30,2.2698050239631047
2017-12-01,2.288453403454671
2017-12-04,2.254577513767415
2017-12-05,2.1891761221782646
2017-12-06,2.219964269025397
2017-12-07,2.2806536259837586
2017-12-08,2.2242510226445193
2017-12-11,2.330031403348429
2017-12-12,2.346692248364984
2017-12-13,2.342239345089903
2017-12-14,2.340104275696771
2017-12-15,2.4483523264209732
2017-12-18,2.4196994657097806
2017-12-19,2.3950789443209533
2017-12-20,2.503521048416621
2017-12-21,2.6246148887669767
2017-12-22,2.7096268205330416
2017-12-25,2.598405612772273
2017-12-26,2.777360986708574
2017-12-27,2.7875351171995084
2017-12-28,2.7786097731840247
2017-12-29,2.8687633536794777
2018-01-01,2.900494345325641
2018-01-02,2.8568968161180983
2018-01-03,3.0108028678872802
2018-01-04,3.000061887187187
2018-01-05,3.0078409923133522
2018-01-08,3.168495343708159
2018-01-09,3.2624998222022024
2018-01-10,3.3271337275765793
2018-01-11,3.271599986899348
2018-01-12,3.312820148736761
2018-01-15,3.3616433310372957
2018-01-16,3.4082346071371017
2018-01-17,3.3986264672023614
2018-01-18,3.312041852443954
2018-01-19,3.427920948973495
2018-01-22,3.3660755794105035
2018-01-23,3.3681960179973705
2018-01-24,3.1202080283851434
2018-01-25,3.2095596549818857
2018-01-26,3.111110486493475
2018-01-29,3.157446691920618
2018-01-30,3.031459740782053
2018-01-31,3.011107920464777
2018-02-01,2.9814688111130163
2018-02-02,2.8915013934994342
2018-02-05,2.913065274004645
2018-02-06,2.779255141479459
2018-02-07,2.84759007646634
2018-02-08,2.923305420723788
2018-02-09,2.8439169421864268
2018-02-12,2.9727002512618963
2018-02-13,2.9549202300821364
2018-02-14,2.857482292455986
2018-02-15,2.701444586070305
2018-02-16,2.455888292937834
2018-02-19,2.5622326180769512
2018-02-20,2.503131440436805
2018-02-21,2.4736215649999584
2018-02-22,2.437184438799643
2018-02-23,2.519505667736291
2018-02-26,2.563474345457865
2018-02-27,2.5734262945107043
2018-02-28,2.385099549257773
2018-03-01,2.2824182617602293
2018-03-02,2.410144370372712
2018-03-05,2.272051397884681
2018-03-06,2.314211967837656
2018-03-07,2.3590151987628394
2018-03-08,2.2654357648359564
2018-03-09,2.0626810683690384
2018-03-12,1.992729621132888
2018-03-13,1.9992670021611934
2018-03-14,2.0075546668672724
2018-03-15,1.9484855737406916
2018-03-16,1.872824807301067
2018-03-19,1.8396760812562913
2018-03-20,1.8221949765938132
2018-03-21,1.7453444399125582
2018-03-22,1.7806336075823033
2018-03-23,1.8203310820484722
2018-03-26,1.8504031187586136
2018-03-27,1.775194783695444
2018-03-28,1.743163885660716
2018-03-29,1.7899375202009824
2018-03-30,1.802313537543163
2018-04-02,1.886829060048734
2018-04-03,1.96390946487647
2018-04-04,1.9631950028744622
2018-04-05,1.9260913293758675
2018-04-06,1.9741078978849262
2018-04-09,2.0303386954547666
2018-04-10,2.0971873672337207
2018-04-11,2.109955630138728
2018-04-12,2.0618360842034615
2018-04-13,2.0942883402543733
2018-04-16,2.1304321437637213
2018-04-17,2.1806241141159854
2018-04-18,2.145836852908357
2018-04-19,2.016486555730363
2018-04-20,2.0476200919522456
2018-04-23,1.9515949936741162
2018-04-24,2.0046139515825283
2018-04-25,2.0145452471776695
2018-04-26,1.9743030446520125
2018-04-27,2.063263414138679
2018-04-30,2.0390878011926548
2018-05-01,2.049826811743163
2018-05-02,2.0155119969916093
2018-05-03,2.019126587557138
2018-05-04,2.055377854103442
2018-05-07,2.025913149702243
2018-05-08,2.0147562134355708
2018-05-09,2.0679933290323076
2018-05-10,1.9469186658309825
2018-05-11,2.0029058203068155
2018-05-14,2.074474631883485
2018-05-15,2.0073278368577108
2018-05-16,1.901608173133215
2018-05-17,1.8259572122605965
2018-05-18,1.774700638145741
2018-05-21,1.7098706777625445
2018-05-22,1.745773303826011
2018-05-23,1.7400993961747044
2018-05-24,1.759210421663558
2018-05-25,1.8169100731074261
2018-05-28,1.8616768498801923
2018-05-29,1.9619902480677205
2018-05-30,2.039787364204631
2018-05-31,1.868523445143099
2018-06-01,1.85578264417321
2018-06-04,1.88539398589315
2018-06-05,1.9897676257232824
2018-06-06,1.9665796219815181
2018-06-07,2.0034177200654564
2018-06-08,2.137688489482851
2018-06-11,1.8641417478294526
2018-06-12,1.7345071540264672
2018-06-13,1.8006525209067903
2018-06-14,1.8211879745864727
2018-06-15,1.829166534744623
2018-06-18,1.6901444938700898
2018-06-19,1.6661755833926977
2018-06-20,1.649163452875886
2018-06-21,1.7103659449097934
2018-06-22,1.700633961198334
2018-06-25,1.6967620844477564
2018-06-26,1.7552022671333058
2018-06-27,1.8914225480945197
2018-06-28,1.8933068430718578
2018-06-29,1.9964691499057192
2018-07-02,1.7086960181030113
2018-07-03,1.7373170821287176
2018-07-04,1.8416594586589279
2018-07-05,1.7691253518786418
2018-07-06,1.775611674254797
2018-07-09,1.8190501122103022
2018-07-10,1.9229837382337402
2018-07-11,1.8121387399971391
2018-07-12,1.84837745292055
2018-07-13,1.9522569696583199
2018-07-16,2.007900208147408
2018-07-17,1.969666663810964
2018-07-18,1.979329524151395
2018-07-19,2.0462682994872594
2018-07-20,2.120838898107866
2018-07-23,2.179528900255132
2018-07-24,2.043709391528826
2018-07-25,2.060253996848127
2018-07-26,2.056259023263926
2018-07-27,2.1369453036099206
2018-07-30,2.1727746176737193
2018-07-31,2.185560400772466
2018-08-01,2.137326446448358
2018-08-02,2.0862302886606208
2018-08-03,2.3926519589005784
2018-08-06,2.438518882403051
2018-08-07,2.416019975045126
2018-08-08,2.413220892437432
2018-08-09,2.444541984815579
2018-08-10,2.390536557030087
2018-08-13,2.371509161728697
2018-08-14,2.3905407622878054
2018-08-15,2.373436915354346
2018-08-16,2.3269137063256347
2018-08-17,2.321169066401598
2018-08-20,2.4808178748287784
2018-08-21,2.660448417017977
2018-08-22,2.5931160281330397
2018-08-23,2.4724954820744816
2018-08-24,2.487760545288916
2018-08-27,2.3974568600416126
2018-08-28,2.337392261205749
2018-08-29,2.389517999002293
2018-08-30,2.3606937390431644
2018-08-31,2.4946804601034764
2018-09-03,2.4529983920364544
2018-09-04,2.498433023387915
2018-09-05,2.6783211822629918
2018-09-06,2.6449862290208257
2018-09-07,2.533753971303503
2018-09-10,2.461063421737059
2018-09-11,2.6205714614119704
2018-09-12,2.5695947370035017
2018-09-13,2.477081007505621
2018-09-14,2.564172765292235
2018-09-17,2.469196089610983
2018-09-18,2.492526557121811
2018-09-19,2.3895714287514305
2018-09-20,2.375775963665069
2018-09-21,2.488372961589795
2018-09-24,2.453305496961948
2018-09-25,2.35434307258755
2018-09-26,2.363833202104952
2018-09-27,2.4210229614335734
2018-09-28,3.6603866368169644
2018-10-01,3.4733485471863528
2018-10-02,3.6190375206687206
2018-10-03,3.7084489002989027
2018-10-04,3.4487172141284095
2018-10-05,3.3987150330500056
2018-10-08,3.31850827366709
2018-10-09,3.272990737724058
2018-10-10,3.061746147713598
2018-10-11,3.1359180712729957
2018-10-12,3.123534286118445
2018-10-15,3.1254098539245105
2018-10-16,3.194402354809126
2018-10-17,3.2563359925566604
2018-10-18,3.3108698832808012
2018-10-19,3.3142636624036115
2018-10-22,3.4389355504111903
2018-10-23,3.3543548982023417
2018-10-24,3.339779761979469
2018-10-25,3.2965769056994088
2018-10-26,3.2593170465174945
2018-10-29,3.1671363016820346
2018-10-30,3.260642357765691
2018-10-31,3.327036205738452
2018-11-01,3.309595581119824
2018-11-02,3.3579317143961482
2018-11-05,3.464264959406574
2018-11-06,3.650853743726548
2018-11-07,3.5007180904366355
2018-11-08,3.489335233855098
2018-11-09,3.6355097093791904
2018-11-12,3.910278338242025
2018-11-13,3.9538652758795596
2018-11-14,4.064621549846736
2018-11-15,3.7369274706234528
2018-11-16,3.7856287109615496
2018-11-19,3.7604022613968975
2018-11-20,3.852344766172062
2018-11-21,4.068861524306581
2018-11-22,4.06994153639569
2018-11-23,4.064445608173451
2018-11-26,3.9908849632185186
2018-11-27,3.714780108512671
2018-11-28,3.657248845297518
2018-11-29,3.499460978800669
2018-11-30,3.3590032264441536
2018-12-03,3.4054945202829616
2018-12-04,3.2823748716011267
2018-12-05,3.293841553113209
2018-12-06,3.525190342800612
2018-12-07,3.484341679543362
2018-12-10,3.3450402817378215
2018-12-11,3.54167889445239
2018-12-12,3.437272794334202
2018-12-13,3.388804173152595
2018-12-14,3.507754245323761
2018-12-17,3.388708396675618
2018-12-18,3.3319309946618327
2018-12-19,3.213822154051715
2018-12-20,2.763492705587209
2018-12-21,2.7551064745937697
2018-12-24,2.6953385377555503
2018-12-25,2.688265642352144
2018-12-26,2.6702923494286726
2018-12-27,2.6451818077972313
2018-12-28,2.634640410553607
2018-12-31,2.620238564886663
2019-01-01,2.5506021949983784
2019-01-02,2.5114340184827992
2019-01-03,2.53887197644742
2019-01-04,2.7236386844620153
2019-01-07,2.603918991675885
2019-01-08,2.6107045359533205
2019-01-09,2.5072399493126407
2019-01-10,2.509003052851141
2019-01-11,2.395115400693039
2019-01-14,2.3379398480709894
2019-01-15,2.3525904346713995
2019-01-16,2.3338955287786414
2019-01-17,2.327381869151569
2019-01-18,2.2578925137459676
2019-01-21,2.3147265775483197
2019-01-22,2.298236572351644
2019-01-23,2.2724165991830643
2019-01-24,2.269337438136212
2019-01-25,2.13192963926495
2019-01-28,2.117903558253767
2019-01-29,2.117536019375575
2019-01-30,2.065408541574349
2019-01-31,2.126589175234646
2019-02-01,2.0288709075109597
2019-02-04,2.0802407673267567
2019-02-05,2.166357037643002
2019-02-06,2.198291967035643
2019-02-07,2.14857136082691
2019-02-08,2.157178290658671
2019-02-11,2.9670535466572625
2019-02-12,2.8773157647568235
2019-02-13,2.905278039392573
2019-02-14,2.8946348277413807
2019-02-15,2.6861158371152793
2019-02-18,2.747720838432643
2019-02-19,2.633261096662303
2019-02-20,2.8340523349468345
2019-02-21,2.8459690309122125
2019-02-22,2.8250342221237004
2019-02-25,2.832548818218933
2019-02-26,2.8340968757404656
2019-02-27,2.7967107269256517
2019-02-28,2.6505307268798983
2019-03-01,2.7653282204537155
2019-03-04,2.7714999194552785
2019-03-05,2.869484120203768
2019-03-06,2.7297097663627246
2019-03-07,2.6599816679904884
2019-03-08,2.6181457986923635
2019-03-11,2.520184925799168
2019-03-12,2.578139228007923
2019-03-13,2.55633395742494
2019-03-14,2.5794180367851687
2019-03-15,2.5256149261443035
2019-03-18,2.6195788981941606
2019-03-19,2.6908997852525496
2019-03-20,2.7492891824824395
2019-03-21,2.7608175074386234
2019-03-22,2.8802261716769544
2019-03-25,2.9593865519133464
2019-03-26,2.951363112349992
2019-03-27,2.897893349728675
2019-03-28,2.8722687733309433
2019-03-29,2.9172744249645413
2019-04-01,2.77445487273131
2019-04-02,2.6998007606999224
2019-04-03,2.8150472443220296
2019-04-04,2.9086361577042092
2019-04-05,2.883634040760486
2019-04-08,3.186566698749284
2019-04-09,3.2668291273147134
2019-04-10,3.2741223319945743
2019-04-11,3.384249002430623
2019-04-12,3.3176059178868096
2019-04-15,3.236218975438467
2019-04-16,3.222802234868997
2019-04-17,3.224838733692835
2019-04-18,3.1461197685802307
2019-04-19,3.2965150110631827
2019-04-22,3.635076598333374
2019-04-23,2.6730632801411924
2019-04-24,2.6228776078774496
2019-04-25,2.6062994925106966
2019-04-26,2.465146274758584
2019-04-29,3.2166105164452015
2019-04-30,3.083920353180803
2019-05-01,3.109230284810534
2019-05-02,2.952824868648626
2019-05-03,2.94367445034963
2019-05-06,2.886304627673665
2019-05-07,2.812037838368872
2019-05-08,2.842803391414039
2019-05-09,2.745880525467703
2019-05-10,2.5654063416492447
2019-05-13,2.505929335118057
2019-05-14,2.6036586293811728
2019-05-15,2.7704480120442394
2019-05-16,2.6339010443100404
2019-05-17,2.718254192318938
2019-05-20,2.87152645932813
2019-05-21,2.7711605925407756
2019-05-22,2.905567253269123
2019-05-23,2.786195055206857
2019-05-24,2.7759403326771666
2019-05-27,2.8127024838290366
2019-05-28,2.721115243646135
2019-05-29,2.846317059907851
2019-05-30,2.8450700251653265
2019-05-31,2.92557875736784
2019-06-03,2.8351260818042103
2019-06-04,3.0236694583962644
2019-06-05,3.0757480867182414
2019-06-06,3.1239564044013775
2019-06-07,3.162607147718755
2019-06-10,3.2136907003419157
2019-06-11,3.2920628204722933
2019-06-12,3.2534311124846065
2019-06-13,3.1137450522914194
2019-06-14,2.984380520357358
2019-06-17,2.991058959169387
2019-06-18,3.162974358219634
2019-06-19,3.149736925092377
2019-06-20,3.277470607527872
2019-06-21,3.268246168393335
2019-06-24,3.438687983429376
2019-06-25,3.490598746633017
2019-06-26,3.524882369363298
2019-06-27,3.6532580839956803
2019-06-28,3.706422288878021
2019-07-01,3.789804642178213
2019-07-02,3.7940596296583746
2019-07-03,3.83937999150754
2019-07-04,3.687875551006031
2019-07-05,3.8532287392824536
2019-07-08,4.03088697475702
2019-07-09,3.9883037461130937
2019-07-10,3.980118230936884
2019-07-11,4.237765334130081
2019-07-12,4.196458237732275
2019-07-15,4.30592903930317
2019-07-16,4.336569611738332
2019-07-17,4.128614450078
2019-07-18,4.195181861955769
2019-07-19,4.004881473499238
2019-07-22,4.179801807378296
2019-07-23,4.15258686754136
2019-07-24,3.994220211396419
2019-07-25,4.111507532132389
2019-07-26,3.919789253274878
2019-07-29,3.744194253499445
2019-07-30,3.995651258490775
2019-07-31,4.144462098178582
2019-08-01,4.156773011767252
2019-08-02,4.228353007382607
2019-08-05,4.102406950897081
2019-08-06,4.129934515341064
2019-08-07,3.9844453364267047
2019-08-08,3.840784645822688
2019-08-09,3.961100496465078
2019-08-12,3.904243121585105
2019-08-13,3.8283820163921116
2019-08-14,3.8815462812339265
2019-08-15,3.801471175384144
2019-08-16,3.7740957835570725
2019-08-19,4.001952816645664
2019-08-20,3.8216733561354244
2019-08-21,4.024741852700216
2019-08-22,4.464981397118415
2019-08-23,4.272017689488037
2019-08-26,4.10493665886718
2019-08-27,4.1879638864052815
2019-08-28,3.8995016114557166
2019-08-29,3.9147051757280735
2019-08-30,3.8173726150063807
2019-09-02,3.9894582272843473
2019-09-03,3.941738333766793
2019-09-04,3.978355391172429
2019-09-05,4.078497563383269
2019-09-06,4.147720666981501
2019-09-09,4.14977519171659
2019-09-10,4.261070795244881
2019-09-11,4.051743546702123
2019-09-12,4.201681805155764
2019-09-13,4.160700479691212
2019-09-16,4.253056552778856
2019-09-17,4.248914803078081
2019-09-18,4.166075793052922
2019-09-19,4.1514806687909935
2019-09-20,4.193926874992355
2019-09-23,4.260000226692117
2019-09-24,4.305943325919137
2019-09-25,4.212245739305922
2019-09-26,4.074499623652427
2019-09-27,3.9527655082371376
2019-09-30,3.9227000361929942
2019-10-01,4.008066808769893
2019-10-02,4.105154936412856
2019-10-03,4.031891430606311
2019-10-04,4.0348378315813465
2019-10-07,3.84708382889256
2019-10-08,3.801095724080869
2019-10-09,3.733021165177497
2019-10-10,3.638592305189124
2019-10-11,3.654794180768255
2019-10-14,3.8811396486714465
2019-10-15,3.891217386832302
2019-10-16,4.046833083095472
2019-10-17,4.173122496138519
2019-10-18,4.104162804044161
2019-10-21,4.215640486029896
2019-10-22,4.486223671338491
2019-10-23,4.31166663684132
2019-10-24,4.44542526351049
2019-10-25,4.436782633417848
2019-10-28,4.340903522056922
2019-10-29,4.399535807819928
2019-10-30,4.46301475375272
2019-10-31,4.842571863458988
2019-11-01,4.742856439650092
2019-11-04,4.753008444718249
2019-11-05,4.7602389060854495
2019-11-06,4.661460586625969
2019-11-07,4.52389337135158
2019-11-08,4.465136994456951
2019-11-11,4.451128931809479
2019-11-12,4.311580968136289
2019-11-13,4.454740032051699
2019-11-14,4.53434123514905
2019-11-15,4.3613076776941515
2019-11-18,4.302568845358024
2019-11-19,4.323299416648634
2019-11-20,4.4309672875582855
2019-11-21,4.418254309742271
2019-11-22,4.518809391166603
2019-11-25,4.5705025393213585
2019-11-26,4.693619621683033
2019-11-27,4.578097492420993
2019-11-28,4.66464985926895
2019-11-29,4.655739580213599
2019-12-02,4.303569431054658
2019-12-03,4.4697929468733735
2019-12-04,4.357247976477714
2019-12-05,4.410248920471934
2019-12-06,4.421534026105528
2019-12-09,4.398689299300009
2019-12-10,4.345665947165165
2019-12-11,4.303438465161522
2019-12-12,4.554699095935512
2019-12-13,4.526683663988741
2019-12-16,4.775759518380457
2019-12-17,4.750198064712139
2019-12-18,4.77790869930166
2019-12-19,6.684418803176532
2019-12-20,6.487236688912895
2019-12-23,6.233632564584335
2019-12-24,6.156493354247443
2019-12-25,5.89889892164776
2019-12-26,5.747307314877526
2019-12-27,5.989551992574586
2019-12-30,5.691846920118032
2019-12-31,5.420882624854552
2020-01-01,5.209380268671171
2020-01-02,5.371547610646896
2020-01-03,5.432999574118841
2020-01-06,5.057315206034398
2020-01-07,4.774426294234309
2020-01-08,4.642715050255187
2020-01-09,4.394417301484309
2020-01-10,4.190611554089231
2020-01-13,4.296027093972647
2020-01-14,4.235301222102975
2020-01-15,4.312124897630791
2020-01-16,3.891567793803691
2020-01-17,3.883337949982714
2020-01-20,3.6227478079048576
2020-01-21,3.5313813660091067
2020-01-22,3.3747783736737205
2020-01-23,3.2925980696665755
2020-01-24,3.200707190656287
2020-01-27,3.2222755831687824
2020-01-28,3.1778753483839632
2020-01-29,3.143745696619445
2020-01-30,3.0976869198876185
2020-01-31,2.9560616938703226
2020-02-03,3.023977869033147
2020-02-04,3.0081765964895117
2020-02-05,2.9035711152377597
2020-02-06,3.64154222950025
2020-02-07,3.665826920190939
2020-02-10,3.6602889475473672
2020-02-11,3.6478547898888176
2020-02-12,3.4948616493999456
2020-02-13,3.5059886091948065
2020-02-14,3.611133548497219
2020-02-17,3.6355077454399685
2020-02-18,3.5986212122459333
2020-02-19,3.7002595917223218
2020-02-20,3.7252137696871066
2020-02-21,3.6350261142920446
2020-02-24,3.737268463314621
2020-02-25,3.676546718692046
2020-02-26,3.5495601954474916
2020-02-27,3.4514391441133525
2020-02-28,3.386187630612526
2020-03-02,3.2397439912933685
2020-03-03,3.3787965700387574
2020-03-04,3.198090063320725
2020-03-05,3.2545180262916165
2020-03-06,3.282609520719634
2020-03-09,3.303609129287942
2020-03-10,3.3468673792663806
2020-03-11,3.3235890694041728
2020-03-12,3.382502332047115
2020-03-13,3.3682971590272843
2020-03-16,3.324010620939128
2020-03-17,3.1905687765812942
2020-03-18,3.2227179665517576
2020-03-19,3.257179380962518
2020-03-20,3.2527772458885607
2020-03-23,3.333788159974167
2020-03-24,3.458455419806947
2020-03-25,3.3978018516960327
2020-03-26,3.4622486541157333
2020-03-27,3.321285878839287
2020-03-30,3.3243133716603332
2020-03-31,3.30210892467728
2020-04-01,3.3876296850637346
2020-04-02,3.3363240658557047
2020-04-03,3.4678206964616627
2020-04-06,3.4380672202258995
2020-04-07,3.2997603702723994
2020-04-08,3.13181386238605
2020-04-09,3.2025602242905373
2020-04-10,3.0642966177102244
2020-04-13,3.1093828829144883
2020-04-14,3.177570001306756
2020-04-15,3.100133703779164
2020-04-16,3.1248161949414817
2020-04-17,3.286718023371285
2020-04-20,3.2672306804174114
2020-04-21,3.1097572933599773
2020-04-22,3.0480798222731313
2020-04-23,3.2220480743151603
2020-04-24,3.3014592547512978
2020-04-27,3.1795487613898246
2020-04-28,3.2956168941687065
2020-04-29,3.4227862578148924
2020-04-30,3.3721471289380403
2020-05-01,3.233321678068792
2020-05-04,3.3402816507923445
2020-05-05,3.548523063891561
2020-05-06,3.4639820223572455
2020-05-07,3.5415148671715495
2020-05-08,3.459735773676704
2020-05-11,3.3756697044208055
2020-05-12,3.4023063024312252
2020-05-13,3.3084760164839375
2020-05-14,3.300757472580031
2020-05-15,3.432244887739298
2020-05-18,3.2734235863590735
2020-05-19,3.3619761231747685
2020-05-20,3.379686474776644
2020-05-21,3.4253336326422072
2020-05-22,3.432535197024503
2020-05-25,3.5871608995063804
2020-05-26,3.6282638344056353
2020-05-27,3.583477723347077
2020-05-28,3.60234172977569
2020-05-29,3.5519183321481727
2020-06-01,3.472527028170707
2020-06-02,3.5971443434984085
2020-06-03,3.5473711213702517
2020-06-04,3.3604120810321234
2020-06-05,3.407078999439086
2020-06-08,3.3661805787935957
2020-06-09,3.5432396279191747
2020-06-10,3.6117189980927065
2020-06-11,3.793601419113492
2020-06-12,3.891875625834994
2020-06-15,4.034629496736808
2020-06-16,4.081559836243615
2020-06-17,4.196543680509453
2020-06-18,4.084188495889019
2020-06-19,4.188649106127361
2020-06-22,4.012248422811692
2020-06-23,4.001793176786072
2020-06-24,3.9256235664724257
2020-06-25,3.9561863598879943
2020-06-26,3.8975913812074405
2020-06-29,3.7380060337524728
2020-06-30,3.5759815162423436
2020-07-01,3.438402532451862
2020-07-02,3.4691457644994106
2020-07-03,3.5044900752414105
2020-07-06,3.453051291782706
2020-07-07,3.5048244990959403
2020-07-08,3.4854225133058496
2020-07-09,3.5288686025519915
2020-07-10,3.5276051307386034
2020-07-13,3.6238536174458194
2020-07-14,3.526056959728049
2020-07-15,3.324383658023349
2020-07-16,3.3073859551768154
2020-07-17,3.31757308809438
2020-07-20,3.2067996837151176
2020-07-21,3.1151121427267774
2020-07-22,3.173173492928908
2020-07-23,3.235118056584334
2020-07-24,2.4776538537353
2020-07-27,2.5307856540421483
2020-07-28,2.535810331175247
2020-07-29,2.562750920848293
2020-07-30,2.5922232661004987
2020-07-31,2.5929592127324153
2020-08-03,2.6558574179918795
2020-08-04,2.56098994510489
2020-08-05,2.508516469520758
2020-08-06,2.435273289733999
2020-08-07,2.4300109095964393
2020-08-10,2.454270616705962
2020-08-11,2.385317881506483
2020-08-12,2.4864813386623097
2020-08-13,2.4345087175681406
2020-08-14,2.4766224858499184
2020-08-17,2.384217734874724
2020-08-18,2.3932695422837296
2020-08-19,2.505742068799123
2020-08-20,2.524220879016745
2020-08-21,2.537062731963051
2020-08-24,2.619793290710144
2020-08-25,2.6483646048505425
2020-08-26,2.623439400762487
2020-08-27,2.652666941123601
2020-08-28,2.5916542165297174
2020-08-31,2.4588600460267576
2020-09-01,2.4379296481790105
2020-09-02,2.4021921692710966
2020-09-03,2.526252067344313
2020-09-04,2.562518521431108
2020-09-07,2.6401036105860354
2020-09-08,2.602663655429648
2020-09-09,2.718086084017097
2020-09-10,2.7336027956072484
2020-09-11,2.7480165195107076
2020-09-14,2.7137946411261686
2020-09-15,2.795136243409108
2020-09-16,2.7622909507183566
2020-09-17,2.693188723918323
2020-09-18,2.652731284373088
2020-09-21,2.6798613770649804
2020-09-22,2.6228230279938
2020-09-23,2.7394007991112197
2020-09-24,2.920142720911045
2020-09-25,3.1206609299954304
2020-09-28,3.050637848647711
2020-09-29,2.9546871185244252
2020-09-30,2.88054319912709
2020-10-01,2.7306471188977013
2020-10-02,2.7347016180729784
2020-10-05,2.7183953250945763
2020-10-06,2.796966463705772
2020-10-07,2.751384497206335
2020-10-08,2.816987386569954
2020-10-09,2.67253766294516
2020-10-12,2.7547482214802734
2020-10-13,2.68189275742083
2020-10-14,2.588738538134015
2020-10-15,2.5536896168267536
2020-10-16,2.651146306198396
2020-10-19,2.6485344863650027
2020-10-20,2.668877802406071
2020-10-21,2.78440522300452
2020-10-22,2.7692916373916905
2020-10-23,2.8671609847397477
2020-10-26,2.8053812999098513
2020-10-27,2.8692220212892554
2020-10-28,2.7428444830950083
2020-10-29,2.7078089027348753
2020-10-30,2.7181532060054
2020-11-02,2.69011694284607
2020-11-03,2.526080159889296
2020-11-04,2.852944520170294
2020-11-05,2.895943781213243
2020-11-06,2.8723647156813934
2020-11-09,2.8276306710679053
2020-11-10,2.75300576597326
2020-11-11,2.7208461981176524
2020-11-12,2.580827341813793
2020-11-13,2.601458557914914
2020-11-16,2.5639920211547977
2020-11-17,2.649838669300898
2020-11-18,2.641270033946458
2020-11-19,2.4831931695343945
2020-11-20,2.492558867391537
2020-11-23,2.6603707213604384
2020-11-24,2.6892362506565397
2020-11-25,2.752828522977221
2020-11-26,2.855372219858088
2020-11-27,2.7727395972969773
2020-11-30,2.753924455830564
2020-12-01,2.678307867428497
2020-12-02,2.7302174446832113
2020-12-03,2.6562585797696583
2020-12-04,2.6344207214512476
2020-12-07,2.693240692091376
2020-12-08,2.7443462930775984
2020-12-09,2.75252668803478
2020-12-10,2.85627117045521
2020-12-11,2.919028633835633
2020-12-14,2.8586332452499437
2020-12-15,2.732992843695557
2020-12-16,2.6502578898501117
2020-12-17,2.7148015456984664
2020-12-18,2.743071018865025
2020-12-21,2.8476080129890726
2020-12-22,2.886792646002155
2020-12-23,2.952494825685359
2020-12-24,2.973897563021232
2020-12-25,2.90898978808147
2020-12-28,2.841617914072177
2020-12-29,2.7561772726742872
2020-12-30,2.696646674186076
2020-12-31,2.8021436229866916
2021-01-01,2.8532420370859035
2021-01-04,2.8314102093777263
2021-01-05,2.8635569123962292
2021-01-06,2.894572040232878
2021-01-07,3.016906858531966
2021-01-08,2.984214973118331
2021-01-11,3.000048676271749
2021-01-12,3.06891701805667
2021-01-13,3.0008790575698527
2021-01-14,3.599633127807424
2021-01-15,3.471828908250639
2021-01-18,3.3963476336978347
2021-01-19,3.3148334076628214
2021-01-20,3.297050428816736
2021-01-21,3.2341579049065237
2021-01-22,3.329060678192516
2021-01-25,3.2223683570898554
2021-01-26,3.0842905264437204
2021-01-27,3.1387893461130387
2021-01-28,3.30982216812487
2021-01-29,3.5101354501969495
2021-02-01,3.511758529380515
2021-02-02,3.483786811513255
2021-02-03,3.3895937195438623
2021-02-04,3.2614682317254533
2021-02-05,3.1360059822716146
2021-02-08,3.0062437723453326
2021-02-09,3.007484807669062
2021-02-10,2.997447110092703
2021-02-11,3.128568563035049
2021-02-12,3.09114739818628
2021-02-15,3.2563156634638246
2021-02-16,3.3914606475513507
2021-02-17,3.304477657884873
2021-02-18,3.327292113615555
2021-02-19,3.319122963798699
2021-02-22,3.4269074692752692
2021-02-23,3.261738068166863
2021-02-24,3.109970291481877
2021-02-25,3.0825642656579717
2021-02-26,3.1427995282249817
2021-03-01,2.935130004893815
2021-03-02,3.120068060349409
2021-03-03,3.086459395651775
2021-03-04,2.9506154058168286
2021-03-05,2.850656196723536
2021-03-08,2.8988453345067007
2021-03-09,2.8418587326667306
2021-03-10,2.895785546920835
2021-03-11,2.896743909293284
2021-03-12,3.103696665223697
2021-03-15,3.0256167262200893
2021-03-16,3.114578566162451
2021-03-17,3.1490616742167097
2021-03-18,3.007865331369172
2021-03-19,2.9411096387704316
2021-03-22,2.935630489014013
2021-03-23,3.0035495749002337
2021-03-24,3.1813915605362957
2021-03-25,3.1791374810460464
2021-03-26,3.003319837472822
2021-03-29,2.837348286559112
2021-03-30,2.7815097261952326
2021-03-31,2.8702727792634404
2021-04-01,2.87906431436358
2021-04-02,2.839596892926233
2021-04-05,2.935562352163354
2021-04-06,3.029934830983626
2021-04-07,3.0137287648492674
2021-04-08,3.0260442769042912
2021-04-09,2.9596340956846374
2021-04-12,3.1250205105064115
2021-04-13,3.2998351756644673
2021-04-14,3.286775012831493
2021-04-15,3.233103065847719
2021-04-16,3.2778579242672508
2021-04-19,3.3303106803044202
2021-04-20,3.3848328822453126
2021-04-21,3.325788268559449
2021-04-22,3.429317975622303
2021-04-23,3.3630528509041815
2021-04-26,3.343005634817735
2021-04-27,3.251727025485173
2021-04-28,3.4562217851072305
2021-04-29,3.353376010439481
2021-04-30,3.272217839104797
2021-05-03,3.4016770110637253
2021-05-04,3.575015063659806
2021-05-05,3.6167417414668073
2021-05-06,3.464420017113635
2021-05-07,3.475324873805231
2021-05-10,3.3207830238615914
2021-05-11,3.4104041587635914
2021-05-12,3.3685706204719432
2021-05-13,3.2737774601108827
2021-05-14,3.307223700985155
2021-05-17,3.4894489215189224
2021-05-18,3.630415330333287
2021-05-19,3.5254944268997135
2021-05-20,3.507509110745239
2021-05-21,3.2912205512942427
2021-05-24,3.44401539172621
2021-05-25,3.3976875878471944
2021-05-26,3.249408190450893
2021-05-27,3.3041584049192587
2021-05-28,3.4073001530795475
2021-05-31,3.3455522312183414
2021-06-01,3.2667544946487475
2021-06-02,3.2215989330301036
2021-06-03,3.2290444257646786
2021-06-04,3.246223939274171
2021-06-07,3.250144147794868
2021-06-08,3.386800741479761
2021-06-09,3.3228939076947612
2021-06-10,3.1368571340342486
2021-06-11,3.058599796988435
2021-06-14,2.979526115619554
2021-06-15,3.1013689046540605
2021-06-16,3.279631959272974
2021-06-17,3.297328430228176
2021-06-18,3.4062400273656914
2021-06-21,3.4521166331870194
2021-06-22,3.6710669277547754
2021-06-23,3.917594404422069
2021-06-24,3.9376710971623643
2021-06-25,3.8629960381709862
2021-06-28,3.771594196378006
2021-06-29,3.8704608104860148
2021-06-30,3.923515827828254
2021-07-01,4.123438990697107
2021-07-02,4.20844681371028
2021-07-05,4.282075958813021
2021-07-06,4.071890934042375
2021-07-07,4.106235464279774
2021-07-08,4.30656722443871
2021-07-09,4.302944167527318
2021-07-12,4.147841928228545
2021-07-13,4.0256731425090635
2021-07-14,4.037287852209818
2021-07-15,4.220829206966533
2021-07-16,4.154583269678217
2021-07-19,3.871629798481805
2021-07-20,3.8873257438019655
2021-07-21,3.9121863004272863
2021-07-22,3.8906926494051532
2021-07-23,3.9701329692590113
2021-07-26,3.8019792859950434
2021-07-27,3.796877055825877
2021-07-28,3.7419461588909915
2021-07-29,3.5042507387867623
2021-07-30,3.5806534655825506
2021-08-02,3.6224790607964428
2021-08-03,3.5400146609585232
2021-08-04,3.6068396918614805
2021-08-05,3.5281446676548587
2021-08-06,3.4670047164071565
2021-08-09,3.4677146073579177
2021-08-10,3.625354350912627
2021-08-11,3.5751847382753943
2021-08-12,3.782572612808412
2021-08-13,3.8766670178368776
2021-08-16,3.86907460008707
2021-08-17,4.07239100591361
2021-08-18,4.172347557407828
2021-08-19,4.238324190957412
2021-08-20,4.131103288780485
2021-08-23,4.033840450388142
2021-08-24,3.9430396393168037
2021-08-25,3.928885928120237
2021-08-26,4.214466878530665
2021-08-27,4.214170758050853
2021-08-30,4.306264689138301
2021-08-31,4.354728027956776
2021-09-01,4.36955110920731
2021-09-02,4.522076926449756
2021-09-03,4.4365839498767805
2021-09-06,4.671756691694899
2021-09-07,4.571276750027765
2021-09-08,4.653340489098886
2021-09-09,4.403516676561532
2021-09-10,2.7862273981329566
2021-09-13,2.771990096438127
2021-09-14,2.918194799949723
2021-09-15,2.9973397840367584
2021-09-16,3.2359855427209046
2021-09-17,3.1131801071270457
2021-09-20,3.233822812437399
2021-09-21,3.041398801210188
2021-09-22,3.132601615270618
2021-09-23,2.970325864601607
2021-09-24,3.0315415044636898
2021-09-27,3.0528494333361347
2021-09-28,3.0850147214621844
2021-09-29,2.890802744899941
2021-09-30,2.9434900650835245
2021-10-01,2.79469309878915
2021-10-04,2.9424090121919466
2021-10-05,2.8777791914289694
2021-10-06,2.6477685886721365
2021-10-07,2.6162400138536985
2021-10-08,2.7171574683689568
2021-10-11,2.7214466549737235
2021-10-12,2.727174649731824
2021-10-13,2.7671562370319696
2021-10-14,2.6848370655203415
2021-10-15,2.6253082000852808
2021-10-18,2.633614469856719
2021-10-19,2.7807893416859857
2021-10-20,2.8468850091105145
2021-10-21,2.920934794148044
2021-10-22,3.043015499169056
2021-10-25,3.139439941157351
2021-10-26,3.207973782188894
2021-10-27,2.215647574097785
2021-10-28,2.195672234919293
2021-10-29,2.2384350000272857
2021-11-01,2.3084101133969557
2021-11-02,2.2146017490272
2021-11-03,2.210272212591736
2021-11-04,2.2163237257002826
2021-11-05,2.2181847621306545
2021-11-08,2.180088232667339
2021-11-09,2.1722233952073404
2021-11-10,2.041087251388194
2021-11-11,2.1360612747945056
2021-11-12,2.221490740992665
2021-11-15,2.3012565144112065
2021-11-16,2.391160523404482
2021-11-17,2.347515362410371
2021-11-18,2.402258602608344
2021-11-19,2.4517589766698733
2021-11-22,2.400268346626424
2021-11-23,2.438093196345113
2021-11-24,2.369156167530017
2021-11-25,2.3172780236174186
2021-11-26,2.3776655950619356
2021-11-29,2.359677426178015
2021-11-30,2.328053804049857
2021-12-01,2.2601282500290276
2021-12-02,2.1333603159975385
2021-12-03,2.1907550346636064
2021-12-06,2.242484319942545
2021-12-07,2.2311057695721566
2021-12-08,2.2800920410612195
2021-12-09,2.3814574273525726
2021-12-10,2.406849925200486
2021-12-13,2.438904117549892
2021-12-14,2.4213198693906604
2021-12-15,2.364892218623819
2021-12-16,2.277280591025045
2021-12-17,2.176358952793248
2021-12-20,2.1570552023218643
2021-12-21,2.2547933995814153
2021-12-22,2.1516042626788625
2021-12-23,2.1858776750538276
2021-12-24,2.2278604949031457
2021-12-27,2.2157885869735527
2021-12-28,2.2769699070061056
2021-12-29,2.3901363603042207
2021-12-30,2.221013747232302
2021-12-31,2.3311487067982215
2022-01-03,2.4123238705554995
2022-01-04,2.3282891192947055
2022-01-05,2.374906199304382
2022-01-06,2.38016675772493
2022-01-07,2.324768655090947
2022-01-10,2.362595109980124
2022-01-11,2.3518728888897997
2022-01-12,2.269376683288927
2022-01-13,2.3273469540061287
2022-01-14,2.3231663285889637
2022-01-17,2.365488683290196
2022-01-18,2.3366583305516837
2022-01-19,2.4258378794136415
2022-01-20,2.3384959577652067
2022-01-21,2.314995945863571
2022-01-24,2.3307424152073377
2022-01-25,2.2298103807793246
2022-01-26,2.295817497186832
2022-01-27,2.2945674738682396
2022-01-28,2.1985447924759054
2022-01-31,2.2146905282678526
2022-02-01,2.1497937201535264
2022-02-02,2.0155484190217976
2022-02-03,2.0515051693866053
2022-02-04,2.140852490507614
2022-02-07,2.246809589473802
2022-02-08,2.1384624893598256
2022-02-09,2.1328310558064127
2022-02-10,2.2371367515649143
2022-02-11,2.4095787324183107
2022-02-14,2.28903755869864
2022-02-15,2.3111431526065753
2022-02-16,2.3948259521330852
2022-02-17,2.3369819517722505
2022-02-18,2.4227693820428007
2022-02-21,2.5406546629906916
2022-02-22,2.4361094558983174
2022-02-23,2.4250080604050686
2022-02-24,2.495319652199309
2022-02-25,2.4550131161045474
2022-02-28,2.5701249445578704
2022-03-01,2.5181542112357973
2022-03-02,2.5432647719122374
2022-03-03,2.5925466852511834
2022-03-04,2.5292273754791776
2022-03-07,2.556363451313804
2022-03-08,2.494425207911221
2022-03-09,2.4789789351355282
2022-03-10,2.3402690085980815
2022-03-11,2.3439980728243253
2022-03-14,2.337300188912189
2022-03-15,2.40403254893247
2022-03-16,2.430940181567633
2022-03-17,2.4153578697287355
2022-03-18,2.4228892651021257
2022-03-21,2.351416637100086
2022-03-22,2.432727914460626
2022-03-23,2.371835573485801
2022-03-24,2.3540781947000156
2022-03-25,2.482668072755314
2022-03-28,2.4815621446872167
2022-03-29,2.4586887361152763
2022-03-30,2.4650059493805125
2022-03-31,2.561925679975045
2022-04-01,2.534318311503573
2022-04-04,2.1249208122565895
2022-04-05,2.2128928122622313
2022-04-06,2.24295773229755
2022-04-07,2.2769897295568526
2022-04-08,2.306673648095169
2022-04-11,2.210698430850408
2022-04-12,2.283760845175172
2022-04-13,2.375414037417563
2022-04-14,2.3970147006125564
2022-04-15,2.4054548762154617
2022-04-18,2.3015737073427975
2022-04-19,2.245598444443092
2022-04-20,2.2733107733081894
2022-04-21,2.149815454409501
2022-04-22,2.091618417213719
2022-04-25,2.0708275129315417
2022-04-26,1.995316602205683
2022-04-27,1.9433168503381413
2022-04-28,1.9731130629824367
2022-04-29,1.9677847329935623
2022-05-02,2.015342923075242
2022-05-03,1.9923106327323057
2022-05-04,1.9859493663028145
2022-05-05,2.003172237037666
2022-05-06,1.9542143392482545
2022-05-09,1.9881757294621385
2022-05-10,1.9248615053258546
2022-05-11,1.8842153714886616
2022-05-12,1.8543408157538237
2022-05-13,1.818844272512066
2022-05-16,1.8241853098099667
2022-05-17,1.7894884061996434
2022-05-18,1.7798205282540107
2022-05-19,1.8477277132773906
2022-05-20,1.9242171977907454
2022-05-23,1.744201114777257
2022-05-24,1.7712635762026754
2022-05-25,1.6652033877803456
2022-05-26,1.6950947436276258
2022-05-27,1.7491805129332225
2022-05-30,1.7243629759951187
2022-05-31,1.7978196589798479
2022-06-01,1.7559456645141742
2022-06-02,1.8194714594418055
2022-06-03,1.8754718864016202
2022-06-06,1.7922159294348998
2022-06-07,1.7713248171005778
2022-06-08,1.684415529539282
2022-06-09,1.624884065165691
2022-06-10,1.6963944822560704
2022-06-13,1.7264558117785822
2022-06-14,1.693225642607681
2022-06-15,1.5944175865629833
2022-06-16,1.5142984270590019
2022-06-17,1.5073634016808481
2022-06-20,1.5770149224930594
2022-06-21,1.619181306581859
2022-06-22,1.6135458741205062
2022-06-23,1.6080690817348995
2022-06-24,1.6235049007241495
2022-06-27,1.6866440280507056
2022-06-28,1.6365419396031173
2022-06-29,1.6511989588589988
2022-06-30,1.5905019573792447
2022-07-01,1.6006619158640967
2022-07-04,1.5944619037075007
2022-07-05,1.5182405866368673
2022-07-06,1.5330201008550732
2022-07-07,1.509539612867453
2022-07-08,1.4922548615229208
2022-07-11,1.452789976469799
2022-07-12,1.4611432099425845
2022-07-13,1.4662132371558882
2022-07-14,1.502983547487098
2022-07-15,1.5231457277542546
2022-07-18,1.4832947915818309
2022-07-19,1.5232862373427476
2022-07-20,1.5773613567673752
2022-07-21,1.5421046751284133
2022-07-22,1.5277757138682713
2022-07-25,1.5032347898521912
2022-07-26,1.5063041309119563
2022-07-27,1.469018941251492
2022-07-28,1.5048159931787348
2022-07-29,1.4577413294046866
2022-08-01,1.4403007494353088
2022-08-02,1.4580377601562386
2022-08-03,1.4610947547745945
2022-08-04,1.4665289086357818
2022-08-05,1.4160731180849506
2022-08-08,1.4113622592345194
2022-08-09,1.4593089895022326
2022-08-10,1.4921548142026575
2022-08-11,1.479195867580227
2022-08-12,1.4814031976370978
2022-08-15,1.4925888082724328
2022-08-16,1.5573732955039574
2022-08-17,1.5357401596334612
2022-08-18,1.5692954114854734
2022-08-19,1.5722358430678187
2022-08-22,1.6251423062646928
2022-08-23,1.6858601864908997
2022-08-24,1.6922327954704268
2022-08-25,1.6600663309919894
2022-08-26,1.7138788493724055
2022-08-29,1.7147131934014914
2022-08-30,1.6456574072590895
2022-08-31,1.596706062818078
2022-09-01,1.5880550207993742
2022-09-02,1.4943551967037425
2022-09-05,1.5822258890565213
2022-09-06,1.6182819052027952
2022-09-07,1.6205515243981556
2022-09-08,1.5628844764184662
2022-09-09,1.5074250015938835
2022-09-12,1.4587594541454463
2022-09-13,1.5515348619773004
2022-09-14,1.5693001023861897
2022-09-15,1.5866576775001766
2022-09-16,1.5788534847226472
2022-09-19,1.616474765883937
2022-09-20,1.6233177632481655
2022-09-21,1.675774587953593
2022-09-22,1.5894738184006998
2022-09-23,1.5684302539411037
2022-09-26,1.5946821065557693
2022-09-27,1.577373078092221
2022-09-28,1.499390787859095
2022-09-29,1.5342455031350635
2022-09-30,1.6191024187145595
2022-10-03,1.5747026599569498
2022-10-04,1.537654315331253
2022-10-05,1.536370669656863
2022-10-06,1.610621087364329
2022-10-07,1.56983272321815
2022-10-10,1.5345994348715293
2022-10-11,1.5037444519762493
2022-10-12,1.5462306252132716
2022-10-13,1.5965763174224186
2022-10-14,1.4990544066535745
2022-10-17,1.4805739722720652
2022-10-18,1.595608863515107
2022-10-19,1.593056650944157
2022-10-20,1.5432921614414712
2022-10-21,1.6272784022637385
2022-10-24,1.5981900466845174
2022-10-25,1.51038476564343
2022-10-26,1.550561635928735
2022-10-27,1.4829788042276106
2022-10-28,1.494441249900581
2022-10-31,1.5000488829512428
2022-11-01,1.47852854821657
2022-11-02,1.3637508383642496
2022-11-03,1.3951400260445148
2022-11-04,1.3106220511175717
2022-11-07,1.3390079782667539
2022-11-08,1.2901749263104303
2022-11-09,1.361989641376918
2022-11-10,1.3598573632818527
2022-11-11,1.3524392977558615
2022-11-14,1.334412464844211
2022-11-15,1.30892214317217
2022-11-16,1.3460815234614933
2022-11-17,1.328818885805738
2022-11-18,1.3579148869923319
2022-11-21,1.3568647405996856
2022-11-22,1.3878627621487003
2022-11-23,1.4304299077503273
2022-11-24,1.4339318077299976
2022-11-25,1.4304323855504326
2022-11-28,1.4391766192995818
2022-11-29,1.4464406766833293
2022-11-30,1.4651613822038767
2022-12-01,1.3940568099804147
2022-12-02,1.383667226189732
2022-12-05,1.3588310715386054
2022-12-06,1.3514606066808197
2022-12-07,1.3877715917087845
2022-12-08,1.4613631392019706
2022-12-09,1.410207605014772
2022-12-12,1.3450887309777129
2022-12-13,1.3330285286354076
2022-12-14,1.3253954453167116
2022-12-15,1.2666275407041123
2022-12-16,1.2700457866639625
2022-12-19,1.282439751662073
2022-12-20,1.2392919687961363
2022-12-21,1.2249169589006375
2022-12-22,1.2452732292055255
2022-12-23,1.2167764179939125
2022-12-26,1.1741058638932949
2022-12-27,1.1305010401257007
2022-12-28,1.1204250841535863
2022-12-29,1.0749517769763073
2022-12-30,1.1057906803749105
2023-01-02,1.1211726506502093
2023-01-03,1.1549469272726185
2023-01-04,1.2113292618575877
2023-01-05,1.1816644867965127
2023-01-06,1.1711773129350296
2023-01-09,1.1906339058036772
2023-01-10,1.2060584481474634
2023-01-11,1.2104572010893009
2023-01-12,1.2378821711839911
2023-01-13,1.2399914244256744
2023-01-16,1.2902113608706027
2023-01-17,1.288405502599147
2023-01-18,1.3080138706795863
2023-01-19,1.2675537848388834
2023-01-20,1.2949934340099054
2023-01-23,1.2372989998810529
2023-01-24,1.2213439145400575
2023-01-25,1.2041029102068022
2023-01-26,1.2357093847038982
2023-01-27,1.2071627876565612
2023-01-30,1.2207578087190387
2023-01-31,1.2085109916566525
2023-02-01,1.2256114356108307
2023-02-02,1.2301397437548462
2023-02-03,1.1941459787497402
2023-02-06,1.1101282537802113
2023-02-07,1.0844702177938015
2023-02-08,1.0607171343109598
2023-02-09,1.09243220818212
2023-02-10,1.0740155762666297
2023-02-13,1.0665580821779335
2023-02-14,1.060354334408878
2023-02-15,1.0704358185492948
2023-02-16,1.0663821147273804
2023-02-17,1.1041716126480716
2023-02-20,1.1163583559552053
2023-02-21,1.0729537530300428
2023-02-22,1.0433022836410613
2023-02-23,1.0423748399039952
2023-02-24,1.04222795114744
2023-02-27,0.997858133803437
2023-02-28,0.9915564349118774
2023-03-01,1.0318102962973335
2023-03-02,1.0047882859316632
2023-03-03,1.1184372776567928
2023-03-06,1.085038825872482
2023-03-07,1.1173314273721884
2023-03-08,1.106059418541131
2023-03-09,1.1243747801253485
2023-03-10,1.118046250396431
2023-03-13,1.1085023060728176
2023-03-14,1.1137503777843571
2023-03-15,1.0960014058172178
2023-03-16,1.1163337455187008
2023-03-17,1.1243256648724465
2023-03-20,1.1410603172327416
2023-03-21,1.1322831492314835
2023-03-22,1.2160756679001763
2023-03-23,1.1774979004920396
2023-03-24,1.1998987567182176
2023-03-27,1.182749596998799
2023-03-28,1.1907874340893623
2023-03-29,1.2038862756473403
2023-03-30,1.2802497557033519
2023-03-31,1.2949062992536613
2023-04-03,1.2863862396615764
2023-04-04,1.1736064829963826
2023-04-05,1.152948027879507
2023-04-06,1.251478341198386
2023-04-07,1.2791101982637196
2023-04-10,1.3142842963629484
2023-04-11,1.2417120812459992
2023-04-12,1.2224188530966078
2023-04-13,1.2456139019206185
2023-04-14,1.1928388002086294
2023-04-17,1.1992776300070545
2023-04-18,1.2553957458439238
2023-04-19,1.2219291001852375
2023-04-20,1.197000314862653
2023-04-21,1.2422034391801475
2023-04-24,1.2230762228429874
2023-04-25,1.1944925235898236
2023-04-26,1.2559897857675337
2023-04-27,1.2570877233986046
2023-04-28,1.2231515765102436
2023-05-01,1.2722496782906259
2023-05-02,1.231461727169614
2023-05-03,1.2355718934757203
2023-05-04,1.2474125141346402
2023-05-05,1.2256107916759134
2023-05-08,1.2570029008781998
2023-05-09,1.226533883151209
2023-05-10,1.260916608115359
2023-05-11,1.2567645476245386
2023-05-12,1.2206430441899612
2023-05-15,1.2257036122973375
2023-05-16,1.2420149019236695
2023-05-17,1.173364419368008
2023-05-18,1.2288214026552189
2023-05-19,1.2281567618943292
2023-05-22,1.214206385193602
2023-05-23,1.2275739506706373
2023-05-24,1.2310971173426206
2023-05-25,1.2144202013517662
2023-05-26,1.2288375153292928
2023-05-29,1.2633412365435035
2023-05-30,1.2514921650994812
2023-05-31,1.1618177314195333
2023-06-01,1.188892655157589
2023-06-02,1.1877893126131764
2023-06-05,1.1541881374038163
2023-06-06,1.1709270231912907
2023-06-07,1.1377727490399414
2023-06-08,1.1630036261103094
2023-06-09,1.1247674244996047
2023-06-12,1.1076537321470943
2023-06-13,1.0532361328153774
2023-06-14,1.0360960473971554
2023-06-15,1.024738038059044
2023-06-16,1.024337966414724
2023-06-19,1.0162390157820806
2023-06-20,0.9841632830507678
2023-06-21,0.9827242057257097
2023-06-22,0.9675934546118845
2023-06-23,0.9729033451396941
2023-06-26,0.9494786486438858
2023-06-27,0.9331070230391103
2023-06-28,0.944783743496788
2023-06-29,0.9387459229902027
2023-06-30,0.8967838657804906
2023-07-03,0.9420401035035623
2023-07-04,0.9662510709978761
2023-07-05,0.9898491642334837
2023-07-06,0.9410711235683391
2023-07-07,0.8848566533100288
2023-07-10,0.9138377364343325
2023-07-11,0.8849393784542199
2023-07-12,0.8907683794977861
2023-07-13,0.8764747819336369
2023-07-14,0.8260193565460131
2023-07-17,0.8085164670768697
2023-07-18,0.8185047228458722
2023-07-19,0.8149232663183875
2023-07-20,0.862480844953979
2023-07-21,0.8811868041377715
2023-07-24,0.8939147565708523
2023-07-25,0.8996551745450823
2023-07-26,0.8745305948073502
2023-07-27,0.8508553002868626
2023-07-28,0.8514345683610325
2023-07-31,0.8335418675069752
2023-08-01,0.875945480250469
2023-08-02,0.894432962226892
2023-08-03,0.927638240288803
2023-08-04,0.8625570816833456
2023-08-07,0.8744632413026283
2023-08-08,0.8352104458490424
2023-08-09,0.871772263110672
2023-08-10,0.8881340946301788
2023-08-11,0.9089568058187878
2023-08-14,0.9317776805863275
2023-08-15,0.9152828843237877
2023-08-16,0.9727162362104274
2023-08-17,0.9927107085080294
2023-08-18,0.9995551040897893
2023-08-21,0.9849416453274121
2023-08-22,0.9823414928452212
2023-08-23,0.984317590660303
2023-08-24,0.9656850783857233
2023-08-25,0.9898664118278859
2023-08-28,0.9764267475411817
2023-08-29,0.9816220181177367
2023-08-30,0.994430111929368
2023-08-31,0.9630844961837378
2023-09-01,0.9368493573126548
2023-09-04,0.9598780558362202
2023-09-05,0.997116739235855
2023-09-06,1.0551426191972801
2023-09-07,1.0335952732471616
2023-09-08,1.1076472206702936
2023-09-11,1.1146765624457262
2023-09-12,1.1012424127848175
2023-09-13,1.0464774203791516
2023-09-14,1.0858663305689786
2023-09-15,1.0975118016891834
2023-09-18,1.1761668227450761
2023-09-19,1.1598402170538868
2023-09-20,1.2150879962686676
2023-09-21,1.2207944324196136
2023-09-22,1.1894046211982037
2023-09-25,1.2067816945071568
2023-09-26,1.1124835089765834
2023-09-27,1.1034123567655965
2023-09-28,1.149384649619484
2023-09-29,1.1603774646099543
2023-10-02,1.113603143201085
2023-10-03,1.0522082238754484
2023-10-04,1.0815898555910355
2023-10-05,1.1047257964397204
2023-10-06,1.1422700690255558
2023-10-09,1.1992159448141593
2023-10-10,1.2000749852156312
2023-10-11,1.160798233841175
2023-10-12,1.1781246881095206
2023-10-13,1.2689831884583624
2023-10-16,1.2628566511265311
2023-10-17,1.2613444029469048
2023-10-18,1.2381516800559718
2023-10-19,1.2693071316101487
2023-10-20,1.3177810438680038
2023-10-23,1.2980597846739883
2023-10-24,1.254504897237808
2023-10-25,1.1569649472402876
2023-10-26,1.1689765082247046
2023-10-27,1.1395152770210262
2023-10-30,1.0890446518157975
2023-10-31,1.0780288236922115
2023-11-01,1.0851236959758073
2023-11-02,1.0565473953160407
2023-11-03,1.1052173415984685
2023-11-06,1.0698602623125317
2023-11-07,1.0971837320381206
2023-11-08,1.1186715303342982
2023-11-09,1.0976231807537882
2023-11-10,1.1216307964617822
2023-11-13,1.1228844194400254
2023-11-14,1.1471240179137425
2023-11-15,1.152441735581591
2023-11-16,1.0983891070232648
2023-11-17,1.0322388659336483
2023-11-20,1.0894192640114382
2023-11-21,1.0326025712734512
2023-11-22,1.0350010560143148
2023-11-23,1.0147196868277428
2023-11-24,1.0078753310456918
2023-11-27,1.0429882520613785
2023-11-28,1.0352059499182682
2023-11-29,1.0658467532878706
2023-11-30,1.1205577954575703
2023-12-01,1.1414720221186843
2023-12-04,1.1080586017299314
2023-12-05,1.1025474202337746
2023-12-06,1.1292260037392192
2023-12-07,1.1278314308953095
2023-12-08,1.0971384167952345
2023-12-11,1.143625711541252
2023-12-12,1.1308367657933667
2023-12-13,1.1688137240908327
2023-12-14,1.1631574489469183
2023-12-15,1.156671850243855
2023-12-18,1.1438952748439446
2023-12-19,1.2364743486516852
2023-12-20,1.190434416063411
2023-12-21,1.2112477348397408
2023-12-22,1.2221981885024473
2023-12-25,1.247001951155915
2023-12-26,1.1935076951601111
2023-12-27,1.2253306842129827
2023-12-28,1.183035210498971
2023-12-29,1.2442549780883851
2024-01-01,1.2016107716240052
2024-01-02,1.1965521129072954
2024-01-03,1.1932834319221808
2024-01-04,1.2303850534186263
2024-01-05,1.2849035229679202
2024-01-08,1.3144420831729227
2024-01-09,1.328132549917844
2024-01-10,1.3991548673490932
2024-01-11,1.6750113223499872
2024-01-12,1.7205541332866305
2024-01-15,1.796902296420107
2024-01-16,1.7177495197761365
2024-01-17,1.722079252250193
2024-01-18,1.7213840083112475
2024-01-19,1.7458158654551201
2024-01-22,1.8151841229884549
2024-01-23,1.9396993168721621
2024-01-24,2.029467071369254
2024-01-25,2.073935312184766
2024-01-26,2.219089412737018
2024-01-29,2.1824485318139297
2024-01-30,2.112747788926843
2024-01-31,2.1288433452152815
2024-02-01,2.1298880546800105
2024-02-02,2.1761695449239427
2024-02-05,2.2458084987954487
2024-02-06,2.1161863626359945
2024-02-07,2.269839606095432
2024-02-08,2.290209166897866
2024-02-09,2.334226896945552
2024-02-12,2.455288478593623
2024-02-13,2.391514203402954
2024-02-14,2.3822111342866563
2024-02-15,2.298762532228094
2024-02-16,2.22858808795557
2024-02-19,2.30019965338559
2024-02-20,2.4088863259731075
2024-02-21,2.2944363672505887
2024-02-22,2.32012313728195
2024-02-23,2.4084951710463125
2024-02-26,2.480497040197776
2024-02-27,2.4899798376166347
2024-02-28,2.5166792825646467
2024-02-29,2.545949292880897
2024-03-01,2.568443513460962
2024-03-04,2.6092331567182176
2024-03-05,2.590267171311298
2024-03-06,2.7665853307662567
2024-03-07,2.693334788754766
2024-03-08,2.8016299277429946
2024-03-11,2.74003952444782
2024-03-12,2.7882135051854107
2024-03-13,2.728851134825214
2024-03-14,2.771392954179963
2024-03-15,2.766068572333177
2024-03-18,2.829251201199443
2024-03-19,2.760069691772144
2024-03-20,2.6911631548954085
2024-03-21,2.817202927139006
2024-03-22,2.9802779440004676
2024-03-25,2.9628336796986723
2024-03-26,3.000028953091896
2024-03-27,2.849913771219686
2024-03-28,2.8554463056532535
2024-03-29,2.816311991545361
2024-04-01,2.999950119752799
2024-04-02,2.953487547868051
2024-04-03,3.147924588826272
2024-04-04,3.0952316085495815
2024-04-05,3.1555894330158445
2024-04-08,3.3384575851738947
2024-04-09,3.3224333939644577
2024-04-10,3.506141273794393
2024-04-11,3.606817722994253
2024-04-12,3.6109655123139484
2024-04-15,3.661588472871971
2024-04-16,3.831165766224716
2024-04-17,3.8769230597063067
2024-04-18,3.7153833878320195
2024-04-19,3.822107742266553
2024-04-22,3.937207446561618
2024-04-23,3.9792598972734066
2024-04-24,3.9129045268378837
2024-04-25,4.016104394142798
2024-04-26,3.869837207196203
2024-04-29,3.9215331005979697
2024-04-30,3.9672871761535067
2024-05-01,3.9761220327111113
2024-05-02,4.1287893662728985
2024-05-03,4.0798409511271645
2024-05-06,3.9631096001281274
2024-05-07,3.867727093158872
2024-05-08,4.021458059836437
2024-05-09,4.101859014608756
2024-05-10,4.171929407395839
2024-05-13,4.229045888510449
2024-05-14,4.207158655534939
2024-05-15,4.075926528486875
2024-05-16,3.9564783321921473
2024-05-17,4.015676941470508
2024-05-20,3.9644317375913474
2024-05-21,3.87643305558119
2024-05-22,3.860640826519744
2024-05-23,4.023422182280357
2024-05-24,5.816867211443005
2024-05-27,5.848582348232434
2024-05-28,6.149052109978589
2024-05-29,6.298214898334074
2024-05-30,6.142736520114601
2024-05-31,6.030194912835943
2024-06-03,5.98846937263293
2024-06-04,6.013012935901917
2024-06-05,5.921633606318046
2024-06-06,5.980824810009357
2024-06-07,5.845695003539372
2024-06-10,5.728823586107602
2024-06-11,5.672767636770744
2024-06-12,5.517627530497107
2024-06-13,5.2175861742811165
2024-06-14,5.461003997353735
2024-06-17,5.298814587079174
2024-06-18,5.390463573724649
2024-06-19,5.607124476626582
2024-06-20,5.654381556192906
2024-06-21,5.576290764667702
2024-06-24,5.618382811592476
2024-06-25,5.811552903370399
2024-06-26,6.109648261515815
2024-06-27,5.847571829144651
2024-06-28,6.179342881560053
2024-07-01,6.685072683842386
2024-07-02,6.7224341831389705
2024-07-03,6.823718184580949
2024-07-04,6.832844425626431
2024-07-05,6.524053036559686
2024-07-08,6.439138742687462
2024-07-09,6.437723002039523
2024-07-10,6.328496738458616
2024-07-11,6.548048492421768
2024-07-12,6.352669944975924
2024-07-15,6.309380502489403
2024-07-16,6.236566466749155
2024-07-17,6.114529843101754
2024-07-18,6.189856959855939
2024-07-19,6.293866894102301
2024-07-22,5.66953259751144
2024-07-23,5.579101579198154
2024-07-24,5.37818595414546
2024-07-25,5.30431288438561
2024-07-26,5.47263141794011
2024-07-29,5.327192515539117
2024-07-30,5.3239291827519075
2024-07-31,5.122358493178845
2024-08-01,5.0125297810633915
2024-08-02,4.911278662543437
2024-08-05,4.7943213847762545
2024-08-06,4.849455098621096
2024-08-07,4.678959237792036
2024-08-08,4.7082101087631765
2024-08-09,5.004631046843809
2024-08-12,5.041264204201631
2024-08-13,4.878538639338008
2024-08-14,4.958735207842362
2024-08-15,5.029993363874541
2024-08-16,5.183043779924738
2024-08-19,5.13461388833501
2024-08-20,5.215750203156274
2024-08-21,5.128304873584934
2024-08-22,5.029525490047266
2024-08-23,5.157563674462184
2024-08-26,4.8529648085441
2024-08-27,4.956486356696422
2024-08-28,5.415721567609347
2024-08-29,6.5589710341963645
2024-08-30,6.875184541083339
2024-09-02,7.1178443285127955
2024-09-03,6.90299263486863
2024-09-04,6.792791372341655
2024-09-05,6.652361946467416
2024-09-06,6.002077849165237
2024-09-09,5.881279260430959
2024-09-10,6.209964431235035
2024-09-11,5.95824172900016
2024-09-12,6.1802613752085485
2024-09-13,6.532400737095554
2024-09-16,6.726690242496049
2024-09-17,6.852214500782405
2024-09-18,6.567939936814613
2024-09-19,6.26329509804583
2024-09-20,6.341335965335757
2024-09-23,6.288713529253807
2024-09-24,6.047710430301556
2024-09-25,6.201390646577229
2024-09-26,6.306839231542511
2024-09-27,6.467391412271049
2024-09-30,6.63535170306435
2024-10-01,6.888119390584887
2024-10-02,6.796347547536452
2024-10-03,6.554568294036572
2024-10-04,6.905758470776239
2024-10-07,6.5843723882695535
2024-10-08,6.299601367227103
2024-10-09,6.1705599806995295
2024-10-10,6.4664599502064455
2024-10-11,6.357156496148445
2024-10-14,6.084463067926071
2024-10-15,5.906777725424975
2024-10-16,5.728953802785628
2024-10-17,5.762979582418448
2024-10-18,5.62691766368087
2024-10-21,5.1438137319268975
2024-10-22,5.669650386172375
2024-10-23,5.31125783064458
2024-10-24,5.049390242633692
2024-10-25,5.17299353147717
2024-10-28,4.980517683063647
2024-10-29,5.085945211837763
2024-10-30,5.157501881614168
2024-10-31,5.06639913232754
2024-11-01,5.171528052345805
2024-11-04,5.136753005337594
2024-11-05,5.269226046340704
2024-11-06,5.523516367211843
2024-11-07,5.308798189455433
2024-11-08,5.332799062591408
2024-11-11,5.367913340316105
2024-11-12,5.398114764762895
2024-11-13,5.51507411105356
2024-11-14,5.5951850445263736
2024-11-15,5.359493857202112
2024-11-18,5.160707834994663
2024-11-19,5.106785304461824
2024-11-20,5.133564401595454
2024-11-21,5.1718297879151764
2024-11-22,5.225311665258197
2024-11-25,5.311039409883421
2024-11-26,5.392599855494687
2024-11-27,5.377655679225891
2024-11-28,5.638402961081046
2024-11-29,5.384716512927841
2024-12-02,5.049333434412593
2024-12-03,5.068466167645369
2024-12-04,5.128214564972786
2024-12-05,5.147019471821639
2024-12-06,5.057244537653444
2024-12-09,5.126410485869605
2024-12-10,4.967096948565964
2024-12-11,4.730140645939189
2024-12-12,4.901338297735224
2024-12-13,4.799820953580141
2024-12-16,4.811316310536377
2024-12-17,4.694719600304538
2024-12-18,4.60323446458307
2024-12-19,4.732017266148551
2024-12-20,4.729941114742092
2024-12-23,4.729999292826285
2024-12-24,4.502548794739403
2024-12-25,4.4892244728442305
2024-12-26,4.375890450272998
2024-12-27,4.717266369586207
2024-12-30,4.583490895395586
2024-12-31,4.801936499207027
2025-01-01,4.82237499818997
2025-01-02,4.635966850322675
2025-01-03,4.764728291235738
2025-01-06,4.980003444342225
2025-01-07,5.290921787737117
2025-01-08,5.333276073835901
2025-01-09,5.19837014723452
2025-01-10,5.063336272143191
2025-01-13,5.114434236211176
2025-01-14,4.863320663550208
2025-01-15,4.682349927236132
2025-01-16,4.681729764457615
2025-01-17,4.805744923612792
2025-01-20,4.7531420518847955
2025-01-21,5.0460833014287205
2025-01-22,5.114827436424274
2025-01-23,5.045485316141927
2025-01-24,4.920098987898779
2025-01-27,4.745326824164474
2025-01-28,4.847691015918051
2025-01-29,4.712639230056302
2025-01-30,4.761384943035181
2025-01-31,4.557193764852159
2025-02-03,4.387964354289207
2025-02-04,4.374964312489039
2025-02-05,4.21429339638359
2025-02-06,4.373900438455296
2025-02-07,4.133456563913634
2025-02-10,3.9617795160541736
2025-02-11,4.124546184889354
2025-02-12,4.266995917404616
2025-02-13,4.4434734716125215
2025-02-14,4.293986478072605
2025-02-17,4.277150424239883
2025-02-18,4.296488460364136
2025-02-19,4.250075408427013
2025-02-20,4.326175095506055
2025-02-21,4.463475811888273
2025-02-24,4.439972309236617
2025-02-25,4.2665162985727765
2025-02-26,4.338530763727158
2025-02-27,4.347367343754085
2025-02-28,4.466373655094839
2025-03-03,4.546457432879439
2025-03-04,4.741953456165402
2025-03-05,4.747562425674748
2025-03-06,4.999205519043152
2025-03-07,5.252409381254448
2025-03-10,5.370348305239864
2025-03-11,5.5437545872995475
2025-03-12,5.782215637578296
2025-03-13,5.730618604397034
2025-03-14,5.98055737910429
2025-03-17,6.041984660767393
2025-03-18,6.186387943846406
2025-03-19,6.3695807928595185
2025-03-20,6.510003240455563
2025-03-21,6.528538550634822
2025-03-24,6.762578967569418
2025-03-25,7.359084723156601
2025-03-26,8.03280961578582
2025-03-27,8.133081834647959
2025-03-28,8.451003191770003
2025-03-31,9.199471315679524
2025-04-01,9.074404432697118
2025-04-02,9.279310507973959
2025-04-03,9.499092234864769
2025-04-04,10.306442611462623
2025-04-07,10.797385271536855
2025-04-08,10.8159557212246
2025-04-09,10.882424600278519
2025-04-10,10.626040193843584
2025-04-11,10.233035310946732
2025-04-14,10.427671639530788
2025-04-15,10.584881040510393
2025-04-16,10.528628877282236
2025-04-17,10.262552789421733
2025-04-18,10.127765872117525
2025-04-21,10.850786376165182
2025-04-22,10.539215373166604
2025-04-23,10.026846712781733
2025-04-24,10.234259364086517
2025-04-25,10.08489988001437
2025-04-28,10.367656736477686
2025-04-29,10.609491252541991
2025-04-30,10.147073114846677
2025-05-01,10.34556127725195
2025-05-02,10.232787697971808
2025-05-05,10.594487513389359
2025-05-06,10.968047590475642
2025-05-07,10.584806028800696
2025-05-08,10.096531558788007
2025-05-09,10.435980655994817
2025-05-12,10.736015392668385
2025-05-13,10.380378952255667
2025-05-14,10.734015862107801
2025-05-15,10.704080178823792
2025-05-16,9.993255311879818
2025-05-19,9.821166820530944
2025-05-20,9.679770783890149
2025-05-21,8.929451317943279
2025-05-22,9.305517831550317
2025-05-23,9.718793656692238
2025-05-26,10.21609436546853
2025-05-27,9.83172894531933
2025-05-28,9.665988745739224
2025-05-29,9.580944422499112
2025-05-30,9.158317910933665
2025-06-02,9.24854188017806
2025-06-03,8.960520381741867
2025-06-04,8.956676236529796
2025-06-05,8.747411455183023
2025-06-06,8.915173665912723
2025-06-09,9.199809405913754
2025-06-10,9.155600373633682
2025-06-11,9.08739399078077
2025-06-12,9.218111883488683
2025-06-13,8.655455957631522
2025-06-16,8.509432609305339
2025-06-17,8.24885751801338
2025-06-18,8.623724806058764
2025-06-19,9.344339671835813
2025-06-20,8.941970672572092
2025-06-23,8.968033080051784
2025-06-24,8.633475585292043
2025-06-25,8.358440966572214
2025-06-26,8.387273107189785
2025-06-27,8.303632675146963
2025-06-30,8.327512701851335
2025-07-01,8.053147533723848
2025-07-02,8.081913318962908
2025-07-03,8.434549042981205
2025-07-04,6.82803128721601
2025-07-07,6.506851539345948
2025-07-08,6.378732463781857
2025-07-09,6.645897395123089
2025-07-10,6.825931292709357
2025-07-11,7.047238420567161
2025-07-14,6.775732269564284
2025-07-15,6.725537958626148
2025-07-16,6.799404132362019
2025-07-17,6.712962380227288
2025-07-18,6.609701686888398
2025-07-21,6.3439007587132386
2025-07-22,6.093110565837116
2025-07-23,6.04050431544592
2025-07-24,6.186440150611416
2025-07-25,6.246232137849566
2025-07-28,6.544674821612552
2025-07-29,6.651957148912382
2025-07-30,7.228149789064119
2025-07-31,7.371085398103896
2025-08-01,7.156196979608618
2025-08-04,6.975947003105357
2025-08-05,6.853526125875935
2025-08-06,6.845311089023697
2025-08-07,6.845891229332745
2025-08-08,6.616210124548859
2025-08-11,6.554882764475739
2025-08-12,6.398697105958305
2025-08-13,6.682404065338801
2025-08-14,6.7033582742428655
2025-08-15,6.787962761863845
2025-08-18,6.870303491641558
2025-08-19,6.763065859280922
2025-08-20,7.195082939612816
2025-08-21,7.297211989140463
2025-08-22,7.231498089003252
2025-08-25,7.3849680981312575
2025-08-26,7.111058319135144
2025-08-27,7.2558568195841495
2025-08-28,7.245659480940228
2025-08-29,7.1664069875362255
2025-09-01,7.0626913606533845
2025-09-02,7.433634144340352
2025-09-03,7.222695222201717
2025-09-04,7.581802433495691
2025-09-05,7.249296220998251
2025-09-08,6.930890015500009
2025-09-09,7.233037615345595
2025-09-10,7.309635080687651
2025-09-11,7.2285113723195265
2025-09-12,7.08244284278027
2025-09-15,7.351553857961958
2025-09-16,7.495641729820144
2025-09-17,7.2716308650500014
2025-09-18,7.054954870724563
2025-09-19,7.353287381813469
2025-09-22,7.104710830144032
2025-09-23,6.903466966938254
2025-09-24,7.191348393622554
2025-09-25,7.149254497599844
2025-09-26,6.999248249618418
2025-09-29,7.123949232239914
2025-09-30,7.21376292501207
2025-10-01,7.202438544302692
2025-10-02,6.865180495094171
2025-10-03,6.944437556539408
2025-10-06,7.104853881787308
2025-10-07,7.176770894744333
2025-10-08,7.1179277504116465
2025-10-09,7.276707958930723
2025-10-10,7.244205704134684
2025-10-13,6.578189628250274
2025-10-14,6.701900381265681
2025-10-15,6.6191653583122525
2025-10-16,6.6155284778305665
2025-10-17,6.78880836875545
2025-10-20,6.983717219591318
2025-10-21,7.269814590541912
2025-10-22,7.112823564369677
2025-10-23,7.0358832440104395
2025-10-24,7.4253330751116415
2025-10-27,7.9740601932396125
2025-10-28,8.051750389746168
2025-10-29,8.040007910755278
2025-10-30,8.63093481363861
2025-10-31,9.140880814047641
2025-11-03,9.378074963788396
2025-11-04,9.343920066689835
2025-11-05,9.456315088356805
2025-11-06,8.99174915325742
2025-11-07,9.281169688160992
2025-11-10,9.094525236723612
2025-11-11,9.570850828108846
2025-11-12,9.026047944363102
2025-11-13,8.856899127033683
2025-11-14,8.900273390709623
2025-11-17,8.927615772775027
2025-11-18,8.722032568125302
2025-11-19,8.761865597010138
2025-11-20,8.725816707419987
2025-11-21,8.767396367849672
2025-11-24,8.639873877198253
2025-11-25,8.97621944315041
2025-11-26,9.091421217377224
2025-11-27,8.97268717940607
2025-11-28,9.169956189785788
2025-12-01,8.99508587146888
2025-12-02,8.831352322184141
2025-12-03,8.367283895164869
2025-12-04,8.49509264457804
2025-12-05,8.557039963003847
2025-12-08,8.327334142134347
2025-12-09,8.097245866313573
2025-12-10,8.22694869818584
2025-12-11,8.131684478644388
2025-12-12,8.262414379629494
2025-12-15,7.843849691639893
2025-12-16,7.552338023730175
2025-12-17,7.816599374195748
2025-12-18,7.304600794165609
2025-12-19,7.376688949781189
2025-12-22,7.566183076194018
2025-12-23,7.4804354628701635
2025-12-24,7.304339388816607
2025-12-25,7.5400090918781935
2025-12-26,6.898340291700251
2025-12-29,6.899824182164993
2025-12-30,7.064010579480298
2025-12-31,6.982902214519705
