obs_id,date,t_years,gold,silver,gas,oil,commodity_topics,price_gold,log_price_gold,dev_gold,sigma_gold,price_silver,log_price_silver,dev_silver,sigma_silver,var_spike,label,IN
0,1970-01-01,0.0,0,1,0,1,"oil,silver",,,,,1.5562537978060949,0.44228152158523304,0.0,0.018,0.0,0,0
1,1970-01-06,0.011904761904761904,1,0,0,0,gold,35.07514948901256,3.557492887961269,0.0,0.01,,,,,0.0,0,0
2,1970-01-09,0.023809523809523808,1,1,1,1,"gas,gold,oil,silver",34.75804894045297,3.548411169375758,0.0,0.01,1.5598629805963165,0.4445979844528269,0.0,0.018,0.0,0,0
3,1970-01-14,0.03571428571428571,1,1,1,1,"gas,gold,oil,silver",34.84193263369292,3.550821622136187,0.0,0.01,1.5375681638578764,0.4302020539323085,0.0,0.018,0.0,0,0
4,1970-01-16,0.04365079365079365,1,1,1,1,"gas,gold,oil,silver",35.264961413278876,3.5628898764664028,0.0,0.01,1.5859571581105183,0.46118811030715423,0.0,0.018,0.0,0,0
5,1970-01-21,0.05555555555555555,1,1,1,1,"gas,gold,oil,silver",34.72642317413504,3.547500871936939,0.0,0.01,1.581278582349432,0.4582337491244353,0.0,0.018,0.0,0,0
6,1970-01-26,0.06746031746031746,1,1,1,1,"gas,gold,oil,silver",34.13035652630922,3.5301872089909003,0.0,0.01,1.5294422110418744,0.42490310098680706,0.0,0.018,0.0,0,0
7,1970-01-29,0.07936507936507936,1,0,0,1,"gold,oil",33.89042665768986,3.523132575025988,0.0,0.01,,,,,0.0,0,0
8,1970-02-03,0.09126984126984126,1,1,1,1,"gas,gold,oil,silver",33.823165372752875,3.5211459337906903,0.0,0.01,1.4924824891631732,0.4004408336618054,0.0,0.018,0.0,0,0
9,1970-02-06,0.10317460317460317,1,1,1,1,"gas,gold,oil,silver",34.30635712026137,3.535330675781914,0.0,0.01,1.5034662577301499,0.40777328071383223,0.0,0.018,0.0,0,0
10,1970-02-11,0.11507936507936507,1,1,1,1,"gas,gold,oil,silver",33.19892352554154,3.502517451467304,0.0,0.01,1.4198591994546865,0.35055771138335523,0.0,0.018,0.0,0,0
11,1970-02-16,0.12698412698412698,1,0,1,1,"gas,gold,oil",32.42350580306691,3.4788836475082388,0.0,0.01,,,,,0.0,0,0
12,1970-02-18,0.1349206349206349,1,0,0,1,"gold,oil",32.830747453344955,3.491365498642234,0.0,0.01,,,,,0.0,0,0
13,1970-02-23,0.14682539682539683,0,0,1,1,"gas,oil",,,,,,,,,0.0,0,0
14,1970-02-26,0.15873015873015872,0,0,1,0,gas,,,,,,,,,0.0,0,0
15,1970-03-03,0.17063492063492064,1,1,1,0,"gas,gold,silver",33.20926202739512,3.50282881374444,0.0,0.01,1.3704627438786547,0.3151484520633333,0.0,0.018,0.0,0,0
16,1970-03-06,0.18253968253968253,1,1,1,1,"gas,gold,oil,silver",32.98376014643128,3.496015323562469,0.0,0.01,1.3400103114502957,0.2926773090453738,0.0,0.018,0.0,0,0
17,1970-03-11,0.19444444444444445,1,1,1,1,"gas,gold,oil,silver",32.8307393355376,3.4913652513798663,0.0,0.01,1.3115789848309527,0.27123174331573696,0.0,0.018,0.0,0,0
18,1970-03-16,0.20634920634920634,0,1,1,1,"gas,oil,silver",,,,,1.2924563746616682,0.2565445741512523,0.0,0.018,0.0,0,0
19,1970-03-19,0.21825396825396826,1,1,1,1,"gas,gold,oil,silver",32.633829866220346,3.4853494762649704,0.0,0.01,1.280021096653747,0.24687655955644294,0.0,0.018,0.0,0,0
20,1970-03-23,0.2261904761904762,1,1,1,0,"gas,gold,silver",32.71675273765101,3.4878872628502173,0.0,0.01,1.2735876694492856,0.24183785441011335,0.0,0.018,0.0,0,0
21,1970-03-26,0.23809523809523808,1,0,1,0,"gas,gold",33.2128394404589,3.502936531295923,0.0,0.01,,,,,0.0,0,0
22,1970-03-31,0.25,1,1,1,0,"gas,gold,silver",33.28719448079368,3.5051727729017212,0.0,0.01,1.3282273031404754,0.2838451984110677,0.0,0.018,0.0,0,0
23,1970-04-03,0.2619047619047619,1,1,1,1,"gas,gold,oil,silver",33.030623942058796,3.497435129386522,0.0,0.01,1.3576309982951666,0.30574126783510813,0.0,0.018,0.0,0,0
24,1970-04-08,0.27380952380952384,1,0,0,1,"gold,oil",33.47120052349968,3.5106853832235227,0.0,0.01,,,,,0.0,0,0
25,1970-04-13,0.2857142857142857,1,1,1,1,"gas,gold,oil,silver",33.22374614086765,3.5032648654633487,0.0,0.01,1.3449741728833433,0.29637481055221876,0.0,0.018,0.0,0,0
26,1970-04-16,0.2976190476190476,1,0,1,1,"gas,gold,oil",32.9755800130424,3.4957672879268475,0.0,0.01,,,,,0.0,0,0
27,1970-04-20,0.3055555555555556,1,1,1,1,"gas,gold,oil,silver",32.405052075287315,3.4783143388923463,0.0,0.01,1.269857964321811,0.23890505509935545,0.0,0.018,0.0,0,0
28,1970-04-23,0.31746031746031744,1,1,0,0,"gold,silver",31.77848828870914,3.458789591969283,0.0,0.01,1.2185951572444986,0.19769868479227332,0.0,0.018,0.0,0,0
29,1970-04-28,0.32936507936507936,1,1,1,1,"gas,gold,oil,silver",32.63967467402459,3.4855285629513997,0.0,0.01,1.2430749152537182,0.2175880804257973,0.0,0.018,0.0,0,0
30,1970-05-01,0.3412698412698413,1,1,0,1,"gold,oil,silver",32.8068708421867,3.4906379703488124,0.0,0.01,1.2414317778596695,0.21626537307454213,0.0,0.018,0.0,0,0
31,1970-05-06,0.3531746031746032,1,1,1,1,"gas,gold,oil,silver",32.70944627834279,3.487663913199818,0.0,0.01,1.222959916810747,0.20127408168776606,0.0,0.018,0.0,0,0
32,1970-05-11,0.36507936507936506,0,1,1,1,"gas,oil,silver",,,,,1.1482801701688372,0.13826531879157322,0.0,0.018,0.0,0,0
33,1970-05-14,0.376984126984127,1,1,1,1,"gas,gold,oil,silver",31.930775942074412,3.463570307780444,0.0,0.01,1.1394096020204143,0.13051023528897399,0.0,0.018,0.0,0,0
34,1970-05-19,0.3888888888888889,1,0,1,1,"gas,gold,oil",31.81773754898035,3.460023918841277,0.0,0.01,,,,,0.0,0,0
35,1970-05-21,0.3968253968253968,1,1,1,1,"gas,gold,oil,silver",31.221886914372096,3.4411193525425237,0.0,0.01,1.129649000386739,0.12190696534535622,0.0,0.018,0.0,0,0
36,1970-05-26,0.4087301587301587,1,1,0,1,"gold,oil,silver",31.6456996572429,3.4546022675497037,0.0,0.01,1.1624098979203057,0.15049534831021028,0.0,0.018,0.0,0,0
37,1970-05-29,0.42063492063492064,1,1,1,1,"gas,gold,oil,silver",31.902928273696666,3.4626978009915463,0.0,0.01,1.131031127806125,0.12312971913024967,0.0,0.018,0.0,0,0
38,1970-06-03,0.43253968253968256,0,0,1,1,"gas,oil",,,,,,,,,0.0,0,0
39,1970-06-08,0.4444444444444444,1,1,1,1,"gas,gold,oil,silver",31.80737734195632,3.459698254765594,0.0,0.01,1.1692231712281564,0.1563395720778717,0.0,0.018,0.0,0,0
40,1970-06-11,0.45634920634920634,1,1,0,1,"gold,oil,silver",32.05581952774227,3.4674787434122765,0.0,0.01,1.180879812208745,0.1662597642200564,0.0,0.018,0.0,0,0
41,1970-06-16,0.46825396825396826,1,0,1,1,"gas,gold,oil",32.35068099074287,3.4766350714438277,0.0,0.01,,,,,0.0,0,0
42,1970-06-19,0.4801587301587302,1,1,0,1,"gold,oil,silver",32.41249930872919,3.4785441295374917,0.0,0.01,1.216292403581154,0.19580721810861246,0.0,0.018,0.0,0,0
43,1970-06-23,0.4880952380952381,1,1,1,1,"gas,gold,oil,silver",32.23512918171693,3.47305682625314,0.0,0.01,1.204488142265427,0.18605469849583567,0.0,0.018,0.0,0,0
44,1970-06-26,0.5,0,0,1,1,"gas,oil",,,,,,,,,0.0,0,0
45,1970-07-01,0.5119047619047619,1,1,0,0,"gold,silver",31.56441363898406,3.452030335343675,0.0,0.01,1.1674641379895427,0.15483399316369573,0.0,0.018,0.0,0,0
46,1970-07-06,0.5238095238095238,1,1,1,1,"gas,gold,oil,silver",31.330175554887887,3.44458170836008,0.0,0.01,1.179558560147571,0.1651402669142692,0.0,0.018,0.0,0,0
47,1970-07-09,0.5357142857142857,0,1,1,1,"gas,oil,silver",,,,,1.1940244882235311,0.1773295241600379,0.0,0.018,0.0,0,0
48,1970-07-14,0.5476190476190477,1,1,0,0,"gold,silver",32.260808960778405,3.473853148662212,0.0,0.01,1.2113388855535798,0.19172626485638322,0.0,0.018,0.0,0,0
49,1970-07-17,0.5595238095238095,1,1,1,1,"gas,gold,oil,silver",32.33935916790541,3.476285038488977,0.0,0.01,1.2153021434384619,0.19499272360446007,0.0,0.018,0.0,0,0
50,1970-07-22,0.5714285714285714,0,1,1,0,"gas,silver",,,,,1.2206260694227826,0.19936389877563826,0.0,0.018,0.0,0,0
51,1970-07-24,0.5793650793650794,1,1,1,1,"gas,gold,oil,silver",32.6905709794315,3.4870866870697093,0.0,0.01,1.2570537893499445,0.22877072053818553,0.0,0.018,0.0,0,0
52,1970-07-29,0.5912698412698413,1,0,0,1,"gold,oil",31.74232800855254,3.4576510586137457,0.0,0.01,,,,,0.0,0,0
53,1970-08-03,0.6031746031746031,1,1,1,1,"gas,gold,oil,silver",31.879309522116625,3.461957195033655,0.0,0.01,1.1771275147402107,0.16307716118664778,0.0,0.018,0.0,0,0
54,1970-08-06,0.6150793650793651,1,1,1,1,"gas,gold,oil,silver",31.80940532899778,3.4597620111190905,0.0,0.01,1.1898519169212591,0.17382885981822632,0.0,0.018,0.0,0,0
55,1970-08-11,0.626984126984127,0,1,1,1,"gas,oil,silver",,,,,1.1940518026236056,0.17735239981118867,0.0,0.018,0.0,0,0
56,1970-08-14,0.6388888888888888,1,1,1,0,"gas,gold,silver",32.60052980818853,3.4843285400255275,0.0,0.01,1.2047281686530553,0.1862539553141916,0.0,0.018,0.0,0,0
57,1970-08-19,0.6507936507936508,0,1,1,0,"gas,silver",,,,,1.1927206640038273,0.17623696985177223,0.0,0.018,0.0,0,0
58,1970-08-21,0.6587301587301587,1,1,0,1,"gold,oil,silver",32.05591875775806,3.4674818389457447,0.0,0.01,1.1615098910879584,0.14972078898023683,0.0,0.018,0.0,0,0
59,1970-08-26,0.6706349206349206,1,1,0,0,"gold,silver",31.736899471466042,3.457480025117743,0.0,0.01,1.1510757934834512,0.1406969776876656,0.0,0.018,0.0,0,0
60,1970-08-31,0.6825396825396826,1,1,1,1,"gas,gold,oil,silver",32.78599726700003,3.490001511645511,0.0,0.01,1.1861109658166784,0.1706798592819842,0.0,0.018,0.0,0,0
61,1970-09-03,0.6944444444444444,1,1,1,1,"gas,gold,oil,silver",34.09878305452081,3.529261696101946,0.0,0.01,1.2310707991186198,0.20788435904857594,0.0,0.018,0.0,0,0
62,1970-09-08,0.7063492063492064,0,1,0,0,silver,,,,,1.2103532675537352,0.1909122736535782,0.0,0.018,0.0,0,0
63,1970-09-11,0.7182539682539683,1,1,1,1,"gas,gold,oil,silver",33.594435681633826,3.514360448541905,0.0,0.01,1.1823697555123502,0.16752069198779268,0.0,0.018,0.0,0,0
64,1970-09-16,0.7301587301587301,1,1,1,1,"gas,gold,oil,silver",32.993465488879146,3.496309526370314,0.0,0.01,1.1421222713228532,0.1328881732107582,0.0,0.018,0.0,0,0
65,1970-09-21,0.7420634920634921,0,0,0,1,oil,,,,,,,,,0.0,0,0
66,1970-09-23,0.75,1,1,0,1,"gold,oil,silver",33.23221352550642,3.503519692411213,0.0,0.01,1.1237621176779058,0.11668208999619328,0.0,0.018,0.0,0,0
67,1970-09-28,0.7619047619047619,1,1,1,1,"gas,gold,oil,silver",32.947960181893194,3.4949293525646503,0.0,0.01,1.1100704190674986,0.10442345391332297,0.0,0.018,0.0,0,0
68,1970-10-01,0.7738095238095238,0,1,0,0,silver,,,,,1.094957763411139,0.09071579029726634,0.0,0.018,0.0,0,0
69,1970-10-06,0.7857142857142857,1,1,0,1,"gold,oil,silver",33.266584150933234,3.5045534142133636,0.0,0.01,1.0653526709575918,0.06330589078356103,0.0,0.018,0.0,0,0
70,1970-10-09,0.7976190476190477,1,1,1,1,"gas,gold,oil,silver",32.306777453298544,3.475277036493234,0.0,0.01,1.0082843213244574,0.008250194682387746,0.0,0.018,0.0,0,0
71,1970-10-14,0.8095238095238095,0,1,1,1,"gas,oil,silver",,,,,0.9698915727773314,-0.03057099437455646,0.0,0.018,0.0,0,0
72,1970-10-19,0.8214285714285714,1,1,1,1,"gas,gold,oil,silver",33.04640294227563,3.4979127235296232,0.0,0.01,1.0005283254691815,0.0005281859544180589,0.0,0.018,0.0,0,0
73,1970-10-22,0.8333333333333334,1,1,1,1,"gas,gold,oil,silver",32.75467833525732,3.4890458018107022,0.0,0.01,0.9736972041256629,-0.02665490239349433,0.0,0.018,0.0,0,0
74,1970-10-26,0.8412698412698413,1,1,1,1,"gas,gold,oil,silver",32.5896136801166,3.4839936388398622,0.0,0.01,0.9530266779433507,-0.04811238207510049,0.0,0.018,0.0,0,0
75,1970-10-29,0.8531746031746031,1,0,0,0,gold,33.60071800112073,3.514547435821817,0.0,0.01,,,,,0.0,0,0
76,1970-11-03,0.8650793650793651,0,0,1,0,gas,,,,,,,,,0.0,0,0
77,1970-11-06,0.876984126984127,1,0,1,0,"gas,gold",33.06888763007979,3.498592889599419,0.0,0.01,,,,,0.0,0,0
78,1970-11-11,0.8888888888888888,1,1,0,1,"gold,oil,silver",33.33567060870434,3.5066280131229415,0.0,0.01,0.9198349178280175,-0.08356106218328052,0.0,0.018,0.0,0,0
79,1970-11-16,0.9007936507936508,1,1,1,0,"gas,gold,silver",32.89349304381402,3.4932748583870357,0.0,0.01,0.8842643507657628,-0.12299922172005562,0.0,0.018,0.0,0,0
80,1970-11-19,0.9126984126984127,0,1,1,1,"gas,oil,silver",,,,,0.8754255515945832,-0.13304516617224127,0.0,0.018,0.0,0,0
81,1970-11-23,0.9206349206349206,1,0,1,1,"gas,gold,oil",32.98822730652477,3.4961507495295434,0.0,0.01,,,,,0.0,0,0
82,1970-11-26,0.9325396825396826,0,1,1,1,"gas,oil,silver",,,,,0.8115430319737199,-0.20881786573936167,0.0,0.018,0.0,0,0
83,1970-12-01,0.9444444444444444,1,0,1,1,"gas,gold,oil",31.934903837846022,3.46369957582524,0.0,0.01,,,,,0.0,0,0
84,1970-12-04,0.9563492063492064,1,1,1,1,"gas,gold,oil,silver",31.984389133608612,3.4652479441925563,0.0,0.01,0.7847289203621783,-0.24241694521731283,0.0,0.018,0.0,0,0
85,1970-12-09,0.9682539682539683,1,1,1,1,"gas,gold,oil,silver",32.29566036651814,3.47493286722454,0.0,0.01,0.7803955058692338,-0.2479544290026665,0.0,0.018,0.0,0,0
86,1970-12-14,0.9801587301587301,0,1,0,1,"oil,silver",,,,,0.7885731385817578,-0.23753012027730092,0.0,0.018,0.0,0,0
87,1970-12-17,0.9920634920634921,1,1,1,1,"gas,gold,oil,silver",33.019183845932396,3.497088721225047,0.0,0.01,0.808959398113665,-0.2120065509288711,0.0,0.018,0.0,0,0
88,1970-12-22,1.003968253968254,1,1,1,1,"gas,gold,oil,silver",32.61538409778098,3.4847840819004983,0.0,0.01,0.7690618189374205,-0.2625839239722271,0.0,0.018,0.0,0,0
89,1970-12-24,1.0119047619047619,1,1,1,1,"gas,gold,oil,silver",32.62875649343455,3.485194000575789,0.0,0.01,0.7612584118181569,-0.27278241001165016,0.0,0.018,0.0,0,0
90,1970-12-29,1.0238095238095237,1,1,1,0,"gas,gold,silver",33.19507836471091,3.502401622906728,0.0,0.01,0.7834154021291674,-0.2440921973243636,0.0,0.018,0.0,0,0
91,1971-01-01,1.0357142857142858,1,1,1,1,"gas,gold,oil,silver",33.459474342429424,3.510334985406267,0.0,0.01,0.7901885600160204,-0.23548367843687723,0.0,0.018,0.0,0,0
92,1971-01-06,1.0476190476190477,1,1,1,1,"gas,gold,oil,silver",33.803302417703975,3.520558502381981,0.0,0.01,0.8140967611059088,-0.20567604890673052,0.0,0.018,0.0,0,0
93,1971-01-11,1.0595238095238095,0,1,1,1,"gas,oil,silver",,,,,0.7979270885782409,-0.22573805340305053,0.0,0.018,0.0,0,0
94,1971-01-14,1.0714285714285714,1,1,1,1,"gas,gold,oil,silver",31.933451655721978,3.463654101595848,0.0,0.01,0.7347130882997931,-0.3082752120327614,0.0,0.018,0.0,0,0
95,1971-01-19,1.0833333333333333,0,0,1,0,gas,,,,,,,,,0.0,0,0
96,1971-01-22,1.0952380952380953,0,1,1,1,"gas,oil,silver",,,,,0.7675676894019746,-0.26452860874915196,0.0,0.018,0.0,0,0
97,1971-01-26,1.1031746031746033,1,1,0,1,"gold,oil,silver",32.82965417560317,3.491332197665854,0.0,0.01,0.7711884311327032,-0.259822536922926,0.0,0.018,0.0,0,0
98,1971-01-29,1.1150793650793651,1,1,0,1,"gold,oil,silver",33.173764433621386,3.501759335624817,0.0,0.01,0.8092985216885805,-0.21158742913656592,0.0,0.018,0.0,0,0
99,1971-02-03,1.126984126984127,1,1,1,0,"gas,gold,silver",32.811550339390884,3.4907805978954025,0.0,0.01,0.8129145132822237,-0.20712932467730716,0.0,0.018,0.0,0,0
100,1971-02-08,1.1388888888888888,1,1,1,1,"gas,gold,oil,silver",32.670342461242775,3.4864677079958337,0.0,0.01,0.7851170349121226,-0.2419224832523692,0.0,0.018,0.0,0,0
101,1971-02-11,1.1507936507936507,1,0,1,1,"gas,gold,oil",33.55031613764656,3.513046286253968,0.0,0.01,,,,,0.0,0,0
102,1971-02-16,1.1626984126984128,1,1,1,1,"gas,gold,oil,silver",33.42882601627988,3.509418582145008,0.0,0.01,0.8089833445658636,-0.2119769498168309,0.0,0.018,0.0,0,0
103,1971-02-19,1.1746031746031746,1,1,1,1,"gas,gold,oil,silver",33.881836113717505,3.5228790629351394,0.0,0.01,0.808628266111725,-0.21241596553296183,0.0,0.018,0.0,0,0
104,1971-02-24,1.1865079365079365,1,1,1,1,"gas,gold,oil,silver",34.5524381006689,3.542478115037061,0.0,0.01,0.8617232750502856,-0.14882108648231995,0.0,0.018,0.0,0,0
105,1971-02-26,1.1944444444444444,1,1,1,1,"gas,gold,oil,silver",34.76800693527282,3.5486976229869263,0.0,0.01,0.8692190136519379,-0.1401601559519332,0.0,0.018,0.0,0,0
106,1971-03-03,1.2063492063492063,0,1,1,1,"gas,oil,silver",,,,,0.8366444253203682,-0.17835611916018734,0.0,0.018,0.0,0,0
107,1971-03-08,1.2182539682539681,1,1,1,1,"gas,gold,oil,silver",34.99184747901703,3.555115105186259,0.0,0.01,0.8406336133193948,-0.1735993699165218,0.0,0.018,0.0,0,0
108,1971-03-11,1.2301587301587302,1,1,0,1,"gold,oil,silver",35.03666838687109,3.556395181264415,0.0,0.01,0.8295804468553901,-0.1868351917088652,0.0,0.018,0.0,0,0
109,1971-03-16,1.242063492063492,1,1,1,1,"gas,gold,oil,silver",34.30918426670033,3.5354130812073734,0.0,0.01,0.8221387689181584,-0.19584607953899014,0.0,0.018,0.0,0,0
110,1971-03-19,1.253968253968254,1,1,1,1,"gas,gold,oil,silver",34.83856788776697,3.550725045736667,0.0,0.01,0.854162522575698,-0.15763379583404724,0.0,0.018,0.0,0,0
111,1971-03-24,1.2658730158730158,1,0,1,0,"gas,gold",36.225832274820945,3.589772463093158,0.0,0.01,,,,,0.0,0,0
112,1971-03-26,1.2738095238095237,0,1,1,1,"gas,oil,silver",,,,,0.9133589520472114,-0.09062631897478812,0.0,0.018,0.0,0,0
113,1971-03-31,1.2857142857142858,1,1,1,1,"gas,gold,oil,silver",35.33093953889941,3.5647590542498238,0.0,0.01,0.9022607148081739,-0.10285175987647188,0.0,0.018,0.0,0,0
114,1971-04-05,1.2976190476190477,1,1,0,1,"gold,oil,silver",34.095913171345245,3.5291775287594374,0.0,0.01,0.8603507365569203,-0.1504151396702198,0.0,0.018,0.0,0,0
115,1971-04-08,1.3095238095238095,1,1,1,1,"gas,gold,oil,silver",34.27642035532303,3.5344576645700148,0.0,0.01,0.8686545681798049,-0.14080973771424488,0.0,0.018,0.0,0,0
116,1971-04-13,1.3214285714285714,1,0,1,0,"gas,gold",34.04157165687131,3.527582473522742,0.0,0.01,,,,,0.0,0,0
117,1971-04-16,1.3333333333333333,1,1,1,0,"gas,gold,silver",33.885752731819,3.5229946526491185,0.0,0.01,0.8117182374899404,-0.20860199720335115,0.0,0.018,0.0,0,0
118,1971-04-21,1.3452380952380953,1,1,1,1,"gas,gold,oil,silver",34.42603883290852,3.538813220859731,0.0,0.01,0.8533844620435964,-0.15854511551421824,0.0,0.018,0.0,0,0
119,1971-04-26,1.3571428571428572,0,1,1,1,"gas,oil,silver",,,,,0.8540365763258985,-0.15778125668929388,0.0,0.018,0.0,0,0
120,1971-04-28,1.3650793650793651,1,1,0,0,"gold,silver",33.61585277220494,3.5149977643990074,0.0,0.01,0.8315942025812615,-0.184410694425584,0.0,0.018,0.0,0,0
121,1971-05-03,1.376984126984127,1,1,0,0,"gold,silver",34.5867465403548,3.543470560715442,0.0,0.01,0.860920200131302,-0.1497534616240498,0.0,0.018,0.0,0,0
122,1971-05-06,1.3888888888888888,1,1,1,1,"gas,gold,oil,silver",35.18465833748149,3.560610144911837,0.0,0.01,0.8856946901344661,-0.12138298129073943,0.0,0.018,0.0,0,0
123,1971-05-11,1.4007936507936507,0,1,1,1,"gas,oil,silver",,,,,0.8709237053381379,-0.13820090029673782,0.0,0.018,0.0,0,0
124,1971-05-14,1.4126984126984128,1,1,0,1,"gold,oil,silver",36.586400349960584,3.5996765962184845,0.0,0.01,0.896770719006006,-0.10895505828576624,0.0,0.018,0.0,0,0
125,1971-05-19,1.4246031746031746,1,1,1,1,"gas,gold,oil,silver",35.91264213734262,3.5810893821769385,0.0,0.01,0.8450825427570379,-0.16832097265956925,0.0,0.018,0.0,0,0
126,1971-05-24,1.4365079365079365,1,1,1,1,"gas,gold,oil,silver",35.75522073418093,3.5766962930005572,0.0,0.01,0.842748163353469,-0.171087104219533,0.0,0.018,0.0,0,0
127,1971-05-27,1.4484126984126984,1,1,1,1,"gas,gold,oil,silver",34.86478759764935,3.5514773685175847,0.0,0.01,0.7911002439380135,-0.2343305886018906,0.0,0.018,0.0,0,0
128,1971-05-31,1.4563492063492063,1,0,1,0,"gas,gold",35.25697500021724,3.562663382030715,0.0,0.01,,,,,0.0,0,0
129,1971-06-03,1.4682539682539681,1,1,1,1,"gas,gold,oil,silver",36.09792012771971,3.5862352494884844,0.0,0.01,0.8392917246644879,-0.17519692774836415,0.0,0.018,0.0,0,0
130,1971-06-08,1.4801587301587302,1,1,1,1,"gas,gold,oil,silver",35.03898800698601,3.556461384571958,0.0,0.01,0.8166641889430227,-0.20252729806339553,0.0,0.018,0.0,0,0
131,1971-06-11,1.492063492063492,1,1,1,1,"gas,gold,oil,silver",34.48389027720435,3.540492266496089,0.0,0.01,0.7791611755349296,-0.24953735395403964,0.0,0.018,0.0,0,0
132,1971-06-16,1.503968253968254,1,1,1,1,"gas,gold,oil,silver",34.727004226787905,3.5475176040889616,0.0,0.01,0.7836321513216808,-0.2438155634807787,0.0,0.018,0.0,0,0
133,1971-06-21,1.5158730158730158,1,1,1,1,"gas,gold,oil,silver",35.78057389440358,3.5774051174825052,0.0,0.01,0.7935605422439023,-0.23122544420231217,0.0,0.018,0.0,0,0
134,1971-06-24,1.5277777777777777,0,1,1,1,"gas,oil,silver",,,,,0.7476098995585138,-0.290873961703337,0.0,0.018,0.0,0,0
135,1971-06-28,1.5357142857142858,1,1,1,1,"gas,gold,oil,silver",34.69748093169637,3.5466670886892766,0.0,0.01,0.7292967503158992,-0.315674564896709,0.0,0.018,0.0,0,0
136,1971-07-01,1.5476190476190477,0,1,1,1,"gas,oil,silver",,,,,0.7127279924377162,-0.33865542863874776,0.0,0.018,0.0,0,0
137,1971-07-06,1.5595238095238095,1,1,1,0,"gas,gold,silver",34.715027772816185,3.5471726702284276,0.0,0.01,0.7143330417096984,-0.3364059804226257,0.0,0.018,0.0,0,0
138,1971-07-09,1.5714285714285714,0,1,0,1,"oil,silver",,,,,0.7463818836535366,-0.2925179013760174,0.0,0.018,0.0,0,0
139,1971-07-14,1.5833333333333333,1,1,1,1,"gas,gold,oil,silver",36.141633030725835,3.5874454703835537,0.0,0.01,0.7628847813434676,-0.2706482665139892,0.0,0.018,0.0,0,0
140,1971-07-19,1.5952380952380953,1,1,1,1,"gas,gold,oil,silver",36.02905349563451,3.584325654518592,0.0,0.01,0.7600244229210569,-0.27440471079564865,0.0,0.018,0.0,0,0
141,1971-07-22,1.6071428571428572,1,1,1,1,"gas,gold,oil,silver",36.95997428678301,3.6098355510693185,0.0,0.01,0.7988760419607137,-0.22454948672749875,0.0,0.018,0.0,0,0
142,1971-07-27,1.619047619047619,1,1,1,1,"gas,gold,oil,silver",36.880328764835916,3.6076783130964882,0.0,0.01,0.8159005806268835,-0.20346276890787163,0.0,0.018,0.0,0,0
143,1971-07-29,1.626984126984127,1,1,1,1,"gas,gold,oil,silver",36.64123450001365,3.601174231924306,0.0,0.01,0.8113168377380288,-0.20909662577450394,0.0,0.018,0.0,0,0
144,1971-08-03,1.6388888888888888,1,1,1,1,"gas,gold,oil,silver",36.26831941436166,3.5909446168025347,0.0,0.01,0.7944814837109123,-0.23006559886421796,0.0,0.018,0.0,0,0
145,1971-08-06,1.6507936507936507,1,1,0,1,"gold,oil,silver",37.03034548975733,3.6117377248781444,0.0,0.01,0.8202442066773669,-0.19815317004015431,0.0,0.018,0.0,0,0
146,1971-08-11,1.6626984126984128,1,1,0,0,"gold,silver",38.1435222712648,3.641355947016321,0.0,0.01,0.8692155417881222,-0.14016415019353956,0.0,0.018,0.0,0,0
147,1971-08-16,1.6746031746031746,1,1,1,1,"gas,gold,oil,silver",37.73240763050362,3.630519344039535,0.0,0.01,0.8707788694643344,-0.13836721557494058,0.0,0.018,0.0,0,0
148,1971-08-19,1.6865079365079365,1,1,0,0,"gold,silver",37.690355967136675,3.62940425183876,0.0,0.01,0.860665862267279,-0.15004893086770643,0.0,0.018,0.0,0,0
149,1971-08-24,1.6984126984126984,1,1,0,0,"gold,silver",38.52170498431316,3.6512218482638032,0.0,0.01,0.8910904243399349,-0.11530937030837918,0.0,0.018,0.0,0,0
150,1971-08-27,1.7103174603174602,1,1,1,1,"gas,gold,oil,silver",39.21025808754894,3.6689383984694928,0.0,0.01,0.8934715528939582,-0.11264078272501421,0.0,0.018,0.0,0,0
151,1971-08-31,1.7182539682539681,0,1,0,1,"oil,silver",,,,,0.8779059050131698,-0.1302158607789745,0.0,0.018,0.0,0,0
152,1971-09-03,1.7301587301587302,1,1,1,1,"gas,gold,oil,silver",39.29038031436897,3.670979713196948,0.0,0.01,0.9061089299235471,-0.09859574846271535,0.0,0.018,0.0,0,0
153,1971-09-08,1.742063492063492,1,1,1,1,"gas,gold,oil,silver",38.871673931465494,3.660265808806059,0.0,0.01,0.8902568502973628,-0.11624526205198693,0.0,0.018,0.0,0,0
154,1971-09-13,1.753968253968254,1,1,1,1,"gas,gold,oil,silver",38.83864604441744,3.6594157829910325,0.0,0.01,0.9017673375485016,-0.1033987328255106,0.0,0.018,0.0,0,0
155,1971-09-16,1.7658730158730158,1,1,1,1,"gas,gold,oil,silver",40.57692614186002,3.703199583422673,0.0,0.01,0.9558546002137024,-0.04514946932454167,0.0,0.018,0.0,0,0
156,1971-09-21,1.7777777777777777,1,1,0,1,"gold,oil,silver",40.84690495711325,3.709831052391881,0.0,0.01,0.9798571487672804,-0.020348484506497178,0.0,0.018,0.0,0,0
157,1971-09-24,1.7896825396825398,1,1,1,0,"gas,gold,silver",41.344599533327816,3.7219418091513545,0.0,0.01,1.0135375417574553,0.013446727918469459,0.0,0.018,0.0,0,0
158,1971-09-29,1.8015873015873016,1,1,0,1,"gold,oil,silver",39.95253343462265,3.6876920853361135,0.0,0.01,0.9699430649752723,-0.030517905109161525,0.0,0.018,0.0,0,0
159,1971-10-01,1.8095238095238095,0,1,1,1,"gas,oil,silver",,,,,0.9384817571947176,-0.06349186140265817,0.0,0.018,0.0,0,0
160,1971-10-06,1.8214285714285714,1,1,1,0,"gas,gold,silver",40.624291238949056,3.7043661940718415,0.0,0.01,0.9717053875015831,-0.02870261974377486,0.0,0.018,0.0,0,0
161,1971-10-11,1.8333333333333333,1,1,0,1,"gold,oil,silver",40.95820841274281,3.712552239851363,0.0,0.01,0.9835889027188276,-0.016547251014819353,0.0,0.018,0.0,0,0
162,1971-10-14,1.8452380952380953,0,1,0,1,"oil,silver",,,,,0.9856450948732125,-0.014458933522672024,0.0,0.018,0.0,0,0
163,1971-10-19,1.8571428571428572,0,1,1,0,"gas,silver",,,,,1.0346256877764664,0.03403970698238168,0.0,0.018,0.0,0,0
164,1971-10-22,1.869047619047619,0,1,0,1,"oil,silver",,,,,1.0433238822442248,0.042411657291062,0.0,0.018,0.0,0,0
165,1971-10-27,1.880952380952381,1,1,1,1,"gas,gold,oil,silver",42.10849886798311,3.7402495936634206,0.0,0.01,0.9921879858026703,-0.007842687833257589,0.0,0.018,0.0,0,0
166,1971-10-29,1.8888888888888888,1,1,1,1,"gas,gold,oil,silver",41.94966984011065,3.73647056256307,0.0,0.01,0.969597332804772,-0.030874414491031454,0.0,0.018,0.0,0,0
167,1971-11-03,1.9007936507936507,0,1,1,1,"gas,oil,silver",,,,,0.9099240491640938,-0.09439414541146585,0.0,0.018,0.0,0,0
168,1971-11-08,1.9126984126984128,1,1,0,1,"gold,oil,silver",41.48485700680932,3.725328469245401,0.0,0.01,0.9120696132454043,-0.0920389615078725,0.0,0.018,0.0,0,0
169,1971-11-11,1.9246031746031746,0,1,0,1,"oil,silver",,,,,0.9366414010325453,-0.06545477967286617,0.0,0.018,0.0,0,0
170,1971-11-16,1.9365079365079365,1,1,0,1,"gold,oil,silver",43.58337317940511,3.7746757285267174,0.0,0.01,0.9580252056766742,-0.042881190630180366,0.0,0.018,0.0,0,0
171,1971-11-19,1.9484126984126984,0,1,1,1,"gas,oil,silver",,,,,0.9543856468628876,-0.046687447222991896,0.0,0.018,0.0,0,0
172,1971-11-24,1.9603174603174602,1,1,1,1,"gas,gold,oil,silver",44.00951417294374,3.784405841746931,0.0,0.01,0.9501484429185098,-0.05113705089050691,0.0,0.018,0.0,0,0
173,1971-11-29,1.9722222222222223,0,0,1,1,"gas,oil",,,,,,,,,0.0,0,0
174,1971-12-01,1.9801587301587302,1,0,1,1,"gas,gold,oil",43.68923566984721,3.777101748414509,0.0,0.01,,,,,0.0,0,0
175,1971-12-06,1.992063492063492,0,1,1,0,"gas,silver",,,,,0.9551801778264458,-0.045855288415858175,0.0,0.018,0.0,0,0
176,1971-12-09,2.003968253968254,1,1,1,1,"gas,gold,oil,silver",45.16982319414558,3.8104292354269633,0.0,0.01,0.9165760954054906,-0.08711018688335859,0.0,0.018,0.0,0,0
177,1971-12-14,2.015873015873016,1,1,1,1,"gas,gold,oil,silver",44.73594848559774,3.800777395090603,0.0,0.01,0.9000683881137205,-0.10528453175165364,0.0,0.018,0.0,0,0
178,1971-12-17,2.0277777777777777,1,1,1,1,"gas,gold,oil,silver",45.351459838954796,3.814442366538187,0.0,0.01,0.8932350892078721,-0.11290547496031988,0.0,0.018,0.0,0,0
179,1971-12-22,2.0396825396825395,1,1,1,1,"gas,gold,oil,silver",45.034104463234016,3.807420079687352,0.0,0.01,0.8994936195529224,-0.10592331894308571,0.0,0.018,0.0,0,0
180,1971-12-27,2.0515873015873014,0,1,1,1,"gas,oil,silver",,,,,0.9588872442830488,-0.0419817873585252,0.0,0.018,0.0,0,0
181,1971-12-30,2.0634920634920637,1,1,0,0,"gold,silver",46.83156298635795,3.846557398388182,0.0,0.01,0.9495450034311392,-0.051772352874441485,0.0,0.018,0.0,0,0
182,1972-01-03,2.0714285714285716,1,1,0,1,"gold,oil,silver",46.63253144365763,3.8422983972226907,0.0,0.01,0.9230269352073754,-0.08009686266523475,0.0,0.018,0.0,0,0
183,1972-01-06,2.0833333333333335,1,1,0,1,"gold,oil,silver",46.93124566250386,3.8486836724437086,0.0,0.01,0.9466829765065476,-0.0547910079393078,0.0,0.018,0.0,0,0
184,1972-01-11,2.0952380952380953,1,1,1,1,"gas,gold,oil,silver",47.912738337899434,3.869381405135197,0.0,0.01,0.9618531848029857,-0.03889345451312698,0.0,0.018,0.0,0,0
185,1972-01-14,2.107142857142857,1,1,1,1,"gas,gold,oil,silver",46.94227642915171,3.848918685820278,0.0,0.01,0.9404655480031577,-0.06138026248759443,0.0,0.018,0.0,0,0
186,1972-01-19,2.119047619047619,0,1,0,0,silver,,,,,0.8898387096994959,-0.1167150577359426,0.0,0.018,0.0,0,0
187,1972-01-24,2.130952380952381,1,1,1,1,"gas,gold,oil,silver",46.403691758627666,3.8373790198307085,0.0,0.01,0.8973191663714275,-0.10834366485784963,0.0,0.018,0.0,0,0
188,1972-01-27,2.142857142857143,1,1,1,0,"gas,gold,silver",47.72354485897197,3.865424879025909,0.0,0.01,0.9660434581778281,-0.034546458019811266,0.0,0.018,0.0,0,0
189,1972-01-31,2.1507936507936507,1,1,1,1,"gas,gold,oil,silver",47.48770320326384,3.860470797594114,0.0,0.01,0.9389753472229411,-0.06296605440719172,0.0,0.018,0.0,0,0
190,1972-02-03,2.1626984126984126,1,1,1,1,"gas,gold,oil,silver",48.57073924067827,3.8830212763505023,0.0,0.01,0.9609684227472252,-0.03981372929548721,0.0,0.018,0.0,0,0
191,1972-02-08,2.1746031746031744,1,0,1,1,"gas,gold,oil",47.80140629950113,3.8670550595562916,0.0,0.01,,,,,0.0,0,0
192,1972-02-11,2.1865079365079363,1,1,1,1,"gas,gold,oil,silver",47.63427077659923,3.863552476478518,0.0,0.01,0.9274887788899895,-0.07527458280554833,0.0,0.018,0.0,0,0
193,1972-02-16,2.1984126984126986,1,1,1,0,"gas,gold,silver",47.3034845182355,3.856583961246138,0.0,0.01,0.8840800435892928,-0.12320767339691863,0.0,0.018,0.0,0,0
194,1972-02-21,2.2103174603174605,1,1,1,1,"gas,gold,oil,silver",46.984806194568876,3.849824276990273,0.0,0.01,0.8693880736013962,-0.1399656784863451,0.0,0.018,0.0,0,0
195,1972-02-24,2.2222222222222223,1,1,1,1,"gas,gold,oil,silver",46.66639567503899,3.843024326960884,0.0,0.01,0.8382148645680825,-0.17648080973277824,0.0,0.018,0.0,0,0
196,1972-02-29,2.234126984126984,0,0,1,0,gas,,,,,,,,,0.0,0,0
197,1972-03-02,2.242063492063492,1,1,1,1,"gas,gold,oil,silver",47.94153037466153,3.869982151205554,0.0,0.01,0.9045426041985686,-0.10032587277009486,0.0,0.018,0.0,0,0
198,1972-03-07,2.253968253968254,1,1,1,1,"gas,gold,oil,silver",46.27346990732917,3.8345687927012078,0.0,0.01,0.8486788347094918,-0.16407445080045868,0.0,0.018,0.0,0,0
199,1972-03-10,2.265873015873016,1,1,1,1,"gas,gold,oil,silver",46.6813092690177,3.8433438547760463,0.0,0.01,0.8589740359529459,-0.1520165833534758,0.0,0.018,0.0,0,0
200,1972-03-15,2.2777777777777777,1,1,1,1,"gas,gold,oil,silver",47.18495702104342,3.854075134612299,0.0,0.01,0.8721713223958246,-0.13676940373357194,0.0,0.018,0.0,0,0
201,1972-03-20,2.2896825396825395,1,0,1,1,"gas,gold,oil",46.37380479913376,3.8367347480700644,0.0,0.01,,,,,0.0,0,0
202,1972-03-23,2.3015873015873014,1,1,0,1,"gold,oil,silver",46.398687216252185,3.8372711660787764,0.0,0.01,0.8426703149679066,-0.17117948292146268,0.0,0.018,0.0,0,0
203,1972-03-28,2.3134920634920637,1,1,1,1,"gas,gold,oil,silver",47.960966540261126,3.8703874830058917,0.0,0.01,0.9123285659396514,-0.09175508411867028,0.0,0.018,0.0,0,0
204,1972-03-31,2.3253968253968256,0,1,1,1,"gas,oil,silver",,,,,0.9007735914669707,-0.10450133878159473,0.0,0.018,0.0,0,0
205,1972-04-04,2.3333333333333335,1,1,0,1,"gold,oil,silver",47.76789853789466,3.8663538351822835,0.0,0.01,0.9133095181697686,-0.09068044360469318,0.0,0.018,0.0,0,0
206,1972-04-07,2.3452380952380953,1,1,1,0,"gas,gold,silver",48.09835652976117,3.8732480087475505,0.0,0.01,0.9046169322417659,-0.10024370418104345,0.0,0.018,0.0,0,0
207,1972-04-12,2.357142857142857,1,1,1,1,"gas,gold,oil,silver",47.700997683673336,3.864952313475843,0.0,0.01,0.90918663401574,-0.09520488793039483,0.0,0.018,0.0,0,0
208,1972-04-17,2.369047619047619,1,1,1,1,"gas,gold,oil,silver",47.31071620401488,3.8567368280618646,0.0,0.01,0.8974785131289451,-0.10816609970969249,0.0,0.018,0.0,0,0
209,1972-04-20,2.380952380952381,1,1,0,1,"gold,oil,silver",46.91247570115052,3.8482836464999184,0.0,0.01,0.8873938692085228,-0.11946634877369844,0.0,0.018,0.0,0,0
210,1972-04-25,2.392857142857143,1,1,1,1,"gas,gold,oil,silver",46.558625850034566,3.840712289457464,0.0,0.01,0.9146168168121223,-0.08925008085951813,0.0,0.018,0.0,0,0
211,1972-04-28,2.4047619047619047,1,0,1,0,"gas,gold",47.25543870258913,3.855567752132402,0.0,0.01,,,,,0.0,0,0
212,1972-05-03,2.4166666666666665,0,1,0,0,silver,,,,,1.0096198343900826,0.009573858402329494,0.0,0.018,0.0,0,0
213,1972-05-05,2.4246031746031744,1,1,0,1,"gold,oil,silver",48.26577621007884,3.8767227424271153,0.0,0.01,0.965603483889454,-0.03500200120050434,0.0,0.018,0.0,0,0
214,1972-05-10,2.4365079365079363,1,1,1,1,"gas,gold,oil,silver",50.55603738225817,3.9230823722073884,0.0,0.01,1.0412287627471706,0.04040151836983108,0.0,0.018,0.0,0,0
215,1972-05-15,2.4484126984126986,1,1,1,0,"gas,gold,silver",50.3287019226346,3.918575529131101,0.0,0.01,1.03303006939155,0.03249629851496172,0.0,0.018,0.0,0,0
216,1972-05-18,2.4603174603174605,0,0,1,1,"gas,oil",,,,,,,,,0.0,0,0
217,1972-05-23,2.4722222222222223,1,1,1,1,"gas,gold,oil,silver",50.3280930845934,3.9185634318247806,0.0,0.01,1.039467109806551,0.038708187417624496,0.0,0.018,0.0,0,0
218,1972-05-26,2.484126984126984,1,1,1,1,"gas,gold,oil,silver",50.87337241626652,3.929339651433153,0.0,0.01,1.0330810376204504,0.03254563587028403,0.0,0.018,0.0,0,0
219,1972-05-31,2.496031746031746,1,1,1,1,"gas,gold,oil,silver",51.804988445996315,3.947486446674954,0.0,0.01,1.0623333080335795,0.06046772295182057,0.0,0.018,0.0,0,0
220,1972-06-02,2.503968253968254,1,1,1,0,"gas,gold,silver",52.40317365731233,3.9589671554721946,0.0,0.01,1.0979673503622978,0.09346060709176573,0.0,0.018,0.0,0,0
221,1972-06-07,2.515873015873016,1,1,1,1,"gas,gold,oil,silver",51.95515287970104,3.950380901840961,0.0,0.01,1.1022032618143223,0.09731114182963252,0.0,0.018,0.0,0,0
222,1972-06-12,2.5277777777777777,1,0,1,1,"gas,gold,oil",51.97105943423013,3.950687014308627,0.0,0.01,,,,,0.0,0,0
223,1972-06-15,2.5396825396825395,1,1,1,1,"gas,gold,oil,silver",51.12610863992982,3.934295299016455,0.0,0.01,1.033134592066573,0.032597474066999976,0.0,0.018,0.0,0,0
224,1972-06-20,2.5515873015873014,0,1,1,1,"gas,oil,silver",,,,,1.01788509269394,0.017727036211179215,0.0,0.018,0.0,0,0
225,1972-06-23,2.5634920634920637,1,1,1,1,"gas,gold,oil,silver",52.0803565329316,3.9527878437473034,0.0,0.01,1.033596659280096,0.033044621920326867,0.0,0.018,0.0,0,0
226,1972-06-28,2.5753968253968256,1,1,1,1,"gas,gold,oil,silver",51.00065284995275,3.9318384336218597,0.0,0.01,0.9810678698055058,-0.01911363750255246,0.0,0.018,0.0,0,0
227,1972-07-03,2.5873015873015874,1,1,1,1,"gas,gold,oil,silver",51.28736902810913,3.9374445040845005,0.0,0.01,0.9826390629300731,-0.017513405376607172,0.0,0.018,0.0,0,0
228,1972-07-05,2.5952380952380953,1,1,1,1,"gas,gold,oil,silver",50.8683804990627,3.9292415222567865,0.0,0.01,0.9533036700720944,-0.04782177962943168,0.0,0.018,0.0,0,0
229,1972-07-10,2.607142857142857,1,1,1,1,"gas,gold,oil,silver",52.948580501333154,3.9693212634035184,0.0,0.01,0.9843631552341828,-0.01576038981850658,0.0,0.018,0.0,0,0
230,1972-07-13,2.619047619047619,1,0,1,1,"gas,gold,oil",53.41435806963878,3.9780795875336077,0.0,0.01,,,,,0.0,0,0
231,1972-07-18,2.630952380952381,1,0,0,1,"gold,oil",55.61036653984342,4.018369632435499,0.0,0.01,,,,,0.0,0,0
232,1972-07-21,2.642857142857143,1,1,1,1,"gas,gold,oil,silver",56.68661719256583,4.037538154524823,0.0,0.01,1.0940669287441513,0.08990188013959854,0.0,0.018,0.0,0,0
233,1972-07-26,2.6547619047619047,1,0,1,1,"gas,gold,oil",55.46532228038032,4.015758001691732,0.0,0.01,,,,,0.0,0,0
234,1972-07-31,2.6666666666666665,1,1,0,0,"gold,silver",56.13682610266941,4.027792033936003,0.0,0.01,1.0700162065239098,0.06767379464313894,0.0,0.018,0.0,0,0
235,1972-08-03,2.6785714285714284,0,1,1,1,"gas,oil,silver",,,,,1.0724195773273446,0.06991738283346105,0.0,0.018,0.0,0,0
236,1972-08-07,2.6865079365079363,1,1,1,1,"gas,gold,oil,silver",55.72372716633105,4.020406037671111,0.0,0.01,1.0372486616596808,0.03657168995252491,0.0,0.018,0.0,0,0
237,1972-08-10,2.6984126984126986,1,1,1,1,"gas,gold,oil,silver",56.00727463698024,4.025481586530115,0.0,0.01,1.0731817408286513,0.07062782566076031,0.0,0.018,0.0,0,0
238,1972-08-15,2.7103174603174605,1,1,1,1,"gas,gold,oil,silver",56.37882627105592,4.032093667290051,0.0,0.01,1.088600936965123,0.08489332772411717,0.0,0.018,0.0,0,0
239,1972-08-18,2.7222222222222223,1,1,1,1,"gas,gold,oil,silver",55.877237769714654,4.0231571017016075,0.0,0.01,1.0292066829481619,0.028788294746929455,0.0,0.018,0.0,0,0
240,1972-08-23,2.734126984126984,1,1,1,1,"gas,gold,oil,silver",54.68053085612208,4.0015077202234375,0.0,0.01,1.0001534986346772,0.0001534868549670776,0.0,0.018,0.0,0,0
241,1972-08-28,2.746031746031746,1,1,1,1,"gas,gold,oil,silver",54.64778553292251,4.000908692903521,0.0,0.01,1.0386492101056506,0.03792103249728118,0.0,0.018,0.0,0,0
242,1972-08-31,2.757936507936508,1,1,1,1,"gas,gold,oil,silver",55.23011576743008,4.011508380007768,0.0,0.01,1.0431648039962405,0.04225917312055916,0.0,0.018,0.0,0,0
243,1972-09-04,2.765873015873016,1,1,1,1,"gas,gold,oil,silver",54.33556222309681,3.9951789338082366,0.0,0.01,1.0118170150481602,0.011747739346438135,0.0,0.018,0.0,0,0
244,1972-09-07,2.7777777777777777,1,0,1,1,"gas,gold,oil",56.61736654946138,4.036315767642378,0.0,0.01,,,,,0.0,0,0
245,1972-09-12,2.7896825396825395,1,1,1,1,"gas,gold,oil,silver",55.585498653132895,4.0179223516471,0.0,0.01,1.0399234823800783,0.039147135811995026,0.0,0.018,0.0,0,0
246,1972-09-15,2.8015873015873014,1,1,1,1,"gas,gold,oil,silver",55.14252023675801,4.009921110694755,0.0,0.01,1.0185501392411926,0.01838018398672936,0.0,0.018,0.0,0,0
247,1972-09-20,2.8134920634920637,0,1,1,1,"gas,oil,silver",,,,,1.0217034652829426,0.02147129829290173,0.0,0.018,0.0,0,0
248,1972-09-25,2.8253968253968256,0,0,1,1,"gas,oil",,,,,,,,,0.0,0,0
249,1972-09-28,2.8373015873015874,1,0,1,0,"gas,gold",55.07161027197853,4.008634343304106,0.0,0.01,,,,,0.0,0,0
250,1972-10-03,2.8492063492063493,1,1,1,1,"gas,gold,oil,silver",55.172406392882905,4.010462944112392,0.0,0.01,1.0767343913629126,0.07393274878285117,0.0,0.018,0.0,0,0
251,1972-10-05,2.857142857142857,1,1,1,1,"gas,gold,oil,silver",56.58146993230278,4.0356815452514505,0.0,0.01,1.11126308566844,0.1054972834062875,0.0,0.018,0.0,0,0
252,1972-10-10,2.869047619047619,1,0,1,1,"gas,gold,oil",58.28964572882376,4.065424474303936,0.0,0.01,,,,,0.0,0,0
253,1972-10-13,2.880952380952381,1,0,1,1,"gas,gold,oil",58.101765897028926,4.062196057492858,0.0,0.01,,,,,0.0,0,0
254,1972-10-18,2.892857142857143,1,0,1,1,"gas,gold,oil",60.06950990654309,4.095502390122996,0.0,0.01,,,,,0.0,0,0
255,1972-10-23,2.9047619047619047,1,1,1,0,"gas,gold,silver",60.78658571911007,4.107369135009926,0.0,0.01,1.2527304602490503,0.22532553724976506,0.0,0.018,0.0,0,0
256,1972-10-26,2.9166666666666665,0,0,1,1,"gas,oil",,,,,,,,,0.0,0,0
257,1972-10-31,2.9285714285714284,1,1,1,1,"gas,gold,oil,silver",60.8898435030115,4.109066387458065,0.0,0.01,1.2581925615209812,0.22967621613582445,0.0,0.018,0.0,0,0
258,1972-11-03,2.9404761904761907,1,1,0,1,"gold,oil,silver",62.91444141135108,4.141775730539145,0.0,0.01,1.2883035866886008,0.2533263038591269,0.0,0.018,0.0,0,0
259,1972-11-07,2.9484126984126986,0,0,1,0,gas,,,,,,,,,0.0,0,0
260,1972-11-10,2.9603174603174605,1,1,1,1,"gas,gold,oil,silver",61.0678345485957,4.111985288093123,0.0,0.01,1.2501126427509939,0.2232336614549641,0.0,0.018,0.0,0,0
261,1972-11-15,2.9722222222222223,1,1,1,1,"gas,gold,oil,silver",61.88497124946554,4.125277359411859,0.0,0.01,1.2787448852777417,0.24587903849289783,0.0,0.018,0.0,0,0
262,1972-11-20,2.984126984126984,1,1,1,1,"gas,gold,oil,silver",61.613356612200235,4.120878675155788,0.0,0.01,1.2789142632658714,0.24601148615581164,0.0,0.018,0.0,0,0
263,1972-11-23,2.996031746031746,0,1,0,1,"oil,silver",,,,,1.278429882786198,0.24563267090232793,0.0,0.018,0.0,0,0
264,1972-11-28,3.007936507936508,0,1,1,1,"gas,oil,silver",,,,,1.2622066273698527,0.23286148080376012,0.0,0.018,0.0,0,0
265,1972-12-01,3.0198412698412698,1,1,1,1,"gas,gold,oil,silver",62.701895690218606,4.138391681475586,0.0,0.01,1.3303665928601218,0.2854545379830798,0.0,0.018,0.0,0,0
266,1972-12-06,3.0317460317460316,0,0,1,0,gas,,,,,,,,,0.0,0,0
267,1972-12-08,3.0396825396825395,0,1,1,1,"gas,oil,silver",,,,,1.2385074333877433,0.2139069718571972,0.0,0.018,0.0,0,0
268,1972-12-13,3.0515873015873014,1,1,0,1,"gold,oil,silver",59.2232128431089,4.081313573871679,0.0,0.01,1.2017896309343876,0.18381180493437843,0.0,0.018,0.0,0,0
269,1972-12-18,3.0634920634920637,1,1,0,0,"gold,silver",59.53150262942778,4.086505628396002,0.0,0.01,1.2113107242842023,0.19170301653416255,0.0,0.018,0.0,0,0
270,1972-12-21,3.0753968253968256,1,1,1,1,"gas,gold,oil,silver",57.78657260253297,4.056756440776014,0.0,0.01,1.1479656525776416,0.13799137809232664,0.0,0.018,0.0,0,0
271,1972-12-26,3.0873015873015874,1,1,0,1,"gold,oil,silver",57.58713709046384,4.053299228361802,0.0,0.01,1.1254602473252264,0.11819206072775723,0.0,0.018,0.0,0,0
272,1972-12-29,3.0992063492063493,1,1,1,1,"gas,gold,oil,silver",57.80277081577123,4.057036712518465,0.0,0.01,1.135577281914947,0.12714114005812172,0.0,0.018,0.0,0,0
273,1973-01-03,3.111111111111111,1,1,0,1,"gold,oil,silver",57.703334623539696,4.055314964279832,0.0,0.01,1.138688722273385,0.1298773567486553,0.0,0.018,0.0,0,0
274,1973-01-05,3.119047619047619,1,1,0,1,"gold,oil,silver",56.85005637756039,4.04041721188577,0.0,0.01,1.1060611741002477,0.10080521269192078,0.0,0.018,0.0,0,0
275,1973-01-10,3.130952380952381,1,1,1,1,"gas,gold,oil,silver",56.06057274568822,4.026432762339612,0.0,0.01,1.0993927397826246,0.09475797262293129,0.0,0.018,0.0,0,0
276,1973-01-15,3.142857142857143,1,1,1,1,"gas,gold,oil,silver",58.49942182240802,4.069016870811329,0.0,0.01,1.1781625087571521,0.16395602881928395,0.0,0.018,0.0,0,0
277,1973-01-18,3.1547619047619047,1,0,1,1,"gas,gold,oil",58.694448032618475,4.072345140293057,0.0,0.01,,,,,0.0,0,0
278,1973-01-23,3.1666666666666665,1,1,0,0,"gold,silver",58.87770516301713,4.075462498848195,0.0,0.01,1.1410622318904997,0.13195961092678354,0.0,0.018,0.0,0,0
279,1973-01-26,3.1785714285714284,0,1,1,1,"gas,oil,silver",,,,,1.1037332767130987,0.09869832148543911,0.0,0.018,0.0,0,0
280,1973-01-31,3.1904761904761907,1,1,1,1,"gas,gold,oil,silver",59.295502352193054,4.082533457464403,0.0,0.01,1.132311528020764,0.12426114335179372,0.0,0.018,0.0,0,0
281,1973-02-05,3.2023809523809526,1,1,1,0,"gas,gold,silver",57.478995327239325,4.05141958240879,0.0,0.01,1.0657533220275714,0.06368189373791311,0.0,0.018,0.0,0,0
282,1973-02-07,3.2103174603174605,0,1,1,1,"gas,oil,silver",,,,,1.0341268026389687,0.03355740168053434,0.0,0.018,0.0,0,0
283,1973-02-12,3.2222222222222223,0,1,1,1,"gas,oil,silver",,,,,0.981986365978686,-0.01817785465614541,0.0,0.018,0.0,0,0
284,1973-02-15,3.234126984126984,1,1,0,1,"gold,oil,silver",55.9484279423564,4.024430336818176,0.0,0.01,0.9601272937777537,-0.04068940562539103,0.0,0.018,0.0,0,0
285,1973-02-20,3.246031746031746,1,1,1,1,"gas,gold,oil,silver",54.10760092436097,3.9909746736612135,0.0,0.01,0.9218140243413361,-0.08141178472886712,0.0,0.018,0.0,0,0
286,1973-02-23,3.257936507936508,1,1,1,0,"gas,gold,silver",54.6042244918425,4.000111251403295,0.0,0.01,0.9661511190539144,-0.03443501906074742,0.0,0.018,0.0,0,0
287,1973-02-28,3.2698412698412698,1,1,1,1,"gas,gold,oil,silver",56.19323982872516,4.028796461919391,0.0,0.01,0.9984225899937195,-0.0015786554273098385,0.0,0.018,0.0,0,0
288,1973-03-05,3.2817460317460316,1,1,1,1,"gas,gold,oil,silver",55.54763668879057,4.017240971324468,0.0,0.01,0.9982686128779821,-0.0017328877050112323,0.0,0.018,0.0,0,0
289,1973-03-08,3.2936507936507935,1,1,1,1,"gas,gold,oil,silver",54.79145962150319,4.003534335485735,0.0,0.01,0.9454919522135447,-0.05604990259246212,0.0,0.018,0.0,0,0
290,1973-03-12,3.3015873015873014,1,1,1,0,"gas,gold,silver",55.67940044079511,4.019610248022699,0.0,0.01,0.9431092323559921,-0.058573168108999374,0.0,0.018,0.0,0,0
291,1973-03-15,3.3134920634920637,1,1,1,1,"gas,gold,oil,silver",56.226996632286635,4.029397008682833,0.0,0.01,0.9668953836934943,-0.033664975841094846,0.0,0.018,0.0,0,0
292,1973-03-20,3.3253968253968256,0,0,1,1,"gas,oil",,,,,,,,,0.0,0,0
293,1973-03-23,3.3373015873015874,1,1,1,0,"gas,gold,silver",57.11557103094259,4.045076777051411,0.0,0.01,0.9936897259164651,-0.006330268018894358,0.0,0.018,0.0,0,0
294,1973-03-28,3.3492063492063493,0,0,1,0,gas,,,,,,,,,0.0,0,0
295,1973-04-02,3.361111111111111,0,1,1,1,"gas,oil,silver",,,,,1.0181309550106596,0.017968549354645647,0.0,0.018,0.0,0,0
296,1973-04-05,3.373015873015873,1,1,1,1,"gas,gold,oil,silver",58.179991051377904,4.063541499257795,0.0,0.01,1.0190540582521723,0.018874803130008555,0.0,0.018,0.0,0,0
297,1973-04-09,3.380952380952381,1,1,1,1,"gas,gold,oil,silver",58.07830134914132,4.061792123345412,0.0,0.01,0.9967127216996707,-0.0032926932699056666,0.0,0.018,0.0,0,0
298,1973-04-12,3.392857142857143,1,1,0,1,"gold,oil,silver",58.06694444559142,4.061596559532044,0.0,0.01,1.0084266059341587,0.00839130028955648,0.0,0.018,0.0,0,0
299,1973-04-17,3.4047619047619047,1,1,1,1,"gas,gold,oil,silver",58.69360517484998,4.072330780096333,0.0,0.01,1.032713697670116,0.03218999554655677,0.0,0.018,0.0,0,0
300,1973-04-20,3.4166666666666665,1,0,0,1,"gold,oil",58.547658036408656,4.069841089865569,0.0,0.01,,,,,0.0,0,0
301,1973-04-25,3.4285714285714284,1,1,1,1,"gas,gold,oil,silver",56.315726066574854,4.030973822368244,0.0,0.01,0.9280743568887535,-0.07464342344814101,0.0,0.018,0.0,0,0
302,1973-04-30,3.4404761904761907,1,1,1,1,"gas,gold,oil,silver",55.23189949692623,4.01154067580632,0.0,0.01,0.9077927546055341,-0.09673917025893441,0.0,0.018,0.0,0,0
303,1973-05-03,3.4523809523809526,1,1,1,1,"gas,gold,oil,silver",54.67186870880575,4.001349293936151,0.0,0.01,0.9185404870504911,-0.08496929576605072,0.0,0.018,0.0,0,0
304,1973-05-08,3.4642857142857144,1,1,1,0,"gas,gold,silver",54.9395141279867,4.006232836943761,0.0,0.01,0.9348882788305293,-0.06732824471448262,0.0,0.018,0.0,0,0
305,1973-05-10,3.4722222222222223,1,1,1,0,"gas,gold,silver",55.23475673373659,4.011592406109536,0.0,0.01,0.9558367110499811,-0.04516818486048235,0.0,0.018,0.0,0,0
306,1973-05-15,3.484126984126984,1,1,1,1,"gas,gold,oil,silver",56.006338887126965,4.0254648787421266,0.0,0.01,0.9689203600828356,-0.03157285820597977,0.0,0.018,0.0,0,0
307,1973-05-18,3.496031746031746,1,1,1,1,"gas,gold,oil,silver",54.48943922923722,3.998006907281953,0.0,0.01,0.9312536687797598,-0.07122356966685583,0.0,0.018,0.0,0,0
308,1973-05-23,3.507936507936508,1,1,1,1,"gas,gold,oil,silver",54.8113619088933,4.003897506567117,0.0,0.01,0.9226420322860266,-0.08051395038107956,0.0,0.018,0.0,0,0
309,1973-05-28,3.5198412698412698,1,0,0,1,"gold,oil",53.35130191252565,3.9768983806838536,0.0,0.01,,,,,0.0,0,0
310,1973-05-31,3.5317460317460316,1,1,1,1,"gas,gold,oil,silver",54.230490638140374,3.993243308168494,0.0,0.01,0.9146892079769715,-0.08917093481844451,0.0,0.018,0.0,0,0
311,1973-06-05,3.5436507936507935,1,1,1,1,"gas,gold,oil,silver",54.92048438184337,4.005886400632241,0.0,0.01,0.9608924377002283,-0.039892803747337835,0.0,0.018,0.0,0,0
312,1973-06-08,3.5555555555555554,1,1,1,1,"gas,gold,oil,silver",55.931434267738446,4.02412655248357,0.0,0.01,0.9875954897067883,-0.012482088444598638,0.0,0.018,0.0,0,0
313,1973-06-12,3.5634920634920637,0,1,1,1,"gas,oil,silver",,,,,1.026517962592604,0.026172456196230987,0.0,0.018,0.0,0,0
314,1973-06-15,3.5753968253968256,1,1,0,1,"gold,oil,silver",56.840967704463175,4.040257328144904,0.0,0.01,1.012791230942938,0.012710114138595796,0.0,0.018,0.0,0,0
315,1973-06-20,3.5873015873015874,1,1,1,1,"gas,gold,oil,silver",58.889045145189435,4.075655082615305,0.0,0.01,1.0650528723365846,0.06302444331556145,0.0,0.018,0.0,0,0
316,1973-06-25,3.5992063492063493,1,1,1,1,"gas,gold,oil,silver",59.767481100402435,4.090461718739186,0.0,0.01,1.0832446477201605,0.07996084067959675,0.0,0.018,0.0,0,0
317,1973-06-28,3.611111111111111,1,1,1,1,"gas,gold,oil,silver",59.76360908534085,4.090396931995303,0.0,0.01,1.0481445962067513,0.047021549861109735,0.0,0.018,0.0,0,0
318,1973-07-03,3.623015873015873,0,1,1,1,"gas,oil,silver",,,,,1.108041404076066,0.10259395592661302,0.0,0.018,0.0,0,0
319,1973-07-06,3.634920634920635,1,1,1,1,"gas,gold,oil,silver",61.55744965781357,4.119970879551959,0.0,0.01,1.1225518286803857,0.11560451211212674,0.0,0.018,0.0,0,0
320,1973-07-11,3.6468253968253967,1,1,1,1,"gas,gold,oil,silver",61.423514140975115,4.11779272830555,0.0,0.01,1.1041995770910504,0.09912070786741733,0.0,0.018,0.0,0,0
321,1973-07-13,3.6547619047619047,1,1,1,1,"gas,gold,oil,silver",60.744399535361545,4.106674889252688,0.0,0.01,1.1070456046988784,0.10169484953456098,0.0,0.018,0.0,0,0
322,1973-07-18,3.6666666666666665,1,1,1,0,"gas,gold,silver",61.78319856410535,4.123631459606134,0.0,0.01,1.1645937759775369,0.15237233606308165,0.0,0.018,0.0,0,0
323,1973-07-23,3.6785714285714284,1,1,0,1,"gold,oil,silver",64.2467904040872,4.162731767727347,0.0,0.01,1.2254304388833346,0.20329216095793234,0.0,0.018,0.0,0,0
324,1973-07-26,3.6904761904761907,1,1,1,0,"gas,gold,silver",65.90629798722952,4.18823400579227,0.0,0.01,1.266258703970601,0.2360666503739931,0.0,0.018,0.0,0,0
325,1973-07-31,3.7023809523809526,0,1,0,1,"oil,silver",,,,,1.2528435326207485,0.22541579391119004,0.0,0.018,0.0,0,0
326,1973-08-03,3.7142857142857144,1,1,0,1,"gold,oil,silver",66.59205831251523,4.198585325879318,0.0,0.01,1.2511054403335338,0.22402751277196248,0.0,0.018,0.0,0,0
327,1973-08-08,3.7261904761904763,1,0,1,1,"gas,gold,oil",64.49265336049959,4.166551315926868,0.0,0.01,,,,,0.0,0,0
328,1973-08-10,3.734126984126984,1,1,1,1,"gas,gold,oil,silver",63.93049982724378,4.157796553100079,0.0,0.01,1.1860206498282808,0.1706037117462863,0.0,0.018,0.0,0,0
329,1973-08-15,3.746031746031746,1,0,1,1,"gas,gold,oil",63.4223005516417,4.149815543312608,0.0,0.01,,,,,0.0,0,0
330,1973-08-20,3.757936507936508,0,0,1,0,gas,,,,,,,,,0.0,0,0
331,1973-08-23,3.7698412698412698,1,1,1,1,"gas,gold,oil,silver",62.5871377779256,4.1365597901885565,0.0,0.01,1.1519231827291787,0.14143287839167973,0.0,0.018,0.0,0,0
332,1973-08-28,3.7817460317460316,1,1,1,1,"gas,gold,oil,silver",62.37577460678824,4.1331769725402765,0.0,0.01,1.1306025004039544,0.12275067682918384,0.0,0.018,0.0,0,0
333,1973-08-31,3.7936507936507935,1,1,1,1,"gas,gold,oil,silver",64.08413337659647,4.160196804059945,0.0,0.01,1.1696333956379854,0.1566903626477999,0.0,0.018,0.0,0,0
334,1973-09-05,3.8055555555555554,1,1,1,1,"gas,gold,oil,silver",65.07654831416387,4.1755642433623015,0.0,0.01,1.2187555092546334,0.197830263733761,0.0,0.018,0.0,0,0
335,1973-09-10,3.8174603174603177,1,1,1,1,"gas,gold,oil,silver",64.06118193816857,4.159838594497357,0.0,0.01,1.2256378391126566,0.20346139347722103,0.0,0.018,0.0,0,0
336,1973-09-12,3.8253968253968256,0,1,0,1,"oil,silver",,,,,1.1913524062515497,0.17508913766527268,0.0,0.018,0.0,0,0
337,1973-09-17,3.8373015873015874,1,1,1,0,"gas,gold,silver",62.66760085416915,4.137844581298108,0.0,0.01,1.144436821432255,0.13491265699274946,0.0,0.018,0.0,0,0
338,1973-09-20,3.8492063492063493,1,0,1,0,"gas,gold",62.41719303560944,4.133840766840941,0.0,0.01,,,,,0.0,0,0
339,1973-09-25,3.861111111111111,1,1,1,1,"gas,gold,oil,silver",62.06684750096666,4.128211989720022,0.0,0.01,1.0943805324304405,0.09018847937855623,0.0,0.018,0.0,0,0
340,1973-09-28,3.873015873015873,1,0,1,1,"gas,gold,oil",62.43854264225185,4.134182755244351,0.0,0.01,,,,,0.0,0,0
341,1973-10-03,3.884920634920635,1,1,1,1,"gas,gold,oil,silver",64.25540874084217,4.1628659029690045,0.0,0.01,1.1504402553223962,0.14014469982930466,0.0,0.018,0.0,0,0
342,1973-10-08,3.8968253968253967,1,1,1,1,"gas,gold,oil,silver",64.45638583580612,4.165988806490957,0.0,0.01,1.1365573790450103,0.12800385053711882,0.0,0.018,0.0,0,0
343,1973-10-11,3.9087301587301586,1,1,1,1,"gas,gold,oil,silver",63.32718336585727,4.148314674027783,0.0,0.01,1.102889736553128,0.09793376841408119,0.0,0.018,0.0,0,0
344,1973-10-15,3.9166666666666665,1,1,0,0,"gold,silver",64.23596324744778,4.162563229050251,0.0,0.01,1.1286211196408247,0.12099663950985795,0.0,0.018,0.0,0,0
345,1973-10-18,3.9285714285714284,1,1,1,0,"gas,gold,silver",63.592086894349315,4.152489042705111,0.0,0.01,1.1152767417078007,0.10910257295692216,0.0,0.018,0.0,0,0
346,1973-10-23,3.9404761904761907,0,1,1,1,"gas,oil,silver",,,,,1.1793077434239503,0.16492760821107233,0.0,0.018,0.0,0,0
347,1973-10-26,3.9523809523809526,1,1,1,1,"gas,gold,oil,silver",66.38371821562777,4.195451818818123,0.0,0.01,1.1800853071606952,0.16558673006845226,0.0,0.018,0.0,0,0
348,1973-10-31,3.9642857142857144,1,0,0,1,"gold,oil",66.92709898025487,4.2036039520861355,0.0,0.01,,,,,0.0,0,0
349,1973-11-05,3.9761904761904763,1,1,1,1,"gas,gold,oil,silver",66.66706889627018,4.199711111305779,0.0,0.01,1.1271787440024101,0.11971782408103437,0.0,0.018,0.0,0,0
350,1973-11-08,3.988095238095238,1,1,1,1,"gas,gold,oil,silver",65.32812085148137,4.179422584494095,0.0,0.01,1.128272361036402,0.12068757874984903,0.0,0.018,0.0,0,0
351,1973-11-12,3.996031746031746,1,1,1,1,"gas,gold,oil,silver",65.7458624606528,4.1857967407227115,0.0,0.01,1.139708076878818,0.13077215670081976,0.0,0.018,0.0,0,0
352,1973-11-15,4.007936507936508,1,1,1,1,"gas,gold,oil,silver",65.45993635615623,4.181438296817081,0.0,0.01,1.174336585374409,0.1607033799529035,0.0,0.018,0.0,0,0
353,1973-11-20,4.01984126984127,1,0,1,1,"gas,gold,oil",64.15747370300006,4.161340587829804,0.0,0.01,,,,,0.0,0,0
354,1973-11-23,4.031746031746032,1,1,1,1,"gas,gold,oil,silver",66.5002157084551,4.197205191392714,0.0,0.01,1.1996530777212484,0.1820324130969848,0.0,0.018,0.0,0,0
355,1973-11-28,4.0436507936507935,0,1,1,1,"gas,oil,silver",,,,,1.2103371082208754,0.1908989226417993,0.0,0.018,0.0,0,0
356,1973-12-03,4.055555555555555,1,1,1,1,"gas,gold,oil,silver",68.70263804997062,4.22978759805395,0.0,0.01,1.2375965300994556,0.21317121653931725,0.0,0.018,0.0,0,0
357,1973-12-06,4.067460317460317,1,1,0,1,"gold,oil,silver",69.81493211233472,4.245847913999998,0.0,0.01,1.2690876409067635,0.23829824931580634,0.0,0.018,0.0,0,0
358,1973-12-11,4.079365079365079,1,1,1,1,"gas,gold,oil,silver",70.29121466818702,4.252646821849244,0.0,0.01,1.2776962561945169,0.24505865649776704,0.0,0.018,0.0,0,0
359,1973-12-13,4.087301587301587,0,1,0,1,"oil,silver",,,,,1.236597505033478,0.21236366053838596,0.0,0.018,0.0,0,0
360,1973-12-18,4.099206349206349,1,1,1,1,"gas,gold,oil,silver",71.13310750419569,4.264552875464359,0.0,0.01,1.2808821025852115,0.24754898322646895,0.0,0.018,0.0,0,0
361,1973-12-21,4.111111111111111,1,1,1,1,"gas,gold,oil,silver",70.30069132980533,4.252781632762652,0.0,0.01,1.299293659988047,0.2618207783349216,0.0,0.018,0.0,0,0
362,1973-12-26,4.123015873015873,1,1,0,0,"gold,silver",70.1987819519101,4.251330959768842,0.0,0.01,1.2951244585168902,0.25860679749637233,0.0,0.018,0.0,0,0
363,1973-12-31,4.134920634920635,1,1,1,1,"gas,gold,oil,silver",71.80994768249363,4.274023013567353,0.0,0.01,1.3353827541954586,0.28921795802205563,0.0,0.018,0.0,0,0
364,1974-01-03,4.146825396825397,1,1,1,1,"gas,gold,oil,silver",74.93938109074502,4.316679534601054,0.0,0.01,1.408853164706838,0.34277601507074906,0.0,0.018,0.0,0,0
365,1974-01-08,4.158730158730159,0,1,1,1,"gas,oil,silver",,,,,1.3690767066911076,0.3141365759207782,0.0,0.018,0.0,0,0
366,1974-01-11,4.170634920634921,1,1,0,1,"gold,oil,silver",73.04498730523055,4.291075515790644,0.0,0.01,1.3557239107230523,0.3043355631262914,0.0,0.018,0.0,0,0
367,1974-01-15,4.178571428571429,1,1,0,1,"gold,oil,silver",71.76011521798088,4.273328823350992,0.0,0.01,1.3021044016152428,0.2639817261440694,0.0,0.018,0.0,0,0
368,1974-01-18,4.190476190476191,0,1,1,1,"gas,oil,silver",,,,,1.2559155273324507,0.22786481047570895,0.0,0.018,0.0,0,0
369,1974-01-23,4.2023809523809526,0,1,1,1,"gas,oil,silver",,,,,1.225047053652254,0.20297925440369824,0.0,0.018,0.0,0,0
370,1974-01-28,4.214285714285714,1,0,1,1,"gas,gold,oil",71.05087755315496,4.263396205672393,0.0,0.01,,,,,0.0,0,0
371,1974-01-31,4.226190476190476,1,0,1,1,"gas,gold,oil",69.35226137570093,4.239198754386393,0.0,0.01,,,,,0.0,0,0
372,1974-02-05,4.238095238095238,1,1,0,1,"gold,oil,silver",68.10495178859895,4.2210499240009405,0.0,0.01,1.1837035447048203,0.16864812057052403,0.0,0.018,0.0,0,0
373,1974-02-08,4.25,1,1,1,1,"gas,gold,oil,silver",67.68466221282824,4.2148595990487765,0.0,0.01,1.1793769804361787,0.1649863163644325,0.0,0.018,0.0,0,0
374,1974-02-13,4.261904761904762,1,1,1,1,"gas,gold,oil,silver",66.7918646106303,4.201581285859915,0.0,0.01,1.163835989250123,0.15172143667544746,0.0,0.018,0.0,0,0
375,1974-02-15,4.26984126984127,1,1,1,1,"gas,gold,oil,silver",67.40277365652167,4.210686169245446,0.0,0.01,1.1596094039475928,0.1480832276802837,0.0,0.018,0.0,0,0
376,1974-02-20,4.281746031746032,1,0,0,1,"gold,oil",68.18114431558861,4.222168050311778,0.0,0.01,,,,,0.0,0,0
377,1974-02-25,4.2936507936507935,1,1,1,1,"gas,gold,oil,silver",68.26448100085771,4.223389587395703,0.0,0.01,1.1784622442210704,0.16421040573283852,0.0,0.018,0.0,0,0
378,1974-02-28,4.305555555555555,1,1,1,1,"gas,gold,oil,silver",69.03366010126973,4.234594213202715,0.0,0.01,1.1748423294049355,0.1611339508516616,0.0,0.018,0.0,0,0
379,1974-03-05,4.317460317460317,1,1,1,1,"gas,gold,oil,silver",69.4335798891855,4.240370610564939,0.0,0.01,1.191156047289942,0.17492430386435964,0.0,0.018,0.0,0,0
380,1974-03-08,4.329365079365079,1,1,1,1,"gas,gold,oil,silver",69.5552227532111,4.242121009054189,0.0,0.01,1.22569589187318,0.2035087577016843,0.0,0.018,0.0,0,0
381,1974-03-13,4.341269841269841,1,1,1,1,"gas,gold,oil,silver",72.01749498925749,4.276909075461657,0.0,0.01,1.280460818591431,0.24722002766640194,0.0,0.018,0.0,0,0
382,1974-03-15,4.349206349206349,1,1,0,1,"gold,oil,silver",71.35992487128199,4.267736435458447,0.0,0.01,1.2512263180500138,0.2241241248348268,0.0,0.018,0.0,0,0
383,1974-03-20,4.361111111111111,1,1,1,1,"gas,gold,oil,silver",71.79109813359439,4.273760486941584,0.0,0.01,1.2905718065611622,0.2550853810626147,0.0,0.018,0.0,0,0
384,1974-03-25,4.373015873015873,1,1,1,1,"gas,gold,oil,silver",70.98673169110808,4.262492981987496,0.0,0.01,1.2546530116936712,0.22685904964856607,0.0,0.018,0.0,0,0
385,1974-03-28,4.384920634920635,1,1,1,1,"gas,gold,oil,silver",71.83281625671269,4.274341422567363,0.0,0.01,1.2585526962201694,0.22996240696148595,0.0,0.018,0.0,0,0
386,1974-04-02,4.396825396825397,1,1,1,0,"gas,gold,silver",71.27684938412806,4.26657158162631,0.0,0.01,1.246059351512389,0.21998605286836714,0.0,0.018,0.0,0,0
387,1974-04-05,4.408730158730159,0,1,0,1,"oil,silver",,,,,1.2338828727222009,0.21016600422159037,0.0,0.018,0.0,0,0
388,1974-04-10,4.420634920634921,1,0,0,1,"gold,oil",69.79419432413432,4.245550830437021,0.0,0.01,,,,,0.0,0,0
389,1974-04-15,4.432539682539683,1,1,1,1,"gas,gold,oil,silver",71.95642721455425,4.276060758246557,0.0,0.01,1.2681295113185735,0.2375429890631361,0.0,0.018,0.0,0,0
390,1974-04-17,4.440476190476191,1,1,1,0,"gas,gold,silver",70.88241967108601,4.261022443285907,0.0,0.01,1.2374352056775453,0.21304085504147718,0.0,0.018,0.0,0,0
391,1976-03-09,6.400793650793651,0,1,1,1,"gas,oil,silver",,,,,1.9898356987406074,0.6880520718809211,0.0,0.018,0.0,0,0
392,1976-03-12,6.412698412698413,1,1,0,1,"gold,oil,silver",108.64260251328083,4.688063618910802,0.0,0.01,1.8995813794680902,0.6416335353011826,0.0,0.018,0.0,0,0
393,1976-03-17,6.424603174603175,0,1,0,1,"oil,silver",,,,,1.8633186905536132,0.6223591400889225,0.0,0.018,0.0,0,0
394,1976-03-22,6.436507936507937,1,1,1,1,"gas,gold,oil,silver",108.66242793678349,4.6882460852211,0.0,0.01,1.8569604911135331,0.6189410064918603,0.0,0.018,0.0,0,0
395,1976-03-25,6.448412698412699,1,1,1,1,"gas,gold,oil,silver",108.2878798632996,4.6847932351246815,0.0,0.01,1.8627013392802334,0.6220277670559887,0.0,0.018,0.0,0,0
396,1976-03-30,6.4603174603174605,1,1,1,0,"gas,gold,silver",107.70593651252841,4.679404703465237,0.0,0.01,1.8654514581169306,0.6235030924972846,0.0,0.018,0.0,0,0
397,1976-04-02,6.472222222222222,1,1,0,1,"gold,oil,silver",106.85537991350529,4.6714763306474225,0.0,0.01,1.8072039309889738,0.5917808613513258,0.0,0.018,0.0,0,0
398,1976-04-06,6.48015873015873,1,1,1,1,"gas,gold,oil,silver",105.9998151499588,4.6634373502422335,0.0,0.01,1.7763779681663021,0.5745764418404915,0.0,0.018,0.0,0,0
399,1976-04-09,6.492063492063492,0,0,0,1,oil,,,,,,,,,0.0,0,0
400,1976-04-14,6.503968253968254,1,1,0,1,"gold,oil,silver",110.84641771938773,4.708145619070919,0.0,0.01,1.866122082648472,0.6238625250698631,0.0,0.018,0.0,0,0
401,1976-04-19,6.515873015873016,1,1,0,1,"gold,oil,silver",109.21948272167081,4.693359460599176,0.0,0.01,1.8674563628982452,0.6245772711645474,0.0,0.018,0.0,0,0
402,1976-04-22,6.527777777777778,1,1,0,0,"gold,silver",108.84949818746625,4.689966177541002,0.0,0.01,1.8748673002111722,0.6285378836971234,0.0,0.018,0.0,0,0
403,1976-04-27,6.5396825396825395,1,1,1,1,"gas,gold,oil,silver",109.43670705903591,4.69534636441421,0.0,0.01,1.9118508537275463,0.64807180621401,0.0,0.018,0.0,0,0
404,1976-04-30,6.551587301587301,1,0,1,0,"gas,gold",111.59112823306357,4.714841550667725,0.0,0.01,,,,,0.0,0,0
405,1976-05-04,6.559523809523809,1,1,1,1,"gas,gold,oil,silver",110.96922481163332,4.709252908921103,0.0,0.01,2.0020423116979686,0.6941678153839639,0.0,0.018,0.0,0,0
406,1976-05-07,6.571428571428571,0,1,1,0,"gas,silver",,,,,1.9984088939838052,0.692351310931617,0.0,0.018,0.0,0,0
407,1976-05-12,6.583333333333333,1,0,1,1,"gas,gold,oil",109.65008548546928,4.697294254484836,0.0,0.01,,,,,0.0,0,0
408,1976-05-17,6.595238095238095,1,1,1,1,"gas,gold,oil,silver",108.58354495699456,4.6875198762865455,0.0,0.01,2.042997153704787,0.7144179226405776,0.0,0.018,0.0,0,0
409,1976-05-20,6.607142857142857,0,1,1,0,"gas,silver",,,,,1.8957719237676165,0.6396261032254918,0.0,0.018,0.0,0,0
410,1976-05-25,6.619047619047619,1,1,0,1,"gold,oil,silver",99.44551115671636,4.599609867596689,0.0,0.01,1.8008869947775719,0.58827931840488,0.0,0.018,0.0,0,0
411,1976-05-28,6.630952380952381,1,1,1,1,"gas,gold,oil,silver",98.66671700429586,4.591747675834495,0.0,0.01,1.8086975179256273,0.5926069828829548,0.0,0.018,0.0,0,0
412,1976-06-02,6.642857142857143,1,0,0,1,"gold,oil",100.46464132509077,4.609805837982239,0.0,0.01,,,,,0.0,0,0
413,1976-06-04,6.650793650793651,1,1,1,1,"gas,gold,oil,silver",98.6696165182744,4.591777062353713,0.0,0.01,1.8187032260799703,0.5981237339877017,0.0,0.018,0.0,0,0
414,1976-06-09,6.662698412698413,0,1,1,0,"gas,silver",,,,,1.8408706911118125,0.6102386613874836,0.0,0.018,0.0,0,0
415,1976-06-14,6.674603174603175,1,1,1,1,"gas,gold,oil,silver",99.46833285562721,4.599839330750692,0.0,0.01,1.7880933259062601,0.5811498710861879,0.0,0.018,0.0,0,0
416,1976-06-17,6.686507936507937,1,1,1,0,"gas,gold,silver",101.66722445583952,4.621704974375132,0.0,0.01,1.8287034412215597,0.6036072136824071,0.0,0.018,0.0,0,0
417,1976-06-22,6.698412698412699,1,0,1,1,"gas,gold,oil",104.05239401741967,4.6448945609115215,0.0,0.01,,,,,0.0,0,0
418,1976-06-25,6.7103174603174605,1,1,1,0,"gas,gold,silver",102.37624855695074,4.628654738015355,0.0,0.01,1.838283634999024,0.6088323292198918,0.0,0.018,0.0,0,0
419,1976-06-30,6.722222222222222,1,0,1,1,"gas,gold,oil",101.41175208382624,4.619188982703984,0.0,0.01,,,,,0.0,0,0
420,1976-07-05,6.734126984126984,0,1,1,1,"gas,oil,silver",,,,,1.81292701949689,0.5949426769618877,0.0,0.018,0.0,0,0
421,1976-07-07,6.742063492063492,1,1,1,1,"gas,gold,oil,silver",102.63881924915704,4.631216216433311,0.0,0.01,1.8754179711287502,0.6288315525151964,0.0,0.018,0.0,0,0
422,1976-07-12,6.753968253968254,1,0,1,1,"gas,gold,oil",105.48233370689938,4.658543485879128,0.0,0.01,,,,,0.0,0,0
423,1976-07-15,6.765873015873016,0,1,1,1,"gas,oil,silver",,,,,1.9420976987944238,0.6637686769427553,0.0,0.018,0.0,0,0
424,1976-07-20,6.777777777777778,0,0,0,1,oil,,,,,,,,,0.0,0,0
425,1976-07-23,6.7896825396825395,1,1,1,1,"gas,gold,oil,silver",102.01775593387555,4.6251468759175856,0.0,0.01,1.8146739535071008,0.595905811638636,0.0,0.018,0.0,0,0
426,1976-07-28,6.801587301587301,1,1,1,1,"gas,gold,oil,silver",102.00360821671448,4.6250081873322735,0.0,0.01,1.8377725339093267,0.6085542588806444,0.0,0.018,0.0,0,0
427,1976-08-02,6.813492063492063,1,1,0,1,"gold,oil,silver",102.1129360870531,4.626079417311855,0.0,0.01,1.838736580619462,0.6090786948073342,0.0,0.018,0.0,0,0
428,1976-08-05,6.825396825396825,1,1,1,0,"gas,gold,silver",103.48082879012695,4.6393863664675,0.0,0.01,1.8159610350029018,0.5966148234527082,0.0,0.018,0.0,0,0
429,1976-08-09,6.833333333333333,1,1,0,1,"gold,oil,silver",101.93477212345901,4.62433311973828,0.0,0.01,1.7671429664280436,0.5693640991919515,0.0,0.018,0.0,0,0
430,1976-08-12,6.845238095238095,1,1,1,1,"gas,gold,oil,silver",102.11222196564283,4.626072423840364,0.0,0.01,1.760820278050932,0.5657797675489291,0.0,0.018,0.0,0,0
431,1976-08-17,6.857142857142857,1,1,1,1,"gas,gold,oil,silver",102.08110741986668,4.625767668086485,0.0,0.01,1.7534358383512705,0.5615771993106048,0.0,0.018,0.0,0,0
432,1976-08-20,6.869047619047619,1,1,1,1,"gas,gold,oil,silver",100.79971398939635,4.613135518226461,0.0,0.01,1.7276507251432962,0.5467625232983337,0.0,0.018,0.0,0,0
433,1976-08-25,6.880952380952381,1,1,0,1,"gold,oil,silver",99.01695860489318,4.59529113450391,0.0,0.01,1.6921883436098617,0.5260225691792924,0.0,0.018,0.0,0,0
434,1976-08-30,6.892857142857143,1,1,1,1,"gas,gold,oil,silver",98.98179825970251,4.59493597726841,0.0,0.01,1.6984072244352173,0.5296908850690926,0.0,0.018,0.0,0,0
435,1976-09-02,6.904761904761905,1,1,1,1,"gas,gold,oil,silver",97.5461074822061,4.58032516347653,0.0,0.01,1.6208941345686987,0.4829779319031876,0.0,0.018,0.0,0,0
436,1976-09-06,6.912698412698413,1,1,1,1,"gas,gold,oil,silver",96.8860336983596,4.573535377428958,0.0,0.01,1.6179459304374895,0.4811574005485581,0.0,0.018,0.0,0,0
437,1976-09-09,6.924603174603175,1,1,1,1,"gas,gold,oil,silver",94.9962815704109,4.553837749470402,0.0,0.01,1.5392273210763716,0.4312805509513278,0.0,0.018,0.0,0,0
438,1976-09-14,6.936507936507937,1,1,1,0,"gas,gold,silver",97.35026147260311,4.5783154177170475,0.0,0.01,1.5730501387659293,0.45301649818095285,0.0,0.018,0.0,0,0
439,1976-09-17,6.948412698412699,1,0,1,1,"gas,gold,oil",97.89077069827188,4.583852272347586,0.0,0.01,,,,,0.0,0,0
440,1976-09-22,6.9603174603174605,1,1,1,1,"gas,gold,oil,silver",98.92970768382645,4.594409574552907,0.0,0.01,1.6573530659420574,0.5052217911496557,0.0,0.018,0.0,0,0
441,1976-09-27,6.972222222222222,1,1,1,1,"gas,gold,oil,silver",95.32078470086529,4.557247884475982,0.0,0.01,1.5763629151476706,0.45512024103514187,0.0,0.018,0.0,0,0
442,1976-09-30,6.984126984126984,1,1,0,0,"gold,silver",97.86985014760421,4.583638536299376,0.0,0.01,1.6291434139811176,0.4880543637933547,0.0,0.018,0.0,0,0
443,1976-10-05,6.996031746031746,1,1,1,1,"gas,gold,oil,silver",98.27084775310354,4.587727419111355,0.0,0.01,1.6843494986752905,0.5213794350675778,0.0,0.018,0.0,0,0
444,1976-10-07,7.003968253968254,1,1,1,1,"gas,gold,oil,silver",98.25519970134494,4.587568172517894,0.0,0.01,1.7033174171694994,0.5325777713763512,0.0,0.018,0.0,0,0
445,1976-10-12,7.015873015873016,1,1,1,1,"gas,gold,oil,silver",98.73213241482507,4.592410449838662,0.0,0.01,1.6583995831856742,0.505853030804183,0.0,0.018,0.0,0,0
446,1976-10-15,7.027777777777778,1,0,1,1,"gas,gold,oil",98.27697285765571,4.587789745974457,0.0,0.01,,,,,0.0,0,0
447,1976-10-20,7.0396825396825395,1,1,1,1,"gas,gold,oil,silver",94.03871055204877,4.543706511881231,0.0,0.01,1.5080830136608623,0.41083931691735787,0.0,0.018,0.0,0,0
448,1976-10-25,7.051587301587301,1,1,1,1,"gas,gold,oil,silver",93.49660802776806,4.537925157858705,0.0,0.01,1.4652072757919612,0.38199671764317233,0.0,0.018,0.0,0,0
449,1976-10-28,7.063492063492063,1,1,1,0,"gas,gold,silver",95.44534005044557,4.558553728136037,0.0,0.01,1.519880264034097,0.41863155809359887,0.0,0.018,0.0,0,0
450,1976-11-02,7.075396825396825,1,1,1,1,"gas,gold,oil,silver",96.41378285411221,4.568649167061518,0.0,0.01,1.5181168683544992,0.41747066438580815,0.0,0.018,0.0,0,0
451,1976-11-05,7.087301587301587,1,1,1,1,"gas,gold,oil,silver",98.40486974897912,4.589090292152545,0.0,0.01,1.5596276612728293,0.44444711410189525,0.0,0.018,0.0,0,0
452,1976-11-09,7.095238095238095,1,0,1,0,"gas,gold",100.0025537917616,4.60519572357962,0.0,0.01,,,,,0.0,0,0
453,1976-11-12,7.107142857142857,1,1,1,1,"gas,gold,oil,silver",99.63916044547258,4.601555264480045,0.0,0.01,1.534017194615455,0.42788991188840764,0.0,0.018,0.0,0,0
454,1976-11-17,7.119047619047619,1,1,0,1,"gold,oil,silver",101.23065560862713,4.617401632015917,0.0,0.01,1.563323450313743,0.44681397200916395,0.0,0.018,0.0,0,0
455,1976-11-22,7.130952380952381,1,1,1,1,"gas,gold,oil,silver",104.29360107644887,4.647210008988033,0.0,0.01,1.625850074268792,0.4860308016277084,0.0,0.018,0.0,0,0
456,1976-11-25,7.142857142857143,1,1,1,1,"gas,gold,oil,silver",105.93901654762648,4.662863612966123,0.0,0.01,1.6600145084304205,0.5068263423485837,0.0,0.018,0.0,0,0
457,1976-11-30,7.154761904761905,1,1,1,1,"gas,gold,oil,silver",108.63144531719873,4.68796091731157,0.0,0.01,1.7622663175020645,0.5666006610995791,0.0,0.018,0.0,0,0
458,1976-12-03,7.166666666666667,1,1,1,1,"gas,gold,oil,silver",108.31330149179789,4.685027967257313,0.0,0.01,1.6930572631360805,0.5265359260498071,0.0,0.018,0.0,0,0
459,1976-12-07,7.174603174603175,1,1,1,1,"gas,gold,oil,silver",110.66780003639552,4.706532921488668,0.0,0.01,1.7708704704224467,0.5714712168952019,0.0,0.018,0.0,0,0
460,1976-12-10,7.186507936507937,1,1,1,1,"gas,gold,oil,silver",108.04041087792336,4.682505331933875,0.0,0.01,1.7020290140374221,0.5318210770313959,0.0,0.018,0.0,0,0
461,1976-12-15,7.198412698412699,1,1,1,1,"gas,gold,oil,silver",107.68881647246062,4.679245739146315,0.0,0.01,1.7048998165296734,0.5335063503755013,0.0,0.018,0.0,0,0
462,1979-01-03,9.321428571428571,1,1,1,1,"gas,gold,oil,silver",92.46374192180738,4.526816588450738,0.0,0.01,1.130124855594703,0.1223281182972219,0.0,0.018,0.0,0,0
463,1979-01-08,9.333333333333334,1,1,0,1,"gold,oil,silver",91.35633537515612,4.514767633185027,0.0,0.01,1.1384865256554744,0.1296997712785638,0.0,0.018,0.0,0,0
464,1979-01-11,9.345238095238095,1,1,1,0,"gas,gold,silver",89.86566378234346,4.498315930615749,0.0,0.01,1.130192259845653,0.12238775970816329,0.0,0.018,0.0,0,0
465,1979-01-16,9.357142857142858,1,1,1,1,"gas,gold,oil,silver",90.39610795269945,4.504201212850716,0.0,0.01,1.183797567500847,0.168727548449642,0.0,0.018,0.0,0,0
466,1979-01-19,9.369047619047619,0,1,1,1,"gas,oil,silver",,,,,1.2052273538871936,0.18666822457070575,0.0,0.018,0.0,0,0
467,1979-01-23,9.376984126984127,1,1,1,1,"gas,gold,oil,silver",91.63684057341976,4.517833380489654,0.0,0.01,1.188359594135959,0.17257386380611306,0.0,0.018,0.0,0,0
468,1979-01-26,9.38888888888889,1,1,1,1,"gas,gold,oil,silver",93.88519089469764,4.542072662324889,0.0,0.01,1.276398906172934,0.2440427584589815,0.0,0.018,0.0,0,0
469,1979-01-31,9.40079365079365,1,1,1,1,"gas,gold,oil,silver",94.11644485166474,4.544532790639013,0.0,0.01,1.2771286263176487,0.2446142973637272,0.0,0.018,0.0,0,0
470,1979-02-05,9.412698412698413,1,1,1,1,"gas,gold,oil,silver",93.86483510524819,4.541855823052343,0.0,0.01,1.2663326234282795,0.2361250249383373,0.0,0.018,0.0,0,0
471,1979-02-08,9.424603174603174,0,1,0,0,silver,,,,,1.2840792032238146,0.2500418881190929,0.0,0.018,0.0,0,0
472,1979-02-13,9.436507936507937,1,1,1,1,"gas,gold,oil,silver",92.95371224878294,4.532101651495638,0.0,0.01,1.2244652102064923,0.2025041855785371,0.0,0.018,0.0,0,0
473,1979-02-16,9.448412698412698,1,0,1,1,"gas,gold,oil",93.04644731457742,4.53309880196794,0.0,0.01,,,,,0.0,0,0
474,1979-02-21,9.46031746031746,1,1,1,1,"gas,gold,oil,silver",92.67166507717097,4.529062763249536,0.0,0.01,1.2284391318132775,0.2057443649980769,0.0,0.018,0.0,0,0
475,1979-02-23,9.468253968253968,1,1,0,1,"gold,oil,silver",93.01301590499797,4.532739439328053,0.0,0.01,1.2094233861450787,0.19014370565123118,0.0,0.018,0.0,0,0
476,1979-02-28,9.48015873015873,1,1,0,1,"gold,oil,silver",93.32033703407811,4.536038058742058,0.0,0.01,1.2149790723167184,0.19472685221348507,0.0,0.018,0.0,0,0
477,1979-03-05,9.492063492063492,1,1,0,1,"gold,oil,silver",96.5777222409241,4.570348095997934,0.0,0.01,1.3194955145305367,0.2772494775848967,0.0,0.018,0.0,0,0
478,1979-03-08,9.503968253968255,1,1,1,1,"gas,gold,oil,silver",95.03387560008818,4.554233413303211,0.0,0.01,1.2449708065618936,0.2191120810970858,0.0,0.018,0.0,0,0
479,1979-03-13,9.515873015873016,1,1,1,1,"gas,gold,oil,silver",96.40206933074491,4.568527667472672,0.0,0.01,1.2986014562589328,0.26128788249846857,0.0,0.018,0.0,0,0
480,1979-03-16,9.527777777777779,0,1,1,0,"gas,silver",,,,,1.3320045074490265,0.2866849560832124,0.0,0.018,0.0,0,0
481,1979-03-21,9.53968253968254,0,0,1,1,"gas,oil",,,,,,,,,0.0,0,0
482,1979-03-26,9.551587301587302,1,0,0,1,"gold,oil",102.65658745591858,4.631389315355406,0.0,0.01,,,,,0.0,0,0
483,1979-03-28,9.55952380952381,1,1,1,1,"gas,gold,oil,silver",102.88904883629661,4.63365121187319,0.0,0.01,1.4659329738785287,0.38249188200896933,0.0,0.018,0.0,0,0
484,1979-04-02,9.571428571428571,1,1,1,0,"gas,gold,silver",103.30234675281129,4.637660093706959,0.0,0.01,1.4984765830943527,0.4044489807551508,0.0,0.018,0.0,0,0
485,1979-04-05,9.583333333333334,1,1,1,1,"gas,gold,oil,silver",100.3285411394934,4.608450212210789,0.0,0.01,1.4290496502969674,0.3570096431285862,0.0,0.018,0.0,0,0
486,1979-04-10,9.595238095238095,1,1,1,1,"gas,gold,oil,silver",101.25296317641504,4.617621971498311,0.0,0.01,1.4861575682836459,0.3961939758583839,0.0,0.018,0.0,0,0
487,1979-04-13,9.607142857142858,1,1,1,1,"gas,gold,oil,silver",100.2519768615724,4.607686785309686,0.0,0.01,1.4790965842025028,0.39143148531688865,0.0,0.018,0.0,0,0
488,1979-04-18,9.619047619047619,1,1,0,0,"gold,silver",100.75134724484857,4.612655572894692,0.0,0.01,1.5082737322375896,0.41096577316444516,0.0,0.018,0.0,0,0
489,1979-04-23,9.630952380952381,1,1,1,1,"gas,gold,oil,silver",101.25031450432728,4.617595812197402,0.0,0.01,1.5167302060588277,0.4165568375219374,0.0,0.018,0.0,0,0
490,1979-04-25,9.63888888888889,1,1,1,1,"gas,gold,oil,silver",100.07370880271951,4.605907002499319,0.0,0.01,1.4954609982147449,0.40243451931933605,0.0,0.018,0.0,0,0
491,1979-04-30,9.65079365079365,1,0,1,1,"gas,gold,oil",99.81908172904313,4.603359364730898,0.0,0.01,,,,,0.0,0,0
492,1979-05-03,9.662698412698413,1,1,1,1,"gas,gold,oil,silver",96.5608552801188,4.570173434249208,0.0,0.01,1.4309820886157325,0.3583609838053663,0.0,0.018,0.0,0,0
493,1979-05-08,9.674603174603174,0,1,1,1,"gas,oil,silver",,,,,1.4213017974567936,0.35157321041888834,0.0,0.018,0.0,0,0
494,1979-05-11,9.686507936507937,1,1,1,1,"gas,gold,oil,silver",94.15874893294753,4.544982176255295,0.0,0.01,1.3703702626176804,0.3150809680095509,0.0,0.018,0.0,0,0
495,1979-05-16,9.698412698412698,1,1,1,1,"gas,gold,oil,silver",95.28517897546119,4.5568742788958465,0.0,0.01,1.350471224504616,0.30045358673335265,0.0,0.018,0.0,0,0
496,1979-05-21,9.71031746031746,1,1,1,0,"gas,gold,silver",93.65451304766074,4.5396126183073005,0.0,0.01,1.3484873596008098,0.2989834898798619,0.0,0.018,0.0,0,0
497,1979-05-24,9.722222222222221,0,0,1,1,"gas,oil",,,,,,,,,0.0,0,0
498,1979-05-28,9.73015873015873,1,1,1,0,"gas,gold,silver",93.93784963624222,4.542633389515498,0.0,0.01,1.3427273959126949,0.2947029154876113,0.0,0.018,0.0,0,0
499,1979-05-31,9.742063492063492,1,1,1,1,"gas,gold,oil,silver",95.73552530720622,4.561589444906852,0.0,0.01,1.3937590971959242,0.33200448334107935,0.0,0.018,0.0,0,0
500,1979-06-05,9.753968253968255,1,1,0,1,"gold,oil,silver",97.83883726203595,4.583321607232626,0.0,0.01,1.4168656785008,0.3484471633437145,0.0,0.018,0.0,0,0
501,1979-06-08,9.765873015873016,1,1,1,1,"gas,gold,oil,silver",96.74895482317395,4.572119528990289,0.0,0.01,1.4032582612337157,0.3387968620373196,0.0,0.018,0.0,0,0
502,1979-06-13,9.777777777777779,1,1,0,0,"gold,silver",96.07629739624687,4.565142640353972,0.0,0.01,1.4013815361653494,0.337458561589458,0.0,0.018,0.0,0,0
503,1979-06-18,9.78968253968254,0,1,0,1,"oil,silver",,,,,1.4584958775705992,0.37740568383593953,0.0,0.018,0.0,0,0
504,1979-06-21,9.801587301587302,0,0,1,0,gas,,,,,,,,,0.0,0,0
505,1979-06-26,9.813492063492063,1,1,1,1,"gas,gold,oil,silver",96.6088763069431,4.570670624232535,0.0,0.01,1.4032858112595317,0.3388164947422444,0.0,0.018,0.0,0,0
506,1979-06-28,9.821428571428571,0,1,0,1,"oil,silver",,,,,1.3872110597559417,0.3272952997314629,0.0,0.018,0.0,0,0
507,1979-07-03,9.833333333333334,1,1,1,0,"gas,gold,silver",97.65295198277988,4.581419887104165,0.0,0.01,1.3845062745560879,0.32534359562011805,0.0,0.018,0.0,0,0
508,1979-07-06,9.845238095238095,1,0,1,1,"gas,gold,oil",98.73077591839275,4.592396710585617,0.0,0.01,,,,,0.0,0,0
509,1979-07-11,9.857142857142858,0,0,1,1,"gas,oil",,,,,,,,,0.0,0,0
510,1979-07-16,9.869047619047619,1,0,1,0,"gas,gold",101.41189833878245,4.619190424892367,0.0,0.01,,,,,0.0,0,0
511,1979-07-19,9.880952380952381,1,1,0,1,"gold,oil,silver",102.84701286184865,4.633242572039356,0.0,0.01,1.6123707907502318,0.47770563670993116,0.0,0.018,0.0,0,0
512,1979-07-24,9.892857142857142,1,1,1,1,"gas,gold,oil,silver",104.12688426248322,4.6456101964815755,0.0,0.01,1.6296503301069698,0.4883654703988958,0.0,0.018,0.0,0,0
513,1979-07-26,9.90079365079365,1,1,1,1,"gas,gold,oil,silver",104.61107217393642,4.650249398552132,0.0,0.01,1.64050537539016,0.4950043500915906,0.0,0.018,0.0,0,0
514,1979-07-31,9.912698412698413,1,1,1,1,"gas,gold,oil,silver",105.3562486704742,4.657347451927146,0.0,0.01,1.6310137856697802,0.48920177588383107,0.0,0.018,0.0,0,0
515,1979-08-03,9.924603174603174,1,1,0,0,"gold,silver",105.57599714510474,4.659431045673389,0.0,0.01,1.6107931743984323,0.47672671258764454,0.0,0.018,0.0,0,0
516,1979-08-08,9.936507936507937,1,0,1,1,"gas,gold,oil",106.56995496468927,4.668801623643766,0.0,0.01,,,,,0.0,0,0
517,1979-08-13,9.948412698412698,0,1,1,1,"gas,oil,silver",,,,,1.7262136261566121,0.5459303545021988,0.0,0.018,0.0,0,0
518,1979-08-16,9.96031746031746,1,0,1,1,"gas,gold,oil",106.15921858992421,4.664940029314159,0.0,0.01,,,,,0.0,0,0
519,1979-08-21,9.972222222222221,1,1,1,1,"gas,gold,oil,silver",106.71516420709307,4.670163268238602,0.0,0.01,1.640073431564845,0.49474101617813904,0.0,0.018,0.0,0,0
520,1979-08-24,9.984126984126984,1,1,0,1,"gold,oil,silver",106.9526104499999,4.672385843365182,0.0,0.01,1.6224026287322082,0.48390815468721127,0.0,0.018,0.0,0,0
521,1979-08-28,9.992063492063492,0,1,0,1,"oil,silver",,,,,1.667053229874012,0.5110575347969558,0.0,0.018,0.0,0,0
522,1979-08-31,10.003968253968255,1,0,1,1,"gas,gold,oil",109.49464514950472,4.695875645316528,0.0,0.01,,,,,0.0,0,0
523,1979-09-05,10.015873015873016,1,1,1,1,"gas,gold,oil,silver",107.19914201896405,4.674688245050233,0.0,0.01,1.693772304975264,0.5269581745482493,0.0,0.018,0.0,0,0
524,1979-09-10,10.027777777777779,1,1,1,1,"gas,gold,oil,silver",109.25276437457549,4.693664136855355,0.0,0.01,1.6790402485802327,0.5182223495652226,0.0,0.018,0.0,0,0
525,1979-09-13,10.03968253968254,0,0,1,1,"gas,oil",,,,,,,,,0.0,0,0
526,1979-09-18,10.051587301587302,1,1,0,1,"gold,oil,silver",103.86949044514866,4.643135211529686,0.0,0.01,1.6353138397281124,0.49183473683304335,0.0,0.018,0.0,0,0
527,1979-09-21,10.063492063492063,0,1,1,1,"gas,oil,silver",,,,,1.5691956954383897,0.45056319219272356,0.0,0.018,0.0,0,0
528,1979-09-26,10.075396825396826,1,1,1,1,"gas,gold,oil,silver",100.31200924038414,4.608285421004671,0.0,0.01,1.4930459947189554,0.40081832499408776,0.0,0.018,0.0,0,0
529,1979-09-28,10.083333333333334,1,1,1,1,"gas,gold,oil,silver",99.10289416053266,4.596158645354835,0.0,0.01,1.454476609277897,0.374646117199812,0.0,0.018,0.0,0,0
530,1979-10-03,10.095238095238095,1,1,1,1,"gas,gold,oil,silver",99.17692115251353,4.596905337551451,0.0,0.01,1.5087790130500904,0.41130072310392773,0.0,0.018,0.0,0,0
531,1979-10-08,10.107142857142858,1,1,1,1,"gas,gold,oil,silver",100.1270381107084,4.606439760843855,0.0,0.01,1.5484858686655152,0.4372775945680496,0.0,0.018,0.0,0,0
532,1979-10-11,10.119047619047619,1,0,1,1,"gas,gold,oil",99.52868001531591,4.600445843990946,0.0,0.01,,,,,0.0,0,0
533,1979-10-16,10.130952380952381,1,1,1,1,"gas,gold,oil,silver",104.24794554367284,4.6467721534695965,0.0,0.01,1.62226666585368,0.48382434776190475,0.0,0.018,0.0,0,0
534,1979-10-19,10.142857142857142,1,0,1,1,"gas,gold,oil",103.92459576752788,4.643665595475403,0.0,0.01,,,,,0.0,0,0
535,1979-10-24,10.154761904761905,1,1,1,0,"gas,gold,silver",105.78219918260517,4.661382255576809,0.0,0.01,1.6680021196249084,0.511626574694086,0.0,0.018,0.0,0,0
536,1979-10-29,10.166666666666666,1,0,1,0,"gas,gold",105.01566569975708,4.654109536169281,0.0,0.01,,,,,0.0,0,0
537,1979-10-31,10.174603174603174,1,1,1,1,"gas,gold,oil,silver",105.59916783174793,4.659650490859936,0.0,0.01,1.6367816182605166,0.49273188586166905,0.0,0.018,0.0,0,0
538,1979-11-05,10.186507936507937,1,1,1,1,"gas,gold,oil,silver",106.70811254495295,4.670097186766609,0.0,0.01,1.6728114436831243,0.5145057101437532,0.0,0.018,0.0,0,0
539,1979-11-08,10.198412698412698,1,1,1,1,"gas,gold,oil,silver",108.37756513073754,4.685621103847012,0.0,0.01,1.724609392074605,0.545000585465016,0.0,0.018,0.0,0,0
540,1979-11-13,10.21031746031746,1,1,1,1,"gas,gold,oil,silver",109.1400091832719,4.692631545900211,0.0,0.01,1.730343319608524,0.5483198394617294,0.0,0.018,0.0,0,0
541,1982-06-24,12.916666666666666,1,0,1,0,"gas,gold",148.68738327855232,5.00184600305103,0.0,0.01,,,,,0.0,0,0
542,1982-06-29,12.928571428571429,1,1,1,1,"gas,gold,oil,silver",152.96657096013064,5.030219407063256,0.0,0.01,1.6168579061262454,0.48048470173450597,0.0,0.018,0.0,0,0
543,1982-07-02,12.94047619047619,1,1,1,1,"gas,gold,oil,silver",150.64159517945976,5.014903473641342,0.0,0.01,1.594622791507488,0.4666372139149366,0.0,0.018,0.0,0,0
544,1982-07-06,12.948412698412698,1,1,1,1,"gas,gold,oil,silver",151.3401860373356,5.019530190533068,0.0,0.01,1.6713809652748999,0.5136502100286059,0.0,0.018,0.0,0,0
545,1982-07-09,12.96031746031746,1,1,1,1,"gas,gold,oil,silver",155.3326660987033,5.0455690499464,0.0,0.01,1.6865530120392402,0.5226868081943912,0.0,0.018,0.0,0,0
546,1982-07-14,12.972222222222221,1,1,1,1,"gas,gold,oil,silver",156.75565584039475,5.054688260778487,0.0,0.01,1.7309175284732754,0.5486516311961415,0.0,0.018,0.0,0,0
547,1982-07-19,12.984126984126984,1,1,1,1,"gas,gold,oil,silver",155.01925204066896,5.043549315920225,0.0,0.01,1.7334410934027078,0.5501085042576359,0.0,0.018,0.0,0,0
548,1982-07-22,12.996031746031745,1,1,0,1,"gold,oil,silver",155.10718289325376,5.044116380478651,0.0,0.01,1.7074586761573132,0.535006110797952,0.0,0.018,0.0,0,0
549,1982-07-27,13.007936507936508,1,1,1,1,"gas,gold,oil,silver",156.40442316352826,5.052445108808036,0.0,0.01,1.7617111608154479,0.5662855871840249,0.0,0.018,0.0,0,0
550,1982-07-30,13.01984126984127,1,1,1,1,"gas,gold,oil,silver",152.18343131470706,5.025086578231774,0.0,0.01,1.6722051743493183,0.5141432190654271,0.0,0.018,0.0,0,0
551,1982-08-04,13.031746031746032,1,1,1,1,"gas,gold,oil,silver",150.43879849511,5.013556346965018,0.0,0.01,1.5989883915133039,0.4693711739838783,0.0,0.018,0.0,0,0
552,1982-08-06,13.03968253968254,1,1,1,1,"gas,gold,oil,silver",145.19950837228083,4.978108716519129,0.0,0.01,1.5269156669799522,0.4232497968004103,0.0,0.018,0.0,0,0
553,1982-08-11,13.051587301587302,1,1,1,1,"gas,gold,oil,silver",147.26597586585402,4.992240311491066,0.0,0.01,1.573127435121168,0.45306563485772267,0.0,0.018,0.0,0,0
554,1982-08-16,13.063492063492063,1,1,1,0,"gas,gold,silver",147.41238312410817,4.993233986566512,0.0,0.01,1.5941372640531333,0.4663326896173118,0.0,0.018,0.0,0,0
555,1982-08-19,13.075396825396826,0,1,1,1,"gas,oil,silver",,,,,1.5916273858558738,0.46475700591662117,0.0,0.018,0.0,0,0
556,1982-08-24,13.087301587301587,1,1,1,1,"gas,gold,oil,silver",149.76339987020742,5.009056714596375,0.0,0.01,1.6185346896582082,0.4815212273693076,0.0,0.018,0.0,0,0
557,1982-08-27,13.09920634920635,1,1,1,1,"gas,gold,oil,silver",147.13176000528978,4.991328511884552,0.0,0.01,1.5532695568936514,0.44036210083276395,0.0,0.018,0.0,0,0
558,1982-09-01,13.11111111111111,1,1,1,1,"gas,gold,oil,silver",142.18464395335045,4.957126522461603,0.0,0.01,1.5118850250635887,0.4133572332414197,0.0,0.018,0.0,0,0
559,1982-09-06,13.123015873015873,1,1,1,0,"gas,gold,silver",141.3132723276779,4.950979215411509,0.0,0.01,1.513577938761234,0.4144763438665189,0.0,0.018,0.0,0,0
560,1982-09-08,13.130952380952381,1,1,1,1,"gas,gold,oil,silver",140.66500043366275,4.946381180039425,0.0,0.01,1.5154773581155896,0.4157304771966517,0.0,0.018,0.0,0,0
561,1982-09-13,13.142857142857142,1,1,1,0,"gas,gold,silver",142.43422375400453,4.958880305453117,0.0,0.01,1.4772751762428966,0.39019929374042417,0.0,0.018,0.0,0,0
562,1982-09-16,13.154761904761905,1,1,1,1,"gas,gold,oil,silver",150.00587468411453,5.010674457890108,0.0,0.01,1.6279211453085403,0.48730382986459564,0.0,0.018,0.0,0,0
563,1982-09-21,13.166666666666666,0,0,1,1,"gas,oil",,,,,,,,,0.0,0,0
564,1982-09-24,13.178571428571429,0,1,1,1,"gas,oil,silver",,,,,1.618603593239228,0.48156379804439686,0.0,0.018,0.0,0,0
565,1982-09-29,13.19047619047619,1,0,1,0,"gas,gold",149.50014732322168,5.0072973782698655,0.0,0.01,,,,,0.0,0,0
566,1982-10-04,13.202380952380953,1,1,1,1,"gas,gold,oil,silver",147.21899803980597,4.991921260737314,0.0,0.01,1.5406694796120834,0.43221704897995694,0.0,0.018,0.0,0,0
567,1982-10-06,13.21031746031746,1,1,0,1,"gold,oil,silver",146.105093324386,4.98432618005444,0.0,0.01,1.554916257736142,0.4414216906351538,0.0,0.018,0.0,0,0
568,1982-10-11,13.222222222222221,0,1,1,1,"gas,oil,silver",,,,,1.469873812150582,0.3851765550315692,0.0,0.018,0.0,0,0
569,1984-07-18,15.055555555555555,1,1,1,1,"gas,gold,oil,silver",95.42137823328973,4.5583026438454155,0.0,0.01,0.7154686443491722,-0.33481750435726476,0.0,0.018,0.0,0,0
570,1984-07-23,15.067460317460318,1,1,1,1,"gas,gold,oil,silver",96.24613425531926,4.566908808780217,0.0,0.01,0.7442673889826512,-0.29535491492163923,0.0,0.018,0.0,0,0
571,1984-07-26,15.079365079365079,1,0,0,1,"gold,oil",97.71673316073755,4.5820728152201795,0.0,0.01,,,,,0.0,0,0
572,1984-07-31,15.091269841269842,1,1,0,1,"gold,oil,silver",96.33244631906172,4.567805191641326,0.0,0.01,0.7591066751407215,-0.2756129645048331,0.0,0.018,0.0,0,0
573,1984-08-03,15.103174603174603,0,1,0,1,"oil,silver",,,,,0.7664216003206722,-0.2660228685881627,0.0,0.018,0.0,0,0
574,1984-08-08,15.115079365079366,1,1,1,1,"gas,gold,oil,silver",99.47587040370993,4.599915106249177,0.0,0.01,0.7752587693553116,-0.25455840941729746,0.0,0.018,0.0,0,0
575,1984-08-10,15.123015873015873,1,1,1,1,"gas,gold,oil,silver",100.70969993436242,4.612242120153702,0.0,0.01,0.7894683172667103,-0.23639557621617135,0.0,0.018,0.0,0,0
576,1984-08-15,15.134920634920634,1,1,1,1,"gas,gold,oil,silver",102.01011022619788,4.625071928236907,0.0,0.01,0.8127647876962097,-0.20731352532050562,0.0,0.018,0.0,0,0
577,1984-08-20,15.146825396825397,1,1,1,0,"gas,gold,silver",99.89433728332914,4.6041130001973585,0.0,0.01,0.7939649248760384,-0.2307159939298502,0.0,0.018,0.0,0,0
578,1984-08-23,15.158730158730158,0,1,1,1,"gas,oil,silver",,,,,0.7879911699632909,-0.23826839481738293,0.0,0.018,0.0,0,0
579,1984-08-28,15.170634920634921,1,1,1,1,"gas,gold,oil,silver",100.99271211227413,4.615048356933579,0.0,0.01,0.7733431545775903,-0.25703240318571896,0.0,0.018,0.0,0,0
580,1984-08-31,15.182539682539682,1,1,1,1,"gas,gold,oil,silver",99.72934669707719,4.602459983676159,0.0,0.01,0.7587593584753646,-0.27607060261481986,0.0,0.018,0.0,0,0
581,1984-09-05,15.194444444444445,1,1,1,1,"gas,gold,oil,silver",98.21325805455754,4.587141216986166,0.0,0.01,0.7595635115169938,-0.2750113376419825,0.0,0.018,0.0,0,0
582,1984-09-10,15.206349206349206,0,1,0,0,silver,,,,,0.7462254427596501,-0.29272752234154664,0.0,0.018,0.0,0,0
583,1984-09-12,15.214285714285714,1,0,1,0,"gas,gold",97.32630543517146,4.5780693065601366,0.0,0.01,,,,,0.0,0,0
584,1984-09-17,15.226190476190476,1,1,1,0,"gas,gold,silver",96.2181324271057,4.566617826678512,0.0,0.01,0.7578052285129717,-0.2773288808265961,0.0,0.018,0.0,0,0
585,1984-09-20,15.238095238095237,1,1,1,1,"gas,gold,oil,silver",94.35311077602613,4.547044241870152,0.0,0.01,0.714626657947354,-0.3359950293764089,0.0,0.018,0.0,0,0
586,1984-09-25,15.25,1,1,1,1,"gas,gold,oil,silver",94.76124175367448,4.551360483401375,0.0,0.01,0.7144597541657867,-0.33622861046837293,0.0,0.018,0.0,0,0
587,1984-09-28,15.261904761904763,1,0,0,0,gold,94.83478731706809,4.552136296770915,0.0,0.01,,,,,0.0,0,0
588,1984-10-03,15.273809523809524,1,1,1,1,"gas,gold,oil,silver",95.82311716180986,4.562503962357795,0.0,0.01,0.7283050526083986,-0.3170352902450555,0.0,0.018,0.0,0,0
589,1984-10-08,15.285714285714286,1,1,1,1,"gas,gold,oil,silver",97.73520586679575,4.5822618407801725,0.0,0.01,0.7291276451812913,-0.31590646603040895,0.0,0.018,0.0,0,0
590,1984-10-11,15.297619047619047,1,1,1,1,"gas,gold,oil,silver",98.84419783687129,4.593544851251233,0.0,0.01,0.7656635906521672,-0.26701238240217373,0.0,0.018,0.0,0,0
591,1984-10-15,15.305555555555555,1,0,1,1,"gas,gold,oil",99.1362165085677,4.596494828747067,0.0,0.01,,,,,0.0,0,0
592,1984-10-18,15.317460317460318,1,1,1,1,"gas,gold,oil,silver",97.22629025335436,4.577041150751948,0.0,0.01,0.7342937837596372,-0.3088460800926982,0.0,0.018,0.0,0,0
593,1984-10-23,15.329365079365079,1,1,1,1,"gas,gold,oil,silver",98.04064214956918,4.585382108511668,0.0,0.01,0.7263540149646269,-0.31971775908903033,0.0,0.018,0.0,0,0
594,1984-10-26,15.341269841269842,1,1,1,1,"gas,gold,oil,silver",98.58872388549517,4.59095689285266,0.0,0.01,0.7373199466582429,-0.3047333606996303,0.0,0.018,0.0,0,0
595,1984-10-31,15.353174603174603,1,1,1,1,"gas,gold,oil,silver",96.35576104244255,4.5680471859368135,0.0,0.01,0.7125051676040886,-0.33896811408796457,0.0,0.018,0.0,0,0
596,1984-11-05,15.365079365079366,1,1,1,1,"gas,gold,oil,silver",94.58086995720844,4.5494552352830535,0.0,0.01,0.7145879357646713,-0.3360492160364983,0.0,0.018,0.0,0,0
597,1984-11-08,15.376984126984127,1,1,1,1,"gas,gold,oil,silver",94.08223113918184,4.544169199209056,0.0,0.01,0.6916968974921611,-0.36860742872299834,0.0,0.018,0.0,0,0
598,1984-11-12,15.384920634920634,1,1,1,1,"gas,gold,oil,silver",96.43087299584168,4.568826409637403,0.0,0.01,0.725617928968692,-0.32073167132345004,0.0,0.018,0.0,0,0
599,1984-11-15,15.396825396825397,1,0,1,1,"gas,gold,oil",97.11536213235541,4.575899572179532,0.0,0.01,,,,,0.0,0,0
600,1984-11-20,15.408730158730158,1,1,1,1,"gas,gold,oil,silver",100.68917689324135,4.612038315231695,0.0,0.01,0.7772890647839085,-0.2519429710503651,0.0,0.018,0.0,0,0
601,1984-11-23,15.420634920634921,0,0,1,0,gas,,,,,,,,,0.0,0,0
602,1984-11-28,15.432539682539682,0,1,1,1,"gas,oil,silver",,,,,0.7987918212139072,-0.22465491633377144,0.0,0.018,0.0,0,0
603,1984-12-03,15.444444444444445,1,0,1,1,"gas,gold,oil",98.97786009742569,4.594896189744931,0.0,0.01,,,,,0.0,0,0
604,1984-12-06,15.456349206349206,1,1,1,1,"gas,gold,oil,silver",100.95821189660988,4.614706687627839,0.0,0.01,0.7838053628302154,-0.24359455114991935,0.0,0.018,0.0,0,0
605,1984-12-11,15.468253968253968,1,1,0,1,"gold,oil,silver",101.9617190543776,4.624597439451874,0.0,0.01,0.7902273581767223,-0.2354345797657451,0.0,0.018,0.0,0,0
606,1984-12-13,15.476190476190476,1,1,1,1,"gas,gold,oil,silver",100.08388515289775,4.60600868587776,0.0,0.01,0.7867191605954995,-0.23988394228635945,0.0,0.018,0.0,0,0
607,1984-12-18,15.488095238095237,1,1,0,1,"gold,oil,silver",100.27745003100166,4.607940844476572,0.0,0.01,0.8191237283583434,-0.19952013406275526,0.0,0.018,0.0,0,0
608,1984-12-21,15.5,0,1,1,1,"gas,oil,silver",,,,,0.7931931190893012,-0.23168855724893245,0.0,0.018,0.0,0,0
609,1984-12-26,15.511904761904763,1,1,0,1,"gold,oil,silver",98.80662859612063,4.593164693557171,0.0,0.01,0.783023261271127,-0.24459287555121612,0.0,0.018,0.0,0,0
610,1984-12-31,15.523809523809524,1,1,1,1,"gas,gold,oil,silver",97.77412273127337,4.582659948279908,0.0,0.01,0.7540349233203388,-0.2823165946458188,0.0,0.018,0.0,0,0
611,1985-01-03,15.535714285714286,1,0,1,1,"gas,gold,oil",99.23099565968558,4.59745042173337,0.0,0.01,,,,,0.0,0,0
612,1985-01-08,15.547619047619047,1,1,0,1,"gold,oil,silver",101.18442826762835,4.61694487414079,0.0,0.01,0.7945119933783774,-0.23002719761473678,0.0,0.018,0.0,0,0
613,1985-01-11,15.55952380952381,1,1,1,1,"gas,gold,oil,silver",103.8701928954612,4.643141974323402,0.0,0.01,0.8332469216822883,-0.18242525615180116,0.0,0.018,0.0,0,0
614,1985-01-15,15.567460317460318,1,0,1,0,"gas,gold",102.81493168320299,4.6329305923099335,0.0,0.01,,,,,0.0,0,0
615,1985-01-18,15.579365079365079,1,1,0,1,"gold,oil,silver",100.76729882289733,4.6128138865633606,0.0,0.01,0.8028181113253015,-0.21962710211849035,0.0,0.018,0.0,0,0
616,1985-01-23,15.591269841269842,0,1,1,0,"gas,silver",,,,,0.7917881691481763,-0.23346138613911815,0.0,0.018,0.0,0,0
617,1985-01-28,15.603174603174603,1,1,1,1,"gas,gold,oil,silver",103.28934360809907,4.637534211153729,0.0,0.01,0.8026723361109775,-0.21980869798529512,0.0,0.018,0.0,0,0
618,1985-01-31,15.615079365079366,1,0,1,1,"gas,gold,oil",107.13238050727479,4.674065270761976,0.0,0.01,,,,,0.0,0,0
619,1985-02-05,15.626984126984127,1,1,0,1,"gold,oil,silver",109.4050315712681,4.695056881355016,0.0,0.01,0.8977103736732688,-0.10790778645105159,0.0,0.018,0.0,0,0
620,1985-02-08,15.63888888888889,1,0,1,1,"gas,gold,oil",108.96699510124753,4.691045039140543,0.0,0.01,,,,,0.0,0,0
621,1985-02-12,15.646825396825397,1,0,0,1,"gold,oil",108.67612535512262,4.688372132055863,0.0,0.01,,,,,0.0,0,0
622,1985-02-15,15.658730158730158,1,1,1,1,"gas,gold,oil,silver",110.62987256889103,4.706190148178589,0.0,0.01,0.948296855161352,-0.053087687388841065,0.0,0.018,0.0,0,0
623,1985-02-20,15.670634920634921,0,0,1,1,"gas,oil",,,,,,,,,0.0,0,0
624,1985-02-25,15.682539682539682,1,1,0,0,"gold,silver",109.8856567079391,4.699440340680461,0.0,0.01,0.9849953315483052,-0.015118377366147628,0.0,0.018,0.0,0,0
625,1985-02-28,15.694444444444445,0,1,1,1,"gas,oil,silver",,,,,1.0289737452506118,0.028561941706784832,0.0,0.018,0.0,0,0
626,1985-03-05,15.706349206349206,1,1,1,1,"gas,gold,oil,silver",114.74133938714336,4.742680372341983,0.0,0.01,1.0588539086158786,0.057187104898908325,0.0,0.018,0.0,0,0
627,1985-03-08,15.718253968253968,1,0,1,0,"gas,gold",115.03978533531703,4.745278027970622,0.0,0.01,,,,,0.0,0,0
628,1985-03-13,15.73015873015873,1,1,1,1,"gas,gold,oil,silver",117.72646544314263,4.7683638440720415,0.0,0.01,1.0746373311432054,0.07198323828037334,0.0,0.018,0.0,0,0
629,1985-03-15,15.738095238095237,1,1,1,0,"gas,gold,silver",115.91142091480401,4.752826286602187,0.0,0.01,1.0640075927658519,0.062042526952122534,0.0,0.018,0.0,0,0
630,1985-03-20,15.75,1,0,1,0,"gas,gold",115.92366076386394,4.75293187760233,0.0,0.01,,,,,0.0,0,0
631,1985-03-25,15.761904761904763,0,1,1,1,"gas,oil,silver",,,,,1.0164409509567698,0.016307261849774157,0.0,0.018,0.0,0,0
632,1985-03-28,15.773809523809524,1,1,1,1,"gas,gold,oil,silver",115.50554737908166,4.749318558064599,0.0,0.01,1.019709537200006,0.01951781929125551,0.0,0.018,0.0,0,0
633,1985-04-02,15.785714285714286,1,0,1,0,"gas,gold",119.92382666629365,4.786856763444444,0.0,0.01,,,,,0.0,0,0
634,1985-04-05,15.797619047619047,1,1,0,1,"gold,oil,silver",119.02347934815761,4.779320779096072,0.0,0.01,1.0406157602933954,0.03981261514991541,0.0,0.018,0.0,0,0
635,1985-04-10,15.80952380952381,1,1,1,1,"gas,gold,oil,silver",116.50668926513988,4.757948689942263,0.0,0.01,1.0119661185765756,0.011895090637401795,0.0,0.018,0.0,0,0
636,1985-04-15,15.821428571428571,1,1,1,1,"gas,gold,oil,silver",119.54367572983331,4.783681791876299,0.0,0.01,1.0553444433605985,0.05386720024060199,0.0,0.018,0.0,0,0
637,1985-04-17,15.829365079365079,1,1,1,1,"gas,gold,oil,silver",119.63917168091423,4.784480310308444,0.0,0.01,1.0369277266215284,0.03626223214312474,0.0,0.018,0.0,0,0
638,1985-04-22,15.841269841269842,0,1,1,1,"gas,oil,silver",,,,,1.1003913698846473,0.09566590733001035,0.0,0.018,0.0,0,0
639,1985-04-25,15.853174603174603,1,1,1,1,"gas,gold,oil,silver",126.6935174286648,4.841770921287785,0.0,0.01,1.114087548348982,0.10803572759933444,0.0,0.018,0.0,0,0
640,1985-04-30,15.865079365079366,1,0,0,0,gold,124.08338560592688,4.820953804165982,0.0,0.01,,,,,0.0,0,0
641,1985-05-03,15.876984126984127,1,1,1,0,"gas,gold,silver",126.71224423287448,4.8419187222227045,0.0,0.01,1.1166450613777497,0.11032870896176439,0.0,0.018,0.0,0,0
642,1985-05-08,15.88888888888889,1,1,0,1,"gold,oil,silver",127.23370573799124,4.846025598021347,0.0,0.01,1.1248597022262052,0.11765831874729105,0.0,0.018,0.0,0,0
643,1985-05-13,15.90079365079365,0,0,1,1,"gas,oil",,,,,,,,,0.0,0,0
644,1985-05-16,15.912698412698413,1,1,1,1,"gas,gold,oil,silver",125.18541879478592,4.829795988583189,0.0,0.01,1.0688410438486327,0.06657492486739791,0.0,0.018,0.0,0,0
645,1985-05-20,15.920634920634921,1,1,1,1,"gas,gold,oil,silver",124.42851862251453,4.8237314034085825,0.0,0.01,1.0726147648764635,0.07009937297302882,0.0,0.018,0.0,0,0
646,1985-05-23,15.932539682539682,1,1,1,1,"gas,gold,oil,silver",126.61936288209607,4.841185443371336,0.0,0.01,1.1067160367662077,0.10139710480095232,0.0,0.018,0.0,0,0
647,1985-05-28,15.944444444444445,0,1,1,1,"gas,oil,silver",,,,,1.2151216432588372,0.19484418968955652,0.0,0.018,0.0,0,0
648,1985-05-31,15.956349206349206,0,1,0,1,"oil,silver",,,,,1.3022090508780573,0.2640620922480579,0.0,0.018,0.0,0,0
649,1985-06-05,15.968253968253968,1,1,1,1,"gas,gold,oil,silver",141.432526295241,4.951822757386069,0.0,0.01,1.3829177575507325,0.32419558421211647,0.0,0.018,0.0,0,0
650,1985-06-10,15.98015873015873,1,1,1,1,"gas,gold,oil,silver",139.43353337750773,4.937588024473069,0.0,0.01,1.3620539372487748,0.30899380844744173,0.0,0.018,0.0,0,0
651,1985-06-13,15.992063492063492,1,1,1,1,"gas,gold,oil,silver",138.4300433456969,4.930365095823173,0.0,0.01,1.3508416469631006,0.30072784038587774,0.0,0.018,0.0,0,0
652,1985-06-17,16.0,1,1,1,1,"gas,gold,oil,silver",137.90461487664925,4.9265622496247214,0.0,0.01,1.3523581927189527,0.30184987797458773,0.0,0.018,0.0,0,0
653,1985-06-20,16.011904761904763,1,1,1,1,"gas,gold,oil,silver",135.4259445738537,4.908424956405026,0.0,0.01,1.3025294119741004,0.2643080755605689,0.0,0.018,0.0,0,0
654,1985-06-25,16.023809523809526,1,1,1,1,"gas,gold,oil,silver",138.67250847381544,4.932115099122715,0.0,0.01,1.3728427033942194,0.3168835560525882,0.0,0.018,0.0,0,0
655,1985-06-28,16.035714285714285,1,1,1,1,"gas,gold,oil,silver",141.3738737247551,4.9514079678245695,0.0,0.01,1.3991676031884615,0.3358774906437825,0.0,0.018,0.0,0,0
656,1985-07-03,16.047619047619047,0,0,1,0,gas,,,,,,,,,0.0,0,0
657,1985-07-08,16.05952380952381,0,0,0,1,oil,,,,,,,,,0.0,0,0
658,1985-07-11,16.071428571428573,1,1,1,1,"gas,gold,oil,silver",142.79168915230366,4.961386848998284,0.0,0.01,1.393540268953328,0.3318474652283474,0.0,0.018,0.0,0,0
659,1985-07-16,16.083333333333332,0,1,0,0,silver,,,,,1.3831645205119723,0.32437400476298106,0.0,0.018,0.0,0,0
660,1985-07-18,16.091269841269842,0,1,1,1,"gas,oil,silver",,,,,1.41918493083691,0.35008271444811223,0.0,0.018,0.0,0,0
661,1985-07-23,16.103174603174605,1,0,1,1,"gas,gold,oil",138.5002904398069,4.930872422663511,0.0,0.01,,,,,0.0,0,0
662,1985-07-26,16.115079365079364,0,0,0,1,oil,,,,,,,,,0.0,0,0
663,1985-07-31,16.126984126984127,1,1,1,1,"gas,gold,oil,silver",140.25012081223446,4.943427405808741,0.0,0.01,1.401263122142532,0.33737405995808856,0.0,0.018,0.0,0,0
664,1985-08-05,16.13888888888889,1,1,1,1,"gas,gold,oil,silver",140.79909201100833,4.947333994917696,0.0,0.01,1.4405951776642556,0.3650563460180265,0.0,0.018,0.0,0,0
665,1985-08-08,16.150793650793652,1,0,1,0,"gas,gold",143.74685319737455,4.96805378863698,0.0,0.01,,,,,0.0,0,0
666,1985-08-13,16.16269841269841,1,1,1,1,"gas,gold,oil,silver",140.12486055557483,4.942533886248741,0.0,0.01,1.4361698104414757,0.3619797160313398,0.0,0.018,0.0,0,0
667,1985-08-16,16.174603174603174,1,0,1,1,"gas,gold,oil",141.32569883024377,4.9510671473942995,0.0,0.01,,,,,0.0,0,0
668,1985-08-20,16.182539682539684,0,1,0,0,silver,,,,,1.5745667563960026,0.4539801591333201,0.0,0.018,0.0,0,0
669,1985-08-23,16.194444444444443,1,0,1,1,"gas,gold,oil",144.25753532553105,4.971600141982475,0.0,0.01,,,,,0.0,0,0
670,1985-08-28,16.206349206349206,1,1,1,1,"gas,gold,oil,silver",145.8913055727734,4.9828618620654455,0.0,0.01,1.583039796121305,0.45934692026784685,0.0,0.018,0.0,0,0
671,1985-09-02,16.21825396825397,1,0,1,0,"gas,gold",147.98375399147872,4.997102497411065,0.0,0.01,,,,,0.0,0,0
672,1985-09-05,16.23015873015873,0,1,1,1,"gas,oil,silver",,,,,1.600726216495355,0.4704574115805533,0.0,0.018,0.0,0,0
673,1985-09-10,16.24206349206349,0,1,0,1,"oil,silver",,,,,1.6481092935256807,0.49962874817522196,0.0,0.018,0.0,0,0
674,1985-09-13,16.253968253968253,0,1,1,1,"gas,oil,silver",,,,,1.6280391625323227,0.4873763229005519,0.0,0.018,0.0,0,0
675,1985-09-17,16.261904761904763,1,0,1,1,"gas,gold,oil",147.2049221582971,4.991825644311107,0.0,0.01,,,,,0.0,0,0
676,1985-09-20,16.273809523809526,0,1,1,1,"gas,oil,silver",,,,,1.774802308651544,0.5736890413170971,0.0,0.018,0.0,0,0
677,1985-09-25,16.285714285714285,1,1,1,1,"gas,gold,oil,silver",147.84905225072384,4.996191836069783,0.0,0.01,1.7083204518248747,0.5355106959327379,0.0,0.018,0.0,0,0
678,1985-09-30,16.297619047619047,1,1,1,0,"gas,gold,silver",147.8580024101498,4.996252370029238,0.0,0.01,1.6885509277063924,0.5238707218967158,0.0,0.018,0.0,0,0
679,1985-10-03,16.30952380952381,1,1,1,1,"gas,gold,oil,silver",146.80971851387298,4.989137316399711,0.0,0.01,1.6565179818997555,0.5047177980564288,0.0,0.018,0.0,0,0
680,1985-10-08,16.321428571428573,0,0,1,1,"gas,oil",,,,,,,,,0.0,0,0
681,1985-10-11,16.333333333333332,0,1,0,1,"oil,silver",,,,,1.646748953942335,0.4988030133129193,0.0,0.018,0.0,0,0
682,1985-10-16,16.345238095238095,1,1,1,1,"gas,gold,oil,silver",142.98340534480434,4.962728576986157,0.0,0.01,1.5675412267489965,0.4495082941353723,0.0,0.018,0.0,0,0
683,1985-10-18,16.353174603174605,1,1,1,1,"gas,gold,oil,silver",138.35728834052594,4.929839385297309,0.0,0.01,1.5170237250747747,0.4167503397132988,0.0,0.018,0.0,0,0
684,1985-10-23,16.365079365079364,0,1,1,1,"gas,oil,silver",,,,,1.480738170814208,0.3925407274982251,0.0,0.018,0.0,0,0
685,1985-10-28,16.376984126984127,1,1,1,1,"gas,gold,oil,silver",131.48807808203,4.878916186534709,0.0,0.01,1.4506455845030766,0.3720086880384852,0.0,0.018,0.0,0,0
686,1985-10-31,16.38888888888889,1,0,1,1,"gas,gold,oil",131.99728071129525,4.8827813217021685,0.0,0.01,,,,,0.0,0,0
687,1985-11-05,16.400793650793652,1,1,1,1,"gas,gold,oil,silver",128.42384598396592,4.855336090398735,0.0,0.01,1.39892664719723,0.33570526199795037,0.0,0.018,0.0,0,0
688,1985-11-08,16.41269841269841,1,1,1,1,"gas,gold,oil,silver",127.1499049087448,4.845366744001115,0.0,0.01,1.4041948279745369,0.3394640623400884,0.0,0.018,0.0,0,0
689,1985-11-13,16.424603174603174,1,1,1,1,"gas,gold,oil,silver",127.08300524257876,4.844840457552438,0.0,0.01,1.423071592279373,0.3528176286498803,0.0,0.018,0.0,0,0
690,1985-11-18,16.436507936507937,1,1,1,1,"gas,gold,oil,silver",129.7624964298495,4.865705829006403,0.0,0.01,1.5049458734158088,0.4087569330463323,0.0,0.018,0.0,0,0
691,1985-11-20,16.444444444444443,1,1,1,1,"gas,gold,oil,silver",130.26120699866863,4.869541719148323,0.0,0.01,1.5081056531620476,0.41085432891009876,0.0,0.018,0.0,0,0
692,1985-11-25,16.456349206349206,1,0,1,1,"gas,gold,oil",129.65927444975767,4.864910043940338,0.0,0.01,,,,,0.0,0,0
693,1985-11-28,16.46825396825397,0,0,1,1,"gas,oil",,,,,,,,,0.0,0,0
694,1985-12-03,16.48015873015873,1,1,0,1,"gold,oil,silver",128.78147442972573,4.858116971258083,0.0,0.01,1.5196589066489128,0.4184859061554955,0.0,0.018,0.0,0,0
695,1985-12-06,16.49206349206349,1,1,1,0,"gas,gold,silver",128.97239269136756,4.859598371313796,0.0,0.01,1.5245674560987668,0.42171073448219176,0.0,0.018,0.0,0,0
696,1985-12-11,16.503968253968253,1,1,1,1,"gas,gold,oil,silver",135.18019534750778,4.906608668762951,0.0,0.01,1.6496522171231205,0.5005644881946507,0.0,0.018,0.0,0,0
697,1985-12-16,16.515873015873016,0,1,0,1,"oil,silver",,,,,1.62887407771892,0.4878890262753719,0.0,0.018,0.0,0,0
698,1985-12-19,16.52777777777778,1,1,1,0,"gas,gold,silver",134.22961028621214,4.8995518431668055,0.0,0.01,1.636694657152965,0.49267875512220094,0.0,0.018,0.0,0,0
699,1985-12-23,16.535714285714285,0,1,1,0,"gas,silver",,,,,1.6055775466268265,0.4734835339894199,0.0,0.018,0.0,0,0
700,1985-12-26,16.547619047619047,1,1,1,1,"gas,gold,oil,silver",135.95244618095523,4.912305164156436,0.0,0.01,1.6065831944133881,0.47410968436014667,0.0,0.018,0.0,0,0
701,1985-12-31,16.55952380952381,1,1,0,1,"gold,oil,silver",131.8051790157956,4.881324915801676,0.0,0.01,1.5634530394161834,0.44689686191379274,0.0,0.018,0.0,0,0
702,1986-01-03,16.571428571428573,1,1,1,1,"gas,gold,oil,silver",133.02180402469102,4.8905130548203255,0.0,0.01,1.5658085735818184,0.4484023510047346,0.0,0.018,0.0,0,0
703,1986-01-08,16.583333333333332,1,1,1,1,"gas,gold,oil,silver",134.79685899906036,4.9037688970128155,0.0,0.01,1.5209700126631696,0.4193482975424796,0.0,0.018,0.0,0,0
704,1986-01-13,16.595238095238095,1,1,1,0,"gas,gold,silver",136.13429674915582,4.913641874598993,0.0,0.01,1.5958726864699246,0.4674207254635381,0.0,0.018,0.0,0,0
705,1986-01-16,16.607142857142858,1,1,1,1,"gas,gold,oil,silver",135.7862941646044,4.911082283408219,0.0,0.01,1.5345315145970322,0.4282251322385682,0.0,0.018,0.0,0,0
706,1986-01-20,16.615079365079364,1,1,0,1,"gold,oil,silver",136.04484145421847,4.912984547966623,0.0,0.01,1.531791874129445,0.4264382096937034,0.0,0.018,0.0,0,0
707,1986-01-23,16.626984126984127,1,1,1,1,"gas,gold,oil,silver",135.7809415450469,4.911042863192122,0.0,0.01,1.4863890293217439,0.39634970834631345,0.0,0.018,0.0,0,0
708,1986-01-28,16.63888888888889,1,1,1,1,"gas,gold,oil,silver",137.74036994699063,4.92537053594851,0.0,0.01,1.570067928589067,0.4511188850414838,0.0,0.018,0.0,0,0
709,1988-05-13,19.011904761904763,1,1,1,1,"gas,gold,oil,silver",184.32252507884016,5.2166870768431615,0.0,0.01,1.729920890966776,0.5480756796992721,0.0,0.018,0.0,0,0
710,1988-05-18,19.023809523809526,1,0,1,0,"gas,gold",185.8321308226457,5.224843743735698,0.0,0.01,,,,,0.0,0,0
711,1988-05-23,19.035714285714285,1,1,0,1,"gold,oil,silver",187.54367051560092,5.234011727707816,0.0,0.01,1.7566930882941068,0.5634331145466838,0.0,0.018,0.0,0,0
712,1988-05-26,19.047619047619047,1,1,1,1,"gas,gold,oil,silver",193.4539836792847,5.265039673745476,0.0,0.01,1.8688281359481567,0.6253115691613795,0.0,0.018,0.0,0,0
713,1988-05-31,19.05952380952381,1,1,1,1,"gas,gold,oil,silver",194.7239712540784,5.271583023721462,0.0,0.01,1.8970302769077387,0.6402896512407661,0.0,0.018,0.0,0,0
714,1988-06-02,19.067460317460316,1,1,0,1,"gold,oil,silver",192.05329580638738,5.25777291583387,0.0,0.01,1.895770218682063,0.6396252038101673,0.0,0.018,0.0,0,0
715,1988-06-07,19.07936507936508,1,1,0,0,"gold,silver",188.39091427507776,5.238519135263218,0.0,0.01,1.839737119712336,0.609622691692487,0.0,0.018,0.0,0,0
716,1988-06-10,19.091269841269842,1,1,1,1,"gas,gold,oil,silver",187.14735473750304,5.231896299799587,0.0,0.01,1.800120891515772,0.5878538246000626,0.0,0.018,0.0,0,0
717,1988-06-15,19.103174603174605,1,1,1,1,"gas,gold,oil,silver",191.92537742483933,5.257106637234573,0.0,0.01,1.9207170467246728,0.6526985781559438,0.0,0.018,0.0,0,0
718,1988-06-20,19.115079365079364,1,1,1,1,"gas,gold,oil,silver",191.36517358225834,5.254183506257268,0.0,0.01,1.8913663791058672,0.6372995197755711,0.0,0.018,0.0,0,0
719,1988-06-23,19.126984126984127,1,1,1,1,"gas,gold,oil,silver",190.32186703483714,5.248716675923661,0.0,0.01,1.8456244137958169,0.6128176558977494,0.0,0.018,0.0,0,0
720,1988-06-28,19.13888888888889,1,1,1,0,"gas,gold,silver",192.5713425465998,5.260466695700369,0.0,0.01,1.9105411512588193,0.6473865271959123,0.0,0.018,0.0,0,0
721,1988-07-01,19.150793650793652,1,1,1,1,"gas,gold,oil,silver",194.89150436127233,5.272443015831656,0.0,0.01,1.8794567586819353,0.6309827769375014,0.0,0.018,0.0,0,0
722,1988-07-05,19.158730158730158,1,1,0,1,"gold,oil,silver",195.47335450821328,5.2754240760609035,0.0,0.01,1.8797722781603388,0.6311506408670742,0.0,0.018,0.0,0,0
723,1988-07-08,19.17063492063492,1,1,1,1,"gas,gold,oil,silver",194.4776478785234,5.270317235521543,0.0,0.01,1.868175940086031,0.6249625217129542,0.0,0.018,0.0,0,0
724,1988-07-13,19.182539682539684,1,1,1,1,"gas,gold,oil,silver",194.896094134202,5.272466565954582,0.0,0.01,1.8396099054488548,0.6095535412358097,0.0,0.018,0.0,0,0
725,1988-07-18,19.194444444444443,0,1,1,1,"gas,oil,silver",,,,,1.8475914812784486,0.6138828888678887,0.0,0.018,0.0,0,0
726,1988-07-21,19.206349206349206,1,1,1,0,"gas,gold,silver",196.02414516868726,5.278237841279457,0.0,0.01,1.8683988636726951,0.625081841463601,0.0,0.018,0.0,0,0
727,1988-07-26,19.21825396825397,1,1,1,1,"gas,gold,oil,silver",201.32432261424177,5.304917153037884,0.0,0.01,1.9333962608683466,0.6592781770795726,0.0,0.018,0.0,0,0
728,1988-07-29,19.23015873015873,1,1,1,1,"gas,gold,oil,silver",203.59954114644836,5.31615503097269,0.0,0.01,1.9544548394489116,0.6701113000483476,0.0,0.018,0.0,0,0
729,1988-08-02,19.238095238095237,1,1,0,1,"gold,oil,silver",204.77274608057283,5.321900808531533,0.0,0.01,1.980150209697163,0.6831727053123711,0.0,0.018,0.0,0,0
730,1988-08-05,19.25,1,1,1,1,"gas,gold,oil,silver",202.1976241364992,5.309245556450569,0.0,0.01,1.9789732973166856,0.6825781735110472,0.0,0.018,0.0,0,0
731,1988-08-10,19.261904761904763,1,1,0,0,"gold,silver",200.24451092290482,5.299539174451203,0.0,0.01,1.9907961875355964,0.6885346529590362,0.0,0.018,0.0,0,0
732,1988-08-15,19.273809523809526,1,1,1,1,"gas,gold,oil,silver",201.87015032772422,5.3076246705439605,0.0,0.01,1.9566058551042562,0.6712112655258564,0.0,0.018,0.0,0,0
733,1988-08-18,19.285714285714285,1,1,1,1,"gas,gold,oil,silver",202.91666442562473,5.312795374684541,0.0,0.01,2.048226961878158,0.716974522266612,0.0,0.018,0.0,0,0
734,1988-08-23,19.297619047619047,1,1,1,1,"gas,gold,oil,silver",207.17420332561971,5.333560001310166,0.0,0.01,2.079115384789141,0.731942507474877,0.0,0.018,0.0,0,0
735,1988-08-26,19.30952380952381,1,1,0,1,"gold,oil,silver",203.86158924213217,5.317441279462515,0.0,0.01,2.0248542353602645,0.7054977154294944,0.0,0.018,0.0,0,0
736,1988-08-31,19.321428571428573,1,1,1,1,"gas,gold,oil,silver",204.46494750143168,5.320396554930223,0.0,0.01,2.042118620472705,0.7139878083945241,0.0,0.018,0.0,0,0
737,1988-09-02,19.32936507936508,1,1,1,1,"gas,gold,oil,silver",199.38408323491575,5.295233031046382,0.0,0.01,1.9987789870388495,0.6925364876444049,0.0,0.018,0.0,0,0
738,1988-09-07,19.341269841269842,0,1,1,1,"gas,oil,silver",,,,,2.1112952110771563,0.7473016032751387,0.0,0.018,0.0,0,0
739,1988-09-12,19.353174603174605,1,1,0,1,"gold,oil,silver",196.25727806060317,5.279426441633986,0.0,0.01,2.029300610133544,0.7076912066628134,0.0,0.018,0.0,0,0
740,1988-09-15,19.365079365079364,0,1,0,0,silver,,,,,2.0590492245150585,0.7222443347608842,0.0,0.018,0.0,0,0
741,1988-09-20,19.376984126984127,1,1,1,1,"gas,gold,oil,silver",198.44042395028762,5.290488923846045,0.0,0.01,2.072103313713204,0.7285641849848739,0.0,0.018,0.0,0,0
742,1988-09-23,19.38888888888889,1,1,1,1,"gas,gold,oil,silver",194.23954241023435,5.269092152072613,0.0,0.01,2.048767619783627,0.717238451299385,0.0,0.018,0.0,0,0
743,1988-09-28,19.400793650793652,1,0,1,1,"gas,gold,oil",190.81475811479197,5.2513031046329575,0.0,0.01,,,,,0.0,0,0
744,1988-10-03,19.41269841269841,1,1,1,1,"gas,gold,oil,silver",193.6421914407514,5.2660120820945835,0.0,0.01,2.058473579160682,0.7219647271494278,0.0,0.018,0.0,0,0
745,1988-10-05,19.42063492063492,1,1,1,1,"gas,gold,oil,silver",197.7966655491186,5.287239561357533,0.0,0.01,2.151373373863844,0.766106416748722,0.0,0.018,0.0,0,0
746,1988-10-10,19.432539682539684,1,1,1,1,"gas,gold,oil,silver",196.67836576969,5.281569733426902,0.0,0.01,2.1353223620472153,0.7586176245321397,0.0,0.018,0.0,0,0
747,1988-10-13,19.444444444444443,1,1,1,1,"gas,gold,oil,silver",199.0775102412403,5.293694247589265,0.0,0.01,2.1520762889892873,0.7664330919450242,0.0,0.018,0.0,0,0
748,1988-10-18,19.456349206349206,0,1,1,1,"gas,oil,silver",,,,,2.1064993079752843,0.745027473918145,0.0,0.018,0.0,0,0
749,1988-10-21,19.46825396825397,0,1,1,1,"gas,oil,silver",,,,,2.0499154131071458,0.717798530400068,0.0,0.018,0.0,0,0
750,1988-10-26,19.48015873015873,1,1,1,1,"gas,gold,oil,silver",190.67211354323098,5.250555269838072,0.0,0.01,2.097558282676856,0.7407739457082723,0.0,0.018,0.0,0,0
751,1988-10-31,19.49206349206349,0,1,1,1,"gas,oil,silver",,,,,2.2001688224570306,0.7885340949005687,0.0,0.018,0.0,0,0
752,1988-11-03,19.503968253968253,1,0,1,1,"gas,gold,oil",188.01248251401833,5.23650835697697,0.0,0.01,,,,,0.0,0,0
753,1988-11-07,19.511904761904763,1,1,1,1,"gas,gold,oil,silver",182.11644676288603,5.204646299859416,0.0,0.01,2.080338246776771,0.7325304991349266,0.0,0.018,0.0,0,0
754,1988-11-10,19.523809523809526,1,1,1,1,"gas,gold,oil,silver",182.42162694458034,5.206320639386621,0.0,0.01,2.072910613368319,0.7289537130682648,0.0,0.018,0.0,0,0
755,1988-11-15,19.535714285714285,0,1,1,1,"gas,oil,silver",,,,,2.038461592623533,0.7121954021006747,0.0,0.018,0.0,0,0
756,1988-11-18,19.547619047619047,1,1,1,1,"gas,gold,oil,silver",188.04482448261714,5.236680362509515,0.0,0.01,2.1751520562642943,0.7770985730231049,0.0,0.018,0.0,0,0
757,1988-11-23,19.55952380952381,1,1,1,1,"gas,gold,oil,silver",186.9940988268745,5.231077059281114,0.0,0.01,2.197211708914259,0.7871891514882675,0.0,0.018,0.0,0,0
758,1988-11-28,19.571428571428573,1,1,0,1,"gold,oil,silver",184.5315282698048,5.217820333812607,0.0,0.01,2.1862919854602887,0.7822069514934501,0.0,0.018,0.0,0,0
759,1988-12-01,19.583333333333332,1,1,1,0,"gas,gold,silver",181.3584314787031,5.200475357500113,0.0,0.01,2.109096204439488,0.7462595165963612,0.0,0.018,0.0,0,0
760,1988-12-05,19.591269841269842,1,1,1,1,"gas,gold,oil,silver",180.51715955521533,5.195825840042271,0.0,0.01,2.085623563748651,0.7350678818801242,0.0,0.018,0.0,0,0
761,1988-12-08,19.603174603174605,1,1,1,1,"gas,gold,oil,silver",178.68452830847832,5.185621839281649,0.0,0.01,2.0513639089950813,0.7185048933831286,0.0,0.018,0.0,0,0
762,1988-12-13,19.615079365079364,1,1,1,1,"gas,gold,oil,silver",177.86009198514643,5.1809972411486145,0.0,0.01,2.0492189990589504,0.7174587444916924,0.0,0.018,0.0,0,0
763,1988-12-16,19.626984126984127,1,1,1,1,"gas,gold,oil,silver",175.65342324253515,5.1685128675201355,0.0,0.01,1.9980226979843128,0.6921580405143424,0.0,0.018,0.0,0,0
764,1988-12-21,19.63888888888889,1,1,1,1,"gas,gold,oil,silver",176.20753953718616,5.171662502241487,0.0,0.01,2.0386996735998095,0.7123121897188243,0.0,0.018,0.0,0,0
765,1988-12-26,19.650793650793652,1,1,1,0,"gas,gold,silver",168.81219485664985,5.128786823963788,0.0,0.01,1.9474999832338378,0.666546490153697,0.0,0.018,0.0,0,0
766,1988-12-29,19.66269841269841,1,1,1,1,"gas,gold,oil,silver",171.35637454334906,5.143745449515713,0.0,0.01,1.9693595666076278,0.6777083968031077,0.0,0.018,0.0,0,0
767,1989-01-03,19.674603174603174,1,1,1,1,"gas,gold,oil,silver",167.3396969009311,5.120025859588957,0.0,0.01,1.856346093941205,0.6186100900087412,0.0,0.018,0.0,0,0
768,1989-01-05,19.682539682539684,0,0,0,1,oil,,,,,,,,,0.0,0,0
769,1989-01-10,19.694444444444443,1,0,1,0,"gas,gold",165.44498354655406,5.108638713850866,0.0,0.01,,,,,0.0,0,0
770,1989-01-13,19.706349206349206,1,0,1,1,"gas,gold,oil",165.4768555721276,5.108831339552192,0.0,0.01,,,,,0.0,0,0
771,1989-01-18,19.71825396825397,1,1,1,1,"gas,gold,oil,silver",164.40503561218833,5.102333112397438,0.0,0.01,1.829390378478162,0.6039827848397008,0.0,0.018,0.0,0,0
772,1989-01-23,19.73015873015873,1,1,1,0,"gas,gold,silver",164.93317065698176,5.105540365533943,0.0,0.01,1.8168148674225917,0.5970848950774634,0.0,0.018,0.0,0,0
773,1989-01-26,19.74206349206349,1,1,0,0,"gold,silver",167.6020900075979,5.121592658182628,0.0,0.01,1.884996616180805,0.6339260257688164,0.0,0.018,0.0,0,0
774,1989-01-31,19.753968253968253,1,1,1,0,"gas,gold,silver",170.84793848888387,5.140773912283551,0.0,0.01,1.9425833856923649,0.6640187293356847,0.0,0.018,0.0,0,0
775,1989-02-03,19.765873015873016,0,1,1,1,"gas,oil,silver",,,,,1.982358431453299,0.6842872628741128,0.0,0.018,0.0,0,0
776,1989-02-07,19.773809523809526,1,1,1,1,"gas,gold,oil,silver",169.545905582657,5.133123719549051,0.0,0.01,1.9646584932973543,0.6753184354575492,0.0,0.018,0.0,0,0
777,1989-02-10,19.785714285714285,1,1,1,0,"gas,gold,silver",172.64492410864077,5.151237023511785,0.0,0.01,2.0463719678710315,0.7160684534838768,0.0,0.018,0.0,0,0
778,1989-02-15,19.797619047619047,1,1,1,1,"gas,gold,oil,silver",171.8268611467951,5.146487348590474,0.0,0.01,2.0006352003179213,0.6934647302946517,0.0,0.018,0.0,0,0
779,1989-02-20,19.80952380952381,1,1,1,1,"gas,gold,oil,silver",172.36767012776286,5.1496298123827335,0.0,0.01,2.029692635951314,0.7078843707284928,0.0,0.018,0.0,0,0
780,1991-08-02,22.345238095238095,1,1,1,1,"gas,gold,oil,silver",199.5242253107165,5.295935659086782,0.0,0.01,2.6381069939896786,0.9700616122253601,0.0,0.018,0.0,0,0
781,1991-08-07,22.357142857142858,1,1,1,1,"gas,gold,oil,silver",201.78313226223557,5.307193518014848,0.0,0.01,2.6597874292198904,0.9782462057732189,0.0,0.018,0.0,0,0
782,1991-08-12,22.36904761904762,1,1,0,1,"gold,oil,silver",202.54270620999563,5.310950759175574,0.0,0.01,2.632515076706979,0.9679396921537452,0.0,0.018,0.0,0,0
783,1991-08-14,22.376984126984127,1,1,1,1,"gas,gold,oil,silver",202.21102544548634,5.3093118325255535,0.0,0.01,2.6515538058136485,0.9751458099834037,0.0,0.018,0.0,0,0
784,1991-08-19,22.38888888888889,1,0,1,1,"gas,gold,oil",199.9891638712737,5.298263184436581,0.0,0.01,,,,,0.0,0,0
785,1991-08-22,22.400793650793652,0,1,1,1,"gas,oil,silver",,,,,2.5271380236126917,0.9270874464683583,0.0,0.018,0.0,0,0
786,1991-08-27,22.41269841269841,1,0,1,0,"gas,gold",192.63785805593946,5.260812043162978,0.0,0.01,,,,,0.0,0,0
787,1991-08-30,22.424603174603174,1,1,1,1,"gas,gold,oil,silver",186.0474100147145,5.226001533785842,0.0,0.01,2.3475220715734726,0.8533603342173046,0.0,0.018,0.0,0,0
788,1991-09-04,22.436507936507937,1,1,1,1,"gas,gold,oil,silver",184.8388274535152,5.219484242406502,0.0,0.01,2.29792260891066,0.8320055012748921,0.0,0.018,0.0,0,0
789,1991-09-09,22.4484126984127,0,0,1,1,"gas,oil",,,,,,,,,0.0,0,0
790,1991-09-12,22.46031746031746,1,1,1,1,"gas,gold,oil,silver",182.7739786862668,5.208250300344136,0.0,0.01,2.3184673357353507,0.8409063362167508,0.0,0.018,0.0,0,0
791,1991-09-16,22.46825396825397,1,0,1,1,"gas,gold,oil",182.94728266532718,5.209198038473398,0.0,0.01,,,,,0.0,0,0
792,1991-09-19,22.48015873015873,1,1,1,0,"gas,gold,silver",184.60175829397096,5.218200846909474,0.0,0.01,2.412884020393661,0.8808227210010884,0.0,0.018,0.0,0,0
793,1991-09-24,22.49206349206349,1,0,1,1,"gas,gold,oil",185.51950173082236,5.223160007146032,0.0,0.01,,,,,0.0,0,0
794,1991-09-27,22.503968253968253,1,0,0,0,gold,189.7398389632812,5.245653865241282,0.0,0.01,,,,,0.0,0,0
795,1991-10-02,22.515873015873016,1,1,1,1,"gas,gold,oil,silver",193.9389535961683,5.267543437358948,0.0,0.01,2.5691651612831605,0.9435810061675557,0.0,0.018,0.0,0,0
796,1991-10-07,22.52777777777778,0,1,1,1,"gas,oil,silver",,,,,2.409523802972542,0.8794291358510913,0.0,0.018,0.0,0,0
797,1991-10-10,22.53968253968254,0,1,0,0,silver,,,,,2.4483087227359803,0.8953974689273512,0.0,0.018,0.0,0,0
798,1991-10-15,22.5515873015873,1,1,0,1,"gold,oil,silver",190.1828800735535,5.247986135931605,0.0,0.01,2.486937107178153,0.9110518758718922,0.0,0.018,0.0,0,0
799,1991-10-17,22.55952380952381,1,0,1,1,"gas,gold,oil",187.25908005544508,5.232493112839513,0.0,0.01,,,,,0.0,0,0
800,1991-10-22,22.571428571428573,1,1,0,1,"gold,oil,silver",186.11752951532745,5.226378353276314,0.0,0.01,2.3322962110144623,0.846853280582444,0.0,0.018,0.0,0,0
801,1991-10-25,22.583333333333332,1,1,1,1,"gas,gold,oil,silver",189.59339601591225,5.2448817580746,0.0,0.01,2.396094959880112,0.8738403121390146,0.0,0.018,0.0,0,0
802,1991-10-30,22.595238095238095,1,1,1,1,"gas,gold,oil,silver",189.66057495751926,5.245236026968013,0.0,0.01,2.3999162938624794,0.8754338591883635,0.0,0.018,0.0,0,0
803,1991-11-04,22.607142857142858,1,1,1,0,"gas,gold,silver",190.13294753882167,5.247723551356399,0.0,0.01,2.4056391251220606,0.87781561674435,0.0,0.018,0.0,0,0
804,1991-11-07,22.61904761904762,1,1,1,1,"gas,gold,oil,silver",190.67475370467832,5.250569116347243,0.0,0.01,2.4515740076139063,0.8967302703599491,0.0,0.018,0.0,0,0
805,1991-11-12,22.63095238095238,0,1,1,1,"gas,oil,silver",,,,,2.406113500638176,0.8780127904374087,0.0,0.018,0.0,0,0
806,1991-11-15,22.642857142857142,0,1,1,1,"gas,oil,silver",,,,,2.399217483541677,0.875142635664222,0.0,0.018,0.0,0,0
807,1991-11-19,22.650793650793652,1,1,1,1,"gas,gold,oil,silver",190.46202379626726,5.249452824543045,0.0,0.01,2.387683034795054,0.8703234542227345,0.0,0.018,0.0,0,0
808,1991-11-22,22.66269841269841,0,0,1,1,"gas,oil",,,,,,,,,0.0,0,0
809,1991-11-27,22.674603174603174,1,1,1,1,"gas,gold,oil,silver",189.13481061939666,5.242460044494237,0.0,0.01,2.413755168287573,0.881183695944239,0.0,0.018,0.0,0,0
810,1991-12-02,22.686507936507937,1,1,1,0,"gas,gold,silver",187.2083439619764,5.232222135496625,0.0,0.01,2.375350208148646,0.8651448826786157,0.0,0.018,0.0,0,0
811,1991-12-05,22.6984126984127,1,1,1,1,"gas,gold,oil,silver",183.94569296937152,5.214640567138976,0.0,0.01,2.2489643591592126,0.8104698254346272,0.0,0.018,0.0,0,0
812,1991-12-10,22.71031746031746,1,1,1,1,"gas,gold,oil,silver",183.60649718697385,5.212794865288875,0.0,0.01,2.1829950396719657,0.7806978053123466,0.0,0.018,0.0,0,0
813,1991-12-13,22.72222222222222,0,1,0,1,"oil,silver",,,,,2.237033788130833,0.8051507866097645,0.0,0.018,0.0,0,0
814,1991-12-17,22.73015873015873,1,1,1,1,"gas,gold,oil,silver",182.0291382665172,5.204166774627579,0.0,0.01,2.150932430810847,0.7659014368730184,0.0,0.018,0.0,0,0
815,1991-12-20,22.74206349206349,1,0,1,1,"gas,gold,oil",186.7694356933328,5.22987489192208,0.0,0.01,,,,,0.0,0,0
816,1991-12-25,22.753968253968253,1,1,1,1,"gas,gold,oil,silver",198.18964590972064,5.28922437991435,0.0,0.01,2.574058629772896,0.9454838866040751,0.0,0.018,0.0,0,0
817,1991-12-30,22.765873015873016,0,1,0,0,silver,,,,,2.606266233756838,0.957918635325178,0.0,0.018,0.0,0,0
818,1992-01-02,22.77777777777778,0,1,1,0,"gas,silver",,,,,2.529006920457427,0.9278267041243478,0.0,0.018,0.0,0,0
819,1992-01-07,22.78968253968254,1,1,1,1,"gas,gold,oil,silver",193.60737262062798,5.265832255835506,0.0,0.01,2.517541447100298,0.9232828090700114,0.0,0.018,0.0,0,0
820,1992-01-10,22.8015873015873,1,1,0,1,"gold,oil,silver",196.3874116747174,5.280089298523592,0.0,0.01,2.576033492031288,0.9462508097225286,0.0,0.018,0.0,0,0
821,1992-01-15,22.813492063492063,0,1,1,1,"gas,oil,silver",,,,,2.5092482474001816,0.9199832052558872,0.0,0.018,0.0,0,0
822,1992-01-17,22.821428571428573,1,1,0,1,"gold,oil,silver",197.24788517457486,5.284461238120091,0.0,0.01,2.536398908116027,0.9307453223579296,0.0,0.018,0.0,0,0
823,1992-01-22,22.833333333333332,0,1,1,1,"gas,oil,silver",,,,,2.481790898996982,0.90898043625398,0.0,0.018,0.0,0,0
824,1992-01-27,22.845238095238095,1,1,1,1,"gas,gold,oil,silver",192.42164734636606,5.259689044097834,0.0,0.01,2.4351592093039893,0.8900121380948691,0.0,0.018,0.0,0,0
825,1992-01-30,22.857142857142858,1,0,0,1,"gold,oil",191.33434193127871,5.254022379055396,0.0,0.01,,,,,0.0,0,0
826,1992-02-04,22.86904761904762,1,1,1,1,"gas,gold,oil,silver",185.7785845355555,5.224555558894692,0.0,0.01,2.405900658981042,0.8779243278310185,0.0,0.018,0.0,0,0
827,1992-02-07,22.88095238095238,1,1,1,1,"gas,gold,oil,silver",184.97469202922974,5.220219015878372,0.0,0.01,2.330417929089521,0.8460476202009148,0.0,0.018,0.0,0,0
828,1992-02-12,22.892857142857142,1,1,1,1,"gas,gold,oil,silver",184.72636018025182,5.218875595918691,0.0,0.01,2.2687264199776855,0.8192186255787468,0.0,0.018,0.0,0,0
829,1992-02-17,22.904761904761905,1,1,1,0,"gas,gold,silver",185.23112600024555,5.22160437504638,0.0,0.01,2.2065053002328017,0.7914099518241953,0.0,0.018,0.0,0,0
830,1992-02-19,22.91269841269841,0,1,0,0,silver,,,,,2.149550475676894,0.7652587391985608,0.0,0.018,0.0,0,0
831,1992-02-24,22.924603174603174,0,1,1,1,"gas,oil,silver",,,,,2.18402970130228,0.7811716572875673,0.0,0.018,0.0,0,0
832,1992-02-27,22.936507936507937,0,1,1,1,"gas,oil,silver",,,,,2.1406217672206886,0.7610963322638389,0.0,0.018,0.0,0,0
833,1992-03-03,22.9484126984127,1,1,1,1,"gas,gold,oil,silver",186.70923217314223,5.229552498565287,0.0,0.01,2.213986504919149,0.7947947389287306,0.0,0.018,0.0,0,0
834,1992-03-06,22.96031746031746,1,0,1,1,"gas,gold,oil",180.06627241690668,5.193324963222477,0.0,0.01,,,,,0.0,0,0
835,1993-01-06,23.825396825396826,1,1,0,1,"gold,oil,silver",168.27049543702088,5.125572776482,0.0,0.01,1.8887524903513369,0.6359165531221889,0.0,0.018,0.0,0,0
836,1993-01-11,23.83730158730159,1,0,1,1,"gas,gold,oil",165.16208897596397,5.106927349133373,0.0,0.01,,,,,0.0,0,0
837,1993-01-13,23.845238095238095,0,1,0,0,silver,,,,,1.889026437690655,0.6360615840226287,0.0,0.018,0.0,0,0
838,1993-01-18,23.857142857142858,1,1,1,1,"gas,gold,oil,silver",166.03394711558195,5.112192268145403,0.0,0.01,1.9225339333640419,0.6536440728863864,0.0,0.018,0.0,0,0
839,1993-01-21,23.86904761904762,1,1,0,1,"gold,oil,silver",162.21889580040408,5.088946631815951,0.0,0.01,1.8370304071215229,0.6081503586934498,0.0,0.018,0.0,0,0
840,1993-01-26,23.88095238095238,1,1,1,1,"gas,gold,oil,silver",162.87308882473178,5.092971301376053,0.0,0.01,1.8446062117988427,0.6122658193725463,0.0,0.018,0.0,0,0
841,1993-01-29,23.892857142857142,1,1,1,1,"gas,gold,oil,silver",163.56296172476272,5.097198003211945,0.0,0.01,1.8866708013579365,0.6348137950770556,0.0,0.018,0.0,0,0
842,1993-02-03,23.904761904761905,1,1,1,1,"gas,gold,oil,silver",164.52619212615252,5.103069780182229,0.0,0.01,1.8705190245384058,0.6262159455848175,0.0,0.018,0.0,0,0
843,1993-02-08,23.916666666666668,1,1,1,1,"gas,gold,oil,silver",164.10562278308998,5.1005102618788705,0.0,0.01,1.8802295240578377,0.6313938566546216,0.0,0.018,0.0,0,0
844,1993-02-11,23.928571428571427,1,1,1,1,"gas,gold,oil,silver",163.59815339379708,5.097413136780966,0.0,0.01,1.8940660114735812,0.6387258470992936,0.0,0.018,0.0,0,0
845,1993-02-15,23.936507936507937,0,1,1,1,"gas,oil,silver",,,,,1.8993006285896494,0.6414857281945885,0.0,0.018,0.0,0,0
846,1993-02-18,23.9484126984127,1,1,0,1,"gold,oil,silver",160.24448729858608,5.076700694576216,0.0,0.01,1.8014724788029097,0.588604374266066,0.0,0.018,0.0,0,0
847,1993-02-23,23.96031746031746,1,1,0,1,"gold,oil,silver",164.16837508583467,5.100892578504107,0.0,0.01,1.901849919351697,0.6428270542547427,0.0,0.018,0.0,0,0
848,1993-02-26,23.97222222222222,1,1,1,1,"gas,gold,oil,silver",165.64327347483913,5.109836521068657,0.0,0.01,1.9286154024472777,0.6568023373980842,0.0,0.018,0.0,0,0
849,1993-03-03,23.984126984126984,1,1,1,1,"gas,gold,oil,silver",167.68070177943005,5.122061586354299,0.0,0.01,1.9144864138614814,0.6494493954678706,0.0,0.018,0.0,0,0
850,1993-03-08,23.996031746031747,1,0,1,1,"gas,gold,oil",165.76179026437754,5.11055175935291,0.0,0.01,,,,,0.0,0,0
851,1993-03-11,24.00793650793651,1,1,1,1,"gas,gold,oil,silver",164.62160348722884,5.103649528034229,0.0,0.01,1.7955281095890026,0.5852991901387312,0.0,0.018,0.0,0,0
852,1993-03-16,24.01984126984127,1,1,1,1,"gas,gold,oil,silver",155.54964487852655,5.046964940335746,0.0,0.01,1.6079562400037102,0.47496395645842804,0.0,0.018,0.0,0,0
853,1993-03-18,24.02777777777778,1,1,0,1,"gold,oil,silver",153.79235528158594,5.0356033502548145,0.0,0.01,1.6040138973372702,0.4725091735821445,0.0,0.018,0.0,0,0
854,1993-03-23,24.03968253968254,1,1,1,1,"gas,gold,oil,silver",154.4757662554193,5.040037231319394,0.0,0.01,1.6061486286080486,0.47383915707562463,0.0,0.018,0.0,0,0
855,1993-03-26,24.0515873015873,1,1,1,1,"gas,gold,oil,silver",153.5815602193084,5.034231762851371,0.0,0.01,1.6407168465297393,0.49513324787757984,0.0,0.018,0.0,0,0
856,1993-03-31,24.063492063492063,1,1,1,1,"gas,gold,oil,silver",158.96112059743825,5.068659647774817,0.0,0.01,1.6723301794987517,0.5142179709435006,0.0,0.018,0.0,0,0
857,1993-04-05,24.075396825396826,0,1,1,0,"gas,silver",,,,,1.7303456281299112,0.5483211736015043,0.0,0.018,0.0,0,0
858,1993-04-08,24.08730158730159,1,1,1,0,"gas,gold,silver",165.8929294666573,5.111342577039573,0.0,0.01,1.7317037910874968,0.5491057742023624,0.0,0.018,0.0,0,0
859,1993-04-13,24.099206349206348,1,1,1,1,"gas,gold,oil,silver",173.60320075549512,5.1567722395879345,0.0,0.01,1.8202221391160749,0.5989585481000463,0.0,0.018,0.0,0,0
860,1993-04-15,24.107142857142858,1,1,1,1,"gas,gold,oil,silver",178.48073927185845,5.184480692158832,0.0,0.01,1.8948899118384115,0.6391607428301975,0.0,0.018,0.0,0,0
861,1993-04-20,24.11904761904762,0,1,1,1,"gas,oil,silver",,,,,1.885911479253406,0.6344112474010584,0.0,0.018,0.0,0,0
862,1993-04-23,24.13095238095238,1,1,1,1,"gas,gold,oil,silver",178.13637165460128,5.1825493898531105,0.0,0.01,1.9194148052675346,0.6520203506589473,0.0,0.018,0.0,0,0
863,1993-04-28,24.142857142857142,1,1,1,1,"gas,gold,oil,silver",181.53752312928555,5.2014623713416706,0.0,0.01,1.9336259831897014,0.6593969880442512,0.0,0.018,0.0,0,0
864,1993-05-03,24.154761904761905,1,0,1,1,"gas,gold,oil",179.92973904204467,5.19256643603294,0.0,0.01,,,,,0.0,0,0
865,1993-05-06,24.166666666666668,1,1,0,1,"gold,oil,silver",175.78723970375987,5.16927439845153,0.0,0.01,1.826984878543204,0.6026670007021784,0.0,0.018,0.0,0,0
866,1993-05-11,24.178571428571427,1,1,0,0,"gold,silver",173.91710142176387,5.158578757075806,0.0,0.01,1.7802843715091845,0.5767731108186627,0.0,0.018,0.0,0,0
867,1993-05-14,24.19047619047619,1,0,1,0,"gas,gold",171.29068455175147,5.143362022950921,0.0,0.01,,,,,0.0,0,0
868,1993-05-18,24.1984126984127,1,1,1,1,"gas,gold,oil,silver",168.90697154445672,5.129348099128031,0.0,0.01,1.7364997324552993,0.5518714391307442,0.0,0.018,0.0,0,0
869,1993-05-21,24.21031746031746,1,1,1,1,"gas,gold,oil,silver",173.41731428994194,5.155700911091358,0.0,0.01,1.8061509871398058,0.5911980545676971,0.0,0.018,0.0,0,0
870,1993-05-26,24.22222222222222,1,1,1,1,"gas,gold,oil,silver",171.56784392948373,5.144978779805897,0.0,0.01,1.835208139613386,0.6071579026563385,0.0,0.018,0.0,0,0
871,1993-05-31,24.234126984126984,0,1,1,1,"gas,oil,silver",,,,,1.8690051188985657,0.6254062673132095,0.0,0.018,0.0,0,0
872,1993-06-03,24.246031746031747,0,1,1,0,"gas,silver",,,,,1.8193696033818376,0.5984900693199267,0.0,0.018,0.0,0,0
873,1993-06-08,24.25793650793651,1,1,1,1,"gas,gold,oil,silver",174.02447553137426,5.159195953295695,0.0,0.01,1.7961714263077104,0.5856574142714337,0.0,0.018,0.0,0,0
874,1993-06-11,24.26984126984127,0,1,1,1,"gas,oil,silver",,,,,1.872428234690794,0.6272361097419599,0.0,0.018,0.0,0,0
875,1993-06-16,24.28174603174603,1,1,1,1,"gas,gold,oil,silver",173.47144322731123,5.156012993490315,0.0,0.01,1.8712828646804966,0.6266242195529834,0.0,0.018,0.0,0,0
876,1993-06-18,24.28968253968254,1,1,1,1,"gas,gold,oil,silver",170.07653797931627,5.136248559137856,0.0,0.01,1.8462894373574228,0.6131779154247103,0.0,0.018,0.0,0,0
877,1993-06-23,24.3015873015873,1,1,1,1,"gas,gold,oil,silver",171.45764767623987,5.144336283783116,0.0,0.01,1.906275627016429,0.6451514049639688,0.0,0.018,0.0,0,0
878,1993-06-28,24.313492063492063,1,1,1,1,"gas,gold,oil,silver",169.00608955957483,5.129934747170797,0.0,0.01,1.8097024914957471,0.5931624624282479,0.0,0.018,0.0,0,0
879,1993-07-01,24.325396825396826,1,1,0,0,"gold,silver",169.61526240108594,5.133532709881335,0.0,0.01,1.8276496848480386,0.6030308161812017,0.0,0.018,0.0,0,0
880,1993-07-06,24.33730158730159,1,1,1,0,"gas,gold,silver",169.22511645040797,5.131229878533941,0.0,0.01,1.7857405761714207,0.5798332178005605,0.0,0.018,0.0,0,0
881,1993-07-09,24.349206349206348,1,1,1,1,"gas,gold,oil,silver",171.59711720549248,5.145149387410957,0.0,0.01,1.8133171538632296,0.5951578496580403,0.0,0.018,0.0,0,0
882,1993-07-14,24.36111111111111,1,1,1,1,"gas,gold,oil,silver",168.4588079012993,5.126691256412573,0.0,0.01,1.78971957992655,0.5820589483214096,0.0,0.018,0.0,0,0
883,1993-07-19,24.373015873015873,0,1,1,0,"gas,silver",,,,,1.8094105323375709,0.5930011194931768,0.0,0.018,0.0,0,0
884,1993-07-21,24.38095238095238,1,1,1,0,"gas,gold,silver",165.62919930717462,5.109751550726541,0.0,0.01,1.7387691868916846,0.5531774990712297,0.0,0.018,0.0,0,0
885,1993-07-26,24.392857142857142,0,1,1,1,"gas,oil,silver",,,,,1.8136500111762894,0.5953413954685471,0.0,0.018,0.0,0,0
886,1993-07-29,24.404761904761905,1,1,1,1,"gas,gold,oil,silver",169.0932591847078,5.13045039221648,0.0,0.01,1.8044883653440638,0.5902770975011251,0.0,0.018,0.0,0,0
887,1993-08-03,24.416666666666668,0,1,1,0,"gas,silver",,,,,1.797245002597352,0.5862549382950608,0.0,0.018,0.0,0,0
888,1993-08-06,24.428571428571427,0,1,1,1,"gas,oil,silver",,,,,1.787563340454774,0.5808534301776671,0.0,0.018,0.0,0,0
889,1993-08-11,24.44047619047619,1,1,0,0,"gold,silver",169.24898338360362,5.131370905178207,0.0,0.01,1.8167493627077471,0.5970488397275628,0.0,0.018,0.0,0,0
890,1993-08-16,24.452380952380953,1,1,1,1,"gas,gold,oil,silver",172.40226265073161,5.1498304825676655,0.0,0.01,1.8843388253372584,0.6335770035815211,0.0,0.018,0.0,0,0
891,1993-08-18,24.46031746031746,1,1,1,1,"gas,gold,oil,silver",172.91398215722046,5.15279425788238,0.0,0.01,1.9586451002490377,0.6722529588182857,0.0,0.018,0.0,0,0
892,1993-08-23,24.47222222222222,1,1,1,1,"gas,gold,oil,silver",173.3931519083747,5.1555615705352835,0.0,0.01,1.9236646235531176,0.6542320249668188,0.0,0.018,0.0,0,0
893,1993-08-26,24.484126984126984,1,1,1,0,"gas,gold,silver",170.35663325987278,5.13789408235605,0.0,0.01,1.9040184908522118,0.6439666479040604,0.0,0.018,0.0,0,0
894,1993-08-31,24.496031746031747,1,1,1,1,"gas,gold,oil,silver",171.63355435828046,5.145361706157174,0.0,0.01,1.9621755283536557,0.674053821134196,0.0,0.018,0.0,0,0
895,1993-09-03,24.50793650793651,1,1,1,1,"gas,gold,oil,silver",168.35863597430426,5.1260964420300645,0.0,0.01,1.8454856691915913,0.6127424781863446,0.0,0.018,0.0,0,0
896,1993-09-08,24.51984126984127,0,0,1,0,gas,,,,,,,,,0.0,0,0
897,1993-09-13,24.53174603174603,1,1,1,1,"gas,gold,oil,silver",170.65025882889324,5.13961619207523,0.0,0.01,1.8707273165914717,0.6263272946029195,0.0,0.018,0.0,0,0
898,1993-09-16,24.543650793650794,1,1,1,1,"gas,gold,oil,silver",169.33946077148488,5.131905343914062,0.0,0.01,1.8613738550074692,0.621314846795396,0.0,0.018,0.0,0,0
899,1993-09-20,24.5515873015873,1,1,0,0,"gold,silver",169.19738794510303,5.131066009376265,0.0,0.01,1.847215333154483,0.6136792797786146,0.0,0.018,0.0,0,0
900,1993-09-23,24.563492063492063,1,1,1,0,"gas,gold,silver",171.95890489680752,5.147255523247763,0.0,0.01,1.853172673810298,0.6168991290438595,0.0,0.018,0.0,0,0
901,1993-09-28,24.575396825396826,0,0,1,1,"gas,oil",,,,,,,,,0.0,0,0
902,1993-10-01,24.58730158730159,0,1,1,1,"gas,oil,silver",,,,,1.8655058687100639,0.6235322595921458,0.0,0.018,0.0,0,0
903,1993-10-06,24.599206349206348,1,1,1,1,"gas,gold,oil,silver",176.98632201257956,5.176072452822739,0.0,0.01,1.8150246712181346,0.5960990605820806,0.0,0.018,0.0,0,0
904,1993-10-11,24.61111111111111,1,0,1,1,"gas,gold,oil",176.28900339484915,5.172124713067362,0.0,0.01,,,,,0.0,0,0
905,1993-10-14,24.623015873015873,0,1,1,1,"gas,oil,silver",,,,,1.855126348700605,0.6179528062469117,0.0,0.018,0.0,0,0
906,1993-10-19,24.634920634920636,1,1,1,1,"gas,gold,oil,silver",180.28047401818955,5.194513827163286,0.0,0.01,1.888834140116884,0.6359597816559313,0.0,0.018,0.0,0,0
907,1993-10-21,24.642857142857142,1,0,1,1,"gas,gold,oil",178.77939360178618,5.186152607785659,0.0,0.01,,,,,0.0,0,0
908,1993-10-26,24.654761904761905,0,1,1,1,"gas,oil,silver",,,,,2.0307655415981913,0.7084128360518294,0.0,0.018,0.0,0,0
909,1993-10-29,24.666666666666668,1,1,1,0,"gas,gold,silver",195.45836314403655,5.275347380497422,0.0,0.01,2.119404209023449,0.7511350157071075,0.0,0.018,0.0,0,0
910,1993-11-03,24.678571428571427,1,1,1,1,"gas,gold,oil,silver",193.2797491277716,5.264138616772572,0.0,0.01,2.056893375673384,0.7211967744578203,0.0,0.018,0.0,0,0
911,1993-11-08,24.69047619047619,1,1,1,1,"gas,gold,oil,silver",188.17740077931035,5.237385139065916,0.0,0.01,1.9306919455996456,0.6578784596995704,0.0,0.018,0.0,0,0
912,1993-11-11,24.702380952380953,1,1,1,1,"gas,gold,oil,silver",183.9054111715764,5.214421555710152,0.0,0.01,1.9010105391032002,0.642385607469462,0.0,0.018,0.0,0,0
913,1993-11-16,24.714285714285715,0,0,1,1,"gas,oil",,,,,,,,,0.0,0,0
914,1993-11-18,24.72222222222222,1,1,1,1,"gas,gold,oil,silver",180.60214744442354,5.196296531523618,0.0,0.01,1.915597988688588,0.6500298395215711,0.0,0.018,0.0,0,0
915,1993-11-23,24.734126984126984,0,1,1,1,"gas,oil,silver",,,,,1.993584122491218,0.6899340853393234,0.0,0.018,0.0,0,0
916,1993-11-26,24.746031746031747,1,1,1,1,"gas,gold,oil,silver",185.8420008631342,5.224896854994456,0.0,0.01,2.0731118219366107,0.7290507740811221,0.0,0.018,0.0,0,0
917,1993-12-01,24.75793650793651,0,1,1,1,"gas,oil,silver",,,,,1.9293798402831612,0.6571986250022892,0.0,0.018,0.0,0,0
918,1993-12-06,24.76984126984127,1,0,0,1,"gold,oil",183.56872614925175,5.212589126799703,0.0,0.01,,,,,0.0,0,0
919,1993-12-09,24.78174603174603,0,1,0,0,silver,,,,,2.0939359049561155,0.7390455030764043,0.0,0.018,0.0,0,0
920,1993-12-14,24.793650793650794,1,1,1,1,"gas,gold,oil,silver",194.5571671186982,5.270726038221028,0.0,0.01,2.135403137277388,0.7586554519364974,0.0,0.018,0.0,0,0
921,1993-12-17,24.805555555555557,0,1,1,1,"gas,oil,silver",,,,,2.1625182658393873,0.7712734064191553,0.0,0.018,0.0,0,0
922,1993-12-21,24.813492063492063,0,1,1,1,"gas,oil,silver",,,,,2.21012587371656,0.793049470340538,0.0,0.018,0.0,0,0
923,1993-12-24,24.825396825396826,1,1,1,1,"gas,gold,oil,silver",197.11575216411276,5.2837911306208385,0.0,0.01,2.2323987135290126,0.8030766636593596,0.0,0.018,0.0,0,0
924,1993-12-29,24.83730158730159,1,0,0,1,"gold,oil",199.31080921285655,5.294865461637934,0.0,0.01,,,,,0.0,0,0
925,1994-01-03,24.849206349206348,1,1,1,0,"gas,gold,silver",198.9200033374905,5.292902750624592,0.0,0.01,2.1948049749853467,0.7860931929147792,0.0,0.018,0.0,0,0
926,1994-01-06,24.86111111111111,1,0,1,0,"gas,gold",197.40030633775353,5.285233678861164,0.0,0.01,,,,,0.0,0,0
927,1994-01-11,24.873015873015873,1,0,1,1,"gas,gold,oil",198.43474437690926,5.290460302386039,0.0,0.01,,,,,0.0,0,0
928,1994-01-14,24.884920634920636,1,1,1,1,"gas,gold,oil,silver",197.175342989791,5.284093398802212,0.0,0.01,2.149925325081974,0.7654331090163713,0.0,0.018,0.0,0,0
929,1994-01-19,24.896825396825395,1,1,1,1,"gas,gold,oil,silver",196.74928628423592,5.281930259764813,0.0,0.01,2.216870963286783,0.7960967256415972,0.0,0.018,0.0,0,0
930,1994-01-21,24.904761904761905,1,1,1,1,"gas,gold,oil,silver",197.5458803626321,5.285970862995981,0.0,0.01,2.2072253099006436,0.7917362108272146,0.0,0.018,0.0,0,0
931,1994-01-26,24.916666666666668,1,1,1,1,"gas,gold,oil,silver",197.64457857584154,5.286470359950066,0.0,0.01,2.2014544797882754,0.7891182690924634,0.0,0.018,0.0,0,0
932,1994-01-31,24.928571428571427,1,1,1,0,"gas,gold,silver",203.81392733760325,5.317207456714728,0.0,0.01,2.31177649302304,0.8380162735691479,0.0,0.018,0.0,0,0
933,1994-02-03,24.94047619047619,1,1,0,1,"gold,oil,silver",207.98613253196973,5.337471406959364,0.0,0.01,2.354594666907172,0.8563685966917445,0.0,0.018,0.0,0,0
934,1994-02-08,24.952380952380953,1,1,0,1,"gold,oil,silver",207.2435367829719,5.3338946079222325,0.0,0.01,2.3585274463177157,0.8580374608666304,0.0,0.018,0.0,0,0
935,1994-02-11,24.964285714285715,1,1,1,1,"gas,gold,oil,silver",205.39804710543473,5.324949789686039,0.0,0.01,2.353353526261017,0.8558413433643997,0.0,0.018,0.0,0,0
936,1994-02-16,24.976190476190474,1,1,1,1,"gas,gold,oil,silver",210.29196034030338,5.348496852497639,0.0,0.01,2.4292605339156164,0.8875869040110667,0.0,0.018,0.0,0,0
937,1994-02-21,24.988095238095237,1,1,1,0,"gas,gold,silver",216.27749603603385,5.37656228702878,0.0,0.01,2.565643696314009,0.9422094008677715,0.0,0.018,0.0,0,0
938,1994-02-23,24.996031746031747,1,1,1,1,"gas,gold,oil,silver",213.91025990896046,5.365556580851826,0.0,0.01,2.4980614887364734,0.9155150265871759,0.0,0.018,0.0,0,0
939,1994-02-28,25.00793650793651,1,1,1,1,"gas,gold,oil,silver",222.54302963155757,5.4051204745110555,0.0,0.01,2.6584604328676473,0.9777471705968999,0.0,0.018,0.0,0,0
940,1994-03-03,25.01984126984127,1,1,1,1,"gas,gold,oil,silver",222.65297736099146,5.405614404060927,0.0,0.01,2.6787189013004626,0.9853386583310599,0.0,0.018,0.0,0,0
941,1994-03-08,25.03174603174603,1,1,1,1,"gas,gold,oil,silver",223.34760433578148,5.408729321686345,0.0,0.01,2.7240930643393937,1.002135552292287,0.0,0.018,0.0,0,0
942,1994-03-11,25.043650793650794,1,1,1,1,"gas,gold,oil,silver",228.1024151618716,5.42979471740558,0.0,0.01,2.773168595274907,1.0199905636584925,0.0,0.018,0.0,0,0
943,1994-03-16,25.055555555555557,1,1,1,1,"gas,gold,oil,silver",235.19763439867108,5.460426158145112,0.0,0.01,2.916996165230056,1.070554376256697,0.0,0.018,0.0,0,0
944,1994-03-21,25.067460317460316,0,0,1,0,gas,,,,,,,,,0.0,0,0
945,1994-03-23,25.075396825396826,1,1,1,1,"gas,gold,oil,silver",232.92738889264393,5.450726769343331,0.0,0.01,2.8672673822792722,1.0533594445962933,0.0,0.018,0.0,0,0
946,1994-03-28,25.08730158730159,1,1,1,1,"gas,gold,oil,silver",231.76493628797388,5.445723652371197,0.0,0.01,2.868692290341839,1.053856277967936,0.0,0.018,0.0,0,0
947,1994-03-31,25.099206349206348,1,1,0,0,"gold,silver",239.755305739496,5.479618843818972,0.0,0.01,2.9255628923462504,1.0734869039970445,0.0,0.018,0.0,0,0
948,1994-04-05,25.11111111111111,1,1,1,0,"gas,gold,silver",245.58571240111308,5.5036460203182305,0.0,0.01,3.004479583517447,1.100104369467525,0.0,0.018,0.0,0,0
949,1994-04-08,25.123015873015873,1,1,1,1,"gas,gold,oil,silver",244.6943339344344,5.500009815029068,0.0,0.01,2.8880674633187073,1.0605875806326408,0.0,0.018,0.0,0,0
950,1994-04-13,25.134920634920636,1,1,1,1,"gas,gold,oil,silver",242.78821652448207,5.492189526395134,0.0,0.01,2.9150291970401483,1.0698798358895667,0.0,0.018,0.0,0,0
951,1994-04-18,25.146825396825395,1,1,1,0,"gas,gold,silver",247.4317225793465,5.511134675583791,0.0,0.01,2.9617518903886118,1.085780948119975,0.0,0.018,0.0,0,0
952,1994-04-21,25.158730158730158,1,1,1,1,"gas,gold,oil,silver",249.48142713955824,5.519384472098343,0.0,0.01,3.0714527703085404,1.1221506647523731,0.0,0.018,0.0,0,0
953,1994-04-25,25.166666666666668,1,1,1,1,"gas,gold,oil,silver",250.21118078851012,5.522305284438476,0.0,0.01,3.0799392875950033,1.1249098849713985,0.0,0.018,0.0,0,0
954,1994-04-28,25.178571428571427,1,1,0,1,"gold,oil,silver",250.4074042775508,5.523089208587291,0.0,0.01,3.0879031430944144,1.127492266092386,0.0,0.018,0.0,0,0
955,1994-05-03,25.19047619047619,1,1,1,1,"gas,gold,oil,silver",250.87594117810914,5.524958558691365,0.0,0.01,3.085641483373992,1.1267595720054573,0.0,0.018,0.0,0,0
956,1994-05-06,25.202380952380953,1,1,1,1,"gas,gold,oil,silver",253.0761271198309,5.533690341173726,0.0,0.01,3.2760008252224653,1.1866234178902006,0.0,0.018,0.0,0,0
957,1994-05-11,25.214285714285715,1,1,1,1,"gas,gold,oil,silver",259.90073134724736,5.560299755599805,0.0,0.01,3.48048752487931,1.2471723773303487,0.0,0.018,0.0,0,0
958,1994-05-16,25.226190476190474,1,1,1,1,"gas,gold,oil,silver",261.14405520403113,5.5650721907098655,0.0,0.01,3.458239599756961,1.2407596733966066,0.0,0.018,0.0,0,0
959,1994-05-19,25.238095238095237,1,1,1,1,"gas,gold,oil,silver",262.7223278655052,5.571097686857821,0.0,0.01,3.533755097956223,1.2623610726722978,0.0,0.018,0.0,0,0
960,1994-05-24,25.25,1,1,0,0,"gold,silver",265.57155852157155,5.5818843279887655,0.0,0.01,3.6891427338676923,1.3053941096165587,0.0,0.018,0.0,0,0
961,1994-05-26,25.25793650793651,1,0,1,1,"gas,gold,oil",276.1958672215853,5.621110277871157,0.0,0.01,,,,,0.0,0,0
962,1994-05-31,25.26984126984127,1,1,1,1,"gas,gold,oil,silver",275.89384959884063,5.620016188835733,0.0,0.01,3.7983169438271784,1.334558059099784,0.0,0.018,0.0,0,0
963,1994-06-03,25.28174603174603,1,0,1,1,"gas,gold,oil",281.0328147828302,5.638471441102242,0.0,0.01,,,,,0.0,0,0
964,1994-06-08,25.293650793650794,1,0,1,1,"gas,gold,oil",277.6198935870075,5.6262528888424,0.0,0.01,,,,,0.0,0,0
965,1994-06-13,25.305555555555557,1,1,1,0,"gas,gold,silver",276.3039368117798,5.621501480151353,0.0,0.01,3.817083435349933,1.3394866324054937,0.0,0.018,0.0,0,0
966,1994-06-16,25.317460317460316,1,1,0,1,"gold,oil,silver",278.8138836819548,5.630544475644893,0.0,0.01,3.981412658195588,1.3816366955654364,0.0,0.018,0.0,0,0
967,1994-06-21,25.32936507936508,1,1,1,1,"gas,gold,oil,silver",276.3404357336589,5.621633568429983,0.0,0.01,3.917847729815231,1.365542454503518,0.0,0.018,0.0,0,0
968,1994-06-23,25.33730158730159,1,0,0,0,gold,273.66211670903107,5.611894194735136,0.0,0.01,,,,,0.0,0,0
969,1994-06-28,25.349206349206348,1,1,0,1,"gold,oil,silver",278.61834118606095,5.6298428925817285,0.0,0.01,4.092923533858405,1.4092595151609182,0.0,0.018,0.0,0,0
970,1994-07-01,25.36111111111111,1,1,1,1,"gas,gold,oil,silver",274.00403781666455,5.613142842836658,0.0,0.01,3.903946684890132,1.3619880119233048,0.0,0.018,0.0,0,0
971,1994-07-06,25.373015873015873,1,1,1,1,"gas,gold,oil,silver",281.6271577906094,5.64058406065154,0.0,0.01,4.072133696428167,1.4041671118202697,0.0,0.018,0.0,0,0
972,1994-07-11,25.384920634920636,1,1,0,1,"gold,oil,silver",280.0302258683128,5.634897546872807,0.0,0.01,3.9533009680817655,1.3745509180420972,0.0,0.018,0.0,0,0
973,1994-07-14,25.396825396825395,1,1,0,1,"gold,oil,silver",282.01564107865994,5.6419625342179405,0.0,0.01,4.035719873570881,1.3951846931378122,0.0,0.018,0.0,0,0
974,1994-07-19,25.408730158730158,1,1,1,1,"gas,gold,oil,silver",281.1630536023116,5.638934762976824,0.0,0.01,4.055443260632358,1.40005999370973,0.0,0.018,0.0,0,0
975,1994-07-22,25.42063492063492,1,1,1,1,"gas,gold,oil,silver",287.4527302530556,5.661058430208418,0.0,0.01,4.188144475954145,1.4322577900145381,0.0,0.018,0.0,0,0
976,1994-07-26,25.428571428571427,1,1,1,1,"gas,gold,oil,silver",290.71497421248307,5.672343317117045,0.0,0.01,4.279921402304558,1.453934645477553,0.0,0.018,0.0,0,0
977,1994-07-29,25.44047619047619,1,1,1,1,"gas,gold,oil,silver",289.33905222121746,5.667599191538436,0.0,0.01,4.098224148916223,1.4105537454697812,0.0,0.018,0.0,0,0
978,1994-08-03,25.452380952380953,0,0,1,1,"gas,oil",,,,,,,,,0.0,0,0
979,1994-08-08,25.464285714285715,1,1,1,1,"gas,gold,oil,silver",283.6642625622365,5.6477913647656015,0.0,0.01,3.8055080753717547,1.3364495107495338,0.0,0.018,0.0,0,0
980,1994-08-11,25.476190476190474,1,0,0,1,"gold,oil",283.53642476966985,5.647340597347344,0.0,0.01,,,,,0.0,0,0
981,1994-08-16,25.488095238095237,0,1,1,1,"gas,oil,silver",,,,,3.693201089595381,1.306493585943743,0.0,0.018,0.0,0,0
982,1994-08-19,25.5,1,1,1,1,"gas,gold,oil,silver",286.84321476544466,5.658935776472992,0.0,0.01,3.698495792260194,1.3079261943569387,0.0,0.018,0.0,0,0
983,1994-08-24,25.511904761904763,1,1,1,1,"gas,gold,oil,silver",282.13675268798494,5.642391892003261,0.0,0.01,3.629412633778931,1.2890708263079633,0.0,0.018,0.0,0,0
984,1994-08-26,25.51984126984127,1,1,1,1,"gas,gold,oil,silver",279.54857866144806,5.633176083079289,0.0,0.01,3.5423142068604565,1.264780244308358,0.0,0.018,0.0,0,0
985,1994-08-31,25.53174603174603,1,0,0,0,gold,277.4800539801335,5.625749053054106,0.0,0.01,,,,,0.0,0,0
986,1994-09-05,25.543650793650794,1,1,1,1,"gas,gold,oil,silver",279.784928065287,5.634021193965955,0.0,0.01,3.5175952412430247,1.2577775860415608,0.0,0.018,0.0,0,0
987,1994-09-08,25.555555555555557,0,0,1,1,"gas,oil",,,,,,,,,0.0,0,0
988,1994-09-13,25.567460317460316,1,1,1,1,"gas,gold,oil,silver",278.1026048213357,5.627990127687732,0.0,0.01,3.4734506081467282,1.245148511428777,0.0,0.018,0.0,0,0
989,1994-09-16,25.57936507936508,1,1,1,1,"gas,gold,oil,silver",278.5488098108379,5.629593303655104,0.0,0.01,3.553181508056706,1.2678434015929616,0.0,0.018,0.0,0,0
990,1994-09-21,25.591269841269842,1,1,0,1,"gold,oil,silver",278.9988928603783,5.6312078135711205,0.0,0.01,3.5504554272402506,1.2670758846223986,0.0,0.018,0.0,0,0
991,1994-09-26,25.603174603174605,1,1,1,0,"gas,gold,silver",275.34435761944025,5.618022523831347,0.0,0.01,3.551696095383901,1.2674252627375566,0.0,0.018,0.0,0,0
992,1994-09-28,25.61111111111111,1,1,1,1,"gas,gold,oil,silver",274.6081850393716,5.615345300025013,0.0,0.01,3.505587827622721,1.2543582175865833,0.0,0.018,0.0,0,0
993,1994-10-03,25.623015873015873,1,1,1,1,"gas,gold,oil,silver",269.08518035587326,5.595027985075078,0.0,0.01,3.431725004857347,1.2330630516255758,0.0,0.018,0.0,0,0
994,1994-10-06,25.634920634920636,1,1,1,1,"gas,gold,oil,silver",258.72446162723827,5.5557636406833435,0.0,0.01,3.2614577981501767,1.1821742727713036,0.0,0.018,0.0,0,0
995,1994-10-11,25.646825396825395,1,1,1,1,"gas,gold,oil,silver",253.6425386726203,5.535925947741765,0.0,0.01,3.0970092668405003,1.1304368931856528,0.0,0.018,0.0,0,0
996,1994-10-14,25.658730158730158,1,1,1,1,"gas,gold,oil,silver",256.6224105837732,5.547605785015509,0.0,0.01,3.168471497679331,1.1532492942160673,0.0,0.018,0.0,0,0
997,1994-10-19,25.67063492063492,0,0,1,1,"gas,oil",,,,,,,,,0.0,0,0
998,1994-10-24,25.682539682539684,1,1,1,1,"gas,gold,oil,silver",258.3600443157086,5.55435413269123,0.0,0.01,3.16192475259392,1.15118094109549,0.0,0.018,0.0,0,0
999,1994-10-26,25.69047619047619,1,1,1,1,"gas,gold,oil,silver",263.66822780382114,5.5746915999561795,0.0,0.01,3.216903299181654,1.1684191884894801,0.0,0.018,0.0,0,0
1000,1994-10-31,25.702380952380953,1,1,0,1,"gold,oil,silver",258.5302306038677,5.555012633354007,0.0,0.01,3.089214463492181,1.127916839655974,0.0,0.018,0.0,0,0
1001,1994-11-03,25.714285714285715,0,0,1,0,gas,,,,,,,,,0.0,0,0
1002,1994-11-08,25.726190476190474,1,1,0,0,"gold,silver",260.19724347074805,5.561439972135848,0.0,0.01,3.0347419989924638,1.1101264123288237,0.0,0.018,0.0,0,0
1003,1994-11-11,25.738095238095237,0,1,0,1,"oil,silver",,,,,2.960558071042438,1.0853777880793427,0.0,0.018,0.0,0,0
1004,1994-11-16,25.75,0,1,1,1,"gas,oil,silver",,,,,2.8833998734583846,1.0589701095094146,0.0,0.018,0.0,0,0
1005,1994-11-21,25.761904761904763,1,1,1,1,"gas,gold,oil,silver",260.6592227147747,5.563213894109233,0.0,0.01,2.96969314657512,1.0884586298254972,0.0,0.018,0.0,0,0
1006,1994-11-24,25.773809523809526,1,1,1,0,"gas,gold,silver",260.5009271498399,5.562606420303556,0.0,0.01,2.9207391957276907,1.0718367334651446,0.0,0.018,0.0,0,0
1007,1994-11-28,25.78174603174603,1,1,1,0,"gas,gold,silver",264.240903370569,5.5768611998269515,0.0,0.01,3.0194276585824906,1.1050672964004922,0.0,0.018,0.0,0,0
1008,1994-12-01,25.793650793650794,0,0,1,1,"gas,oil",,,,,,,,,0.0,0,0
1009,1994-12-06,25.805555555555557,1,1,1,1,"gas,gold,oil,silver",261.89053063145724,5.5679265944318175,0.0,0.01,3.074351457876953,1.1230939710067647,0.0,0.018,0.0,0,0
1010,1994-12-09,25.817460317460316,1,1,0,1,"gold,oil,silver",262.5360334975878,5.570388343077951,0.0,0.01,3.114495312103048,1.136067120526486,0.0,0.018,0.0,0,0
1011,1994-12-14,25.82936507936508,1,1,1,1,"gas,gold,oil,silver",260.33147593897735,5.5619557264687005,0.0,0.01,3.0765325489681654,1.1238031670118274,0.0,0.018,0.0,0,0
1012,1994-12-19,25.841269841269842,1,1,1,1,"gas,gold,oil,silver",260.203343447784,5.56146341552615,0.0,0.01,3.046660106958704,1.1140459437186192,0.0,0.018,0.0,0,0
1013,1994-12-22,25.853174603174605,0,1,1,1,"gas,oil,silver",,,,,3.1139909161885733,1.1359051563197462,0.0,0.018,0.0,0,0
1014,1994-12-27,25.865079365079364,1,1,1,1,"gas,gold,oil,silver",259.7998123366978,5.5599113818986625,0.0,0.01,3.0484251055426856,1.114625098421722,0.0,0.018,0.0,0,0
1015,1994-12-29,25.873015873015873,1,1,1,1,"gas,gold,oil,silver",256.850804762624,5.548495390109163,0.0,0.01,2.99068338003998,1.0955019164851527,0.0,0.018,0.0,0,0
1016,1995-01-03,25.884920634920636,1,1,1,1,"gas,gold,oil,silver",258.919082340622,5.5565155894899,0.0,0.01,3.0873567118585044,1.127315291762505,0.0,0.018,0.0,0,0
1017,1995-01-06,25.896825396825395,1,1,1,1,"gas,gold,oil,silver",265.35921653308156,5.581084442166401,0.0,0.01,3.1676454356603525,1.1529885471268486,0.0,0.018,0.0,0,0
1018,1995-01-11,25.908730158730158,1,0,1,0,"gas,gold",269.74623330117186,5.5974816403750305,0.0,0.01,,,,,0.0,0,0
1019,1995-01-16,25.92063492063492,1,1,1,1,"gas,gold,oil,silver",267.1314790282056,5.587740968013232,0.0,0.01,3.1586976584550803,1.1501598092482186,0.0,0.018,0.0,0,0
1020,1995-01-19,25.932539682539684,1,1,1,1,"gas,gold,oil,silver",261.78587917427535,5.567526914566101,0.0,0.01,3.0473189605302604,1.1142621747121382,0.0,0.018,0.0,0,0
1021,1995-01-24,25.944444444444443,1,1,0,1,"gold,oil,silver",260.0489384211211,5.560869838000102,0.0,0.01,3.00727373275122,1.1010339317060187,0.0,0.018,0.0,0,0
1022,1995-01-26,25.952380952380953,1,1,1,1,"gas,gold,oil,silver",257.02432446241676,5.5491707281300915,0.0,0.01,2.88282436985032,1.058770497567287,0.0,0.018,0.0,0,0
1023,1995-01-31,25.964285714285715,1,1,1,1,"gas,gold,oil,silver",259.1061030749551,5.557237642192061,0.0,0.01,2.9275324285394517,1.074159893640835,0.0,0.018,0.0,0,0
1024,1995-02-03,25.976190476190474,0,1,1,1,"gas,oil,silver",,,,,2.867832881093551,1.0535566508490672,0.0,0.018,0.0,0,0
1025,1995-02-08,25.988095238095237,1,1,1,1,"gas,gold,oil,silver",257.9641400603592,5.552820583247221,0.0,0.01,2.9656263827095604,1.087088269061631,0.0,0.018,0.0,0,0
1026,1995-02-13,26.0,1,0,1,1,"gas,gold,oil",260.5989520911347,5.562982643543499,0.0,0.01,,,,,0.0,0,0
1027,1995-02-16,26.011904761904763,1,1,1,1,"gas,gold,oil,silver",258.7762055306992,5.555963616864698,0.0,0.01,2.9446501506710283,1.0799900157077342,0.0,0.018,0.0,0,0
1028,1995-02-21,26.023809523809526,1,0,1,1,"gas,gold,oil",249.90891346081023,5.5210965053153,0.0,0.01,,,,,0.0,0,0
1029,1995-02-24,26.035714285714285,1,1,1,1,"gas,gold,oil,silver",247.68657056487257,5.512164118492935,0.0,0.01,2.790202073777159,1.02611402108762,0.0,0.018,0.0,0,0
1030,1995-02-28,26.043650793650794,1,1,1,0,"gas,gold,silver",239.78308966624664,5.479734721617488,0.0,0.01,2.7169469642921924,0.9995088103023477,0.0,0.018,0.0,0,0
1031,1995-03-03,26.055555555555557,1,1,1,1,"gas,gold,oil,silver",231.2366022720226,5.443441438593189,0.0,0.01,2.665811308566147,0.9805084422697679,0.0,0.018,0.0,0,0
1032,1995-03-08,26.067460317460316,1,1,1,1,"gas,gold,oil,silver",230.10747193845464,5.438546469084522,0.0,0.01,2.55666227612777,0.938702609419269,0.0,0.018,0.0,0,0
1033,1995-03-13,26.07936507936508,1,1,1,1,"gas,gold,oil,silver",232.5934858851789,5.449292234039685,0.0,0.01,2.603468563337538,0.9568446187783897,0.0,0.018,0.0,0,0
1034,1995-03-16,26.091269841269842,1,0,1,1,"gas,gold,oil",235.0877458643403,5.459958831109476,0.0,0.01,,,,,0.0,0,0
1035,1995-03-21,26.103174603174605,1,1,1,0,"gas,gold,silver",234.55867458058134,5.457705768019725,0.0,0.01,2.5166846422173212,0.9229424171702245,0.0,0.018,0.0,0,0
1036,1995-03-24,26.115079365079364,0,1,0,1,"oil,silver",,,,,2.4802863336951857,0.9083740106473843,0.0,0.018,0.0,0,0
1037,1995-03-29,26.126984126984127,0,1,1,1,"gas,oil,silver",,,,,2.4762272177807767,0.9067361186978522,0.0,0.018,0.0,0,0
1038,1995-03-31,26.134920634920636,1,1,1,1,"gas,gold,oil,silver",237.88987309087807,5.471807848478862,0.0,0.01,2.4734960249674782,0.9056325446366205,0.0,0.018,0.0,0,0
1039,1995-04-05,26.146825396825395,1,1,1,0,"gas,gold,silver",244.24343542979463,5.498165414122798,0.0,0.01,2.5742656948346965,0.9455643263933566,0.0,0.018,0.0,0,0
1040,1995-04-10,26.158730158730158,1,1,1,0,"gas,gold,silver",249.5524536903717,5.519669128327195,0.0,0.01,2.6861203868762953,0.9880979172293027,0.0,0.018,0.0,0,0
1041,1995-04-13,26.17063492063492,1,1,1,1,"gas,gold,oil,silver",248.76014128374516,5.51648914418755,0.0,0.01,2.6820472386056657,0.9865803979055938,0.0,0.018,0.0,0,0
1042,1995-04-18,26.182539682539684,1,1,1,1,"gas,gold,oil,silver",244.88050980846003,5.500770376505539,0.0,0.01,2.6375677240104443,0.9698571758224588,0.0,0.018,0.0,0,0
1043,1995-04-21,26.194444444444443,0,1,1,1,"gas,oil,silver",,,,,2.7100641706173634,0.9969723138058608,0.0,0.018,0.0,0,0
1044,1995-04-26,26.206349206349206,1,1,1,1,"gas,gold,oil,silver",260.8390081480159,5.563903389987546,0.0,0.01,2.8706096686019635,1.054524435296187,0.0,0.018,0.0,0,0
1045,1995-05-01,26.21825396825397,1,1,1,1,"gas,gold,oil,silver",254.00881717579148,5.537368979706562,0.0,0.01,2.7793854769597948,1.022229851813761,0.0,0.018,0.0,0,0
1046,1995-05-03,26.226190476190474,1,1,1,1,"gas,gold,oil,silver",257.31756259729724,5.550310974234986,0.0,0.01,2.786366599394114,1.024738452987371,0.0,0.018,0.0,0,0
1047,1995-05-08,26.238095238095237,1,1,0,1,"gold,oil,silver",254.99130392460617,5.541229442320485,0.0,0.01,2.7500790817686727,1.0116296682717951,0.0,0.018,0.0,0,0
1048,1995-05-11,26.25,1,1,1,1,"gas,gold,oil,silver",257.45403763275914,5.550841209541667,0.0,0.01,2.7690122246768674,1.018490659013629,0.0,0.018,0.0,0,0
1049,1995-05-16,26.261904761904763,1,1,1,1,"gas,gold,oil,silver",255.51540296859227,5.543282693418015,0.0,0.01,2.7098421168247704,0.996890373720206,0.0,0.018,0.0,0,0
1050,1995-05-19,26.273809523809526,1,0,1,0,"gas,gold",262.72354642683064,5.571102325057054,0.0,0.01,,,,,0.0,0,0
1051,1995-05-24,26.285714285714285,1,1,1,0,"gas,gold,silver",263.40202317523404,5.573681470279052,0.0,0.01,2.8466182247624348,1.0461317019252003,0.0,0.018,0.0,0,0
1052,1995-05-29,26.297619047619047,0,1,1,1,"gas,oil,silver",,,,,2.8457172270226723,1.0458151366929092,0.0,0.018,0.0,0,0
1053,1995-05-31,26.305555555555557,0,0,1,1,"gas,oil",,,,,,,,,0.0,0,0
1054,1995-06-05,26.317460317460316,1,1,1,1,"gas,gold,oil,silver",258.8254306474708,5.556153821506567,0.0,0.01,2.811090847136356,1.0335726098427045,0.0,0.018,0.0,0,0
1055,1995-06-08,26.32936507936508,1,1,1,1,"gas,gold,oil,silver",250.13417922291828,5.521997490772924,0.0,0.01,2.6813236011343973,0.9863105536239725,0.0,0.018,0.0,0,0
1056,1995-06-13,26.341269841269842,1,1,1,0,"gas,gold,silver",242.78769854049324,5.492187392912098,0.0,0.01,2.525896554308765,0.9265960707179011,0.0,0.018,0.0,0,0
1057,1995-06-16,26.353174603174605,1,0,1,1,"gas,gold,oil",245.22405290918212,5.502172294312968,0.0,0.01,,,,,0.0,0,0
1058,1995-06-21,26.365079365079364,1,1,1,1,"gas,gold,oil,silver",244.62509426505704,5.499726811061315,0.0,0.01,2.6345043735269043,0.9686950707633408,0.0,0.018,0.0,0,0
1059,1995-06-26,26.376984126984127,1,1,1,1,"gas,gold,oil,silver",250.16494795320156,5.522120492108129,0.0,0.01,2.7918356678568146,1.02669932495044,0.0,0.018,0.0,0,0
1060,1995-06-29,26.38888888888889,1,1,1,1,"gas,gold,oil,silver",251.14569240354913,5.526033218560011,0.0,0.01,2.880038564585316,1.0578036845392154,0.0,0.018,0.0,0,0
1061,1995-07-03,26.396825396825395,0,1,1,1,"gas,oil,silver",,,,,2.826639527027558,1.0390885598021888,0.0,0.018,0.0,0,0
1062,1995-07-06,26.408730158730158,1,1,1,1,"gas,gold,oil,silver",243.83718995312316,5.4965007482895025,0.0,0.01,2.807053190197259,1.0321352463264186,0.0,0.018,0.0,0,0
1063,1995-07-11,26.42063492063492,1,1,1,1,"gas,gold,oil,silver",242.4723092651599,5.490887515260245,0.0,0.01,2.7365270768561603,1.0066896262563954,0.0,0.018,0.0,0,0
1064,1995-07-14,26.432539682539684,1,1,1,1,"gas,gold,oil,silver",242.75869546222702,5.492067927177581,0.0,0.01,2.7380088384204213,1.0072309549181768,0.0,0.018,0.0,0,0
1065,1995-07-19,26.444444444444443,1,1,1,1,"gas,gold,oil,silver",245.083673711247,5.501599677590248,0.0,0.01,2.7616839344798545,1.0158406148691503,0.0,0.018,0.0,0,0
1066,1995-07-24,26.456349206349206,1,1,1,1,"gas,gold,oil,silver",246.60466299074054,5.507786499678559,0.0,0.01,2.7507433065331783,1.0118711684406232,0.0,0.018,0.0,0,0
1067,1995-07-27,26.46825396825397,1,0,0,1,"gold,oil",249.15177019985742,5.5180622296584545,0.0,0.01,,,,,0.0,0,0
1068,1995-08-01,26.48015873015873,1,1,1,1,"gas,gold,oil,silver",251.41827389472573,5.5271179820376375,0.0,0.01,2.7254703078351925,1.0026410032545248,0.0,0.018,0.0,0,0
1069,1995-08-03,26.488095238095237,1,1,1,1,"gas,gold,oil,silver",251.28610410803446,5.526592146992151,0.0,0.01,2.61663968022048,0.9618909297814888,0.0,0.018,0.0,0,0
1070,1995-08-08,26.5,1,1,1,1,"gas,gold,oil,silver",252.95098994669317,5.533195754336506,0.0,0.01,2.7104436076855496,0.9971123143682896,0.0,0.018,0.0,0,0
1071,1995-08-11,26.511904761904763,1,1,0,0,"gold,silver",254.07729853312517,5.53763854565466,0.0,0.01,2.644905563197412,0.9726353607777452,0.0,0.018,0.0,0,0
1072,1995-08-16,26.523809523809526,1,1,1,1,"gas,gold,oil,silver",252.47327855438385,5.531305415607898,0.0,0.01,2.5596701028979885,0.9398783841320544,0.0,0.018,0.0,0,0
1073,1995-08-21,26.535714285714285,1,0,1,1,"gas,gold,oil",256.32001140834757,5.546426708388216,0.0,0.01,,,,,0.0,0,0
1074,1995-08-24,26.547619047619047,1,0,1,1,"gas,gold,oil",249.6964893151023,5.520246137575766,0.0,0.01,,,,,0.0,0,0
1075,1995-08-29,26.55952380952381,1,1,1,1,"gas,gold,oil,silver",256.11358425480944,5.5456210345742765,0.0,0.01,2.532875024705769,0.9293550309573981,0.0,0.018,0.0,0,0
1076,1995-08-31,26.567460317460316,1,0,0,1,"gold,oil",265.37202952893097,5.581132726475821,0.0,0.01,,,,,0.0,0,0
1077,1995-09-05,26.57936507936508,1,1,1,1,"gas,gold,oil,silver",260.1262767633432,5.5611671929702515,0.0,0.01,2.6098725692348226,0.9593013960947088,0.0,0.018,0.0,0,0
1078,1995-09-08,26.591269841269842,1,1,1,1,"gas,gold,oil,silver",260.1237286699984,5.561157397320782,0.0,0.01,2.626849263418846,0.9657851293155335,0.0,0.018,0.0,0,0
1079,1995-09-13,26.603174603174605,1,0,1,1,"gas,gold,oil",263.5489582868538,5.574239150672853,0.0,0.01,,,,,0.0,0,0
1080,1995-09-18,26.615079365079364,1,0,1,0,"gas,gold",266.79670276292416,5.586486955505298,0.0,0.01,,,,,0.0,0,0
1081,1995-09-21,26.626984126984127,1,0,1,1,"gas,gold,oil",265.26078576295725,5.580713439298709,0.0,0.01,,,,,0.0,0,0
1082,1995-09-26,26.63888888888889,1,1,0,1,"gold,oil,silver",267.5163778327138,5.5891807900047095,0.0,0.01,2.7862773252069837,1.0247064128325196,0.0,0.018,0.0,0,0
1083,1995-09-29,26.650793650793652,0,1,1,1,"gas,oil,silver",,,,,2.8841823507104873,1.0592414458255661,0.0,0.018,0.0,0,0
1084,1995-10-03,26.658730158730158,1,0,0,0,gold,268.5652420032931,5.593093871409248,0.0,0.01,,,,,0.0,0,0
1085,1995-10-06,26.67063492063492,0,1,1,1,"gas,oil,silver",,,,,2.7963234155914685,1.0283054884946106,0.0,0.018,0.0,0,0
1086,1995-10-11,26.682539682539684,1,1,0,1,"gold,oil,silver",263.0051855131656,5.572173748763489,0.0,0.01,2.7116619728137605,0.9975617210169165,0.0,0.018,0.0,0,0
1087,1995-10-16,26.694444444444443,1,1,1,1,"gas,gold,oil,silver",264.6055409248398,5.578240192220632,0.0,0.01,2.7744019172446444,1.0204351986522338,0.0,0.018,0.0,0,0
1088,1995-10-19,26.706349206349206,1,1,0,1,"gold,oil,silver",266.364292450205,5.5848648923333455,0.0,0.01,2.803786847262001,1.0309709489012788,0.0,0.018,0.0,0,0
1089,1995-10-24,26.71825396825397,0,0,1,1,"gas,oil",,,,,,,,,0.0,0,0
1090,1995-10-27,26.73015873015873,1,1,1,1,"gas,gold,oil,silver",267.4591280616004,5.588966762369047,0.0,0.01,2.771392142953468,1.0193497726324416,0.0,0.018,0.0,0,0
1091,1995-11-01,26.74206349206349,1,1,1,1,"gas,gold,oil,silver",267.5431751893488,5.5892809558890715,0.0,0.01,2.796530741382277,1.0283796280251918,0.0,0.018,0.0,0,0
1092,1995-11-03,26.75,1,1,1,1,"gas,gold,oil,silver",264.5907540515946,5.578184307954664,0.0,0.01,2.818841463019366,1.0363259718202478,0.0,0.018,0.0,0,0
1093,1995-11-08,26.761904761904763,1,1,1,0,"gas,gold,silver",269.4390464948631,5.596342192207376,0.0,0.01,2.9854969428637306,1.0937662130096548,0.0,0.018,0.0,0,0
1094,1995-11-13,26.773809523809526,1,1,0,1,"gold,oil,silver",263.9287551014632,5.575679199685742,0.0,0.01,2.9221631760754607,1.0723241557376215,0.0,0.018,0.0,0,0
1095,1995-11-16,26.785714285714285,1,1,1,1,"gas,gold,oil,silver",254.07492919591775,5.537629220349848,0.0,0.01,2.7388622685177455,1.0075426036999604,0.0,0.018,0.0,0,0
1096,1995-11-21,26.797619047619047,0,1,1,1,"gas,oil,silver",,,,,2.6683622148288952,0.9814648815179547,0.0,0.018,0.0,0,0
1097,1995-11-24,26.80952380952381,1,1,1,1,"gas,gold,oil,silver",260.4114485130649,5.562262874471913,0.0,0.01,2.8067807056907172,1.0320381702419426,0.0,0.018,0.0,0,0
1098,1995-11-29,26.821428571428573,1,1,1,1,"gas,gold,oil,silver",254.03839332917252,5.537485410435057,0.0,0.01,2.754719446724879,1.013315603199777,0.0,0.018,0.0,0,0
1099,1995-12-04,26.833333333333332,0,1,0,0,silver,,,,,2.6442417637322384,0.9723843564371102,0.0,0.018,0.0,0,0
1100,1996-04-22,27.23015873015873,1,1,1,1,"gas,gold,oil,silver",257.9466566995263,5.5527528065658665,0.0,0.01,3.1975728342512704,1.1623920327106592,0.0,0.018,0.0,0,0
1101,1996-04-25,27.24206349206349,1,1,1,1,"gas,gold,oil,silver",255.5019285315024,5.543229957683775,0.0,0.01,3.0884378374710733,1.127665408857553,0.0,0.018,0.0,0,0
1102,1996-04-30,27.253968253968253,1,1,1,1,"gas,gold,oil,silver",256.67151327573083,5.547797108893798,0.0,0.01,3.1789732258321255,1.1565582596950628,0.0,0.018,0.0,0,0
1103,1996-05-03,27.265873015873016,1,1,1,1,"gas,gold,oil,silver",260.1628469250492,5.5613077692771595,0.0,0.01,3.2105953289018316,1.1664563806632933,0.0,0.018,0.0,0,0
1104,1996-05-08,27.27777777777778,1,0,0,1,"gold,oil",265.4660079418762,5.58148680213466,0.0,0.01,,,,,0.0,0,0
1105,1996-05-13,27.28968253968254,1,0,1,1,"gas,gold,oil",255.82916828390555,5.54450991033722,0.0,0.01,,,,,0.0,0,0
1106,1996-05-16,27.3015873015873,1,1,0,1,"gold,oil,silver",256.16059639318223,5.545804577451434,0.0,0.01,3.0754350367818937,1.1234463666280095,0.0,0.018,0.0,0,0
1107,1996-05-20,27.30952380952381,1,1,0,1,"gold,oil,silver",256.0921819836887,5.545537465537987,0.0,0.01,2.989283064643809,1.095033580940223,0.0,0.018,0.0,0,0
1108,1996-05-23,27.321428571428573,1,1,1,1,"gas,gold,oil,silver",258.103945669395,5.55336239397461,0.0,0.01,3.03524642635895,1.1102926160617799,0.0,0.018,0.0,0,0
1109,1996-05-28,27.333333333333332,1,0,0,1,"gold,oil",255.82492915926065,5.544493340061848,0.0,0.01,,,,,0.0,0,0
1110,1996-05-31,27.345238095238095,1,0,1,1,"gas,gold,oil",252.92332453268526,5.533086377705815,0.0,0.01,,,,,0.0,0,0
1111,1996-06-05,27.357142857142858,1,1,1,1,"gas,gold,oil,silver",255.12416883227039,5.5417503632404115,0.0,0.01,2.858153957907328,1.05017594716362,0.0,0.018,0.0,0,0
1112,1996-06-10,27.36904761904762,1,1,1,1,"gas,gold,oil,silver",252.78907335873038,5.532555438865208,0.0,0.01,2.7927444841300995,1.0270247983993201,0.0,0.018,0.0,0,0
1113,1996-06-13,27.38095238095238,1,1,1,1,"gas,gold,oil,silver",254.15070245825328,5.537927407840511,0.0,0.01,2.812262020532647,1.0339891490287687,0.0,0.018,0.0,0,0
1114,1996-06-18,27.392857142857142,1,1,0,1,"gold,oil,silver",260.6860756248821,5.563316908024259,0.0,0.01,2.920869140486238,1.0718812228424153,0.0,0.018,0.0,0,0
1115,1996-06-20,27.400793650793652,0,1,1,1,"gas,oil,silver",,,,,2.988866237162389,1.0948941305983022,0.0,0.018,0.0,0,0
1116,1996-06-25,27.41269841269841,1,1,1,1,"gas,gold,oil,silver",262.0570097710613,5.568562074636873,0.0,0.01,2.9171182870656804,1.0705962409944016,0.0,0.018,0.0,0,0
1117,1996-06-28,27.424603174603174,0,0,1,1,"gas,oil",,,,,,,,,0.0,0,0
1118,1996-07-03,27.436507936507937,1,1,1,0,"gas,gold,silver",269.003226056649,5.594723372305573,0.0,0.01,3.1010538634291596,1.1317420096640614,0.0,0.018,0.0,0,0
1119,1996-07-08,27.4484126984127,1,1,1,1,"gas,gold,oil,silver",269.4880365286119,5.596523998004216,0.0,0.01,3.1373805641754884,1.1433882365382648,0.0,0.018,0.0,0,0
1120,1996-07-11,27.46031746031746,1,1,1,1,"gas,gold,oil,silver",275.11324221341704,5.617182802771364,0.0,0.01,3.257266356057565,1.1808883025197388,0.0,0.018,0.0,0,0
1121,1996-07-16,27.47222222222222,1,1,1,1,"gas,gold,oil,silver",279.7161516321193,5.6337753448120935,0.0,0.01,3.3036558667017815,1.1950296936668023,0.0,0.018,0.0,0,0
1122,1996-07-19,27.484126984126984,1,1,1,1,"gas,gold,oil,silver",280.128172723773,5.635247258156989,0.0,0.01,3.363450297585392,1.2129673213817433,0.0,0.018,0.0,0,0
1123,1996-07-23,27.49206349206349,0,1,1,1,"gas,oil,silver",,,,,3.456270144976607,1.2401900148361822,0.0,0.018,0.0,0,0
1124,1996-07-26,27.503968253968253,1,1,1,1,"gas,gold,oil,silver",280.19180812230286,5.635474397652201,0.0,0.01,3.4389569567739304,1.2351682151676515,0.0,0.018,0.0,0,0
1125,1996-07-31,27.515873015873016,0,1,1,1,"gas,oil,silver",,,,,3.4496706119785006,1.2382787516964202,0.0,0.018,0.0,0,0
1126,1996-08-05,27.52777777777778,1,1,1,0,"gas,gold,silver",284.4245702744992,5.650468087567644,0.0,0.01,3.4381663811657415,1.2349383005441024,0.0,0.018,0.0,0,0
1127,1996-08-08,27.53968253968254,1,1,1,1,"gas,gold,oil,silver",287.17905149898587,5.660105894050643,0.0,0.01,3.496045113920435,1.2516323621495111,0.0,0.018,0.0,0,0
1128,1996-08-13,27.5515873015873,1,1,1,0,"gas,gold,silver",282.1321968026581,5.642375744081845,0.0,0.01,3.4140439433676493,1.227897495808934,0.0,0.018,0.0,0,0
1129,1996-08-16,27.563492063492063,1,1,1,1,"gas,gold,oil,silver",278.56593102948926,5.62965476754181,0.0,0.01,3.264157956538776,1.1830018294783498,0.0,0.018,0.0,0,0
1130,1996-08-20,27.571428571428573,0,1,1,1,"gas,oil,silver",,,,,3.0980653145727484,1.1307778245912716,0.0,0.018,0.0,0,0
1131,1996-08-23,27.583333333333332,1,1,1,1,"gas,gold,oil,silver",263.44377100773465,5.573839952449922,0.0,0.01,2.9895740189288595,1.0951309086673164,0.0,0.018,0.0,0,0
1132,1996-08-28,27.595238095238095,1,1,1,1,"gas,gold,oil,silver",262.7308259104241,5.571130032443183,0.0,0.01,2.984067551248244,1.093287319903059,0.0,0.018,0.0,0,0
1133,1996-09-02,27.607142857142858,1,1,1,1,"gas,gold,oil,silver",267.10231013435845,5.587631769027815,0.0,0.01,3.087261612593222,1.1272844884770894,0.0,0.018,0.0,0,0
1134,1996-09-05,27.61904761904762,0,1,1,1,"gas,oil,silver",,,,,3.0474932556216663,1.1143193692852513,0.0,0.018,0.0,0,0
1135,1996-09-10,27.63095238095238,1,1,0,1,"gold,oil,silver",270.59567732417224,5.600625741197315,0.0,0.01,3.117919539942347,1.1371659652809318,0.0,0.018,0.0,0,0
1136,1996-09-13,27.642857142857142,1,1,0,1,"gold,oil,silver",271.8094421919352,5.6051012405983185,0.0,0.01,3.2568505096505747,1.180760627067754,0.0,0.018,0.0,0,0
1137,1996-09-18,27.654761904761905,1,1,1,1,"gas,gold,oil,silver",269.9824409461387,5.598356923350783,0.0,0.01,3.305683737728839,1.195643331703901,0.0,0.018,0.0,0,0
1138,1996-09-20,27.66269841269841,1,1,1,1,"gas,gold,oil,silver",266.9733901222961,5.587148990970306,0.0,0.01,3.248287809908175,1.1781280297986019,0.0,0.018,0.0,0,0
1139,1996-09-25,27.674603174603174,0,0,1,1,"gas,oil",,,,,,,,,0.0,0,0
1140,1996-09-30,27.686507936507937,1,1,1,1,"gas,gold,oil,silver",269.7131260625222,5.597358898084563,0.0,0.01,3.285839865596732,1.1896222861076948,0.0,0.018,0.0,0,0
1141,1996-10-03,27.6984126984127,0,1,1,1,"gas,oil,silver",,,,,3.3892445207166912,1.220607041310625,0.0,0.018,0.0,0,0
1142,1996-10-08,27.71031746031746,1,1,1,0,"gas,gold,silver",273.3954260577824,5.6109191942954135,0.0,0.01,3.4240855105317545,1.2308344318379092,0.0,0.018,0.0,0,0
1143,1996-10-11,27.72222222222222,1,1,1,1,"gas,gold,oil,silver",269.1739386047571,5.595357782552025,0.0,0.01,3.3519820275754437,1.209551820903626,0.0,0.018,0.0,0,0
1144,1996-10-16,27.734126984126984,0,0,0,1,oil,,,,,,,,,0.0,0,0
1145,1996-10-21,27.746031746031747,1,1,1,0,"gas,gold,silver",262.23261829232115,5.5692319659275915,0.0,0.01,3.259396683576216,1.1815421118640554,0.0,0.018,0.0,0,0
1146,1996-10-23,27.753968253968253,1,1,1,1,"gas,gold,oil,silver",262.83308237671815,5.5715191629217875,0.0,0.01,3.170748720479737,1.1539677494266425,0.0,0.018,0.0,0,0
1147,1996-10-28,27.765873015873016,1,1,1,1,"gas,gold,oil,silver",262.2524903704356,5.569307743400758,0.0,0.01,3.1822964945370207,1.157603104247586,0.0,0.018,0.0,0,0
1148,1996-10-31,27.77777777777778,1,1,1,1,"gas,gold,oil,silver",260.091747284175,5.5610344429399845,0.0,0.01,3.0913030097889,1.128592688040918,0.0,0.018,0.0,0,0
1149,1996-11-05,27.78968253968254,1,1,1,1,"gas,gold,oil,silver",263.8706188438293,5.5754589028807855,0.0,0.01,3.236666660395817,1.1745439916976832,0.0,0.018,0.0,0,0
1150,1996-11-08,27.8015873015873,1,0,0,1,"gold,oil",265.24121070724806,5.580639641062893,0.0,0.01,,,,,0.0,0,0
1151,1996-11-13,27.813492063492063,1,1,1,1,"gas,gold,oil,silver",271.11155998762445,5.602530396641715,0.0,0.01,3.3985209788522366,1.2233403307595319,0.0,0.018,0.0,0,0
1152,1996-11-18,27.825396825396826,1,1,1,1,"gas,gold,oil,silver",275.5560502939097,5.618791057242643,0.0,0.01,3.529124978608232,1.2610499588034312,0.0,0.018,0.0,0,0
1153,1996-11-21,27.83730158730159,1,1,1,1,"gas,gold,oil,silver",272.5950902070992,5.607987508121139,0.0,0.01,3.432542181926527,1.23330114756526,0.0,0.018,0.0,0,0
1154,1996-11-25,27.845238095238095,0,1,0,1,"oil,silver",,,,,3.4279855702797524,1.2319727913567067,0.0,0.018,0.0,0,0
1155,1996-11-28,27.857142857142858,0,1,0,1,"oil,silver",,,,,3.4248905251168638,1.2310695077338172,0.0,0.018,0.0,0,0
1156,1996-12-03,27.86904761904762,1,0,1,1,"gas,gold,oil",270.1746438294229,5.599068578892526,0.0,0.01,,,,,0.0,0,0
1157,1996-12-06,27.88095238095238,1,1,1,1,"gas,gold,oil,silver",270.4015510375736,5.599908080238059,0.0,0.01,3.468964419305488,1.2438561111767206,0.0,0.018,0.0,0,0
1158,1996-12-11,27.892857142857142,1,1,1,1,"gas,gold,oil,silver",268.8506035311329,5.594155848115109,0.0,0.01,3.405044328543228,1.2252579581784746,0.0,0.018,0.0,0,0
1159,1996-12-16,27.904761904761905,1,1,1,1,"gas,gold,oil,silver",272.6147462171706,5.608059612506522,0.0,0.01,3.541507093485338,1.2645523691702396,0.0,0.018,0.0,0,0
1160,1996-12-19,27.916666666666668,1,1,1,0,"gas,gold,silver",263.4071015682157,5.573700750100692,0.0,0.01,3.3527438922758934,1.2097790829014574,0.0,0.018,0.0,0,0
1161,1996-12-23,27.924603174603174,1,1,1,1,"gas,gold,oil,silver",258.6023669353363,5.5552916191780675,0.0,0.01,3.247092882264386,1.1777600982749856,0.0,0.018,0.0,0,0
1162,1996-12-26,27.936507936507937,0,1,1,1,"gas,oil,silver",,,,,3.2257618197818445,1.1711691455396005,0.0,0.018,0.0,0,0
1163,1996-12-31,27.9484126984127,1,0,1,1,"gas,gold,oil",262.78313582068137,5.571329113397218,0.0,0.01,,,,,0.0,0,0
1164,1997-01-03,27.96031746031746,1,1,0,1,"gold,oil,silver",270.2262970917081,5.599259745334074,0.0,0.01,3.397225123744361,1.2229589583232996,0.0,0.018,0.0,0,0
1165,1997-01-08,27.97222222222222,1,1,1,1,"gas,gold,oil,silver",272.4566149732029,5.607479390320353,0.0,0.01,3.441945932293592,1.2360369894421466,0.0,0.018,0.0,0,0
1166,1997-01-13,27.984126984126984,1,1,0,1,"gold,oil,silver",268.14330181847623,5.5915215458832215,0.0,0.01,3.343537149017683,1.2070292732674837,0.0,0.018,0.0,0,0
1167,1997-01-16,27.996031746031747,1,1,1,1,"gas,gold,oil,silver",265.1723047112204,5.580379821151023,0.0,0.01,3.30695040993291,1.1960264384027681,0.0,0.018,0.0,0,0
1168,1997-01-21,28.00793650793651,0,1,1,1,"gas,oil,silver",,,,,3.439508012984232,1.2353284416757178,0.0,0.018,0.0,0,0
1169,1997-01-23,28.015873015873016,1,1,1,1,"gas,gold,oil,silver",271.6993387178461,5.604696082560537,0.0,0.01,3.4752124444954253,1.2456556122546782,0.0,0.018,0.0,0,0
1170,1997-01-28,28.02777777777778,1,1,1,0,"gas,gold,silver",275.6293239127731,5.61905693374345,0.0,0.01,3.46771112718282,1.2434947587888494,0.0,0.018,0.0,0,0
1171,1997-01-31,28.03968253968254,1,1,1,0,"gas,gold,silver",279.5254546457733,5.633093360526245,0.0,0.01,3.545439990507396,1.2656622680813456,0.0,0.018,0.0,0,0
1172,1997-02-05,28.0515873015873,1,1,1,1,"gas,gold,oil,silver",275.3919054862502,5.6181951940189245,0.0,0.01,3.3803012226694533,1.2179648246570278,0.0,0.018,0.0,0,0
1173,1997-02-10,28.063492063492063,1,0,1,1,"gas,gold,oil",277.27389889790356,5.625005822327582,0.0,0.01,,,,,0.0,0,0
1174,1997-02-13,28.075396825396826,1,0,1,1,"gas,gold,oil",276.4690329262877,5.622098818040342,0.0,0.01,,,,,0.0,0,0
1175,1997-02-18,28.08730158730159,1,1,1,1,"gas,gold,oil,silver",277.57191236122765,5.626080043258638,0.0,0.01,3.3449441713839048,1.207450003271673,0.0,0.018,0.0,0,0
1176,1997-02-21,28.099206349206348,1,1,1,0,"gas,gold,silver",281.585344896168,5.640435580657511,0.0,0.01,3.362801542266835,1.212774418904698,0.0,0.018,0.0,0,0
1177,1997-02-25,28.107142857142858,1,1,1,1,"gas,gold,oil,silver",277.73263869818476,5.626658919628871,0.0,0.01,3.337358751515103,1.205179701187367,0.0,0.018,0.0,0,0
1178,1997-02-28,28.11904761904762,1,1,1,1,"gas,gold,oil,silver",274.0190961546871,5.613197797954765,0.0,0.01,3.2006976295031486,1.1633687952648581,0.0,0.018,0.0,0,0
1179,1997-03-05,28.13095238095238,1,1,1,1,"gas,gold,oil,silver",265.2611169581377,5.580714687862354,0.0,0.01,3.036396411389186,1.1106714212961188,0.0,0.018,0.0,0,0
1180,1997-03-10,28.142857142857142,1,1,1,1,"gas,gold,oil,silver",263.9688244696198,5.575831007043018,0.0,0.01,2.9818295106956176,1.0925370419031624,0.0,0.018,0.0,0,0
1181,1997-03-13,28.154761904761905,1,1,0,1,"gold,oil,silver",269.1502656046838,5.5952698318342104,0.0,0.01,3.1002401569970224,1.1314795784894947,0.0,0.018,0.0,0,0
1182,1997-03-18,28.166666666666668,1,1,1,1,"gas,gold,oil,silver",270.29297016404496,5.599506445411995,0.0,0.01,3.2581788446993376,1.1811684026877618,0.0,0.018,0.0,0,0
1183,1997-03-21,28.178571428571427,1,1,1,1,"gas,gold,oil,silver",270.71023935227856,5.601049021365839,0.0,0.01,3.237255438477269,1.1747258839336672,0.0,0.018,0.0,0,0
1184,1997-03-25,28.186507936507937,1,1,0,1,"gold,oil,silver",268.8680662005644,5.594220799065933,0.0,0.01,3.2885108804035696,1.1904348423758324,0.0,0.018,0.0,0,0
1185,1997-03-28,28.1984126984127,1,1,1,1,"gas,gold,oil,silver",267.8154362169376,5.590298072435849,0.0,0.01,3.4045978846953577,1.2251268370903088,0.0,0.018,0.0,0,0
1186,1997-04-02,28.21031746031746,1,1,0,1,"gold,oil,silver",267.15444912879707,5.587826952312631,0.0,0.01,3.4373625543679087,1.2347044780094198,0.0,0.018,0.0,0,0
1187,1997-04-07,28.22222222222222,1,1,1,1,"gas,gold,oil,silver",274.43164714569036,5.614702221365082,0.0,0.01,3.439899969528954,1.2354423923372115,0.0,0.018,0.0,0,0
1188,1997-04-10,28.234126984126984,1,0,0,1,"gold,oil",265.6422406925642,5.582150443709081,0.0,0.01,,,,,0.0,0,0
1189,1997-04-15,28.246031746031747,1,1,1,1,"gas,gold,oil,silver",264.9473749700725,5.579531221247012,0.0,0.01,3.204399340462501,1.164524659536341,0.0,0.018,0.0,0,0
1190,1997-04-18,28.25793650793651,1,1,1,1,"gas,gold,oil,silver",266.76044694114904,5.586351053205606,0.0,0.01,3.2539765360608057,1.1798777979720791,0.0,0.018,0.0,0,0
1191,1997-04-23,28.26984126984127,1,1,1,1,"gas,gold,oil,silver",263.1798928633757,5.572837801636934,0.0,0.01,3.0651517198146334,1.120097068918235,0.0,0.018,0.0,0,0
1192,1997-04-25,28.27777777777778,1,1,1,1,"gas,gold,oil,silver",263.6766889838209,5.574723689693773,0.0,0.01,3.1025472316579075,1.1322234617222142,0.0,0.018,0.0,0,0
1193,1997-04-30,28.28968253968254,1,0,1,0,"gas,gold",265.1396921612598,5.580256827327787,0.0,0.01,,,,,0.0,0,0
1194,1997-05-05,28.3015873015873,1,0,1,1,"gas,gold,oil",266.84179918576064,5.58665597038252,0.0,0.01,,,,,0.0,0,0
1195,1997-05-08,28.313492063492063,1,1,1,1,"gas,gold,oil,silver",270.6727995491993,5.600910709669872,0.0,0.01,3.376310164600366,1.2167834459141906,0.0,0.018,0.0,0,0
1196,1997-05-13,28.325396825396826,1,1,1,1,"gas,gold,oil,silver",266.4185877387681,5.585068710026331,0.0,0.01,3.370534534175114,1.2150713472683945,0.0,0.018,0.0,0,0
1197,1997-05-16,28.33730158730159,1,1,1,1,"gas,gold,oil,silver",267.09944631809464,5.587621047175147,0.0,0.01,3.4514519572085525,1.238794999669632,0.0,0.018,0.0,0,0
1198,1997-05-21,28.349206349206348,1,1,1,1,"gas,gold,oil,silver",267.639239267857,5.589639951539694,0.0,0.01,3.486083741619407,1.2487789690753368,0.0,0.018,0.0,0,0
1199,1997-05-26,28.36111111111111,1,1,1,1,"gas,gold,oil,silver",267.57699184283047,5.589407344897037,0.0,0.01,3.433470030351039,1.2335714204402488,0.0,0.018,0.0,0,0
1200,1997-05-28,28.36904761904762,1,1,0,1,"gold,oil,silver",262.12531375492057,5.5688226861881605,0.0,0.01,3.4303676779926926,1.232667450182958,0.0,0.018,0.0,0,0
1201,1997-06-02,28.38095238095238,0,0,0,1,oil,,,,,,,,,0.0,0,0
1202,1997-06-05,28.392857142857142,1,0,1,0,"gas,gold",267.2907149519913,5.5883368861105405,0.0,0.01,,,,,0.0,0,0
1203,1997-06-10,28.404761904761905,0,0,1,1,"gas,oil",,,,,,,,,0.0,0,0
1204,1997-06-13,28.416666666666668,1,1,1,1,"gas,gold,oil,silver",266.85579217895827,5.586708408292779,0.0,0.01,3.711243232584017,1.3113669236072092,0.0,0.018,0.0,0,0
1205,1997-06-18,28.428571428571427,1,1,1,1,"gas,gold,oil,silver",266.41428131640697,5.585052545774419,0.0,0.01,3.6958157126846714,1.3072012912497075,0.0,0.018,0.0,0,0
1206,1997-06-23,28.44047619047619,1,1,1,1,"gas,gold,oil,silver",270.88267030382883,5.601685776221015,0.0,0.01,3.8227926964555126,1.3409812278858046,0.0,0.018,0.0,0,0
1207,1997-06-26,28.452380952380953,1,0,1,1,"gas,gold,oil",267.7423197594561,5.5900250245446745,0.0,0.01,,,,,0.0,0,0
1208,1997-06-30,28.46031746031746,1,1,1,1,"gas,gold,oil,silver",271.22321283618385,5.602942145457139,0.0,0.01,3.933524656981053,1.3695358832258973,0.0,0.018,0.0,0,0
1209,1997-07-03,28.47222222222222,1,1,1,1,"gas,gold,oil,silver",263.20011119130737,5.5729146219104475,0.0,0.01,3.6206141007965993,1.2866436525542877,0.0,0.018,0.0,0,0
1210,1997-07-08,28.484126984126984,1,1,1,1,"gas,gold,oil,silver",262.3370744485831,5.569630220569779,0.0,0.01,3.627061434546221,1.2884227982731762,0.0,0.018,0.0,0,0
1211,1997-07-11,28.496031746031747,1,1,1,1,"gas,gold,oil,silver",267.51218104305565,5.589165101908855,0.0,0.01,3.7664644138304064,1.3261367401652784,0.0,0.018,0.0,0,0
1212,1997-07-16,28.50793650793651,1,1,1,1,"gas,gold,oil,silver",256.7074950773943,5.547937285259161,0.0,0.01,3.5559637988681185,1.268626137304034,0.0,0.018,0.0,0,0
1213,1997-07-21,28.51984126984127,1,1,1,1,"gas,gold,oil,silver",259.7081928038057,5.559558665355566,0.0,0.01,3.5191883136383955,1.2582303703030526,0.0,0.018,0.0,0,0
1214,1997-07-24,28.53174603174603,0,1,1,0,"gas,silver",,,,,3.530476924843836,1.2614329680072418,0.0,0.018,0.0,0,0
1215,1997-07-28,28.53968253968254,1,1,1,1,"gas,gold,oil,silver",263.00316188101,5.572166054466751,0.0,0.01,3.6195961985355676,1.2863624722499443,0.0,0.018,0.0,0,0
1216,1997-07-31,28.5515873015873,0,1,1,1,"gas,oil,silver",,,,,3.557932225927076,1.2691795406999602,0.0,0.018,0.0,0,0
1217,1997-08-05,28.563492063492063,1,1,1,1,"gas,gold,oil,silver",261.4223946845237,5.566137469611234,0.0,0.01,3.4492085686577094,1.2381448043379046,0.0,0.018,0.0,0,0
1218,1997-08-08,28.575396825396826,1,1,1,1,"gas,gold,oil,silver",263.6217238464073,5.574515211396569,0.0,0.01,3.4383434613822934,1.2349898034781912,0.0,0.018,0.0,0,0
1219,1997-08-13,28.58730158730159,0,1,1,1,"gas,oil,silver",,,,,3.192108681554447,1.1606817271139684,0.0,0.018,0.0,0,0
1220,1997-08-18,28.599206349206348,1,1,1,1,"gas,gold,oil,silver",251.65236301690197,5.528048623271276,0.0,0.01,3.1905351145224023,1.1601886502279004,0.0,0.018,0.0,0,0
1221,1997-08-21,28.61111111111111,1,1,1,1,"gas,gold,oil,silver",250.69562182490324,5.524239541210012,0.0,0.01,3.0514651227372136,1.1156218433900569,0.0,0.018,0.0,0,0
1222,1997-08-26,28.623015873015873,1,1,1,1,"gas,gold,oil,silver",253.59593971542037,5.535742211849018,0.0,0.01,3.1103481695050528,1.1347346715343707,0.0,0.018,0.0,0,0
1223,1997-08-28,28.63095238095238,1,1,1,1,"gas,gold,oil,silver",249.97058019862067,5.521343231731988,0.0,0.01,3.0579422557118385,1.1177422243043325,0.0,0.018,0.0,0,0
1224,1997-09-02,28.642857142857142,0,1,1,1,"gas,oil,silver",,,,,3.0833601278384895,1.1260199529282457,0.0,0.018,0.0,0,0
1225,1997-09-05,28.654761904761905,1,0,1,1,"gas,gold,oil",251.45258853669534,5.527254457004021,0.0,0.01,,,,,0.0,0,0
1226,1997-09-10,28.666666666666668,0,1,1,1,"gas,oil,silver",,,,,3.0911584865161754,1.1285459353768417,0.0,0.018,0.0,0,0
1227,1997-09-15,28.678571428571427,1,1,1,1,"gas,gold,oil,silver",246.42963984371497,5.507076515998432,0.0,0.01,3.142745195442287,1.1450966840366088,0.0,0.018,0.0,0,0
1228,1997-09-18,28.69047619047619,1,1,1,1,"gas,gold,oil,silver",246.24041541926712,5.506308357139451,0.0,0.01,3.0811172384093117,1.125292270954611,0.0,0.018,0.0,0,0
1229,1997-09-23,28.702380952380953,1,1,1,1,"gas,gold,oil,silver",252.06744324333826,5.529696683622399,0.0,0.01,3.0629823019181144,1.1193890498117822,0.0,0.018,0.0,0,0
1230,1997-09-26,28.714285714285715,1,1,1,1,"gas,gold,oil,silver",254.6540941379545,5.539906130711501,0.0,0.01,3.1680054490306673,1.1531021939730068,0.0,0.018,0.0,0,0
1231,1997-09-30,28.72222222222222,1,1,0,1,"gold,oil,silver",249.11221985104854,5.517903477070743,0.0,0.01,3.057396271139422,1.1175636619658877,0.0,0.018,0.0,0,0
1232,1997-10-03,28.734126984126984,1,1,1,1,"gas,gold,oil,silver",245.3494494672772,5.502683518666581,0.0,0.01,2.997552158277567,1.0977960083611602,0.0,0.018,0.0,0,0
1233,1997-10-08,28.746031746031747,0,1,1,1,"gas,oil,silver",,,,,2.9934953290042934,1.0964417110026614,0.0,0.018,0.0,0,0
1234,1997-10-13,28.75793650793651,1,1,1,1,"gas,gold,oil,silver",245.79253547614675,5.504487828388249,0.0,0.01,2.9785434242367352,1.0914343972103897,0.0,0.018,0.0,0,0
1235,1997-10-16,28.76984126984127,1,1,1,1,"gas,gold,oil,silver",239.44458430538538,5.478322009307476,0.0,0.01,2.7812553779878413,1.0229024005890934,0.0,0.018,0.0,0,0
1236,1997-10-21,28.78174603174603,1,1,1,1,"gas,gold,oil,silver",240.79340271833723,5.483939315710254,0.0,0.01,2.8121314490397626,1.0339427186025851,0.0,0.018,0.0,0,0
1237,1997-10-24,28.793650793650794,0,0,1,1,"gas,oil",,,,,,,,,0.0,0,0
1238,1997-10-28,28.8015873015873,1,1,0,1,"gold,oil,silver",240.15704020265972,5.481293043536471,0.0,0.01,2.7466933717812854,1.01039777794191,0.0,0.018,0.0,0,0
1239,1997-10-31,28.813492063492063,1,1,1,1,"gas,gold,oil,silver",236.85525650741596,5.467449222526134,0.0,0.01,2.6634081508033147,0.9796065623813355,0.0,0.018,0.0,0,0
1240,1997-11-05,28.825396825396826,1,1,1,1,"gas,gold,oil,silver",240.36454508856784,5.48215670879172,0.0,0.01,2.8448801634316223,1.0455209448744927,0.0,0.018,0.0,0,0
1241,1997-11-10,28.83730158730159,1,0,0,1,"gold,oil",233.11574422038427,5.451535086533792,0.0,0.01,,,,,0.0,0,0
1242,1997-11-13,28.849206349206348,1,1,1,1,"gas,gold,oil,silver",224.94435024230816,5.415853039356345,0.0,0.01,2.644200522028337,0.9723687595177628,0.0,0.018,0.0,0,0
1243,1997-11-18,28.86111111111111,1,0,1,0,"gas,gold",224.18843694432297,5.412486934572636,0.0,0.01,,,,,0.0,0,0
1244,1997-11-21,28.873015873015873,1,1,1,1,"gas,gold,oil,silver",226.11509857115314,5.421044155343399,0.0,0.01,2.6407797427648063,0.9710742306567821,0.0,0.018,0.0,0,0
1245,1997-11-26,28.884920634920636,0,1,1,1,"gas,oil,silver",,,,,2.5595017418250348,0.9398126074485902,0.0,0.018,0.0,0,0
1246,1997-11-28,28.892857142857142,1,1,1,1,"gas,gold,oil,silver",222.79890845402977,5.406269608822231,0.0,0.01,2.601965363676629,0.9562670685784371,0.0,0.018,0.0,0,0
1247,1997-12-03,28.904761904761905,0,1,0,1,"oil,silver",,,,,2.6125436130035062,0.9603243111242206,0.0,0.018,0.0,0,0
1248,1997-12-08,28.916666666666668,1,1,1,1,"gas,gold,oil,silver",228.85070131951025,5.433069831632907,0.0,0.01,2.7081976650725132,0.9962833453966977,0.0,0.018,0.0,0,0
1249,1997-12-11,28.928571428571427,1,1,1,1,"gas,gold,oil,silver",230.2509422710212,5.439169767509328,0.0,0.01,2.693809352025067,0.9909563078615564,0.0,0.018,0.0,0,0
1250,1997-12-16,28.94047619047619,1,1,1,1,"gas,gold,oil,silver",222.75733460566423,5.4060829933314425,0.0,0.01,2.525576582619147,0.92646938621167,0.0,0.018,0.0,0,0
1251,1997-12-19,28.952380952380953,1,1,1,1,"gas,gold,oil,silver",219.12922542492987,5.389661626226866,0.0,0.01,2.46526409025173,0.9022989377607602,0.0,0.018,0.0,0,0
1252,1997-12-24,28.964285714285715,1,1,1,1,"gas,gold,oil,silver",221.73012474761393,5.401460988075192,0.0,0.01,2.514932576438254,0.9222459946190875,0.0,0.018,0.0,0,0
1253,1997-12-29,28.976190476190474,1,0,1,1,"gas,gold,oil",217.875310085424,5.383922927065444,0.0,0.01,,,,,0.0,0,0
1254,1997-12-31,28.984126984126984,1,1,1,1,"gas,gold,oil,silver",218.8530191136696,5.3884003588977905,0.0,0.01,2.3956965663409933,0.8736740304726038,0.0,0.018,0.0,0,0
1255,1998-01-05,28.996031746031747,1,1,1,1,"gas,gold,oil,silver",221.2448408700659,5.399269965514771,0.0,0.01,2.3844339312194234,0.8689617507687664,0.0,0.018,0.0,0,0
1256,1998-01-08,29.00793650793651,0,1,1,1,"gas,oil,silver",,,,,2.4072116679724793,0.8784690934358093,0.0,0.018,0.0,0,0
1257,1998-01-13,29.01984126984127,1,1,1,1,"gas,gold,oil,silver",225.5008883415803,5.418324098365485,0.0,0.01,2.516684557707016,0.92294238359021,0.0,0.018,0.0,0,0
1258,1998-01-16,29.03174603174603,1,1,1,1,"gas,gold,oil,silver",230.58509772648148,5.440619981837297,0.0,0.01,2.5277239912045526,0.9273192896295634,0.0,0.018,0.0,0,0
1259,1998-01-21,29.043650793650794,1,1,1,1,"gas,gold,oil,silver",237.1355979599684,5.468632120814568,0.0,0.01,2.634861533706236,0.9688306317344961,0.0,0.018,0.0,0,0
1260,1998-01-26,29.055555555555557,1,1,1,0,"gas,gold,silver",240.58644507230997,5.483079463933208,0.0,0.01,2.6641161593654736,0.9798723550929616,0.0,0.018,0.0,0,0
1261,1998-01-29,29.067460317460316,1,1,0,1,"gold,oil,silver",245.89775121017448,5.504915804040738,0.0,0.01,2.7622612451523234,1.0160496360146531,0.0,0.018,0.0,0,0
1262,1998-02-02,29.075396825396826,0,1,1,1,"gas,oil,silver",,,,,2.7765104926018913,1.0211949207674396,0.0,0.018,0.0,0,0
1263,1998-02-05,29.08730158730159,0,1,1,1,"gas,oil,silver",,,,,2.8268887792576547,1.0391767356162132,0.0,0.018,0.0,0,0
1264,1998-02-10,29.099206349206348,1,0,1,0,"gas,gold",271.62422739446635,5.604419594189544,0.0,0.01,,,,,0.0,0,0
1265,1998-02-13,29.11111111111111,1,1,1,1,"gas,gold,oil,silver",260.90660344646295,5.564162502080961,0.0,0.01,2.8216009217245017,1.0373044266069689,0.0,0.018,0.0,0,0
1266,1998-02-18,29.123015873015873,1,1,0,1,"gold,oil,silver",259.0614750635587,5.557065388992943,0.0,0.01,2.779432371092252,1.0222467237940056,0.0,0.018,0.0,0,0
1267,1998-02-23,29.134920634920636,1,1,1,1,"gas,gold,oil,silver",265.7391453259832,5.582515170954118,0.0,0.01,2.880416044786769,1.05793474370992,0.0,0.018,0.0,0,0
1268,1998-02-26,29.146825396825395,1,1,1,1,"gas,gold,oil,silver",262.76487138975625,5.571259607164936,0.0,0.01,2.7752982931115495,1.020758234434609,0.0,0.018,0.0,0,0
1269,1998-03-02,29.154761904761905,1,1,1,1,"gas,gold,oil,silver",263.5979833053651,5.574425152012459,0.0,0.01,2.7967336580172892,1.0284521855231434,0.0,0.018,0.0,0,0
1270,1998-03-05,29.166666666666668,1,0,1,1,"gas,gold,oil",266.05481597162,5.583702362632424,0.0,0.01,,,,,0.0,0,0
1271,1998-03-10,29.178571428571427,1,1,1,0,"gas,gold,silver",261.5615510985731,5.566669632858138,0.0,0.01,2.750248594782049,1.011691305695381,0.0,0.018,0.0,0,0
1272,1998-03-13,29.19047619047619,1,1,1,1,"gas,gold,oil,silver",255.61587908207557,5.543675845307973,0.0,0.01,2.655155633024032,0.9765032718173283,0.0,0.018,0.0,0,0
1273,1998-03-18,29.202380952380953,1,0,1,1,"gas,gold,oil",260.36370336857834,5.562079512633516,0.0,0.01,,,,,0.0,0,0
1274,1998-03-23,29.214285714285715,1,1,0,1,"gold,oil,silver",254.6881508555961,5.5400398589385516,0.0,0.01,2.6735346454812796,0.9834014341711148,0.0,0.018,0.0,0,0
1275,1998-03-26,29.226190476190474,1,1,0,1,"gold,oil,silver",248.90070492537748,5.517054041532563,0.0,0.01,2.5885893328518668,0.9511130682002285,0.0,0.018,0.0,0,0
1276,1998-03-31,29.238095238095237,1,1,1,1,"gas,gold,oil,silver",253.24625619246717,5.534362359969047,0.0,0.01,2.657337757018578,0.9773247783894994,0.0,0.018,0.0,0,0
1277,1998-04-02,29.246031746031747,1,0,0,1,"gold,oil",255.47811851414542,5.543136764152983,0.0,0.01,,,,,0.0,0,0
1278,1998-04-07,29.25793650793651,1,1,1,1,"gas,gold,oil,silver",261.59258531885536,5.5667882755989995,0.0,0.01,2.7854687704912013,1.0244161789605626,0.0,0.018,0.0,0,0
1279,1998-04-10,29.26984126984127,1,1,1,0,"gas,gold,silver",256.28549280318157,5.546292029361422,0.0,0.01,2.646670085924729,0.9733022785012069,0.0,0.018,0.0,0,0
1280,1998-04-15,29.28174603174603,1,1,1,1,"gas,gold,oil,silver",248.94556842891618,5.517234271881011,0.0,0.01,2.530080138536605,0.928250977548688,0.0,0.018,0.0,0,0
1281,1998-04-20,29.293650793650794,1,1,0,0,"gold,silver",258.98131128960205,5.556755901913079,0.0,0.01,2.67460736033015,0.9838025883895669,0.0,0.018,0.0,0,0
1282,1998-04-23,29.305555555555557,0,1,1,1,"gas,oil,silver",,,,,2.5655677348693873,0.9421797932612068,0.0,0.018,0.0,0,0
1283,1998-04-28,29.317460317460316,1,1,1,1,"gas,gold,oil,silver",256.37506000910145,5.546641450460197,0.0,0.01,2.5540630965152578,0.9376854622837507,0.0,0.018,0.0,0,0
1284,1998-05-01,29.32936507936508,1,0,1,1,"gas,gold,oil",261.5884393904047,5.566772426673848,0.0,0.01,,,,,0.0,0,0
1285,1998-05-05,29.33730158730159,1,1,1,1,"gas,gold,oil,silver",260.617878456999,5.563055267314503,0.0,0.01,2.55284336762548,0.9372077840957771,0.0,0.018,0.0,0,0
1286,1998-05-08,29.349206349206348,1,1,1,1,"gas,gold,oil,silver",257.1049202785262,5.549484251694814,0.0,0.01,2.5358754174281217,0.9305389097484509,0.0,0.018,0.0,0,0
1287,1998-05-13,29.36111111111111,1,1,1,1,"gas,gold,oil,silver",263.3490089024656,5.573480182498985,0.0,0.01,2.6501820875770803,0.9746283499307873,0.0,0.018,0.0,0,0
1288,1998-05-18,29.373015873015873,1,1,1,1,"gas,gold,oil,silver",262.343858950145,5.569656082007199,0.0,0.01,2.6155258441904072,0.9614651649459911,0.0,0.018,0.0,0,0
1289,1998-05-21,29.384920634920636,1,0,1,0,"gas,gold",261.5364624742382,5.56657370963265,0.0,0.01,,,,,0.0,0,0
1290,1998-05-26,29.396825396825395,1,1,1,1,"gas,gold,oil,silver",255.99892972135524,5.545173263694867,0.0,0.01,2.6373107849238617,0.9697597559154978,0.0,0.018,0.0,0,0
1291,1998-05-29,29.408730158730158,1,1,0,0,"gold,silver",259.49103144837477,5.558722141116119,0.0,0.01,2.733255759037926,1.0054934843595709,0.0,0.018,0.0,0,0
1292,1998-06-02,29.416666666666668,1,1,0,1,"gold,oil,silver",256.86078812305755,5.548534257678332,0.0,0.01,2.6874438516929104,0.9885905008421965,0.0,0.018,0.0,0,0
1293,1998-06-05,29.428571428571427,1,1,1,1,"gas,gold,oil,silver",259.8343065471904,5.560044145353908,0.0,0.01,2.783615639936782,1.0237506725734282,0.0,0.018,0.0,0,0
1294,1998-06-10,29.44047619047619,0,0,1,1,"gas,oil",,,,,,,,,0.0,0,0
1295,1998-06-15,29.452380952380953,1,1,1,1,"gas,gold,oil,silver",261.25689695253635,5.565504202748873,0.0,0.01,2.676003912189262,0.9843246042190472,0.0,0.018,0.0,0,0
1296,1998-06-18,29.464285714285715,0,1,1,0,"gas,silver",,,,,2.642033429865474,0.9715488592621235,0.0,0.018,0.0,0,0
1297,1998-06-23,29.476190476190474,1,1,1,1,"gas,gold,oil,silver",258.26874599010654,5.554000693903978,0.0,0.01,2.5698246274801346,0.9438376582442094,0.0,0.018,0.0,0,0
1298,1998-06-26,29.488095238095237,0,1,1,1,"gas,oil,silver",,,,,2.725106726177837,1.0025075929181049,0.0,0.018,0.0,0,0
1299,1998-07-01,29.5,1,1,1,1,"gas,gold,oil,silver",269.18320534257066,5.5953922085382635,0.0,0.01,2.832886579578076,1.0412961845997373,0.0,0.018,0.0,0,0
1300,1998-07-03,29.50793650793651,1,1,0,1,"gold,oil,silver",271.02237127322724,5.602201368296286,0.0,0.01,2.929595567456451,1.074864381916911,0.0,0.018,0.0,0,0
1301,1998-07-08,29.51984126984127,1,1,1,1,"gas,gold,oil,silver",279.9877296108198,5.634745779390501,0.0,0.01,3.099724861508178,1.1313133531999993,0.0,0.018,0.0,0,0
1302,1999-07-21,30.591269841269842,1,1,1,0,"gas,gold,silver",312.90997011765927,5.745915513758316,0.0,0.01,3.98627638689435,1.382857558798265,0.0,0.018,0.0,0,0
1303,1999-07-26,30.603174603174605,0,1,1,1,"gas,oil,silver",,,,,3.9969925451105963,1.3855422146062553,0.0,0.018,0.0,0,0
1304,1999-07-29,30.615079365079364,1,1,1,1,"gas,gold,oil,silver",325.1181606990284,5.784188687635304,0.0,0.01,4.054129063563852,1.3997358836266152,0.0,0.018,0.0,0,0
1305,1999-08-03,30.626984126984127,1,1,1,1,"gas,gold,oil,silver",333.396869966252,5.809333582049025,0.0,0.01,4.141091606575724,1.4209594261675078,0.0,0.018,0.0,0,0
1306,1999-08-06,30.63888888888889,1,1,1,1,"gas,gold,oil,silver",326.5084163319055,5.788455725817348,0.0,0.01,3.9672260336664094,1.3780671183981184,0.0,0.018,0.0,0,0
1307,1999-08-11,30.650793650793652,1,1,1,1,"gas,gold,oil,silver",331.2160205743414,5.802770792640591,0.0,0.01,4.204255295446841,1.4360971779660647,0.0,0.018,0.0,0,0
1308,1999-08-13,30.658730158730158,1,0,0,1,"gold,oil",329.5385673054568,5.7976933950609855,0.0,0.01,,,,,0.0,0,0
1309,1999-08-18,30.67063492063492,1,1,1,1,"gas,gold,oil,silver",337.34069882559123,5.821093395404148,0.0,0.01,4.346651536629131,1.4694057869874828,0.0,0.018,0.0,0,0
1310,1999-08-23,30.682539682539684,0,0,1,1,"gas,oil",,,,,,,,,0.0,0,0
1311,1999-08-26,30.694444444444443,1,1,1,1,"gas,gold,oil,silver",338.74121154443833,5.825236428077109,0.0,0.01,4.4437165014022995,1.4914910761786486,0.0,0.018,0.0,0,0
1312,1999-08-31,30.706349206349206,1,0,0,0,gold,336.7417563060782,5.819316334830705,0.0,0.01,,,,,0.0,0,0
1313,1999-09-03,30.71825396825397,1,1,1,1,"gas,gold,oil,silver",340.5735347061897,5.830631063231329,0.0,0.01,4.4678584863097575,1.4969092079904478,0.0,0.018,0.0,0,0
1314,1999-09-08,30.73015873015873,1,0,1,1,"gas,gold,oil",335.05997586750135,5.814309548240974,0.0,0.01,,,,,0.0,0,0
1315,1999-09-13,30.74206349206349,1,1,1,1,"gas,gold,oil,silver",343.02228491466377,5.8377954156521294,0.0,0.01,4.547455125887765,1.5145677634972998,0.0,0.018,0.0,0,0
1316,1999-09-15,30.75,1,1,1,0,"gas,gold,silver",344.27429512458804,5.841438709191409,0.0,0.01,4.678451408771135,1.542967159609816,0.0,0.018,0.0,0,0
1317,1999-09-20,30.761904761904763,1,1,1,1,"gas,gold,oil,silver",356.2692640773075,5.87568680472385,0.0,0.01,5.0374094926635555,1.616891960394486,0.0,0.018,0.0,0,0
1318,1999-09-23,30.773809523809526,1,0,1,1,"gas,gold,oil",352.3266249288296,5.864558657083769,0.0,0.01,,,,,0.0,0,0
1319,1999-09-28,30.785714285714285,1,1,1,0,"gas,gold,silver",349.276627083654,5.855864235985807,0.0,0.01,4.792014208395615,1.5669508258328793,0.0,0.018,0.0,0,0
1320,1999-10-01,30.797619047619047,1,0,1,1,"gas,gold,oil",341.58778877928376,5.8336047141422265,0.0,0.01,,,,,0.0,0,0
1321,1999-10-06,30.80952380952381,1,1,1,0,"gas,gold,silver",356.54706110559533,5.876466239853315,0.0,0.01,4.883178034014577,1.5857962443809974,0.0,0.018,0.0,0,0
1322,1999-10-11,30.821428571428573,0,0,1,0,gas,,,,,,,,,0.0,0,0
1323,1999-10-13,30.82936507936508,1,1,1,1,"gas,gold,oil,silver",342.5502444877869,5.836418346177414,0.0,0.01,4.701055500356349,1.5477870580468287,0.0,0.018,0.0,0,0
1324,1999-10-18,30.841269841269842,1,1,0,1,"gold,oil,silver",339.37718507169865,5.8271121291844485,0.0,0.01,4.57234735824913,1.520026718166708,0.0,0.018,0.0,0,0
1325,1999-10-21,30.853174603174605,1,1,1,1,"gas,gold,oil,silver",344.8442002061131,5.843092721426789,0.0,0.01,4.7138069416885156,1.5504958494301737,0.0,0.018,0.0,0,0
1326,1999-10-26,30.865079365079364,1,1,1,1,"gas,gold,oil,silver",347.22715046756514,5.849979178080146,0.0,0.01,4.858206775689619,1.580669393628385,0.0,0.018,0.0,0,0
1327,1999-10-29,30.876984126984127,1,1,1,1,"gas,gold,oil,silver",357.8778226601557,5.880191650666688,0.0,0.01,5.195459981226688,1.6477851636972574,0.0,0.018,0.0,0,0
1328,1999-11-03,30.88888888888889,1,1,1,1,"gas,gold,oil,silver",367.3075891555688,5.906199614620248,0.0,0.01,5.422743954569823,1.6906019520236066,0.0,0.018,0.0,0,0
1329,1999-11-08,30.900793650793652,1,1,1,1,"gas,gold,oil,silver",380.4387785413099,5.941325266961648,0.0,0.01,5.758060155858161,1.7506006394883393,0.0,0.018,0.0,0,0
1330,1999-11-11,30.91269841269841,0,1,0,1,"oil,silver",,,,,5.796880511622137,1.7573199300392703,0.0,0.018,0.0,0,0
1331,1999-11-15,30.92063492063492,1,1,1,1,"gas,gold,oil,silver",372.95445168788154,5.921456298750048,0.0,0.01,5.589546948998405,1.7208982371917432,0.0,0.018,0.0,0,0
1332,1999-11-18,30.932539682539684,1,0,1,0,"gas,gold",378.87657493634134,5.937210492245187,0.0,0.01,,,,,0.0,0,0
1333,1999-11-23,30.944444444444443,1,1,1,1,"gas,gold,oil,silver",376.94468007818614,5.932098439487915,0.0,0.01,5.531809508010937,1.7105149786490605,0.0,0.018,0.0,0,0
1334,1999-11-26,30.956349206349206,1,0,0,1,"gold,oil",379.161288562775,5.937961678046138,0.0,0.01,,,,,0.0,0,0
1335,1999-12-01,30.96825396825397,1,1,1,1,"gas,gold,oil,silver",369.94398035760054,5.913351589736544,0.0,0.01,5.385639643803659,1.6837360860619117,0.0,0.018,0.0,0,0
1336,1999-12-06,30.98015873015873,1,1,1,1,"gas,gold,oil,silver",376.7692938010947,5.93163304734624,0.0,0.01,5.370407014640832,1.680903699808845,0.0,0.018,0.0,0,0
1337,1999-12-09,30.99206349206349,1,1,0,0,"gold,silver",374.7263452342618,5.926196013534192,0.0,0.01,5.2652408343557955,1.6611268870575018,0.0,0.018,0.0,0,0
1338,1999-12-14,31.003968253968253,1,0,1,1,"gas,gold,oil",379.5851181422609,5.939078861916328,0.0,0.01,,,,,0.0,0,0
1339,1999-12-16,31.011904761904763,1,0,1,1,"gas,gold,oil",387.3629084200908,5.959362001474476,0.0,0.01,,,,,0.0,0,0
1340,1999-12-21,31.023809523809526,1,1,1,1,"gas,gold,oil,silver",387.9496936485926,5.960875675672402,0.0,0.01,5.61848216729513,1.7260615504344914,0.0,0.018,0.0,0,0
1341,1999-12-24,31.035714285714285,0,1,1,0,"gas,silver",,,,,5.754541692744739,1.7499894026421012,0.0,0.018,0.0,0,0
1342,1999-12-29,31.047619047619047,0,1,1,1,"gas,oil,silver",,,,,5.8018470187408475,1.7581763183644974,0.0,0.018,0.0,0,0
1343,2000-01-03,31.05952380952381,1,1,1,1,"gas,gold,oil,silver",403.8822186598434,6.00112329748501,0.0,0.01,5.770231929540402,1.7527122754730817,0.0,0.018,0.0,0,0
1344,2000-01-06,31.071428571428573,0,1,1,1,"gas,oil,silver",,,,,5.909278547451409,1.7765237507771978,0.0,0.018,0.0,0,0
1345,2000-01-11,31.083333333333332,1,0,1,1,"gas,gold,oil",404.4996452269809,6.002650859432602,0.0,0.01,,,,,0.0,0,0
1346,2000-01-13,31.091269841269842,1,0,1,1,"gas,gold,oil",399.0221587960916,5.98901695117761,0.0,0.01,,,,,0.0,0,0
1347,2000-01-18,31.103174603174605,1,1,0,1,"gold,oil,silver",395.4765796478282,5.980091568381813,0.0,0.01,5.747587395995057,1.7487801834543464,0.0,0.018,0.0,0,0
1348,2000-01-21,31.115079365079364,1,1,1,1,"gas,gold,oil,silver",387.74370771845304,5.960344574248519,0.0,0.01,5.664423840394344,1.734205184169848,0.0,0.018,0.0,0,0
1349,2000-01-26,31.126984126984127,1,0,1,1,"gas,gold,oil",392.5114998964658,5.972565835892529,0.0,0.01,,,,,0.0,0,0
1350,2000-01-31,31.13888888888889,1,1,0,1,"gold,oil,silver",388.13421116285866,5.961351184870825,0.0,0.01,5.879089561394353,1.7714019134245684,0.0,0.018,0.0,0,0
1351,2000-02-03,31.150793650793652,1,1,1,1,"gas,gold,oil,silver",378.470420531729,5.936137920634077,0.0,0.01,5.724316624454301,1.7447231754079613,0.0,0.018,0.0,0,0
1352,2000-02-08,31.16269841269841,1,1,1,1,"gas,gold,oil,silver",375.7416241706396,5.928901737421602,0.0,0.01,5.8061148106208025,1.75891163988519,0.0,0.018,0.0,0,0
1353,2000-02-11,31.174603174603174,1,1,1,1,"gas,gold,oil,silver",372.6386291310215,5.920609127326724,0.0,0.01,5.636189830042429,1.7292082751658877,0.0,0.018,0.0,0,0
1354,2000-02-15,31.182539682539684,1,1,1,0,"gas,gold,silver",369.77443369666804,5.912893181075409,0.0,0.01,5.568962939432924,1.7172088497879245,0.0,0.018,0.0,0,0
1355,2000-02-18,31.194444444444443,1,1,1,1,"gas,gold,oil,silver",368.77702415393543,5.910192190809934,0.0,0.01,5.59358330928836,1.7216201031401863,0.0,0.018,0.0,0,0
1356,2000-02-23,31.206349206349206,0,1,1,0,"gas,silver",,,,,5.683029684625798,1.7374844857090141,0.0,0.018,0.0,0,0
1357,2000-02-28,31.21825396825397,1,1,1,1,"gas,gold,oil,silver",370.73313791461044,5.915482498971235,0.0,0.01,5.575943719326754,1.7184615800297294,0.0,0.018,0.0,0,0
1358,2000-03-02,31.23015873015873,0,1,0,1,"oil,silver",,,,,5.574163089507378,1.7181421876032636,0.0,0.018,0.0,0,0
1359,2000-03-07,31.24206349206349,1,1,1,1,"gas,gold,oil,silver",369.8053172330502,5.912976697522043,0.0,0.01,5.428954284240176,1.691746534228471,0.0,0.018,0.0,0,0
1360,2000-03-10,31.253968253968253,1,1,1,1,"gas,gold,oil,silver",380.3438494567668,5.941075710566583,0.0,0.01,5.7945691574769285,1.7569211267416975,0.0,0.018,0.0,0,0
1361,2000-03-15,31.265873015873016,1,1,1,1,"gas,gold,oil,silver",375.41497041003083,5.928032001913569,0.0,0.01,5.910823203122251,1.776785111586475,0.0,0.018,0.0,0,0
1362,2000-03-17,31.273809523809526,1,1,1,1,"gas,gold,oil,silver",375.4330982968143,5.928080288344719,0.0,0.01,5.8784214190899355,1.7712882597258826,0.0,0.018,0.0,0,0
1363,2000-03-22,31.285714285714285,1,1,0,1,"gold,oil,silver",379.41741291932163,5.938636952386899,0.0,0.01,5.957376382546608,1.7846301798882114,0.0,0.018,0.0,0,0
1364,2000-03-27,31.297619047619047,1,1,1,1,"gas,gold,oil,silver",387.3953119524885,5.959445649589629,0.0,0.01,6.045144665309393,1.799255415179808,0.0,0.018,0.0,0,0
1365,2000-03-30,31.30952380952381,1,1,1,1,"gas,gold,oil,silver",385.09819087498914,5.953498343004036,0.0,0.01,6.107037845550318,1.8094418512989725,0.0,0.018,0.0,0,0
1366,2000-04-04,31.321428571428573,1,1,1,1,"gas,gold,oil,silver",384.41553429611224,5.951724088080103,0.0,0.01,6.287158565079186,1.838509230186613,0.0,0.018,0.0,0,0
1367,2000-04-07,31.333333333333332,1,1,1,0,"gas,gold,silver",380.74374474584516,5.942126562870377,0.0,0.01,6.086879163896721,1.8061354978110014,0.0,0.018,0.0,0,0
1368,2000-04-12,31.345238095238095,1,1,1,1,"gas,gold,oil,silver",375.82433854707523,5.9291218495098885,0.0,0.01,5.879994933245702,1.7715559002172565,0.0,0.018,0.0,0,0
1369,2000-04-17,31.357142857142858,1,1,1,1,"gas,gold,oil,silver",381.30706568967986,5.943604997218134,0.0,0.01,6.017657170011812,1.7946980091560705,0.0,0.018,0.0,0,0
1370,2000-04-19,31.365079365079364,0,0,1,1,"gas,oil",,,,,,,,,0.0,0,0
1371,2000-04-24,31.376984126984127,1,1,1,0,"gas,gold,silver",378.9777240514764,5.937477427765302,0.0,0.01,5.926361840524624,1.7794105071125808,0.0,0.018,0.0,0,0
1372,2000-04-27,31.38888888888889,1,1,1,1,"gas,gold,oil,silver",377.2420553363366,5.932887038012916,0.0,0.01,5.860341638204314,1.7682079019244061,0.0,0.018,0.0,0,0
1373,2000-05-02,31.400793650793652,1,1,1,1,"gas,gold,oil,silver",380.4157403850842,5.941264708324853,0.0,0.01,5.617154971601834,1.7258253029154478,0.0,0.018,0.0,0,0
1374,2000-05-05,31.41269841269841,1,1,1,1,"gas,gold,oil,silver",374.52550702528066,5.925659910184735,0.0,0.01,5.340405894762283,1.6753016603385795,0.0,0.018,0.0,0,0
1375,2000-05-10,31.424603174603174,1,0,1,1,"gas,gold,oil",366.99887772760036,5.905358790086953,0.0,0.01,,,,,0.0,0,0
1376,2000-05-15,31.436507936507937,1,1,0,1,"gold,oil,silver",362.1327489254508,5.8920108543430025,0.0,0.01,4.8743971252520035,1.5839964301874905,0.0,0.018,0.0,0,0
1377,2000-05-17,31.444444444444443,1,1,1,1,"gas,gold,oil,silver",362.47928084504935,5.8929673163717275,0.0,0.01,4.7118717594069475,1.550085230233376,0.0,0.018,0.0,0,0
1378,2000-05-22,31.456349206349206,1,1,1,1,"gas,gold,oil,silver",357.00968692382247,5.877762915651911,0.0,0.01,4.729763859080998,1.5538752771732374,0.0,0.018,0.0,0,0
1379,2000-05-25,31.46825396825397,1,0,0,1,"gold,oil",346.68476504373444,5.848415908961504,0.0,0.01,,,,,0.0,0,0
1380,2000-05-30,31.48015873015873,1,0,1,1,"gas,gold,oil",348.3787217480396,5.85329016891129,0.0,0.01,,,,,0.0,0,0
1381,2000-06-02,31.49206349206349,1,1,1,1,"gas,gold,oil,silver",342.03288816642254,5.834906896668428,0.0,0.01,4.5302437483855,1.5107757456379842,0.0,0.018,0.0,0,0
1382,2000-06-07,31.503968253968253,1,0,1,1,"gas,gold,oil",340.80329747514514,5.831305470598331,0.0,0.01,,,,,0.0,0,0
1383,2000-06-12,31.515873015873016,1,1,1,1,"gas,gold,oil,silver",345.31474427400553,5.844456303380091,0.0,0.01,4.6899287157487,1.5454173831419755,0.0,0.018,0.0,0,0
1384,2000-06-15,31.52777777777778,1,1,1,1,"gas,gold,oil,silver",351.91665773832693,5.863394379775335,0.0,0.01,4.640500063600174,1.5348221327587677,0.0,0.018,0.0,0,0
1385,2000-06-19,31.535714285714285,0,1,1,1,"gas,oil,silver",,,,,4.62403443852786,1.5312675791208583,0.0,0.018,0.0,0,0
1386,2000-06-22,31.547619047619047,0,0,1,0,gas,,,,,,,,,0.0,0,0
1387,2000-06-27,31.55952380952381,1,1,1,1,"gas,gold,oil,silver",352.9460788791124,5.866315294214994,0.0,0.01,4.6319908073359475,1.5329867556694043,0.0,0.018,0.0,0,0
1388,2000-06-30,31.571428571428573,0,0,0,1,oil,,,,,,,,,0.0,0,0
1389,2000-07-05,31.583333333333332,0,1,1,0,"gas,silver",,,,,4.598668638212221,1.5257668351275195,0.0,0.018,0.0,0,0
1390,2000-07-10,31.595238095238095,1,1,1,1,"gas,gold,oil,silver",342.0301147533941,5.8348987880204914,0.0,0.01,4.4068115285542016,1.4831514185632686,0.0,0.018,0.0,0,0
1391,2000-07-13,31.607142857142858,0,0,1,0,gas,,,,,,,,,0.0,0,0
1392,2000-07-18,31.61904761904762,0,0,1,0,gas,,,,,,,,,0.0,0,0
1393,2000-07-20,31.626984126984127,1,1,1,1,"gas,gold,oil,silver",352.6616727031983,5.865509163072931,0.0,0.01,4.460307757113045,1.4952177674883231,0.0,0.018,0.0,0,0
1394,2000-07-25,31.63888888888889,1,1,1,1,"gas,gold,oil,silver",351.8609356145378,5.863236028260789,0.0,0.01,4.400026991966108,1.481610675443151,0.0,0.018,0.0,0,0
1395,2000-07-28,31.650793650793652,1,1,1,1,"gas,gold,oil,silver",355.0991410624259,5.872397021085024,0.0,0.01,4.383008767699038,1.477735421822314,0.0,0.018,0.0,0,0
1396,2000-08-02,31.66269841269841,1,1,1,1,"gas,gold,oil,silver",363.0600137029657,5.894568147605263,0.0,0.01,4.346590159974693,1.4693916664426776,0.0,0.018,0.0,0,0
1397,2000-08-07,31.674603174603174,1,1,1,1,"gas,gold,oil,silver",361.0149722246428,5.888919431779335,0.0,0.01,4.331367082001852,1.46588321551034,0.0,0.018,0.0,0,0
1398,2000-08-10,31.686507936507937,1,1,1,1,"gas,gold,oil,silver",352.63749400118996,5.86544060010516,0.0,0.01,4.161731634745241,1.4259312460139197,0.0,0.018,0.0,0,0
1399,2000-08-15,31.6984126984127,1,1,1,1,"gas,gold,oil,silver",346.87626788688067,5.848968139663405,0.0,0.01,4.121642479017969,1.4162517438734858,0.0,0.018,0.0,0,0
1400,2000-08-17,31.706349206349206,1,1,0,1,"gold,oil,silver",346.4444971487561,5.847722624410678,0.0,0.01,3.991004335792996,1.384042912458639,0.0,0.018,0.0,0,0
1401,2000-08-22,31.71825396825397,1,1,1,1,"gas,gold,oil,silver",335.96499525102865,5.817006973735498,0.0,0.01,3.7792440193419203,1.329523994746763,0.0,0.018,0.0,0,0
1402,2000-08-25,31.73015873015873,0,1,1,1,"gas,oil,silver",,,,,3.785646491646093,1.3312166759094457,0.0,0.018,0.0,0,0
1403,2000-08-30,31.74206349206349,1,1,0,0,"gold,silver",345.94767505875876,5.8462875354677175,0.0,0.01,3.7965532103645327,1.3340936052095809,0.0,0.018,0.0,0,0
1404,2000-09-04,31.753968253968253,1,1,1,1,"gas,gold,oil,silver",343.84612147206224,5.840194235993234,0.0,0.01,3.7639382278583917,1.3254658102862324,0.0,0.018,0.0,0,0
1405,2000-09-07,31.765873015873016,1,0,0,0,gold,336.8470087502985,5.819628847302816,0.0,0.01,,,,,0.0,0,0
1406,2000-09-12,31.77777777777778,0,1,1,0,"gas,silver",,,,,3.6197295756860646,1.2863993201981294,0.0,0.018,0.0,0,0
1407,2000-09-15,31.78968253968254,1,1,1,1,"gas,gold,oil,silver",328.4285910504276,5.794319435452535,0.0,0.01,3.494167222915441,1.251095070588202,0.0,0.018,0.0,0,0
1408,2000-09-19,31.797619047619047,1,1,1,1,"gas,gold,oil,silver",330.95322241247374,5.80197704337347,0.0,0.01,3.5232841803660553,1.2593935604164566,0.0,0.018,0.0,0,0
1409,2000-09-22,31.80952380952381,1,1,1,1,"gas,gold,oil,silver",328.37776134856784,5.7941646571018826,0.0,0.01,3.426534123756243,1.231549290773153,0.0,0.018,0.0,0,0
1410,2000-09-27,31.821428571428573,1,1,1,1,"gas,gold,oil,silver",335.2526432854592,5.814884406651091,0.0,0.01,3.5504040075838716,1.2670614019652353,0.0,0.018,0.0,0,0
1411,2000-10-02,31.833333333333332,1,1,1,0,"gas,gold,silver",338.51597046308234,5.824571271337116,0.0,0.01,3.5140130592537613,1.2567587061079604,0.0,0.018,0.0,0,0
1412,2000-10-05,31.845238095238095,1,1,1,1,"gas,gold,oil,silver",340.96239911002215,5.83177220466419,0.0,0.01,3.5660001153168075,1.2714445517788078,0.0,0.018,0.0,0,0
1413,2000-10-10,31.857142857142858,1,1,1,1,"gas,gold,oil,silver",339.63217570725675,5.8278631958479545,0.0,0.01,3.4233046811792334,1.2306063655720636,0.0,0.018,0.0,0,0
1414,2000-10-13,31.86904761904762,1,1,1,1,"gas,gold,oil,silver",342.6451807471757,5.83669545328146,0.0,0.01,3.496888890550525,1.2518736847856595,0.0,0.018,0.0,0,0
1415,2000-10-18,31.88095238095238,1,1,1,1,"gas,gold,oil,silver",343.25001597316674,5.838459091183161,0.0,0.01,3.5645988064794842,1.271051510781626,0.0,0.018,0.0,0,0
1416,2000-10-20,31.88888888888889,1,1,0,1,"gold,oil,silver",343.0237728491391,5.837799753362283,0.0,0.01,3.619000904045965,1.2861979943870356,0.0,0.018,0.0,0,0
1417,2000-10-25,31.900793650793652,1,1,1,0,"gas,gold,silver",355.4259355974772,5.873316888852762,0.0,0.01,3.9256902435861867,1.3675421940116432,0.0,0.018,0.0,0,0
1418,2000-10-30,31.91269841269841,0,1,1,1,"gas,oil,silver",,,,,3.8601696521745,1.3507111338514517,0.0,0.018,0.0,0,0
1419,2000-11-02,31.924603174603174,1,1,1,1,"gas,gold,oil,silver",356.68617470647666,5.876856332730821,0.0,0.01,4.0271169089704495,1.39305071272938,0.0,0.018,0.0,0,0
1420,2000-11-07,31.936507936507937,1,1,1,1,"gas,gold,oil,silver",355.1393377547347,5.8725102131847216,0.0,0.01,4.002530336965325,1.3869267453641496,0.0,0.018,0.0,0,0
1421,2000-11-10,31.9484126984127,1,1,1,1,"gas,gold,oil,silver",349.1046859938842,5.855371837091323,0.0,0.01,3.794007755452203,1.333422915646791,0.0,0.018,0.0,0,0
1422,2000-11-15,31.96031746031746,0,1,1,1,"gas,oil,silver",,,,,3.7902329252877753,1.3324274750654495,0.0,0.018,0.0,0,0
1423,2000-11-20,31.97222222222222,1,1,0,1,"gold,oil,silver",352.8559448619359,5.866059885432829,0.0,0.01,3.8210428898809785,1.3405233931808753,0.0,0.018,0.0,0,0
1424,2000-11-22,31.98015873015873,1,1,1,1,"gas,gold,oil,silver",356.4277304025997,5.876131499535617,0.0,0.01,3.9651778979113894,1.3775507211449778,0.0,0.018,0.0,0,0
1425,2000-11-27,31.99206349206349,1,1,1,1,"gas,gold,oil,silver",353.977639848539,5.869233746869164,0.0,0.01,3.9363403343032832,1.3702514425005456,0.0,0.018,0.0,0,0
1426,2000-11-30,32.00396825396825,1,1,1,1,"gas,gold,oil,silver",342.6334213406976,5.836661133206549,0.0,0.01,3.7052742794237914,1.3097572855420863,0.0,0.018,0.0,0,0
1427,2000-12-05,32.01587301587302,0,1,1,1,"gas,oil,silver",,,,,3.8726187248769723,1.353930951296504,0.0,0.018,0.0,0,0
1428,2000-12-08,32.02777777777778,0,1,1,1,"gas,oil,silver",,,,,3.8865125417396444,1.357512236683997,0.0,0.018,0.0,0,0
1429,2000-12-13,32.03968253968254,1,1,0,1,"gold,oil,silver",351.8587478678594,5.863229810595631,0.0,0.01,3.7456936891655985,1.320606830567914,0.0,0.018,0.0,0,0
1430,2000-12-18,32.051587301587304,1,1,1,1,"gas,gold,oil,silver",347.5056690983627,5.850780978823899,0.0,0.01,3.6711687882245756,1.3005100822712632,0.0,0.018,0.0,0,0
1431,2000-12-20,32.05952380952381,1,0,1,1,"gas,gold,oil",337.7691123480228,5.822362562502145,0.0,0.01,,,,,0.0,0,0
1432,2000-12-25,32.07142857142857,0,1,1,1,"gas,oil,silver",,,,,3.5555005503596133,1.2684958551324834,0.0,0.018,0.0,0,0
1433,2000-12-28,32.083333333333336,1,1,1,1,"gas,gold,oil,silver",332.4062339920632,5.806357817294188,0.0,0.01,3.562884765530941,1.2705705441222803,0.0,0.018,0.0,0,0
1434,2001-01-02,32.095238095238095,1,1,0,1,"gold,oil,silver",322.77025465039867,5.776940784226737,0.0,0.01,3.4318415285454784,1.2330970058933972,0.0,0.018,0.0,0,0
1435,2001-01-05,32.107142857142854,1,1,1,1,"gas,gold,oil,silver",320.44630945899536,5.769714741138701,0.0,0.01,3.410410860732032,1.2268327710556388,0.0,0.018,0.0,0,0
1436,2001-01-10,32.11904761904762,1,1,0,1,"gold,oil,silver",331.2441213528231,5.802855630283553,0.0,0.01,3.514668954023386,1.2569453398951453,0.0,0.018,0.0,0,0
1437,2001-01-15,32.13095238095238,1,1,1,0,"gas,gold,silver",336.492532080729,5.818575955913491,0.0,0.01,3.6882036230146404,1.3051395164843687,0.0,0.018,0.0,0,0
1438,2001-01-18,32.142857142857146,0,0,1,1,"gas,oil",,,,,,,,,0.0,0,0
1439,2001-01-22,32.15079365079365,1,1,1,1,"gas,gold,oil,silver",340.9710669042781,5.831797625895699,0.0,0.01,3.745831109908646,1.3206435175566775,0.0,0.018,0.0,0,0
1440,2001-01-25,32.16269841269841,1,1,1,1,"gas,gold,oil,silver",332.52655557277365,5.806719723291041,0.0,0.01,3.575172549426367,1.2740134405550345,0.0,0.018,0.0,0,0
1441,2001-01-30,32.17460317460318,0,1,1,0,"gas,silver",,,,,3.501051425778397,1.2530633307473664,0.0,0.018,0.0,0,0
1442,2001-02-02,32.18650793650794,1,1,1,1,"gas,gold,oil,silver",337.60145306776,5.821866066823203,0.0,0.01,3.627376210209725,1.288509579821,0.0,0.018,0.0,0,0
1443,2001-02-07,32.198412698412696,1,1,0,1,"gold,oil,silver",345.8938058907914,5.846131808557552,0.0,0.01,3.7849058971184855,1.3310210245244638,0.0,0.018,0.0,0,0
1444,2001-02-12,32.21031746031746,1,1,1,1,"gas,gold,oil,silver",346.4608621182111,5.847769860210601,0.0,0.01,3.8388102825008628,1.3451624963294015,0.0,0.018,0.0,0,0
1445,2001-02-15,32.22222222222222,1,1,1,1,"gas,gold,oil,silver",348.98349368776866,5.8550246250603495,0.0,0.01,3.9260398196674466,1.3676312383569467,0.0,0.018,0.0,0,0
1446,2001-02-20,32.23412698412698,1,0,0,0,gold,350.5127769309599,5.859397159250919,0.0,0.01,,,,,0.0,0,0
1447,2001-02-22,32.242063492063494,1,0,0,1,"gold,oil",355.9447328050374,5.874775473870619,0.0,0.01,,,,,0.0,0,0
1448,2001-02-27,32.25396825396825,1,1,1,1,"gas,gold,oil,silver",352.52579108934435,5.865123785786713,0.0,0.01,3.813037057162929,1.3384259994652137,0.0,0.018,0.0,0,0
1449,2001-03-02,32.26587301587302,1,1,1,1,"gas,gold,oil,silver",354.8384632077941,5.8716626526989035,0.0,0.01,3.874540367808045,1.3544270410108092,0.0,0.018,0.0,0,0
1450,2002-02-28,33.29365079365079,1,1,1,0,"gas,gold,silver",374.47409015455946,5.9255226153958045,0.0,0.01,5.06465206804306,1.6222854419636679,0.0,0.018,0.0,0,0
1451,2002-03-05,33.30555555555556,1,1,1,0,"gas,gold,silver",367.7593568228155,5.907428802591765,0.0,0.01,5.16514095378767,1.6419323923807747,0.0,0.018,0.0,0,0
1452,2002-03-08,33.317460317460316,1,1,1,1,"gas,gold,oil,silver",372.92597962486644,5.921379953904859,0.0,0.01,5.28298749957163,1.664491752018416,0.0,0.018,0.0,0,0
1453,2002-03-13,33.32936507936508,1,1,1,1,"gas,gold,oil,silver",365.4151585919387,5.901034128009371,0.0,0.01,5.220233840699096,1.6525421979599808,0.0,0.018,0.0,0,0
1454,2002-03-15,33.33730158730159,1,1,1,1,"gas,gold,oil,silver",374.19440777922335,5.924775469258045,0.0,0.01,5.388874931034188,1.6843366304864966,0.0,0.018,0.0,0,0
1455,2002-03-20,33.34920634920635,0,0,1,0,gas,,,,,,,,,0.0,0,0
1456,2002-03-25,33.361111111111114,1,1,1,1,"gas,gold,oil,silver",396.4619964098473,5.9825801888389725,0.0,0.01,5.952128786753119,1.7837489348560298,0.0,0.018,0.0,0,0
1457,2002-03-28,33.37301587301587,0,1,1,1,"gas,oil,silver",,,,,6.096414098134285,1.8077007455612129,0.0,0.018,0.0,0,0
1458,2002-04-02,33.38492063492063,0,1,1,1,"gas,oil,silver",,,,,5.861387128110555,1.7683862868588909,0.0,0.018,0.0,0,0
1459,2002-04-05,33.3968253968254,1,0,1,1,"gas,gold,oil",412.05273318460854,6.0211513343256255,0.0,0.01,,,,,0.0,0,0
1460,2002-04-10,33.40873015873016,1,1,1,1,"gas,gold,oil,silver",420.0624482087129,6.040403386435936,0.0,0.01,6.428235485331625,1.8607000815122152,0.0,0.018,0.0,0,0
1461,2002-04-15,33.42063492063492,0,0,1,0,gas,,,,,,,,,0.0,0,0
1462,2002-04-17,33.42857142857143,1,0,1,1,"gas,gold,oil",414.5935282687811,6.027298590301414,0.0,0.01,,,,,0.0,0,0
1463,2002-04-22,33.44047619047619,1,1,1,1,"gas,gold,oil,silver",427.5726701165281,6.058124262507068,0.0,0.01,6.681656699554806,1.8993659657148174,0.0,0.018,0.0,0,0
1464,2002-04-25,33.45238095238095,1,1,1,1,"gas,gold,oil,silver",424.85836375157334,6.0517558516193715,0.0,0.01,6.792018739857181,1.9157482081125987,0.0,0.018,0.0,0,0
1465,2002-04-30,33.464285714285715,1,1,1,1,"gas,gold,oil,silver",419.1105951776256,6.0381348353979805,0.0,0.01,6.64526124148494,1.8939040053856528,0.0,0.018,0.0,0,0
1466,2002-05-03,33.476190476190474,1,1,1,1,"gas,gold,oil,silver",417.4991775208701,6.034282574279078,0.0,0.01,6.646306842201906,1.8940613383222242,0.0,0.018,0.0,0,0
1467,2002-05-08,33.48809523809524,1,0,1,0,"gas,gold",417.91388282756117,6.035275389355687,0.0,0.01,,,,,0.0,0,0
1468,2002-05-13,33.5,1,0,1,0,"gas,gold",414.53436194243125,6.027155870879842,0.0,0.01,,,,,0.0,0,0
1469,2002-05-16,33.51190476190476,1,1,1,1,"gas,gold,oil,silver",412.39502971264517,6.0219816999669895,0.0,0.01,7.08496499943172,1.9579749330361182,0.0,0.018,0.0,0,0
1470,2002-05-20,33.51984126984127,1,1,1,1,"gas,gold,oil,silver",414.58019448053136,6.027266428673796,0.0,0.01,7.092784750335357,1.9590780349859478,0.0,0.018,0.0,0,0
1471,2002-05-23,33.53174603174603,1,1,1,1,"gas,gold,oil,silver",418.61327547728445,6.036947523501579,0.0,0.01,7.405864113501479,2.00227213415964,0.0,0.018,0.0,0,0
1472,2002-05-28,33.54365079365079,0,1,1,0,"gas,silver",,,,,7.24918595230142,1.9808891801212547,0.0,0.018,0.0,0,0
1473,2002-05-31,33.55555555555556,1,1,1,1,"gas,gold,oil,silver",422.8966583665358,6.0471278427365025,0.0,0.01,7.3371351122954085,1.9929484547586207,0.0,0.018,0.0,0,0
1474,2002-06-05,33.567460317460316,1,1,1,1,"gas,gold,oil,silver",426.6099900537153,6.055870223610491,0.0,0.01,7.350468080574371,1.9947639956288652,0.0,0.018,0.0,0,0
1475,2002-06-10,33.57936507936508,1,0,1,1,"gas,gold,oil",425.1735289463456,6.052497388994431,0.0,0.01,,,,,0.0,0,0
1476,2002-06-13,33.59126984126984,1,1,0,1,"gold,oil,silver",437.7714021766483,6.081696861293831,0.0,0.01,7.575631478721274,2.024936711448448,0.0,0.018,0.0,0,0
1477,2002-06-18,33.6031746031746,1,1,1,1,"gas,gold,oil,silver",434.40642783191896,6.073980565545055,0.0,0.01,7.164116457430275,1.9690847399890465,0.0,0.018,0.0,0,0
1478,2002-06-20,33.611111111111114,1,0,1,1,"gas,gold,oil",426.8952148398128,6.056538584611876,0.0,0.01,,,,,0.0,0,0
1479,2002-06-25,33.62301587301587,1,1,0,1,"gold,oil,silver",440.9643945273943,6.088964134154236,0.0,0.01,7.33686874199524,1.9929121496979376,0.0,0.018,0.0,0,0
1480,2002-06-28,33.63492063492063,1,1,1,1,"gas,gold,oil,silver",444.28316093529656,6.09646210901048,0.0,0.01,7.295571735178633,1.9872675524717114,0.0,0.018,0.0,0,0
1481,2002-07-03,33.6468253968254,1,1,1,1,"gas,gold,oil,silver",457.015212266859,6.124716677576212,0.0,0.01,7.697991770894167,2.0409594858682794,0.0,0.018,0.0,0,0
1482,2002-07-08,33.65873015873016,1,1,1,1,"gas,gold,oil,silver",450.3559013422191,6.110038162045793,0.0,0.01,7.25663638881963,1.9819164141515844,0.0,0.018,0.0,0,0
1483,2002-07-11,33.67063492063492,1,1,1,1,"gas,gold,oil,silver",443.7226042565787,6.095199601997242,0.0,0.01,7.064252050443971,1.955047143645285,0.0,0.018,0.0,0,0
1484,2002-07-16,33.682539682539684,1,1,0,1,"gold,oil,silver",451.7800519790249,6.113195450732965,0.0,0.01,7.21813861469657,1.9765971100673143,0.0,0.018,0.0,0,0
1485,2002-07-18,33.69047619047619,1,1,0,1,"gold,oil,silver",458.7490197848895,6.1285032626578095,0.0,0.01,7.48386582951023,2.012749480606864,0.0,0.018,0.0,0,0
1486,2002-07-23,33.70238095238095,0,1,0,1,"oil,silver",,,,,7.393532572742575,2.0006056414134465,0.0,0.018,0.0,0,0
1487,2002-07-26,33.714285714285715,1,0,1,0,"gas,gold",451.9176220934006,6.113499911216565,0.0,0.01,,,,,0.0,0,0
1488,2002-07-31,33.726190476190474,1,1,1,1,"gas,gold,oil,silver",444.8986411623963,6.097846483553334,0.0,0.01,7.006406350477802,1.946824923447008,0.0,0.018,0.0,0,0
1489,2002-08-05,33.73809523809524,1,1,1,1,"gas,gold,oil,silver",440.97134943471747,6.088979906068167,0.0,0.01,6.86003948717414,1.9257131978690611,0.0,0.018,0.0,0,0
1490,2002-08-08,33.75,1,1,1,1,"gas,gold,oil,silver",426.1475390941128,6.054785622210609,0.0,0.01,6.4744003941215995,1.8678560000731947,0.0,0.018,0.0,0,0
1491,2002-08-13,33.76190476190476,1,1,1,1,"gas,gold,oil,silver",420.927166060105,6.042459816483239,0.0,0.01,6.415808340538535,1.8587649980074556,0.0,0.018,0.0,0,0
1492,2002-08-16,33.773809523809526,1,1,1,1,"gas,gold,oil,silver",408.66155716879194,6.012887324900274,0.0,0.01,6.143861353621228,1.8154534294483735,0.0,0.018,0.0,0,0
1493,2002-08-20,33.78174603174603,1,1,1,1,"gas,gold,oil,silver",410.9735704091495,6.018528906854697,0.0,0.01,6.1496350735547,1.8163927424244974,0.0,0.018,0.0,0,0
1494,2002-08-23,33.79365079365079,0,1,1,1,"gas,oil,silver",,,,,6.165730154475103,1.8190065650413578,0.0,0.018,0.0,0,0
1495,2002-08-28,33.80555555555556,0,1,1,1,"gas,oil,silver",,,,,6.342330166739822,1.8472462351110819,0.0,0.018,0.0,0,0
1496,2002-09-02,33.817460317460316,1,0,1,0,"gas,gold",419.1178378781483,6.038152116368745,0.0,0.01,,,,,0.0,0,0
1497,2002-09-05,33.82936507936508,1,1,1,1,"gas,gold,oil,silver",421.45793406673147,6.043719971908079,0.0,0.01,6.430024055478289,1.8609782793744567,0.0,0.018,0.0,0,0
1498,2002-09-10,33.84126984126984,1,1,1,1,"gas,gold,oil,silver",414.48951846817477,6.027047687085961,0.0,0.01,6.3585802065608785,1.8498051144686019,0.0,0.018,0.0,0,0
1499,2002-09-13,33.8531746031746,1,1,1,0,"gas,gold,silver",405.99347669910344,6.0063370922290655,0.0,0.01,6.237584327026781,1.8305929803492622,0.0,0.018,0.0,0,0
1500,2002-09-18,33.86507936507937,0,0,1,1,"gas,oil",,,,,,,,,0.0,0,0
1501,2002-09-20,33.87301587301587,1,1,1,0,"gas,gold,silver",399.27064793990604,5.989639502576654,0.0,0.01,6.230104278101139,1.8293930707172499,0.0,0.018,0.0,0,0
1502,2002-09-25,33.88492063492063,1,1,0,1,"gold,oil,silver",395.51613756179836,5.980191589312835,0.0,0.01,6.095360732698677,1.8075279462021623,0.0,0.018,0.0,0,0
1503,2002-09-30,33.8968253968254,0,1,1,1,"gas,oil,silver",,,,,6.225601929700543,1.8286701332102833,0.0,0.018,0.0,0,0
1504,2002-10-03,33.90873015873016,1,1,1,1,"gas,gold,oil,silver",404.5507976550754,6.002777309961398,0.0,0.01,6.355537817189071,1.8493265300439183,0.0,0.018,0.0,0,0
1505,2002-10-08,33.92063492063492,1,0,1,0,"gas,gold",410.81306604976083,6.018138283901466,0.0,0.01,,,,,0.0,0,0
1506,2002-10-11,33.932539682539684,0,1,1,1,"gas,oil,silver",,,,,6.03216446072803,1.7971058950435335,0.0,0.018,0.0,0,0
1507,2002-10-16,33.94444444444444,1,1,1,1,"gas,gold,oil,silver",387.63672292095436,5.960068619906753,0.0,0.01,5.9867423782633,1.7895474208291988,0.0,0.018,0.0,0,0
1508,2002-10-18,33.95238095238095,1,1,1,1,"gas,gold,oil,silver",394.0971002034808,5.976597326151763,0.0,0.01,6.215408719937609,1.8270314862657764,0.0,0.018,0.0,0,0
1509,2002-10-23,33.964285714285715,1,1,1,1,"gas,gold,oil,silver",386.2533034399846,5.956493380770811,0.0,0.01,6.000790135080291,1.7918911497378447,0.0,0.018,0.0,0,0
1510,2002-10-28,33.976190476190474,1,1,1,0,"gas,gold,silver",390.18408509341765,5.966618640820615,0.0,0.01,6.1004589757712155,1.808364010278441,0.0,0.018,0.0,0,0
1511,2002-10-31,33.98809523809524,1,1,1,1,"gas,gold,oil,silver",391.45902324418114,5.969880843910025,0.0,0.01,6.066889206004624,1.802845987050315,0.0,0.018,0.0,0,0
1512,2002-11-05,34.0,1,1,1,1,"gas,gold,oil,silver",393.9945766834409,5.976337144440358,0.0,0.01,6.056074635695666,1.8010618403154242,0.0,0.018,0.0,0,0
1513,2002-11-08,34.01190476190476,0,1,1,0,"gas,silver",,,,,5.860521163480829,1.7682385353819539,0.0,0.018,0.0,0,0
1514,2002-11-13,34.023809523809526,0,0,0,1,oil,,,,,,,,,0.0,0,0
1515,2002-11-18,34.035714285714285,1,1,1,1,"gas,gold,oil,silver",383.5458831640946,5.9494592568425375,0.0,0.01,5.509773195455194,1.7065234599683008,0.0,0.018,0.0,0,0
1516,2002-11-20,34.04365079365079,1,1,1,0,"gas,gold,silver",386.53147743262434,5.957213306968996,0.0,0.01,5.591762024219464,1.721294447555904,0.0,0.018,0.0,0,0
1517,2002-11-25,34.05555555555556,1,1,1,1,"gas,gold,oil,silver",395.26230144418554,5.97954959880371,0.0,0.01,5.76736209718205,1.7522148004517055,0.0,0.018,0.0,0,0
1518,2002-11-28,34.067460317460316,1,0,1,1,"gas,gold,oil",401.8548015844849,5.996090833285824,0.0,0.01,,,,,0.0,0,0
1519,2002-12-03,34.07936507936508,1,1,1,1,"gas,gold,oil,silver",399.86336156784284,5.991122892670358,0.0,0.01,5.816855510479258,1.7607598254382906,0.0,0.018,0.0,0,0
1520,2002-12-06,34.09126984126984,1,1,1,1,"gas,gold,oil,silver",398.72655364224687,5.9882758527270195,0.0,0.01,5.850456197331758,1.7665196406531651,0.0,0.018,0.0,0,0
1521,2002-12-11,34.1031746031746,1,1,1,1,"gas,gold,oil,silver",402.07127396716766,5.996629371329303,0.0,0.01,5.810603822608075,1.7596844936234004,0.0,0.018,0.0,0,0
1522,2002-12-16,34.11507936507937,1,1,1,1,"gas,gold,oil,silver",401.4459050440126,5.995072792165199,0.0,0.01,5.96011347000487,1.7850895194874479,0.0,0.018,0.0,0,0
1523,2002-12-19,34.12698412698413,1,1,1,1,"gas,gold,oil,silver",396.37219254686573,5.982353650012528,0.0,0.01,6.064724214027148,1.8024890696436189,0.0,0.018,0.0,0,0
1524,2002-12-23,34.13492063492063,1,1,1,1,"gas,gold,oil,silver",393.63912478839285,5.975434562647541,0.0,0.01,5.942046509381682,1.7820536042365895,0.0,0.018,0.0,0,0
1525,2002-12-26,34.1468253968254,1,1,1,1,"gas,gold,oil,silver",383.4451701909954,5.949196638463255,0.0,0.01,5.644158013213629,1.730621030270112,0.0,0.018,0.0,0,0
1526,2002-12-31,34.15873015873016,1,0,1,1,"gas,gold,oil",379.43599767822514,5.938685933543596,0.0,0.01,,,,,0.0,0,0
1527,2003-01-03,34.17063492063492,1,1,1,0,"gas,gold,silver",380.91515244755925,5.942576653338011,0.0,0.01,5.512654617918305,1.7070462889815698,0.0,0.018,0.0,0,0
1528,2003-01-08,34.182539682539684,1,0,1,1,"gas,gold,oil",387.6236547269856,5.960034906861829,0.0,0.01,,,,,0.0,0,0
1529,2003-01-13,34.19444444444444,1,1,1,1,"gas,gold,oil,silver",392.3376975826758,5.972122942360397,0.0,0.01,5.7946871842592325,1.756941495051592,0.0,0.018,0.0,0,0
1530,2003-01-16,34.20634920634921,1,0,0,1,"gold,oil",389.35472471294275,5.964490816822728,0.0,0.01,,,,,0.0,0,0
1531,2003-01-21,34.21825396825397,0,1,1,0,"gas,silver",,,,,5.756073783540094,1.7502556074871087,0.0,0.018,0.0,0,0
1532,2003-01-23,34.226190476190474,1,1,0,1,"gold,oil,silver",386.100385901112,5.956097402754571,0.0,0.01,5.5381117769317685,1.7116536081730662,0.0,0.018,0.0,0,0
1533,2003-01-28,34.23809523809524,1,1,0,0,"gold,silver",385.631153976813,5.954881352981103,0.0,0.01,5.519299759613762,1.7082509970997755,0.0,0.018,0.0,0,0
1534,2003-01-31,34.25,0,0,1,0,gas,,,,,,,,,0.0,0,0
1535,2003-02-05,34.26190476190476,1,1,1,1,"gas,gold,oil,silver",373.69708896684995,5.923445546701531,0.0,0.01,5.459705102691566,1.697394777802144,0.0,0.018,0.0,0,0
1536,2003-02-10,34.273809523809526,1,1,1,1,"gas,gold,oil,silver",378.71405121460884,5.936781438034072,0.0,0.01,5.678478348980807,1.7366833005362385,0.0,0.018,0.0,0,0
1537,2003-02-13,34.285714285714285,0,0,1,0,gas,,,,,,,,,0.0,0,0
1538,2003-02-18,34.29761904761905,1,1,1,1,"gas,gold,oil,silver",373.67650228751353,5.923390455968911,0.0,0.01,5.828788457589541,1.762809167032338,0.0,0.018,0.0,0,0
1539,2003-02-20,34.30555555555556,1,0,1,1,"gas,gold,oil",370.5007317919554,5.914855419881169,0.0,0.01,,,,,0.0,0,0
1540,2003-02-25,34.317460317460316,1,1,1,1,"gas,gold,oil,silver",372.50069932317825,5.920238915195512,0.0,0.01,5.8731282778322935,1.770387418262057,0.0,0.018,0.0,0,0
1541,2003-02-28,34.32936507936508,1,1,1,1,"gas,gold,oil,silver",384.21773822859717,5.951209418525839,0.0,0.01,6.3313496961720075,1.8455134355715512,0.0,0.018,0.0,0,0
1542,2003-03-05,34.34126984126984,1,1,1,1,"gas,gold,oil,silver",398.5670317437111,5.987875694231859,0.0,0.01,6.7572911634855295,1.9106220942862575,0.0,0.018,0.0,0,0
1543,2003-03-10,34.3531746031746,1,1,1,1,"gas,gold,oil,silver",401.51058891234766,5.995233906419736,0.0,0.01,7.122697812466252,1.9632865599023013,0.0,0.018,0.0,0,0
1544,2003-03-13,34.36507936507937,1,1,1,1,"gas,gold,oil,silver",406.5697923852645,6.007755605235316,0.0,0.01,7.176503312761056,1.970812260641545,0.0,0.018,0.0,0,0
1545,2003-03-18,34.37698412698413,1,1,1,1,"gas,gold,oil,silver",404.8475248034825,6.003510514252701,0.0,0.01,6.99434733970045,1.9451022999331276,0.0,0.018,0.0,0,0
1546,2003-03-21,34.388888888888886,0,1,0,1,"oil,silver",,,,,6.902203651154766,1.931840730348131,0.0,0.018,0.0,0,0
1547,2003-03-25,34.3968253968254,0,1,1,1,"gas,oil,silver",,,,,6.887959075819807,1.9297748257343486,0.0,0.018,0.0,0,0
1548,2003-03-28,34.40873015873016,1,1,1,1,"gas,gold,oil,silver",395.56121443638716,5.98030555256693,0.0,0.01,6.6877236085321465,1.9002735484529816,0.0,0.018,0.0,0,0
1549,2003-04-02,34.42063492063492,1,1,1,1,"gas,gold,oil,silver",396.8288785126165,5.983505151272109,0.0,0.01,6.691642189597663,1.9008593133145881,0.0,0.018,0.0,0,0
1550,2003-04-07,34.432539682539684,1,1,1,1,"gas,gold,oil,silver",392.2111148450932,5.9718002530983,0.0,0.01,6.535038563224476,1.8771782480877683,0.0,0.018,0.0,0,0
1551,2003-04-10,34.44444444444444,1,1,1,1,"gas,gold,oil,silver",393.9405371257794,5.976199976907654,0.0,0.01,6.538187191436212,1.8776599391916635,0.0,0.018,0.0,0,0
1552,2003-04-15,34.45634920634921,0,1,1,0,"gas,silver",,,,,6.4865339444718755,1.869728327110416,0.0,0.018,0.0,0,0
1553,2003-04-18,34.46825396825397,0,1,1,0,"gas,silver",,,,,6.424153098064954,1.86006480856237,0.0,0.018,0.0,0,0
1554,2003-04-23,34.48015873015873,0,0,1,0,gas,,,,,,,,,0.0,0,0
1555,2003-04-25,34.48809523809524,1,0,1,1,"gas,gold,oil",392.2302207094319,5.971848965126788,0.0,0.01,,,,,0.0,0,0
1556,2003-04-30,34.5,1,0,0,0,gold,381.45244206343716,5.943986182569585,0.0,0.01,,,,,0.0,0,0
1557,2003-05-05,34.51190476190476,1,1,1,1,"gas,gold,oil,silver",375.1356072733646,5.927287579997515,0.0,0.01,6.091596679280502,1.8069102278643325,0.0,0.018,0.0,0,0
1558,2003-05-08,34.523809523809526,1,1,1,1,"gas,gold,oil,silver",374.64896767230675,5.925989501360926,0.0,0.01,6.004487027462132,1.7925070276469746,0.0,0.018,0.0,0,0
1559,2003-05-13,34.535714285714285,1,1,1,1,"gas,gold,oil,silver",365.48598187622997,5.901227925174519,0.0,0.01,5.943532002662635,1.782303569905014,0.0,0.018,0.0,0,0
1560,2003-05-16,34.54761904761905,1,1,1,1,"gas,gold,oil,silver",373.9164702467352,5.924032430883816,0.0,0.01,6.069593755504276,1.803291676226166,0.0,0.018,0.0,0,0
1561,2003-05-21,34.55952380952381,1,1,1,1,"gas,gold,oil,silver",371.8680035415224,5.918538962116918,0.0,0.01,6.046189608671042,1.7994282568762778,0.0,0.018,0.0,0,0
1562,2003-05-23,34.567460317460316,1,1,1,1,"gas,gold,oil,silver",374.159316767017,5.9246816873710015,0.0,0.01,6.140899506304372,1.8149712308271684,0.0,0.018,0.0,0,0
1563,2003-05-28,34.57936507936508,1,1,1,1,"gas,gold,oil,silver",363.8472924181495,5.896734253287187,0.0,0.01,6.201744117355056,1.824830561741833,0.0,0.018,0.0,0,0
1564,2003-06-02,34.59126984126984,1,1,1,1,"gas,gold,oil,silver",355.5931448570407,5.87378722577407,0.0,0.01,5.967826577277827,1.7863828037121254,0.0,0.018,0.0,0,0
1565,2003-06-05,34.6031746031746,1,1,1,1,"gas,gold,oil,silver",350.0429761793602,5.858055936029383,0.0,0.01,5.926278262470939,1.7793964042539838,0.0,0.018,0.0,0,0
1566,2003-06-10,34.61507936507937,0,1,1,1,"gas,oil,silver",,,,,5.9008224796187205,1.77509174452114,0.0,0.018,0.0,0,0
1567,2003-06-13,34.62698412698413,1,0,1,1,"gas,gold,oil",350.08201645143305,5.8581674597502165,0.0,0.01,,,,,0.0,0,0
1568,2003-06-18,34.638888888888886,1,1,0,1,"gold,oil,silver",357.3345089177034,5.8786723428388585,0.0,0.01,6.105042742783464,1.809115108813092,0.0,0.018,0.0,0,0
1569,2003-06-23,34.65079365079365,1,1,1,1,"gas,gold,oil,silver",347.9664886859979,5.852106178258316,0.0,0.01,5.8879517789233775,1.7729081916721454,0.0,0.018,0.0,0,0
1570,2003-06-25,34.65873015873016,1,1,1,1,"gas,gold,oil,silver",343.7117742921415,5.839803440738149,0.0,0.01,5.754735420225916,1.7500230672205617,0.0,0.018,0.0,0,0
1571,2003-06-30,34.67063492063492,1,1,0,1,"gold,oil,silver",342.0554520326267,5.8349728643655405,0.0,0.01,5.686135627854498,1.738030865890954,0.0,0.018,0.0,0,0
1572,2003-07-03,34.682539682539684,1,1,1,1,"gas,gold,oil,silver",342.36135462647945,5.83586677173674,0.0,0.01,5.660631039640127,1.7335353771029165,0.0,0.018,0.0,0,0
1573,2003-07-08,34.69444444444444,0,1,1,1,"gas,oil,silver",,,,,5.575855248792047,1.7184457134354765,0.0,0.018,0.0,0,0
1574,2003-07-11,34.70634920634921,1,1,1,1,"gas,gold,oil,silver",348.45618624720595,5.853512501342104,0.0,0.01,5.828463860445214,1.7627534768687292,0.0,0.018,0.0,0,0
1575,2003-07-16,34.71825396825397,0,0,1,1,"gas,oil",,,,,,,,,0.0,0,0
1576,2003-07-21,34.73015873015873,1,1,1,1,"gas,gold,oil,silver",363.4551218300164,5.895655828086175,0.0,0.01,6.1970518955742975,1.8240736782509086,0.0,0.018,0.0,0,0
1577,2003-07-24,34.742063492063494,1,1,1,1,"gas,gold,oil,silver",353.73221895683423,5.868540183261171,0.0,0.01,5.930533335540229,1.7801141475050737,0.0,0.018,0.0,0,0
1578,2003-07-28,34.75,1,1,1,1,"gas,gold,oil,silver",347.32414715977654,5.850258485578881,0.0,0.01,5.803938193168713,1.7585366859591605,0.0,0.018,0.0,0,0
1579,2003-07-31,34.76190476190476,1,1,1,1,"gas,gold,oil,silver",341.53409769503895,5.833447520864077,0.0,0.01,5.668912711285747,1.7349973376730405,0.0,0.018,0.0,0,0
1580,2003-08-05,34.773809523809526,1,1,1,1,"gas,gold,oil,silver",336.98231745232107,5.820030458507849,0.0,0.01,5.611140370721084,1.7247539735154545,0.0,0.018,0.0,0,0
1581,2003-08-08,34.785714285714285,1,1,1,0,"gas,gold,silver",332.3784842234235,5.806274332316584,0.0,0.01,5.645056011811505,1.7307801199282191,0.0,0.018,0.0,0,0
1582,2003-08-13,34.79761904761905,1,1,1,1,"gas,gold,oil,silver",327.2684235261521,5.790780701222607,0.0,0.01,5.535568371827907,1.7111942477591082,0.0,0.018,0.0,0,0
1583,2003-08-18,34.80952380952381,1,0,1,1,"gas,gold,oil",320.26760557140915,5.769156913727659,0.0,0.01,,,,,0.0,0,0
1584,2003-08-21,34.82142857142857,0,0,1,1,"gas,oil",,,,,,,,,0.0,0,0
1585,2003-08-26,34.833333333333336,1,1,1,1,"gas,gold,oil,silver",320.99564811794903,5.771427565773159,0.0,0.01,5.094146965546268,1.628092226856888,0.0,0.018,0.0,0,0
1586,2003-08-28,34.84126984126984,1,1,0,1,"gold,oil,silver",318.5499662676221,5.763779342668981,0.0,0.01,5.003385877222346,1.6101148586987357,0.0,0.018,0.0,0,0
1587,2003-09-02,34.8531746031746,0,1,0,1,"oil,silver",,,,,4.969963211278218,1.603412437923841,0.0,0.018,0.0,0,0
1588,2003-09-05,34.86507936507937,1,1,1,1,"gas,gold,oil,silver",322.9617904622696,5.777534020442712,0.0,0.01,5.157114327455129,1.6403771841958072,0.0,0.018,0.0,0,0
1589,2003-09-10,34.87698412698413,0,1,1,0,"gas,silver",,,,,5.06261068376885,1.6218822956541692,0.0,0.018,0.0,0,0
1590,2003-09-15,34.888888888888886,1,1,1,1,"gas,gold,oil,silver",316.89456950217016,5.758569130236289,0.0,0.01,5.089314499583873,1.6271431455760914,0.0,0.018,0.0,0,0
1591,2003-09-18,34.90079365079365,1,1,1,1,"gas,gold,oil,silver",314.7211916505591,5.751687141016903,0.0,0.01,5.007051559033713,1.610847230685186,0.0,0.018,0.0,0,0
1592,2003-09-23,34.91269841269841,1,0,1,1,"gas,gold,oil",319.7589746733706,5.767567507847297,0.0,0.01,,,,,0.0,0,0
1593,2003-09-25,34.92063492063492,1,1,1,1,"gas,gold,oil,silver",312.46223192021995,5.744483604017261,0.0,0.01,4.969114742209113,1.6032417039633797,0.0,0.018,0.0,0,0
1594,2003-09-30,34.932539682539684,0,1,1,0,"gas,silver",,,,,4.835611453345383,1.5760075848897934,0.0,0.018,0.0,0,0
1595,2003-10-03,34.94444444444444,0,0,1,1,"gas,oil",,,,,,,,,0.0,0,0
1596,2003-10-08,34.95634920634921,1,0,1,0,"gas,gold",301.92604981730705,5.710182119235156,0.0,0.01,,,,,0.0,0,0
1597,2003-10-13,34.96825396825397,1,1,1,1,"gas,gold,oil,silver",307.3684591520538,5.728047220609424,0.0,0.01,4.894603600640223,1.588133292241729,0.0,0.018,0.0,0,0
1598,2003-10-16,34.98015873015873,1,0,1,1,"gas,gold,oil",313.1143630901234,5.746568501090867,0.0,0.01,,,,,0.0,0,0
1599,2003-10-21,34.992063492063494,1,0,1,0,"gas,gold",311.5343760156398,5.741509688529186,0.0,0.01,,,,,0.0,0,0
1600,2003-10-24,35.00396825396825,0,0,1,1,"gas,oil",,,,,,,,,0.0,0,0
1601,2003-10-28,35.01190476190476,1,1,1,1,"gas,gold,oil,silver",318.93325299566385,5.764981842633359,0.0,0.01,5.020971720011303,1.6136234846948034,0.0,0.018,0.0,0,0
1602,2003-10-31,35.023809523809526,1,0,1,0,"gas,gold",327.49007670883384,5.79145775449055,0.0,0.01,,,,,0.0,0,0
1603,2003-11-05,35.035714285714285,1,1,0,1,"gold,oil,silver",335.687253749949,5.816179934096089,0.0,0.01,5.343532202229935,1.6758868953948856,0.0,0.018,0.0,0,0
1604,2003-11-10,35.04761904761905,1,1,1,1,"gas,gold,oil,silver",342.2285270434899,5.835478721640725,0.0,0.01,5.60158016256953,1.72304872982552,0.0,0.018,0.0,0,0
1605,2003-11-13,35.05952380952381,1,1,1,1,"gas,gold,oil,silver",341.0586709942658,5.832054518185291,0.0,0.01,5.683084588730547,1.737494146724807,0.0,0.018,0.0,0,0
1606,2003-11-18,35.07142857142857,1,1,1,1,"gas,gold,oil,silver",333.95895656539335,5.811018100891027,0.0,0.01,5.444384655538699,1.6945847390783595,0.0,0.018,0.0,0,0
1607,2003-11-21,35.083333333333336,1,1,1,0,"gas,gold,silver",338.3045629993943,5.823946563722287,0.0,0.01,5.4915249174296346,1.7032059796901502,0.0,0.018,0.0,0,0
1608,2003-11-26,35.095238095238095,1,1,0,0,"gold,silver",342.47962572605906,5.836212169001648,0.0,0.01,5.5562755854864765,1.7149280250814398,0.0,0.018,0.0,0,0
1609,2003-11-28,35.1031746031746,1,1,1,1,"gas,gold,oil,silver",350.1285525141362,5.858300379945467,0.0,0.01,5.724054263707603,1.744677341682044,0.0,0.018,0.0,0,0
1610,2003-12-03,35.11507936507937,1,1,1,1,"gas,gold,oil,silver",350.41362445843254,5.859114240893179,0.0,0.01,5.681220574274605,1.7371660994846245,0.0,0.018,0.0,0,0
1611,2003-12-08,35.12698412698413,0,1,1,1,"gas,oil,silver",,,,,5.422858053648154,1.690622992640485,0.0,0.018,0.0,0,0
1612,2003-12-11,35.138888888888886,1,1,1,1,"gas,gold,oil,silver",335.9984723830521,5.817106613473857,0.0,0.01,5.323103074855827,1.6720564180564603,0.0,0.018,0.0,0,0
1613,2003-12-16,35.15079365079365,1,0,1,1,"gas,gold,oil",336.4971399708199,5.818589649704888,0.0,0.01,,,,,0.0,0,0
1614,2003-12-19,35.16269841269841,1,1,1,1,"gas,gold,oil,silver",328.88143949120285,5.7956973195297,0.0,0.01,5.127971885186181,1.6347102369953403,0.0,0.018,0.0,0,0
1615,2003-12-24,35.17460317460318,0,0,1,1,"gas,oil",,,,,,,,,0.0,0,0
1616,2003-12-26,35.182539682539684,1,1,1,1,"gas,gold,oil,silver",321.95777821184197,5.774420413381254,0.0,0.01,4.904936558750794,1.590242158937921,0.0,0.018,0.0,0,0
1617,2003-12-31,35.19444444444444,1,0,1,1,"gas,gold,oil",320.79721496755417,5.770809194432088,0.0,0.01,,,,,0.0,0,0
1618,2004-01-05,35.20634920634921,1,1,1,1,"gas,gold,oil,silver",324.2316989767129,5.7814583805141435,0.0,0.01,4.916324088061575,1.5925611146857386,0.0,0.018,0.0,0,0
1619,2004-01-08,35.21825396825397,1,1,1,1,"gas,gold,oil,silver",329.4755762319321,5.797502227468198,0.0,0.01,5.1872706452793755,1.6462076716212024,0.0,0.018,0.0,0,0
1620,2004-01-13,35.23015873015873,1,1,0,1,"gold,oil,silver",328.66354602721646,5.795034571043252,0.0,0.01,5.119671133326839,1.633090205216366,0.0,0.018,0.0,0,0
1621,2004-01-16,35.242063492063494,1,1,1,1,"gas,gold,oil,silver",345.60058032658486,5.845283716114211,0.0,0.01,5.389120269038837,1.6843821562081427,0.0,0.018,0.0,0,0
1622,2004-01-21,35.25396825396825,1,1,1,1,"gas,gold,oil,silver",349.1068389829426,5.855378004245492,0.0,0.01,5.468953075646268,1.6990872042668042,0.0,0.018,0.0,0,0
1623,2004-01-26,35.26587301587302,1,1,1,1,"gas,gold,oil,silver",341.5877827302171,5.833604696433553,0.0,0.01,5.314282127334607,1.6703979372596418,0.0,0.018,0.0,0,0
1624,2004-01-28,35.273809523809526,0,1,1,1,"gas,oil,silver",,,,,5.436281516287947,1.6930952823445817,0.0,0.018,0.0,0,0
1625,2004-02-02,35.285714285714285,1,1,1,1,"gas,gold,oil,silver",356.24449063165406,5.875617266569675,0.0,0.01,5.792058190725762,1.7564877017742735,0.0,0.018,0.0,0,0
1626,2004-02-05,35.29761904761905,1,1,1,1,"gas,gold,oil,silver",348.40974407471134,5.853379212654732,0.0,0.01,5.6010877649764454,1.7229608226240236,0.0,0.018,0.0,0,0
1627,2004-02-10,35.30952380952381,1,1,1,1,"gas,gold,oil,silver",344.07898891089354,5.8408712499420234,0.0,0.01,5.565156148708587,1.7165250434009913,0.0,0.018,0.0,0,0
1628,2004-02-13,35.32142857142857,1,1,0,1,"gold,oil,silver",342.5000261310047,5.836271733997181,0.0,0.01,5.237207533123501,1.6557884427580194,0.0,0.018,0.0,0,0
1629,2004-02-18,35.333333333333336,1,1,1,1,"gas,gold,oil,silver",335.186178298833,5.81468613356575,0.0,0.01,4.93248561985863,1.5958430435243989,0.0,0.018,0.0,0,0
1630,2004-02-23,35.345238095238095,1,0,1,1,"gas,gold,oil",336.97030278701646,5.819994804175645,0.0,0.01,,,,,0.0,0,0
1631,2004-02-26,35.357142857142854,1,1,1,1,"gas,gold,oil,silver",335.5494793582105,5.815769424995864,0.0,0.01,4.680546424269258,1.5434148604364406,0.0,0.018,0.0,0,0
1632,2004-03-01,35.36507936507937,1,1,1,1,"gas,gold,oil,silver",332.50184868814983,5.806645420044813,0.0,0.01,4.605790355704796,1.527314284883865,0.0,0.018,0.0,0,0
1633,2004-03-04,35.37698412698413,0,0,1,0,gas,,,,,,,,,0.0,0,0
1634,2004-03-09,35.388888888888886,0,0,0,1,oil,,,,,,,,,0.0,0,0
1635,2004-03-12,35.40079365079365,1,1,0,1,"gold,oil,silver",318.4406725679968,5.763436186289485,0.0,0.01,4.6834964264138295,1.5440449306506003,0.0,0.018,0.0,0,0
1636,2004-03-17,35.41269841269841,1,1,0,1,"gold,oil,silver",323.7940979086264,5.780107813494416,0.0,0.01,4.876214310011,1.5843691626652638,0.0,0.018,0.0,0,0
1637,2004-03-22,35.42460317460318,1,1,1,1,"gas,gold,oil,silver",326.9054250730267,5.789670909104932,0.0,0.01,4.936162121356672,1.5965881307469922,0.0,0.018,0.0,0,0
1638,2004-03-25,35.43650793650794,1,0,1,0,"gas,gold",336.5354981674373,5.818703635846081,0.0,0.01,,,,,0.0,0,0
1639,2004-03-30,35.448412698412696,0,1,1,1,"gas,oil,silver",,,,,5.036115630208896,1.6166350766430697,0.0,0.018,0.0,0,0
1640,2004-04-01,35.45634920634921,1,1,1,1,"gas,gold,oil,silver",328.39452447020926,5.794215704084245,0.0,0.01,4.843313880688056,1.5775991725305287,0.0,0.018,0.0,0,0
1641,2004-04-06,35.46825396825397,0,1,0,1,"oil,silver",,,,,4.8675295269927155,1.582586524397378,0.0,0.018,0.0,0,0
1642,2004-04-09,35.48015873015873,0,0,1,1,"gas,oil",,,,,,,,,0.0,0,0
1643,2004-04-14,35.492063492063494,1,1,1,1,"gas,gold,oil,silver",328.55792025093956,5.794713139737046,0.0,0.01,4.748316011464933,1.557790031285975,0.0,0.018,0.0,0,0
1644,2004-04-19,35.50396825396825,1,1,1,1,"gas,gold,oil,silver",320.0867500620588,5.7685920529983825,0.0,0.01,4.618977049766674,1.5301732627776863,0.0,0.018,0.0,0,0
1645,2004-04-22,35.51587301587302,1,1,1,1,"gas,gold,oil,silver",323.620893232331,5.7795727480949495,0.0,0.01,4.806221059565528,1.569911132836893,0.0,0.018,0.0,0,0
1646,2004-04-27,35.52777777777778,1,1,1,1,"gas,gold,oil,silver",325.7270762015066,5.786059841161878,0.0,0.01,4.770881302985088,1.5625310473699667,0.0,0.018,0.0,0,0
1647,2004-04-29,35.535714285714285,1,1,1,1,"gas,gold,oil,silver",327.9209566856119,5.792772593627823,0.0,0.01,4.8349994828688745,1.5758810219494865,0.0,0.018,0.0,0,0
1648,2004-05-04,35.54761904761905,1,1,0,1,"gold,oil,silver",327.39170764082826,5.791157336701886,0.0,0.01,4.8041797971924245,1.569486330077003,0.0,0.018,0.0,0,0
1649,2004-05-07,35.55952380952381,1,1,1,1,"gas,gold,oil,silver",331.02893064306005,5.802205775313046,0.0,0.01,4.903668142457465,1.5899835255565098,0.0,0.018,0.0,0,0
1650,2004-05-12,35.57142857142857,1,1,1,1,"gas,gold,oil,silver",328.66196328230535,5.7950297553320445,0.0,0.01,4.661280182682278,1.5392901277234563,0.0,0.018,0.0,0,0
1651,2004-05-17,35.583333333333336,1,1,1,0,"gas,gold,silver",319.383776399641,5.766393440501001,0.0,0.01,4.436496668195727,1.4898650262946025,0.0,0.018,0.0,0,0
1652,2004-05-20,35.595238095238095,0,1,1,1,"gas,oil,silver",,,,,4.409549283890443,1.4837724810362056,0.0,0.018,0.0,0,0
1653,2004-05-25,35.607142857142854,1,1,0,0,"gold,silver",322.33142367848,5.775580282295494,0.0,0.01,4.572941941365652,1.5201567486332972,0.0,0.018,0.0,0,0
1654,2004-05-28,35.61904761904762,1,1,1,1,"gas,gold,oil,silver",319.66310538498465,5.767267645543213,0.0,0.01,4.4627299073047455,1.4957606656228566,0.0,0.018,0.0,0,0
1655,2004-06-01,35.62698412698413,1,1,1,1,"gas,gold,oil,silver",325.72662761959043,5.7860584639898285,0.0,0.01,4.6321123667885304,1.533012998782268,0.0,0.018,0.0,0,0
1656,2004-06-04,35.638888888888886,0,1,1,1,"gas,oil,silver",,,,,4.523932986329565,1.5093817452196623,0.0,0.018,0.0,0,0
1657,2004-06-09,35.65079365079365,1,1,0,0,"gold,silver",324.53115279178724,5.782381533976228,0.0,0.01,4.830642842159087,1.5749795524230297,0.0,0.018,0.0,0,0
1658,2004-06-14,35.66269841269841,1,1,1,1,"gas,gold,oil,silver",328.8472197572585,5.795593265271172,0.0,0.01,4.881236780508119,1.5853986263836246,0.0,0.018,0.0,0,0
1659,2004-06-17,35.67460317460318,1,1,1,0,"gas,gold,silver",334.75767701662375,5.813406917890458,0.0,0.01,5.034086858886203,1.616232151011269,0.0,0.018,0.0,0,0
1660,2004-06-22,35.68650793650794,1,1,1,1,"gas,gold,oil,silver",346.1998809504549,5.847016298866992,0.0,0.01,5.27717194299394,1.663390337367012,0.0,0.018,0.0,0,0
1661,2004-06-25,35.698412698412696,0,1,1,1,"gas,oil,silver",,,,,5.006794381670871,1.610795866331386,0.0,0.018,0.0,0,0
1662,2004-06-30,35.71031746031746,1,1,1,1,"gas,gold,oil,silver",344.47359865138725,5.842017450801113,0.0,0.01,5.016529255575236,1.6127383112364018,0.0,0.018,0.0,0,0
1663,2004-07-02,35.71825396825397,1,1,0,1,"gold,oil,silver",345.04577045011007,5.843677076203076,0.0,0.01,5.166417055430935,1.642179422237959,0.0,0.018,0.0,0,0
1664,2004-07-07,35.73015873015873,1,1,1,1,"gas,gold,oil,silver",342.05342540943684,5.834966939509844,0.0,0.01,4.917054504157823,1.592709673208273,0.0,0.018,0.0,0,0
1665,2004-07-12,35.742063492063494,1,1,1,1,"gas,gold,oil,silver",351.1893527646885,5.8613255445721535,0.0,0.01,5.254034145637282,1.6589961902215373,0.0,0.018,0.0,0,0
1666,2004-07-15,35.75396825396825,1,1,1,1,"gas,gold,oil,silver",356.0298849225423,5.875014673740363,0.0,0.01,5.2076158295938555,1.6501221367464964,0.0,0.018,0.0,0,0
1667,2004-07-20,35.76587301587302,1,1,1,1,"gas,gold,oil,silver",352.47155474458583,5.864969923236205,0.0,0.01,5.112891376716432,1.6317650713418657,0.0,0.018,0.0,0,0
1668,2004-07-23,35.77777777777778,1,1,1,1,"gas,gold,oil,silver",358.5040340171123,5.881939912464825,0.0,0.01,5.252644608132305,1.6587316846540516,0.0,0.018,0.0,0,0
1669,2004-07-28,35.78968253968254,1,1,1,1,"gas,gold,oil,silver",351.0154156792156,5.860830141815446,0.0,0.01,5.082050158248007,1.6257147546343917,0.0,0.018,0.0,0,0
1670,2004-07-30,35.79761904761905,1,0,1,1,"gas,gold,oil",354.3317333778172,5.870233574267079,0.0,0.01,,,,,0.0,0,0
1671,2004-08-04,35.80952380952381,1,1,0,1,"gold,oil,silver",348.66896059552397,5.854122935080978,0.0,0.01,5.039086802242921,1.617224875635214,0.0,0.018,0.0,0,0
1672,2004-08-09,35.82142857142857,1,1,1,1,"gas,gold,oil,silver",362.7344558859376,5.893671040083772,0.0,0.01,5.253101225251931,1.6588186117751063,0.0,0.018,0.0,0,0
1673,2004-08-12,35.833333333333336,1,1,0,0,"gold,silver",353.26851393445776,5.867228430479893,0.0,0.01,5.0320276869873055,1.6158230215664893,0.0,0.018,0.0,0,0
1674,2004-08-17,35.845238095238095,1,0,1,1,"gas,gold,oil",342.532466653192,5.836366446357699,0.0,0.01,,,,,0.0,0,0
1675,2004-08-20,35.857142857142854,0,0,0,1,oil,,,,,,,,,0.0,0,0
1676,2004-08-25,35.86904761904762,1,1,1,1,"gas,gold,oil,silver",330.2748541074152,5.799925199033687,0.0,0.01,4.72464931660981,1.552793339484443,0.0,0.018,0.0,0,0
1677,2004-08-30,35.88095238095238,1,1,1,1,"gas,gold,oil,silver",331.07155201647885,5.802334521249936,0.0,0.01,4.692041563562757,1.5458677891413282,0.0,0.018,0.0,0,0
1678,2004-09-01,35.888888888888886,0,1,1,1,"gas,oil,silver",,,,,4.6555487618071725,1.5380597903131124,0.0,0.018,0.0,0,0
1679,2004-09-06,35.90079365079365,1,0,0,0,gold,325.2842587234456,5.784699442279099,0.0,0.01,,,,,0.0,0,0
1680,2004-09-09,35.91269841269841,1,1,0,1,"gold,oil,silver",333.09892062834956,5.808439504811164,0.0,0.01,4.713251258103945,1.5503779582336972,0.0,0.018,0.0,0,0
1681,2004-09-14,35.92460317460318,1,1,0,1,"gold,oil,silver",327.47334586216664,5.791406665082824,0.0,0.01,4.604965104102747,1.5271350918507074,0.0,0.018,0.0,0,0
1682,2004-09-17,35.93650793650794,0,1,1,1,"gas,oil,silver",,,,,4.678499989041621,1.5429775433915458,0.0,0.018,0.0,0,0
1683,2004-09-22,35.948412698412696,1,1,1,1,"gas,gold,oil,silver",326.6048314328286,5.788750973546447,0.0,0.01,4.6343121425192875,1.5334877829387397,0.0,0.018,0.0,0,0
1684,2004-09-27,35.96031746031746,1,1,1,1,"gas,gold,oil,silver",307.97200203323223,5.730008876352187,0.0,0.01,4.335614662164177,1.4668633907611428,0.0,0.018,0.0,0,0
1685,2004-09-30,35.97222222222222,0,1,1,1,"gas,oil,silver",,,,,4.412779434463788,1.4845047481780915,0.0,0.018,0.0,0,0
1686,2004-10-04,35.98015873015873,1,1,1,1,"gas,gold,oil,silver",310.11792985244244,5.736952644017123,0.0,0.01,4.211559781980179,1.4378330736102471,0.0,0.018,0.0,0,0
1687,2004-10-07,35.992063492063494,1,1,0,1,"gold,oil,silver",310.4530506627641,5.7380326843458525,0.0,0.01,4.151884100792757,1.4235622314067278,0.0,0.018,0.0,0,0
1688,2007-04-27,38.63492063492063,1,1,0,0,"gold,silver",324.77575699907044,5.783134965720649,0.0,0.01,4.579205294696562,1.5215254666285756,0.0,0.018,0.0,0,0
1689,2007-05-02,38.6468253968254,1,1,1,1,"gas,gold,oil,silver",321.66167612228213,5.773500297904768,0.0,0.01,4.604729205797104,1.527083863591059,0.0,0.018,0.0,0,0
1690,2007-05-07,38.65873015873016,1,1,1,1,"gas,gold,oil,silver",322.13315445695747,5.774964983225524,0.0,0.01,4.490202550689756,1.5018978122488644,0.0,0.018,0.0,0,0
1691,2007-05-10,38.67063492063492,1,1,1,1,"gas,gold,oil,silver",321.0904776668191,5.771722945304818,0.0,0.01,4.501616528811493,1.5044365608938959,0.0,0.018,0.0,0,0
1692,2007-05-15,38.682539682539684,1,0,1,1,"gas,gold,oil",318.88968434860783,5.764845225887322,0.0,0.01,,,,,0.0,0,0
1693,2007-05-17,38.69047619047619,1,1,1,1,"gas,gold,oil,silver",312.166850343325,5.743537821608786,0.0,0.01,4.231734499900849,1.4426119562696682,0.0,0.018,0.0,0,0
1694,2007-05-22,38.70238095238095,0,1,1,0,"gas,silver",,,,,4.286494127005404,1.4554691790215168,0.0,0.018,0.0,0,0
1695,2007-05-25,38.714285714285715,1,1,1,1,"gas,gold,oil,silver",324.90226913676935,5.7835244267589125,0.0,0.01,4.433779101418989,1.4892522906971204,0.0,0.018,0.0,0,0
1696,2007-05-30,38.726190476190474,1,1,1,1,"gas,gold,oil,silver",326.96757396409765,5.789861003791055,0.0,0.01,4.514310807772499,1.507252530205885,0.0,0.018,0.0,0,0
1697,2007-06-04,38.73809523809524,1,0,1,1,"gas,gold,oil",339.00079805018646,5.826002461508023,0.0,0.01,,,,,0.0,0,0
1698,2007-06-07,38.75,1,1,0,1,"gold,oil,silver",325.20946042476,5.784469468347566,0.0,0.01,4.640007283886337,1.5347159360400218,0.0,0.018,0.0,0,0
1699,2007-06-12,38.76190476190476,1,1,1,1,"gas,gold,oil,silver",328.6276797355,5.794925437404018,0.0,0.01,4.703142319450117,1.548230863923312,0.0,0.018,0.0,0,0
1700,2007-06-15,38.773809523809526,1,1,1,1,"gas,gold,oil,silver",325.5221644395277,5.78543055284658,0.0,0.01,4.7801155284911845,1.5644647153517108,0.0,0.018,0.0,0,0
1701,2007-06-19,38.78174603174603,0,1,1,0,"gas,silver",,,,,4.961833688127117,1.601775367603327,0.0,0.018,0.0,0,0
1702,2007-06-22,38.79365079365079,1,0,1,1,"gas,gold,oil",322.7138912620317,5.776766145116335,0.0,0.01,,,,,0.0,0,0
1703,2007-06-27,38.80555555555556,0,1,1,0,"gas,silver",,,,,4.584431471255756,1.5226661004750055,0.0,0.018,0.0,0,0
1704,2007-07-02,38.817460317460316,0,0,0,1,oil,,,,,,,,,0.0,0,0
1705,2010-02-25,41.567460317460316,1,1,1,0,"gas,gold,silver",498.88762922957784,6.212380878467316,0.0,0.01,4.925237801388985,1.5943725580043777,0.0,0.018,0.0,0,0
1706,2010-03-02,41.57936507936508,1,1,0,0,"gold,silver",489.43100201131796,6.193243495980818,0.0,0.01,4.8953102408280875,1.5882776531013922,0.0,0.018,0.0,0,0
1707,2010-03-05,41.59126984126984,1,1,1,1,"gas,gold,oil,silver",495.081262087592,6.204721914928474,0.0,0.01,5.147520128912848,1.638515070337193,0.0,0.018,0.0,0,0
1708,2010-03-10,41.6031746031746,1,1,0,1,"gold,oil,silver",485.22514390363386,6.184612997457686,0.0,0.01,4.9759882998540155,1.6046240041186026,0.0,0.018,0.0,0,0
1709,2010-03-12,41.611111111111114,1,1,1,1,"gas,gold,oil,silver",492.9972941696986,6.200503685528031,0.0,0.01,5.015165792369214,1.6124664801634074,0.0,0.018,0.0,0,0
1710,2010-03-17,41.62301587301587,1,1,1,1,"gas,gold,oil,silver",485.6313317878394,6.1854497594674696,0.0,0.01,5.0490887566519715,1.6192077827779179,0.0,0.018,0.0,0,0
1711,2010-03-22,41.63492063492063,1,1,1,1,"gas,gold,oil,silver",480.8577403112033,6.175571468171916,0.0,0.01,4.941914245479826,1.5977527552264352,0.0,0.018,0.0,0,0
1712,2010-06-22,41.8968253968254,1,1,1,1,"gas,gold,oil,silver",531.0798816308463,6.274912446143829,0.0,0.01,6.2896653191128005,1.8389078608885918,0.0,0.018,0.0,0,0
1713,2010-06-25,41.90873015873016,1,1,1,1,"gas,gold,oil,silver",538.147831206628,6.288133301611372,0.0,0.01,6.526024082414455,1.8757978883902555,0.0,0.018,0.0,0,0
1714,2010-06-30,41.92063492063492,1,1,1,0,"gas,gold,silver",541.9131639729615,6.295105774531974,0.0,0.01,6.657256428450201,1.8957074519983923,0.0,0.018,0.0,0,0
1715,2010-07-05,41.932539682539684,0,1,1,1,"gas,oil,silver",,,,,6.578546715880052,1.8838138570951979,0.0,0.018,0.0,0,0
1716,2010-07-08,41.94444444444444,1,1,1,1,"gas,gold,oil,silver",546.4137548637831,6.303376481555731,0.0,0.01,6.829762689864746,1.921289927717684,0.0,0.018,0.0,0,0
1717,2010-07-12,41.95238095238095,0,1,1,1,"gas,oil,silver",,,,,6.850909713242474,1.924381448309266,0.0,0.018,0.0,0,0
1718,2010-07-15,41.964285714285715,0,1,0,1,"oil,silver",,,,,7.097350003804165,1.9597214754754728,0.0,0.018,0.0,0,0
1719,2010-07-20,41.976190476190474,1,1,1,1,"gas,gold,oil,silver",565.1405197262047,6.337074407703871,0.0,0.01,6.9317674249628976,1.9361148203619079,0.0,0.018,0.0,0,0
1720,2010-07-23,41.98809523809524,1,1,1,1,"gas,gold,oil,silver",582.2406293352541,6.366883814749591,0.0,0.01,7.3371789791367155,1.9929544334832185,0.0,0.018,0.0,0,0
1721,2010-07-28,42.0,1,1,1,1,"gas,gold,oil,silver",583.0206408535785,6.368222590275359,0.0,0.01,7.472853715060185,2.011276949627451,0.0,0.018,0.0,0,0
1722,2010-08-02,42.01190476190476,1,1,1,1,"gas,gold,oil,silver",583.4394123573666,6.368940611472273,0.0,0.01,7.581938479167964,2.0257689029973838,0.0,0.018,0.0,0,0
1723,2010-08-05,42.023809523809526,1,1,1,0,"gas,gold,silver",574.7451470985392,6.35392672010793,0.0,0.01,7.300792801333151,1.9879829451798245,0.0,0.018,0.0,0,0
1724,2010-08-09,42.03174603174603,1,1,1,0,"gas,gold,silver",571.2990891815018,6.347912871438059,0.0,0.01,7.165785338805618,1.96931766292273,0.0,0.018,0.0,0,0
1725,2010-08-12,42.04365079365079,0,1,1,0,"gas,silver",,,,,7.439594393478396,2.0068163303533026,0.0,0.018,0.0,0,0
1726,2010-08-17,42.05555555555556,0,1,1,1,"gas,oil,silver",,,,,7.576796666416011,2.0250905069571115,0.0,0.018,0.0,0,0
1727,2010-08-20,42.067460317460316,0,1,1,1,"gas,oil,silver",,,,,7.572369481642139,2.02450602793607,0.0,0.018,0.0,0,0
1728,2010-08-25,42.07936507936508,0,0,0,1,oil,,,,,,,,,0.0,0,0
1729,2010-08-30,42.09126984126984,1,1,0,1,"gold,oil,silver",597.5996066998372,6.3929209756855885,0.0,0.01,7.360457611367153,1.9961221062654648,0.0,0.018,0.0,0,0
1730,2010-09-02,42.1031746031746,1,1,1,0,"gas,gold,silver",608.3534751371511,6.410756086614859,0.0,0.01,7.502502766488849,2.015236667074583,0.0,0.018,0.0,0,0
1731,2010-09-07,42.11507936507937,1,0,1,0,"gas,gold",616.6222346618435,6.424256574908685,0.0,0.01,,,,,0.0,0,0
1732,2010-09-09,42.12301587301587,1,1,1,1,"gas,gold,oil,silver",617.1973319137782,6.42518879759207,0.0,0.01,7.3713592244232595,1.9976021158484722,0.0,0.018,0.0,0,0
1733,2010-09-14,42.13492063492063,1,1,1,1,"gas,gold,oil,silver",630.7871645839788,6.446968507044163,0.0,0.01,7.7504456021899895,2.047750338769136,0.0,0.018,0.0,0,0
1734,2010-09-17,42.1468253968254,1,0,1,1,"gas,gold,oil",636.0742199072906,6.455315254498882,0.0,0.01,,,,,0.0,0,0
1735,2010-09-22,42.15873015873016,1,1,1,0,"gas,gold,silver",619.9698460423075,6.429670841440764,0.0,0.01,7.605161731284202,2.028827191926181,0.0,0.018,0.0,0,0
1736,2010-09-27,42.17063492063492,1,1,1,1,"gas,gold,oil,silver",613.5273464160717,6.41922483759288,0.0,0.01,7.662817242274841,2.0363797023334946,0.0,0.018,0.0,0,0
1737,2010-09-30,42.182539682539684,1,1,1,1,"gas,gold,oil,silver",609.1799392194705,6.412113690766846,0.0,0.01,7.624210248037926,2.0313287431015024,0.0,0.018,0.0,0,0
1738,2010-10-05,42.19444444444444,1,1,1,1,"gas,gold,oil,silver",616.1508586834981,6.423491834010521,0.0,0.01,7.761831148250314,2.0492182790706153,0.0,0.018,0.0,0,0
1739,2010-10-08,42.20634920634921,0,1,1,1,"gas,oil,silver",,,,,7.750071757568802,2.0477021023635267,0.0,0.018,0.0,0,0
1740,2010-10-12,42.214285714285715,1,0,1,0,"gas,gold",617.0317834400721,6.424920535447482,0.0,0.01,,,,,0.0,0,0
1741,2010-10-15,42.226190476190474,1,1,1,1,"gas,gold,oil,silver",600.5179110792237,6.397792468018144,0.0,0.01,7.322366160090044,1.990933521654456,0.0,0.018,0.0,0,0
1742,2010-10-20,42.23809523809524,1,1,1,1,"gas,gold,oil,silver",621.3607733280849,6.431911868683948,0.0,0.01,7.65242257111747,2.035022273670263,0.0,0.018,0.0,0,0
1743,2010-10-25,42.25,1,1,1,1,"gas,gold,oil,silver",608.5676842030941,6.411108137471254,0.0,0.01,7.561537582424516,2.023074553430323,0.0,0.018,0.0,0,0
1744,2010-10-28,42.26190476190476,0,1,1,1,"gas,oil,silver",,,,,7.975056073413407,2.0763186797952065,0.0,0.018,0.0,0,0
1745,2010-11-02,42.273809523809526,1,1,1,1,"gas,gold,oil,silver",623.5642966980197,6.435451882013497,0.0,0.01,7.881274237087395,2.0644895960110454,0.0,0.018,0.0,0,0
1746,2010-11-05,42.285714285714285,1,1,1,1,"gas,gold,oil,silver",614.4321770456099,6.420698551955629,0.0,0.01,7.746415801769065,2.0472302591986073,0.0,0.018,0.0,0,0
1747,2010-11-09,42.29365079365079,1,1,1,0,"gas,gold,silver",610.8484530584452,6.4148488974059115,0.0,0.01,7.597846297523861,2.027864825227291,0.0,0.018,0.0,0,0
1748,2010-11-12,42.30555555555556,0,0,1,1,"gas,oil",,,,,,,,,0.0,0,0
1749,2010-11-17,42.317460317460316,0,0,1,1,"gas,oil",,,,,,,,,0.0,0,0
1750,2010-11-22,42.32936507936508,1,1,1,1,"gas,gold,oil,silver",605.8338680034226,6.406605803275774,0.0,0.01,7.029923376327829,1.9501758062365486,0.0,0.018,0.0,0,0
1751,2010-11-25,42.34126984126984,1,1,1,1,"gas,gold,oil,silver",598.4663149712611,6.394370240993497,0.0,0.01,6.720602252841461,1.9051777714778908,0.0,0.018,0.0,0,0
1752,2010-11-30,42.3531746031746,0,1,1,1,"gas,oil,silver",,,,,6.185950869171044,1.8222807319699483,0.0,0.018,0.0,0,0
1753,2010-12-03,42.36507936507937,1,0,1,1,"gas,gold,oil",574.958038750659,6.354297062048656,0.0,0.01,,,,,0.0,0,0
1754,2010-12-08,42.37698412698413,1,1,1,0,"gas,gold,silver",559.9022433269483,6.3277622030032745,0.0,0.01,6.102494037883021,1.808697546288683,0.0,0.018,0.0,0,0
1755,2010-12-10,42.38492063492063,1,1,1,1,"gas,gold,oil,silver",565.5881662917803,6.337866191965644,0.0,0.01,6.23640173231176,1.8304033705945395,0.0,0.018,0.0,0,0
1756,2010-12-15,42.3968253968254,1,0,1,1,"gas,gold,oil",579.5005965401505,6.3621666921841955,0.0,0.01,,,,,0.0,0,0
1757,2010-12-20,42.40873015873016,1,1,0,1,"gold,oil,silver",558.207240736297,6.324730292598702,0.0,0.01,6.102857382528087,1.8087570848685497,0.0,0.018,0.0,0,0
1758,2010-12-23,42.42063492063492,1,1,1,0,"gas,gold,silver",564.0472333517586,6.335137995069054,0.0,0.01,6.1825845531755235,1.82173639653108,0.0,0.018,0.0,0,0
1759,2010-12-28,42.432539682539684,1,0,1,1,"gas,gold,oil",570.3225157237148,6.346202017873629,0.0,0.01,,,,,0.0,0,0
1760,2010-12-31,42.44444444444444,1,0,1,0,"gas,gold",564.5939628771099,6.336106823018881,0.0,0.01,,,,,0.0,0,0
1761,2011-01-05,42.45634920634921,1,1,1,0,"gas,gold,silver",565.0906655473568,6.33698618826783,0.0,0.01,5.932065244341217,1.780372422924104,0.0,0.018,0.0,0,0
1762,2011-01-10,42.46825396825397,1,1,1,1,"gas,gold,oil,silver",562.417603489186,6.332244640663047,0.0,0.01,5.8196575819800955,1.7612414253011932,0.0,0.018,0.0,0,0
1763,2011-01-12,42.476190476190474,1,0,1,1,"gas,gold,oil",566.4746981669628,6.339432416040722,0.0,0.01,,,,,0.0,0,0
1764,2011-01-17,42.48809523809524,1,1,1,1,"gas,gold,oil,silver",582.1936893856459,6.366803191997618,0.0,0.01,5.885189884318042,1.7724390060061606,0.0,0.018,0.0,0,0
1765,2011-01-20,42.5,1,1,1,1,"gas,gold,oil,silver",577.2134486651127,6.3582121264638864,0.0,0.01,5.768545551946803,1.7524199780250531,0.0,0.018,0.0,0,0
1766,2011-01-25,42.51190476190476,0,1,1,1,"gas,oil,silver",,,,,5.84617411185776,1.7657874493207713,0.0,0.018,0.0,0,0
1767,2011-01-28,42.523809523809526,1,1,1,1,"gas,gold,oil,silver",585.1251457740022,6.371825748753299,0.0,0.01,6.076513769789228,1.804431138398598,0.0,0.018,0.0,0,0
1768,2011-02-02,42.535714285714285,1,1,1,1,"gas,gold,oil,silver",584.1233062508537,6.37011210138164,0.0,0.01,5.970343903338642,1.7868045309947458,0.0,0.018,0.0,0,0
1769,2011-02-07,42.54761904761905,1,0,0,1,"gold,oil",579.0834416922667,6.361446580647795,0.0,0.01,,,,,0.0,0,0
1770,2011-02-10,42.55952380952381,0,1,0,1,"oil,silver",,,,,5.75882920575759,1.7507341911577918,0.0,0.018,0.0,0,0
1771,2011-02-14,42.567460317460316,0,1,1,1,"gas,oil,silver",,,,,5.7668868008271925,1.7521323856608804,0.0,0.018,0.0,0,0
1772,2011-02-17,42.57936507936508,1,1,1,1,"gas,gold,oil,silver",580.4116964864696,6.36373767326471,0.0,0.01,5.736118049865413,1.7467826836060127,0.0,0.018,0.0,0,0
1773,2011-02-22,42.59126984126984,1,1,0,0,"gold,silver",586.2573323197652,6.373758826837525,0.0,0.01,5.646528360028772,1.73104090675443,0.0,0.018,0.0,0,0
1774,2011-02-25,42.6031746031746,1,1,0,1,"gold,oil,silver",584.0396780151311,6.369968922327018,0.0,0.01,5.655388645815003,1.7326088332569554,0.0,0.018,0.0,0,0
1775,2011-03-02,42.61507936507937,0,0,0,1,oil,,,,,,,,,0.0,0,0
1776,2011-03-07,42.62698412698413,1,1,1,1,"gas,gold,oil,silver",586.9077109370718,6.37486758589521,0.0,0.01,5.62919261073635,1.7279660234726675,0.0,0.018,0.0,0,0
1777,2011-03-10,42.638888888888886,1,1,1,1,"gas,gold,oil,silver",570.8816425278936,6.347181907133363,0.0,0.01,5.489510880905841,1.7028391588212697,0.0,0.018,0.0,0,0
1778,2011-03-14,42.6468253968254,1,1,1,1,"gas,gold,oil,silver",576.0001364412792,6.356107897573084,0.0,0.01,5.573275828178825,1.717983001024718,0.0,0.018,0.0,0,0
1779,2011-03-17,42.65873015873016,1,0,1,0,"gas,gold",572.1496715863838,6.3494006207644045,0.0,0.01,,,,,0.0,0,0
1780,2011-03-22,42.67063492063492,1,1,0,1,"gold,oil,silver",572.4923490462602,6.349999371227758,0.0,0.01,5.558002936605264,1.715238859676643,0.0,0.018,0.0,0,0
1781,2011-03-25,42.682539682539684,1,1,1,1,"gas,gold,oil,silver",572.6731729745085,6.350315175233859,0.0,0.01,5.552092952602439,1.714174965247791,0.0,0.018,0.0,0,0
1782,2011-03-30,42.69444444444444,1,1,1,1,"gas,gold,oil,silver",571.238260081057,6.3478063907168085,0.0,0.01,5.566255241956072,1.7167225193925766,0.0,0.018,0.0,0,0
1783,2011-04-04,42.70634920634921,1,1,0,1,"gold,oil,silver",567.3047170343038,6.340896579183029,0.0,0.01,5.580864188584096,1.7193436369078214,0.0,0.018,0.0,0,0
1784,2011-04-07,42.71825396825397,1,1,0,0,"gold,silver",569.4034810520881,6.344589288369486,0.0,0.01,5.734556594276558,1.7465104318602451,0.0,0.018,0.0,0,0
1785,2011-04-12,42.73015873015873,0,1,1,1,"gas,oil,silver",,,,,5.828250728786481,1.7627169088191084,0.0,0.018,0.0,0,0
1786,2011-04-14,42.73809523809524,1,1,0,1,"gold,oil,silver",567.1376291471344,6.340602006454957,0.0,0.01,5.718132814423743,1.7436423210566956,0.0,0.018,0.0,0,0
1787,2011-04-19,42.75,1,1,1,1,"gas,gold,oil,silver",563.9817453137937,6.335021884509349,0.0,0.01,5.665803585551341,1.734448735355883,0.0,0.018,0.0,0,0
1788,2011-04-22,42.76190476190476,1,1,0,1,"gold,oil,silver",557.6006344297538,6.323642997232169,0.0,0.01,5.627199943652759,1.7276119727242099,0.0,0.018,0.0,0,0
1789,2011-04-27,42.773809523809526,1,1,1,1,"gas,gold,oil,silver",572.6984104100502,6.350359243789272,0.0,0.01,5.815751478135924,1.7605700085988272,0.0,0.018,0.0,0,0
1790,2011-05-02,42.785714285714285,0,0,1,1,"gas,oil",,,,,,,,,0.0,0,0
1791,2011-05-05,42.79761904761905,1,1,1,0,"gas,gold,silver",562.9767054147877,6.333238251466259,0.0,0.01,5.40442345349063,1.6872177762972018,0.0,0.018,0.0,0,0
1792,2011-05-10,42.80952380952381,1,1,1,1,"gas,gold,oil,silver",564.5311341314604,6.335995535534649,0.0,0.01,5.606945152321252,1.7240060350928446,0.0,0.018,0.0,0,0
1793,2011-05-13,42.82142857142857,1,1,1,1,"gas,gold,oil,silver",559.9994678337092,6.327935833431796,0.0,0.01,5.594330247792162,1.7217536291101718,0.0,0.018,0.0,0,0
1794,2011-05-17,42.82936507936508,1,1,0,1,"gold,oil,silver",551.646303060503,6.312907085580493,0.0,0.01,5.498968521463386,1.7045605330981977,0.0,0.018,0.0,0,0
1795,2011-05-20,42.84126984126984,1,0,1,1,"gas,gold,oil",541.979705682787,6.295228557348933,0.0,0.01,,,,,0.0,0,0
1796,2011-05-25,42.8531746031746,0,1,0,1,"oil,silver",,,,,5.29721670749938,1.667181533090349,0.0,0.018,0.0,0,0
1797,2011-05-30,42.86507936507937,1,1,1,1,"gas,gold,oil,silver",539.7667120126915,6.291137031421733,0.0,0.01,5.498429425117735,1.7044624923891678,0.0,0.018,0.0,0,0
1798,2011-06-02,42.87698412698413,1,1,1,1,"gas,gold,oil,silver",528.6953667360457,6.2704123997001595,0.0,0.01,5.370518621716789,1.6809244814583488,0.0,0.018,0.0,0,0
1799,2011-06-07,42.888888888888886,1,1,1,1,"gas,gold,oil,silver",531.2832295598795,6.275295268042245,0.0,0.01,5.351507136202653,1.6773782289371817,0.0,0.018,0.0,0,0
1800,2011-06-10,42.90079365079365,0,1,1,1,"gas,oil,silver",,,,,5.396774667635774,1.6858014913540658,0.0,0.018,0.0,0,0
1801,2011-06-14,42.90873015873016,1,1,1,1,"gas,gold,oil,silver",528.7207788689187,6.270460464282838,0.0,0.01,5.384270576612433,1.683481846765468,0.0,0.018,0.0,0,0
1802,2011-06-17,42.92063492063492,1,1,1,1,"gas,gold,oil,silver",538.7657039892334,6.289280789929068,0.0,0.01,5.692504484662663,1.7391503067749754,0.0,0.018,0.0,0,0
1803,2011-06-22,42.932539682539684,0,1,1,1,"gas,oil,silver",,,,,5.575178844552093,1.7183243965719244,0.0,0.018,0.0,0,0
1804,2011-06-27,42.94444444444444,1,1,1,1,"gas,gold,oil,silver",542.004774309857,6.295274810090623,0.0,0.01,5.7715865932652415,1.7529470155581703,0.0,0.018,0.0,0,0
1805,2011-06-30,42.95634920634921,1,1,1,1,"gas,gold,oil,silver",530.2485058327637,6.273345775586534,0.0,0.01,5.7471600038550354,1.7487058204213275,0.0,0.018,0.0,0,0
1806,2011-07-05,42.96825396825397,1,1,1,1,"gas,gold,oil,silver",536.7165800565424,6.285470171302118,0.0,0.01,5.889017155304523,1.7730891170681453,0.0,0.018,0.0,0,0
1807,2011-07-08,42.98015873015873,1,1,1,1,"gas,gold,oil,silver",540.3707428285645,6.292255464776915,0.0,0.01,5.9186565601533685,1.778109490736334,0.0,0.018,0.0,0,0
1808,2011-07-13,42.992063492063494,1,1,1,1,"gas,gold,oil,silver",522.0502270503714,6.257763803656763,0.0,0.01,5.561335329265115,1.7158382465609952,0.0,0.018,0.0,0,0
1809,2011-07-15,43.0,1,1,1,1,"gas,gold,oil,silver",523.2805739234717,6.260117790433184,0.0,0.01,5.601152430386853,1.722972367709521,0.0,0.018,0.0,0,0
1810,2011-07-20,43.01190476190476,1,1,1,1,"gas,gold,oil,silver",513.5349629865707,6.2413181146584895,0.0,0.01,5.457094398188355,1.6969164866046609,0.0,0.018,0.0,0,0
1811,2011-07-25,43.023809523809526,1,1,1,0,"gas,gold,silver",515.9814325306645,6.246070781366438,0.0,0.01,5.3404424989957615,1.6753085145194704,0.0,0.018,0.0,0,0
1812,2011-07-28,43.035714285714285,1,1,1,1,"gas,gold,oil,silver",521.116420402753,6.25597347245834,0.0,0.01,5.467075167711399,1.6987437691710752,0.0,0.018,0.0,0,0
1813,2011-08-02,43.04761904761905,0,1,1,1,"gas,oil,silver",,,,,5.4214492198180055,1.6903631634411553,0.0,0.018,0.0,0,0
1814,2011-08-05,43.05952380952381,1,1,1,0,"gas,gold,silver",522.6768438019257,6.258963383612482,0.0,0.01,5.462462533262055,1.6978997014987913,0.0,0.018,0.0,0,0
1815,2011-08-10,43.07142857142857,1,1,0,1,"gold,oil,silver",520.4791289309629,6.254749789135728,0.0,0.01,5.494323427447634,1.703715455151795,0.0,0.018,0.0,0,0
1816,2011-08-15,43.083333333333336,1,1,1,1,"gas,gold,oil,silver",512.6543401169951,6.239601817123363,0.0,0.01,5.32482868540011,1.672380539322119,0.0,0.018,0.0,0,0
1817,2011-08-17,43.09126984126984,1,1,0,1,"gold,oil,silver",510.1235511623194,6.234652953559857,0.0,0.01,5.311896264226264,1.6699488834115848,0.0,0.018,0.0,0,0
1818,2011-08-22,43.1031746031746,1,0,1,1,"gas,gold,oil",511.77830459002297,6.237891532420826,0.0,0.01,,,,,0.0,0,0
1819,2011-08-25,43.11507936507937,1,1,1,1,"gas,gold,oil,silver",506.323933003702,6.227176648259013,0.0,0.01,5.202409554142919,1.6491218940586858,0.0,0.018,0.0,0,0
1820,2011-08-30,43.12698412698413,1,1,1,1,"gas,gold,oil,silver",508.50422488743544,6.231473523983962,0.0,0.01,5.067890785476481,1.622924712399636,0.0,0.018,0.0,0,0
1821,2011-09-02,43.138888888888886,1,1,1,1,"gas,gold,oil,silver",508.23518017822636,6.2309442935555,0.0,0.01,5.08005105300372,1.6253213113437734,0.0,0.018,0.0,0,0
1822,2011-09-07,43.15079365079365,1,1,1,1,"gas,gold,oil,silver",523.7153728748905,6.26094835520804,0.0,0.01,5.279255395739365,1.6637850642392054,0.0,0.018,0.0,0,0
1823,2011-09-12,43.16269841269841,1,1,1,1,"gas,gold,oil,silver",516.1676396438074,6.246431595749133,0.0,0.01,5.163249112587025,1.6415660543146007,0.0,0.018,0.0,0,0
1824,2011-09-15,43.17460317460318,1,1,1,1,"gas,gold,oil,silver",512.5581194286567,6.239414108346075,0.0,0.01,5.199804237812735,1.6486209783042576,0.0,0.018,0.0,0,0
1825,2011-09-19,43.182539682539684,1,0,1,1,"gas,gold,oil",519.5829328075997,6.253026437466368,0.0,0.01,,,,,0.0,0,0
1826,2011-09-22,43.19444444444444,1,1,1,0,"gas,gold,silver",508.9812735307436,6.23241122516792,0.0,0.01,5.096974295321781,1.628647088245675,0.0,0.018,0.0,0,0
1827,2011-09-27,43.20634920634921,1,1,1,1,"gas,gold,oil,silver",503.87013245140287,6.222318561160261,0.0,0.01,5.008191484944611,1.6110748688784509,0.0,0.018,0.0,0,0
1828,2011-09-30,43.21825396825397,1,1,0,1,"gold,oil,silver",497.33528142378765,6.209264409159884,0.0,0.01,4.9811590694398395,1.6056626088231145,0.0,0.018,0.0,0,0
1829,2011-10-05,43.23015873015873,1,1,1,1,"gas,gold,oil,silver",507.4368739491598,6.22937231687225,0.0,0.01,5.10748110503109,1.630706348247308,0.0,0.018,0.0,0,0
1830,2011-10-10,43.242063492063494,1,1,1,1,"gas,gold,oil,silver",519.6766059434468,6.25320670646099,0.0,0.01,5.327734484677172,1.6729260980393479,0.0,0.018,0.0,0,0
1831,2011-10-13,43.25396825396825,1,1,0,1,"gold,oil,silver",519.0954933282125,6.252087861092959,0.0,0.01,5.278036976486882,1.6635542438328106,0.0,0.018,0.0,0,0
1832,2011-10-17,43.26190476190476,1,1,0,1,"gold,oil,silver",525.4806240154824,6.264313318115793,0.0,0.01,5.338372049415598,1.6749207468329503,0.0,0.018,0.0,0,0
1833,2011-10-20,43.273809523809526,0,0,0,1,oil,,,,,,,,,0.0,0,0
1834,2011-10-25,43.285714285714285,1,1,1,0,"gas,gold,silver",524.7240028093091,6.262872415423583,0.0,0.01,5.260615065568855,1.660247952531186,0.0,0.018,0.0,0,0
1835,2011-10-28,43.29761904761905,1,1,0,1,"gold,oil,silver",529.7400272027198,6.2723863714926225,0.0,0.01,5.446185292604845,1.6949154172873289,0.0,0.018,0.0,0,0
1836,2011-11-02,43.30952380952381,0,1,1,1,"gas,oil,silver",,,,,5.6249747378251795,1.7272164570270976,0.0,0.018,0.0,0,0
1837,2011-11-07,43.32142857142857,0,0,1,0,gas,,,,,,,,,0.0,0,0
1838,2011-11-10,43.333333333333336,1,1,1,1,"gas,gold,oil,silver",526.1850068555673,6.265652874957317,0.0,0.01,5.493315951082095,1.7035320715634454,0.0,0.018,0.0,0,0
1839,2011-11-15,43.345238095238095,0,1,0,0,silver,,,,,5.440563847627435,1.6938827039576463,0.0,0.018,0.0,0,0
1840,2011-11-17,43.3531746031746,1,1,1,1,"gas,gold,oil,silver",531.3538809611599,6.2754282417558205,0.0,0.01,5.470080150422046,1.6992932690545188,0.0,0.018,0.0,0,0
1841,2011-11-22,43.36507936507937,1,1,1,1,"gas,gold,oil,silver",537.1357632131951,6.286250880457471,0.0,0.01,5.661483735282303,1.7336860019041553,0.0,0.018,0.0,0,0
1842,2011-11-25,43.37698412698413,1,1,1,1,"gas,gold,oil,silver",537.5744006326478,6.287067170204354,0.0,0.01,5.582520830832462,1.7196404361775135,0.0,0.018,0.0,0,0
1843,2011-11-30,43.388888888888886,0,1,1,0,"gas,silver",,,,,5.5955248298881965,1.7219671407405335,0.0,0.018,0.0,0,0
1844,2011-12-05,43.40079365079365,1,1,1,1,"gas,gold,oil,silver",529.78642640125,6.272473956278074,0.0,0.01,5.387390292706274,1.6840610919197516,0.0,0.018,0.0,0,0
1845,2011-12-08,43.41269841269841,1,1,1,1,"gas,gold,oil,silver",538.9329502075391,6.289591166524597,0.0,0.01,5.532450512218165,1.7106308479809043,0.0,0.018,0.0,0,0
1846,2011-12-13,43.42460317460318,1,1,1,1,"gas,gold,oil,silver",532.9978255031978,6.278517344426186,0.0,0.01,5.48119746110011,1.701323591888333,0.0,0.018,0.0,0,0
1847,2011-12-16,43.43650793650794,1,1,1,1,"gas,gold,oil,silver",529.9674429432977,6.272815576250493,0.0,0.01,5.34684906212988,1.6765074270530849,0.0,0.018,0.0,0,0
1848,2011-12-20,43.44444444444444,0,1,1,1,"gas,oil,silver",,,,,5.268381013708911,1.6617231073303445,0.0,0.018,0.0,0,0
1849,2011-12-23,43.45634920634921,1,1,1,1,"gas,gold,oil,silver",523.9515454696708,6.2613992095676565,0.0,0.01,5.370562140422322,1.680932584684923,0.0,0.018,0.0,0,0
1850,2011-12-28,43.46825396825397,1,1,1,1,"gas,gold,oil,silver",516.003466659494,6.246113483791348,0.0,0.01,5.270101572374753,1.6620496360629349,0.0,0.018,0.0,0,0
1851,2012-01-02,43.48015873015873,1,1,1,1,"gas,gold,oil,silver",511.77506883678547,6.237885209832632,0.0,0.01,5.172270136249425,1.6433116900656421,0.0,0.018,0.0,0,0
1852,2012-01-05,43.492063492063494,0,0,1,0,gas,,,,,,,,,0.0,0,0
1853,2012-01-10,43.50396825396825,1,0,1,1,"gas,gold,oil",511.3297160580049,6.237014619031993,0.0,0.01,,,,,0.0,0,0
1854,2012-01-13,43.51587301587302,1,0,0,1,"gold,oil",507.08514943055434,6.2286789370843465,0.0,0.01,,,,,0.0,0,0
1855,2012-01-17,43.523809523809526,0,1,0,1,"oil,silver",,,,,4.769296108133198,1.5621987275821543,0.0,0.018,0.0,0,0
1856,2012-01-20,43.535714285714285,1,1,1,0,"gas,gold,silver",491.2839724681097,6.197022315943732,0.0,0.01,4.7016894755074,1.5479219069986272,0.0,0.018,0.0,0,0
1857,2012-01-25,43.54761904761905,0,1,1,0,"gas,silver",,,,,4.709962072349482,1.5496798554161764,0.0,0.018,0.0,0,0
1858,2012-01-30,43.55952380952381,1,1,1,1,"gas,gold,oil,silver",488.3667628623,6.191066686813338,0.0,0.01,4.836008704778163,1.5760897327464107,0.0,0.018,0.0,0,0
1859,2012-02-02,43.57142857142857,1,0,1,1,"gas,gold,oil",480.3595981885824,6.174534986312373,0.0,0.01,,,,,0.0,0,0
1860,2012-02-07,43.583333333333336,1,0,1,1,"gas,gold,oil",496.45056117833235,6.207483903861344,0.0,0.01,,,,,0.0,0,0
1861,2012-02-10,43.595238095238095,1,1,1,1,"gas,gold,oil,silver",494.8593443473248,6.204273569355937,0.0,0.01,4.895334306109234,1.5882825690762357,0.0,0.018,0.0,0,0
1862,2012-02-15,43.607142857142854,1,1,1,1,"gas,gold,oil,silver",492.14922549518894,6.198781974357003,0.0,0.01,4.767217466337399,1.5617627943005654,0.0,0.018,0.0,0,0
1863,2012-02-17,43.61507936507937,1,1,1,0,"gas,gold,silver",495.58301843685484,6.205734884512684,0.0,0.01,4.711600216903894,1.5500275991386347,0.0,0.018,0.0,0,0
1864,2012-02-22,43.62698412698413,1,1,0,1,"gold,oil,silver",501.60254313025183,6.217808059342246,0.0,0.01,4.72588546704743,1.553054943821757,0.0,0.018,0.0,0,0
1865,2012-02-27,43.638888888888886,1,1,1,1,"gas,gold,oil,silver",498.3972808661144,6.211397511732266,0.0,0.01,4.807423509340404,1.5701612876605975,0.0,0.018,0.0,0,0
1866,2012-03-01,43.65079365079365,1,1,1,1,"gas,gold,oil,silver",489.6125570812935,6.193614378502582,0.0,0.01,4.6891486276496455,1.5452510366939631,0.0,0.018,0.0,0,0
1867,2012-03-06,43.66269841269841,1,1,1,1,"gas,gold,oil,silver",500.2022091959273,6.21501243505897,0.0,0.01,4.935851668770993,1.5965252352542627,0.0,0.018,0.0,0,0
1868,2012-03-09,43.67460317460318,1,1,1,1,"gas,gold,oil,silver",503.84669924575616,6.222272053639668,0.0,0.01,4.9529765775678705,1.599988724656472,0.0,0.018,0.0,0,0
1869,2012-03-14,43.68650793650794,1,1,1,1,"gas,gold,oil,silver",512.456647232598,6.2392161166689,0.0,0.01,5.14936553271333,1.6388735095548133,0.0,0.018,0.0,0,0
1870,2012-03-19,43.698412698412696,1,0,0,0,gold,512.8534102607387,6.239990054357398,0.0,0.01,,,,,0.0,0,0
1871,2012-03-21,43.70634920634921,1,1,1,1,"gas,gold,oil,silver",529.9502891204237,6.2727832080348165,0.0,0.01,5.543311248261012,1.7125920204508007,0.0,0.018,0.0,0,0
1872,2012-03-26,43.71825396825397,1,1,1,1,"gas,gold,oil,silver",544.3755337749258,6.299639328134279,0.0,0.01,5.823368975794375,1.7618789560878094,0.0,0.018,0.0,0,0
1873,2012-03-29,43.73015873015873,1,0,0,1,"gold,oil",538.9430524042122,6.28960991116062,0.0,0.01,,,,,0.0,0,0
1874,2012-04-03,43.742063492063494,1,1,1,1,"gas,gold,oil,silver",536.953359735938,6.28591123735875,0.0,0.01,5.628752657088136,1.7278878646900528,0.0,0.018,0.0,0,0
1875,2012-04-06,43.75396825396825,1,1,1,1,"gas,gold,oil,silver",536.736109409699,6.285506557354993,0.0,0.01,5.584399767132181,1.7199769544326524,0.0,0.018,0.0,0,0
1876,2012-04-11,43.76587301587302,1,0,0,1,"gold,oil",528.9084457095536,6.270815346387536,0.0,0.01,,,,,0.0,0,0
1877,2012-04-16,43.77777777777778,1,0,1,1,"gas,gold,oil",516.0705488014615,6.246243478619348,0.0,0.01,,,,,0.0,0,0
1878,2012-04-19,43.78968253968254,1,0,1,1,"gas,gold,oil",527.436475457992,6.268028432426415,0.0,0.01,,,,,0.0,0,0
1879,2012-04-23,43.79761904761905,0,1,1,1,"gas,oil,silver",,,,,5.629578979062765,1.728034657661306,0.0,0.018,0.0,0,0
1880,2012-04-26,43.80952380952381,0,1,1,1,"gas,oil,silver",,,,,5.585457723778321,1.7201663850767164,0.0,0.018,0.0,0,0
1881,2012-05-01,43.82142857142857,0,1,0,1,"oil,silver",,,,,5.667538710181869,1.7347549335803447,0.0,0.018,0.0,0,0
1882,2012-05-04,43.833333333333336,1,1,1,1,"gas,gold,oil,silver",540.674855467859,6.292818091640751,0.0,0.01,5.786154982819954,1.7554679920265184,0.0,0.018,0.0,0,0
1883,2012-05-09,43.845238095238095,1,1,1,0,"gas,gold,silver",539.9990772738292,6.291567430804692,0.0,0.01,5.7481718215624795,1.7488818601782348,0.0,0.018,0.0,0,0
1884,2012-05-14,43.857142857142854,1,0,0,1,"gold,oil",555.1234094941211,6.319190448477103,0.0,0.01,,,,,0.0,0,0
1885,2012-05-17,43.86904761904762,1,1,1,1,"gas,gold,oil,silver",562.4147195284093,6.332239512857386,0.0,0.01,6.06230639239593,1.8020903204787617,0.0,0.018,0.0,0,0
1886,2012-05-21,43.87698412698413,0,1,1,1,"gas,oil,silver",,,,,5.926702790581802,1.779468036547859,0.0,0.018,0.0,0,0
1887,2012-05-24,43.888888888888886,1,1,1,1,"gas,gold,oil,silver",554.8517871446844,6.318701027892425,0.0,0.01,5.956055093165196,1.7844083648067173,0.0,0.018,0.0,0,0
1888,2012-05-29,43.90079365079365,1,0,0,1,"gold,oil",549.6020862935733,6.30919453692272,0.0,0.01,,,,,0.0,0,0
1889,2012-06-01,43.91269841269841,1,1,1,1,"gas,gold,oil,silver",549.1999459514731,6.308462575480616,0.0,0.01,5.773472959170476,1.7532737987875602,0.0,0.018,0.0,0,0
1890,2012-06-06,43.92460317460318,0,0,1,1,"gas,oil",,,,,,,,,0.0,0,0
1891,2012-06-11,43.93650793650794,1,1,1,1,"gas,gold,oil,silver",551.4884446340556,6.312620885861275,0.0,0.01,5.842087825488557,1.765088237315156,0.0,0.018,0.0,0,0
1892,2012-06-14,43.948412698412696,1,1,1,1,"gas,gold,oil,silver",562.8053727196659,6.332933871604877,0.0,0.01,6.126222670703966,1.8125783562161981,0.0,0.018,0.0,0,0
1893,2012-06-19,43.96031746031746,1,0,1,0,"gas,gold",551.141641542872,6.3119918388092,0.0,0.01,,,,,0.0,0,0
1894,2012-06-21,43.96825396825397,1,1,1,1,"gas,gold,oil,silver",556.9930180549283,6.322552704938359,0.0,0.01,5.962314698231067,1.7854587778667221,0.0,0.018,0.0,0,0
1895,2012-06-26,43.98015873015873,1,1,1,1,"gas,gold,oil,silver",572.1453619670987,6.349393088407523,0.0,0.01,6.118021880994022,1.8112388222169258,0.0,0.018,0.0,0,0
1896,2012-06-29,43.992063492063494,1,1,0,1,"gold,oil,silver",583.1684242890552,6.368476037063165,0.0,0.01,6.314024302663923,1.8427732391407339,0.0,0.018,0.0,0,0
1897,2012-07-04,44.00396825396825,0,1,1,0,"gas,silver",,,,,6.383673112393058,1.8537436546374455,0.0,0.018,0.0,0,0
1898,2012-07-09,44.01587301587302,1,1,1,1,"gas,gold,oil,silver",601.4138469336881,6.399283294788352,0.0,0.01,6.611982499408582,1.8888835331628646,0.0,0.018,0.0,0,0
1899,2012-07-12,44.02777777777778,0,1,1,0,"gas,silver",,,,,6.524696859303229,1.875594493785202,0.0,0.018,0.0,0,0
1900,2012-07-17,44.03968253968254,1,1,1,1,"gas,gold,oil,silver",591.297002712651,6.382318433834825,0.0,0.01,6.131335057316634,1.8134125169882782,0.0,0.018,0.0,0,0
1901,2012-07-20,44.051587301587304,1,0,0,1,"gold,oil",592.4079261656825,6.384195462057145,0.0,0.01,,,,,0.0,0,0
1902,2012-07-24,44.05952380952381,1,1,1,1,"gas,gold,oil,silver",590.4505059294817,6.380885814900987,0.0,0.01,6.155227146618606,1.8173016633614134,0.0,0.018,0.0,0,0
1903,2012-07-27,44.07142857142857,1,0,1,1,"gas,gold,oil",609.7985752491218,6.413128698128207,0.0,0.01,,,,,0.0,0,0
1904,2012-08-01,44.083333333333336,1,1,1,1,"gas,gold,oil,silver",605.18547895364,6.405534987828658,0.0,0.01,6.409519401613494,1.857784291774363,0.0,0.018,0.0,0,0
1905,2012-08-06,44.095238095238095,0,1,1,1,"gas,oil,silver",,,,,6.345446851895957,1.8477375245172947,0.0,0.018,0.0,0,0
1906,2012-08-09,44.107142857142854,1,1,1,0,"gas,gold,silver",619.8175815391148,6.429425211422955,0.0,0.01,6.671230516311699,1.8978043281163826,0.0,0.018,0.0,0,0
1907,2012-08-14,44.11904761904762,1,1,1,1,"gas,gold,oil,silver",636.2170371481883,6.455539758504086,0.0,0.01,6.936151525682008,1.9367470855028799,0.0,0.018,0.0,0,0
1908,2012-08-17,44.13095238095238,1,1,1,1,"gas,gold,oil,silver",627.7985255015936,6.442219295729711,0.0,0.01,7.026369023032586,1.9496700749569176,0.0,0.018,0.0,0,0
1909,2012-08-21,44.138888888888886,1,1,1,1,"gas,gold,oil,silver",618.17544627316,6.426772310813405,0.0,0.01,6.653995197617601,1.8952174558673802,0.0,0.018,0.0,0,0
1910,2012-08-24,44.15079365079365,1,1,1,1,"gas,gold,oil,silver",635.2080424122748,6.453952571081166,0.0,0.01,6.969700336772678,1.9415722305587653,0.0,0.018,0.0,0,0
1911,2012-08-29,44.16269841269841,1,1,1,1,"gas,gold,oil,silver",635.4083587475739,6.45426787684422,0.0,0.01,6.951152848184329,1.9389075232571542,0.0,0.018,0.0,0,0
1912,2012-09-03,44.17460317460318,1,1,1,1,"gas,gold,oil,silver",619.0852926008483,6.428243054146815,0.0,0.01,6.694372090896334,1.9012671869772502,0.0,0.018,0.0,0,0
1913,2012-09-06,44.18650793650794,1,0,1,0,"gas,gold",589.2727221394445,6.378889102191905,0.0,0.01,,,,,0.0,0,0
1914,2012-09-11,44.198412698412696,1,1,0,1,"gold,oil,silver",591.462700420157,6.382598622123538,0.0,0.01,6.081218212105528,1.8052050397410697,0.0,0.018,0.0,0,0
1915,2012-09-14,44.21031746031746,1,0,1,1,"gas,gold,oil",591.2623832096333,6.382259883704591,0.0,0.01,,,,,0.0,0,0
1916,2012-09-19,44.22222222222222,1,0,1,1,"gas,gold,oil",585.2422660770727,6.372025891549955,0.0,0.01,,,,,0.0,0,0
1917,2012-09-21,44.23015873015873,0,1,1,1,"gas,oil,silver",,,,,5.261264146920722,1.660371329988688,0.0,0.018,0.0,0,0
1918,2012-09-26,44.242063492063494,0,1,0,0,silver,,,,,5.495779528145582,1.7039804391491882,0.0,0.018,0.0,0,0
1919,2012-10-01,44.25396825396825,1,1,1,1,"gas,gold,oil,silver",574.8076649042371,6.3540354890224275,0.0,0.01,5.536225889425946,1.7113130212087042,0.0,0.018,0.0,0,0
1920,2012-10-04,44.26587301587302,1,1,1,0,"gas,gold,silver",577.5882963182269,6.358861324766379,0.0,0.01,5.5844604695652995,1.7199878243749442,0.0,0.018,0.0,0,0
1921,2012-10-09,44.27777777777778,1,1,1,1,"gas,gold,oil,silver",592.2976788748842,6.384009344441684,0.0,0.01,5.689504178074286,1.7386231051628922,0.0,0.018,0.0,0,0
1922,2012-10-12,44.28968253968254,0,1,1,1,"gas,oil,silver",,,,,5.685700426490313,1.7379543256801528,0.0,0.018,0.0,0,0
1923,2012-10-17,44.301587301587304,1,1,1,1,"gas,gold,oil,silver",580.4518948041299,6.363806929149687,0.0,0.01,5.596256315643288,1.7220978591215705,0.0,0.018,0.0,0,0
1924,2012-10-22,44.31349206349206,1,1,1,1,"gas,gold,oil,silver",579.953718648463,6.362948304922956,0.0,0.01,5.695336074969578,1.739647607444131,0.0,0.018,0.0,0,0
1925,2012-10-24,44.32142857142857,1,1,1,1,"gas,gold,oil,silver",585.4211286288667,6.372331466242039,0.0,0.01,5.587455574113785,1.720524008966474,0.0,0.018,0.0,0,0
1926,2012-10-29,44.333333333333336,0,1,1,1,"gas,oil,silver",,,,,5.448138121340188,1.6952739211947416,0.0,0.018,0.0,0,0
1927,2012-11-01,44.345238095238095,0,1,0,0,silver,,,,,5.59688685710656,1.722210524787364,0.0,0.018,0.0,0,0
1928,2012-11-06,44.357142857142854,1,1,1,1,"gas,gold,oil,silver",605.552051345918,6.406140523536118,0.0,0.01,5.897739336219167,1.774569114133156,0.0,0.018,0.0,0,0
1929,2012-11-09,44.36904761904762,1,1,1,0,"gas,gold,silver",601.0718192267528,6.398714426941051,0.0,0.01,5.9338299239697365,1.7806698601787736,0.0,0.018,0.0,0,0
1930,2012-11-14,44.38095238095238,1,1,1,1,"gas,gold,oil,silver",600.3064831928052,6.39744033012086,0.0,0.01,5.831584598131974,1.7632887641400234,0.0,0.018,0.0,0,0
1931,2012-11-19,44.392857142857146,0,1,1,1,"gas,oil,silver",,,,,5.776942517260219,1.7538745664744326,0.0,0.018,0.0,0,0
1932,2012-11-22,44.404761904761905,1,0,1,1,"gas,gold,oil",620.1015578334378,6.429883267582055,0.0,0.01,,,,,0.0,0,0
1933,2012-11-26,44.41269841269841,1,0,1,1,"gas,gold,oil",637.8480786397288,6.458100133735079,0.0,0.01,,,,,0.0,0,0
1934,2012-11-29,44.42460317460318,1,1,1,0,"gas,gold,silver",614.0303566433679,6.420044367712231,0.0,0.01,6.127363137295593,1.8127645003560098,0.0,0.018,0.0,0,0
1935,2012-12-04,44.43650793650794,0,1,1,1,"gas,oil,silver",,,,,6.185629093514045,1.822228713447166,0.0,0.018,0.0,0,0
1936,2012-12-07,44.448412698412696,1,1,0,1,"gold,oil,silver",629.1396681356932,6.444353279961934,0.0,0.01,6.176360746287137,1.8207292220087077,0.0,0.018,0.0,0,0
1937,2012-12-12,44.46031746031746,0,1,1,1,"gas,oil,silver",,,,,6.164738470622484,1.818845714081851,0.0,0.018,0.0,0,0
1938,2012-12-17,44.47222222222222,1,1,1,1,"gas,gold,oil,silver",628.2518203385907,6.44294107389438,0.0,0.01,6.243483221449149,1.8315382352064582,0.0,0.018,0.0,0,0
1939,2012-12-20,44.48412698412698,1,1,1,1,"gas,gold,oil,silver",624.4803000755276,6.436919783952827,0.0,0.01,6.338578612123966,1.8466545496426778,0.0,0.018,0.0,0,0
1940,2014-07-14,46.09920634920635,1,0,0,1,"gold,oil",588.5394964843852,6.377644038270534,0.0,0.01,,,,,0.0,0,0
1941,2014-07-17,46.111111111111114,1,1,1,0,"gas,gold,silver",591.9179301589583,6.3833679937855266,0.0,0.01,3.8138141974364133,1.338629790059846,0.0,0.018,0.0,0,0
1942,2014-07-22,46.12301587301587,1,1,1,1,"gas,gold,oil,silver",590.2935838441873,6.380620012873981,0.0,0.01,3.8712095818921166,1.3535670116675282,0.0,0.018,0.0,0,0
1943,2014-07-25,46.13492063492063,1,1,1,1,"gas,gold,oil,silver",594.7811635071886,6.388193545468514,0.0,0.01,3.9336608341304053,1.3695705022518552,0.0,0.018,0.0,0,0
1944,2014-07-30,46.1468253968254,1,1,1,0,"gas,gold,silver",595.8307345366676,6.3899566242737595,0.0,0.01,3.9264638613720444,1.3677392400140573,0.0,0.018,0.0,0,0
1945,2014-08-04,46.15873015873016,1,1,1,0,"gas,gold,silver",579.840695515385,6.362753402909193,0.0,0.01,3.86722530617061,1.352537274742374,0.0,0.018,0.0,0,0
1946,2014-08-07,46.17063492063492,1,1,1,1,"gas,gold,oil,silver",585.6009924411101,6.3726386573879985,0.0,0.01,3.988102660915364,1.3833155942244701,0.0,0.018,0.0,0,0
1947,2014-08-12,46.182539682539684,1,1,1,1,"gas,gold,oil,silver",596.8890273784867,6.39173121232594,0.0,0.01,4.1021961897208925,1.411522486327268,0.0,0.018,0.0,0,0
1948,2014-08-14,46.19047619047619,1,1,0,1,"gold,oil,silver",589.6918078509932,6.379600040847886,0.0,0.01,4.022139902236156,1.3918140749911903,0.0,0.018,0.0,0,0
1949,2014-08-19,46.20238095238095,1,1,1,1,"gas,gold,oil,silver",589.0599068147609,6.378527887842462,0.0,0.01,4.045941053902141,1.397714169658244,0.0,0.018,0.0,0,0
1950,2014-08-22,46.214285714285715,1,1,1,0,"gas,gold,silver",592.757136786422,6.384784765001961,0.0,0.01,3.9752144386955663,1.3800786934928686,0.0,0.018,0.0,0,0
1951,2014-08-27,46.226190476190474,1,1,1,1,"gas,gold,oil,silver",588.2355960969824,6.377127541284705,0.0,0.01,4.052708791525303,1.3993854949600433,0.0,0.018,0.0,0,0
1952,2014-09-01,46.23809523809524,1,1,1,1,"gas,gold,oil,silver",598.1593339990562,6.393857163274991,0.0,0.01,4.217921547149798,1.4393424823458658,0.0,0.018,0.0,0,0
1953,2014-09-04,46.25,1,1,1,0,"gas,gold,silver",619.8069554507293,6.429408067379628,0.0,0.01,4.6150135063987285,1.5293147945808099,0.0,0.018,0.0,0,0
1954,2014-09-09,46.26190476190476,1,1,1,1,"gas,gold,oil,silver",621.7649583727981,6.4325621408947935,0.0,0.01,4.74733013748496,1.5575823837034828,0.0,0.018,0.0,0,0
1955,2014-09-12,46.273809523809526,1,1,1,1,"gas,gold,oil,silver",626.5678149535427,6.440257012617882,0.0,0.01,4.823299612603381,1.5734582607836118,0.0,0.018,0.0,0,0
1956,2014-09-16,46.28174603174603,1,1,1,1,"gas,gold,oil,silver",623.6658110476886,6.435614665687917,0.0,0.01,4.779187245603921,1.5642704997457992,0.0,0.018,0.0,0,0
1957,2014-09-19,46.29365079365079,1,1,1,1,"gas,gold,oil,silver",597.6855132364749,6.3930647180201206,0.0,0.01,4.469221095766699,1.4972141419355884,0.0,0.018,0.0,0,0
1958,2014-09-24,46.30555555555556,0,1,1,1,"gas,oil,silver",,,,,4.431247970062456,1.488681253202276,0.0,0.018,0.0,0,0
1959,2014-09-29,46.317460317460316,1,1,0,0,"gold,silver",576.9389230217001,6.357736408256613,0.0,0.01,4.31332306591696,1.461708620011617,0.0,0.018,0.0,0,0
1960,2014-10-02,46.32936507936508,1,1,1,1,"gas,gold,oil,silver",560.2773735138203,6.328431970949871,0.0,0.01,4.132287202687051,1.4188310557845516,0.0,0.018,0.0,0,0
1961,2014-10-07,46.34126984126984,1,1,1,1,"gas,gold,oil,silver",576.8645470926464,6.357607485210213,0.0,0.01,4.306304761238728,1.4600801723872139,0.0,0.018,0.0,0,0
1962,2014-10-10,46.3531746031746,1,1,1,0,"gas,gold,silver",570.0942449715062,6.345801689216379,0.0,0.01,4.155519386248299,1.424437423202396,0.0,0.018,0.0,0,0
1963,2014-10-14,46.361111111111114,1,1,1,1,"gas,gold,oil,silver",570.8390786172287,6.347107346148533,0.0,0.01,4.167135847549254,1.4272289527126785,0.0,0.018,0.0,0,0
1964,2014-10-17,46.37301587301587,1,1,1,1,"gas,gold,oil,silver",568.1335353857082,6.342356488600112,0.0,0.01,4.0516995304185555,1.3991364302357914,0.0,0.018,0.0,0,0
1965,2014-10-22,46.38492063492063,1,0,1,1,"gas,gold,oil",567.1804310246661,6.3406774736084035,0.0,0.01,,,,,0.0,0,0
1966,2014-10-27,46.3968253968254,1,1,1,1,"gas,gold,oil,silver",561.2038713626381,6.330084246569869,0.0,0.01,3.9851280130952667,1.3825694354640556,0.0,0.018,0.0,0,0
1967,2014-10-30,46.40873015873016,0,1,1,1,"gas,oil,silver",,,,,3.9978133404521685,1.3857475467572056,0.0,0.018,0.0,0,0
1968,2014-11-04,46.42063492063492,0,0,0,1,oil,,,,,,,,,0.0,0,0
1969,2014-11-07,46.432539682539684,0,1,1,0,"gas,silver",,,,,4.103247656182094,1.4117787714196295,0.0,0.018,0.0,0,0
1970,2014-11-12,46.44444444444444,1,1,1,1,"gas,gold,oil,silver",556.4077578208128,6.321501402836366,0.0,0.01,3.8091941659381527,1.3374176617651625,0.0,0.018,0.0,0,0
1971,2014-11-14,46.45238095238095,1,1,1,1,"gas,gold,oil,silver",550.5710219227677,6.310955961324894,0.0,0.01,3.741189180225477,1.3194035235141701,0.0,0.018,0.0,0,0
1972,2014-11-19,46.464285714285715,1,1,1,1,"gas,gold,oil,silver",553.996260451266,6.3171579366365345,0.0,0.01,3.752009898078409,1.322291669221098,0.0,0.018,0.0,0,0
1973,2014-11-24,46.476190476190474,0,1,0,0,silver,,,,,3.697073828836888,1.3075416496866343,0.0,0.018,0.0,0,0
1974,2014-11-27,46.48809523809524,1,1,1,1,"gas,gold,oil,silver",555.0924456912588,6.319134668688469,0.0,0.01,3.771921500381327,1.3275845534150292,0.0,0.018,0.0,0,0
1975,2014-12-02,46.5,1,1,0,0,"gold,silver",561.9304286433025,6.331378049781134,0.0,0.01,3.9698640997236216,1.3787318623055254,0.0,0.018,0.0,0,0
1976,2014-12-05,46.51190476190476,1,1,1,0,"gas,gold,silver",571.6061327488726,6.348450175089956,0.0,0.01,4.141671077069877,1.4210993482001029,0.0,0.018,0.0,0,0
1977,2014-12-10,46.523809523809526,0,0,1,1,"gas,oil",,,,,,,,,0.0,0,0
1978,2014-12-15,46.535714285714285,0,1,1,0,"gas,silver",,,,,4.289587949334197,1.4561906792206671,0.0,0.018,0.0,0,0
1979,2014-12-17,46.54365079365079,1,1,1,1,"gas,gold,oil,silver",588.5960283110875,6.377740088089022,0.0,0.01,4.3243077695050625,1.4642520742803202,0.0,0.018,0.0,0,0
1980,2014-12-22,46.55555555555556,0,1,1,0,"gas,silver",,,,,4.545832532387469,1.5142108862976567,0.0,0.018,0.0,0,0
1981,2014-12-25,46.567460317460316,1,1,0,1,"gold,oil,silver",599.9717309707376,6.396882539057427,0.0,0.01,4.34040535790741,1.4679677441902594,0.0,0.018,0.0,0,0
1982,2014-12-30,46.57936507936508,1,1,1,1,"gas,gold,oil,silver",597.7227010348886,6.393126935759604,0.0,0.01,4.192121089064488,1.4332068323516722,0.0,0.018,0.0,0,0
1983,2015-01-02,46.59126984126984,1,1,1,1,"gas,gold,oil,silver",598.8266215143293,6.394972109664003,0.0,0.01,4.221861003851175,1.4402760270109507,0.0,0.018,0.0,0,0
1984,2015-01-07,46.6031746031746,1,0,1,1,"gas,gold,oil",606.6587326935276,6.407966413339512,0.0,0.01,,,,,0.0,0,0
1985,2015-01-12,46.61507936507937,1,0,1,0,"gas,gold",591.2235475996185,6.38219419901606,0.0,0.01,,,,,0.0,0,0
1986,2015-01-15,46.62698412698413,1,1,1,1,"gas,gold,oil,silver",599.7616841510982,6.396532383232578,0.0,0.01,4.076859037935991,1.4053268482911405,0.0,0.018,0.0,0,0
1987,2015-01-19,46.63492063492063,0,0,0,1,oil,,,,,,,,,0.0,0,0
1988,2015-01-22,46.6468253968254,0,1,1,1,"gas,oil,silver",,,,,3.87398702568701,1.354284215905115,0.0,0.018,0.0,0,0
1989,2015-01-27,46.65873015873016,0,1,1,1,"gas,oil,silver",,,,,3.866174746150956,1.3522655805279253,0.0,0.018,0.0,0,0
1990,2015-01-30,46.67063492063492,1,1,1,1,"gas,gold,oil,silver",595.7825855439434,6.389875811157728,0.0,0.01,3.973134764420474,1.3795553963227505,0.0,0.018,0.0,0,0
1991,2015-02-04,46.682539682539684,1,1,1,1,"gas,gold,oil,silver",606.3111467836395,6.407393297839642,0.0,0.01,3.8195017625689207,1.3401199854650487,0.0,0.018,0.0,0,0
1992,2015-02-09,46.69444444444444,0,1,1,1,"gas,oil,silver",,,,,3.7437314360543197,1.320082824219397,0.0,0.018,0.0,0,0
1993,2015-02-12,46.70634920634921,1,1,0,1,"gold,oil,silver",580.6087477891141,6.364077118285697,0.0,0.01,3.742829441941955,1.3198418606764757,0.0,0.018,0.0,0,0
1994,2015-02-16,46.714285714285715,0,1,1,1,"gas,oil,silver",,,,,3.819504871315177,1.3401207993787958,0.0,0.018,0.0,0,0
1995,2015-02-19,46.726190476190474,1,1,1,1,"gas,gold,oil,silver",589.5586368039038,6.379374183739654,0.0,0.01,3.8168206693725164,1.339417790572032,0.0,0.018,0.0,0,0
1996,2015-02-24,46.73809523809524,1,1,1,1,"gas,gold,oil,silver",575.8727086771726,6.355886644393679,0.0,0.01,3.6851318408930283,1.3043063027198891,0.0,0.018,0.0,0,0
1997,2015-02-27,46.75,1,1,0,1,"gold,oil,silver",576.0296200814856,6.356159083126315,0.0,0.01,3.6358655012247625,1.290847184768777,0.0,0.018,0.0,0,0
1998,2015-03-04,46.76190476190476,0,1,1,0,"gas,silver",,,,,3.672336650720268,1.3008281490352216,0.0,0.018,0.0,0,0
1999,2015-03-09,46.773809523809526,1,1,0,0,"gold,silver",598.3513944986819,6.394178197590357,0.0,0.01,3.9745540141143594,1.3799125441045823,0.0,0.018,0.0,0,0
2000,2015-03-12,46.785714285714285,1,1,1,1,"gas,gold,oil,silver",615.4993663269851,6.422433916098365,0.0,0.01,4.083918347142953,1.4070569067487182,0.0,0.018,0.0,0,0
2001,2015-03-17,46.79761904761905,1,1,1,1,"gas,gold,oil,silver",612.8887506990768,6.418183436104085,0.0,0.01,4.084681785267679,1.4072438269344474,0.0,0.018,0.0,0,0
2002,2015-03-19,46.80555555555556,1,1,1,1,"gas,gold,oil,silver",607.5469114646417,6.4094293927512815,0.0,0.01,4.086455150817618,1.4076778829517806,0.0,0.018,0.0,0,0
2003,2015-03-24,46.817460317460316,1,1,1,1,"gas,gold,oil,silver",622.5065381592755,6.433754131350815,0.0,0.01,4.255313611179826,1.4481684634643903,0.0,0.018,0.0,0,0
2004,2015-03-27,46.82936507936508,1,1,1,1,"gas,gold,oil,silver",619.9113545808243,6.429576491334484,0.0,0.01,4.266358339637958,1.450760615498929,0.0,0.018,0.0,0,0
2005,2015-04-01,46.84126984126984,1,1,1,0,"gas,gold,silver",618.2071966389068,6.426823670909627,0.0,0.01,4.3158189636735536,1.4622871011207788,0.0,0.018,0.0,0,0
2006,2015-04-06,46.8531746031746,0,1,1,1,"gas,oil,silver",,,,,4.315342050305107,1.462176591452807,0.0,0.018,0.0,0,0
2007,2015-04-09,46.86507936507937,1,0,1,1,"gas,gold,oil",610.2345085010778,6.413843323454872,0.0,0.01,,,,,0.0,0,0
2008,2015-04-14,46.87698412698413,0,1,0,1,"oil,silver",,,,,4.444888198402795,1.4917547164342015,0.0,0.018,0.0,0,0
2009,2015-04-17,46.888888888888886,1,1,1,1,"gas,gold,oil,silver",635.0765158605728,6.453745489051686,0.0,0.01,4.639141361598586,1.5345292977344298,0.0,0.018,0.0,0,0
2010,2015-04-21,46.8968253968254,1,1,1,1,"gas,gold,oil,silver",641.5572719290215,6.463898458214082,0.0,0.01,4.6910385717311325,1.5456540018090272,0.0,0.018,0.0,0,0
2011,2015-04-24,46.90873015873016,1,1,0,0,"gold,silver",644.1177285652299,6.467881517728049,0.0,0.01,4.595794944181202,1.5251417428426157,0.0,0.018,0.0,0,0
2012,2015-04-29,46.92063492063492,1,1,1,1,"gas,gold,oil,silver",648.1355035903803,6.474099784970708,0.0,0.01,4.533385940425333,1.511469108512153,0.0,0.018,0.0,0,0
2013,2015-05-04,46.932539682539684,0,1,0,1,"oil,silver",,,,,4.869110318565694,1.5829112342792147,0.0,0.018,0.0,0,0
2014,2015-05-07,46.94444444444444,1,0,0,1,"gold,oil",648.5914834371324,6.47480306310112,0.0,0.01,,,,,0.0,0,0
2015,2015-05-12,46.95634920634921,1,1,1,1,"gas,gold,oil,silver",648.7478942788127,6.475044188661825,0.0,0.01,4.682965207223399,1.543931500582389,0.0,0.018,0.0,0,0
2016,2015-05-15,46.96825396825397,1,1,1,1,"gas,gold,oil,silver",680.0694454218767,6.522194918576093,0.0,0.01,5.038182016817666,1.6170453060625587,0.0,0.018,0.0,0,0
2017,2015-05-19,46.976190476190474,1,1,1,1,"gas,gold,oil,silver",643.4930719840057,6.466911260830605,0.0,0.01,4.5790311072851,1.521487427118819,0.0,0.018,0.0,0,0
2018,2015-05-22,46.98809523809524,1,1,1,1,"gas,gold,oil,silver",663.4434788955361,6.497443663852123,0.0,0.01,4.714411992084738,1.550624198252216,0.0,0.018,0.0,0,0
2019,2015-05-27,47.0,1,1,1,1,"gas,gold,oil,silver",671.1283890260307,6.508960458498701,0.0,0.01,4.863154312400889,1.5816872628534038,0.0,0.018,0.0,0,0
2020,2015-06-01,47.01190476190476,1,1,1,1,"gas,gold,oil,silver",683.553824249889,6.527305401051677,0.0,0.01,5.012742702812004,1.6119832109741177,0.0,0.018,0.0,0,0
2021,2015-06-04,47.023809523809526,1,1,1,0,"gas,gold,silver",680.9608464325372,6.523504810271307,0.0,0.01,4.996862098432772,1.6088101351096988,0.0,0.018,0.0,0,0
2022,2015-06-09,47.035714285714285,1,1,1,1,"gas,gold,oil,silver",700.3535273911637,6.5515852466843,0.0,0.01,5.228362895288275,1.654098207141832,0.0,0.018,0.0,0,0
2023,2015-06-12,47.04761904761905,0,1,1,0,"gas,silver",,,,,5.198587254323577,1.6483869068143286,0.0,0.018,0.0,0,0
2024,2017-11-10,49.54761904761905,0,1,0,0,silver,,,,,4.9052764571283145,1.5903114537385754,0.0,0.018,0.0,0,0
2025,2017-11-14,49.55555555555556,1,0,1,1,"gas,gold,oil",774.4849552867882,6.6521982346027775,0.0,0.01,,,,,0.0,0,0
2026,2017-11-17,49.567460317460316,1,1,1,1,"gas,gold,oil,silver",779.8253706778523,6.659070010871587,0.0,0.01,4.753690864097158,1.5589213403401292,0.0,0.018,0.0,0,0
2027,2017-11-22,49.57936507936508,1,1,1,1,"gas,gold,oil,silver",786.8931200893107,6.668092432446815,0.0,0.01,4.9240040708799775,1.5941220350643466,0.0,0.018,0.0,0,0
2028,2017-11-27,49.59126984126984,1,1,1,1,"gas,gold,oil,silver",788.9023156270883,6.670642505357337,0.0,0.01,4.953700430610333,1.6001348590349629,0.0,0.018,0.0,0,0
2029,2017-11-30,49.6031746031746,1,1,1,1,"gas,gold,oil,silver",792.3167927267533,6.674961302656032,0.0,0.01,5.036996936795475,1.6168100586226646,0.0,0.018,0.0,0,0
2030,2017-12-05,49.61507936507937,1,0,1,1,"gas,gold,oil",792.5299068026557,6.675230242329819,0.0,0.01,,,,,0.0,0,0
2031,2018-07-06,50.22222222222222,1,1,0,1,"gold,oil,silver",888.99019511142,6.790086206332071,0.0,0.01,5.625800249941439,1.7273632046277987,0.0,0.018,0.0,0,0
2032,2018-07-11,50.23412698412698,1,1,1,1,"gas,gold,oil,silver",886.9068067796422,6.787739911152417,0.0,0.01,5.556707341703094,1.71500572811035,0.0,0.018,0.0,0,0
2033,2018-07-13,50.242063492063494,1,1,1,1,"gas,gold,oil,silver",903.5105708607778,6.806287809865088,0.0,0.01,5.764700464125788,1.7517531947173672,0.0,0.018,0.0,0,0
2034,2018-07-18,50.25396825396825,1,1,1,1,"gas,gold,oil,silver",902.8781341144394,6.805587587625614,0.0,0.01,5.623120853381752,1.7268868217665894,0.0,0.018,0.0,0,0
2035,2018-07-23,50.26587301587302,1,1,1,1,"gas,gold,oil,silver",924.4217737100864,6.82916843254741,0.0,0.01,5.914240147934166,1.7773630272907002,0.0,0.018,0.0,0,0
2036,2018-07-26,50.27777777777778,1,0,1,1,"gas,gold,oil",946.0024761404898,6.852245186533114,0.0,0.01,,,,,0.0,0,0
2037,2018-07-31,50.28968253968254,1,1,1,1,"gas,gold,oil,silver",936.9762619009165,6.842657947766938,0.0,0.01,5.929747864866577,1.7799816935334474,0.0,0.018,0.0,0,0
2038,2018-08-03,50.301587301587304,1,1,0,1,"gold,oil,silver",937.1089495878779,6.842799550386039,0.0,0.01,6.028807277838603,1.7965491931377666,0.0,0.018,0.0,0,0
2039,2018-08-08,50.31349206349206,1,1,1,1,"gas,gold,oil,silver",914.7777496664208,6.818681139231948,0.0,0.01,5.812411216378976,1.7599954961953503,0.0,0.018,0.0,0,0
2040,2018-08-13,50.32539682539682,0,1,1,1,"gas,oil,silver",,,,,6.155103130900953,1.817281515125767,0.0,0.018,0.0,0,0
2041,2018-08-15,50.333333333333336,1,1,1,0,"gas,gold,silver",919.5425034038996,6.823876267450119,0.0,0.01,6.052916076240235,1.8005401519927215,0.0,0.018,0.0,0,0
2042,2018-08-20,50.345238095238095,1,1,1,1,"gas,gold,oil,silver",896.7296487500518,6.798754421702738,0.0,0.01,5.818055140815493,1.760966037651936,0.0,0.018,0.0,0,0
2043,2018-08-23,50.357142857142854,1,1,1,0,"gas,gold,silver",902.7704262984112,6.8054682866514185,0.0,0.01,5.795702878348603,1.7571167599195532,0.0,0.018,0.0,0,0
2044,2018-08-28,50.36904761904762,1,1,1,1,"gas,gold,oil,silver",925.61028403272,6.830453286484036,0.0,0.01,6.0190214233792245,1.794924691851412,0.0,0.018,0.0,0,0
2045,2018-08-31,50.38095238095238,0,1,0,1,"oil,silver",,,,,5.929438020722805,1.7799294396693404,0.0,0.018,0.0,0,0
2046,2018-09-05,50.392857142857146,1,1,1,1,"gas,gold,oil,silver",913.7904673684368,6.817601297217062,0.0,0.01,5.909575705818608,1.776574036255112,0.0,0.018,0.0,0,0
2047,2018-09-10,50.404761904761905,1,1,1,1,"gas,gold,oil,silver",902.8572544571023,6.805564461693132,0.0,0.01,5.866640504808891,1.7692821539584778,0.0,0.018,0.0,0,0
2048,2018-09-12,50.41269841269841,0,1,1,1,"gas,oil,silver",,,,,5.762301941273716,1.7513370374542152,0.0,0.018,0.0,0,0
2049,2018-09-17,50.42460317460318,1,1,1,1,"gas,gold,oil,silver",915.0916591815724,6.819024234227376,0.0,0.01,6.054821132534706,1.8008548361120318,0.0,0.018,0.0,0,0
2050,2018-09-20,50.43650793650794,0,0,0,1,oil,,,,,,,,,0.0,0,0
2051,2018-09-25,50.448412698412696,1,1,1,1,"gas,gold,oil,silver",921.19291647595,6.825669478464024,0.0,0.01,6.078363813712273,1.804735550174796,0.0,0.018,0.0,0,0
2052,2018-09-28,50.46031746031746,1,1,1,1,"gas,gold,oil,silver",921.828741735951,6.826359459813286,0.0,0.01,6.063535164145556,1.8022929904127374,0.0,0.018,0.0,0,0
2053,2018-10-03,50.47222222222222,1,1,1,1,"gas,gold,oil,silver",943.8106476171619,6.849925560874297,0.0,0.01,6.328709686264851,1.8450963743452689,0.0,0.018,0.0,0,0
2054,2018-10-08,50.48412698412698,1,1,1,1,"gas,gold,oil,silver",942.4238960080838,6.848455169120931,0.0,0.01,6.069273332062492,1.8032388832530577,0.0,0.018,0.0,0,0
2055,2018-10-11,50.49603174603175,1,1,1,1,"gas,gold,oil,silver",931.0966552887872,6.836363090673219,0.0,0.01,5.815075044139517,1.760453691156404,0.0,0.018,0.0,0,0
2056,2018-10-15,50.50396825396825,0,1,1,1,"gas,oil,silver",,,,,5.645035947517459,1.730776565609243,0.0,0.018,0.0,0,0
2057,2018-10-18,50.51587301587302,1,1,1,1,"gas,gold,oil,silver",914.0925801563168,6.817931857524014,0.0,0.01,5.725961187826986,1.745010428418055,0.0,0.018,0.0,0,0
2058,2018-10-23,50.52777777777778,1,1,1,1,"gas,gold,oil,silver",920.05878501346,6.824437564755536,0.0,0.01,5.698783559207534,1.7402527413998632,0.0,0.018,0.0,0,0
2059,2018-10-26,50.53968253968254,1,1,1,1,"gas,gold,oil,silver",934.2737919618748,6.839769534417434,0.0,0.01,5.828543218903185,1.762767092449029,0.0,0.018,0.0,0,0
2060,2018-10-31,50.551587301587304,1,1,0,0,"gold,silver",937.3825860695765,6.843091508475406,0.0,0.01,5.857213692689735,1.7676740114497214,0.0,0.018,0.0,0,0
2061,2018-11-05,50.56349206349206,1,1,1,0,"gas,gold,silver",940.018237877357,6.845899277073022,0.0,0.01,5.972530137070668,1.7871706461775818,0.0,0.018,0.0,0,0
2062,2018-11-08,50.57539682539682,1,1,1,0,"gas,gold,silver",959.871193333079,6.866799101848422,0.0,0.01,6.09371547275227,1.8072579897380845,0.0,0.018,0.0,0,0
2063,2018-11-13,50.58730158730159,1,1,1,1,"gas,gold,oil,silver",939.220901057188,6.8450507029331,0.0,0.01,6.0167428433847645,1.7945460569810074,0.0,0.018,0.0,0,0
2064,2018-11-15,50.595238095238095,0,1,0,0,silver,,,,,5.953599115308931,1.7839959300125432,0.0,0.018,0.0,0,0
2065,2018-11-20,50.607142857142854,1,1,1,1,"gas,gold,oil,silver",921.4655418142117,6.825965382828747,0.0,0.01,5.916903880288884,1.7778133188928262,0.0,0.018,0.0,0,0
2066,2018-11-23,50.61904761904762,1,1,1,1,"gas,gold,oil,silver",921.3796734228896,6.825872191723304,0.0,0.01,5.876617237774109,1.7709812966638872,0.0,0.018,0.0,0,0
2067,2018-11-28,50.63095238095238,0,1,1,1,"gas,oil,silver",,,,,5.987104326569758,1.7896078773083055,0.0,0.018,0.0,0,0
2068,2018-12-03,50.642857142857146,1,1,1,1,"gas,gold,oil,silver",939.9688350290241,6.845846720489994,0.0,0.01,6.152690857938906,1.8168895240028864,0.0,0.018,0.0,0,0
2069,2018-12-06,50.654761904761905,1,1,1,1,"gas,gold,oil,silver",956.0548771558251,6.862815314286581,0.0,0.01,6.232111482648331,1.8297151971517591,0.0,0.018,0.0,0,0
2070,2018-12-11,50.666666666666664,0,1,0,1,"oil,silver",,,,,6.262518017439666,1.8345823434431185,0.0,0.018,0.0,0,0
2071,2018-12-13,50.67460317460318,1,1,1,0,"gas,gold,silver",948.6205623740013,6.855008889757148,0.0,0.01,6.332545972744488,1.845702362676972,0.0,0.018,0.0,0,0
2072,2018-12-18,50.68650793650794,1,1,0,1,"gold,oil,silver",966.4858199907587,6.873666627036111,0.0,0.01,6.471921226502983,1.8674730082518003,0.0,0.018,0.0,0,0
2073,2018-12-21,50.698412698412696,1,1,1,1,"gas,gold,oil,silver",989.2636284355493,6.89696085670392,0.0,0.01,6.610252029687949,1.8886217816825523,0.0,0.018,0.0,0,0
2074,2018-12-26,50.71031746031746,1,1,1,1,"gas,gold,oil,silver",987.9855166449279,6.895668038374152,0.0,0.01,6.549968569292036,1.8794602510542788,0.0,0.018,0.0,0,0
2075,2018-12-31,50.72222222222222,1,1,1,1,"gas,gold,oil,silver",997.8243696732173,6.905577278533398,0.0,0.01,6.590803789082824,1.8856753121058147,0.0,0.018,0.0,0,0
2076,2019-01-03,50.73412698412698,1,1,1,1,"gas,gold,oil,silver",945.1133274943318,6.851304843577947,0.0,0.01,6.045280432269797,1.799277873771514,0.0,0.018,0.0,0,0
2077,2019-01-08,50.74603174603175,1,1,0,0,"gold,silver",986.8562061822568,6.894524341061384,0.0,0.01,6.440454219535955,1.8625990686129132,0.0,0.018,0.0,0,0
2078,2019-01-11,50.757936507936506,0,1,1,1,"gas,oil,silver",,,,,6.4527708061215225,1.8645096209080245,0.0,0.018,0.0,0,0
2079,2019-01-15,50.76587301587302,1,1,1,0,"gas,gold,silver",1003.2053382008847,6.91095549103763,0.0,0.01,6.41733015109379,1.859002166890715,0.0,0.018,0.0,0,0
2080,2019-01-18,50.77777777777778,0,1,1,1,"gas,oil,silver",,,,,6.555752055928832,1.8803428407534815,0.0,0.018,0.0,0,0
2081,2019-01-23,50.78968253968254,1,1,0,1,"gold,oil,silver",1029.6140838447768,6.936939335136279,0.0,0.01,6.684710045926003,1.899822835780176,0.0,0.018,0.0,0,0
2082,2019-01-28,50.801587301587304,1,1,0,0,"gold,silver",1037.0049082399576,6.944091941333039,0.0,0.01,6.812439226142776,1.9187502390164002,0.0,0.018,0.0,0,0
2083,2019-01-31,50.81349206349206,1,1,1,1,"gas,gold,oil,silver",1031.4797163996548,6.938749668139248,0.0,0.01,6.7777280661564445,1.913641952308686,0.0,0.018,0.0,0,0
2084,2019-02-05,50.82539682539682,1,1,0,1,"gold,oil,silver",1034.777062328898,6.9419412837817935,0.0,0.01,7.083346517517838,1.9577464679972199,0.0,0.018,0.0,0,0
2085,2019-02-08,50.83730158730159,1,1,1,1,"gas,gold,oil,silver",1038.8717429389114,6.945890540687346,0.0,0.01,7.47106757009687,2.0110379032703753,0.0,0.018,0.0,0,0
2086,2019-02-13,50.84920634920635,1,1,1,1,"gas,gold,oil,silver",1052.5119154486183,6.958934886583777,0.0,0.01,7.499030674921441,2.0147737688458163,0.0,0.018,0.0,0,0
2087,2019-02-15,50.857142857142854,1,1,1,1,"gas,gold,oil,silver",1066.1414873157341,6.971801323231371,0.0,0.01,7.670124027814628,2.0373327857588053,0.0,0.018,0.0,0,0
2088,2019-02-20,50.86904761904762,1,1,0,1,"gold,oil,silver",1037.2076685637342,6.944287447161796,0.0,0.01,7.224810949132823,1.9775210674461647,0.0,0.018,0.0,0,0
2089,2019-02-25,50.88095238095238,1,1,1,1,"gas,gold,oil,silver",1018.2046707549182,6.925796228724379,0.0,0.01,7.038975807346622,1.9514626776754402,0.0,0.018,0.0,0,0
2090,2019-02-28,50.892857142857146,1,1,1,1,"gas,gold,oil,silver",1038.1315296972757,6.945177770242806,0.0,0.01,7.3007181188559365,1.9879727157621123,0.0,0.018,0.0,0,0
2091,2019-03-05,50.904761904761905,1,1,1,0,"gas,gold,silver",1012.6492231957469,6.920325169055262,0.0,0.01,6.981121060163047,1.943209514216367,0.0,0.018,0.0,0,0
2092,2019-03-08,50.916666666666664,1,1,1,1,"gas,gold,oil,silver",1036.3798020228392,6.943488959905652,0.0,0.01,7.3316606621322,1.9922020471459503,0.0,0.018,0.0,0,0
2093,2019-03-13,50.92857142857143,1,1,1,1,"gas,gold,oil,silver",1035.242779302921,6.942391247567178,0.0,0.01,7.399137015137324,2.0013633738334953,0.0,0.018,0.0,0,0
2094,2019-03-18,50.94047619047619,1,1,1,0,"gas,gold,silver",1027.7337616530513,6.935111425753437,0.0,0.01,7.191437738975049,1.9728911154389928,0.0,0.018,0.0,0,0
2095,2019-03-20,50.948412698412696,1,1,1,1,"gas,gold,oil,silver",1063.0747209344158,6.968920668378051,0.0,0.01,7.78438717794352,2.0521200838758262,0.0,0.018,0.0,0,0
2096,2019-03-25,50.96031746031746,1,1,1,1,"gas,gold,oil,silver",1049.823537884763,6.956377369870678,0.0,0.01,7.307255530335624,1.9888677628197144,0.0,0.018,0.0,0,0
2097,2019-03-28,50.97222222222222,1,1,1,1,"gas,gold,oil,silver",1046.2772078811138,6.952993626608796,0.0,0.01,7.291384861024475,1.9866934951978004,0.0,0.018,0.0,0,0
2098,2019-04-02,50.98412698412698,1,1,1,1,"gas,gold,oil,silver",1030.2393613776119,6.937546443912383,0.0,0.01,7.188504885879036,1.9724832065601896,0.0,0.018,0.0,0,0
2099,2019-04-05,50.99603174603175,1,1,1,1,"gas,gold,oil,silver",1011.7447976762157,6.919431641836371,0.0,0.01,7.167515145227832,1.9695590318150573,0.0,0.018,0.0,0,0
2100,2019-04-10,51.007936507936506,1,1,0,1,"gold,oil,silver",1010.3744633605435,6.918076296924874,0.0,0.01,7.086591593807829,1.958204490653526,0.0,0.018,0.0,0,0
2101,2019-04-15,51.01984126984127,1,1,1,1,"gas,gold,oil,silver",1011.7165515578691,6.919403723222201,0.0,0.01,7.1190276657740545,1.9627711523024214,0.0,0.018,0.0,0,0
2102,2019-04-17,51.02777777777778,1,0,1,1,"gas,gold,oil",1023.1853732091389,6.930675955018925,0.0,0.01,,,,,0.0,0,0
2103,2019-04-22,51.03968253968254,1,1,1,1,"gas,gold,oil,silver",987.8734463168427,6.895554598771118,0.0,0.01,6.839667534728664,1.9227391244193266,0.0,0.018,0.0,0,0
2104,2019-04-25,51.051587301587304,1,1,0,1,"gold,oil,silver",986.5307251040731,6.894194470546915,0.0,0.01,6.791690992362685,1.9156999521499758,0.0,0.018,0.0,0,0
2105,2019-04-30,51.06349206349206,1,1,1,1,"gas,gold,oil,silver",983.9028129246562,6.891527124821446,0.0,0.01,6.807347076304115,1.9180024813111247,0.0,0.018,0.0,0,0
2106,2019-05-03,51.07539682539682,1,1,1,1,"gas,gold,oil,silver",975.312352924591,6.882757781666847,0.0,0.01,6.7886045351595214,1.9152454027994037,0.0,0.018,0.0,0,0
2107,2019-05-08,51.08730158730159,0,1,1,1,"gas,oil,silver",,,,,7.033182192000848,1.950639262294034,0.0,0.018,0.0,0,0
2108,2019-05-13,51.09920634920635,1,1,1,0,"gas,gold,silver",1003.5821231223359,6.9113310015818605,0.0,0.01,6.810417728105166,1.91845345867741,0.0,0.018,0.0,0,0
2109,2019-05-16,51.111111111111114,1,1,1,1,"gas,gold,oil,silver",1008.89223695026,6.916608212816646,0.0,0.01,6.884215171650299,1.929231134637437,0.0,0.018,0.0,0,0
2110,2019-05-20,51.11904761904762,0,0,1,1,"gas,oil",,,,,,,,,0.0,0,0
2111,2019-05-23,51.13095238095238,1,1,1,1,"gas,gold,oil,silver",1015.381874038879,6.923020051299086,0.0,0.01,6.7777117773713655,1.913639549024799,0.0,0.018,0.0,0,0
2112,2019-05-28,51.142857142857146,1,1,1,1,"gas,gold,oil,silver",1009.9473637006488,6.917653493329391,0.0,0.01,6.6802121979018185,1.8991497531969876,0.0,0.018,0.0,0,0
2113,2019-05-31,51.154761904761905,1,1,1,1,"gas,gold,oil,silver",993.008791964444,6.900739517948015,0.0,0.01,6.302605023125059,1.8409630436658213,0.0,0.018,0.0,0,0
2114,2019-06-05,51.166666666666664,1,1,1,0,"gas,gold,silver",995.044898002514,6.90278785976117,0.0,0.01,6.282879189025179,1.837828345005033,0.0,0.018,0.0,0,0
2115,2019-06-10,51.17857142857143,1,0,1,1,"gas,gold,oil",984.3107275432395,6.891941627227853,0.0,0.01,,,,,0.0,0,0
2116,2019-06-13,51.19047619047619,0,1,1,1,"gas,oil,silver",,,,,6.676338793774163,1.8985697525308496,0.0,0.018,0.0,0,0
2117,2019-06-18,51.20238095238095,0,1,0,1,"oil,silver",,,,,6.6708204939371445,1.8977428649463843,0.0,0.018,0.0,0,0
2118,2019-06-20,51.21031746031746,0,1,0,1,"oil,silver",,,,,6.6888091261260865,1.9004358502419214,0.0,0.018,0.0,0,0
2119,2019-06-25,51.22222222222222,1,1,1,0,"gas,gold,silver",1018.3216976652561,6.925911156684342,0.0,0.01,6.663500977520616,1.8966450187354078,0.0,0.018,0.0,0,0
2120,2019-06-28,51.23412698412698,0,0,0,1,oil,,,,,,,,,0.0,0,0
2121,2019-07-03,51.24603174603175,1,1,1,1,"gas,gold,oil,silver",1047.568314698774,6.954226866565968,0.0,0.01,7.083778036606378,1.957807386370179,0.0,0.018,0.0,0,0
2122,2019-07-08,51.257936507936506,1,1,0,1,"gold,oil,silver",1046.6408049888453,6.953341081319543,0.0,0.01,6.941499608861575,1.9375178331448937,0.0,0.018,0.0,0,0
2123,2019-07-11,51.26984126984127,1,1,1,1,"gas,gold,oil,silver",1038.381477512775,6.945418508264517,0.0,0.01,6.745947950668348,1.9089420210253985,0.0,0.018,0.0,0,0
2124,2019-07-16,51.28174603174603,1,1,1,1,"gas,gold,oil,silver",1007.5796168616827,6.915306314878922,0.0,0.01,6.551385670852159,1.8796765800748785,0.0,0.018,0.0,0,0
2125,2019-07-18,51.28968253968254,1,1,0,1,"gold,oil,silver",1001.9687144257791,6.909722058029393,0.0,0.01,6.713003188096423,1.9040464198703142,0.0,0.018,0.0,0,0
2126,2019-07-23,51.301587301587304,0,1,0,1,"oil,silver",,,,,6.505077734731709,1.8725830618902561,0.0,0.018,0.0,0,0
2127,2019-07-26,51.31349206349206,0,1,1,1,"gas,oil,silver",,,,,6.624013909296188,1.8907015169141157,0.0,0.018,0.0,0,0
2128,2019-07-31,51.32539682539682,1,1,1,1,"gas,gold,oil,silver",1006.4038864144675,6.91413874763831,0.0,0.01,6.645476578588199,1.893936409471294,0.0,0.018,0.0,0,0
2129,2019-08-05,51.33730158730159,1,1,0,1,"gold,oil,silver",986.3601364460295,6.894021537860375,0.0,0.01,6.512753849591356,1.8737623851438394,0.0,0.018,0.0,0,0
2130,2019-08-08,51.34920634920635,1,1,1,1,"gas,gold,oil,silver",990.261924112255,6.897969477946574,0.0,0.01,6.456663405760121,1.8651126837057712,0.0,0.018,0.0,0,0
2131,2019-08-13,51.361111111111114,1,1,1,1,"gas,gold,oil,silver",977.2262232733725,6.884718174137501,0.0,0.01,6.268979124342559,1.835613522304242,0.0,0.018,0.0,0,0
2132,2019-08-16,51.37301587301587,1,0,0,1,"gold,oil",988.5812955973333,6.8962708806021595,0.0,0.01,,,,,0.0,0,0
2133,2019-08-20,51.38095238095238,1,1,1,1,"gas,gold,oil,silver",998.460049625339,6.9062141416651865,0.0,0.01,6.388106584092209,1.8544379152624464,0.0,0.018,0.0,0,0
2134,2019-08-23,51.392857142857146,1,1,1,0,"gas,gold,silver",1009.2049745938949,6.916918145999596,0.0,0.01,6.415806778223679,1.8587647544972128,0.0,0.018,0.0,0,0
2135,2019-08-28,51.404761904761905,0,1,1,1,"gas,oil,silver",,,,,6.154396178676577,1.8171666522532206,0.0,0.018,0.0,0,0
2136,2019-09-02,51.416666666666664,1,0,0,0,gold,998.5886314968805,6.906342913560368,0.0,0.01,,,,,0.0,0,0
2137,2019-09-05,51.42857142857143,1,0,0,1,"gold,oil",1017.7785232932025,6.9253776128250095,0.0,0.01,,,,,0.0,0,0
2138,2019-09-10,51.44047619047619,1,1,1,0,"gas,gold,silver",1020.5060280576051,6.92805388919728,0.0,0.01,6.335712203325266,1.8462022310255168,0.0,0.018,0.0,0,0
2139,2019-09-13,51.45238095238095,1,0,1,1,"gas,gold,oil",1020.3664665586474,6.927917122692225,0.0,0.01,,,,,0.0,0,0
2140,2019-09-18,51.464285714285715,1,1,1,1,"gas,gold,oil,silver",1004.584149582772,6.912328953352305,0.0,0.01,6.173772457113746,1.820310070381975,0.0,0.018,0.0,0,0
2141,2019-09-20,51.47222222222222,0,1,1,1,"gas,oil,silver",,,,,5.894021345640706,1.7739385058971204,0.0,0.018,0.0,0,0
2142,2019-09-25,51.48412698412698,1,1,0,1,"gold,oil,silver",999.6663404779639,6.907421563783378,0.0,0.01,5.89801358904876,1.7746156144000538,0.0,0.018,0.0,0,0
2143,2019-09-30,51.49603174603175,1,0,1,1,"gas,gold,oil",1030.3357147166391,6.937639964735977,0.0,0.01,,,,,0.0,0,0
2144,2019-10-03,51.507936507936506,1,1,1,0,"gas,gold,silver",1053.5564561091207,6.959926820901063,0.0,0.01,6.360197604211631,1.8500594467139693,0.0,0.018,0.0,0,0
2145,2019-10-08,51.51984126984127,1,0,1,1,"gas,gold,oil",1048.6879547119909,6.955295094850863,0.0,0.01,,,,,0.0,0,0
2146,2019-10-11,51.53174603174603,1,1,1,1,"gas,gold,oil,silver",1064.8163189815884,6.970557592828966,0.0,0.01,6.148887399008639,1.8162711547218038,0.0,0.018,0.0,0,0
2147,2019-10-16,51.54365079365079,1,1,1,1,"gas,gold,oil,silver",1077.9732169314254,6.982837906013196,0.0,0.01,6.200296549663421,1.824597121498074,0.0,0.018,0.0,0,0
2148,2019-10-21,51.55555555555556,1,0,1,0,"gas,gold",1107.7242706927718,7.010062983172774,0.0,0.01,,,,,0.0,0,0
2149,2019-10-23,51.56349206349206,1,1,1,1,"gas,gold,oil,silver",1082.685845989325,6.98720012734817,0.0,0.01,6.12823754173477,1.812907195024931,0.0,0.018,0.0,0,0
2150,2019-10-28,51.57539682539682,1,1,1,1,"gas,gold,oil,silver",1074.254556698691,6.979382264394948,0.0,0.01,6.021177948121908,1.7952829126248733,0.0,0.018,0.0,0,0
2151,2019-10-31,51.58730158730159,0,0,1,1,"gas,oil",,,,,,,,,0.0,0,0
2152,2019-11-05,51.59920634920635,1,1,1,1,"gas,gold,oil,silver",1104.6806770141468,7.007311592111369,0.0,0.01,6.11171885145763,1.8102080513719248,0.0,0.018,0.0,0,0
2153,2019-11-08,51.611111111111114,1,1,0,1,"gold,oil,silver",1130.8030278214958,7.030683303408259,0.0,0.01,6.2455467157142275,1.8318686842956569,0.0,0.018,0.0,0,0
2154,2019-11-13,51.62301587301587,1,1,1,1,"gas,gold,oil,silver",1157.423009170043,7.053951268992282,0.0,0.01,6.529436379683822,1.8763206271104984,0.0,0.018,0.0,0,0
2155,2019-11-18,51.63492063492063,1,1,1,1,"gas,gold,oil,silver",1175.3962899632684,7.0693606377700196,0.0,0.01,6.489246426962464,1.8701464110255954,0.0,0.018,0.0,0,0
2156,2019-11-20,51.642857142857146,1,1,1,0,"gas,gold,silver",1170.0315398897021,7.064785984599149,0.0,0.01,6.48958471226586,1.8701985398035792,0.0,0.018,0.0,0,0
2157,2019-11-25,51.654761904761905,1,1,0,0,"gold,silver",1162.2884261183995,7.058146121859741,0.0,0.01,6.499228819425039,1.8716835266975558,0.0,0.018,0.0,0,0
2158,2019-11-28,51.666666666666664,0,1,1,1,"gas,oil,silver",,,,,6.507495498724529,1.8729546661805476,0.0,0.018,0.0,0,0
2159,2019-12-03,51.67857142857143,1,1,1,0,"gas,gold,silver",1176.3940303190768,7.070209132133708,0.0,0.01,6.391857789528799,1.855024960020108,0.0,0.018,0.0,0,0
2160,2019-12-06,51.69047619047619,1,1,1,1,"gas,gold,oil,silver",1173.1189138493446,7.0674212193459365,0.0,0.01,6.435088660978039,1.8617656188829403,0.0,0.018,0.0,0,0
2161,2019-12-11,51.70238095238095,1,1,1,1,"gas,gold,oil,silver",1160.221491341259,7.056366206684964,0.0,0.01,6.200024953384202,1.824553316782334,0.0,0.018,0.0,0,0
2162,2019-12-16,51.714285714285715,1,1,1,1,"gas,gold,oil,silver",1178.3708062559995,7.071888090788585,0.0,0.01,6.402522558060156,1.8566920624059386,0.0,0.018,0.0,0,0
2163,2019-12-19,51.726190476190474,1,1,1,1,"gas,gold,oil,silver",1180.8841345296246,7.074018703450192,0.0,0.01,6.28258109966393,1.837780899172655,0.0,0.018,0.0,0,0
2164,2019-12-23,51.73412698412698,0,1,1,1,"gas,oil,silver",,,,,6.3563410373421485,1.8494529032045406,0.0,0.018,0.0,0,0
2165,2019-12-26,51.74603174603175,1,1,0,1,"gold,oil,silver",1169.33992174854,7.0641946991426465,0.0,0.01,6.154305010229917,1.8171518385949375,0.0,0.018,0.0,0,0
2166,2019-12-31,51.757936507936506,1,1,1,1,"gas,gold,oil,silver",1185.3174568014438,7.07776591372647,0.0,0.01,6.21046472124385,1.8262357274842222,0.0,0.018,0.0,0,0
2167,2020-01-03,51.76984126984127,0,0,0,1,oil,,,,,,,,,0.0,0,0
2168,2020-01-08,51.78174603174603,1,1,0,1,"gold,oil,silver",1243.5246973756716,7.125705124224895,0.0,0.01,6.5312407739697615,1.8765969365661554,0.0,0.018,0.0,0,0
2169,2020-01-13,51.79365079365079,1,1,1,1,"gas,gold,oil,silver",1274.4930637131242,7.150303781442101,0.0,0.01,6.6636671169428325,1.896669951177326,0.0,0.018,0.0,0,0
2170,2020-01-16,51.80555555555556,1,1,1,1,"gas,gold,oil,silver",1261.0880260125969,7.139730140041324,0.0,0.01,6.546962313431554,1.8790011731313365,0.0,0.018,0.0,0,0
2171,2020-01-21,51.817460317460316,0,0,0,1,oil,,,,,,,,,0.0,0,0
2172,2020-01-23,51.82539682539682,1,1,1,1,"gas,gold,oil,silver",1258.0761807519223,7.137338992463387,0.0,0.01,6.736831615969434,1.9075897277474274,0.0,0.018,0.0,0,0
2173,2020-01-28,51.83730158730159,1,1,1,1,"gas,gold,oil,silver",1224.6060429506629,7.110374473663937,0.0,0.01,6.335550483261439,1.8461767055403564,0.0,0.018,0.0,0,0
2174,2020-01-31,51.84920634920635,1,1,1,0,"gas,gold,silver",1259.9361403079363,7.138816316365844,0.0,0.01,6.6265335281418345,1.8910818210318,0.0,0.018,0.0,0,0
2175,2020-02-05,51.861111111111114,1,1,1,1,"gas,gold,oil,silver",1274.840591384458,7.150576423410948,0.0,0.01,6.83692219265027,1.9223376585319978,0.0,0.018,0.0,0,0
2176,2020-02-10,51.87301587301587,1,0,1,1,"gas,gold,oil",1268.112681742794,7.145284996776602,0.0,0.01,,,,,0.0,0,0
2177,2020-02-13,51.88492063492063,0,1,0,1,"oil,silver",,,,,7.0223105874298986,1.9490923073904107,0.0,0.018,0.0,0,0
2178,2020-02-18,51.8968253968254,1,1,1,1,"gas,gold,oil,silver",1255.4204062599647,7.135225780538614,0.0,0.01,6.964606802347579,1.9408411522782152,0.0,0.018,0.0,0,0
2179,2020-02-20,51.904761904761905,1,1,1,0,"gas,gold,silver",1267.9434303640858,7.1451515207244345,0.0,0.01,7.0931814599796095,1.959133964858961,0.0,0.018,0.0,0,0
2180,2020-02-25,51.916666666666664,1,1,1,1,"gas,gold,oil,silver",1259.0844991307229,7.138140147861047,0.0,0.01,6.994306304744236,1.94509643304168,0.0,0.018,0.0,0,0
2181,2020-02-28,51.92857142857143,1,1,1,1,"gas,gold,oil,silver",1242.419586506557,7.124816036767001,0.0,0.01,6.8183760070116275,1.9196213213607352,0.0,0.018,0.0,0,0
2182,2020-03-04,51.94047619047619,0,1,1,1,"gas,oil,silver",,,,,6.666843782567441,1.8971465519180908,0.0,0.018,0.0,0,0
2183,2020-03-09,51.95238095238095,1,1,1,1,"gas,gold,oil,silver",1217.8591872647798,7.104849831787483,0.0,0.01,6.887427703372596,1.9296976776359334,0.0,0.018,0.0,0,0
2184,2020-03-12,51.964285714285715,1,0,1,1,"gas,gold,oil",1190.1020668273827,7.08179435287068,0.0,0.01,,,,,0.0,0,0
2185,2020-03-17,51.976190476190474,1,1,1,1,"gas,gold,oil,silver",1172.423527089602,7.06682827609496,0.0,0.01,6.415958340054014,1.858788377409407,0.0,0.018,0.0,0,0
2186,2020-03-20,51.98809523809524,1,1,1,1,"gas,gold,oil,silver",1172.8726536188599,7.067211278070099,0.0,0.01,6.480573983876842,1.8688090842001772,0.0,0.018,0.0,0,0
2187,2020-03-24,51.99603174603175,1,1,1,1,"gas,gold,oil,silver",1185.053051795283,7.077542822014606,0.0,0.01,6.549518171502752,1.87939148533874,0.0,0.018,0.0,0,0
2188,2020-03-27,52.007936507936506,0,0,0,1,oil,,,,,,,,,0.0,0,0
2189,2020-04-01,52.01984126984127,1,0,1,1,"gas,gold,oil",1204.6580448307616,7.093951025428094,0.0,0.01,,,,,0.0,0,0
2190,2020-04-06,52.03174603174603,1,1,1,1,"gas,gold,oil,silver",1216.0062310794317,7.103327186755937,0.0,0.01,6.88535690665324,1.9293969691309223,0.0,0.018,0.0,0,0
2191,2020-04-09,52.04365079365079,1,1,0,0,"gold,silver",1232.214433300814,7.116568181951906,0.0,0.01,7.449320684925365,2.00812284500253,0.0,0.018,0.0,0,0
2192,2020-04-14,52.05555555555556,1,0,1,1,"gas,gold,oil",1235.4578552099176,7.119196913321089,0.0,0.01,,,,,0.0,0,0
2193,2020-04-17,52.067460317460316,1,1,1,1,"gas,gold,oil,silver",1265.6829757354521,7.143367157234255,0.0,0.01,7.9474104153484255,2.0728461416849875,0.0,0.018,0.0,0,0
2194,2020-04-22,52.07936507936508,1,1,1,1,"gas,gold,oil,silver",1281.4794479130653,7.155770508151579,0.0,0.01,8.211016536517512,2.1054767326714647,0.0,0.018,0.0,0,0
2195,2020-04-24,52.08730158730159,1,1,1,1,"gas,gold,oil,silver",1292.0470751004407,7.1639831195150325,0.0,0.01,8.200947856078747,2.1042497397946685,0.0,0.018,0.0,0,0
2196,2020-04-29,52.09920634920635,1,1,1,1,"gas,gold,oil,silver",1307.7465778761514,7.1760607654445066,0.0,0.01,8.656588180204752,2.1583206703737727,0.0,0.018,0.0,0,0
2197,2020-05-04,52.111111111111114,1,1,0,1,"gold,oil,silver",1309.0265040555616,7.177039013264555,0.0,0.01,8.883416945319075,2.1841862741304894,0.0,0.018,0.0,0,0
2198,2020-05-07,52.12301587301587,1,1,1,1,"gas,gold,oil,silver",1315.1296743887165,7.181690551452497,0.0,0.01,8.791175096180924,2.173748388334312,0.0,0.018,0.0,0,0
2199,2020-05-12,52.13492063492063,1,1,0,0,"gold,silver",1338.4083735143963,7.199236406014666,0.0,0.01,9.043778164389519,2.2020770256307642,0.0,0.018,0.0,0,0
2200,2020-05-15,52.1468253968254,1,1,1,0,"gas,gold,silver",1367.247351950811,7.220554765454709,0.0,0.01,9.081361548510008,2.2062241316482156,0.0,0.018,0.0,0,0
2201,2020-05-20,52.15873015873016,1,0,1,1,"gas,gold,oil",1386.627511346068,7.23462982717848,0.0,0.01,,,,,0.0,0,0
2202,2020-05-25,52.17063492063492,1,1,1,1,"gas,gold,oil,silver",1372.7440472614169,7.224566969789294,0.0,0.01,8.953238811185166,2.1920153451692994,0.0,0.018,0.0,0,0
2203,2020-05-27,52.17857142857143,0,1,1,1,"gas,oil,silver",,,,,8.784770885817945,2.1730196411416474,0.0,0.018,0.0,0,0
2204,2020-06-01,52.19047619047619,0,0,1,1,"gas,oil",,,,,,,,,0.0,0,0
2205,2020-06-04,52.20238095238095,1,1,1,1,"gas,gold,oil,silver",1321.1202382494264,7.186235321008077,0.0,0.01,8.387041599286633,2.126687847962149,0.0,0.018,0.0,0,0
2206,2020-06-09,52.214285714285715,1,0,1,1,"gas,gold,oil",1294.0452978419676,7.165528480508401,0.0,0.01,,,,,0.0,0,0
2207,2020-06-12,52.226190476190474,1,1,1,0,"gas,gold,silver",1303.5919017123836,7.1728787346952485,0.0,0.01,8.506208437211662,2.1407963012586526,0.0,0.018,0.0,0,0
2208,2020-06-17,52.23809523809524,1,1,1,1,"gas,gold,oil,silver",1296.8069286313155,7.167660313275265,0.0,0.01,8.138306536231543,2.0965821161386646,0.0,0.018,0.0,0,0
2209,2020-06-22,52.25,1,1,0,0,"gold,silver",1274.3183142612602,7.150166659131955,0.0,0.01,7.904714078281044,2.0674593002768766,0.0,0.018,0.0,0,0
2210,2020-06-24,52.257936507936506,1,1,1,1,"gas,gold,oil,silver",1272.8664543084572,7.149026686776634,0.0,0.01,7.899185298695194,2.0667596274076034,0.0,0.018,0.0,0,0
2211,2020-06-29,52.26984126984127,1,1,1,1,"gas,gold,oil,silver",1320.4582606489748,7.185734122490157,0.0,0.01,8.328430444391335,2.1196750163832316,0.0,0.018,0.0,0,0
2212,2020-07-02,52.28174603174603,1,1,1,0,"gas,gold,silver",1272.427062457297,7.148681428477243,0.0,0.01,7.69809191529151,2.040972494942455,0.0,0.018,0.0,0,0
2213,2020-07-07,52.29365079365079,1,1,1,1,"gas,gold,oil,silver",1237.9531697220614,7.121214625164013,0.0,0.01,7.41234587417058,2.003146971415677,0.0,0.018,0.0,0,0
2214,2020-07-10,52.30555555555556,1,1,1,0,"gas,gold,silver",1225.5648154707624,7.111157090570623,0.0,0.01,7.302769598274134,1.988253673225347,0.0,0.018,0.0,0,0
2215,2020-07-15,52.317460317460316,1,1,1,1,"gas,gold,oil,silver",1214.0351057113483,7.101704888591252,0.0,0.01,7.3825826205210925,1.9991235259747522,0.0,0.018,0.0,0,0
2216,2020-07-20,52.32936507936508,1,1,1,0,"gas,gold,silver",1210.7019027176552,7.098955555297208,0.0,0.01,7.533068311487897,2.0193024371003165,0.0,0.018,0.0,0,0
2217,2020-07-23,52.34126984126984,1,1,1,1,"gas,gold,oil,silver",1229.3514617154817,7.114242042414409,0.0,0.01,7.828157637587401,2.0577271869891436,0.0,0.018,0.0,0,0
2218,2020-07-27,52.34920634920635,1,1,1,1,"gas,gold,oil,silver",1220.3683409986318,7.106908011010315,0.0,0.01,7.6487712000199775,2.0345450074881053,0.0,0.018,0.0,0,0
2219,2020-07-30,52.361111111111114,1,1,1,1,"gas,gold,oil,silver",1244.434535986003,7.126436517761164,0.0,0.01,7.723867411404135,2.0443151986245445,0.0,0.018,0.0,0,0
2220,2020-08-04,52.37301587301587,0,0,0,1,oil,,,,,,,,,0.0,0,0
2221,2020-08-07,52.38492063492063,0,1,1,0,"gas,silver",,,,,7.833729906466006,2.0584387575578953,0.0,0.018,0.0,0,0
2222,2020-08-12,52.3968253968254,1,1,1,1,"gas,gold,oil,silver",1229.7369822664998,7.11455558994469,0.0,0.01,7.691725691961766,2.0401451656192187,0.0,0.018,0.0,0,0
2223,2020-08-17,52.40873015873016,1,1,1,0,"gas,gold,silver",1247.1111867735842,7.12858510511627,0.0,0.01,7.808223573156991,2.055177482558047,0.0,0.018,0.0,0,0
2224,2020-08-20,52.42063492063492,1,1,0,1,"gold,oil,silver",1230.039429158398,7.114801504079013,0.0,0.01,7.753697278149453,2.0481697977527427,0.0,0.018,0.0,0,0
2225,2020-08-25,52.432539682539684,1,0,1,1,"gas,gold,oil",1213.614549988688,7.101358417076402,0.0,0.01,,,,,0.0,0,0
2226,2020-08-27,52.44047619047619,0,1,1,0,"gas,silver",,,,,8.215015881082259,2.1059636846684047,0.0,0.018,0.0,0,0
2227,2020-09-01,52.45238095238095,1,1,1,1,"gas,gold,oil,silver",1248.8399660505213,7.1299703722529575,0.0,0.01,8.206546188518969,2.104932151458785,0.0,0.018,0.0,0,0
2228,2020-09-04,52.464285714285715,1,1,1,1,"gas,gold,oil,silver",1349.0938288189896,7.2071884081395865,0.0,0.01,8.99963650688413,2.1971841883966117,0.0,0.018,0.0,0,0
2229,2020-09-09,52.476190476190474,0,1,0,0,silver,,,,,8.940990798313493,2.190646410596348,0.0,0.018,0.0,0,0
2230,2020-09-14,52.48809523809524,1,1,1,1,"gas,gold,oil,silver",1387.0841349989005,7.234959078171502,0.0,0.01,9.103934618072476,2.2087066956877646,0.0,0.018,0.0,0,0
2231,2020-09-17,52.5,1,1,1,1,"gas,gold,oil,silver",1448.007202888026,7.277943547303473,0.0,0.01,9.352897131229968,2.2356861489133637,0.0,0.018,0.0,0,0
2232,2020-09-22,52.51190476190476,1,1,1,0,"gas,gold,silver",1405.9761126006604,7.248487082610823,0.0,0.01,8.91042439528938,2.187221871693991,0.0,0.018,0.0,0,0
2233,2020-09-24,52.51984126984127,0,0,1,0,gas,,,,,,,,,0.0,0,0
2234,2020-09-29,52.53174603174603,1,1,1,1,"gas,gold,oil,silver",1346.4831138560842,7.205251371405163,0.0,0.01,8.306458071710768,2.117033293183522,0.0,0.018,0.0,0,0
2235,2020-10-02,52.54365079365079,1,1,1,1,"gas,gold,oil,silver",1381.5537895358784,7.230964079208742,0.0,0.01,8.844592453352055,2.1798062500495785,0.0,0.018,0.0,0,0
2236,2020-10-07,52.55555555555556,1,1,1,1,"gas,gold,oil,silver",1366.9852524814535,7.220363048429804,0.0,0.01,8.600366146897201,2.151804777573768,0.0,0.018,0.0,0,0
2237,2020-10-12,52.567460317460316,1,1,1,1,"gas,gold,oil,silver",1353.596694594908,7.2105205469125915,0.0,0.01,8.411989683350532,2.129658031419175,0.0,0.018,0.0,0,0
2238,2020-10-15,52.57936507936508,1,1,1,0,"gas,gold,silver",1356.8051462250376,7.212888057943946,0.0,0.01,8.355033050312953,2.1228641177921306,0.0,0.018,0.0,0,0
2239,2020-10-20,52.59126984126984,1,0,1,1,"gas,gold,oil",1398.2562137305351,7.242981177625694,0.0,0.01,,,,,0.0,0,0
2240,2020-10-23,52.6031746031746,1,1,1,1,"gas,gold,oil,silver",1344.8047321861056,7.20400410096545,0.0,0.01,7.994034625599124,2.078695591728228,0.0,0.018,0.0,0,0
2241,2020-10-27,52.611111111111114,1,1,0,1,"gold,oil,silver",1373.0392003182758,7.224781956211296,0.0,0.01,8.042355517578,2.0847220151052666,0.0,0.018,0.0,0,0
2242,2020-10-30,52.62301587301587,1,1,0,1,"gold,oil,silver",1356.3118446973763,7.212524416025999,0.0,0.01,7.921757844115021,2.069613131213597,0.0,0.018,0.0,0,0
2243,2020-11-04,52.63492063492063,1,1,1,1,"gas,gold,oil,silver",1385.0138311657174,7.233465404972815,0.0,0.01,8.3591576035366,2.1233576568922627,0.0,0.018,0.0,0,0
2244,2020-11-09,52.6468253968254,1,1,1,1,"gas,gold,oil,silver",1351.8617596757122,7.209238002614581,0.0,0.01,8.163699850755213,2.0996974792981113,0.0,0.018,0.0,0,0
2245,2020-11-12,52.65873015873016,1,1,1,1,"gas,gold,oil,silver",1400.2321928640126,7.244393353897143,0.0,0.01,8.508949645114381,2.141118509011666,0.0,0.018,0.0,0,0
2246,2020-11-17,52.67063492063492,1,1,1,1,"gas,gold,oil,silver",1432.0995790432903,7.266896883540958,0.0,0.01,8.934004450482671,2.189864721080986,0.0,0.018,0.0,0,0
2247,2020-11-20,52.682539682539684,1,1,0,1,"gold,oil,silver",1414.4885670392,7.25452330802193,0.0,0.01,8.660970425418315,2.1588267746586665,0.0,0.018,0.0,0,0
2248,2020-11-25,52.69444444444444,1,0,1,1,"gas,gold,oil",1426.5903749348715,7.263042522964926,0.0,0.01,,,,,0.0,0,0
2249,2020-11-27,52.70238095238095,1,0,1,1,"gas,gold,oil",1409.3514853715526,7.250884938114821,0.0,0.01,,,,,0.0,0,0
2250,2020-12-02,52.714285714285715,1,1,1,1,"gas,gold,oil,silver",1386.228347749579,7.234341919245627,0.0,0.01,8.360300313228242,2.123494349086365,0.0,0.018,0.0,0,0
2251,2020-12-07,52.726190476190474,1,1,1,1,"gas,gold,oil,silver",1397.099613067778,7.242153661702554,0.0,0.01,8.477618669983624,2.137429593148361,0.0,0.018,0.0,0,0
2252,2020-12-10,52.73809523809524,1,1,1,1,"gas,gold,oil,silver",1373.9226079762743,7.225425145123341,0.0,0.01,8.229302180250857,2.1077012213311654,0.0,0.018,0.0,0,0
2253,2020-12-15,52.75,1,1,1,1,"gas,gold,oil,silver",1350.1071558873066,7.207939243013806,0.0,0.01,8.009412298367453,2.0806173873981546,0.0,0.018,0.0,0,0
2254,2020-12-18,52.76190476190476,0,1,0,1,"oil,silver",,,,,7.780177834478924,2.0515791958312377,0.0,0.018,0.0,0,0
2255,2020-12-23,52.773809523809526,1,0,1,1,"gas,gold,oil",1304.5887126055766,7.173643107328228,0.0,0.01,,,,,0.0,0,0
2256,2020-12-28,52.785714285714285,1,0,1,1,"gas,gold,oil",1309.4890807290785,7.177392325409052,0.0,0.01,,,,,0.0,0,0
2257,2020-12-30,52.79365079365079,1,1,1,1,"gas,gold,oil,silver",1310.7300727760125,7.1783395684196725,0.0,0.01,7.861296717731352,2.0619515696445423,0.0,0.018,0.0,0,0
2258,2021-01-04,52.80555555555556,1,1,1,0,"gas,gold,silver",1275.934507739395,7.151434136364455,0.0,0.01,7.4586297949226825,2.00937172374275,0.0,0.018,0.0,0,0
2259,2021-01-07,52.817460317460316,1,1,1,0,"gas,gold,silver",1265.7278373240677,7.143402601175941,0.0,0.01,7.238747163948917,1.97944814777038,0.0,0.018,0.0,0,0
2260,2021-01-12,52.82936507936508,1,1,1,1,"gas,gold,oil,silver",1291.2675037126196,7.16337957597614,0.0,0.01,7.42802021866934,2.0052593654400854,0.0,0.018,0.0,0,0
2261,2021-01-15,52.84126984126984,1,1,1,1,"gas,gold,oil,silver",1275.4691843298654,7.151069377611353,0.0,0.01,7.375634180313015,1.9981818890798253,0.0,0.018,0.0,0,0
2262,2021-01-20,52.8531746031746,0,1,1,1,"gas,oil,silver",,,,,7.197983172701451,1.9738008718799263,0.0,0.018,0.0,0,0
2263,2021-01-25,52.86507936507937,1,1,1,1,"gas,gold,oil,silver",1261.6399840550282,7.140167728278372,0.0,0.01,7.182491377601737,1.971646311397456,0.0,0.018,0.0,0,0
2264,2021-01-27,52.87301587301587,1,0,1,0,"gas,gold",1290.5680761648543,7.162837769541736,0.0,0.01,,,,,0.0,0,0
2265,2021-02-01,52.88492063492063,1,1,1,0,"gas,gold,silver",1304.836871092169,7.173833308948762,0.0,0.01,7.503250771358501,2.0153363628170706,0.0,0.018,0.0,0,0
2266,2021-02-04,52.8968253968254,1,1,0,1,"gold,oil,silver",1309.7915434400406,7.177623276388123,0.0,0.01,7.630753054721878,2.0321865369821284,0.0,0.018,0.0,0,0
2267,2021-02-09,52.90873015873016,0,1,0,1,"oil,silver",,,,,7.6059972784051135,2.0289370516839047,0.0,0.018,0.0,0,0
2268,2021-02-12,52.92063492063492,1,0,0,1,"gold,oil",1274.0672288980406,7.149969604675492,0.0,0.01,,,,,0.0,0,0
2269,2021-02-17,52.932539682539684,1,1,1,1,"gas,gold,oil,silver",1318.0065133565283,7.1838756568988975,0.0,0.01,7.733124003866079,2.045512921172204,0.0,0.018,0.0,0,0
2270,2021-02-22,52.94444444444444,0,1,1,1,"gas,oil,silver",,,,,7.756361474068689,2.0485133420278485,0.0,0.018,0.0,0,0
2271,2021-02-25,52.95634920634921,1,1,1,1,"gas,gold,oil,silver",1309.5557111632995,7.177443206886483,0.0,0.01,8.074471756311873,2.0887074497939233,0.0,0.018,0.0,0,0
2272,2021-03-01,52.964285714285715,1,1,1,1,"gas,gold,oil,silver",1269.7337780279342,7.1465625338784875,0.0,0.01,7.727586529861,2.04479659261411,0.0,0.018,0.0,0,0
2273,2021-03-04,52.976190476190474,1,1,1,1,"gas,gold,oil,silver",1274.819544895068,7.150559914160095,0.0,0.01,7.942082023152169,2.072175460426085,0.0,0.018,0.0,0,0
2274,2021-03-09,52.98809523809524,1,0,0,1,"gold,oil",1273.9684849581024,7.14989209874459,0.0,0.01,,,,,0.0,0,0
2275,2021-03-12,53.0,1,1,1,1,"gas,gold,oil,silver",1321.7523044127518,7.186713638569876,0.0,0.01,8.335921001101976,2.12057400813093,0.0,0.018,0.0,0,0
2276,2021-03-17,53.01190476190476,1,1,1,1,"gas,gold,oil,silver",1327.951123078884,7.191392524448583,0.0,0.01,8.620032263946865,2.1540888275858667,0.0,0.018,0.0,0,0
2277,2021-03-22,53.023809523809526,1,1,1,1,"gas,gold,oil,silver",1363.1937442150463,7.217585567020395,0.0,0.01,9.086374166955812,2.2067759470919786,0.0,0.018,0.0,0,0
2278,2021-03-25,53.035714285714285,1,1,1,1,"gas,gold,oil,silver",1369.7513303439985,7.222384491649299,0.0,0.01,9.276096950813054,2.2274408711296374,0.0,0.018,0.0,0,0
2279,2021-03-30,53.04761904761905,1,1,1,1,"gas,gold,oil,silver",1384.8726355790695,7.233363454522163,0.0,0.01,9.255312756767465,2.225197738730274,0.0,0.018,0.0,0,0
2280,2021-04-01,53.05555555555556,0,0,1,1,"gas,oil",,,,,,,,,0.0,0,0
2281,2021-04-06,53.067460317460316,1,1,1,1,"gas,gold,oil,silver",1416.6131798658907,7.256024217148817,0.0,0.01,9.683316783491183,2.270404485522448,0.0,0.018,0.0,0,0
2282,2021-04-09,53.07936507936508,1,1,1,1,"gas,gold,oil,silver",1388.8522170736883,7.236232941898645,0.0,0.01,9.318247284520664,2.2319745514112888,0.0,0.018,0.0,0,0
2283,2021-04-14,53.09126984126984,1,1,1,1,"gas,gold,oil,silver",1390.0843762039049,7.2371197265873946,0.0,0.01,9.249929036626812,2.2246158797788858,0.0,0.018,0.0,0,0
2284,2021-04-19,53.1031746031746,1,1,1,1,"gas,gold,oil,silver",1368.964348782676,7.221809783154378,0.0,0.01,9.029046801391292,2.2004468027642607,0.0,0.018,0.0,0,0
2285,2021-04-22,53.11507936507937,1,1,1,1,"gas,gold,oil,silver",1401.5479089535615,7.245332554075923,0.0,0.01,9.330208676985414,2.2332573808455107,0.0,0.018,0.0,0,0
2286,2021-04-27,53.12698412698413,1,1,1,1,"gas,gold,oil,silver",1376.7929921891066,7.227512154957812,0.0,0.01,9.099228294393725,2.208189607112966,0.0,0.018,0.0,0,0
2287,2021-04-29,53.13492063492063,0,0,1,1,"gas,oil",,,,,,,,,0.0,0,0
2288,2021-05-04,53.1468253968254,1,0,1,0,"gas,gold",1321.6601252869223,7.186643896047044,0.0,0.01,,,,,0.0,0,0
2289,2021-05-07,53.15873015873016,1,1,1,1,"gas,gold,oil,silver",1333.4950871602136,7.195558659445964,0.0,0.01,8.561015708725611,2.1472188406758024,0.0,0.018,0.0,0,0
2290,2021-05-12,53.17063492063492,0,1,1,1,"gas,oil,silver",,,,,8.474997032318559,2.137120303097551,0.0,0.018,0.0,0,0
2291,2021-05-17,53.182539682539684,1,1,1,1,"gas,gold,oil,silver",1323.177256468192,7.187791135841924,0.0,0.01,8.04034572522372,2.08447208291609,0.0,0.018,0.0,0,0
2292,2021-05-20,53.19444444444444,1,1,1,1,"gas,gold,oil,silver",1340.4447188812428,7.200756717647172,0.0,0.01,8.333024110054687,2.1202264287181793,0.0,0.018,0.0,0,0
2293,2021-05-25,53.20634920634921,1,0,1,0,"gas,gold",1348.9757497662185,7.207100879594153,0.0,0.01,,,,,0.0,0,0
2294,2021-05-28,53.21825396825397,1,1,1,1,"gas,gold,oil,silver",1368.2113138915176,7.2212595554723,0.0,0.01,8.516126086689434,2.141961552779945,0.0,0.018,0.0,0,0
2295,2021-06-01,53.226190476190474,1,1,1,1,"gas,gold,oil,silver",1338.6839038250416,7.199442248983884,0.0,0.01,8.155324848531961,2.0986710695569846,0.0,0.018,0.0,0,0
2296,2021-06-04,53.23809523809524,1,1,1,0,"gas,gold,silver",1343.6075356740093,7.203113466291931,0.0,0.01,8.35179195486812,2.1224761212117524,0.0,0.018,0.0,0,0
2297,2021-06-09,53.25,1,1,1,0,"gas,gold,silver",1378.3179814520188,7.228619180724282,0.0,0.01,8.760431045830353,2.170245109882735,0.0,0.018,0.0,0,0
2298,2021-06-14,53.26190476190476,1,1,1,1,"gas,gold,oil,silver",1368.0020069431419,7.22110656524512,0.0,0.01,8.872425847368136,2.1829482479232163,0.0,0.018,0.0,0,0
2299,2021-06-17,53.273809523809526,0,1,1,1,"gas,oil,silver",,,,,9.414331824535038,2.2422331903432062,0.0,0.018,0.0,0,0
2300,2021-06-22,53.285714285714285,1,1,0,0,"gold,silver",1472.4920685523505,7.29471152912913,0.0,0.01,9.999339674975404,2.3025190583113444,0.0,0.018,0.0,0,0
2301,2021-06-25,53.29761904761905,1,0,1,1,"gas,gold,oil",1468.3419480577434,7.291889116693638,0.0,0.01,,,,,0.0,0,0
2302,2021-06-30,53.30952380952381,1,1,1,1,"gas,gold,oil,silver",1518.9180740850757,7.325753567030069,0.0,0.01,10.564457003629622,2.3574952539715017,0.0,0.018,0.0,0,0
2303,2021-07-02,53.317460317460316,1,1,1,1,"gas,gold,oil,silver",1480.8582466800367,7.300377095088645,0.0,0.01,10.168921443669127,2.319336151699914,0.0,0.018,0.0,0,0
2304,2021-07-07,53.32936507936508,1,1,1,1,"gas,gold,oil,silver",1490.02314359428,7.306546931432486,0.0,0.01,10.26480085785157,2.328720650170834,0.0,0.018,0.0,0,0
2305,2021-07-12,53.34126984126984,1,1,0,1,"gold,oil,silver",1480.302340525795,7.300001630034048,0.0,0.01,10.24685876398662,2.326971196565241,0.0,0.018,0.0,0,0
2306,2021-07-15,53.3531746031746,0,1,1,0,"gas,silver",,,,,10.323780447189222,2.334450015375803,0.0,0.018,0.0,0,0
2307,2021-07-20,53.36507936507937,1,0,0,1,"gold,oil",1467.2982680757668,7.2911780758649885,0.0,0.01,,,,,0.0,0,0
2308,2021-07-23,53.37698412698413,1,1,1,1,"gas,gold,oil,silver",1487.7989925304564,7.305053120603131,0.0,0.01,10.374740733752398,2.3393740762866777,0.0,0.018,0.0,0,0
2309,2021-07-28,53.388888888888886,1,1,1,1,"gas,gold,oil,silver",1456.9521832188673,7.284101987001113,0.0,0.01,10.44250639183041,2.345884629486723,0.0,0.018,0.0,0,0
2310,2021-08-02,53.40079365079365,1,1,1,0,"gas,gold,silver",1450.2827005651125,7.279513782318212,0.0,0.01,10.591158016389038,2.360019503624563,0.0,0.018,0.0,0,0
2311,2021-08-04,53.40873015873016,1,1,1,1,"gas,gold,oil,silver",1373.7773857388363,7.225319440542852,0.0,0.01,9.795511254943266,2.2819242455364863,0.0,0.018,0.0,0,0
2312,2021-08-09,53.42063492063492,0,1,0,1,"oil,silver",,,,,9.257854168946203,2.2254722905889484,0.0,0.018,0.0,0,0
2313,2021-08-12,53.432539682539684,1,1,1,1,"gas,gold,oil,silver",1326.5464656164215,7.190334201698883,0.0,0.01,9.232926666521113,2.2227760802181833,0.0,0.018,0.0,0,0
2314,2021-08-17,53.44444444444444,1,1,1,1,"gas,gold,oil,silver",1298.935272894813,7.1693001870186635,0.0,0.01,8.681189372774226,2.1611585437984173,0.0,0.018,0.0,0,0
2315,2021-08-20,53.45634920634921,1,1,0,0,"gold,silver",1294.516654179617,7.165892664446507,0.0,0.01,8.621343061412507,2.154240880127318,0.0,0.018,0.0,0,0
2316,2021-08-25,53.46825396825397,1,1,1,1,"gas,gold,oil,silver",1270.6358528757764,7.147272725714182,0.0,0.01,8.607287001476502,2.152609170234731,0.0,0.018,0.0,0,0
2317,2021-08-30,53.48015873015873,1,1,1,1,"gas,gold,oil,silver",1278.8244553576098,7.153696540679411,0.0,0.01,8.768926989691513,2.171214448806521,0.0,0.018,0.0,0,0
2318,2021-09-01,53.48809523809524,1,1,1,0,"gas,gold,silver",1290.0025851006565,7.162399501307707,0.0,0.01,8.936446282367253,2.190138002593163,0.0,0.018,0.0,0,0
2319,2024-01-08,55.92063492063492,1,1,1,1,"gas,gold,oil,silver",1783.597143203278,7.486387471049459,0.0,0.01,16.63415995734964,2.8114584096891644,0.0,0.018,0.0,0,0
2320,2024-01-11,55.932539682539684,1,1,1,1,"gas,gold,oil,silver",1749.778269687934,7.467244355854586,0.0,0.01,15.91660051317293,2.767362622009548,0.0,0.018,0.0,0,0
2321,2024-01-16,55.94444444444444,1,1,1,1,"gas,gold,oil,silver",1736.7018642624826,7.459743113203568,0.0,0.01,15.711537840284494,2.7543953367373186,0.0,0.018,0.0,0,0
2322,2024-01-19,55.95634920634921,1,1,1,0,"gas,gold,silver",1775.5046878800254,7.481839992695075,0.0,0.01,15.943426387220557,2.7690466055460905,0.0,0.018,0.0,0,0
2323,2024-01-24,55.96825396825397,1,0,1,1,"gas,gold,oil",1825.5055947956218,7.50961226589276,0.0,0.01,,,,,0.0,0,0
2324,2024-01-29,55.98015873015873,1,1,1,1,"gas,gold,oil,silver",1762.8616156777518,7.47469368565727,0.0,0.01,16.19343934752161,2.784606181664331,0.0,0.018,0.0,0,0
2325,2024-02-01,55.992063492063494,1,1,0,1,"gold,oil,silver",1831.1612123584848,7.512705586871039,0.0,0.01,16.973861595834702,2.8316746076220953,0.0,0.018,0.0,0,0
2326,2024-02-05,56.0,1,1,1,1,"gas,gold,oil,silver",1776.0299162134677,7.482135768125035,0.0,0.01,16.389023582867882,2.79661181702555,0.0,0.018,0.0,0,0
2327,2024-02-08,56.01190476190476,1,1,1,1,"gas,gold,oil,silver",1735.2508696089747,7.458907275362904,0.0,0.01,15.872889919423589,2.7646126174828076,0.0,0.018,0.0,0,0
2328,2024-02-13,56.023809523809526,1,1,1,1,"gas,gold,oil,silver",1718.8305041402327,7.449399399090479,0.0,0.01,15.837804049362628,2.762399743528494,0.0,0.018,0.0,0,0
2329,2024-02-16,56.035714285714285,1,1,1,1,"gas,gold,oil,silver",1686.7759178910944,7.43057424496891,0.0,0.01,15.332826189621187,2.7299960326840864,0.0,0.018,0.0,0,0
2330,2024-02-21,56.04761904761905,0,1,0,1,"oil,silver",,,,,15.57522139628931,2.7456812794225227,0.0,0.018,0.0,0,0
2331,2024-02-26,56.05952380952381,1,0,0,0,gold,1699.6024537970156,7.438149651989329,0.0,0.01,,,,,0.0,0,0
2332,2024-02-29,56.07142857142857,1,1,1,1,"gas,gold,oil,silver",1729.6273420145226,7.455661255047762,0.0,0.01,16.575193711803465,2.807907222990268,0.0,0.018,0.0,0,0
2333,2024-03-05,56.083333333333336,1,1,1,1,"gas,gold,oil,silver",1756.4670099198545,7.471059689815785,0.0,0.01,16.396344298674528,2.7970584013649273,0.0,0.018,0.0,0,0
2334,2024-03-07,56.09126984126984,0,1,1,1,"gas,oil,silver",,,,,16.158966733206817,2.782475111271909,0.0,0.018,0.0,0,0
2335,2024-03-12,56.1031746031746,1,1,1,1,"gas,gold,oil,silver",1723.2103266424963,7.451944299096851,0.0,0.01,15.746864466411946,2.756641263954636,0.0,0.018,0.0,0,0
2336,2024-03-15,56.11507936507937,1,1,1,1,"gas,gold,oil,silver",1715.6969193309724,7.447574644012185,0.0,0.01,15.09881330112412,2.714616151403047,0.0,0.018,0.0,0,0
2337,2024-03-20,56.12698412698413,1,1,1,0,"gas,gold,silver",1660.436237099778,7.414835640260044,0.0,0.01,14.348799208160145,2.6636662598305003,0.0,0.018,0.0,0,0
2338,2024-03-25,56.138888888888886,1,1,1,1,"gas,gold,oil,silver",1633.3893053988534,7.398412463454996,0.0,0.01,14.046626878446377,2.6423822871300993,0.0,0.018,0.0,0,0
2339,2024-03-28,56.15079365079365,0,1,1,1,"gas,oil,silver",,,,,14.023320953275347,2.640721726115438,0.0,0.018,0.0,0,0
2340,2024-04-02,56.16269841269841,1,1,1,1,"gas,gold,oil,silver",1684.9408473585963,7.429485736745087,0.0,0.01,14.437277049540267,2.669813545706691,0.0,0.018,0.0,0,0
2341,2024-04-04,56.17063492063492,1,1,1,1,"gas,gold,oil,silver",1730.2843873110178,7.456041059710883,0.0,0.01,14.91317623891112,2.70224513351482,0.0,0.018,0.0,0,0
2342,2024-04-09,56.182539682539684,1,1,1,1,"gas,gold,oil,silver",1790.691643841723,7.490357217411836,0.0,0.01,15.616163139743431,2.7483064765771967,0.0,0.018,0.0,0,0
2343,2024-04-12,56.19444444444444,1,1,1,1,"gas,gold,oil,silver",1748.016877324866,7.4662372113890445,0.0,0.01,14.999465682459261,2.7080145792983785,0.0,0.018,0.0,0,0
2344,2024-04-17,56.20634920634921,0,0,1,1,"gas,oil",,,,,,,,,0.0,0,0
2345,2024-04-22,56.21825396825397,1,1,1,1,"gas,gold,oil,silver",1718.755398659281,7.449355702448075,0.0,0.01,14.499430645066715,2.674109382798137,0.0,0.018,0.0,0,0
2346,2024-04-25,56.23015873015873,1,1,1,1,"gas,gold,oil,silver",1702.8816514352523,7.440077184081828,0.0,0.01,14.195355238881014,2.6529148152462483,0.0,0.018,0.0,0,0
2347,2024-04-30,56.242063492063494,0,1,1,0,"gas,silver",,,,,13.96204107483077,2.6363422954455276,0.0,0.018,0.0,0,0
2348,2024-05-03,56.25396825396825,1,1,1,1,"gas,gold,oil,silver",1669.696255139107,7.4203970057178195,0.0,0.01,13.924873985865736,2.6336767362834053,0.0,0.018,0.0,0,0
2349,2024-05-07,56.26190476190476,1,0,1,1,"gas,gold,oil",1627.4967497116374,7.3947983769757455,0.0,0.01,,,,,0.0,0,0
2350,2024-05-10,56.273809523809526,0,1,1,1,"gas,oil,silver",,,,,14.052282973550053,2.6427848718004556,0.0,0.018,0.0,0,0
2351,2024-05-15,56.285714285714285,1,1,1,0,"gas,gold,silver",1642.0376737477452,7.403693233566309,0.0,0.01,13.85268321783044,2.6284789480086945,0.0,0.018,0.0,0,0
2352,2024-05-20,56.29761904761905,0,1,1,1,"gas,oil,silver",,,,,13.627170697484948,2.6120656451062647,0.0,0.018,0.0,0,0
2353,2024-05-23,56.30952380952381,0,1,1,1,"gas,oil,silver",,,,,14.363163362741306,2.6646668292443163,0.0,0.018,0.0,0,0
2354,2024-05-28,56.32142857142857,1,1,1,1,"gas,gold,oil,silver",1627.1695023167622,7.394597282687952,0.0,0.01,13.553771814720363,2.606664871299989,0.0,0.018,0.0,0,0
2355,2024-05-31,56.333333333333336,0,1,0,1,"oil,silver",,,,,12.996454407673692,2.564676582390545,0.0,0.018,0.0,0,0
2356,2024-06-05,56.345238095238095,1,1,1,1,"gas,gold,oil,silver",1574.4649629775818,7.361670787500584,0.0,0.01,12.714549544085848,2.542746971119972,0.0,0.018,0.0,0,0
2357,2024-06-07,56.3531746031746,0,0,0,1,oil,,,,,,,,,0.0,0,0
2358,2024-06-12,56.36507936507937,1,1,1,1,"gas,gold,oil,silver",1562.3537642698166,7.353948786363341,0.0,0.01,12.61170097996124,2.5346250322328006,0.0,0.018,0.0,0,0
2359,2024-06-17,56.37698412698413,1,1,1,1,"gas,gold,oil,silver",1538.7726404222476,7.338740390906097,0.0,0.01,12.206919182855058,2.5020029371082844,0.0,0.018,0.0,0,0
2360,2024-06-20,56.388888888888886,1,1,0,1,"gold,oil,silver",1516.2044622713536,7.323965426680367,0.0,0.01,11.927519063154707,2.478848256659181,0.0,0.018,0.0,0,0
2361,2024-06-25,56.40079365079365,1,1,1,1,"gas,gold,oil,silver",1550.6973982659435,7.346460043088302,0.0,0.01,11.986364252737873,2.4837696914238787,0.0,0.018,0.0,0,0
2362,2024-06-28,56.41269841269841,1,1,1,1,"gas,gold,oil,silver",1569.520593041506,7.358525496961466,0.0,0.01,11.914091757716347,2.477721880848514,0.0,0.018,0.0,0,0
2363,2024-07-03,56.42460317460318,1,1,1,0,"gas,gold,silver",1561.707433635742,7.353535010446448,0.0,0.01,11.539056256213867,2.445737477511667,0.0,0.018,0.0,0,0
2364,2024-07-08,56.43650793650794,1,1,1,1,"gas,gold,oil,silver",1554.3907250996722,7.348838931176973,0.0,0.01,11.318564366761489,2.426444242008105,0.0,0.018,0.0,0,0
2365,2024-07-10,56.44444444444444,0,0,1,1,"gas,oil",,,,,,,,,0.0,0,0
2366,2024-07-15,56.45634920634921,1,1,1,1,"gas,gold,oil,silver",1498.4554619089645,7.312190164532544,0.0,0.01,10.799723425838263,2.379520525083586,0.0,0.018,0.0,0,0
2367,2024-07-18,56.46825396825397,1,1,1,1,"gas,gold,oil,silver",1556.5159527155263,7.350205238923601,0.0,0.01,11.230055536180819,2.4185937140792473,0.0,0.018,0.0,0,0
2368,2024-07-23,56.48015873015873,1,1,1,0,"gas,gold,silver",1574.9751238853344,7.361994756776483,0.0,0.01,11.572445697928101,2.4486269015751096,0.0,0.018,0.0,0,0
2369,2024-07-26,56.492063492063494,0,0,1,0,gas,,,,,,,,,0.0,0,0
2370,2024-07-31,56.50396825396825,0,1,1,1,"gas,oil,silver",,,,,11.374870522049026,2.431406582095222,0.0,0.018,0.0,0,0
2371,2024-08-05,56.51587301587302,1,1,1,1,"gas,gold,oil,silver",1538.6859469196816,7.338684049935047,0.0,0.01,11.405671041659486,2.4341106915030375,0.0,0.018,0.0,0,0
2372,2024-08-07,56.523809523809526,1,1,1,1,"gas,gold,oil,silver",1527.9929187732398,7.33171033540502,0.0,0.01,11.219933792714539,2.417691999249559,0.0,0.018,0.0,0,0
2373,2024-08-12,56.535714285714285,0,1,1,1,"gas,oil,silver",,,,,11.819893725871589,2.4697840208945196,0.0,0.018,0.0,0,0
2374,2024-08-15,56.54761904761905,1,1,1,1,"gas,gold,oil,silver",1540.8932532672852,7.3401175618417795,0.0,0.01,11.82178873658296,2.4699443318807144,0.0,0.018,0.0,0,0
2375,2024-08-20,56.55952380952381,1,1,1,1,"gas,gold,oil,silver",1543.0821059027942,7.341537062809284,0.0,0.01,11.472498161522664,2.439952707036036,0.0,0.018,0.0,0,0
2376,2024-08-23,56.57142857142857,1,1,1,1,"gas,gold,oil,silver",1580.1265505987644,7.365260218129228,0.0,0.01,12.036892987573472,2.4879763490675972,0.0,0.018,0.0,0,0
2377,2024-08-28,56.583333333333336,1,1,1,1,"gas,gold,oil,silver",1622.6792008718817,7.391833889858046,0.0,0.01,12.484552207425159,2.524492056642798,0.0,0.018,0.0,0,0
2378,2024-09-02,56.595238095238095,1,1,1,1,"gas,gold,oil,silver",1590.8274854599144,7.372009590943841,0.0,0.01,12.201782167371901,2.5015820203634487,0.0,0.018,0.0,0,0
2379,2024-09-05,56.607142857142854,1,1,1,1,"gas,gold,oil,silver",1590.085394793559,7.371543001189418,0.0,0.01,12.190016382436012,2.5006172874164783,0.0,0.018,0.0,0,0
2380,2024-09-09,56.61507936507937,1,0,0,1,"gold,oil",1610.6802569212155,7.384411888568984,0.0,0.01,,,,,0.0,0,0
2381,2024-09-12,56.62698412698413,0,1,1,1,"gas,oil,silver",,,,,12.351486699685745,2.513776436370186,0.0,0.018,0.0,0,0
2382,2024-09-17,56.638888888888886,1,1,1,1,"gas,gold,oil,silver",1566.5417553900438,7.356625765249287,0.0,0.01,11.846458996417528,2.472029004058167,0.0,0.018,0.0,0,0
2383,2024-09-20,56.65079365079365,1,1,1,1,"gas,gold,oil,silver",1587.72054328071,7.370054646018911,0.0,0.01,12.265014054284144,2.5067508235951728,0.0,0.018,0.0,0,0
2384,2024-09-25,56.66269841269841,1,1,1,1,"gas,gold,oil,silver",1571.5773001726523,7.3598350438110005,0.0,0.01,12.200605946170608,2.501485618224713,0.0,0.018,0.0,0,0
2385,2024-09-30,56.67460317460318,0,1,1,1,"gas,oil,silver",,,,,11.814599897059738,2.469336046084072,0.0,0.018,0.0,0,0
2386,2024-10-03,56.68650793650794,1,1,1,1,"gas,gold,oil,silver",1632.3780087859761,7.397793131734202,0.0,0.01,12.134061749417919,2.496016518465285,0.0,0.018,0.0,0,0
2387,2024-10-08,56.698412698412696,1,1,1,1,"gas,gold,oil,silver",1622.4545981797892,7.391695465554853,0.0,0.01,11.895786709826993,2.4761842794264206,0.0,0.018,0.0,0,0
2388,2024-10-10,56.70634920634921,1,1,1,1,"gas,gold,oil,silver",1623.2807892151823,7.392204558844741,0.0,0.01,11.707151585523848,2.4601999016945517,0.0,0.018,0.0,0,0
2389,2024-10-15,56.71825396825397,0,1,0,0,silver,,,,,12.329048967162516,2.511958182584467,0.0,0.018,0.0,0,0
2390,2024-10-18,56.73015873015873,1,1,1,1,"gas,gold,oil,silver",1632.4076295209945,7.3978112773267775,0.0,0.01,12.026149434703044,2.4870833985091627,0.0,0.018,0.0,0,0
2391,2024-10-23,56.742063492063494,1,1,1,1,"gas,gold,oil,silver",1686.2741089516826,7.430276704796591,0.0,0.01,12.75861311807569,2.5462065822034985,0.0,0.018,0.0,0,0
2392,2024-10-28,56.75396825396825,1,1,1,1,"gas,gold,oil,silver",1638.2502330936888,7.40138402020172,0.0,0.01,12.04197506199107,2.488398468120918,0.0,0.018,0.0,0,0
2393,2024-10-31,56.76587301587302,1,1,1,1,"gas,gold,oil,silver",1648.614438468685,7.407690479858903,0.0,0.01,11.861391161270257,2.4732886852800355,0.0,0.018,0.0,0,0
2394,2024-11-05,56.77777777777778,1,1,1,1,"gas,gold,oil,silver",1618.0796673585126,7.38899533457594,0.0,0.01,11.88513185735918,2.4752881951855477,0.0,0.018,0.0,0,0
2395,2024-11-07,56.785714285714285,1,1,1,1,"gas,gold,oil,silver",1618.34139737805,7.389157074976755,0.0,0.01,12.182826999449803,2.500027337111372,0.0,0.018,0.0,0,0
2396,2024-11-12,56.79761904761905,1,1,1,0,"gas,gold,silver",1626.171400185136,7.393983696720264,0.0,0.01,11.88803400735428,2.47553234861686,0.0,0.018,0.0,0,0
2397,2024-11-15,56.80952380952381,1,1,1,1,"gas,gold,oil,silver",1589.8840338672817,7.371416357879749,0.0,0.01,11.442332585539122,2.4373198625047507,0.0,0.018,0.0,0,0
2398,2024-11-20,56.82142857142857,1,1,1,1,"gas,gold,oil,silver",1521.4121910937413,7.32739425560704,0.0,0.01,10.95066782875289,2.3934004433299654,0.0,0.018,0.0,0,0
2399,2024-11-25,56.833333333333336,1,0,1,1,"gas,gold,oil",1518.791485442146,7.325670222233259,0.0,0.01,,,,,0.0,0,0
2400,2024-11-28,56.845238095238095,1,1,1,0,"gas,gold,silver",1512.7264625785044,7.3216689060216105,0.0,0.01,11.322654007877725,2.426805498287961,0.0,0.018,0.0,0,0
2401,2024-12-03,56.857142857142854,0,1,0,1,"oil,silver",,,,,11.147980627645444,2.4112583718755873,0.0,0.018,0.0,0,0
2402,2024-12-06,56.86904761904762,1,0,1,1,"gas,gold,oil",1501.2066932662094,7.314024525861511,0.0,0.01,,,,,0.0,0,0
2403,2024-12-10,56.87698412698413,1,1,1,1,"gas,gold,oil,silver",1501.2647973982,7.314063230063818,0.0,0.01,11.170549172145286,2.4132807767915594,0.0,0.018,0.0,0,0
2404,2024-12-13,56.888888888888886,0,1,1,1,"gas,oil,silver",,,,,10.606459088361333,2.361463163499554,0.0,0.018,0.0,0,0
2405,2024-12-18,56.90079365079365,1,1,1,1,"gas,gold,oil,silver",1504.0030629166222,7.315885541021423,0.0,0.01,10.990244074360122,2.397007976936901,0.0,0.018,0.0,0,0
2406,2024-12-23,56.91269841269841,0,1,1,1,"gas,oil,silver",,,,,10.955775954889134,2.3938668016562437,0.0,0.018,0.0,0,0
2407,2024-12-26,56.92460317460318,1,1,1,1,"gas,gold,oil,silver",1528.4239418404638,7.331992380093123,0.0,0.01,11.06118000355349,2.4034416815019672,0.0,0.018,0.0,0,0
2408,2024-12-31,56.93650793650794,1,1,1,1,"gas,gold,oil,silver",1523.7951614860385,7.328959318739235,0.0,0.01,11.095188703048056,2.406511564175756,0.0,0.018,0.0,0,0
2409,2025-01-03,56.948412698412696,1,1,1,1,"gas,gold,oil,silver",1493.093613466387,7.308605497158516,0.0,0.01,10.679729135645948,2.3683474713795283,0.0,0.018,0.0,0,0
2410,2025-01-08,56.96031746031746,1,1,1,0,"gas,gold,silver",1556.398180622154,7.350129572144253,0.0,0.01,11.499872143985103,2.442335917393061,0.0,0.018,0.0,0,0
2411,2025-01-10,56.96825396825397,1,1,0,1,"gold,oil,silver",1578.513785033646,7.364239040955572,0.0,0.01,11.596751485922768,2.450725014575584,0.0,0.018,0.0,0,0
2412,2025-01-15,56.98015873015873,1,0,1,1,"gas,gold,oil",1561.006107693491,7.353085833187785,0.0,0.01,,,,,0.0,0,0
2413,2025-01-20,56.992063492063494,1,1,1,1,"gas,gold,oil,silver",1582.9671440883649,7.367056304193956,0.0,0.01,11.850108070226996,2.472336987389934,0.0,0.018,0.0,0,0
2414,2025-01-23,57.00396825396825,0,1,1,1,"gas,oil,silver",,,,,11.784125848917974,2.4667533587467148,0.0,0.018,0.0,0,0
2415,2025-01-28,57.01587301587302,1,1,1,1,"gas,gold,oil,silver",1618.0893635417528,7.389001326959618,0.0,0.01,12.238799822786397,2.5046112185826805,0.0,0.018,0.0,0,0
2416,2025-01-31,57.02777777777778,1,1,1,1,"gas,gold,oil,silver",1648.070839846301,7.407360694889203,0.0,0.01,12.309495162755725,2.510370929018756,0.0,0.018,0.0,0,0
2417,2025-02-05,57.03968253968254,1,0,1,1,"gas,gold,oil",1620.7101584448365,7.3906197015810235,0.0,0.01,,,,,0.0,0,0
2418,2025-02-10,57.051587301587304,1,1,1,1,"gas,gold,oil,silver",1644.4397450001138,7.405155024641703,0.0,0.01,12.293990492258505,2.5091105651201544,0.0,0.018,0.0,0,0
2419,2025-02-12,57.05952380952381,1,1,1,1,"gas,gold,oil,silver",1630.851481716133,7.396857538828072,0.0,0.01,12.235992501727406,2.5043818134842364,0.0,0.018,0.0,0,0
2420,2025-02-17,57.07142857142857,0,1,1,1,"gas,oil,silver",,,,,11.985273652632504,2.4836787005528813,0.0,0.018,0.0,0,0
2421,2025-02-20,57.083333333333336,1,1,0,0,"gold,silver",1635.8117744866167,7.399894458273878,0.0,0.01,12.266096673239058,2.5068390885716463,0.0,0.018,0.0,0,0
2422,2025-02-25,57.095238095238095,1,1,1,1,"gas,gold,oil,silver",1577.0502133060563,7.363311427487231,0.0,0.01,11.428884252961554,2.4361438573780942,0.0,0.018,0.0,0,0
2423,2025-02-28,57.107142857142854,1,1,1,0,"gas,gold,silver",1551.802093814045,7.347172175739803,0.0,0.01,11.400983812302112,2.433699651001624,0.0,0.018,0.0,0,0
2424,2025-03-05,57.11904761904762,1,0,1,1,"gas,gold,oil",1560.5741765504442,7.352809094416731,0.0,0.01,,,,,0.0,0,0
2425,2025-03-10,57.13095238095238,1,0,1,1,"gas,gold,oil",1543.0950130355304,7.341545427288858,0.0,0.01,,,,,0.0,0,0
2426,2025-03-12,57.138888888888886,1,1,0,0,"gold,silver",1561.4635800867638,7.353378852779511,0.0,0.01,11.41266403114675,2.434723618755081,0.0,0.018,0.0,0,0
2427,2025-03-17,57.15079365079365,1,1,1,1,"gas,gold,oil,silver",1594.2017185382974,7.3741283999874065,0.0,0.01,11.956436192907757,2.4812697269368384,0.0,0.018,0.0,0,0
2428,2025-03-20,57.16269841269841,1,1,1,1,"gas,gold,oil,silver",1593.5053539432326,7.3736914937157145,0.0,0.01,11.94587321109679,2.4803858807510943,0.0,0.018,0.0,0,0
2429,2025-03-25,57.17460317460318,0,1,1,1,"gas,oil,silver",,,,,12.51500907125103,2.526928649713761,0.0,0.018,0.0,0,0
2430,2025-03-28,57.18650793650794,1,1,0,1,"gold,oil,silver",1699.199461374041,7.437912514059599,0.0,0.01,13.401294887281946,2.595351335667411,0.0,0.018,0.0,0,0
2431,2025-04-02,57.198412698412696,1,1,1,1,"gas,gold,oil,silver",1685.802871848748,7.429997211114397,0.0,0.01,13.032578361004202,2.567452250379757,0.0,0.018,0.0,0,0
2432,2025-04-07,57.21031746031746,1,1,1,1,"gas,gold,oil,silver",1701.4951952912509,7.439262670129304,0.0,0.01,13.075715333561115,2.5707567184782425,0.0,0.018,0.0,0,0
2433,2025-04-10,57.22222222222222,1,1,1,1,"gas,gold,oil,silver",1689.9262386847918,7.432440161215972,0.0,0.01,12.904351157360646,2.5575645535153053,0.0,0.018,0.0,0,0
2434,2025-04-14,57.23015873015873,1,0,1,1,"gas,gold,oil",1653.5654300557278,7.410689102280455,0.0,0.01,,,,,0.0,0,0
2435,2025-04-17,57.242063492063494,1,1,0,1,"gold,oil,silver",1642.6629725986113,7.40407396771882,0.0,0.01,12.324152585856433,2.511560961853526,0.0,0.018,0.0,0,0
2436,2025-04-22,57.25396825396825,1,1,1,1,"gas,gold,oil,silver",1635.62205910801,7.3997784752594145,0.0,0.01,11.911990422075654,2.477545491324606,0.0,0.018,0.0,0,0
2437,2025-04-25,57.26587301587302,1,1,1,1,"gas,gold,oil,silver",1618.1172983706915,7.389018590893512,0.0,0.01,11.891303362457688,2.4758073230682642,0.0,0.018,0.0,0,0
2438,2025-04-30,57.27777777777778,1,0,1,1,"gas,gold,oil",1613.0429269398196,7.385877690876988,0.0,0.01,,,,,0.0,0,0
2439,2025-05-05,57.28968253968254,1,1,1,1,"gas,gold,oil,silver",1580.9740286293231,7.365796409895116,0.0,0.01,11.370846130059878,2.431052722764897,0.0,0.018,0.0,0,0
2440,2025-05-08,57.301587301587304,1,1,1,0,"gas,gold,silver",1534.4924754944457,7.335954970492503,0.0,0.01,10.944565622888733,2.392843042922646,0.0,0.018,0.0,0,0
2441,2025-05-13,57.31349206349206,1,1,1,1,"gas,gold,oil,silver",1559.8049042870543,7.352316031068307,0.0,0.01,11.027659924876364,2.4004066552610004,0.0,0.018,0.0,0,0
2442,2025-05-15,57.32142857142857,1,1,1,1,"gas,gold,oil,silver",1559.8476744591796,7.352343450898592,0.0,0.01,10.942230647307778,2.392629674500791,0.0,0.018,0.0,0,0
2443,2025-05-20,57.333333333333336,1,1,1,0,"gas,gold,silver",1586.2212787440535,7.369109912477947,0.0,0.01,11.097390757638852,2.4067100138063564,0.0,0.018,0.0,0,0
2444,2025-05-23,57.345238095238095,1,1,1,1,"gas,gold,oil,silver",1603.418056676468,7.379892915037563,0.0,0.01,10.970070414565065,2.395170693096535,0.0,0.018,0.0,0,0
2445,2025-05-28,57.357142857142854,1,1,1,1,"gas,gold,oil,silver",1591.8965939906943,7.372681410771324,0.0,0.01,11.003066041427093,2.398173964998918,0.0,0.018,0.0,0,0
2446,2025-06-02,57.36904761904762,1,0,1,1,"gas,gold,oil",1591.6186229711107,7.372506779270391,0.0,0.01,,,,,0.0,0,0
2447,2025-06-05,57.38095238095238,1,0,0,1,"gold,oil",1592.661832055476,7.37316200366813,0.0,0.01,,,,,0.0,0,0
2448,2025-06-10,57.392857142857146,1,1,1,1,"gas,gold,oil,silver",1598.419983547245,7.376770910035384,0.0,0.01,10.621640504511767,2.362893477001918,0.0,0.018,0.0,0,0
2449,2025-06-12,57.40079365079365,0,1,1,1,"gas,oil,silver",,,,,11.114799364996971,2.4082774964207605,0.0,0.018,0.0,0,0
2450,2025-06-17,57.41269841269841,1,1,1,1,"gas,gold,oil,silver",1647.1333531660387,7.406791694213892,0.0,0.01,11.066497631582283,2.4039223128830676,0.0,0.018,0.0,0,0
2451,2025-06-20,57.42460317460318,1,1,1,1,"gas,gold,oil,silver",1687.4067521679451,7.430948163245356,0.0,0.01,11.50144323023864,2.4424725257765747,0.0,0.018,0.0,0,0
2452,2025-06-25,57.43650793650794,0,1,1,1,"gas,oil,silver",,,,,11.064279214797004,2.403721830377812,0.0,0.018,0.0,0,0
2453,2025-06-30,57.448412698412696,1,1,1,1,"gas,gold,oil,silver",1624.8122436101844,7.393147545694569,0.0,0.01,10.705757789900609,2.370781707943608,0.0,0.018,0.0,0,0
2454,2025-07-03,57.46031746031746,1,1,0,1,"gold,oil,silver",1625.1880863044664,7.393378833483987,0.0,0.01,10.623830459568628,2.363099634358309,0.0,0.018,0.0,0,0
2455,2025-07-08,57.47222222222222,1,1,1,1,"gas,gold,oil,silver",1636.2165291258932,7.400141861171276,0.0,0.01,10.543144320295669,2.355475821232572,0.0,0.018,0.0,0,0
2456,2025-07-11,57.48412698412698,1,1,1,1,"gas,gold,oil,silver",1637.6168853178435,7.400997345308726,0.0,0.01,10.467990983675776,2.3483221233450005,0.0,0.018,0.0,0,0
2457,2025-07-15,57.492063492063494,0,0,0,1,oil,,,,,,,,,0.0,0,0
2458,2025-07-18,57.50396825396825,0,0,1,1,"gas,oil",,,,,,,,,0.0,0,0
2459,2025-07-23,57.51587301587302,1,1,1,1,"gas,gold,oil,silver",1641.780524666119,7.403536617659694,0.0,0.01,10.524293763787393,2.3536862764892827,0.0,0.018,0.0,0,0
2460,2025-07-28,57.52777777777778,1,1,1,1,"gas,gold,oil,silver",1622.1062784158019,7.391480755596511,0.0,0.01,10.247540250864168,2.3270377012602363,0.0,0.018,0.0,0,0
2461,2025-07-31,57.53968253968254,1,1,1,1,"gas,gold,oil,silver",1637.23425922586,7.400763669897639,0.0,0.01,10.056029311655951,2.3081723861261754,0.0,0.018,0.0,0,0
2462,2025-08-05,57.551587301587304,0,1,1,0,"gas,silver",,,,,10.225485012700155,2.3248831348088137,0.0,0.018,0.0,0,0
2463,2025-08-08,57.56349206349206,1,1,1,1,"gas,gold,oil,silver",1680.854203698205,7.427057397760338,0.0,0.01,10.426281568087845,2.344329692320003,0.0,0.018,0.0,0,0
2464,2025-08-13,57.57539682539682,1,1,1,1,"gas,gold,oil,silver",1738.3674259152292,7.460701690797972,0.0,0.01,11.187352849323915,2.4147839303814127,0.0,0.018,0.0,0,0
2465,2025-08-15,57.583333333333336,1,0,1,1,"gas,gold,oil",1765.4949705981044,7.476186366651897,0.0,0.01,,,,,0.0,0,0
2466,2025-08-20,57.595238095238095,1,1,1,1,"gas,gold,oil,silver",1821.3554188680473,7.507336238534645,0.0,0.01,12.172447292549245,2.4991749790221522,0.0,0.018,0.0,0,0
2467,2025-08-25,57.607142857142854,1,0,1,0,"gas,gold",1835.9739843738532,7.515330401349027,0.0,0.01,,,,,0.0,0,0
2468,2025-08-28,57.61904761904762,1,1,1,1,"gas,gold,oil,silver",1826.288248069335,7.510040906346944,0.0,0.01,12.055312877125365,2.4895054654336493,0.0,0.018,0.0,0,0
2469,2025-09-02,57.63095238095238,1,1,1,1,"gas,gold,oil,silver",1849.0036208582915,7.522402189664435,0.0,0.01,12.073300363256445,2.4909964329653542,0.0,0.018,0.0,0,0
2470,2025-09-05,57.642857142857146,1,1,1,1,"gas,gold,oil,silver",1865.2040362110238,7.531125728887981,0.0,0.01,12.364817379323345,2.5148551317032424,0.0,0.018,0.0,0,0
2471,2025-09-10,57.654761904761905,1,1,1,1,"gas,gold,oil,silver",1914.5687443687773,7.557247677490657,0.0,0.01,13.068818638719192,2.5702291363068253,0.0,0.018,0.0,0,0
2472,2025-09-15,57.666666666666664,1,1,1,1,"gas,gold,oil,silver",1848.8759566244307,7.522333142400328,0.0,0.01,12.61579167632578,2.5349493368679163,0.0,0.018,0.0,0,0
2473,2025-09-17,57.67460317460318,0,1,1,1,"gas,oil,silver",,,,,12.712224369274935,2.542564079273345,0.0,0.018,0.0,0,0
2474,2025-09-22,57.68650793650794,1,1,0,1,"gold,oil,silver",1832.0022390145994,7.51316476740287,0.0,0.01,12.386753745939249,2.5166276553340268,0.0,0.018,0.0,0,0
2475,2025-09-25,57.698412698412696,1,1,1,0,"gas,gold,silver",1869.6896760296722,7.533527747430398,0.0,0.01,12.795080036320623,2.549060724873206,0.0,0.018,0.0,0,0
2476,2025-09-30,57.71031746031746,1,1,1,1,"gas,gold,oil,silver",1831.6704623633298,7.512983650431339,0.0,0.01,12.644050407850528,2.5371867810466684,0.0,0.018,0.0,0,0
2477,2025-10-03,57.72222222222222,1,1,1,1,"gas,gold,oil,silver",1825.4684363705478,7.5095919105438815,0.0,0.01,12.856124712350224,2.5538203290999073,0.0,0.018,0.0,0,0
2478,2025-10-08,57.73412698412698,1,1,1,0,"gas,gold,silver",1890.7153376128133,7.54471052195554,0.0,0.01,13.936214063899897,2.634490780490159,0.0,0.018,0.0,0,0
2479,2025-10-13,57.74603174603175,1,1,1,1,"gas,gold,oil,silver",1926.5365111728013,7.563479115961787,0.0,0.01,13.972287090645082,2.6370758743032754,0.0,0.018,0.0,0,0
2480,2025-10-15,57.75396825396825,0,1,0,1,"oil,silver",,,,,14.20045716102582,2.6532741585274233,0.0,0.018,0.0,0,0
2481,2025-10-20,57.76587301587302,1,1,1,1,"gas,gold,oil,silver",1945.3901147765507,7.573217809090339,0.0,0.01,14.052632217351292,2.6428097246633007,0.0,0.018,0.0,0,0
2482,2025-10-23,57.77777777777778,1,0,1,1,"gas,gold,oil",1994.6933790507032,7.598245622800294,0.0,0.01,,,,,0.0,0,0
2483,2025-10-28,57.78968253968254,1,1,1,1,"gas,gold,oil,silver",2003.8002726696095,7.602800792901413,0.0,0.01,14.757907348055346,2.6917790305337563,0.0,0.018,0.0,0,0
2484,2025-10-31,57.801587301587304,1,1,1,1,"gas,gold,oil,silver",1942.8877774177095,7.571930690333047,0.0,0.01,14.214461720383186,2.654259877371089,0.0,0.018,0.0,0,0
2485,2025-11-05,57.81349206349206,1,1,1,0,"gas,gold,silver",1951.6257774591106,7.576418036226614,0.0,0.01,14.161283590996065,2.650511733238837,0.0,0.018,0.0,0,0
2486,2025-11-10,57.82539682539682,1,0,1,1,"gas,gold,oil",1997.8018632285355,7.599802786737786,0.0,0.01,,,,,0.0,0,0
2487,2025-11-13,57.83730158730159,1,1,1,1,"gas,gold,oil,silver",1961.743034317447,7.581588660251921,0.0,0.01,14.115949117489702,2.6473053012081778,0.0,0.018,0.0,0,0
2488,2025-11-17,57.845238095238095,1,1,1,1,"gas,gold,oil,silver",1992.516219433324,7.59715355087381,0.0,0.01,14.436718659837926,2.6697748680184326,0.0,0.018,0.0,0,0
2489,2025-11-20,57.857142857142854,1,0,1,1,"gas,gold,oil",2011.305907939708,7.606539495528554,0.0,0.01,,,,,0.0,0,0
2490,2025-11-25,57.86904761904762,1,1,1,1,"gas,gold,oil,silver",2039.108512689369,7.620267987740726,0.0,0.01,14.246613598609896,2.6565192362704626,0.0,0.018,0.0,0,0
2491,2025-11-28,57.88095238095238,1,1,1,1,"gas,gold,oil,silver",2071.473206384377,7.636015327030899,0.0,0.01,14.63406337108411,2.6833519188531803,0.0,0.018,0.0,0,0
2492,2025-12-03,57.892857142857146,1,1,1,1,"gas,gold,oil,silver",2031.0458821650698,7.6163061522484385,0.0,0.01,14.293008919090344,2.6597705309448583,0.0,0.018,0.0,0,0
2493,2025-12-08,57.904761904761905,1,0,0,1,"gold,oil",2081.644685699679,7.640913574524215,0.0,0.01,,,,,0.0,0,0
2494,2025-12-11,57.916666666666664,1,1,0,1,"gold,oil,silver",2058.4334960019064,7.629700533669328,0.0,0.01,14.781149554329188,2.6933526901903306,0.0,0.018,0.0,0,0
2495,2025-12-16,57.92857142857143,0,0,1,0,gas,,,,,,,,,0.0,0,0
2496,2025-12-18,57.93650793650794,1,1,1,0,"gas,gold,silver",2057.324199754866,7.629161485282177,0.0,0.01,15.308278386429397,2.7283937530807085,0.0,0.018,0.0,0,0
2497,2025-12-23,57.948412698412696,1,0,1,0,"gas,gold",2065.680833801255,7.633215152654175,0.0,0.01,,,,,0.0,0,0
2498,2025-12-26,57.96031746031746,1,1,1,1,"gas,gold,oil,silver",2006.4447714206096,7.6041196644941715,0.0,0.01,14.650033701804352,2.684442635924891,0.0,0.018,0.0,0,0
2499,2025-12-31,57.97222222222222,1,1,1,1,"gas,gold,oil,silver",2018.9260723165614,7.61032100165264,0.0,0.01,14.82122684112341,2.6960603992434833,0.0,0.018,0.0,0,0
2500,1974-09-06,4.845238095238095,1,1,0,1,"gold,oil,silver",77.90215264964068,4.355453585994785,0.0,0.07740108923759764,1.1400877096420496,0.13110519772930587,0.0,0.11910163385639647,0.06740108923759765,1,1
2501,1976-02-23,6.357142857142857,1,0,0,1,"gold,oil",104.68611286267904,4.6509664716646535,0.0,0.011555409751636866,,,,,0.0015554097516368654,1,1
2502,1974-09-02,4.829365079365079,1,1,1,0,"gas,gold,silver",87.51030533696053,4.471756561708154,0.0,0.07809238246054737,1.1321089601228314,0.12408222967429103,0.0,0.12013857369082105,0.06809238246054737,1,1
2503,1975-08-21,5.833333333333333,1,1,1,1,"gas,gold,oil,silver",95.76391845611118,4.561885979962569,0.0,0.03436808610897761,1.3286810544132779,0.2841867617743081,0.0,0.05455212916346641,0.024368086108977612,1,1
2504,1975-11-03,6.0396825396825395,1,1,0,0,"gold,silver",95.87309161130493,4.563025354522481,0.0,0.025381274210631258,1.442035390262027,0.3660555810456642,0.0,0.04107191131594688,0.015381274210631258,1,1
2505,1974-10-17,4.9603174603174605,1,0,0,1,"gold,oil",77.29380112920077,4.347613760000057,0.0,0.07238921337121218,,,,,0.062389213371212185,1,1
2506,1974-11-18,5.0476190476190474,1,1,1,1,"gas,gold,oil,silver",81.76144739065568,4.403805829217678,0.0,0.06858710064498873,1.6500115363419285,0.5007822796104282,0.0,0.10588065096748309,0.058587100644988725,1,1
2507,1974-10-04,4.924603174603175,1,1,1,1,"gas,gold,oil,silver",80.50154960347342,4.388276433971833,0.0,0.07394462312284905,1.062346880141261,0.06048049862296134,0.0,0.11391693468427358,0.06394462312284906,1,1
2508,1974-05-17,4.527777777777778,1,1,1,1,"gas,gold,oil,silver",68.76406619212773,4.230681314777349,0.0,0.09122695369659203,1.2406757086971767,0.21565615756717846,0.0,0.13984043054488807,0.08122695369659204,1,1
2509,1974-12-17,5.130952380952381,0,1,1,1,"gas,oil,silver",,,,,1.4654076956728166,0.3821334943150445,0.0,0.10043671683675406,0.0549578112245027,1,1
2510,1974-07-19,4.7063492063492065,1,1,0,1,"gold,oil,silver",78.23064518485555,4.359661452944785,0.0,0.08344990493840769,1.1928669125079634,0.17635957990034834,0.0,0.12817485740761153,0.0734499049384077,1,1
2511,1974-07-29,4.73015873015873,1,1,1,0,"gas,gold,silver",75.28729774016934,4.321311431866737,0.0,0.08241296510398312,1.1845648600811205,0.16937550046761263,0.0,0.12661944765597466,0.07241296510398312,1,1
2512,1974-06-20,4.623015873015873,1,0,1,0,"gas,gold",70.42803809336468,4.254591452247857,0.0,0.08707919435889372,,,,,0.07707919435889372,1,1
2513,1974-06-26,4.638888888888889,1,1,1,1,"gas,gold,oil,silver",74.34372530444418,4.3086992753225175,0.0,0.086387901135944,1.0247188675143426,0.024418299374177832,0.0,0.132581851703916,0.076387901135944,1,1
2514,1975-09-12,5.896825396825397,1,1,1,0,"gas,gold,silver",95.63467826674777,4.560535497657906,0.0,0.03160291321717874,1.2538615601517207,0.22622803751326107,0.0,0.05040436982576811,0.021602913217178738,1,1
2515,1974-11-07,5.01984126984127,1,1,0,1,"gold,oil,silver",90.88676637281243,4.509614406127478,0.0,0.06979686378515074,1.551584885788011,0.4392769154869983,0.0,0.10769529567772611,0.059796863785150735,1,1
2516,1975-03-11,5.369047619047619,1,1,1,1,"gas,gold,oil,silver",97.55342752067958,4.580400202491634,0.0,0.05458841288025691,1.524603097455254,0.42173411222106405,0.0,0.08488261932038536,0.04458841288025691,1,1
2517,1975-03-20,5.396825396825397,1,1,1,1,"gas,gold,oil,silver",99.4927808965598,4.600085087728973,0.0,0.0533786497400949,1.4528983603182177,0.3735604305366128,0.0,0.08306797461014236,0.0433786497400949,1,1
2518,1975-04-23,5.492063492063492,1,1,0,1,"gold,oil,silver",96.72389357337686,4.571860461631277,0.0,0.04923089040239658,1.4292016909813159,0.35711603033274575,0.0,0.07684633560359487,0.03923089040239658,1,1
2519,1975-12-11,6.150793650793651,1,1,1,1,"gas,gold,oil,silver",98.3395127024295,4.588425906738951,0.0,0.02054222164998322,1.6103226640111081,0.4764345713457432,0.0,0.033813332474974825,0.01054222164998322,1,1
2520,1974-06-05,4.579365079365079,1,1,1,1,"gas,gold,oil,silver",77.28446510377862,4.347492966493168,0.0,0.08898025072200545,1.104671645099091,0.09954813705431173,0.0,0.13647037608300816,0.07898025072200546,1,1
2521,1974-08-13,4.773809523809524,1,1,1,1,"gas,gold,oil,silver",73.97042404865782,4.303665338294684,0.0,0.08051190874087139,1.2414508734862124,0.21628075489416443,0.0,0.12376786311130708,0.07051190874087139,1,1
2522,1974-04-22,4.4523809523809526,1,1,1,1,"gas,gold,oil,silver",66.21323246656472,4.192880329170261,0.0,0.0945105965056032,0.9948885545207832,-0.005124553603380044,0.0,0.14476589475840482,0.0845105965056032,1,1
2523,1974-06-19,4.619047619047619,1,1,1,1,"gas,gold,oil,silver",66.49021837679845,4.197054844764489,0.0,0.08725201766463114,1.18884871243778,0.17298537028400182,0.0,0.13387802649694672,0.07725201766463115,1,1
2524,1974-10-21,4.968253968253968,1,1,1,1,"gas,gold,oil,silver",87.18700035560582,4.468055241310872,0.0,0.07204356675973732,1.453764179575789,0.37415617859562944,0.0,0.11106535013960599,0.06204356675973732,1,1
2525,1974-10-18,4.964285714285714,1,1,1,1,"gas,gold,oil,silver",87.75668038843423,4.474567989230977,0.0,0.07221639006547476,1.4256756106266102,0.35464581408511775,0.0,0.11132458509821214,0.062216390065474754,1,1
2526,1975-03-31,5.424603174603175,1,1,1,1,"gas,gold,oil,silver",91.61250648283689,4.517567796015638,0.0,0.05216888659993289,1.5654371169603742,0.4481650929548099,0.0,0.08125332989989933,0.04216888659993289,1,1
2527,1974-11-27,5.075396825396825,1,1,1,1,"gas,gold,oil,silver",84.51144742328697,4.436886997652497,0.0,0.06737733750482672,1.4861488947829384,0.3961881396494902,0.0,0.10406600625724009,0.05737733750482672,1,1
2528,1975-03-24,5.404761904761905,1,1,1,1,"gas,gold,oil,silver",96.06317176488193,4.565006014272484,0.0,0.05303300312862003,1.523701114664513,0.4211423190440713,0.0,0.08254950469293006,0.04303300312862003,1,1
2529,1974-07-10,4.678571428571429,1,1,1,1,"gas,gold,oil,silver",69.07879544743533,4.235247816059793,0.0,0.0846596680785697,1.1615546180625433,0.14975929585287362,0.0,0.12998950211785454,0.0746596680785697,1,1
2530,1974-05-29,4.559523809523809,1,1,1,1,"gas,gold,oil,silver",72.84921778421948,4.28839179523586,0.0,0.08984436725069259,1.2019572949810746,0.18395130717993619,0.0,0.1377665508760389,0.07984436725069259,1,1
2531,1974-09-09,4.849206349206349,1,0,0,0,gold,86.08986007609124,4.455391635347265,0.0,0.07722826593186022,,,,,0.06722826593186022,1,1
2532,1974-05-14,4.515873015873016,1,1,0,1,"gold,oil,silver",69.68790353457199,4.244026752268302,0.0,0.09174542361380432,1.2263366931683997,0.2040314271912472,0.0,0.14061813542070647,0.08174542361380432,1,1
2533,1974-10-01,4.912698412698413,1,1,1,1,"gas,gold,oil,silver",78.38781052598313,4.361668437283498,0.0,0.07446309304006134,1.1647221781793087,0.1524825849124683,0.0,0.11469463956009202,0.06446309304006134,1,1
2534,1974-12-03,5.091269841269841,1,0,0,0,gold,89.11408490761123,4.489917401754643,0.0,0.066686044281877,,,,,0.05668604428187699,1,1
2535,1975-06-23,5.662698412698413,1,1,1,1,"gas,gold,oil,silver",90.21270686673243,4.502170291500736,0.0,0.04179948825568709,1.3163028827900911,0.2748269605175486,0.0,0.06569923238353063,0.03179948825568709,1,1
2536,1975-10-31,6.035714285714286,1,1,1,1,"gas,gold,oil,silver",95.00701740759457,4.553950756320839,0.0,0.02555409751636869,1.459982364160281,0.3784243563050159,0.0,0.04133114627455303,0.01555409751636869,1,1
2537,1974-04-30,4.476190476190476,1,1,1,1,"gas,gold,oil,silver",67.13959175093943,4.206773910969497,0.0,0.09347365667117861,1.1544276466886885,0.14360467715877745,0.0,0.14321048500676792,0.08347365667117862,1,1
2538,1976-01-22,6.26984126984127,1,1,1,0,"gas,gold,silver",105.33976849933616,4.657191016400808,0.0,0.015357522477860326,1.9892559372208936,0.6877606679240095,0.0,0.02603628371679049,0.005357522477860326,1,1
2539,1975-06-24,5.666666666666667,1,1,0,1,"gold,oil,silver",93.02310934408396,4.532847949856128,0.0,0.04162666494994967,1.4318952419923954,0.35899891082925045,0.0,0.0654399974249245,0.031626664949949666,1,1
2540,1976-02-24,6.361111111111111,1,1,1,1,"gas,gold,oil,silver",105.3379582819152,4.657173831694587,0.0,0.011382586445899442,1.9318482681471685,0.658477196550491,0.0,0.020073879668849163,0.001382586445899442,1,1
2541,1974-05-23,4.5436507936507935,1,1,0,1,"gold,oil,silver",73.72296677915784,4.300314375876257,0.0,0.09053566047364231,1.2845364625601026,0.25039792374342495,0.0,0.13880349071046347,0.08053566047364231,1,1
2542,1974-10-07,4.928571428571429,1,1,1,1,"gas,gold,oil,silver",76.36432707356411,4.3355156640090415,0.0,0.07377179981711163,1.3700589416805138,0.31485376203902804,0.0,0.11365769972566744,0.06377179981711163,1,1
2543,1975-01-02,5.178571428571429,1,1,1,1,"gas,gold,oil,silver",87.64823955309203,4.473331526203667,0.0,0.06288393155565354,1.55120783575271,0.43903387634710384,0.0,0.09732589733348032,0.05288393155565354,1,1
2544,1975-07-16,5.73015873015873,1,1,1,1,"gas,gold,oil,silver",100.30368427973072,4.608202426892773,0.0,0.03886149205815079,1.3923202691172891,0.33097161383711166,0.0,0.06129223808722617,0.028861492058150785,1,1
2545,1974-08-28,4.817460317460317,1,1,1,1,"gas,gold,oil,silver",85.86941818064976,4.452827749077996,0.0,0.07861085237775967,1.41726387462554,0.34872816399657514,0.0,0.1209162785666395,0.06861085237775967,1,1
2546,1974-11-26,5.071428571428571,1,0,1,0,"gas,gold",82.28466592871608,4.410184771109787,0.0,0.06755016081056414,,,,,0.05755016081056415,1,1
2547,1974-08-08,4.761904761904762,1,1,0,1,"gold,oil,silver",76.98131147765125,4.343562684312859,0.0,0.08103037865808367,1.0185324380423304,0.018362805016372413,0.0,0.12454556798712552,0.07103037865808368,1,1
2548,1975-01-08,5.194444444444445,1,1,1,1,"gas,gold,oil,silver",88.19705340844688,4.479573554387188,0.0,0.062192638332703824,1.6861716487226024,0.5224606626553261,0.0,0.09628895749905574,0.05219263833270382,1,1
2549,1975-02-18,5.309523809523809,1,1,1,0,"gas,gold,silver",93.10784125871078,4.533758404782678,0.0,0.05718076246631836,1.5365124967144366,0.4295152357895852,0.0,0.08877114369947754,0.04718076246631836,1,1
2550,1975-06-10,5.626984126984127,1,1,1,1,"gas,gold,oil,silver",94.30029747214263,4.546484344164051,0.0,0.04335489800732397,1.3692878275287899,0.31429077075894707,0.0,0.06803234701098596,0.03335489800732397,1,1
2551,1975-04-10,5.4563492063492065,1,0,0,0,gold,94.85333808906898,4.55233188910987,0.0,0.05078630015403345,,,,,0.04078630015403345,1,1
2552,1974-05-13,4.511904761904762,1,1,1,1,"gas,gold,oil,silver",75.31510852289516,4.3216807590738116,0.0,0.09191824691954176,1.2358727003690237,0.21177736050238705,0.0,0.14087737037931264,0.08191824691954176,1,1
2553,1975-03-26,5.412698412698413,1,1,1,1,"gas,gold,oil,silver",98.10674683184023,4.586056139250665,0.0,0.05268735651714518,1.6721460465904103,0.5141078592870978,0.0,0.08203103477571777,0.04268735651714518,1,1
2554,1974-05-03,4.488095238095238,1,1,1,1,"gas,gold,oil,silver",69.48378017115239,4.241093346501329,0.0,0.09295518675396633,1.2208122047858778,0.19951637886528226,0.0,0.1424327801309495,0.08295518675396633,1,1
2555,1974-10-25,4.984126984126984,1,1,1,1,"gas,gold,oil,silver",85.3461819463919,4.446715714161256,0.0,0.07135227353678761,1.3419557353589568,0.2941280539212683,0.0,0.11002841030518141,0.061352273536787606,1,1
2556,1974-12-24,5.150793650793651,1,1,1,1,"gas,gold,oil,silver",86.18446283077141,4.456489915840762,0.0,0.06409369469581555,1.7979824080591964,0.5866651518298148,0.0,0.09914054204372333,0.05409369469581555,1,1
2557,1974-05-06,4.492063492063492,1,1,0,0,"gold,silver",66.01866214268235,4.1899374617950365,0.0,0.0927823634482289,1.4081653129534975,0.34228766061197236,0.0,0.14217354517234337,0.08278236344822891,1,1
2558,1975-06-19,5.654761904761905,1,1,1,1,"gas,gold,oil,silver",92.70635628365444,4.529437038545321,0.0,0.04214513486716196,1.3250672611445744,0.2814632212777623,0.0,0.06621770230074293,0.03214513486716196,1,1
2559,1974-08-12,4.76984126984127,1,0,0,1,"gold,oil",62.91861425700888,4.141842054060213,0.0,0.08068473204660881,,,,,0.07068473204660881,1,1
2560,1975-11-24,6.099206349206349,1,1,1,1,"gas,gold,oil,silver",96.54613139396609,4.570020939650904,0.0,0.022788924624569808,1.46153169731655,0.37948499354235954,0.0,0.037183386936854704,0.012788924624569806,1,1
2561,1975-03-18,5.388888888888889,1,1,0,0,"gold,silver",93.4810178204039,4.53775839772011,0.0,0.053724296351569764,1.4742771756609963,0.38816781927851873,0.0,0.08358644452735464,0.04372429635156976,1,1
2562,1975-05-02,5.51984126984127,1,1,1,1,"gas,gold,oil,silver",92.86651708575333,4.531163161970125,0.0,0.04802112726223457,1.4243866368773799,0.35374129079743044,0.0,0.07503169089335186,0.03802112726223457,1,1
2563,1975-01-23,5.238095238095238,1,1,1,1,"gas,gold,oil,silver",80.19679690586631,4.384483575245295,0.0,0.06029158196959209,1.5412584085152776,0.43259923112810605,0.0,0.09343737295438814,0.05029158196959209,1,1
2564,1974-07-05,4.666666666666667,1,1,0,0,"gold,silver",70.90956821715598,4.261405378130196,0.0,0.08517813799578199,1.4089111036092328,0.3428171390945395,0.0,0.13076720699367297,0.07517813799578199,1,1
2565,1974-09-16,4.869047619047619,1,1,1,0,"gas,gold,silver",79.59839394340067,4.376993916056343,0.0,0.07636414940317307,1.207315027124611,0.1883989081640331,0.0,0.11754622410475961,0.06636414940317308,1,1
2566,1974-06-13,4.603174603174603,1,1,0,1,"gold,oil,silver",79.91361290580295,4.380946212550578,0.0,0.08794331088758087,1.3069923047364118,0.26772854689438635,0.0,0.13491496633137132,0.07794331088758087,1,1
2567,1974-12-16,5.126984126984127,1,0,0,1,"gold,oil",86.52446241302604,4.460427176419484,0.0,0.06513063453024012,,,,,0.05513063453024013,1,1
2568,1976-02-03,6.301587301587301,1,1,1,1,"gas,gold,oil,silver",104.61914716064102,4.650326586127945,0.0,0.013974936031960886,1.9162202028961497,0.6503546013875682,0.0,0.023962404047941324,0.0039749360319608846,1,1
2569,1975-07-10,5.714285714285714,1,1,1,1,"gas,gold,oil,silver",98.4153121495626,4.589196403228072,0.0,0.039552785281100504,1.4413221849887514,0.3655608763347794,0.0,0.062329177921650755,0.029552785281100506,1,1
2570,1974-08-26,4.809523809523809,1,1,1,1,"gas,gold,oil,silver",86.03111183204125,4.454708996321003,0.0,0.07895649898923451,1.2281482861514819,0.20550757662976754,0.0,0.12143474848385179,0.06895649898923452,1,1
2571,1975-08-15,5.817460317460317,1,1,0,0,"gold,silver",95.0208920028687,4.554096783242272,0.0,0.035059379331927334,1.3583834826407724,0.30629537707873766,0.0,0.055589068997891,0.025059379331927333,1,1
2572,1976-02-10,6.321428571428571,1,1,1,0,"gas,gold,silver",103.29778643512529,4.637615947388015,0.0,0.01311081950327374,1.9265159955208397,0.6557131879412958,0.0,0.02266622925491061,0.00311081950327374,1,1
2573,1975-03-28,5.420634920634921,1,1,1,1,"gas,gold,oil,silver",105.48145126724476,4.658535120086348,0.0,0.052341709905670324,1.4551877981744197,0.3751349632047766,0.0,0.08151256485850548,0.04234170990567032,1,1
2574,1974-06-07,4.587301587301587,1,1,1,0,"gas,gold,silver",82.49259177198611,4.412708492605471,0.0,0.08863460411053058,1.4632978035684887,0.38069265810267183,0.0,0.1359519061657959,0.07863460411053058,1,1
2575,1974-11-15,5.0436507936507935,1,1,0,1,"gold,oil,silver",84.90903364116477,4.441580490968588,0.0,0.06875992395072615,1.4819463696172126,0.39335633837646283,0.0,0.10613988592608924,0.058759923950726156,1,1
2576,1975-11-21,6.095238095238095,1,1,0,1,"gold,oil,silver",94.88823807890793,4.552699757775635,0.0,0.02296174793030724,1.4608244245073787,0.37900095067181494,0.0,0.037442621895460854,0.012961747930307238,1,1
2577,1974-07-01,4.650793650793651,1,1,1,1,"gas,gold,oil,silver",70.5958849149452,4.256971855476702,0.0,0.08586943121873171,0.9485494086165077,-0.05282139964431384,0.0,0.13180414682809757,0.07586943121873171,1,1
2578,1974-11-20,5.055555555555555,1,1,0,0,"gold,silver",84.54513813359723,4.437285570836089,0.0,0.06824145403351387,1.4425811162574322,0.366433950926501,0.0,0.1053621810502708,0.05824145403351387,1,1
2579,1975-04-11,5.4603174603174605,1,1,1,1,"gas,gold,oil,silver",95.00115116428267,4.553889009045889,0.0,0.05061347684829603,1.4712827119830552,0.38613461348828765,0.0,0.07892021527244404,0.040613476848296026,1,1
2580,1976-01-15,6.25,1,1,0,1,"gold,oil,silver",106.66449733610153,4.669688369444805,0.0,0.01622163900654748,2.0712905645343853,0.7281718741338541,0.0,0.027332458509821217,0.00622163900654748,1,1
2581,1975-04-09,5.4523809523809526,1,1,0,1,"gold,oil,silver",93.11716320105839,4.5338585196129335,0.0,0.05095912345977088,1.4706574323131305,0.38570953367790994,0.0,0.07943868518965631,0.04095912345977088,1,1
2582,1974-11-21,5.059523809523809,0,1,0,1,"oil,silver",,,,,1.5231901175979135,0.4208068971123793,0.0,0.10510294609166465,0.05806863072777643,1,1
2583,1975-04-29,5.507936507936508,1,1,1,1,"gas,gold,oil,silver",91.00646447657329,4.510930542197858,0.0,0.048539597179446864,1.582311673011721,0.45888686195866596,0.0,0.07580939576917028,0.03853959717944686,1,1
2584,1974-08-19,4.7896825396825395,1,1,1,0,"gas,gold,silver",70.66375595433696,4.257932795830179,0.0,0.07982061551792166,1.1677417825978667,0.15507178342209177,0.0,0.1227309232768825,0.06982061551792167,1,1
2585,1974-05-15,4.51984126984127,1,1,1,1,"gas,gold,oil,silver",73.22275752513312,4.293506267801474,0.0,0.0915726003080669,1.229990709745123,0.20700661630305614,0.0,0.14035890046210034,0.0815726003080669,1,1
2586,1975-09-30,5.944444444444445,1,1,1,1,"gas,gold,oil,silver",90.70469400964731,4.507609108920282,0.0,0.029529033548329572,1.209661885682603,0.19034088723972212,0.0,0.04729355032249436,0.019529033548329574,1,1
2587,1974-12-09,5.107142857142857,1,0,0,0,gold,96.24547710350735,4.566901980931385,0.0,0.06599475105892728,,,,,0.05599475105892728,1,1
2588,1975-12-25,6.190476190476191,1,1,1,0,"gas,gold,silver",98.88416410143434,4.593949105498985,0.0,0.018813988592608924,1.6751585683594723,0.5159078284736248,0.0,0.03122098288891338,0.008813988592608922,1,1
2589,1974-06-21,4.626984126984127,1,1,1,1,"gas,gold,oil,silver",77.98525200911213,4.356519732006064,0.0,0.08690637105315628,1.4157336716696942,0.3476478926023006,0.0,0.13335955657973442,0.07690637105315629,1,1
2590,1974-04-19,4.448412698412699,1,1,1,1,"gas,gold,oil,silver",75.41680043470932,4.323030067630255,0.0,0.09468341981134062,1.1497312599726994,0.13952822808584034,0.0,0.14502512971701095,0.08468341981134063,1,1
2591,1975-01-13,5.2063492063492065,1,1,1,1,"gas,gold,oil,silver",88.28101656735048,4.480525096584475,0.0,0.06167416841549153,1.8063831198531397,0.5913265697355977,0.0,0.0955112526232373,0.05167416841549153,1,1
2592,1975-06-18,5.650793650793651,1,1,1,1,"gas,gold,oil,silver",92.01097936042147,4.521907910802631,0.0,0.04231795817289939,1.3476169545905272,0.2983378137938587,0.0,0.06647693725934908,0.03231795817289939,1,1
2593,1975-04-16,5.472222222222222,1,1,1,1,"gas,gold,oil,silver",87.07726303036503,4.466795805352933,0.0,0.05009500693108373,1.5559435846277947,0.4420821684329693,0.0,0.07814251039662559,0.040095006931083726,1,1
2594,1975-02-13,5.2976190476190474,1,1,1,1,"gas,gold,oil,silver",89.8753288387681,4.498423474880338,0.0,0.05769923238353065,1.5169986035442178,0.41673377982821125,0.0,0.08954884857529598,0.047699232383530646,1,1
2595,1974-10-15,4.9523809523809526,1,1,0,1,"gold,oil,silver",78.87877112923401,4.367912131182585,0.0,0.07273485998268704,1.2493318144146037,0.22260885992392548,0.0,0.11210228997403057,0.06273485998268705,1,1
2596,1975-09-18,5.912698412698413,1,1,0,1,"gold,oil,silver",93.20683551759785,4.534821061465615,0.0,0.03091161999422902,1.334519067115941,0.2885709775954716,0.0,0.049367429991343525,0.020911619994229018,1,1
2597,1975-09-09,5.884920634920635,1,1,1,1,"gas,gold,oil,silver",97.69605933513347,4.581861223896836,0.0,0.03212138313439103,1.2931642745500838,0.2570921408689909,0.0,0.05118207470158653,0.022121383134391027,1,1
2598,1975-06-04,5.611111111111111,1,1,1,0,"gas,gold,silver",87.21193819254889,4.468341227422034,0.0,0.04404619123027369,1.3840898914153599,0.32504280553091325,0.0,0.06906928684541053,0.034046191230273685,1,1
2599,1975-05-27,5.587301587301587,1,1,1,1,"gas,gold,oil,silver",86.48714779923684,4.459995822543036,0.0,0.045083131064698266,1.3792355867175456,0.32152942302882986,0.0,0.0706246965970474,0.035083131064698264,1,1
2600,1974-07-26,4.726190476190476,1,1,1,0,"gas,gold,silver",70.14595445011658,4.2505781348942815,0.0,0.08258578840972054,1.1769886976348096,0.16295922554283188,0.0,0.12687868261458082,0.07258578840972055,1,1
2601,1975-02-14,5.301587301587301,1,1,1,1,"gas,gold,oil,silver",87.0763487682326,4.466785305862018,0.0,0.05752640907779322,1.5547154416965339,0.44129253319189515,0.0,0.08928961361668983,0.047526409077793215,1,1
2602,1975-11-05,6.0476190476190474,1,1,1,1,"gas,gold,oil,silver",97.083353361632,4.575569922511852,0.0,0.025035627599156403,1.4427924132923382,0.36658041171095046,0.0,0.0405534413987346,0.015035627599156403,1,1
2603,1974-10-03,4.920634920634921,1,0,1,1,"gas,gold,oil",69.13650010816471,4.236082812850129,0.0,0.07411744642858648,,,,,0.06411744642858648,1,1
2604,1974-06-12,4.599206349206349,1,1,1,1,"gas,gold,oil,silver",70.94230323770938,4.261866916223402,0.0,0.08811613419331829,1.1153131633460953,0.10913522946470547,0.0,0.13517420128997745,0.0781161341933183,1,1
2605,1974-05-08,4.5,1,1,1,0,"gas,gold,silver",74.23386978158246,4.307220512083458,0.0,0.09243671683675404,1.266700362302902,0.23641537952848887,0.0,0.14165507525513107,0.08243671683675405,1,1
2606,1975-05-20,5.567460317460317,1,0,1,1,"gas,gold,oil",91.74174085498547,4.518977464953509,0.0,0.045947247593385414,,,,,0.03594724759338541,1,1
2607,1975-06-26,5.674603174603175,1,1,1,1,"gas,gold,oil,silver",91.41309574653093,4.515388747699103,0.0,0.041281018338474806,1.4804244540293785,0.3923288399217907,0.0,0.0649215275077122,0.031281018338474804,1,1
2608,1976-01-02,6.214285714285714,1,1,1,1,"gas,gold,oil,silver",100.64941572764796,4.611643347077873,0.0,0.017777048758184345,1.7671017167728411,0.5693407563513155,0.0,0.029665573137276517,0.007777048758184345,1,1
2609,1975-07-14,5.722222222222222,1,1,0,0,"gold,silver",97.32335076082093,4.578038947663969,0.0,0.03920713866962565,1.3221131411180262,0.27923132106399345,0.0,0.06181070800443847,0.02920713866962565,1,1
2610,1974-11-11,5.027777777777778,1,1,1,1,"gas,gold,oil,silver",76.03559851095143,4.331201632080498,0.0,0.06945121717367587,1.3008116494348334,0.26298841536389217,0.0,0.10717682576051382,0.05945121717367588,1,1
2611,1975-08-12,5.805555555555555,1,1,1,1,"gas,gold,oil,silver",94.83155352114022,4.552102196931019,0.0,0.03557784924913962,1.2903495268029432,0.25491313268301863,0.0,0.05636677387370943,0.025577849249139622,1,1
2612,1975-07-28,5.761904761904762,1,1,1,1,"gas,gold,oil,silver",103.44231409072586,4.6390141055467575,0.0,0.037478905612251354,1.4852656850878327,0.3955936687687863,0.0,0.059218358418377026,0.02747890561225135,1,1
2613,1974-04-23,4.4563492063492065,1,1,1,1,"gas,gold,oil,silver",66.06771470832294,4.190680196497358,0.0,0.09433777319986578,1.1517576592775787,0.1412891749333998,0.0,0.14450665979979865,0.08433777319986578,1,1
2614,1974-10-10,4.940476190476191,1,1,1,1,"gas,gold,oil,silver",76.98272479575765,4.343581043380868,0.0,0.07325332989989933,1.1721242132983702,0.15881766958188703,0.0,0.11287999484984901,0.06325332989989933,1,1
2615,1975-09-17,5.908730158730159,1,1,0,1,"gold,oil,silver",97.24982183311583,4.577283150446655,0.0,0.031084443299966437,1.196072590887556,0.1790433484086267,0.0,0.04962666494994966,0.02108444329996644,1,1
2616,1975-04-25,5.5,1,1,1,1,"gas,gold,oil,silver",89.77111343429748,4.4972632468809115,0.0,0.04888524379092172,1.331042743707474,0.28596265287740247,0.0,0.07632786568638257,0.03888524379092172,1,1
2617,1975-09-19,5.916666666666667,1,1,1,1,"gas,gold,oil,silver",93.60672040007422,4.539102180052203,0.0,0.030738796688491582,1.283308375942207,0.24944141212472087,0.0,0.049108195032737376,0.020738796688491584,1,1
2618,1976-01-12,6.238095238095238,1,0,0,1,"gold,oil",105.21830901187623,4.656037325197246,0.0,0.016740108923759767,,,,,0.006740108923759768,1,1
2619,1975-09-11,5.892857142857143,1,1,1,1,"gas,gold,oil,silver",91.99524559880264,4.521736897439788,0.0,0.03177573652291616,1.2755036528264019,0.24334112243443798,0.0,0.05066360478437425,0.021775736522916162,1,1
2620,1976-02-16,6.337301587301587,1,0,0,0,gold,103.88439246127037,4.643278669894351,0.0,0.01241952628032402,,,,,0.0024195262803240187,1,1
2621,1974-09-10,4.853174603174603,1,1,1,0,"gas,gold,silver",72.0775158274727,4.277742148603417,0.0,0.07705544262612278,1.1015285190663295,0.0966987780429577,0.0,0.1185831639391842,0.06705544262612279,1,1
2622,1975-04-24,5.496031746031746,1,1,1,1,"gas,gold,oil,silver",97.78704555571767,4.582792109736872,0.0,0.04905806709665915,1.3378483636151601,0.29106262465221555,0.0,0.07658710064498872,0.03905806709665915,1,1
2623,1975-06-11,5.630952380952381,1,1,1,1,"gas,gold,oil,silver",92.65432507690761,4.528875633529635,0.0,0.04318207470158654,1.3811401722070866,0.32290936978833723,0.0,0.0677731120523798,0.03318207470158654,1,1
2624,1974-07-24,4.718253968253968,1,1,1,1,"gas,gold,oil,silver",82.64510017676804,4.414555538502021,0.0,0.0829314350211954,1.1435165598040602,0.13410821605844636,0.0,0.1273971525317931,0.07293143502119541,1,1
2625,1976-03-04,6.388888888888889,1,1,1,0,"gas,gold,silver",109.54083689006251,4.696297419367129,0.0,0.010172823305737433,1.9699866151633985,0.6780267483935153,0.0,0.01825923495860615,0.0001728233057374326,1,1
2626,1975-01-10,5.2023809523809526,1,1,0,0,"gold,silver",93.53070122623744,4.538289737758646,0.0,0.061846991721228955,1.7043827876304611,0.533203043807401,0.0,0.09577048758184344,0.051846991721228954,1,1
2627,1974-05-22,4.5396825396825395,1,1,1,1,"gas,gold,oil,silver",75.00387794283716,4.317539818104102,0.0,0.09070848377937975,1.2305582908441328,0.2074679614003827,0.0,0.13906272566906963,0.08070848377937975,1,1
2628,1975-08-26,5.845238095238095,1,1,0,1,"gold,oil,silver",92.44126765873897,4.5265734986260755,0.0,0.033849616191765325,1.3554659242886824,0.3041452507904918,0.0,0.05377442428764799,0.023849616191765323,1,1
2629,1974-12-26,5.158730158730159,1,1,1,1,"gas,gold,oil,silver",90.36498978224476,4.503856911215552,0.0,0.06374804808434069,1.6801031843855958,0.5188552108062213,0.0,0.09862207212651103,0.05374804808434069,1,1
2630,1974-07-08,4.670634920634921,1,1,1,1,"gas,gold,oil,silver",66.1591261997136,4.192062843247831,0.0,0.08500531469004456,1.6821046268446025,0.5200457634476898,0.0,0.13050797203506684,0.07500531469004457,1,1
2631,1975-12-17,6.166666666666667,1,1,1,1,"gas,gold,oil,silver",99.9827206720279,4.604997377777892,0.0,0.0198509284270335,1.697223132056587,0.5289934637939168,0.0,0.032776392640550246,0.009850928427033499,1,1
2632,1974-08-27,4.813492063492063,1,1,1,1,"gas,gold,oil,silver",81.81640093353627,4.404477723921159,0.0,0.07878367568349709,1.427446771771837,0.3558873741273155,0.0,0.12117551352524564,0.0687836756834971,1,1
2633,1975-07-01,5.686507936507937,1,1,1,0,"gas,gold,silver",99.80935759577194,4.603261942406586,0.0,0.040762548421262514,1.444962253275049,0.36808319892219804,0.0,0.06414382263189378,0.030762548421262515,1,1
2634,1975-07-07,5.7023809523809526,1,1,1,0,"gas,gold,silver",100.08613631088731,4.606031178336653,0.0,0.0400712551983128,1.3950295219739033,0.33291557775470904,0.0,0.06310688279746919,0.030071255198312795,1,1
2635,1974-05-27,4.551587301587301,1,1,1,0,"gas,gold,silver",75.9774278817483,4.330436294616691,0.0,0.09019001386216746,1.1513081292600422,0.1408987996123973,0.0,0.1382850207932512,0.08019001386216747,1,1
2636,1974-05-16,4.523809523809524,1,1,1,1,"gas,gold,oil,silver",60.15508868386972,4.096926038740402,0.0,0.09139977700232947,1.3763616994851335,0.31944356796664414,0.0,0.1400996655034942,0.08139977700232948,1,1
2637,1975-09-03,5.869047619047619,1,1,1,0,"gas,gold,silver",95.59307752212302,4.560100406579109,0.0,0.032812676357340746,1.190778526913234,0.17460731750885028,0.0,0.05221901453601112,0.022812676357340748,1,1
2638,1974-06-14,4.607142857142857,1,1,0,1,"gold,oil,silver",70.18254299681767,4.251099604847939,0.0,0.08777048758184344,1.157938952004851,0.14664165928518685,0.0,0.13465573137276515,0.07777048758184345,1,1
2639,1974-07-17,4.698412698412699,1,1,1,1,"gas,gold,oil,silver",69.37906074312308,4.239585103587802,0.0,0.08379555154988255,1.3583883457846702,0.3062989571687893,0.0,0.12869332732482383,0.07379555154988256,1,1
2640,1975-11-20,6.091269841269841,1,1,1,1,"gas,gold,oil,silver",98.73368828192189,4.592426208181968,0.0,0.02313457123604467,1.4624980569163508,0.3801459715187873,0.0,0.037701856854067003,0.013134571236044671,1,1
2641,1975-03-07,5.361111111111111,1,1,1,1,"gas,gold,oil,silver",92.06887491960998,4.52253693738812,0.0,0.05493405949173177,1.384263105572938,0.325167944310536,0.0,0.08540108923759765,0.044934059491731765,1,1
2642,1975-12-09,6.142857142857143,1,1,0,1,"gold,oil,silver",96.97339437651573,4.574436656102245,0.0,0.020887868261458085,1.5853267082340594,0.46079051115719794,0.0,0.034331802392187125,0.010887868261458085,1,1
2643,1975-12-03,6.126984126984127,1,1,0,1,"gold,oil,silver",98.54973808731677,4.5905613759322526,0.0,0.021579161484407798,1.5344172477081897,0.42815066576959426,0.0,0.035368742226611696,0.011579161484407796,1,1
2644,1975-08-01,5.777777777777778,1,1,1,1,"gas,gold,oil,silver",93.00596415651101,4.532663621812142,0.0,0.03678761238930163,1.439860081324501,0.364545943120138,0.0,0.05818141858395244,0.02678761238930163,1,1
2645,1974-05-21,4.535714285714286,1,1,1,1,"gas,gold,oil,silver",70.98573172878744,4.26247889527946,0.0,0.09088130708511717,1.4088155536498914,0.3427493184923303,0.0,0.13932196062767577,0.08088130708511718,1,1
2646,1975-02-19,5.313492063492063,1,1,1,1,"gas,gold,oil,silver",90.58603641342238,4.506300077698532,0.0,0.05700793916058093,1.516286949981224,0.4162645502990467,0.0,0.08851190874087139,0.04700793916058093,1,1
2647,1974-08-21,4.7976190476190474,1,1,1,0,"gas,gold,silver",80.90700473950723,4.393300405476949,0.0,0.0794749689064468,1.140712658078771,0.13165320575421338,0.0,0.12221245335967022,0.0694749689064468,1,1
2648,1974-07-03,4.658730158730159,1,1,1,1,"gas,gold,oil,silver",70.35281012049599,4.253522727616867,0.0,0.08552378460725685,1.0841630355587397,0.08080829351519209,0.0,0.13128567691088527,0.07552378460725685,1,1
2649,1974-12-23,5.146825396825397,1,1,1,1,"gas,gold,oil,silver",92.90758927631231,4.531605335446638,0.0,0.06426651800155297,1.481501985558645,0.3930564282659173,0.0,0.09939977700232946,0.05426651800155297,1,1
2650,1975-10-02,5.9523809523809526,1,1,0,0,"gold,silver",94.01057552370735,4.5434072815130815,0.0,0.029183386936854717,1.3186415933200453,0.2766021107457947,0.0,0.046775080405282075,0.01918338693685472,1,1
2651,1976-01-19,6.257936507936508,1,0,1,0,"gas,gold",104.41414257097426,4.648365131513168,0.0,0.015875992395072615,,,,,0.005875992395072614,1,1
2652,1975-02-11,5.2896825396825395,1,1,1,1,"gas,gold,oil,silver",85.0404937107208,4.4431275396462,0.0,0.0580448789950055,1.4905774340327016,0.3991635845025478,0.0,0.09006731849250826,0.0480448789950055,1,1
2653,1975-02-10,5.285714285714286,1,1,1,1,"gas,gold,oil,silver",88.40019263062463,4.481874148720688,0.0,0.05821770230074294,1.5097544529966533,0.4119470236942565,0.0,0.09032655345111441,0.04821770230074294,1,1
2654,1975-11-27,6.111111111111111,1,1,1,1,"gas,gold,oil,silver",97.92612499387396,4.584213367807314,0.0,0.02227045470735752,1.5104468068045611,0.4124055056035591,0.0,0.036405682061036275,0.012270454707357518,1,1
2655,1975-04-04,5.440476190476191,1,1,1,0,"gas,gold,silver",96.47566453378073,4.569290795544875,0.0,0.05147759337698317,1.4865140607088125,0.3964338223475817,0.0,0.08021639006547475,0.04147759337698317,1,1
2656,1975-10-21,6.003968253968254,1,1,1,1,"gas,gold,oil,silver",98.54388550999248,4.590501987127895,0.0,0.026936683962268122,1.4374819126862024,0.36289291113104494,0.0,0.04340502594340218,0.016936683962268124,1,1
2657,1975-02-04,5.26984126984127,1,1,1,0,"gas,gold,silver",97.24350644139042,4.577218208458324,0.0,0.05890899552369265,1.4748321048172814,0.38854415607044984,0.0,0.09136349328553897,0.04890899552369265,1,1
2658,1976-02-06,6.313492063492063,1,1,1,1,"gas,gold,oil,silver",104.01576422018174,4.64454246669464,0.0,0.013456466114748596,1.908550792242417,0.6463442065468961,0.0,0.023184699172122892,0.0034564661147485957,1,1
2659,1975-07-17,5.734126984126984,1,1,1,0,"gas,gold,silver",103.00533973734034,4.63478082899598,0.0,0.03868866875241336,1.2802808479225882,0.247079466303659,0.0,0.06103300312862005,0.02868866875241336,1,1
2660,1975-01-07,5.190476190476191,1,1,1,1,"gas,gold,oil,silver",87.92484261836393,4.476482388405233,0.0,0.062365461638441255,1.6964982708373202,0.5285662859886489,0.0,0.09654819245766189,0.05236546163844125,1,1
2661,1974-06-28,4.646825396825397,1,1,1,1,"gas,gold,oil,silver",73.42468632244345,4.296260204994434,0.0,0.08604225452446913,1.172618432972514,0.15923922516902042,0.0,0.1320633817867037,0.07604225452446914,1,1
2662,1975-12-23,6.182539682539683,1,1,1,0,"gas,gold,silver",98.67912652414093,4.591873440022273,0.0,0.019159635204083786,1.6557090572208808,0.5042293504437481,0.0,0.03173945280612568,0.009159635204083787,1,1
2663,1974-05-07,4.496031746031746,1,1,1,1,"gas,gold,oil,silver",68.00951071622866,4.219647558870074,0.0,0.09260954014249148,1.227694415055191,0.20513795108230462,0.0,0.1419143102137372,0.08260954014249149,1,1
2664,1974-04-24,4.4603174603174605,1,1,0,1,"gold,oil,silver",69.43543194649267,4.2403972840075275,0.0,0.09416494989412834,1.222921711104343,0.20124284084113556,0.0,0.14424742484119252,0.08416494989412834,1,1
2665,1978-07-19,8.845238095238095,1,1,1,1,"gas,gold,oil,silver",110.00063451630128,4.700486134105791,0.0,0.032165578484267404,1.5451722051666679,0.43513536379334417,0.0,0.05124836772640111,0.022165578484267402,1,1
2666,1978-03-28,8.523809523809524,1,1,1,1,"gas,gold,oil,silver",120.63246347347811,4.792748431100332,0.0,0.04738093320651877,1.7257046344249705,0.5456354508011797,0.0,0.07407139980977814,0.037380933206518765,1,1
2667,1976-12-30,7.242063492063492,1,1,0,1,"gold,oil,silver",116.57151156359751,4.758504917851166,0.0,0.10805450821006429,2.0986640837206454,0.741300991690507,0.0,0.16508176231509644,0.0980545082100643,1,1
2668,1977-02-14,7.369047619047619,1,1,1,1,"gas,gold,oil,silver",99.29550784061944,4.598100331766209,0.0,0.1020435038753477,1.8493866151278644,0.6148540247219226,0.0,0.15606525581302155,0.09204350387534771,1,1
2669,1978-03-02,8.452380952380953,1,1,1,0,"gas,gold,silver",122.78706995437744,4.810451716638161,0.0,0.05076212314479685,2.1085867590319842,0.7460179406342068,0.0,0.07914318471719527,0.040762123144796845,1,1
2670,1977-06-06,7.686507936507937,1,0,1,0,"gas,gold",132.22281409785222,4.884488485129648,0.0,0.08701599303855624,,,,,0.07701599303855625,1,1
2671,1978-06-21,8.765873015873016,1,1,0,1,"gold,oil,silver",113.83765206492944,4.7347733287000455,0.0,0.03592245619346528,1.5756871629399247,0.4546914710591847,0.0,0.05688368429019791,0.025922456193465275,1,1
2672,1978-11-20,9.194444444444445,1,1,1,1,"gas,gold,oil,silver",100.08789546237404,4.606048754557416,0.0,0.015635316563796797,1.3840216214086243,0.32499347947852475,0.0,0.02645297484569519,0.005635316563796795,1,1
2673,1978-01-26,8.353174603174603,1,1,1,1,"gas,gold,oil,silver",141.11685740803998,4.949588323076568,0.0,0.05545822028129418,1.8711131056773507,0.6265334974569748,0.0,0.08618733042194127,0.045458220281294176,1,1
2674,1977-08-31,7.932539682539683,1,1,1,0,"gas,gold,silver",131.9451208248464,4.882386084810905,0.0,0.07536967214004286,2.1249961317970785,0.7537699820439369,0.0,0.1160545082100643,0.06536967214004287,1,1
2675,1978-08-21,8.936507936507937,1,1,0,0,"gold,silver",111.74290564640872,4.7162007473300065,0.0,0.027845169118689866,1.5407570665566093,0.43227389728916515,0.0,0.0447677536780348,0.017845169118689864,1,1
2676,1977-04-14,7.5396825396825395,1,1,1,1,"gas,gold,oil,silver",133.312546987327,4.892696348691532,0.0,0.0939662168005723,1.6336850884631906,0.49083825354536037,0.0,0.14394932520085843,0.0839662168005723,1,1
2677,1978-03-29,8.527777777777779,1,1,1,1,"gas,gold,oil,silver",118.6791830108692,4.7764239114325395,0.0,0.04719308932105887,1.6923003001404433,0.52608872778841,0.0,0.0737896339815883,0.037193089321058866,1,1
2678,1976-12-24,7.226190476190476,1,1,1,1,"gas,gold,oil,silver",124.21119592789249,4.821983309783581,0.0,0.10880588375190386,1.8803792740634693,0.6314734980178952,0.0,0.1662088256278558,0.09880588375190387,1,1
2679,1977-04-08,7.523809523809524,1,1,1,1,"gas,gold,oil,silver",151.74388164830606,5.022194110499482,0.0,0.09471759234241187,1.4613771960976525,0.37937927610491945,0.0,0.14507638851361782,0.08471759234241187,1,1
2680,1978-01-19,8.333333333333334,0,1,1,1,"gas,oil,silver",,,,,1.7424452386918752,0.5552894362960823,0.0,0.08759615956289046,0.04639743970859364,1,1
2681,1978-04-24,8.59920634920635,1,1,1,1,"gas,gold,oil,silver",114.50861178762302,4.740650032284983,0.0,0.043811899382780795,1.8585940291077272,0.6198203035607383,0.0,0.0687178490741712,0.03381189938278079,1,1
2682,1977-08-04,7.857142857142857,1,1,1,1,"gas,gold,oil,silver",124.57604524851168,4.824916334648115,0.0,0.07893870596378083,1.4784758768806945,0.3910117442359252,0.0,0.12140805894567126,0.06893870596378084,1,1
2683,1977-08-25,7.916666666666667,1,1,1,1,"gas,gold,oil,silver",118.67667500895477,4.776402778590608,0.0,0.07612104768188242,2.1639703468637297,0.7719446579623129,0.0,0.11718157152282366,0.06612104768188243,1,1
2684,1978-04-12,8.567460317460318,1,1,1,1,"gas,gold,oil,silver",122.59946713669366,4.80892267713617,0.0,0.045314650466459945,1.6943644729731548,0.5273077283252837,0.0,0.07097197569968991,0.03531465046645994,1,1
2685,1978-09-20,9.023809523809524,1,1,0,1,"gold,oil,silver",101.65630556586085,4.621597570278931,0.0,0.023712603638572204,1.451140028723563,0.3723494742240791,0.0,0.03856890545785831,0.013712603638572204,1,1
2686,1977-01-06,7.261904761904762,1,1,1,1,"gas,gold,oil,silver",132.6061274831993,4.887383286964638,0.0,0.10711528878276481,1.614586237469574,0.47907872414062574,0.0,0.16367293317414724,0.09711528878276482,1,1
2687,1977-04-27,7.575396825396825,1,0,0,0,gold,118.2032365683566,4.772405486732111,0.0,0.09227562183143326,,,,,0.08227562183143326,1,1
2688,1978-04-18,8.583333333333334,1,1,0,1,"gold,oil,silver",127.93883749217856,4.851552317629128,0.0,0.044563274924620366,1.7824592630806873,0.5779940192334855,0.0,0.06984491238693054,0.034563274924620364,1,1
2689,1978-09-13,9.003968253968255,1,1,0,0,"gold,silver",101.10453459158694,4.616154977558533,0.0,0.024651823065871672,1.3312696604434249,0.28613311877475284,0.0,0.039977734598807504,0.014651823065871672,1,1
2690,1978-07-27,8.869047619047619,1,1,0,1,"gold,oil,silver",109.33207344960833,4.694389796322887,0.0,0.031038515171508047,1.660046271049136,0.5068454761059612,0.0,0.04955777275726207,0.021038515171508048,1,1
2691,1977-08-12,7.880952380952381,1,1,1,0,"gas,gold,silver",116.11794771200331,4.75460646514564,0.0,0.07781164265102147,1.6148460275994525,0.4792396131818661,0.0,0.11971746397653223,0.06781164265102148,1,1
2692,1978-06-09,8.734126984126984,1,1,1,1,"gas,gold,oil,silver",117.5712245639162,4.7670443164409235,0.0,0.03742520727714442,1.6989107449559606,0.5299873074404848,0.0,0.059137810915716627,0.027425207277144422,1,1
2693,1977-12-01,8.194444444444445,1,1,1,1,"gas,gold,oil,silver",138.49189697147003,4.930811818294718,0.0,0.0629719756996899,2.6115256467057435,0.9599345895259646,0.0,0.09745796354953487,0.05297197569968991,1,1
2694,1977-01-18,7.2936507936507935,1,0,1,0,"gas,gold",118.28872758765215,4.773128479780307,0.0,0.10561253769908567,,,,,0.09561253769908568,1,1
2695,1978-07-25,8.86111111111111,1,1,1,0,"gas,gold,silver",112.12770938827603,4.719638484085018,0.0,0.03141420294242784,1.6494868993072591,0.5004642694344436,0.0,0.05012130441364175,0.021414202942427837,1,1
2696,1977-07-15,7.801587301587301,1,1,1,1,"gas,gold,oil,silver",127.67501053690941,4.849488055062856,0.0,0.08156852036021933,1.983182551260392,0.684702903424822,0.0,0.125352780540329,0.07156852036021934,1,1
2697,1976-12-17,7.2063492063492065,0,1,1,1,"gas,oil,silver",,,,,1.4946179409641003,0.40187061629862436,0.0,0.167617654768805,0.09974510317920333,1,1
2698,1977-03-07,7.428571428571429,1,1,1,0,"gas,gold,silver",123.37234880000678,4.815207008566376,0.0,0.09922584559344931,2.059988450993132,0.7227003764717606,0.0,0.15183876839017396,0.08922584559344932,1,1
2699,1977-03-16,7.4563492063492065,1,1,1,1,"gas,gold,oil,silver",119.20552736205649,4.780849124043223,0.0,0.09791093839523005,1.631926236608483,0.48976105736388104,0.0,0.14986640759284509,0.08791093839523005,1,1
2700,1976-12-31,7.246031746031746,1,1,1,1,"gas,gold,oil,silver",105.35029147103612,4.657290906938693,0.0,0.1078666643246044,1.4936015390225423,0.40119034365629536,0.0,0.1647999964869066,0.0978666643246044,1,1
2701,1977-07-28,7.837301587301587,1,1,1,1,"gas,gold,oil,silver",142.1905679317381,4.95716818557527,0.0,0.0798779253910803,2.061392941026242,0.7233819392556361,0.0,0.12281688808662046,0.0698779253910803,1,1
2702,1977-11-08,8.126984126984127,1,1,1,1,"gas,gold,oil,silver",143.30743949271624,4.9649922489974925,0.0,0.06616532175250808,2.27184566226325,0.8205925682096553,0.0,0.10224798262876214,0.05616532175250809,1,1
2703,1977-12-08,8.214285714285714,1,1,0,1,"gold,oil,silver",132.9760850828979,4.890169300646962,0.0,0.06203275627239044,2.8494958844901523,1.0471420959999467,0.0,0.09604913440858566,0.052032756272390436,1,1
2704,1978-11-01,9.142857142857142,1,1,1,0,"gas,gold,silver",101.39073517587522,4.618981717908466,0.0,0.01807728707477541,1.3558060442425834,0.30439614406835747,0.0,0.03011593061216311,0.008077287074775409,1,1
2705,1977-10-27,8.095238095238095,1,1,0,1,"gold,oil,silver",147.5490038723429,4.99416035024683,0.0,0.06766807283618724,2.4526172513911506,0.8971557202406261,0.0,0.10450210925428087,0.057668072836187245,1,1
2706,1977-05-27,7.662698412698413,1,1,1,0,"gas,gold,silver",135.76513010085972,4.910926408226604,0.0,0.0881430563513156,2.470944903113392,0.9046006293533464,0.0,0.1352145845269734,0.0781430563513156,1,1
2707,1977-08-03,7.853174603174603,1,1,1,1,"gas,gold,oil,silver",128.33540970238187,4.854647224987867,0.0,0.07912654984924072,1.7986466295137626,0.5870345096118817,0.0,0.12168982477386109,0.06912654984924073,1,1
2708,1977-05-06,7.603174603174603,1,0,0,0,gold,127.7019548238879,4.849699070860936,0.0,0.09096071463321401,,,,,0.08096071463321401,1,1
2709,1978-05-01,8.619047619047619,0,1,1,0,"gas,silver",,,,,1.7216394744006875,0.54327701962621,0.0,0.067309019933222,0.03287267995548133,1,1
2710,1977-02-21,7.388888888888889,1,1,1,1,"gas,gold,oil,silver",121.78139803065437,4.802227618083776,0.0,0.10110428444804824,1.4095662323803928,0.3432820204505775,0.0,0.15465642667207236,0.09110428444804824,1,1
2711,1976-12-22,7.218253968253968,1,1,1,0,"gas,gold,silver",90.58832164763196,4.5063253046040845,0.0,0.10918157152282365,1.4878730651985377,0.39734762712602245,0.0,0.16677235728423548,0.09918157152282366,1,1
2712,1978-08-16,8.924603174603174,1,1,1,1,"gas,gold,oil,silver",110.58564673893775,4.705790304345924,0.0,0.028408700775069545,1.5016552248276638,0.40656798293652463,0.0,0.045613051162604314,0.018408700775069543,1,1
2713,1978-01-23,8.341269841269842,1,1,0,1,"gold,oil,silver",126.35865765490941,4.839124352696937,0.0,0.05602175193767386,1.8931332397519964,0.638233255250505,0.0,0.08703262790651078,0.046021751937673855,1,1
2714,1978-10-23,9.115079365079366,1,1,0,0,"gold,silver",101.44744021138304,4.619540833931638,0.0,0.019392194272994667,1.3976476771207509,0.33479059282250584,0.0,0.032088291409492,0.009392194272994666,1,1
2715,1977-05-24,7.650793650793651,1,1,1,0,"gas,gold,silver",127.90528653680614,4.851290041091083,0.0,0.08870658800769529,1.9860569666590042,0.6861512493299298,0.0,0.13605988201154293,0.0787065880076953,1,1
2716,1977-03-02,7.416666666666667,1,1,1,1,"gas,gold,oil,silver",110.04897795402819,4.70092552082374,0.0,0.09978937724982899,1.5760487346901857,0.4549209139843481,0.0,0.15268406587474348,0.089789377249829,1,1
2717,1978-09-18,9.015873015873016,0,1,1,1,"gas,oil,silver",,,,,1.3977631917449924,0.33487323872303804,0.0,0.039132437114237986,0.014088291409491993,1,1
2718,1978-05-26,8.694444444444445,1,1,1,0,"gas,gold,silver",118.29514565099633,4.7731827359158405,0.0,0.03930364613174336,1.872841562931696,0.6274568298849211,0.0,0.061955469197615035,0.029303646131743355,1,1
2719,1978-06-07,8.726190476190476,1,0,0,1,"gold,oil",117.70765717154086,4.768204068832727,0.0,0.03780089504806421,,,,,0.02780089504806421,1,1
2720,1978-07-21,8.853174603174603,1,1,1,1,"gas,gold,oil,silver",111.85083803332228,4.717166180383012,0.0,0.031789890713347625,1.6395993548020042,0.49445191613857814,0.0,0.050684836070021444,0.021789890713347627,1,1
2721,1977-08-22,7.904761904761905,1,1,1,0,"gas,gold,silver",126.9006575220012,4.843404556125368,0.0,0.07668457933826212,2.2526555389978054,0.8121097598357321,0.0,0.11802686900739319,0.06668457933826212,1,1
2722,1977-03-17,7.4603174603174605,1,1,0,0,"gold,silver",123.94122271173404,4.819807442837357,0.0,0.09772309450977017,1.446803280889082,0.3693564887799101,0.0,0.14958464176465525,0.08772309450977017,1,1
2723,1977-08-29,7.924603174603175,1,1,1,1,"gas,gold,oil,silver",128.81479192837847,4.858375651240596,0.0,0.07574535991096265,1.9494532209365356,0.6675489337366345,0.0,0.11661803986644399,0.06574535991096266,1,1
2724,1978-12-28,9.305555555555555,1,1,1,1,"gas,gold,oil,silver",92.52219056047072,4.527448513698502,0.0,0.01037568777091979,1.1281025731716463,0.12053708260445925,0.0,0.01856353165637968,0.0003756877709197893,1,1
2725,1977-05-31,7.670634920634921,1,1,1,0,"gas,gold,silver",143.5967690093312,4.967009156425977,0.0,0.08776736858039581,1.7928062277441967,0.5837821172514454,0.0,0.13465105287059373,0.07776736858039582,1,1
2726,1977-10-19,8.071428571428571,1,0,0,1,"gold,oil",147.37063888525773,4.992950766462146,0.0,0.0687951361489466,,,,,0.0587951361489466,1,1
2727,1977-02-03,7.341269841269841,0,0,0,1,oil,,,,,,,,,0.09335841107356696,1,1
2728,1978-02-27,8.44047619047619,1,1,1,1,"gas,gold,oil,silver",137.0693399650976,4.920486928919065,0.0,0.051325654801176526,1.898211517943466,0.6409121365198188,0.0,0.07998848220176479,0.041325654801176524,1,1
2729,1978-07-18,8.841269841269842,1,1,1,0,"gas,gold,silver",112.77302346147255,4.7253771567518,0.0,0.032353422369727304,1.655655187713514,0.5041968143025162,0.0,0.05153013355459096,0.022353422369727302,1,1
2730,1977-05-05,7.599206349206349,1,1,1,1,"gas,gold,oil,silver",110.45763804446325,4.704632081340778,0.0,0.09114855851867389,2.0798706889444367,0.7323057230039549,0.0,0.13972283777801084,0.08114855851867389,1,1
2731,1977-04-25,7.567460317460317,1,1,1,1,"gas,gold,oil,silver",120.30290883237089,4.790012802508513,0.0,0.09265130960235304,1.8725711489285237,0.6273124324449351,0.0,0.14197696440352958,0.08265130960235305,1,1
2732,1976-12-28,7.234126984126984,1,1,1,1,"gas,gold,oil,silver",119.05670923422868,4.779599927785299,0.0,0.10843019598098408,1.4281948828143332,0.35641132716491697,0.0,0.16564529397147612,0.09843019598098408,1,1
2733,1978-05-04,8.630952380952381,1,1,1,1,"gas,gold,oil,silver",120.24287911883913,4.7895136899255055,0.0,0.04230914829910165,1.711227636347443,0.5372110289288113,0.0,0.06646372244865248,0.03230914829910165,1,1
2734,1978-03-10,8.476190476190476,1,1,1,1,"gas,gold,oil,silver",130.3454959379833,4.870188586180552,0.0,0.04963505983203748,2.006527121923863,0.6964054276650591,0.0,0.07745258974805622,0.03963505983203748,1,1
2735,1977-06-30,7.757936507936508,1,0,0,1,"gold,oil",125.69499789273749,4.833858320792764,0.0,0.08363480310027817,,,,,0.07363480310027817,1,1
2736,1977-10-05,8.031746031746032,1,0,1,1,"gas,gold,oil",134.3128972968093,4.900172132401588,0.0,0.07067357500354554,,,,,0.06067357500354554,1,1
2737,1977-12-22,8.253968253968255,0,1,1,1,"gas,oil,silver",,,,,2.4913655618531525,0.9128309785651167,0.0,0.09323147612668727,0.0501543174177915,1,1
2738,1977-01-19,7.2976190476190474,1,1,1,1,"gas,gold,oil,silver",101.86445818111201,4.623643088229997,0.0,0.10542469381362578,1.5118169681370184,0.41331221761042514,0.0,0.1611370407204387,0.09542469381362578,1,1
2739,1978-06-29,8.78968253968254,1,1,0,1,"gold,oil,silver",118.80222651439394,4.777460148456574,0.0,0.03479539288070592,1.647170871644922,0.49905919301809426,0.0,0.055193089321058875,0.024795392880705917,1,1
2740,1977-04-15,7.5436507936507935,1,0,1,0,"gas,gold",121.25031516270717,4.7978571290942735,0.0,0.0937783729151124,,,,,0.0837783729151124,1,1
2741,1977-06-10,7.7023809523809526,1,0,0,1,"gold,oil",131.3889757349583,4.878162204014534,0.0,0.08626461749671667,,,,,0.07626461749671667,1,1
2742,1977-01-03,7.25,1,1,1,1,"gas,gold,oil,silver",99.49525247728823,4.6001099292301095,0.0,0.10767882043914451,1.5643714649039202,0.447484123451557,0.0,0.16451823065871676,0.09767882043914451,1,1
2743,1977-08-17,7.892857142857143,1,1,0,0,"gold,silver",113.40588164163059,4.730973256276952,0.0,0.07724811099464178,1.9436861812665331,0.6645862636174775,0.0,0.1188721664919627,0.06724811099464179,1,1
2744,1978-04-21,8.595238095238095,1,0,0,1,"gold,oil",112.67347418793102,4.7244940267759565,0.0,0.04399974326824069,,,,,0.033999743268240686,1,1
2745,1977-07-12,7.7896825396825395,1,1,1,0,"gas,gold,silver",137.5837195562024,4.924232601320452,0.0,0.08213205201659901,2.2875017540155347,0.8274602849499927,0.0,0.12619807802489852,0.07213205201659902,1,1
2746,1977-10-14,8.05952380952381,1,0,0,1,"gold,oil",148.5293827994502,5.000782802639622,0.0,0.06935866780532628,,,,,0.05935866780532628,1,1
2747,1978-10-16,9.095238095238095,1,1,1,1,"gas,gold,oil,silver",101.21830943955135,4.617279663804441,0.0,0.020331413700294135,1.344974665443573,0.29637517677496816,0.0,0.0334971205504412,0.010331413700294135,1,1
2748,1977-09-09,7.9603174603174605,0,1,0,0,silver,,,,,2.1203194482714034,0.7515667604792444,0.0,0.11408214741273542,0.0640547649418236,1,1
2749,1977-05-20,7.642857142857143,1,1,1,1,"gas,gold,oil,silver",115.21236544516225,4.74677708143508,0.0,0.08908227577861506,1.3212258890309345,0.2785600094310226,0.0,0.1366234136679226,0.07908227577861507,1,1
2750,1978-07-10,8.817460317460318,1,1,1,1,"gas,gold,oil,silver",121.96280390978463,4.8037161122607035,0.0,0.03348048568248666,1.705193277298074,0.5336784634299258,0.0,0.053220728523729985,0.02348048568248666,1,1
2751,1977-10-17,8.063492063492063,1,1,0,0,"gold,silver",133.21270873368053,4.891947164468474,0.0,0.06917082391986638,2.5077940985861558,0.919403521548051,0.0,0.10675623587979957,0.05917082391986638,1,1
2752,1978-07-04,8.801587301587302,1,1,1,0,"gas,gold,silver",119.64208212574489,4.784504636867959,0.0,0.03423186122432623,1.5691035392930721,0.4505044622001696,0.0,0.05434779183648934,0.024231861224326228,1,1
2753,1977-02-11,7.365079365079365,1,0,1,0,"gas,gold",135.0191925371556,4.905416935275561,0.0,0.1022313477608076,,,,,0.0922313477608076,1,1
2754,1977-04-05,7.511904761904762,1,1,1,1,"gas,gold,oil,silver",121.60025471851128,4.800739064254472,0.0,0.09528112399879154,1.7516600106041715,0.5605639158082028,0.0,0.14592168599818733,0.08528112399879155,1,1
2755,1978-02-17,8.416666666666666,1,1,1,1,"gas,gold,oil,silver",118.62910523689062,4.776001863175467,0.0,0.052452718113935884,1.897823356852639,0.6407076278127166,0.0,0.08167907717090384,0.04245271811393588,1,1
2756,1977-12-09,8.218253968253968,1,1,1,1,"gas,gold,oil,silver",135.4207092534419,4.908386297478741,0.0,0.06184491238693055,2.7367122143008045,1.0067572781293965,0.0,0.09576736858039583,0.05184491238693055,1,1
2757,1977-06-15,7.714285714285714,1,1,1,1,"gas,gold,oil,silver",108.65360031141131,4.68816484293586,0.0,0.08570108584033699,2.3478365851521215,0.8534943020788092,0.0,0.1315516287605055,0.075701085840337,1,1
2758,1977-06-03,7.682539682539683,1,1,1,0,"gas,gold,silver",148.00953627589186,4.9972767059848815,0.0,0.08720383692401613,1.8877622166115966,0.6353921152003076,0.0,0.1338057553860242,0.07720383692401614,1,1
2759,1978-05-25,8.69047619047619,1,1,1,1,"gas,gold,oil,silver",124.92835348480793,4.82774040085483,0.0,0.03949149001720324,1.847121802852004,0.6136286453621791,0.0,0.062237235025804874,0.029491490017203244,1,1
2760,1977-03-08,7.432539682539683,0,1,1,0,"gas,silver",,,,,1.2125089678905006,0.19269174000050038,0.0,0.15155700256198412,0.08903800170798941,1,1
2761,1978-02-08,8.38888888888889,1,1,0,1,"gold,oil,silver",123.80165290541044,4.818680711578252,0.0,0.05376762531215514,1.749344698490831,0.5592412598032774,0.0,0.08365143796823271,0.04376762531215514,1,1
2762,1977-02-22,7.392857142857143,0,1,0,0,silver,,,,,2.456837921195194,0.8988751252236584,0.0,0.15437466084388252,0.09091644056258835,1,1
2763,1977-12-14,8.23015873015873,1,1,1,0,"gas,gold,silver",126.8878313961084,4.843303478838857,0.0,0.06128138073055086,2.532959834386275,0.9293885139598541,0.0,0.0949220710958263,0.05128138073055086,1,1
2764,1977-07-26,7.829365079365079,1,1,1,1,"gas,gold,oil,silver",105.87201516317062,4.66223096049142,0.0,0.08025361316200008,1.8889962426861269,0.6360455994682291,0.0,0.12338041974300012,0.07025361316200009,1,1
2765,1977-04-26,7.571428571428571,1,1,1,0,"gas,gold,silver",120.72869864282782,4.793545868215778,0.0,0.09246346571689315,1.977568592533453,0.6818681065478456,0.0,0.14169519857533971,0.08246346571689316,1,1
2766,1977-03-03,7.420634920634921,1,1,1,1,"gas,gold,oil,silver",124.89143500139487,4.82744483993145,0.0,0.09960153336436908,1.1857302724232814,0.17035884842297017,0.0,0.15240230004655364,0.08960153336436909,1,1
2767,1977-08-05,7.861111111111111,1,1,1,1,"gas,gold,oil,silver",122.01837486493848,4.804171647039197,0.0,0.07875086207832094,2.0635652005567198,0.7244351667826673,0.0,0.12112629311748142,0.06875086207832094,1,1
2768,1978-04-07,8.555555555555555,1,1,1,1,"gas,gold,oil,silver",128.6013536743255,4.856717337987042,0.0,0.045878182122839624,1.9209580561197974,0.6528240491491896,0.0,0.07181727318425943,0.03587818212283962,1,1
2769,1978-04-14,8.575396825396826,1,1,1,0,"gas,gold,silver",126.49995397077787,4.84024194430014,0.0,0.04493896269554015,1.8455143603979918,0.612758024762433,0.0,0.07040844404331023,0.03493896269554015,1,1
2770,1978-05-03,8.626984126984127,1,1,1,1,"gas,gold,oil,silver",115.18982460320078,4.746581416263419,0.0,0.04249699218456154,1.6461522891703155,0.4984406187347051,0.0,0.0667454882768423,0.032496992184561535,1,1
2771,1978-03-08,8.468253968253968,1,1,1,1,"gas,gold,oil,silver",130.5138023041617,4.871478985952896,0.0,0.05001074760295727,1.7763400098782962,0.5745550732498845,0.0,0.07801612140443591,0.04001074760295727,1,1
2772,1977-12-27,8.265873015873016,1,1,0,1,"gold,oil,silver",125.33660792085342,4.831002981408566,0.0,0.05959078576141183,2.0303050172579757,0.7081860365734578,0.0,0.09238617864211775,0.04959078576141183,1,1
2773,1977-07-27,7.833333333333333,1,1,1,1,"gas,gold,oil,silver",122.44359099931181,4.8076504422922826,0.0,0.08006576927654019,1.7562839925270168,0.5632002090881355,0.0,0.1230986539148103,0.0700657692765402,1,1
2774,1977-03-11,7.444444444444445,1,1,1,1,"gas,gold,oil,silver",102.49850976509211,4.629848259595622,0.0,0.09847447005160972,2.0715952798714,0.7283189770707962,0.0,0.1507117050774146,0.08847447005160973,1,1
2775,1978-05-31,8.706349206349206,1,1,1,0,"gas,gold,silver",116.73168920720119,4.759878046623014,0.0,0.03874011447536368,1.7820888557073242,0.5777861907164603,0.0,0.061110171713045516,0.028740114475363676,1,1
2776,1977-10-26,8.091269841269842,1,1,0,1,"gold,oil,silver",148.4866766246589,5.000495234518435,0.0,0.06785591672164713,2.677605935171661,0.9849230875138305,0.0,0.10478387508247071,0.05785591672164713,1,1
2777,1977-09-13,7.968253968253968,1,1,1,0,"gas,gold,silver",125.28721715730302,4.830608838799224,0.0,0.07367907717090383,2.219170665517177,0.7971335519966423,0.0,0.11351861575635575,0.06367907717090383,1,1
2778,1978-09-21,9.027777777777779,1,1,0,1,"gold,oil,silver",101.89514434595283,4.623944287925052,0.0,0.023524759753112315,1.4749017226670857,0.3885913588717118,0.0,0.038287139629668475,0.013524759753112316,1,1
2779,1977-05-16,7.626984126984127,1,1,1,0,"gas,gold,silver",123.63119444106869,4.817302895389852,0.0,0.08983365132045465,1.9874222332746283,0.6868384388686964,0.0,0.13775047698068196,0.07983365132045465,1,1
2780,1978-01-10,8.305555555555555,1,1,1,1,"gas,gold,oil,silver",132.25099128067842,4.884701566216393,0.0,0.05771234690681289,1.9204468730904423,0.6525579053597205,0.0,0.08956852036021934,0.04771234690681289,1,1
2781,1977-11-28,8.182539682539682,1,1,1,1,"gas,gold,oil,silver",136.12768192836555,4.913593283012142,0.0,0.06353550735606958,2.8770219956927496,1.0567557298974148,0.0,0.09830326103410439,0.05353550735606959,1,1
2782,1977-05-19,7.638888888888889,1,1,0,1,"gold,oil,silver",107.66556255155376,4.6790297795628355,0.0,0.08927011966407497,1.9085683663492126,0.6463534145941513,0.0,0.13690517949611244,0.07927011966407498,1,1
2783,1976-12-16,7.2023809523809526,1,0,0,0,gold,126.16826668611432,4.837616465921168,0.0,0.10993294706466322,,,,,0.09993294706466323,1,1
2784,1977-01-20,7.301587301587301,1,1,1,1,"gas,gold,oil,silver",121.62107950794991,4.800910305725174,0.0,0.1052368499281659,1.822185379763815,0.6000365388672417,0.0,0.16085527489224885,0.0952368499281659,1,1
2785,1978-06-02,8.714285714285714,1,1,1,1,"gas,gold,oil,silver",116.60966163204634,4.758832131821886,0.0,0.03836442670444389,1.7118945064613111,0.5376006557633113,0.0,0.06054664005666584,0.02836442670444389,1,1
2786,1977-02-10,7.361111111111111,1,1,0,1,"gold,oil,silver",106.68381324578013,4.669869443386086,0.0,0.10241919164626749,1.7443531890539687,0.5563838216424432,0.0,0.15662878746940123,0.0924191916462675,1,1
2787,1977-04-21,7.559523809523809,1,1,1,1,"gas,gold,oil,silver",126.33569687562849,4.8389426250173715,0.0,0.09302699737327283,1.6970166549278625,0.5288718005397348,0.0,0.14254049605990923,0.08302699737327283,1,1
2788,1978-06-23,8.773809523809524,1,1,1,1,"gas,gold,oil,silver",115.481200905247,4.749107753989424,0.0,0.035546768422545484,1.6385525392265117,0.4938132540845217,0.0,0.05632015263381823,0.025546768422545486,1,1
2789,1978-04-04,8.543650793650794,1,1,0,1,"gold,oil,silver",123.72325011297248,4.818047217379455,0.0,0.0464417137792193,1.7884675883875607,0.5813591573204421,0.0,0.07266257066882895,0.0364417137792193,1,1
2790,1977-08-23,7.908730158730159,1,1,1,1,"gas,gold,oil,silver",123.73275122503131,4.818124007693791,0.0,0.07649673545280222,2.0066806132390966,0.6964819207476193,0.0,0.11774510317920334,0.06649673545280223,1,1
2791,1978-04-11,8.563492063492063,1,1,1,0,"gas,gold,silver",118.85413063337735,4.777896948215954,0.0,0.04550249435191983,1.9032543788265361,0.6435652519116585,0.0,0.07125374152787975,0.03550249435191983,1,1
2792,1977-04-13,7.535714285714286,1,1,0,1,"gold,oil,silver",106.9230281867491,4.672109212855714,0.0,0.09415406068603219,2.025963394459572,0.7060453377755913,0.0,0.14423109102904827,0.08415406068603219,1,1
2793,1978-06-14,8.746031746031745,1,1,0,0,"gold,silver",120.28090638664793,4.789829893730844,0.0,0.03686167562076474,1.6302626618116303,0.4887411440523828,0.0,0.05829251343114711,0.026861675620764743,1,1
2794,1977-07-08,7.781746031746032,1,1,0,0,"gold,silver",142.7347522211991,4.96098802826851,0.0,0.0825077397875188,2.033456305171699,0.7097369586357329,0.0,0.1267616096812782,0.0725077397875188,1,1
2795,1977-01-26,7.317460317460317,1,1,1,0,"gas,gold,silver",121.63552709685855,4.801029090486067,0.0,0.10448547438632631,1.9227834089465798,0.6537738284101466,0.0,0.15972821157948947,0.09448547438632632,1,1
2796,1978-09-11,8.996031746031745,1,1,1,1,"gas,gold,oil,silver",100.47753855518988,4.609934205556677,0.0,0.025027510836791462,1.3763206240596515,0.3194137240394071,0.0,0.0405412662551872,0.015027510836791462,1,1
2797,1977-05-25,7.654761904761905,1,1,1,1,"gas,gold,oil,silver",125.5275924118426,4.832525594261522,0.0,0.08851874412223538,1.9001472163383974,0.6419313654541648,0.0,0.1357781161833531,0.07851874412223539,1,1
2798,1977-11-22,8.166666666666666,1,1,1,1,"gas,gold,oil,silver",153.9294800654302,5.03649457588244,0.0,0.06428688289790915,2.5471859835240456,0.9349892139533701,0.0,0.09943032434686373,0.05428688289790915,1,1
2799,1977-01-10,7.26984126984127,1,1,1,0,"gas,gold,silver",99.29644278867637,4.598109747536123,0.0,0.10673960101184504,2.2705524191314996,0.8200231583325293,0.0,0.16310940151776757,0.09673960101184505,1,1
2800,1977-09-15,7.976190476190476,1,1,1,1,"gas,gold,oil,silver",126.51232382658122,4.840339724976405,0.0,0.07330338939998403,1.9765597877561902,0.6813578526045598,0.0,0.11295508409997605,0.06330338939998403,1,1
2801,1977-07-19,7.809523809523809,1,1,1,1,"gas,gold,oil,silver",121.3309219945263,4.7985217050996605,0.0,0.08119283258929955,1.9510046034378699,0.6683444211655456,0.0,0.12478924888394934,0.07119283258929955,1,1
2802,1976-12-27,7.23015873015873,1,1,1,0,"gas,gold,silver",114.97397853620782,4.744705829161324,0.0,0.10861803986644397,1.9648447977393508,0.6754132588631236,0.0,0.16592705979966596,0.09861803986644398,1,1
2803,1977-10-04,8.027777777777779,1,1,0,1,"gold,oil,silver",137.13460385701958,4.920962953386435,0.0,0.07086141888900542,2.1610173501933234,0.7705791062723997,0.0,0.10929212833350814,0.060861418889005425,1,1
2804,1978-02-23,8.432539682539682,1,1,1,1,"gas,gold,oil,silver",118.69859315632263,4.776587449450378,0.0,0.051701342572096305,1.848175373280386,0.6141988676781187,0.0,0.08055201385814446,0.0417013425720963,1,1
2805,1978-06-28,8.785714285714286,1,0,1,0,"gas,gold",119.55257404623471,4.783756224799558,0.0,0.034983236766165805,,,,,0.024983236766165807,1,1
2806,1978-03-23,8.511904761904763,1,1,0,0,"gold,silver",122.04465024472934,4.804386963389394,0.0,0.047944464862898446,1.9198924959083405,0.6522691927576897,0.0,0.07491669729434766,0.037944464862898444,1,1
2807,1978-05-12,8.654761904761905,1,1,1,0,"gas,gold,silver",109.65813696116813,4.697367680602769,0.0,0.04118208498634228,1.6365704833762638,0.4926028836168815,0.0,0.06477312747951343,0.03118208498634228,1,1
2808,1977-12-26,8.261904761904763,1,1,1,1,"gas,gold,oil,silver",129.31160446904474,4.862225030157816,0.0,0.05977862964687173,2.410241676326425,0.8797270231081684,0.0,0.09266794447030759,0.04977862964687173,1,1
2809,1977-07-18,7.805555555555555,1,1,1,0,"gas,gold,silver",127.50930351527117,4.848189330683616,0.0,0.08138067647475944,2.4446036174617887,0.8938829901364946,0.0,0.12507101471213916,0.07138067647475944,1,1
2810,1978-01-12,8.313492063492063,1,1,1,0,"gas,gold,silver",127.62698997795638,4.849111868746865,0.0,0.057336659135893114,1.8719994378204183,0.6270070777457496,0.0,0.08900498870383967,0.04733665913589311,1,1
2811,1977-12-05,8.202380952380953,1,0,0,1,"gold,oil",128.3833069047893,4.855020374274341,0.0,0.06259628792877013,,,,,0.05259628792877013,1,1
2812,1978-09-19,9.01984126984127,1,0,1,1,"gas,gold,oil",100.9103693688849,4.614232690849135,0.0,0.023900447524032108,,,,,0.013900447524032106,1,1
2813,1978-02-10,8.396825396825397,1,1,1,1,"gas,gold,oil,silver",115.6507059296364,4.750574492676427,0.0,0.053391937541235356,1.9474125911839644,0.6665016151798853,0.0,0.08308790631185303,0.043391937541235354,1,1
2814,1977-11-15,8.146825396825397,1,1,1,1,"gas,gold,oil,silver",135.42621140376443,4.908426926704356,0.0,0.06522610232520862,2.5086654245496396,0.9197509083726543,0.0,0.10083915348781293,0.05522610232520862,1,1
2815,1977-10-03,8.023809523809524,1,1,1,0,"gas,gold,silver",136.72065844788017,4.91793985482763,0.0,0.07104926277446531,2.0271555642713905,0.7066336105888681,0.0,0.10957389416169798,0.06104926277446532,1,1
2816,1978-04-25,8.603174603174603,1,0,0,0,gold,118.95379527782453,4.778735142737019,0.0,0.043624055497320895,,,,,0.03362405549732089,1,1
2817,1978-05-24,8.686507936507937,1,1,1,0,"gas,gold,silver",125.75100145753571,4.8343037728251606,0.0,0.039679333902663136,1.9978036947316933,0.692048424514389,0.0,0.0625190008539947,0.029679333902663134,1,1
2818,1978-10-17,9.09920634920635,1,1,1,1,"gas,gold,oil,silver",101.62914685264403,4.621330372473527,0.0,0.020143569814834235,1.3677463076265892,0.3131643543614366,0.0,0.03321535472225135,0.010143569814834235,1,1
2819,1977-06-22,7.734126984126984,1,1,1,1,"gas,gold,oil,silver",120.84385935615023,4.794499293745565,0.0,0.08476186641303753,1.4797507406862318,0.3918736551367943,0.0,0.1301427996195563,0.07476186641303753,1,1
2820,1977-10-07,8.03968253968254,1,1,0,0,"gold,silver",129.73558273141145,4.865498400121985,0.0,0.07029788723262574,2.3676491181339703,0.8618975295788475,0.0,0.10844683084893861,0.06029788723262574,1,1
2821,1978-01-11,8.30952380952381,1,1,1,1,"gas,gold,oil,silver",131.84680907003343,4.881640711293195,0.0,0.057524503021353,1.8500150247183627,0.6151937605266398,0.0,0.0892867545320295,0.047524503021353,1,1
2822,1978-07-07,8.813492063492063,1,1,1,1,"gas,gold,oil,silver",120.7774203700014,4.793949350562592,0.0,0.03366832956794655,1.566244061452881,0.4486804356505658,0.0,0.053502494351919824,0.02366832956794655,1,1
2823,1977-11-11,8.13888888888889,0,1,0,0,silver,,,,,2.4723740956663867,0.9051788613441074,0.0,0.10140268514419264,0.05560179009612842,1,1
2824,1977-03-21,7.468253968253968,1,1,1,0,"gas,gold,silver",116.29415434925487,4.756122794712395,0.0,0.09734740673885038,1.7033592080460302,0.5326023060658042,0.0,0.14902111010827557,0.08734740673885039,1,1
2825,1978-05-15,8.658730158730158,1,1,1,0,"gas,gold,silver",120.18944731823444,4.789069225553546,0.0,0.04099424110088239,1.8931244494471102,0.6382286119823453,0.0,0.06449136165132359,0.03099424110088239,1,1
2826,1977-02-18,7.384920634920635,1,1,0,1,"gold,oil,silver",118.50491808813901,4.77495446256746,0.0,0.10129212833350813,1.5602240200486763,0.4448294135468854,0.0,0.1549381925002622,0.09129212833350814,1,1
2827,1977-11-01,8.107142857142858,1,1,0,1,"gold,oil,silver",151.2281983858265,5.018789943617738,0.0,0.06710454117980755,2.4564930644913274,0.8987347492931798,0.0,0.10365681176971134,0.05710454117980755,1,1
2828,1978-12-22,9.28968253968254,1,1,1,1,"gas,gold,oil,silver",91.94435020130096,4.521183504913517,0.0,0.011127063312759356,1.1163173023907524,0.11003514468619106,0.0,0.019690594969139035,0.0011270633127593568,1,1
2829,1978-10-02,9.055555555555555,1,1,1,1,"gas,gold,oil,silver",99.03345562025449,4.595457728605356,0.0,0.022209852554893057,1.3808962785231405,0.32273276554076064,0.0,0.03631477883233959,0.012209852554893059,1,1
2830,1978-10-10,9.079365079365079,1,1,0,1,"gold,oil,silver",100.7163335842059,4.612307987010434,0.0,0.0210827892421337,1.3168675146568884,0.27525582138883803,0.0,0.034624183863200556,0.011082789242133701,1,1
2831,1977-04-06,7.515873015873016,1,1,1,1,"gas,gold,oil,silver",127.34564578952335,4.8469050099459565,0.0,0.09509328011333165,1.6269379236505936,0.48669967363723077,0.0,0.14563992016999747,0.08509328011333166,1,1
2832,1976-12-21,7.214285714285714,1,1,1,1,"gas,gold,oil,silver",121.56919804375742,4.800483631883589,0.0,0.10936941540828354,1.797219882719041,0.5862409613170612,0.0,0.16705412311242532,0.09936941540828355,1,1
2833,1977-01-28,7.325396825396825,1,1,0,1,"gold,oil,silver",112.23460699789287,4.720591385797101,0.0,0.10410978661540653,1.3825708685712037,0.3239447142732047,0.0,0.1591646799231098,0.09410978661540653,1,1
2834,1978-06-13,8.742063492063492,1,1,1,1,"gas,gold,oil,silver",113.54767952497886,4.732222832631429,0.0,0.037049519506224635,1.604131227485218,0.4725823187444953,0.0,0.05857427925933695,0.027049519506224633,1,1
2835,1978-11-21,9.198412698412698,1,1,1,1,"gas,gold,oil,silver",99.07659535526203,4.595893241447607,0.0,0.015447472678336908,1.3538709418862682,0.30296785376276714,0.0,0.02617120901750536,0.005447472678336907,1,1
2836,1978-12-12,9.257936507936508,1,1,1,1,"gas,gold,oil,silver",92.51029737321862,4.527319961276154,0.0,0.012629814396438503,1.1271155386747334,0.11966174859153067,0.0,0.021944721594657754,0.002629814396438503,1,1
2837,1977-09-23,8.0,1,0,0,1,"gold,oil",117.07886639838851,4.762847779494513,0.0,0.07217632608722467,,,,,0.06217632608722467,1,1
2838,1978-08-07,8.896825396825397,1,1,1,1,"gas,gold,oil,silver",109.52260277754895,4.696130946015087,0.0,0.02972360797328879,1.5416969347503688,0.43288371545513776,0.0,0.04758541195993318,0.01972360797328879,1,1
2839,1977-01-12,7.277777777777778,1,1,1,1,"gas,gold,oil,silver",129.17367517983723,4.861157818110105,0.0,0.10636391324092526,1.6694930816963616,0.5125200364554967,0.0,0.1625458698613879,0.09636391324092526,1,1
2840,1977-12-02,8.198412698412698,1,1,1,0,"gas,gold,silver",138.93052113348065,4.933973960204485,0.0,0.06278413181423001,2.4271201496330064,0.8867054309303218,0.0,0.09717619772134503,0.052784131814230015,1,1
2841,1978-06-16,8.753968253968255,1,0,1,0,"gas,gold",116.95353561276245,4.761776724405301,0.0,0.036485987849844956,,,,,0.026485987849844954,1,1
2842,1977-08-09,7.869047619047619,1,1,1,1,"gas,gold,oil,silver",106.82916417984612,4.671230962093492,0.0,0.07837517430740115,1.9117639329722418,0.6480263409879512,0.0,0.12056276146110174,0.06837517430740116,1,1
2843,1977-10-21,8.079365079365079,1,1,1,0,"gas,gold,silver",148.09489443870697,4.997853246936826,0.0,0.06841944837802681,2.6269507066199593,0.9658237463933456,0.0,0.10562917256704023,0.05841944837802681,1,1
2844,1979-11-19,10.226190476190476,1,1,0,1,"gold,oil,silver",112.82328439537429,4.725822739706688,0.0,0.0807405769449712,1.5611975220739862,0.44545316912986976,0.0,0.12411086541745682,0.07074057694497121,1,1
2845,1980-02-08,10.46031746031746,1,1,1,1,"gas,gold,oil,silver",106.57692389141766,4.668867014483813,0.0,0.07457559313440502,1.3188494119176606,0.27675969884572205,0.0,0.11486338970160755,0.06457559313440503,1,1
2846,1980-01-17,10.396825396825397,1,1,1,1,"gas,gold,oil,silver",117.73398220719555,4.768427691432653,0.0,0.07624745315082976,2.1179250477846825,0.7504368583493937,0.0,0.11737117972624464,0.06624745315082976,1,1
2847,1980-10-23,11.19047619047619,1,1,1,0,"gas,gold,silver",90.81841548395921,4.508862078743321,0.0,0.05534920294552068,1.3638350212262362,0.31030059992578685,0.0,0.08602380441828103,0.04534920294552068,1,1
2848,1982-03-22,12.646825396825397,1,1,1,1,"gas,gold,oil,silver",149.45118913883005,5.006969845465305,0.0,0.017000913818778537,1.6703421706238746,0.5130284980301905,0.0,0.028501370728167805,0.007000913818778538,1,1
2849,1981-03-03,11.55952380952381,1,1,1,1,"gas,gold,oil,silver",105.69685211955037,4.660575111160728,0.0,0.04563151660005197,1.7537451966077882,0.5617536135043611,0.0,0.07144727490007795,0.03563151660005197,1,1
2850,1980-12-29,11.376984126984127,1,1,1,0,"gas,gold,silver",110.9868568951816,4.709411787952034,0.0,0.050438114147273054,1.9211143880388544,0.652905428103603,0.0,0.07865717122090958,0.04043811414727305,1,1
2851,1980-05-16,10.738095238095237,1,1,0,1,"gold,oil,silver",111.71330284774378,4.715935793413196,0.0,0.06726120556254686,1.372644692211409,0.31673931122125487,0.0,0.1038918083438203,0.05726120556254686,1,1
2852,1979-12-21,10.321428571428571,1,1,1,1,"gas,gold,oil,silver",111.18341042996374,4.711181183906126,0.0,0.07823278692033411,1.799714571723443,0.587628081063613,0.0,0.12034918038050119,0.06823278692033412,1,1
2853,1980-09-29,11.119047619047619,1,1,1,1,"gas,gold,oil,silver",92.400360691405,4.526130882226654,0.0,0.05723004546399851,1.3692363112331343,0.3142531473581286,0.0,0.08884506819599777,0.04723004546399851,1,1
2854,1980-10-13,11.158730158730158,1,1,0,1,"gold,oil,silver",92.79552884231418,4.530398458052923,0.0,0.05618513295373306,1.3284812304922229,0.2840363577718377,0.0,0.08727769943059958,0.046185132953733055,1,1
2855,1980-05-26,10.761904761904763,1,1,1,0,"gas,gold,silver",109.36465248103025,4.694687734314636,0.0,0.06663425805638759,1.5894856410760925,0.4634104677174058,0.0,0.10295138708458139,0.05663425805638759,1,1
2856,1979-12-04,10.26984126984127,1,1,1,1,"gas,gold,oil,silver",110.68439453918762,4.706682859038237,0.0,0.0795911731836792,1.8263782172785674,0.602334889573719,0.0,0.12238675977551881,0.0695911731836792,1,1
2857,1982-03-31,12.674603174603174,1,1,1,0,"gas,gold,silver",151.92444670586988,5.023383336124841,0.0,0.016269475061592722,1.7335711005607217,0.5501835009122777,0.0,0.027404212592389083,0.006269475061592723,1,1
2858,1981-03-20,11.61111111111111,1,1,0,1,"gold,oil,silver",117.39323396729428,4.76552927342735,0.0,0.04427313033670688,1.8024283009013826,0.5891348117998998,0.0,0.0694096955050603,0.03427313033670688,1,1
2859,1981-01-14,11.424603174603174,1,1,1,1,"gas,gold,oil,silver",107.82261912738146,4.680487461394052,0.0,0.049184219134954514,1.9063297140511901,0.6451797777064514,0.0,0.07677632870243177,0.03918421913495451,1,1
2860,1981-01-28,11.464285714285714,1,1,1,1,"gas,gold,oil,silver",111.00598027213779,4.709584076186623,0.0,0.04813930662468906,1.6476461353555094,0.49934768473880214,0.0,0.07520895993703358,0.038139306624689055,1,1
2861,1981-02-11,11.503968253968255,1,1,1,1,"gas,gold,oil,silver",111.96479446284579,4.7181844867282825,0.0,0.0470943941144236,1.653562501782939,0.5029320524126132,0.0,0.07364159117163539,0.0370943941144236,1,1
2862,1981-04-22,11.702380952380953,1,1,1,1,"gas,gold,oil,silver",110.90778183018993,4.708699061688855,0.0,0.04186983156309634,1.6776658189358409,0.5174034338224932,0.0,0.0658047473446445,0.031869831563096335,1,1
2863,1980-04-10,10.634920634920634,1,0,1,0,"gas,gold",121.32947394152366,4.798509770288485,0.0,0.06997797808923703,,,,,0.059977978089237036,1,1
2864,1980-01-29,10.428571428571429,0,1,0,1,"oil,silver",,,,,2.0982201467139214,0.7410894361726491,0.0,0.1161172847139261,0.0654115231426174,1,1
2865,1981-01-27,11.46031746031746,1,1,1,0,"gas,gold,silver",107.25217414399837,4.67518282934157,0.0,0.0482437978757156,1.8636708042892027,0.6225480935255363,0.0,0.0753656968135734,0.0382437978757156,1,1
2866,1981-10-15,12.202380952380953,0,0,0,1,oil,,,,,,,,,0.018703933933751617,1,1
2867,1980-08-27,11.027777777777779,1,0,1,0,"gas,gold",102.34811460257163,4.6283798908586995,0.0,0.05963334423760905,,,,,0.049633344237609046,1,1
2868,1980-12-17,11.345238095238095,1,1,1,1,"gas,gold,oil,silver",114.83616394857498,4.743506451251687,0.0,0.051274044155485414,1.8075586772782533,0.5919771377483467,0.0,0.07991106623322812,0.04127404415548541,1,1
2869,1980-11-17,11.257936507936508,1,1,1,1,"gas,gold,oil,silver",110.14723272689866,4.701817950162899,0.0,0.053572851678069425,1.7279242555741807,0.546920835841388,0.0,0.08335927751710413,0.04357285167806942,1,1
2870,1980-05-12,10.722222222222221,1,1,1,1,"gas,gold,oil,silver",87.87640042888104,4.4759312866056185,0.0,0.06767917056665304,1.242489009720788,0.21711663365438635,0.0,0.10451875584997956,0.05767917056665304,1,1
2871,1981-10-14,12.198412698412698,1,1,1,0,"gas,gold,silver",154.82260318941863,5.0422799659319315,0.0,0.028808425184778164,2.2811520854913496,0.8246806159990643,0.0,0.04621263777716724,0.01880842518477816,1,1
2872,1979-12-13,10.297619047619047,1,1,1,1,"gas,gold,oil,silver",95.93533166847187,4.563674336024828,0.0,0.07885973442649338,1.736635000585908,0.5519493331032355,0.0,0.12128960163974009,0.06885973442649339,1,1
2873,1980-02-29,10.51984126984127,1,1,1,1,"gas,gold,oil,silver",99.5677109035224,4.600837924314717,0.0,0.07300822436900685,1.616223951141967,0.48009253412453456,0.0,0.11251233655351028,0.06300822436900685,1,1
2874,1981-09-08,12.095238095238095,0,1,1,0,"gas,silver",,,,,2.6344537293281913,0.968675847153008,0.0,0.05028779656720252,0.02152519771146835,1,1
2875,1980-05-20,10.746031746031745,1,1,1,1,"gas,gold,oil,silver",106.44220272104747,4.667602140380962,0.0,0.06705222306049377,1.3918100431976796,0.33060508938021776,0.0,0.10357833459074066,0.05705222306049377,1,1
2876,1980-12-11,11.329365079365079,1,1,0,1,"gold,oil,silver",104.93639463540161,4.653354401230421,0.0,0.0516920091595916,1.5682973594209244,0.4499905464361871,0.0,0.0805380137393874,0.0416920091595916,1,1
2877,1980-12-15,11.337301587301587,1,1,0,1,"gold,oil,silver",121.95098010457232,4.803619161567496,0.0,0.051483026657538504,1.6761229630911256,0.516483366368143,0.0,0.08022453998630776,0.0414830266575385,1,1
2878,1982-05-14,12.801587301587302,1,0,0,1,"gold,oil",155.58274329770896,5.04717770133759,0.0,0.012925755028743269,,,,,0.0029257550287432677,1,1
2879,1981-06-03,11.821428571428571,1,1,1,1,"gas,gold,oil,silver",138.29110553081307,4.9293609237378595,0.0,0.03873509403229997,2.0807703818646415,0.7327382010374677,0.0,0.061102641048449965,0.028735094032299974,1,1
2880,1980-05-23,10.757936507936508,1,1,1,1,"gas,gold,oil,silver",94.83422659063946,4.552130384087372,0.0,0.06673874930741414,1.4459185174377867,0.36874477182918447,0.0,0.1031081239611212,0.056738749307414134,1,1
2881,1980-04-28,10.682539682539682,1,1,0,1,"gold,oil,silver",101.21231758110699,4.617220464674998,0.0,0.06872408307691849,1.4979515683969247,0.4040985537292004,0.0,0.10608612461537774,0.05872408307691849,1,1
2882,1979-12-05,10.273809523809524,1,1,1,1,"gas,gold,oil,silver",110.90926141465688,4.708712402273017,0.0,0.07948668193265265,1.8913110604479384,0.6372702713615486,0.0,0.122230022898979,0.06948668193265266,1,1
2883,1980-03-24,10.583333333333334,1,1,1,0,"gas,gold,silver",106.08320526200903,4.664223741497749,0.0,0.07133636435258213,1.4747276201030033,0.38847330840227823,0.0,0.1100045465288732,0.061336364352582134,1,1
2884,1982-02-19,12.563492063492063,1,1,0,1,"gold,oil,silver",150.17529666773947,5.011803256214477,0.0,0.01919523009033599,1.6697615392692722,0.5126808253763555,0.0,0.03179284513550398,0.00919523009033599,1,1
2885,1982-03-01,12.587301587301587,1,1,0,1,"gold,oil,silver",152.1093839733473,5.0245998934393565,0.0,0.01856828258417672,1.7012404657840177,0.5313576707262583,0.0,0.030852423876265078,0.008568282584176721,1,1
2886,1982-04-20,12.73015873015873,0,1,1,0,"gas,silver",,,,,1.7875779950994568,0.5808616282561806,0.0,0.025209896320831628,0.004806597547221085,1,1
2887,1980-11-11,11.242063492063492,1,1,1,0,"gas,gold,silver",95.8473544333584,4.562756867998147,0.0,0.053990816682175605,1.5125567494431695,0.4138014305119955,0.0,0.0839862250232634,0.0439908166821756,1,1
2888,1980-05-06,10.706349206349206,1,0,0,0,gold,100.67628829886787,4.611910303267193,0.0,0.06809713557075922,,,,,0.05809713557075922,1,1
2889,1980-10-17,11.174603174603174,1,1,1,1,"gas,gold,oil,silver",96.91274892748616,4.57381107812154,0.0,0.05576716794962686,1.2821305571697752,0.24852319197924463,0.0,0.0866507519244403,0.04576716794962686,1,1
2890,1980-11-03,11.218253968253968,1,1,1,0,"gas,gold,silver",103.80029871829433,4.642468848553219,0.0,0.05461776418833487,1.4252956227569649,0.35437924677118204,0.0,0.08492664628250231,0.044617764188334866,1,1
2891,1982-01-06,12.436507936507937,1,1,1,0,"gas,gold,silver",144.2178798588822,4.971325210637818,0.0,0.022538950123185447,1.7074781874385103,0.535017537821043,0.0,0.03680842518477817,0.012538950123185446,1,1
2892,1980-10-27,11.198412698412698,1,1,0,1,"gold,oil,silver",93.83500734564625,4.541537999025817,0.0,0.05514022044346759,1.3603597040245028,0.30774915303041955,0.0,0.0857103306652014,0.04514022044346759,1,1
2893,1981-09-22,12.134920634920634,1,1,1,1,"gas,gold,oil,silver",151.61283534410978,5.021330135482564,0.0,0.03048028520120289,2.2690819322284046,0.8193753145456898,0.0,0.04872042780180433,0.02048028520120289,1,1
2894,1980-04-04,10.619047619047619,1,1,1,1,"gas,gold,oil,silver",118.16052314688505,4.772044065658187,0.0,0.07039594309334321,1.6828842547579512,0.520509139675505,0.0,0.10859391464001483,0.060395943093343216,1,1
2895,1982-05-18,12.80952380952381,1,1,1,1,"gas,gold,oil,silver",156.41167181717688,5.0524914533137455,0.0,0.012716772526690179,1.7696495714247107,0.5707815447387397,0.0,0.022075158790035264,0.0027167725266901777,1,1
2896,1982-03-29,12.666666666666666,1,1,1,1,"gas,gold,oil,silver",153.50375497289085,5.033725029092163,0.0,0.016478457563645812,1.7032627567714904,0.532545680308346,0.0,0.027717686345468718,0.006478457563645813,1,1
2897,1980-06-06,10.797619047619047,1,1,1,0,"gas,gold,silver",95.34103159167319,4.557460269853166,0.0,0.06569383679714867,1.746438011039923,0.5575782913854493,0.0,0.10154075519572302,0.05569383679714868,1,1
2898,1982-02-11,12.53968253968254,1,1,1,1,"gas,gold,oil,silver",144.12029402507156,4.970648326018469,0.0,0.01982217759649526,1.654676683295765,0.5036056322190418,0.0,0.03273326639474289,0.00982217759649526,1,1
2899,1981-02-26,11.547619047619047,1,1,0,0,"gold,silver",106.56224604580974,4.66872928432717,0.0,0.045944990353131605,1.5706639436540515,0.45149842401289775,0.0,0.0719174855296974,0.0359449903531316,1,1
2900,1980-07-15,10.904761904761905,1,1,1,1,"gas,gold,oil,silver",109.58450047980809,4.696695945533455,0.0,0.06287257301943196,1.5248678520785879,0.4219077519299712,0.0,0.09730885952914793,0.052872573019431955,1,1
2901,1980-06-11,10.80952380952381,1,1,1,0,"gas,gold,silver",100.12243026847214,4.606393739825429,0.0,0.06538036304406904,1.616760148439514,0.48042423838657095,0.0,0.10107054456610357,0.05538036304406904,1,1
2902,1980-10-03,11.134920634920634,1,1,1,0,"gas,gold,silver",104.46521889617867,4.6488541824741025,0.0,0.056812080459892327,1.4363028691913264,0.3620723600804125,0.0,0.08821812068983849,0.046812080459892325,1,1
2903,1979-12-03,10.265873015873016,1,1,1,1,"gas,gold,oil,silver",113.21020027163718,4.729246270116253,0.0,0.07969566443470574,1.5697073728255162,0.4508892152527104,0.0,0.12254349665205863,0.06969566443470575,1,1
2904,1981-09-15,12.115079365079366,1,1,1,1,"gas,gold,oil,silver",160.60955388248672,5.078976288426261,0.0,0.031002741456335615,2.7207172594234423,1.0008955438630578,0.0,0.049504112184503415,0.021002741456335614,1,1
2905,1980-04-17,10.654761904761905,1,1,1,1,"gas,gold,oil,silver",110.53185286857195,4.7053037406725595,0.0,0.0694555218341043,1.5186208739814346,0.4178026032454185,0.0,0.10718328275115648,0.05945552183410431,1,1
2906,1980-01-08,10.369047619047619,1,1,1,0,"gas,gold,silver",105.23982423160099,4.65624178600347,0.0,0.07697889190801557,2.0581584596200386,0.7218116313476703,0.0,0.11846833786202336,0.06697889190801558,1,1
2907,1980-01-11,10.380952380952381,1,1,1,1,"gas,gold,oil,silver",117.15702347896072,4.763515116028754,0.0,0.07666541815493594,1.7096200519089073,0.5362711539601627,0.0,0.11799812723240391,0.06666541815493594,1,1
2908,1980-10-29,11.206349206349206,1,1,1,1,"gas,gold,oil,silver",95.1528288155283,4.555484323363585,0.0,0.0549312379414145,1.556782716406248,0.4426213303878782,0.0,0.08539685691212176,0.0449312379414145,1,1
2909,1981-06-08,11.833333333333334,1,1,1,1,"gas,gold,oil,silver",133.86733976440667,4.8968493078173365,0.0,0.03842162027922034,2.1875290192421946,0.7827726051009296,0.0,0.06063243041883051,0.02842162027922034,1,1
2910,1980-12-10,11.325396825396826,1,1,1,1,"gas,gold,oil,silver",106.2869918960151,4.666142906232556,0.0,0.051796500410618146,1.7314904902047719,0.5489825926158446,0.0,0.08069475061592722,0.041796500410618144,1,1
2911,1980-01-21,10.404761904761905,1,1,1,1,"gas,gold,oil,silver",109.45853607449071,4.695545811558101,0.0,0.07603847064877667,1.7062230516462473,0.5342821859194464,0.0,0.117057705973165,0.06603847064877667,1,1
2912,1982-04-02,12.682539682539682,1,0,0,1,"gold,oil",151.3597772203144,5.019659633449383,0.0,0.016060492559539633,,,,,0.006060492559539633,1,1
2913,1982-04-15,12.718253968253968,1,1,1,1,"gas,gold,oil,silver",151.9024759535019,5.023238709360274,0.0,0.01512007130030072,1.700375613003242,0.5308491754820099,0.0,0.02568010695045108,0.00512007130030072,1,1
2914,1980-12-08,11.317460317460318,1,1,1,1,"gas,gold,oil,silver",107.36940449244254,4.676275267118309,0.0,0.052005482912671236,1.7568947491136746,0.5635479036620389,0.0,0.08100822436900686,0.042005482912671234,1,1
2915,1980-02-15,10.48015873015873,1,1,1,1,"gas,gold,oil,silver",120.64353068130548,4.792840170088903,0.0,0.0740531368792723,1.484862421094464,0.3953221222351488,0.0,0.11407970531890846,0.0640531368792723,1,1
2916,1981-04-10,11.670634920634921,1,1,1,1,"gas,gold,oil,silver",113.2362165600122,4.7294760488767515,0.0,0.042705761571308704,1.888159693342418,0.6356026474844853,0.0,0.06705864235696304,0.0327057615713087,1,1
2917,1981-07-15,11.94047619047619,1,1,1,1,"gas,gold,oil,silver",153.60244930590204,5.034367766588402,0.0,0.035600356501503616,2.225702845989897,0.8000727515749324,0.0,0.05640053475225543,0.025600356501503618,1,1
2918,1980-09-02,11.043650793650794,1,1,1,1,"gas,gold,oil,silver",111.01018374780986,4.70962194257974,0.0,0.05921537923350287,1.6870458456426456,0.5229789790349101,0.0,0.0918230688502543,0.049215379233502866,1,1
2919,1981-05-06,11.742063492063492,1,1,1,1,"gas,gold,oil,silver",120.99903248593716,4.795782549580783,0.0,0.04082491905283089,1.8591738728993057,0.6201322347041359,0.0,0.06423737857924633,0.030824919052830885,1,1
2920,1981-05-14,11.765873015873016,1,1,1,1,"gas,gold,oil,silver",117.811652780457,4.769087186363057,0.0,0.04019797154667162,1.9375605001553944,0.6614297076445024,0.0,0.06329695732000742,0.030197971546671615,1,1
2921,1980-10-28,11.202380952380953,1,1,1,1,"gas,gold,oil,silver",105.38139081302167,4.65758606276789,0.0,0.05503572919244105,1.2788640426829745,0.24597221724592488,0.0,0.08555359378866158,0.045035729192441046,1,1
2922,1980-08-11,10.98015873015873,1,1,1,1,"gas,gold,oil,silver",113.43087917750293,4.73119365737846,0.0,0.060887239249927595,1.6198399408314201,0.4823273424071444,0.0,0.09433085887489139,0.05088723924992759,1,1
2923,1980-01-30,10.432539682539682,1,1,1,1,"gas,gold,oil,silver",110.8732623541156,4.708387768390728,0.0,0.07530703189159085,1.7353543179982365,0.5512116104156113,0.0,0.11596054783738628,0.06530703189159086,1,1
2924,1980-05-22,10.753968253968255,1,1,0,0,"gold,silver",106.60758622336779,4.669154674522012,0.0,0.06684324055844068,1.490119471310888,0.3988562988308003,0.0,0.10326486083766102,0.05684324055844068,1,1
2925,1982-02-01,12.507936507936508,1,1,1,0,"gas,gold,silver",147.26679259566018,4.992245857426144,0.0,0.02065810760470763,1.723052808516645,0.5440976062442214,0.0,0.03398716140706144,0.01065810760470763,1,1
2926,1981-03-09,11.575396825396826,1,1,1,1,"gas,gold,oil,silver",115.0969988873421,4.745775241429105,0.0,0.04521355159594579,1.8373504326861194,0.6083245516143025,0.0,0.07082032739391868,0.03521355159594579,1,1
2927,1981-01-13,11.420634920634921,1,1,0,1,"gold,oil,silver",113.66840358400654,4.733285469296368,0.0,0.04928871038598106,1.9258705930460434,0.6553781216305834,0.0,0.07693306557897159,0.03928871038598106,1,1
2928,1980-10-30,11.21031746031746,1,1,1,1,"gas,gold,oil,silver",107.03468706756831,4.673152960129079,0.0,0.05482674669038796,1.4497059966435115,0.3713607749381962,0.0,0.08524012003558194,0.044826746690387956,1,1
2929,1980-04-30,10.69047619047619,1,1,1,1,"gas,gold,oil,silver",98.85038598443364,4.593607454357952,0.0,0.0685151005748654,1.3493722901283312,0.2996395140428292,0.0,0.1057726508622981,0.0585151005748654,1,1
2930,1981-05-08,11.75,1,1,0,1,"gold,oil,silver",121.31522865399445,4.798392353444901,0.0,0.0406159365507778,1.5335318141574144,0.427573450465491,0.0,0.0639239048261667,0.030615936550777795,1,1
2931,1981-01-05,11.396825396825397,1,1,0,1,"gold,oil,silver",112.01235099255867,4.718609141934338,0.0,0.04991565789214033,1.8945201866602401,0.6389656068223577,0.0,0.07787348683821049,0.03991565789214033,1,1
2932,1980-06-17,10.825396825396826,1,1,1,0,"gas,gold,silver",98.82077773546273,4.593307883609896,0.0,0.06496239803996286,1.497080805336292,0.4035170821612775,0.0,0.1004435970599443,0.05496239803996286,1,1
2933,1980-12-05,11.313492063492063,1,1,0,0,"gold,silver",107.33262802743685,4.67593268568176,0.0,0.05210997416369778,1.7104394505727871,0.5367503261377014,0.0,0.08116496124554667,0.04210997416369778,1,1
2934,1980-12-23,11.36111111111111,0,1,0,0,silver,,,,,1.8608381155694482,0.621026986004041,0.0,0.07928411872706885,0.04085607915137923,1,1
2935,1981-03-31,11.63888888888889,0,0,1,0,gas,,,,,,,,,0.03354169157952106,1,1
2936,1980-01-23,10.412698412698413,0,1,0,0,silver,,,,,1.691973650791855,0.5258956882447213,0.0,0.11674423222008537,0.06582948814672358,1,1
2937,1979-11-26,10.246031746031745,1,1,1,0,"gas,gold,silver",111.27667320557674,4.712019651459969,0.0,0.08021812068983848,1.9521514923539158,0.6689320937673613,0.0,0.12332718103475773,0.07021812068983849,1,1
2938,1980-08-18,11.0,1,1,1,1,"gas,gold,oil,silver",107.25781306703412,4.675235404264634,0.0,0.06036478299479486,1.727145399795682,0.5464699877431558,0.0,0.0935471744921923,0.05036478299479486,1,1
2939,1981-01-02,11.392857142857142,1,1,1,1,"gas,gold,oil,silver",114.05097254675037,4.736645476065809,0.0,0.050020149143166874,2.0352950999912633,0.710640820662013,0.0,0.07803022371475031,0.04002014914316687,1,1
2940,1981-09-29,12.154761904761905,1,0,1,1,"gas,gold,oil",153.45329786068626,5.033396272269713,0.0,0.029957828946070165,,,,,0.019957828946070164,1,1
2941,1980-09-23,11.103174603174603,1,1,1,1,"gas,gold,oil,silver",108.56397784630205,4.687339656770404,0.0,0.05764801046810469,1.3919959736058307,0.33073866938349766,0.0,0.08947201570215704,0.04764801046810469,1,1
2942,1981-12-01,12.333333333333334,1,1,1,1,"gas,gold,oil,silver",152.65129402299578,5.02815619620356,0.0,0.025255722649875627,1.9524497933348737,0.6690848883600545,0.0,0.04088358397481344,0.015255722649875625,1,1
2943,1980-09-18,11.091269841269842,1,1,1,1,"gas,gold,oil,silver",105.13012261226584,4.655198845878944,0.0,0.05796148422118433,1.4717244498798907,0.38643480840855643,0.0,0.0899422263317765,0.047961484221184326,1,1
2944,1979-12-18,10.30952380952381,1,1,0,1,"gold,oil,silver",103.70922872878603,4.641591105767375,0.0,0.07854626067341375,1.5182245560159622,0.41754159689731285,0.0,0.12081939101012064,0.06854626067341375,1,1
2945,1979-11-23,10.242063492063492,1,1,1,1,"gas,gold,oil,silver",110.9742915536734,4.709298566862582,0.0,0.08032261194086503,1.8549706642591721,0.6178688815188087,0.0,0.12348391791129755,0.07032261194086503,1,1
2946,1980-11-18,11.261904761904763,1,0,1,1,"gas,gold,oil",104.58407963395686,4.64999133769464,0.0,0.05346836042704288,,,,,0.04346836042704288,1,1
2947,1979-12-20,10.317460317460318,1,1,1,1,"gas,gold,oil,silver",105.35446320984309,4.657330504894741,0.0,0.07833727817136066,1.7436078485322493,0.5559564427095752,0.0,0.120505917257041,0.06833727817136066,1,1
2948,1980-06-02,10.781746031746032,1,1,1,1,"gas,gold,oil,silver",98.81767281251935,4.593276463378306,0.0,0.06611180180125485,1.7470857199725762,0.5579490969044301,0.0,0.10216770270188229,0.05611180180125486,1,1
2949,1981-09-21,12.130952380952381,1,1,1,1,"gas,gold,oil,silver",154.63331676961505,5.041056615973491,0.0,0.030584776452229435,2.472651559661553,0.9052910807802832,0.0,0.048877164678344145,0.020584776452229434,1,1
2950,1982-06-03,12.857142857142858,1,1,1,1,"gas,gold,oil,silver",151.2897320897427,5.0191967539160105,0.0,0.011462877514371639,1.6799183927756445,0.5187452165065456,0.0,0.020194316271557454,0.0014628775143716377,1,1
2951,1979-11-30,10.261904761904763,1,1,1,1,"gas,gold,oil,silver",108.10598979413672,4.683112132861595,0.0,0.07980015568573229,1.8710975103472585,0.6265251626347574,0.0,0.12270023352859845,0.06980015568573229,1,1
2952,1979-12-07,10.281746031746032,1,1,1,1,"gas,gold,oil,silver",118.89502777686835,4.778240984293035,0.0,0.07927769943059956,1.7460209650192267,0.5573394648019233,0.0,0.12191654914589936,0.06927769943059957,1,1
2953,1980-06-23,10.841269841269842,1,1,1,0,"gas,gold,silver",106.12985885664997,4.6646634278628305,0.0,0.06454443303585668,1.6401370399268085,0.4947797992760678,0.0,0.09981664955378501,0.054544433035856675,1,1
2954,1980-07-10,10.892857142857142,1,1,1,1,"gas,gold,oil,silver",99.43479913392366,4.599502144285242,0.0,0.06318604677251159,1.6565698265629412,0.5047490949408986,0.0,0.09777907015876738,0.05318604677251159,1,1
2955,1980-04-24,10.674603174603174,1,1,1,0,"gas,gold,silver",106.80876224008688,4.671039966607221,0.0,0.06893306557897158,1.4893851952799475,0.39836341418857163,0.0,0.10639959836845737,0.05893306557897158,1,1
2956,1981-09-24,12.142857142857142,1,1,0,1,"gold,oil,silver",145.871968836487,4.982729311206508,0.0,0.0302713026991498,2.2838709260881767,0.8258717779762998,0.0,0.04840695404872469,0.0202713026991498,1,1
2957,1980-04-08,10.626984126984127,1,1,1,1,"gas,gold,oil,silver",106.14757295918766,4.6648303236315165,0.0,0.07018696059129012,1.72596740406047,0.545787707234049,0.0,0.1082804408869352,0.060186960591290126,1,1
2958,1980-06-16,10.821428571428571,1,1,1,1,"gas,gold,oil,silver",107.92056911154766,4.681395485343228,0.0,0.0650668892909894,1.6714520253069924,0.513692724884899,0.0,0.10060033393648411,0.05506688929098941,1,1
2959,1980-07-02,10.869047619047619,1,1,1,1,"gas,gold,oil,silver",119.52629743044297,4.783536409340875,0.0,0.06381299427867086,1.7141194523921675,0.5388995099246617,0.0,0.09871949141800629,0.05381299427867086,1,1
2960,1980-08-26,11.023809523809524,1,1,1,1,"gas,gold,oil,silver",106.08062277726026,4.664199397246679,0.0,0.05973783548863559,1.5317479309419153,0.4264095218421795,0.0,0.09260675323295339,0.04973783548863559,1,1
2961,1980-03-13,10.555555555555555,1,1,1,1,"gas,gold,oil,silver",115.69207958699684,4.750932175391357,0.0,0.07206780310976794,1.5474007794050235,0.43657660681993493,0.0,0.11110170466465193,0.06206780310976795,1,1
2962,1981-05-15,11.76984126984127,1,1,1,1,"gas,gold,oil,silver",114.35388315221235,4.739297878372427,0.0,0.04009348029564507,1.8178758621501436,0.5976687107782356,0.0,0.0631402204434676,0.03009348029564507,1,1
2963,1980-12-25,11.369047619047619,1,1,1,1,"gas,gold,oil,silver",108.62382479960087,4.68789076465109,0.0,0.050647096649326144,2.041295849539325,0.7135848265514824,0.0,0.07897064497398922,0.04064709664932614,1,1
2964,1981-04-14,11.678571428571429,1,1,0,1,"gold,oil,silver",119.99675982107611,4.787464740926467,0.0,0.042496779069255614,2.05672316493369,0.7211140196662101,0.0,0.06674516860388341,0.03249677906925561,1,1
2965,1980-09-05,11.055555555555555,1,1,0,1,"gold,oil,silver",114.24889514248504,4.738379359202259,0.0,0.05890190548042323,1.813779170104081,0.595412607845904,0.0,0.09135285822063485,0.04890190548042323,1,1
2966,1980-05-13,10.726190476190476,1,1,1,0,"gas,gold,silver",107.40357483265649,4.676593466741089,0.0,0.0675746793156265,1.3066856380465344,0.2674938839420272,0.0,0.10436201897343975,0.057574679315626494,1,1
2967,1980-10-15,11.166666666666666,1,1,0,1,"gold,oil,silver",90.2559166407561,4.502649153410464,0.0,0.05597615045167995,1.246447402058142,0.22029742658748117,0.0,0.08696422567751994,0.04597615045167995,1,1
2968,1981-09-01,12.075396825396826,0,1,0,0,silver,,,,,2.5526625410238046,0.9371369481766787,0.0,0.051071480949901604,0.022047653966601074,1,1
2969,1982-04-05,12.686507936507937,1,1,1,1,"gas,gold,oil,silver",151.76743259204835,5.022349300389839,0.0,0.015956001308513088,1.6954895228246132,0.527971503162879,0.0,0.02693400196276963,0.005956001308513088,1,1
2970,1981-08-04,11.996031746031745,1,1,1,1,"gas,gold,oil,silver",151.6892188801061,5.021833815141487,0.0,0.03413747898713198,2.30294520455894,0.8341888274851195,0.0,0.05420621848069797,0.02413747898713198,1,1
2971,1980-07-31,10.952380952380953,1,1,1,1,"gas,gold,oil,silver",108.57048417455303,4.6873995857949575,0.0,0.06161867800711342,1.577731448916587,0.45598802347715717,0.0,0.09542801701067012,0.051618678007113415,1,1
2972,1981-06-25,11.884920634920634,1,1,1,1,"gas,gold,oil,silver",139.6651522961464,4.93924778844689,0.0,0.037063234015875246,2.262943727767916,0.8166665001327374,0.0,0.05859485102381287,0.027063234015875248,1,1
2973,1981-12-15,12.373015873015873,1,1,0,1,"gold,oil,silver",142.75656919251182,4.961140866339013,0.0,0.024210810139610166,1.8521132479700124,0.6163272833663488,0.0,0.03931621520941525,0.014210810139610166,1,1
2974,1980-02-21,10.496031746031745,1,1,0,1,"gold,oil,silver",105.53639599205361,4.659055879128904,0.0,0.07363517187516612,1.9610836076121756,0.6734971814976937,0.0,0.11345275781274919,0.06363517187516612,1,1
2975,1980-01-24,10.416666666666666,1,1,1,1,"gas,gold,oil,silver",115.25327625825588,4.747132108876229,0.0,0.07572499689569703,1.8984372443216446,0.6410310447426116,0.0,0.11658749534354555,0.06572499689569704,1,1
2976,1981-06-02,11.817460317460318,1,1,1,1,"gas,gold,oil,silver",130.81163649417678,4.873758399088793,0.0,0.03883958528332652,2.3715595348858547,0.8635477703365855,0.0,0.06125937792498978,0.02883958528332652,1,1
2977,1980-08-07,10.972222222222221,1,1,1,0,"gas,gold,silver",113.63126340782202,4.732958674479582,0.0,0.061096221751980685,1.8338791875887563,0.6064334979397256,0.0,0.09464433262797102,0.05109622175198068,1,1
2978,1981-02-05,11.488095238095237,1,1,1,0,"gas,gold,silver",111.7695679501778,4.716439322864217,0.0,0.04751235911852979,1.7124968703669168,0.5379524636296051,0.0,0.07426853867779468,0.037512359118529785,1,1
2979,1982-03-19,12.642857142857142,1,1,1,1,"gas,gold,oil,silver",148.93671022210285,5.003521452097795,0.0,0.017105405069805082,1.7125863380564745,0.538004706266723,0.0,0.028658107604707623,0.007105405069805083,1,1
2980,1980-02-04,10.444444444444445,1,1,1,0,"gas,gold,silver",107.86771003996782,4.6809055692750805,0.0,0.0749935581385112,1.7042255090528922,0.5331107606443085,0.0,0.11549033720776682,0.06499355813851121,1,1
2981,1981-01-01,11.38888888888889,1,1,1,1,"gas,gold,oil,silver",120.35788188880578,4.790469653474774,0.0,0.05012464039419342,1.8424971006576232,0.6111217714885958,0.0,0.07818696059129013,0.04012464039419342,1,1
2982,1981-11-17,12.293650793650794,1,1,1,1,"gas,gold,oil,silver",154.45561535184117,5.039906775789095,0.0,0.026300635160141077,2.073701774232941,0.7293353069093426,0.0,0.042450952740211614,0.016300635160141075,1,1
2983,1980-08-04,10.96031746031746,1,1,1,1,"gas,gold,oil,silver",112.91765930943055,4.726658874419387,0.0,0.06140969550506032,1.59709983292377,0.4681893800678677,0.0,0.09511454325759047,0.05140969550506032,1,1
2984,1980-06-24,10.845238095238095,1,1,0,1,"gold,oil,silver",97.61195810233103,4.581000007454173,0.0,0.06443994178483013,1.5538055180225128,0.44070709483596904,0.0,0.0996599126772452,0.05443994178483013,1,1
2985,1981-04-20,11.694444444444445,1,1,1,1,"gas,gold,oil,silver",113.93546197596433,4.735632165068497,0.0,0.04207881406514943,1.7676492211493289,0.5696505402034068,0.0,0.06611822109772414,0.032078814065149425,1,1
2986,1980-08-05,10.964285714285714,1,1,1,1,"gas,gold,oil,silver",114.70902790040488,4.742398729847059,0.0,0.061305204254033775,1.6639677102080834,0.5092049372877121,0.0,0.09495780638105066,0.05130520425403377,1,1
2987,1980-07-21,10.920634920634921,1,1,0,0,"gold,silver",107.2705643224735,4.675354281362476,0.0,0.06245460801532578,1.9364494140489048,0.6608560972709818,0.0,0.09668191202298866,0.052454608015325775,1,1
2988,1980-02-14,10.476190476190476,1,1,0,1,"gold,oil,silver",102.0168660649897,4.625138153193205,0.0,0.07415762813029884,1.8026292428310429,0.5892462895932115,0.0,0.11423644219544828,0.06415762813029885,1,1
2989,1979-11-20,10.23015873015873,1,1,1,1,"gas,gold,oil,silver",111.27355839991849,4.711991659526319,0.0,0.08063608569394466,1.9393858866539766,0.6623713696905279,0.0,0.123954128540917,0.07063608569394467,1,1
2990,1980-09-26,11.115079365079366,1,1,1,1,"gas,gold,oil,silver",108.14697995443278,4.683491227408455,0.0,0.05733453671502506,1.480867202219566,0.39262786362150104,0.0,0.08900180507253759,0.047334536715025056,1,1
2991,1981-01-22,11.448412698412698,1,1,1,1,"gas,gold,oil,silver",116.16186565332228,4.754984612012611,0.0,0.048557271628795244,1.8007411545918504,0.5881983327063277,0.0,0.07583590744319287,0.03855727162879524,1,1
2992,1980-07-28,10.94047619047619,1,1,0,1,"gold,oil,silver",107.44842125276986,4.677010930125947,0.0,0.06193215176019305,1.5959643781619552,0.467478179331138,0.0,0.09589822764028957,0.05193215176019305,1,1
2993,1980-02-07,10.456349206349206,1,1,1,0,"gas,gold,silver",99.09386853760948,4.596067567954715,0.0,0.07468008438543157,1.3814293614341904,0.323118732285562,0.0,0.11502012657814736,0.06468008438543157,1,1
2994,1980-09-11,11.071428571428571,1,1,1,1,"gas,gold,oil,silver",101.24348256932576,4.61752833422916,0.0,0.05848394047631705,1.492433301186694,0.40040787596387445,0.0,0.09072591071447558,0.04848394047631705,1,1
2995,1980-04-29,10.686507936507937,1,1,1,0,"gas,gold,silver",91.506941058805,4.516414827970535,0.0,0.06861959182589195,1.4737823021708467,0.3878320909809596,0.0,0.10592938773883792,0.058619591825891944,1,1
2996,1980-07-01,10.865079365079366,1,1,1,1,"gas,gold,oil,silver",101.23029957669775,4.617398114973048,0.0,0.06391748552969741,1.5710602713389088,0.45175072348913325,0.0,0.0988762282945461,0.053917485529697405,1,1
2997,1980-03-25,10.587301587301587,1,1,0,1,"gold,oil,silver",117.178065756741,4.763694707381508,0.0,0.07123187310155558,1.694809976631532,0.5275706263658347,0.0,0.10984780965233339,0.06123187310155559,1,1
2998,1980-11-05,11.226190476190476,1,1,1,1,"gas,gold,oil,silver",105.58746800558083,4.659539690040247,0.0,0.05440878168628178,1.533566113517059,0.4275958164677869,0.0,0.08461317252942267,0.044408781686281776,1,1
2999,1980-01-10,10.376984126984127,1,0,1,0,"gas,gold",115.24514565819324,4.747061560887237,0.0,0.07676990940596248,,,,,0.06676990940596249,1,1
3000,1982-02-05,12.523809523809524,1,1,1,1,"gas,gold,oil,silver",144.3421308212804,4.972186390049229,0.0,0.02024014260060145,1.6522459068456639,0.5021355180439245,0.0,0.03336021390090217,0.01024014260060145,1,1
3001,1981-04-06,11.654761904761905,1,1,1,1,"gas,gold,oil,silver",119.18211819521379,4.780652728237029,0.0,0.043123726575414884,2.040511166726769,0.7132003483931102,0.0,0.06768558986312231,0.03312372657541488,1,1
3002,1982-06-10,12.876984126984127,1,1,1,1,"gas,gold,oil,silver",150.02672551704188,5.010813448339459,0.0,0.010940421259238905,1.6028082218868258,0.4717572294689827,0.0,0.019410631888858356,0.000940421259238905,1,1
3003,1981-11-19,12.301587301587302,1,1,1,1,"gas,gold,oil,silver",150.44955995471543,5.013627878211128,0.0,0.026091652658087987,1.8652710281503464,0.6234063659423672,0.0,0.04213747898713198,0.016091652658087985,1,1
3004,1981-05-28,11.805555555555555,1,1,1,1,"gas,gold,oil,silver",125.59673172927135,4.833076232431776,0.0,0.03915305903640615,2.001884067668604,0.6940887709588405,0.0,0.061729588554609235,0.029153059036406154,1,1
3005,1981-02-10,11.5,1,1,1,0,"gas,gold,silver",110.72233472281829,4.707025578377694,0.0,0.04719888536545015,1.6495370812089016,0.5004946917059656,0.0,0.07379832804817522,0.03719888536545015,1,1
3006,1980-01-02,10.353174603174603,1,1,1,1,"gas,gold,oil,silver",101.39170327542605,4.618991266068141,0.0,0.07739685691212175,1.7805370987730411,0.5769150596730999,0.0,0.11909528536818263,0.06739685691212176,1,1
3007,1982-04-27,12.75,1,1,0,1,"gold,oil,silver",153.998127220241,5.036940441432159,0.0,0.01428414129208836,1.7584088495544263,0.5644093373856899,0.0,0.02442621193813254,0.0042841412920883604,1,1
3008,1980-09-25,11.11111111111111,1,0,1,1,"gas,gold,oil",102.70408067440003,4.631851850073087,0.0,0.0574390279660516,,,,,0.0474390279660516,1,1
3009,1980-04-02,10.61111111111111,0,1,1,0,"gas,silver",,,,,1.8039012914714034,0.5899517036641644,0.0,0.10890738839309447,0.060604925595396306,1,1
3010,1981-10-20,12.214285714285714,1,1,1,1,"gas,gold,oil,silver",161.30459425054633,5.083294467369969,0.0,0.028390460180671984,2.1839061564377955,0.7811150882954662,0.0,0.04558569027100797,0.01839046018067198,1,1
3011,1981-01-12,11.416666666666666,1,1,1,1,"gas,gold,oil,silver",113.49264058861895,4.731737994190305,0.0,0.049393201637007604,1.9128127843242269,0.6485748207052154,0.0,0.0770898024555114,0.0393932016370076,1,1
3012,1980-04-16,10.65079365079365,1,1,0,1,"gold,oil,silver",111.01055224923702,4.709625262102356,0.0,0.06956001308513085,1.764771351714633,0.5680211362227359,0.0,0.10734001962769629,0.059560013085130856,1,1
3013,1980-10-09,11.15079365079365,1,1,1,1,"gas,gold,oil,silver",102.5473583602754,4.630324724657357,0.0,0.05639411545578615,1.3479550697023817,0.29858868085330315,0.0,0.08759117318367922,0.046394115455786145,1,1
3014,1980-09-10,11.067460317460318,1,1,1,1,"gas,gold,oil,silver",107.96541290191465,4.681810924924749,0.0,0.0585884317273436,1.5512359247444323,0.43905198400280465,0.0,0.0908826475910154,0.048588431727343596,1,1
3015,1980-12-16,11.341269841269842,1,1,1,1,"gas,gold,oil,silver",112.41416905082119,4.722189988685808,0.0,0.05137853540651196,1.9070347540549049,0.645549550917297,0.0,0.08006780310976794,0.04137853540651196,1,1
3016,1980-06-05,10.793650793650794,1,1,1,1,"gas,gold,oil,silver",96.4636263461577,4.569166008233967,0.0,0.06579832804817522,1.5959574381582131,0.4674738308513559,0.0,0.10169749207226284,0.05579832804817522,1,1
3017,1980-06-25,10.84920634920635,1,1,1,1,"gas,gold,oil,silver",99.9421431250069,4.604591449802676,0.0,0.06433545053380359,1.5338926865010247,0.427808743849369,0.0,0.09950317580070538,0.054335450533803585,1,1
3018,1980-03-19,10.571428571428571,1,1,1,1,"gas,gold,oil,silver",114.58331186361829,4.741302172940595,0.0,0.07164983810566176,2.0376550033608245,0.7117996385084204,0.0,0.11047475715849266,0.06164983810566177,1,1
3019,1981-10-07,12.178571428571429,1,1,1,1,"gas,gold,oil,silver",155.83429060457954,5.048793202958852,0.0,0.029330881439910896,2.345191968390995,0.852367261400965,0.0,0.046996322159866336,0.019330881439910894,1,1
3020,1981-10-19,12.21031746031746,1,1,0,0,"gold,silver",158.71202548848325,5.067091399636275,0.0,0.02849495143169853,2.193623489400007,0.7855547379195688,0.0,0.04574242714754779,0.018494951431698527,1,1
3021,1980-01-07,10.365079365079366,1,1,1,1,"gas,gold,oil,silver",112.93972681579947,4.726854285398127,0.0,0.07708338315904212,1.5433456951464113,0.43395258921204405,0.0,0.11862507473856318,0.06708338315904212,1,1
3022,1980-08-14,10.992063492063492,1,1,1,1,"gas,gold,oil,silver",100.01064509721779,4.605276631294767,0.0,0.06057376549684796,1.5054595985688481,0.4090982326903883,0.0,0.09386064824527193,0.05057376549684796,1,1
3023,1980-01-01,10.34920634920635,1,1,1,1,"gas,gold,oil,silver",97.20941581349321,4.576867577283938,0.0,0.0775013481631483,1.5836280506825253,0.4597184493302212,0.0,0.11925202224472245,0.0675013481631483,1,1
3024,1980-11-12,11.246031746031745,1,0,0,0,gold,96.90151069329886,4.573695109005317,0.0,0.05388632543114906,,,,,0.04388632543114906,1,1
3025,1981-12-29,12.412698412698413,1,1,1,1,"gas,gold,oil,silver",145.14200583888703,4.977712613782654,0.0,0.023165897629344716,1.8282480872044173,0.6033581789243818,0.0,0.037748846444017076,0.013165897629344716,1,1
3026,1982-03-24,12.654761904761905,0,1,0,1,"oil,silver",,,,,1.735101858457766,0.5510661197203947,0.0,0.02818789697508817,0.006791931316725448,1,1
3027,1979-12-24,10.325396825396826,1,1,1,1,"gas,gold,oil,silver",101.75220314374619,4.622540476606682,0.0,0.07812829566930757,1.1555300693173303,0.14455917316941957,0.0,0.12019244350396137,0.06812829566930757,1,1
3028,1981-10-23,12.226190476190476,1,1,0,1,"gold,oil,silver",157.47360536774931,5.059257859255087,0.0,0.02807698642759235,2.1631093745435592,0.771546711824518,0.0,0.04511547964138852,0.018076986427592347,1,1
3029,1981-11-16,12.28968253968254,1,1,0,0,"gold,silver",154.28600423882668,5.038808050386915,0.0,0.026405126411167622,1.9860321370240006,0.686138747276549,0.0,0.04260768961675143,0.01640512641116762,1,1
3030,1980-07-29,10.944444444444445,1,1,1,0,"gas,gold,silver",108.51935975900011,4.6869285880221305,0.0,0.06182766050916651,1.720305813048066,0.5425020733048794,0.0,0.09574149076374976,0.051827660509166505,1,1
3031,1981-06-30,11.896825396825397,1,1,0,1,"gold,oil,silver",137.10536117411417,4.920749689918341,0.0,0.03674976026279561,2.3909834486937087,0.8717047661158455,0.0,0.05812464039419342,0.026749760262795613,1,1
3032,1982-03-25,12.658730158730158,1,1,1,1,"gas,gold,oil,silver",151.38437712752585,5.019822146296698,0.0,0.016687440065698902,1.7481454882748892,0.5585555050483538,0.0,0.028031160098548353,0.006687440065698903,1,1
3033,1980-03-31,10.603174603174603,1,1,1,1,"gas,gold,oil,silver",102.50303943962696,4.629892451208351,0.0,0.0708139080974494,1.8526829783056429,0.61663484702455,0.0,0.10922086214617412,0.06081390809744941,1,1
3034,1981-08-14,12.027777777777779,1,1,1,1,"gas,gold,oil,silver",141.21886375639292,4.950310912144438,0.0,0.03330154897891962,2.460999335665772,0.9005675014640517,0.0,0.05295232346837943,0.02330154897891962,1,1
3035,1981-04-09,11.666666666666666,1,1,0,1,"gold,oil,silver",119.01488949628214,4.779248607101945,0.0,0.04281025282233525,1.9741005737990305,0.6801128889530519,0.0,0.06721537923350286,0.03281025282233525,1,1
3036,1982-01-22,12.484126984126984,1,1,1,1,"gas,gold,oil,silver",151.9391161319992,5.023479888840828,0.0,0.021285055110866896,1.839986513759912,0.6097582421157248,0.0,0.03492758266630035,0.011285055110866898,1,1
3037,1981-06-10,11.841269841269842,0,1,1,0,"gas,silver",,,,,1.9686559424905428,0.677351047207634,0.0,0.06031895666575088,0.02821263777716725,1,1
3038,1981-08-28,12.067460317460318,1,1,0,1,"gold,oil,silver",145.61171914493207,4.9809436211563245,0.0,0.03225663646865416,2.3830745435534184,0.8683914790177925,0.0,0.05138495470298124,0.02225663646865416,1,1
3039,1982-04-28,12.753968253968255,1,1,1,1,"gas,gold,oil,silver",154.91239322647323,5.042859752140199,0.0,0.014179650041061816,1.8172144190526844,0.59730478963538,0.0,0.024269475061592723,0.0041796500410618154,1,1
3040,1980-10-02,11.130952380952381,1,1,1,0,"gas,gold,silver",99.60707565993496,4.601233202829676,0.0,0.05691657171091887,1.5425955742561304,0.4334664354977835,0.0,0.0883748575663783,0.04691657171091887,1,1
3041,1980-10-16,11.170634920634921,1,1,1,1,"gas,gold,oil,silver",86.44173468619961,4.459470599533108,0.0,0.05587165920065341,1.3529311144695837,0.3022734347141008,0.0,0.08680748880098012,0.045871659200653406,1,1
3042,1979-12-25,10.329365079365079,1,0,1,1,"gas,gold,oil",112.30359358074381,4.721205861060943,0.0,0.07802380441828102,,,,,0.06802380441828103,1,1
3043,1981-12-14,12.369047619047619,1,1,1,1,"gas,gold,oil,silver",145.90048857555652,4.982924804224686,0.0,0.02431530139063671,1.8279039160578132,0.6031699093188985,0.0,0.03947295208595507,0.014315301390636711,1,1
3044,1981-02-04,11.484126984126984,1,1,1,1,"gas,gold,oil,silver",116.6702716488111,4.7593517651849115,0.0,0.04761685036955633,1.7284241650933063,0.5472101061705147,0.0,0.0744252755543345,0.03761685036955633,1,1
3045,1982-06-16,12.892857142857142,1,1,1,1,"gas,gold,oil,silver",147.18144929923508,4.991666174570741,0.0,0.010522456255132725,1.5694921748149604,0.4507521115053207,0.0,0.018783684382699086,0.000522456255132725,1,1
3046,1980-08-12,10.984126984126984,1,1,1,1,"gas,gold,oil,silver",114.22088321284825,4.738134145765464,0.0,0.06078274799890105,1.6565895227298415,0.5047609845995742,0.0,0.09417412199835157,0.05078274799890105,1,1
3047,1982-02-25,12.579365079365079,1,1,1,0,"gas,gold,silver",151.49747062799378,5.020568929285258,0.0,0.01877726508622981,1.6754756296342783,0.5160970829592039,0.0,0.031165897629344713,0.00877726508622981,1,1
3048,1980-10-20,11.178571428571429,1,1,1,1,"gas,gold,oil,silver",93.29752004620639,4.53579352707352,0.0,0.05566267669860032,1.2434697036092814,0.21790562016016252,0.0,0.08649401504790048,0.045662676698600316,1,1
3049,1981-12-24,12.40079365079365,1,0,0,0,gold,142.33250388501716,4.958165897037801,0.0,0.02347937138242435,,,,,0.013479371382424351,1,1
3050,1980-03-07,10.53968253968254,1,0,0,1,"gold,oil",98.44022403788479,4.589449501402882,0.0,0.07248576811387412,,,,,0.06248576811387412,1,1
3051,1979-12-17,10.305555555555555,1,1,0,0,"gold,silver",113.94628482531785,4.735727151608785,0.0,0.0786507519244403,1.7537667877333991,0.5617659248667786,0.0,0.12097612788666046,0.0686507519244403,1,1
3052,1980-05-15,10.734126984126984,1,1,0,0,"gold,silver",101.98683701571896,4.624843756091249,0.0,0.0673656968135734,1.5456455576258163,0.43544165973129784,0.0,0.10404854522036011,0.057365696813573404,1,1
3053,1981-12-23,12.396825396825397,1,1,0,1,"gold,oil,silver",143.14789184195092,4.9638783045195165,0.0,0.023583862633450896,1.7754440549609107,0.5740505634485941,0.0,0.038375793950176346,0.013583862633450896,1,1
3054,1982-01-15,12.464285714285714,1,1,0,0,"gold,silver",146.13324729384274,4.984518858191636,0.0,0.02180751136599962,1.7911224676621313,0.5828425002283146,0.0,0.035711267048999434,0.011807511365999623,1,1
3055,1980-02-22,10.5,1,1,1,1,"gas,gold,oil,silver",115.06215783002078,4.745472485213933,0.0,0.07353068062413957,1.7827665773629455,0.5781664146422325,0.0,0.11329602093620937,0.06353068062413958,1,1
3056,1980-06-12,10.813492063492063,1,1,1,1,"gas,gold,oil,silver",110.23363978383243,4.702602111332396,0.0,0.06527587179304249,1.3783404399148629,0.32088019571797477,0.0,0.10091380768956375,0.0552758717930425,1,1
3057,1981-06-19,11.869047619047619,1,1,1,1,"gas,gold,oil,silver",138.63234908429794,4.931825458399131,0.0,0.037481199019981426,2.157287472948117,0.7688516329579799,0.0,0.05922179852997214,0.027481199019981428,1,1
3058,1980-04-18,10.658730158730158,1,1,1,1,"gas,gold,oil,silver",106.78749521664973,4.6708408336845695,0.0,0.06935103058307776,1.5627646067480208,0.44645643660934503,0.0,0.10702654587461666,0.059351030583077766,1,1
3059,1981-12-30,12.416666666666666,1,1,1,1,"gas,gold,oil,silver",145.87395389757913,4.982742919356185,0.0,0.02306140637831817,1.8052480477688615,0.5906980049298525,0.0,0.03759210956747726,0.013061406378318171,1,1
3060,1982-02-16,12.551587301587302,1,1,1,1,"gas,gold,oil,silver",150.0977039226754,5.011286441538242,0.0,0.019508703843415624,1.636227249597936,0.49239313415627295,0.0,0.032263055765123436,0.009508703843415626,1,1
3061,1980-04-14,10.642857142857142,0,1,0,1,"oil,silver",,,,,1.828577311689854,0.6035382391954716,0.0,0.10765349338077593,0.059768995587183946,1,1
3062,1980-01-09,10.373015873015873,1,0,1,0,"gas,gold",112.93656592890848,4.726826297627894,0.0,0.07687440065698903,,,,,0.06687440065698903,1,1
3063,1980-11-27,11.28968253968254,1,1,1,0,"gas,gold,silver",111.29126009845669,4.712150729577866,0.0,0.052736921669857065,1.7613842529689476,0.5661000072839407,0.0,0.08210538250478559,0.04273692166985706,1,1
3064,1980-09-08,11.05952380952381,1,1,0,1,"gold,oil,silver",102.8373488637644,4.633148602833236,0.0,0.05879741422939669,1.666694161194641,0.510842120346706,0.0,0.09119612134409504,0.048797414229396686,1,1
3065,1981-04-08,11.662698412698413,1,1,0,1,"gold,oil,silver",117.57744053742148,4.7670971848976,0.0,0.042914744073361794,1.9908773666771842,0.6885754293514218,0.0,0.06737211611004268,0.03291474407336179,1,1
3066,1982-06-17,12.896825396825397,1,1,1,0,"gas,gold,silver",148.55836829986617,5.000977933542197,0.0,0.01041796500410618,1.5866354871960702,0.4616157284552905,0.0,0.01862694750615927,0.00041796500410618,1,1
3067,1980-04-03,10.615079365079366,1,1,0,1,"gold,oil,silver",121.34279690136955,4.798619572366926,0.0,0.07050043434436976,1.7932689618749316,0.5840401899960674,0.0,0.10875065151655465,0.06050043434436976,1,1
3068,1981-09-14,12.11111111111111,0,0,0,1,oil,,,,,,,,,0.02110723270736217,1,1
3069,1980-06-09,10.801587301587302,1,1,1,1,"gas,gold,oil,silver",103.38596950680372,4.638469261443853,0.0,0.06558934554612213,1.5537007545208013,0.44063966874407234,0.0,0.1013840183191832,0.05558934554612213,1,1
3070,1980-02-13,10.472222222222221,1,1,1,1,"gas,gold,oil,silver",107.81228564529691,4.6803916190061665,0.0,0.07426211938132539,1.4711172085002375,0.3860221179149701,0.0,0.1143931790719881,0.0642621193813254,1,1
3071,1980-01-18,10.40079365079365,1,1,0,1,"gold,oil,silver",102.56428029126236,4.630489726810688,0.0,0.07614296189980321,2.0111816288829263,0.698722424406263,0.0,0.11721444284970482,0.06614296189980322,1,1
3072,1982-10-18,13.242063492063492,1,0,1,0,"gas,gold",122.87813065605519,4.811193056523679,0.0,0.10724109117302853,,,,,0.09724109117302854,1,1
3073,1983-04-07,13.73015873015873,0,1,0,1,"oil,silver",,,,,1.4954946908890145,0.40245704902406804,0.0,0.12460347194242298,0.07106898129494865,1,1
3074,1983-05-02,13.797619047619047,1,1,1,0,"gas,gold,silver",119.02464105473815,4.77933053936285,0.0,0.07745169781586443,1.2727432907409586,0.24117464231987212,0.0,0.11917754672379666,0.06745169781586444,1,1
3075,1983-02-21,13.59920634920635,1,1,0,0,"gold,silver",125.388586117155,4.831417604256865,0.0,0.08809076687199446,1.4820610511951262,0.3934337211638105,0.0,0.1351361503079917,0.07809076687199447,1,1
3076,1984-03-06,14.674603174603174,1,1,1,1,"gas,gold,oil,silver",91.4668029843622,4.515976097536324,0.0,0.030427012587769676,0.7385500015670997,-0.3030664723736682,0.0,0.04864051888165451,0.020427012587769675,1,1
3077,1984-02-02,14.583333333333334,1,1,1,0,"gas,gold,silver",95.62374856737966,4.5604212051839905,0.0,0.03532098435358949,0.6920284178872363,-0.3681282578966302,0.0,0.05598147653038424,0.025320984353589492,1,1
3078,1982-11-03,13.28968253968254,1,1,1,1,"gas,gold,oil,silver",153.9720293698599,5.036770958448921,0.0,0.10468771459955732,1.315840099894148,0.2744753208811336,0.0,0.16003157189933598,0.09468771459955733,1,1
3079,1983-08-05,14.071428571428571,1,1,1,0,"gas,gold,silver",140.88619759360725,4.947952455224925,0.0,0.06276978251840498,1.2680222081681987,0.2374583701898926,0.0,0.09715467377760746,0.05276978251840498,1,1
3080,1982-12-06,13.380952380952381,1,1,1,0,"gas,gold,silver",129.74189326514943,4.865547040442036,0.0,0.09979374283373751,1.328882603368669,0.2843384412685602,0.0,0.15269061425060626,0.08979374283373752,1,1
3081,1982-10-14,13.234126984126984,1,1,0,1,"gold,oil,silver",140.55653060341095,4.945609760900706,0.0,0.10766665393527373,1.6573390461931496,0.5052133319936113,0.0,0.1644999809029106,0.09766665393527374,1,1
3082,1984-06-26,14.992063492063492,1,1,1,0,"gas,gold,silver",90.01592926888591,4.499986646545561,0.0,0.013404502097961615,0.6604928705491242,-0.41476894909902096,0.0,0.02310675314694242,0.0034045020979616143,1,1
3083,1983-03-07,13.63888888888889,1,1,0,1,"gold,oil,silver",136.2650143421631,4.914601624478811,0.0,0.08596295306076845,1.6050766537451124,0.47317151478428726,0.0,0.13194442959115268,0.07596295306076846,1,1
3084,1983-03-04,13.634920634920634,1,1,1,0,"gas,gold,silver",155.76317756647518,5.048336761256958,0.0,0.08617573444189107,1.061304836429274,0.05949912885551087,0.0,0.1322636016628366,0.07617573444189107,1,1
3085,1982-12-28,13.444444444444445,1,1,0,1,"gold,oil,silver",116.70299694202842,4.759632219699942,0.0,0.0963892407357759,1.2984312420350763,0.26115679887814136,0.0,0.14758386110366384,0.0863892407357759,1,1
3086,1984-03-29,14.742063492063492,1,1,1,1,"gas,gold,oil,silver",92.54026389355863,4.5276438351449695,0.0,0.026809729108685454,0.7191264598512307,-0.329718053762526,0.0,0.043214593663028184,0.016809729108685455,1,1
3087,1982-11-02,13.285714285714286,1,1,1,1,"gas,gold,oil,silver",133.94898754237806,4.897459037487831,0.0,0.10490049598067992,1.359185769709968,0.3068858217136331,0.0,0.16035074397101987,0.09490049598067993,1,1
3088,1983-08-08,14.075396825396826,1,0,0,0,gold,129.35507891831563,4.862561172788254,0.0,0.06255700113728238,,,,,0.052557001137282386,1,1
3089,1984-03-07,14.678571428571429,1,1,1,1,"gas,gold,oil,silver",94.56979119451259,4.549338093078622,0.0,0.03021423120664707,0.7153977296565799,-0.33491662569233666,0.0,0.048321346809970606,0.02021423120664707,1,1
3090,1984-01-23,14.551587301587302,1,1,1,1,"gas,gold,oil,silver",95.8680998440833,4.562973286761925,0.0,0.0370232354025703,0.6983115711698058,-0.35908989878224973,0.0,0.05853485310385545,0.0270232354025703,1,1
3091,1983-04-15,13.753968253968255,1,1,1,1,"gas,gold,oil,silver",127.40004185033254,4.847332071633555,0.0,0.07979229300821304,1.9016023173630126,0.6426968557016262,0.0,0.12268843951231957,0.06979229300821305,1,1
3092,1983-09-07,14.162698412698413,1,1,0,1,"gold,oil,silver",128.1306998288049,4.8530508353719,0.0,0.057875810752585174,1.19440682351757,0.17764968015148297,0.0,0.08981371612887776,0.04787581075258517,1,1
3093,1984-03-26,14.73015873015873,1,1,1,1,"gas,gold,oil,silver",87.6931536523592,4.473843830793341,0.0,0.027448073252053257,0.6800036295442236,-0.38565714326119477,0.0,0.04417210987807989,0.017448073252053258,1,1
3094,1983-08-10,14.083333333333334,1,1,1,1,"gas,gold,oil,silver",122.39756621174556,4.807274485989571,0.0,0.06213143837503718,1.3309665915051452,0.28590543880129654,0.0,0.09619715756255577,0.05213143837503718,1,1
3095,1983-07-01,13.972222222222221,1,1,0,1,"gold,oil,silver",129.57027006256135,4.864223359937084,0.0,0.06808931704647,1.3649501556003665,0.31111791192650856,0.0,0.10513397556970501,0.05808931704647,1,1
3096,1982-10-25,13.261904761904763,1,1,1,1,"gas,gold,oil,silver",124.69901366231367,4.825902942969975,0.0,0.10617718426741553,1.1891822373060403,0.17326587535521054,0.0,0.1622657764011233,0.09617718426741553,1,1
3097,1982-10-15,13.238095238095237,1,1,1,1,"gas,gold,oil,silver",151.66543578005238,5.0216770145139895,0.0,0.10745387255415113,1.4886326420055784,0.397858008693033,0.0,0.16418080883122668,0.09745387255415114,1,1
3098,1982-12-30,13.452380952380953,1,1,1,1,"gas,gold,oil,silver",132.5921320272865,4.88727773984716,0.0,0.0959636779735307,1.504111928072493,0.40820264301956394,0.0,0.14694551696029604,0.0859636779735307,1,1
3099,1983-04-12,13.742063492063492,1,1,1,1,"gas,gold,oil,silver",142.05845487707433,4.956238626958876,0.0,0.08043063715158084,1.3912599601834477,0.33020978274349866,0.0,0.12364595572737128,0.07043063715158085,1,1
3100,1983-11-14,14.353174603174603,1,0,1,1,"gas,gold,oil",114.35895197460579,4.739342203146692,0.0,0.04766230445870033,,,,,0.03766230445870033,1,1
3101,1983-06-21,13.94047619047619,1,1,0,1,"gold,oil,silver",126.58625768560076,4.840923954731315,0.0,0.06979156809545081,1.30954295673854,0.26967818835163987,0.0,0.10768735214317622,0.05979156809545081,1,1
3102,1984-03-09,14.686507936507937,1,1,1,0,"gas,gold,silver",91.270693372478,4.513829743437346,0.0,0.029788668444401867,0.6879556142333583,-0.37403095732562375,0.0,0.04768300266660279,0.019788668444401865,1,1
3103,1983-11-22,14.376984126984127,1,1,1,1,"gas,gold,oil,silver",106.50041038014359,4.668148838476737,0.0,0.04638561617196473,0.8581607755573105,-0.15296381294895278,0.0,0.07257842425794708,0.03638561617196473,1,1
3104,1983-11-30,14.40079365079365,1,1,1,1,"gas,gold,oil,silver",109.19593730908277,4.693143858489435,0.0,0.045108927885229126,0.7878140263389827,-0.23849322416236815,0.0,0.07066339182784369,0.035108927885229124,1,1
3105,1983-01-05,13.468253968253968,1,1,1,0,"gas,gold,silver",132.0605582749367,4.88326059219151,0.0,0.09511255244904028,1.3532179830217823,0.30248544709253117,0.0,0.14566882867356043,0.08511255244904029,1,1
3106,1983-10-27,14.305555555555555,1,1,0,1,"gold,oil,silver",105.88871762830698,4.6623887089554605,0.0,0.05021568103217154,0.8989485473926316,-0.10652947930453474,0.0,0.07832352154825731,0.04021568103217154,1,1
3107,1983-09-16,14.19047619047619,1,1,0,1,"gold,oil,silver",110.61716899470896,4.706075312074058,0.0,0.05638634108472697,0.9318702374298473,-0.07056170421545917,0.0,0.08757951162709045,0.046386341084726966,1,1
3108,1983-12-09,14.428571428571429,1,1,1,1,"gas,gold,oil,silver",109.00206751677416,4.691366850093052,0.0,0.04361945821737091,0.8480386212500616,-0.1648291003003677,0.0,0.06842918732605636,0.03361945821737091,1,1
3109,1983-10-31,14.313492063492063,1,1,1,0,"gas,gold,silver",116.55729142183783,4.758382923986871,0.0,0.049790118269926346,0.8257582233502464,-0.19145325611686936,0.0,0.0776851774048895,0.039790118269926344,1,1
3110,1983-07-07,13.988095238095237,1,1,1,0,"gas,gold,silver",132.49163862116512,4.886519538689165,0.0,0.0672381915219796,1.43536477291164,0.3614190140599314,0.0,0.1038572872829694,0.0572381915219796,1,1
3111,1983-01-13,13.492063492063492,1,1,1,1,"gas,gold,oil,silver",163.79193792679325,5.098596951201528,0.0,0.09383586416230469,1.5115887800111507,0.41316126987445495,0.0,0.14375379624345702,0.0838358641623047,1,1
3112,1982-12-29,13.448412698412698,1,1,1,1,"gas,gold,oil,silver",137.24104282692412,4.9217388165253855,0.0,0.0961764593546533,1.502096827992049,0.4068620173040765,0.0,0.14726468903197992,0.0861764593546533,1,1
3113,1983-05-16,13.837301587301587,1,1,1,0,"gas,gold,silver",120.57566438023713,4.7922774760392715,0.0,0.07532388400463842,1.1234986405145762,0.11644760259763359,0.0,0.11598582600695764,0.06532388400463843,1,1
3114,1982-11-17,13.329365079365079,1,1,0,1,"gold,oil,silver",117.25396794566488,4.764342248507841,0.0,0.10255990078833131,1.6242134857956771,0.48502368987053923,0.0,0.15683985118249696,0.09255990078833132,1,1
3115,1983-06-16,13.928571428571429,1,1,1,0,"gas,gold,silver",137.01291442024052,4.920075187226551,0.0,0.0704299122388186,1.2709914596670941,0.23979727280401333,0.0,0.10864486835822791,0.060429912238818606,1,1
3116,1982-11-01,13.281746031746032,1,0,1,0,"gas,gold",149.86258962616256,5.009718805089562,0.0,0.10511327736180252,,,,,0.09511327736180253,1,1
3117,1982-11-26,13.357142857142858,1,1,1,1,"gas,gold,oil,silver",112.90325003697758,4.726531257605566,0.0,0.1010704311204731,1.5711073761126806,0.45178070583193636,0.0,0.15460564668070967,0.09107043112047311,1,1
3118,1984-07-04,15.015873015873016,1,1,0,1,"gold,oil,silver",94.5149626528756,4.548758156917106,0.0,0.012127813811226004,0.7091268846320824,-0.3437208056522356,0.0,0.021191720716839002,0.0021278138112260036,1,1
3119,1983-03-09,13.646825396825397,1,1,1,1,"gas,gold,oil,silver",133.86786466472122,4.896853228858021,0.0,0.08553739029852327,1.3598916848628169,0.3074050530930272,0.0,0.1313060854477849,0.07553739029852327,1,1
3120,1984-04-17,14.793650793650794,1,1,1,0,"gas,gold,silver",95.18088971661889,4.555779183375886,0.0,0.024043571154091656,0.7639415581502855,-0.26926398730916434,0.0,0.03906535673113748,0.014043571154091654,1,1
3121,1984-02-29,14.658730158730158,0,1,0,1,"oil,silver",,,,,0.7352709803999586,-0.30751616689910244,0.0,0.04991720716839011,0.021278138112260078,1,1
3122,1983-08-03,14.063492063492063,1,1,0,1,"gold,oil,silver",125.86958249592966,4.835246311351298,0.0,0.06319534528065018,1.319096462858383,0.27694700438811926,0.0,0.09779301792097528,0.05319534528065018,1,1
3123,1984-05-29,14.912698412698413,1,0,0,0,gold,93.99195755073977,4.543209220638858,0.0,0.01766012972041363,,,,,0.007660129720413632,1,1
3124,1983-11-25,14.38888888888889,1,1,1,1,"gas,gold,oil,silver",106.56658808697817,4.668770030021545,0.0,0.04574727202859693,0.9035813632488569,-0.10138911960225219,0.0,0.07162090804289539,0.03574727202859693,1,1
3125,1983-09-26,14.214285714285714,0,1,0,0,silver,,,,,1.0033529022769043,0.003347293832944964,0.0,0.08566447919698704,0.045109652797991354,1,1
3126,1983-04-01,13.714285714285714,0,1,1,0,"gas,silver",,,,,1.30587641944908,0.26687440114657623,0.0,0.12588016022915857,0.07192010681943906,1,1
3127,1983-02-22,13.603174603174603,1,0,1,0,"gas,gold",119.26973323886244,4.781387593972519,0.0,0.08787798549087188,,,,,0.07787798549087188,1,1
3128,1983-04-05,13.722222222222221,1,1,1,1,"gas,gold,oil,silver",117.94156957563811,4.770189328739172,0.0,0.08149454405719385,1.4877596847979508,0.39727142121610853,0.0,0.12524181608579077,0.07149454405719385,1,1
3129,1983-12-13,14.436507936507937,1,1,0,1,"gold,oil,silver",109.41441565395542,4.6951426514528025,0.0,0.04319389545512572,0.8131799367603805,-0.20680286949445228,0.0,0.06779084318268858,0.033193895455125716,1,1
3130,1984-02-01,14.579365079365079,1,1,1,1,"gas,gold,oil,silver",98.58106239732354,4.590879178225891,0.0,0.035533765734712085,0.6930073077237275,-0.3667147347919486,0.0,0.056300648602068126,0.025533765734712086,1,1
3131,1983-12-02,14.408730158730158,1,1,0,0,"gold,silver",108.9571549022518,4.690954730663926,0.0,0.044683365122983924,0.8645434133006976,-0.14555375730509199,0.0,0.07002504768447589,0.03468336512298392,1,1
3132,1983-10-11,14.257936507936508,1,1,1,1,"gas,gold,oil,silver",115.98068161058112,4.753423639397581,0.0,0.05276905760564275,0.9512822179958549,-0.04994450126456505,0.0,0.08215358640846412,0.04276905760564275,1,1
3133,1984-01-03,14.496031746031745,1,1,1,0,"gas,gold,silver",99.43186888145443,4.599472674766808,0.0,0.040002174738286704,0.711669898534641,-0.3401411007313588,0.0,0.06300326210743006,0.030002174738286706,1,1
3134,1983-03-16,13.666666666666666,1,1,1,1,"gas,gold,oil,silver",136.80670911027764,4.9185690471896555,0.0,0.08447348339291026,1.4750069710351983,0.38866271590617324,0.0,0.1297102250893654,0.07447348339291027,1,1
3135,1984-02-23,14.642857142857142,1,1,1,1,"gas,gold,oil,silver",95.8461643966278,4.562744451963032,0.0,0.032129263636750484,0.7008356313142138,-0.35548189688217374,0.0,0.05119389545512572,0.022129263636750482,1,1
3136,1983-03-14,13.658730158730158,1,1,1,1,"gas,gold,oil,silver",123.49041633347849,4.816163552518319,0.0,0.08489904615515545,1.6442310169329102,0.4972728080105312,0.0,0.1303485692327332,0.07489904615515545,1,1
3137,1984-03-01,14.662698412698413,1,1,1,1,"gas,gold,oil,silver",93.46841827055466,4.537623606729222,0.0,0.031065356731137472,0.7547248479336975,-0.28140203598036073,0.0,0.04959803509670621,0.021065356731137474,1,1
3138,1983-11-24,14.384920634920634,1,1,1,1,"gas,gold,oil,silver",104.22369350110786,4.6465394883187345,0.0,0.04596005340971952,0.9323502360281379,-0.07004674515806024,0.0,0.07194008011457928,0.03596005340971952,1,1
3139,1983-07-12,14.0,1,1,1,1,"gas,gold,oil,silver",120.23315747508964,4.789432836598975,0.0,0.0665998473786118,1.3266630000560975,0.28266676684760644,0.0,0.1028997710679177,0.056599847378611796,1,1
3140,1982-11-29,13.36111111111111,1,1,1,0,"gas,gold,silver",138.80563920568773,4.933074675530451,0.0,0.1008576497393505,1.5909220118801901,0.46431372985137886,0.0,0.15428647460902575,0.09085764973935051,1,1
3141,1983-10-12,14.261904761904763,1,1,1,1,"gas,gold,oil,silver",108.52943539367735,4.687021430137908,0.0,0.052556276224520145,0.9192216065559601,-0.08422804689708628,0.0,0.08183441433678022,0.04255627622452014,1,1
3142,1982-12-01,13.369047619047619,1,1,1,1,"gas,gold,oil,silver",142.16771014119846,4.957007418034098,0.0,0.1004320869771053,1.523986875005388,0.4213298450261803,0.0,0.15364813046565795,0.09043208697710531,1,1
3143,1983-01-28,13.535714285714286,1,1,1,1,"gas,gold,oil,silver",136.50506287196924,4.916361704574311,0.0,0.09149526896995608,1.3773758549908433,0.32018013456494765,0.0,0.14024290345493412,0.08149526896995608,1,1
3144,1984-01-04,14.5,1,1,1,1,"gas,gold,oil,silver",97.95068856295515,4.5844641741050465,0.0,0.0397893933571641,0.7821783725990138,-0.24567246649450572,0.0,0.06268409003574615,0.0297893933571641,1,1
3145,1983-07-08,13.992063492063492,1,1,0,1,"gold,oil,silver",139.52826949399548,4.938267229433422,0.0,0.067025410140857,1.38232437348561,0.32376641089121966,0.0,0.10353811521128552,0.057025410140857005,1,1
3146,1983-01-19,13.507936507936508,1,1,1,1,"gas,gold,oil,silver",122.22878204715032,4.805894551304856,0.0,0.09298473863781428,1.1240085425035187,0.11690135153471728,0.0,0.14247710795672142,0.08298473863781429,1,1
3147,1984-05-21,14.88888888888889,1,1,1,0,"gas,gold,silver",95.44432722686946,4.558543116523679,0.0,0.018936818007149234,0.7313062287067098,-0.3129229894343659,0.0,0.031405227010723846,0.008936818007149232,1,1
3148,1984-04-16,14.78968253968254,1,1,1,1,"gas,gold,oil,silver",94.16107412040822,4.5450068702829665,0.0,0.024256352535214246,0.7397972613017677,-0.30137910153471825,0.0,0.03938452880282137,0.014256352535214246,1,1
3149,1982-12-17,13.416666666666666,1,1,1,0,"gas,gold,silver",129.99586108044636,4.867502612106027,0.0,0.0978787104036341,1.3001877247313947,0.26250865768182347,0.0,0.14981806560545113,0.08787871040363411,1,1
3150,1982-11-30,13.365079365079366,1,1,0,0,"gold,silver",128.49091836392782,4.855858227627056,0.0,0.10064486835822792,1.3675673501225096,0.31303350464785584,0.0,0.15396730253734187,0.09064486835822792,1,1
3151,1983-01-07,13.476190476190476,1,1,1,1,"gas,gold,oil,silver",135.76645224103868,4.9109361466162795,0.0,0.09468698968679509,1.4253691954567909,0.35443086469509394,0.0,0.14503048453019263,0.0846869896867951,1,1
3152,1983-06-29,13.964285714285714,1,1,1,0,"gas,gold,silver",145.37488714835462,4.979315834558937,0.0,0.06851487980871519,1.71087771274394,0.537006521136662,0.0,0.1057723197130728,0.0585148798087152,1,1
3153,1984-07-12,15.03968253968254,1,1,1,1,"gas,gold,oil,silver",95.41563265220303,4.558242429308814,0.0,0.010851125524490404,0.7052984171310908,-0.34913427901964883,0.0,0.019276688286735604,0.0008511255244904036,1,1
3154,1983-03-11,13.654761904761905,1,1,1,1,"gas,gold,oil,silver",149.8969871720477,5.009948305987605,0.0,0.08511182753627805,1.5076866586097077,0.4105764619274155,0.0,0.13066774130441708,0.07511182753627806,1,1
3155,1983-08-22,14.115079365079366,1,1,1,1,"gas,gold,oil,silver",124.79547157105121,4.826676169788621,0.0,0.06042918732605637,1.2173234439015395,0.19665455018293318,0.0,0.09364378098908456,0.05042918732605637,1,1
3156,1983-02-15,13.583333333333334,1,1,1,1,"gas,gold,oil,silver",128.12241488327317,4.852986173168329,0.0,0.08894189239648487,1.2163674083127476,0.19586888290140475,0.0,0.1364128385947273,0.07894189239648487,1,1
3157,1984-05-18,14.884920634920634,1,0,1,0,"gas,gold",95.27172088340437,4.5567330287801155,0.0,0.019149599388271835,,,,,0.009149599388271836,1,1
3158,1982-12-27,13.44047619047619,1,1,1,1,"gas,gold,oil,silver",138.1903602886829,4.928632157009932,0.0,0.0966020221168985,1.5208210948256327,0.4192503829701809,0.0,0.14790303317534775,0.0866020221168985,1,1
3159,1983-10-17,14.273809523809524,1,1,1,1,"gas,gold,oil,silver",108.32127283294135,4.685101559768314,0.0,0.05191793208115235,0.9218121326725924,-0.08141383684636003,0.0,0.08087689812172852,0.04191793208115235,1,1
3160,1984-04-10,14.773809523809524,1,1,0,1,"gold,oil,silver",96.04109415989673,4.5647761640401,0.0,0.02510747805970465,0.7578369439069997,-0.277287030059166,0.0,0.04066121708955697,0.01510747805970465,1,1
3161,1983-01-04,13.464285714285714,0,1,1,0,"gas,silver",,,,,1.6735876687613374,0.5149696267693871,0.0,0.14598800074524432,0.0853253338301629,1,1
3162,1983-06-14,13.920634920634921,1,1,0,0,"gold,silver",127.12155746773885,4.845143774102264,0.0,0.0708554750010638,1.2406795865300686,0.2156592831436723,0.0,0.10928321250159571,0.06085547500106381,1,1
3163,1984-01-18,14.53968253968254,1,1,0,1,"gold,oil,silver",95.52840394474843,4.559423626770301,0.0,0.0376615795459381,0.6769016076476658,-0.39022935245537715,0.0,0.059492369318907154,0.0276615795459381,1,1
3164,1982-11-11,13.313492063492063,1,1,1,1,"gas,gold,oil,silver",121.63855550431899,4.801053987568635,0.0,0.10341102631282172,1.6768892686654737,0.5169404512427116,0.0,0.15811653946923257,0.09341102631282172,1,1
3165,1983-02-18,13.595238095238095,1,1,0,0,"gold,silver",117.67433989172635,4.767920977683423,0.0,0.08830354825311706,1.2348366441482976,0.2109386893865371,0.0,0.1354553223796756,0.07830354825311707,1,1
3166,1984-03-14,14.698412698412698,1,1,1,1,"gas,gold,oil,silver",91.75147673492533,4.519083582008699,0.0,0.029150324301034064,0.7139511896388563,-0.3369406808296717,0.0,0.0467254864515511,0.019150324301034062,1,1
3167,1984-01-09,14.511904761904763,1,1,1,0,"gas,gold,silver",99.38708275708963,4.599022153076062,0.0,0.0391510492137963,0.7025966743994331,-0.35297227243882123,0.0,0.06172657382069445,0.029151049213796302,1,1
3168,1984-02-07,14.595238095238095,1,1,1,1,"gas,gold,oil,silver",96.6047896532508,4.570628322321098,0.0,0.03468264021022168,0.6983889030917468,-0.3589791636268674,0.0,0.05502396031533252,0.024682640210221683,1,1
3169,1983-10-18,14.277777777777779,1,1,1,1,"gas,gold,oil,silver",98.50653377218143,4.590122878690628,0.0,0.05170515070002974,0.9172754112575654,-0.08634751238825188,0.0,0.08055772605004462,0.04170515070002974,1,1
3170,1983-04-13,13.746031746031745,1,0,1,1,"gas,gold,oil",134.81140153079465,4.903876775990409,0.0,0.08021785577045824,,,,,0.07021785577045825,1,1
3171,1984-06-28,15.0,1,1,1,0,"gas,gold,silver",92.80381756238936,4.5304877764717775,0.0,0.012978939335716408,0.6901854061974046,-0.3707950128515366,0.0,0.022468409003574608,0.002978939335716407,1,1
3172,1983-03-17,13.670634920634921,1,1,1,0,"gas,gold,silver",133.27216324930166,4.892393377539897,0.0,0.08426070201178765,1.2818120575237735,0.24827474675600555,0.0,0.12939105301768147,0.07426070201178765,1,1
3173,1984-02-20,14.630952380952381,1,1,1,1,"gas,gold,oil,silver",98.62809983155233,4.591356209156799,0.0,0.03276760778011828,0.7715742556562336,-0.25932236339023956,0.0,0.05215141167017742,0.02276760778011828,1,1
3174,1983-09-09,14.170634920634921,1,0,0,1,"gold,oil",112.60896223716964,4.723921306118736,0.0,0.057450247990339966,,,,,0.047450247990339964,1,1
3175,1982-10-20,13.25,1,1,0,1,"gold,oil,silver",147.43534943150203,4.993389770755464,0.0,0.10681552841078333,0.997553385568546,-0.002449612283265401,0.0,0.163223292616175,0.09681552841078334,1,1
3176,1983-12-29,14.484126984126984,0,1,0,0,silver,,,,,0.690714772301342,-0.37002831568093575,0.0,0.06396077832248176,0.030640518881654505,1,1
3177,1983-10-21,14.28968253968254,1,1,1,1,"gas,gold,oil,silver",110.03564990414864,4.700804403324299,0.0,0.051066806556661945,0.865017405778007,-0.1450056499659949,0.0,0.07960020983499291,0.04106680655666194,1,1
3178,1982-11-24,13.34920634920635,1,1,1,0,"gas,gold,silver",130.078172825926,4.868135599159688,0.0,0.10149599388271832,1.181451414384354,0.1667436948224458,0.0,0.15524399082407747,0.09149599388271833,1,1
3179,1983-06-02,13.88888888888889,1,0,0,1,"gold,oil",125.53279556110414,4.832567043645906,0.0,0.07255772605004461,,,,,0.06255772605004462,1,1
3180,1982-12-08,13.38888888888889,1,1,1,1,"gas,gold,oil,silver",137.73542929751304,4.925334666013716,0.0,0.0993681800714923,1.240885970638546,0.21582561693917246,0.0,0.15205227010723846,0.0893681800714923,1,1
3181,1983-10-28,14.30952380952381,1,1,1,1,"gas,gold,oil,silver",114.56967529044779,4.741183155742906,0.0,0.050002899651048933,0.8009639385386579,-0.2219393534782221,0.0,0.0780043494765734,0.04000289965104893,1,1
3182,1983-05-11,13.825396825396826,1,1,0,0,"gold,silver",129.41517568475913,4.8630256525068845,0.0,0.07596222814800623,1.42605000189715,0.35490838582136525,0.0,0.11694334222200935,0.06596222814800623,1,1
3183,1983-10-05,14.242063492063492,1,1,1,0,"gas,gold,silver",108.73506451173151,4.6889143227139325,0.0,0.053620183130133156,0.9946680282141408,-0.005346237479535311,0.0,0.08343027469519973,0.043620183130133154,1,1
3184,1983-05-13,13.833333333333334,1,1,0,1,"gold,oil,silver",124.1676465343209,4.821632640671944,0.0,0.07553666538576102,1.5190920630108091,0.4181128294207857,0.0,0.11630499807864154,0.06553666538576103,1,1
3185,1984-04-11,14.777777777777779,1,1,0,0,"gold,silver",93.51989843935948,4.538174231185459,0.0,0.02489469667858206,0.7152822902669367,-0.33507800264355714,0.0,0.040342045017873085,0.014894696678582058,1,1
3186,1982-11-04,13.293650793650794,1,1,1,1,"gas,gold,oil,silver",149.17361897085195,5.005110855586522,0.0,0.10447493321843472,1.508749835942629,0.4112813846923184,0.0,0.1597123998276521,0.09447493321843473,1,1
3187,1982-10-22,13.257936507936508,1,1,1,1,"gas,gold,oil,silver",163.03528738179924,5.093966664381735,0.0,0.10638996564853813,1.4307637598339955,0.3582083994783695,0.0,0.1625849484728072,0.09638996564853813,1,1
3188,1984-03-12,14.69047619047619,1,1,1,0,"gas,gold,silver",89.07507590166847,4.489479563601202,0.0,0.029575887063279273,0.667924668481911,-0.4035798835383675,0.0,0.0473638305949189,0.01957588706327927,1,1
3189,1983-08-11,14.087301587301587,0,1,1,1,"gas,oil,silver",,,,,1.435764307495737,0.36169732588464326,0.0,0.09587798549087188,0.05191865699391458,1,1
3190,1983-11-02,14.321428571428571,0,1,1,0,"gas,silver",,,,,0.8116696055707352,-0.208661911313744,0.0,0.0770468332615217,0.039364555507681136,1,1
3191,1983-05-20,13.853174603174603,1,1,1,1,"gas,gold,oil,silver",120.35381215364806,4.790435839287438,0.0,0.07447275848014802,1.2739382853557903,0.2421131143406803,0.0,0.11470913772022204,0.06447275848014802,1,1
3192,1984-04-12,14.781746031746032,1,1,1,1,"gas,gold,oil,silver",92.03271243956429,4.522144083844275,0.0,0.02468191529745945,0.7300627389972295,-0.31462480470083853,0.0,0.04002287294618918,0.014681915297459453,1,1
3193,1983-11-07,14.333333333333334,1,1,0,1,"gold,oil,silver",103.68092870119357,4.641318189944187,0.0,0.048726211364313335,0.8339938209193506,-0.1815292856204404,0.0,0.07608931704647,0.03872621136431333,1,1
3194,1983-08-01,14.055555555555555,1,1,0,0,"gold,silver",129.82909158777986,4.866218905411535,0.0,0.06362090804289539,1.2535805910318936,0.2260039293551761,0.0,0.0984313620643431,0.05362090804289539,1,1
3195,1983-05-03,13.801587301587302,0,1,0,0,silver,,,,,1.3348008767158512,0.28878212470925874,0.0,0.11885837465211274,0.06723891643474182,1,1
3196,1983-12-15,14.444444444444445,1,1,1,1,"gas,gold,oil,silver",100.85242321283798,4.613658292002859,0.0,0.04276833269288051,0.7665543655093215,-0.2658496562326651,0.0,0.06715249903932076,0.03276833269288051,1,1
3197,1983-09-01,14.146825396825397,1,1,0,1,"gold,oil,silver",110.30408793956423,4.703240987581419,0.0,0.05872693627707558,1.0607345770272518,0.05896166530781852,0.0,0.09109040441561336,0.048726936277075576,1,1
3198,1983-08-16,14.09920634920635,1,1,1,1,"gas,gold,oil,silver",114.37521402116599,4.739484394817244,0.0,0.06128031285054679,1.1595265682588023,0.14801179099884848,0.0,0.09492046927582018,0.05128031285054679,1,1
3199,1983-10-07,14.25,1,0,0,1,"gold,oil",115.52193836026478,4.749460454438168,0.0,0.05319462036788795,,,,,0.043194620367887945,1,1
3200,1983-02-14,13.579365079365079,1,0,1,1,"gas,gold,oil",148.86627897769685,5.003048446464719,0.0,0.08915467377760747,,,,,0.07915467377760747,1,1
3201,1982-12-15,13.408730158730158,1,1,0,1,"gold,oil,silver",157.06836944986077,5.056681184759871,0.0,0.09830427316587931,1.2639829183498645,0.23426778166963652,0.0,0.15045640974881896,0.08830427316587931,1,1
3202,1983-05-10,13.821428571428571,1,1,1,0,"gas,gold,silver",121.93120073922937,4.803456957298878,0.0,0.07617500952912883,1.0769480485208405,0.07413115979709536,0.0,0.11726251429369325,0.06617500952912883,1,1
3203,1983-07-15,14.011904761904763,1,1,1,1,"gas,gold,oil,silver",112.45934022837231,4.72259173612421,0.0,0.065961503235244,1.318955263362667,0.27683995607329864,0.0,0.101942254852866,0.055961503235244,1,1
3204,1983-03-22,13.682539682539682,1,0,0,1,"gold,oil",129.14571308140398,4.8609413256607334,0.0,0.08362235786841986,,,,,0.07362235786841986,1,1
3205,1983-09-06,14.158730158730158,1,1,1,1,"gas,gold,oil,silver",119.29557512155675,4.78160423806862,0.0,0.05808859213370776,0.9592308762768047,-0.04162348617389132,0.0,0.09013288820056164,0.04808859213370776,1,1
3206,1983-10-25,14.297619047619047,1,1,1,0,"gas,gold,silver",109.69798822893561,4.697731028270142,0.0,0.05064124379441675,0.8764399629350846,-0.1318870733329638,0.0,0.07896186569162511,0.04064124379441675,1,1
3207,1984-02-13,14.61111111111111,1,1,0,1,"gold,oil,silver",99.91062091879115,4.60427599550683,0.0,0.03383151468573128,0.757194263881206,-0.27813543510988636,0.0,0.053747272028596915,0.02383151468573128,1,1
3208,1983-11-09,14.341269841269842,1,1,1,1,"gas,gold,oil,silver",111.39326586492332,4.713066875620434,0.0,0.04830064860206814,0.8597521257595687,-0.15111115714060683,0.0,0.07545097290310221,0.03830064860206814,1,1
3209,1984-05-09,14.857142857142858,1,1,0,1,"gold,oil,silver",93.21870688055891,4.534948419153026,0.0,0.02063906905613004,0.699609298093586,-0.3572332453405518,0.0,0.03395860358419506,0.010639069056130039,1,1
3210,1983-11-17,14.365079365079366,1,1,1,0,"gas,gold,silver",110.69467669687894,4.70677575090594,0.0,0.04702396031533253,0.8509141765859933,-0.1614440055696872,0.0,0.07353594047299879,0.037023960315332526,1,1
3211,1983-03-24,13.69047619047619,1,1,1,1,"gas,gold,oil,silver",133.39422230676934,4.893308821499865,0.0,0.08319679510617466,1.3596662683988443,0.30723927875148865,0.0,0.12779519265926198,0.07319679510617466,1,1
3212,1983-08-23,14.119047619047619,0,1,1,0,"gas,silver",,,,,1.2747533698984408,0.24275272452558266,0.0,0.09332460891740067,0.050216405944933776,1,1
3213,1982-11-23,13.345238095238095,0,1,0,1,"oil,silver",,,,,1.2918437617227225,0.2560704705889023,0.0,0.15556316289576136,0.09170877526384091,1,1
3214,1983-10-10,14.253968253968255,1,1,1,1,"gas,gold,oil,silver",106.0923871749145,4.664310291631115,0.0,0.05298183898676535,0.9482177085743343,-0.05317115269786324,0.0,0.08247275848014803,0.04298183898676535,1,1
3215,1984-07-11,15.035714285714286,1,1,0,0,"gold,silver",93.35714868579102,4.536432446442836,0.0,0.011063906905613007,0.6881405525228156,-0.37376217045587073,0.0,0.01959586035841951,0.0010639069056130072,1,1
3216,1983-12-21,14.46031746031746,1,1,1,1,"gas,gold,oil,silver",100.24736358552317,4.607640767442098,0.0,0.041917207168390105,0.7707349492406743,-0.26041073982700785,0.0,0.06587581075258515,0.0319172071683901,1,1
3217,1982-10-19,13.246031746031745,1,1,1,0,"gas,gold,silver",147.993662546386,4.9971694522147585,0.0,0.10702830979190593,1.3833913769575628,0.3245380039406637,0.0,0.1635424646878589,0.09702830979190594,1,1
3218,1983-08-02,14.05952380952381,1,1,1,1,"gas,gold,oil,silver",127.76771949267479,4.85021392390888,0.0,0.06340812666177278,1.4535277669188202,0.37399354432164467,0.0,0.09811218999265918,0.05340812666177279,1,1
3219,1982-12-07,13.384920634920634,1,1,0,1,"gold,oil,silver",155.86737377572985,5.049005477547378,0.0,0.0995809614526149,1.4879400699468728,0.39739266002647927,0.0,0.15237144217892234,0.0895809614526149,1,1
3220,1983-12-20,14.456349206349206,1,1,0,1,"gold,oil,silver",101.01327677201054,4.615251961390269,0.0,0.04212998854951271,0.7526788371484757,-0.2841166532549713,0.0,0.06619498282426907,0.03212998854951271,1,1
3221,1982-11-22,13.341269841269842,1,1,1,1,"gas,gold,oil,silver",122.3808476138072,4.807137884091527,0.0,0.10192155664496351,1.385268590395417,0.3258940489210154,0.0,0.15588233496744527,0.09192155664496351,1,1
3222,1983-12-06,14.416666666666666,1,1,1,1,"gas,gold,oil,silver",104.35312466714488,4.647780577177864,0.0,0.04425780236073872,0.8858600574272163,-0.12119628958001694,0.0,0.06938670354110808,0.03425780236073872,1,1
3223,1982-10-26,13.265873015873016,1,1,0,0,"gold,silver",140.2948840533646,4.943746522105475,0.0,0.10596440288629293,1.0924302413007552,0.08840479359267162,0.0,0.1619466043294394,0.09596440288629293,1,1
3224,1983-12-16,14.448412698412698,1,1,1,1,"gas,gold,oil,silver",109.84078590391553,4.699031916422425,0.0,0.04255555131175792,0.8037526028339612,-0.21846376507292464,0.0,0.06683332696763687,0.03255555131175792,1,1
3225,1983-09-30,14.23015873015873,1,1,1,1,"gas,gold,oil,silver",115.17040306975069,4.746412797455457,0.0,0.05425852727350095,0.9573226333982273,-0.04361481435702958,0.0,0.08438779091025143,0.04425852727350095,1,1
3226,1987-07-20,18.16269841269841,1,1,1,1,"gas,gold,oil,silver",136.35263060342876,4.915244402126603,0.0,0.0523807994841174,0.9792552448287154,-0.020962950485550545,0.0,0.0815711992261761,0.042380799484117396,1,1
3227,1987-09-07,18.3015873015873,1,1,1,1,"gas,gold,oil,silver",158.21898730066053,5.063980068995472,0.0,0.045383969380607465,1.1945351313565653,0.17775709828180383,0.0,0.07107595407091119,0.03538396938060746,1,1
3228,1987-01-08,17.61904761904762,1,0,0,0,gold,128.36886593812454,4.854907884736122,0.0,0.07976839160357063,,,,,0.06976839160357064,1,1
3229,1988-01-05,18.642857142857142,1,1,1,1,"gas,gold,oil,silver",167.0767621636778,5.118453360483083,0.0,0.028191758269125865,1.2140120503956255,0.19393061877883755,0.0,0.045287637403688796,0.018191758269125866,1,1
3230,1987-06-02,18.02777777777778,1,1,1,1,"gas,gold,oil,silver",137.5010650854465,4.9236316631526,0.0,0.05917772015609849,0.86171151463782,-0.1488347341265895,0.0,0.09176658023414774,0.04917772015609849,1,1
3231,1986-09-23,17.313492063492063,1,1,1,1,"gas,gold,oil,silver",139.90696982026853,4.940977700446675,0.0,0.09516141783129252,1.3798679863258048,0.3219878325104544,0.0,0.14574212674693876,0.08516141783129252,1,1
3232,1986-08-26,17.234126984126984,1,1,1,1,"gas,gold,oil,silver",134.7362448121555,4.903319125262558,0.0,0.09915960646186962,0.8517589644564336,-0.16045169774571671,0.0,0.15173940969280444,0.08915960646186963,1,1
3233,1986-09-03,17.25793650793651,1,1,1,1,"gas,gold,oil,silver",122.90707369342464,4.8114285714122165,0.0,0.0979601498726965,1.3930240915591812,0.3314769893783255,0.0,0.14994022480904473,0.0879601498726965,1,1
3234,1987-09-02,18.28968253968254,1,1,1,1,"gas,gold,oil,silver",161.32109536548805,5.083396759998778,0.0,0.04598369767519403,1.2708545798798037,0.23968957171961008,0.0,0.07197554651279103,0.03598369767519403,1,1
3235,1986-02-12,16.682539682539684,1,1,1,0,"gas,gold,silver",131.53225099554763,4.87925207626679,0.0,0.12694701744438056,1.1702714666611749,0.15723574468386972,0.0,0.19342052616657082,0.11694701744438056,1,1
3236,1986-06-18,17.03968253968254,1,1,1,0,"gas,gold,silver",116.98724770641377,4.762064934895207,0.0,0.10895516860678355,1.3808494577253851,0.3226988588728547,0.0,0.1664327529101753,0.09895516860678355,1,1
3237,1987-12-11,18.575396825396826,1,1,1,0,"gas,gold,silver",159.19532417311265,5.070131902207048,0.0,0.03159021860511642,1.2640991259062344,0.23435971504396322,0.0,0.050385327907674624,0.021590218605116417,1,1
3238,1986-08-25,17.23015873015873,1,1,1,1,"gas,gold,oil,silver",121.08445625812917,4.796488287722452,0.0,0.09935951589339848,1.1877472048467268,0.1720584077642773,0.0,0.15203927384009772,0.08935951589339848,1,1
3239,1987-07-27,18.182539682539684,1,0,1,0,"gas,gold",147.19345055520876,4.9917477117941,0.0,0.05138125232647312,,,,,0.04138125232647312,1,1
3240,1986-04-30,16.900793650793652,1,1,1,1,"gas,gold,oil,silver",158.80549627186454,5.06768015949786,0.0,0.11595199871029349,1.6063085015822471,0.473938690216676,0.0,0.17692799806544024,0.1059519987102935,1,1
3241,1987-11-25,18.52777777777778,1,1,1,1,"gas,gold,oil,silver",158.32910763185876,5.064675826369491,0.0,0.033989131783462675,1.2921634132960604,0.25631787824168184,0.0,0.05398369767519401,0.023989131783462674,1,1
3242,1986-02-27,16.726190476190474,1,1,0,1,"gold,oil,silver",154.81643290748312,5.042240111254601,0.0,0.12474801369756315,1.458591087424112,0.37747096118604184,0.0,0.19012202054634472,0.11474801369756316,1,1
3243,1987-04-06,17.865079365079364,1,0,0,1,"gold,oil",128.2152728082703,4.853710670060652,0.0,0.06737400684878157,,,,,0.05737400684878157,1,1
3244,1986-03-10,16.753968253968253,1,1,1,1,"gas,gold,oil,silver",130.26290847836285,4.869554781122959,0.0,0.12334864767686116,1.6351458293286167,0.491731992621743,0.0,0.18802297151529174,0.11334864767686116,1,1
3245,1987-03-02,17.765873015873016,1,1,1,0,"gas,gold,silver",136.47773141548618,4.91616146150298,0.0,0.07237174263700297,1.2132803505281196,0.19332772487994773,0.0,0.11155761395550447,0.06237174263700297,1,1
3246,1987-03-09,17.785714285714285,1,1,0,0,"gold,silver",137.46116728817128,4.923341457496275,0.0,0.07137219547935868,1.0714419299298485,0.0690053393437528,0.0,0.11005829321903803,0.06137219547935868,1,1
3247,1986-03-28,16.80952380952381,1,0,1,0,"gas,gold",138.07552702692107,4.927800832741191,0.0,0.12054991563545718,,,,,0.11054991563545719,1,1
3248,1986-06-19,17.043650793650794,1,1,1,1,"gas,gold,oil,silver",111.70722607274537,4.715881395770962,0.0,0.10875525917525469,1.3772029718499135,0.3200546103726666,0.0,0.16613288876288204,0.0987552591752547,1,1
3249,1986-02-21,16.71031746031746,1,1,1,0,"gas,gold,silver",148.5524171391279,5.0009378733287635,0.0,0.12554765142367857,1.7362895718484586,0.55175040638808,0.0,0.19132147713551786,0.11554765142367858,1,1
3250,1986-07-30,17.158730158730158,1,1,1,1,"gas,gold,oil,silver",127.00350315907832,4.844214670007912,0.0,0.10295788566091789,1.136257148849133,0.12773965810615823,0.0,0.15743682849137683,0.0929578856609179,1,1
3251,1986-06-06,17.00793650793651,1,1,0,1,"gold,oil,silver",110.67458033268248,4.706594186721993,0.0,0.11055444405901439,1.2574874608929554,0.2291156514851476,0.0,0.1688316660885216,0.1005544440590144,1,1
3252,1986-04-11,16.849206349206348,0,1,1,0,"gas,silver",,,,,1.6091061189232088,0.4756788191748913,0.0,0.18082623198025294,0.10855082132016863,1,1
3253,1988-02-22,18.77777777777778,1,1,1,1,"gas,gold,oil,silver",168.40701327119606,5.126383747444574,0.0,0.02139483759714477,1.3828375433639235,0.32413757894548645,0.0,0.035092256395717156,0.011394837597144773,1,1
3254,1987-08-14,18.238095238095237,1,1,0,0,"gold,silver",143.0855075354801,4.963442406349741,0.0,0.04858252028506914,1.0179786160315716,0.01781891204480853,0.0,0.0758737804276037,0.03858252028506914,1,1
3255,1986-02-10,16.674603174603174,1,1,0,1,"gold,oil,silver",150.0628091080499,5.011053933841407,0.0,0.1273468363074383,1.849139486372311,0.6147203883764492,0.0,0.19402025446115742,0.1173468363074383,1,1
3256,1986-04-01,16.817460317460316,1,1,0,1,"gold,oil,silver",171.15310217767677,5.142558490302299,0.0,0.12015009677239948,1.2574567866066904,0.22909125787380055,0.0,0.18322514515859922,0.11015009677239948,1,1
3257,1988-02-19,18.773809523809526,1,1,1,1,"gas,gold,oil,silver",162.8562801756034,5.09286809515185,0.0,0.021594747028673627,1.3219346694865195,0.27909632227080816,0.0,0.03539212054301044,0.011594747028673627,1,1
3258,1987-02-03,17.69047619047619,1,1,0,1,"gold,oil,silver",124.11629360997634,4.821218977790269,0.0,0.07617002183605123,1.0435297387440097,0.04260894616497456,0.0,0.11725503275407685,0.06617002183605124,1,1
3259,1986-10-28,17.41269841269841,1,1,1,1,"gas,gold,oil,silver",110.94199740158865,4.709007518805995,0.0,0.09016368204307112,1.0186737198122653,0.018501506511669277,0.0,0.1382455230646067,0.08016368204307113,1,1
3260,1986-02-13,16.686507936507937,1,1,1,1,"gas,gold,oil,silver",121.33424323923565,4.7985490781649816,0.0,0.12674710801285172,1.327566382451074,0.2833474784965796,0.0,0.19312066201927755,0.11674710801285171,1,1
3261,1986-02-14,16.69047619047619,1,1,1,1,"gas,gold,oil,silver",160.1799098736429,5.076297620238635,0.0,0.12654719858132285,1.340651713069186,0.2931558487682211,0.0,0.19282079787198428,0.11654719858132286,1,1
3262,1986-09-30,17.333333333333332,1,1,1,1,"gas,gold,oil,silver",110.7850981793352,4.707592272301905,0.0,0.09416187067364823,1.1564058125052294,0.14531675752690065,0.0,0.14424280601047235,0.08416187067364823,1,1
3263,1986-09-12,17.285714285714285,1,1,1,1,"gas,gold,oil,silver",132.67730437975055,4.887919897168746,0.0,0.09656078385199451,1.1974335930659687,0.18018059412307036,0.0,0.14784117577799177,0.08656078385199452,1,1
3264,1986-08-18,17.21031746031746,1,1,1,1,"gas,gold,oil,silver",102.61122322196306,4.630947314882519,0.0,0.10035906305104275,1.0341065317159357,0.03353779951795737,0.0,0.15353859457656413,0.09035906305104276,1,1
3265,1986-02-06,16.666666666666668,1,1,1,1,"gas,gold,oil,silver",129.63287308686762,4.864706402115993,0.0,0.127746655170496,1.164653207437896,0.15242336668438985,0.0,0.194619982755744,0.117746655170496,1,1
3266,1986-06-12,17.023809523809526,1,1,0,1,"gold,oil,silver",133.1958639177859,4.891820705955902,0.0,0.10975480633289898,1.2882178617339919,0.2532597606873686,0.0,0.16763220949934846,0.09975480633289899,1,1
3267,1987-06-22,18.083333333333332,1,1,1,1,"gas,gold,oil,silver",134.80749502170076,4.903847797983718,0.0,0.05637898811469451,0.8686684407194192,-0.14079376769652963,0.0,0.08756848217204177,0.04637898811469451,1,1
3268,1986-12-04,17.51984126984127,1,1,1,1,"gas,gold,oil,silver",131.94186003226076,4.882361371256828,0.0,0.08476612739179201,1.0593948218895928,0.05769782233985994,0.0,0.13014919108768802,0.07476612739179202,1,1
3269,1986-08-08,17.186507936507937,1,0,0,0,gold,102.15005973099926,4.626442906001583,0.0,0.1015585196402159,,,,,0.0915585196402159,1,1
3270,1987-09-29,18.365079365079364,1,0,0,1,"gold,oil",164.5723241053331,5.103350133797985,0.0,0.04218541847614577,,,,,0.03218541847614577,1,1
3271,1987-05-18,17.984126984126984,1,1,0,0,"gold,silver",139.826200297237,4.940400224952852,0.0,0.06137672390291591,0.8363444393217733,-0.178714741991636,0.0,0.09506508585437387,0.05137672390291591,1,1
3272,1986-05-23,16.96825396825397,1,1,0,1,"gold,oil,silver",120.45865361061512,4.791306570486991,0.0,0.11255353837430296,0.9036882058748893,-0.1012708830890256,0.0,0.17183030756145443,0.10255353837430296,1,1
3273,1987-07-29,18.19047619047619,1,1,1,1,"gas,gold,oil,silver",132.84860556743314,4.889210175857421,0.0,0.05098143346341542,1.0022423266832345,0.0022398164206096586,0.0,0.07947215019512312,0.040981433463415415,1,1
3274,1986-07-14,17.11111111111111,1,1,0,1,"gold,oil,silver",120.1500375801027,4.788741274958981,0.0,0.10535679883926416,1.0778631369833709,0.07498050429994318,0.0,0.16103519825889623,0.09535679883926416,1,1
3275,1986-02-26,16.72222222222222,0,0,1,0,gas,,,,,,,,,0.11494792312909201,1,1
3276,1986-11-20,17.48015873015873,1,1,1,1,"gas,gold,oil,silver",119.57295702172027,4.783926704090865,0.0,0.08676522170708056,0.8344380634554697,-0.18099675858019637,0.0,0.13314783256062085,0.07676522170708057,1,1
3277,1986-03-11,16.75793650793651,1,1,1,1,"gas,gold,oil,silver",153.1156219580327,5.031193335067774,0.0,0.1231487382453323,1.4269739374915942,0.3555560744817985,0.0,0.18772310736799844,0.11314873824533231,1,1
3278,1987-08-05,18.21031746031746,1,1,1,1,"gas,gold,oil,silver",157.9188182329857,5.06208109233008,0.0,0.04998188630577114,0.9591194432409353,-0.04173966207238168,0.0,0.0779728294586567,0.03998188630577114,1,1
3279,1988-01-28,18.71031746031746,1,1,0,1,"gold,oil,silver",165.68518948714504,5.1100895389479835,0.0,0.024793297933135318,1.1705731562248383,0.15749350597428952,0.0,0.04018994689970298,0.01479329793313532,1,1
3280,1986-12-25,17.57936507936508,1,1,1,1,"gas,gold,oil,silver",117.8548300111952,4.769453612939377,0.0,0.0817674859188592,0.9739986824553879,-0.026345328055724388,0.0,0.12565122887828878,0.0717674859188592,1,1
3281,1987-09-04,18.297619047619047,1,1,1,0,"gas,gold,silver",151.19604932403786,5.018577334594796,0.0,0.04558387881213632,1.1255390593562118,0.11826208476622205,0.0,0.07137581821820448,0.035583878812136316,1,1
3282,1986-12-18,17.55952380952381,1,1,1,1,"gas,gold,oil,silver",121.70038571605993,4.801562169389116,0.0,0.08276703307650346,1.274013458032964,0.24217212069932945,0.0,0.1271505496147552,0.07276703307650347,1,1
3283,1987-12-24,18.61111111111111,1,1,1,1,"gas,gold,oil,silver",160.7319617920012,5.07973814401892,0.0,0.029791033721356705,1.2917061416342106,0.25596393493541003,0.0,0.04768655058203506,0.019791033721356707,1,1
3284,1986-05-07,16.92063492063492,1,1,1,0,"gas,gold,silver",139.5180303671715,4.938193842853248,0.0,0.11495245155264922,1.4613514080323335,0.3793616295363786,0.0,0.17542867732897383,0.10495245155264922,1,1
3285,1986-04-08,16.83730158730159,1,1,0,1,"gold,oil,silver",118.37364597419135,4.7738461129968215,0.0,0.11915054961475519,1.5100697839448742,0.41215586429200357,0.0,0.18172582442213278,0.10915054961475519,1,1
3286,1986-06-30,17.071428571428573,1,1,0,1,"gold,oil,silver",129.44653417085783,4.863267932342474,0.0,0.10735589315455271,1.1686511165131956,0.15585019184953575,0.0,0.16403383973182906,0.09735589315455272,1,1
3287,1986-10-30,17.42063492063492,1,1,1,0,"gas,gold,silver",125.06888971979711,4.82886470325106,0.0,0.08976386318001342,1.1391607787740254,0.1302918323381807,0.0,0.13764579477002012,0.07976386318001343,1,1
3288,1986-02-28,16.73015873015873,1,1,1,0,"gas,gold,silver",129.3816553730966,4.862766605193879,0.0,0.1245481042660343,1.3526204610755426,0.302043793262639,0.0,0.18982215639905145,0.1145481042660343,1,1
3289,1986-12-22,17.567460317460316,1,1,1,1,"gas,gold,oil,silver",113.70918604206712,4.73364418941971,0.0,0.08236721421344576,0.8350343391274281,-0.18028243027337232,0.0,0.12655082132016865,0.07236721421344576,1,1
3290,1986-09-18,17.3015873015873,1,1,1,1,"gas,gold,oil,silver",122.79647388559783,4.810528301014116,0.0,0.09576114612587908,1.3436764074189749,0.2954094448221667,0.0,0.1466417191888186,0.08576114612587908,1,1
3291,1987-09-21,18.341269841269842,1,1,1,1,"gas,gold,oil,silver",160.87280579794032,5.080614026649634,0.0,0.0433848750653189,1.1329654676037757,0.12483850285567807,0.0,0.06807731259797835,0.0333848750653189,1,1
3292,1987-01-21,17.654761904761905,1,1,1,1,"gas,gold,oil,silver",122.04978059639296,4.804428999183875,0.0,0.07796920671981092,0.9272883457159246,-0.07549070923085957,0.0,0.1199538100797164,0.06796920671981092,1,1
3293,1987-02-27,17.761904761904763,1,1,1,1,"gas,gold,oil,silver",125.75213759250839,4.834312807582953,0.0,0.07257165206853182,0.9407694425756885,-0.0610571826207026,0.0,0.11185747810279774,0.06257165206853182,1,1
3294,1986-10-24,17.404761904761905,1,0,1,1,"gas,gold,oil",128.14625371619007,4.853172218798612,0.0,0.09056350090612883,,,,,0.08056350090612883,1,1
3295,1986-10-22,17.396825396825395,1,1,1,1,"gas,gold,oil,silver",103.19266570115039,4.636597781734654,0.0,0.09096331976918655,0.8957062460117786,-0.11014277019519195,0.0,0.13944497965377983,0.08096331976918655,1,1
3296,1986-02-20,16.706349206349206,1,1,0,1,"gold,oil,silver",130.05747532785975,4.867976470656871,0.0,0.12574756085520744,1.2969061768087817,0.2599815640969112,0.0,0.19162134128281114,0.11574756085520743,1,1
3297,1986-08-22,17.226190476190474,1,1,1,1,"gas,gold,oil,silver",108.24516775986685,4.684398726254506,0.0,0.09955942532492734,1.0673554114527521,0.06518401100111254,0.0,0.152339137987391,0.08955942532492735,1,1
3298,1987-10-26,18.44047619047619,1,1,1,1,"gas,gold,oil,silver",158.8499368789736,5.067959963352989,0.0,0.03838713927709751,1.143549500884449,0.13413702246763354,0.0,0.060580708915646264,0.02838713927709751,1,1
3299,1987-01-22,17.658730158730158,1,1,1,1,"gas,gold,oil,silver",130.7950895789665,4.87363189687319,0.0,0.07776929728828207,0.9429407946230567,-0.05875178238855053,0.0,0.11965394593242311,0.06776929728828207,1,1
3300,1987-04-21,17.908730158730158,1,1,1,1,"gas,gold,oil,silver",135.8239108372089,4.911359273537104,0.0,0.06517500310196417,0.8105098040840916,-0.21009184153892285,0.0,0.10076250465294626,0.055175003101964167,1,1
3301,1987-11-26,18.53174603174603,1,1,1,0,"gas,gold,silver",160.8857916389395,5.080694744561197,0.0,0.03378922235193382,1.2182529902529864,0.19741785728637212,0.0,0.05368383352790072,0.02378922235193382,1,1
3302,1987-07-15,18.150793650793652,1,1,1,1,"gas,gold,oil,silver",137.89949979741164,4.926525157507773,0.0,0.052980527778703976,1.0015180805084658,0.0015169293890979416,0.0,0.08247079166805596,0.042980527778703974,1,1
3303,1986-11-25,17.49206349206349,1,1,1,0,"gas,gold,silver",119.8947560765923,4.7866143252687925,0.0,0.08616549341249401,0.788304253390148,-0.23787115528177857,0.0,0.132248240118741,0.07616549341249401,1,1
3304,1986-07-22,17.134920634920636,1,1,0,0,"gold,silver",124.30686726216166,4.822753244473779,0.0,0.10415734225009102,1.0344130205347675,0.03383413592023232,0.0,0.15923601337513651,0.09415734225009102,1,1
3305,1987-01-27,17.67063492063492,1,1,0,0,"gold,silver",125.11679748793115,4.829247680944583,0.0,0.0771695689936955,0.8911224821653118,-0.115273395004572,0.0,0.11875435349054327,0.0671695689936955,1,1
3306,1987-08-13,18.234126984126984,1,1,0,1,"gold,oil,silver",136.2429318039988,4.914439555529814,0.0,0.048782429716598,0.976625668959311,-0.023651843694966927,0.0,0.07617364457489699,0.038782429716597996,1,1
3307,1987-09-16,18.32936507936508,1,1,1,1,"gas,gold,oil,silver",159.21964994111556,5.07028469507188,0.0,0.043984603359905464,1.053752773256066,0.052357862127443464,0.0,0.06897690503985819,0.03398460335990546,1,1
3308,1987-04-16,17.896825396825395,1,1,1,1,"gas,gold,oil,silver",142.92105230647374,4.962292396033741,0.0,0.06577473139655073,0.7719936067510708,-0.2587790104021821,0.0,0.1016620970948261,0.05577473139655073,1,1
3309,1986-01-31,16.650793650793652,1,1,0,1,"gold,oil,silver",150.26916099445106,5.012428092701699,0.0,0.12854629289661143,1.8275090284748554,0.6029538529715112,0.0,0.1958194393449171,0.11854629289661142,1,1
3310,1986-07-16,17.11904761904762,1,1,1,1,"gas,gold,oil,silver",119.16791259160303,4.780533528725448,0.0,0.10495697997620644,1.2771670451590926,0.24464437911336626,0.0,0.16043546996430966,0.09495697997620645,1,1
3311,1986-10-23,17.400793650793652,1,1,1,1,"gas,gold,oil,silver",115.29520874015356,4.747495871686124,0.0,0.0907634103376577,0.8957032883595538,-0.1101460722343606,0.0,0.13914511550648653,0.0807634103376577,1,1
3312,1986-08-29,17.246031746031747,1,1,0,1,"gold,oil,silver",114.22860825660804,4.738201775977403,0.0,0.09855987816728307,0.96868830967799,-0.03181238067465614,0.0,0.15083981725092457,0.08855987816728307,1,1
3313,1988-03-22,18.86111111111111,1,1,1,1,"gas,gold,oil,silver",171.68269880523178,5.145647998733387,0.0,0.017196739535038807,1.4545398271601717,0.3746895806065448,0.0,0.028795109302558207,0.0071967395350388055,1,1
3314,1987-04-29,17.932539682539684,1,1,1,1,"gas,gold,oil,silver",135.5313591672091,4.90920304651161,0.0,0.06397554651279104,0.8836244225488563,-0.12372316799372926,0.0,0.09896331976918656,0.05397554651279104,1,1
3315,1988-01-01,18.634920634920636,1,1,0,0,"gold,silver",165.09923384558783,5.106546710367694,0.0,0.028591577132183577,1.2463012223105165,0.22018014260115074,0.0,0.04588736569827537,0.018591577132183578,1,1
3316,1987-06-26,18.099206349206348,1,1,1,0,"gas,gold,silver",153.67080161191916,5.0348126625039455,0.0,0.05557935038857909,0.9094750301672356,-0.0948877358623738,0.0,0.08636902558286864,0.04557935038857909,1,1
3317,1986-12-15,17.547619047619047,1,1,1,1,"gas,gold,oil,silver",122.12327427900958,4.8050309794873405,0.0,0.08336676137109003,1.0525112404191095,0.051178966250492036,0.0,0.12805014205663504,0.07336676137109004,1,1
3318,1987-02-12,17.71825396825397,0,1,0,1,"oil,silver",,,,,0.9972803432112924,-0.0027233617742824946,0.0,0.11515598372302387,0.06477065581534924,1,1
3319,1986-10-01,17.33730158730159,1,1,0,1,"gold,oil,silver",134.21903838300457,4.899473080220779,0.0,0.09396196124211938,1.3495670202648256,0.2997838152770826,0.0,0.14394294186317905,0.08396196124211938,1,1
3320,1986-04-03,16.825396825396826,1,1,1,0,"gas,gold,silver",140.2746225959285,4.943602091174878,0.0,0.11975027790934177,1.4115957075140046,0.34472077194867345,0.0,0.18262541686401265,0.10975027790934178,1,1
3321,1986-02-04,16.658730158730158,1,1,1,1,"gas,gold,oil,silver",157.64210737697152,5.060327320525773,0.0,0.1281464740335537,1.6203496136526816,0.482641936857188,0.0,0.19521971105033054,0.1181464740335537,1,1
3322,1986-05-15,16.944444444444443,1,1,1,1,"gas,gold,oil,silver",123.79316321626872,4.818612134301247,0.0,0.11375299496347609,1.5340904266876123,0.42793764950469115,0.0,0.17362949244521414,0.10375299496347609,1,1
3323,1988-03-15,18.841269841269842,1,1,1,1,"gas,gold,oil,silver",174.3051623615569,5.1608075697669955,0.0,0.01819628669268308,1.3785585041472705,0.3210383910216743,0.0,0.03029443003902462,0.00819628669268308,1,1
3324,1986-08-19,17.214285714285715,1,1,1,1,"gas,gold,oil,silver",100.01129165250465,4.605283096138547,0.0,0.1001591536195139,0.9931719716798468,-0.006851445963956343,0.0,0.15323873042927086,0.0901591536195139,1,1
3325,1986-07-10,17.103174603174605,1,1,1,1,"gas,gold,oil,silver",114.33144404322074,4.739101633957984,0.0,0.10575661770232186,1.2611072402070538,0.23199009714714103,0.0,0.1616349265534828,0.09575661770232187,1,1
3326,1986-05-02,16.908730158730158,1,1,1,0,"gas,gold,silver",137.42583028187624,4.923084355437596,0.0,0.11555217984723579,1.5929383094927054,0.46558030418476115,0.0,0.17632826977085367,0.10555217984723579,1,1
3327,1987-09-15,18.325396825396826,1,1,0,1,"gold,oil,silver",150.73666437359518,5.0155343698276145,0.0,0.04418451279143432,1.197472083178335,0.1802127374452492,0.0,0.06927676918715148,0.03418451279143432,1,1
3328,1986-12-10,17.535714285714285,1,1,0,0,"gold,silver",137.49818611125812,4.923610725101489,0.0,0.0839664896656766,1.0868159658883318,0.08325228919487859,0.0,0.1289497344985149,0.07396648966567661,1,1
3329,1986-08-05,17.174603174603174,1,1,1,1,"gas,gold,oil,silver",126.19774807804505,4.837850105875362,0.0,0.10215824793480247,1.2076480125434776,0.18867467670831922,0.0,0.1562373719022037,0.09215824793480247,1,1
3330,1987-01-26,17.666666666666668,1,1,0,1,"gold,oil,silver",129.4007925977112,4.862914507223553,0.0,0.07736947842522436,1.184555141881529,0.169367296409073,0.0,0.11905421763783654,0.06736947842522437,1,1
3331,1986-07-01,17.075396825396826,1,1,1,1,"gas,gold,oil,silver",137.1856561100469,4.921335162523469,0.0,0.10715598372302385,1.10851369778771,0.10302010704588309,0.0,0.16373397558453578,0.09715598372302385,1,1
3332,1986-06-02,16.99206349206349,1,0,1,0,"gas,gold",134.48238235044107,4.901433204220373,0.0,0.11135408178512982,,,,,0.10135408178512982,1,1
3333,1987-12-17,18.591269841269842,1,0,1,1,"gas,gold,oil",158.71713700270323,5.067123605336471,0.0,0.030790580879000995,,,,,0.020790580879000996,1,1
3334,1986-10-15,17.376984126984127,1,1,1,1,"gas,gold,oil,silver",145.75778343119651,4.981946226420146,0.0,0.09196286692683082,0.9972154831885978,-0.0027884007900167568,0.0,0.14094430039024625,0.08196286692683083,1,1
3335,1986-02-25,16.71825396825397,1,1,1,1,"gas,gold,oil,silver",146.83606955015995,4.989316791382352,0.0,0.12514783256062087,1.2084714959640093,0.18935633458949483,0.0,0.1907217488409313,0.11514783256062087,1,1
3336,1986-01-29,16.642857142857142,1,1,0,1,"gold,oil,silver",133.24200824109295,4.89216708557074,0.0,0.12894611175966914,1.7669311955450697,0.5692442540084486,0.0,0.19641916763950368,0.11894611175966913,1,1
3337,1986-05-01,16.904761904761905,1,1,1,1,"gas,gold,oil,silver",137.5351020266682,4.923879171993003,0.0,0.11575208927876464,1.1900923656627573,0.1740309223152989,0.0,0.17662813391814697,0.10575208927876464,1,1
3338,1986-08-11,17.19047619047619,1,1,1,0,"gas,gold,silver",108.89309480012604,4.690366619297888,0.0,0.10135861020868703,1.1043968660775108,0.09929936340007045,0.0,0.15503791531303054,0.09135861020868703,1,1
3339,1987-11-11,18.488095238095237,1,1,1,1,"gas,gold,oil,silver",143.8739922626707,4.9689378627615355,0.0,0.03598822609875124,1.0601081493280864,0.05837093058751329,0.0,0.05698233914812685,0.02598822609875124,1,1
3340,1986-09-08,17.26984126984127,1,1,0,1,"gold,oil,silver",116.3572406726948,4.756665119635744,0.0,0.09736042157810994,1.1730735101934155,0.15962723624433392,0.0,0.1490406323671649,0.08736042157810994,1,1
3341,1987-06-17,18.071428571428573,1,1,1,1,"gas,gold,oil,silver",136.38978780023723,4.915516873106774,0.0,0.05697871640928109,0.8545724403874948,-0.1571540048441684,0.0,0.08846807461392163,0.046978716409281085,1,1
3342,1986-11-12,17.456349206349206,1,1,1,1,"gas,gold,oil,silver",124.46275543155153,4.824006517989301,0.0,0.0879646782962537,0.9812333609122147,-0.018944967061428855,0.0,0.13494701744438056,0.07796467829625371,1,1
3343,1986-11-21,17.484126984126984,1,1,1,1,"gas,gold,oil,silver",119.93337299891581,4.786936363578528,0.0,0.08656531227555171,1.0077515353336133,0.0077216465402621184,0.0,0.13284796841332758,0.07656531227555172,1,1
3344,1986-01-30,16.646825396825395,1,1,1,1,"gas,gold,oil,silver",162.6549086170158,5.091630831480373,0.0,0.12874620232814027,1.306406059961527,0.267279901335686,0.0,0.1961193034922104,0.11874620232814027,1,1
3345,1986-12-29,17.58730158730159,0,1,1,0,"gas,silver",,,,,1.070125565721412,0.06777599273021463,0.0,0.1250515005837022,0.07136766705580147,1,1
3346,1987-07-02,18.115079365079364,1,1,1,0,"gas,gold,silver",130.91230298379813,4.8745276561524475,0.0,0.054779712662463675,0.9136696712982657,-0.09028618281043949,0.0,0.0851695689936955,0.044779712662463673,1,1
3347,1987-05-14,17.976190476190474,1,1,1,1,"gas,gold,oil,silver",131.35544285596498,4.877906953080145,0.0,0.06177654276597362,0.7700880321692827,-0.2612504431767223,0.0,0.09566481414896043,0.05177654276597362,1,1
3348,1986-11-19,17.476190476190474,1,1,0,1,"gold,oil,silver",106.15080956982075,4.66486081477888,0.0,0.08696513113860942,0.8968070226863751,-0.10891457642704315,0.0,0.13344769670791412,0.07696513113860942,1,1
3349,1987-01-02,17.603174603174605,1,1,1,1,"gas,gold,oil,silver",127.94080960475732,4.851567732005388,0.0,0.08056802932968604,1.0297427835136588,0.0293090463111077,0.0,0.12385204399452908,0.07056802932968605,1,1
3350,1986-04-07,16.833333333333332,1,1,1,1,"gas,gold,oil,silver",125.66372927401439,4.833609524029375,0.0,0.11935045904628404,1.372313552870377,0.31649804027060785,0.0,0.18202568856942605,0.10935045904628404,1,1
3351,1986-08-13,17.1984126984127,1,1,0,1,"gold,oil,silver",128.9400911418021,4.859347886736591,0.0,0.10095879134562932,1.0041329837207955,0.004124466403468294,0.0,0.15443818701844397,0.09095879134562933,1,1
3352,1987-02-09,17.706349206349206,1,0,1,1,"gas,gold,oil",115.90112693315231,4.752737473621578,0.0,0.07537038410993581,,,,,0.06537038410993581,1,1
3353,1986-07-04,17.08730158730159,1,1,1,0,"gas,gold,silver",148.1296716990965,4.998088050288909,0.0,0.10655625542843729,1.1433451280663796,0.1339582885495717,0.0,0.16283438314265591,0.0965562554284373,1,1
3354,1986-02-18,16.6984126984127,1,0,1,0,"gas,gold",122.24132059479145,4.805997128654942,0.0,0.12614737971826515,,,,,0.11614737971826514,1,1
3355,1988-01-25,18.6984126984127,1,1,1,1,"gas,gold,oil,silver",162.8163554356528,5.092622911886295,0.0,0.025393026227721886,1.2071432501969976,0.18825661792069653,0.0,0.041089539341582826,0.015393026227721885,1,1
3356,1986-03-12,16.761904761904763,1,0,1,1,"gas,gold,oil",110.48017819971649,4.704836122058792,0.0,0.12294882881380345,,,,,0.11294882881380346,1,1
3357,1987-10-20,18.424603174603174,1,0,0,0,gold,157.70075555594175,5.060699285054166,0.0,0.03918677700321293,,,,,0.02918677700321293,1,1
3358,1987-11-19,18.511904761904763,1,1,0,1,"gold,oil,silver",147.72229569216884,4.995334130698758,0.0,0.034788769509578106,1.0913189515552737,0.0873870120222904,0.0,0.055183154264367165,0.024788769509578108,1,1
3359,1987-06-05,18.03968253968254,1,1,0,1,"gold,oil,silver",136.18548326924866,4.91401780410872,0.0,0.05857799186151193,0.8269380955073057,-0.19002544104395747,0.0,0.0908669877922679,0.048577991861511925,1,1
3360,1986-11-18,17.47222222222222,1,1,1,1,"gas,gold,oil,silver",119.63179444456894,4.784418646024916,0.0,0.08716504057013828,1.1272620437596008,0.11979172245767905,0.0,0.13374756085520745,0.07716504057013829,1,1
3361,1988-02-29,18.797619047619047,1,1,1,1,"gas,gold,oil,silver",168.02374269577874,5.124105294987853,0.0,0.0203952904395005,1.3711264452604919,0.3156326248179036,0.0,0.03359293565925074,0.010395290439500498,1,1
3362,1987-03-26,17.83730158730159,1,1,1,0,"gas,gold,silver",125.72773673267064,4.834118749430349,0.0,0.06877337286948357,0.9368412800827967,-0.06524140267928681,0.0,0.10616005930422535,0.05877337286948357,1,1
3363,1987-03-16,17.805555555555557,0,1,0,0,silver,,,,,0.9173979750656291,-0.08621390407501231,0.0,0.10855897248257161,0.06037264832171441,1,1
3364,1986-03-25,16.797619047619047,1,0,1,0,"gas,gold",146.95804631504765,4.990147146827266,0.0,0.12114964393004375,,,,,0.11114964393004376,1,1
3365,1986-05-28,16.98015873015873,1,1,1,1,"gas,gold,oil,silver",125.0223870022144,4.828492817284239,0.0,0.1119538100797164,1.3773464195166711,0.3201587636453122,0.0,0.17093071511957458,0.1019538100797164,1,1
3366,1986-04-02,16.821428571428573,1,1,0,1,"gold,oil,silver",134.1800692442617,4.899182698189622,0.0,0.11995018734087062,1.3029467637207177,0.264628440608678,0.0,0.18292528101130592,0.10995018734087063,1,1
3367,1986-09-15,17.28968253968254,1,1,1,1,"gas,gold,oil,silver",142.40952446464397,4.958706882026576,0.0,0.09636087442046565,1.4983253382824149,0.4043480432784444,0.0,0.14754131163069847,0.08636087442046565,1,1
3368,1987-06-01,18.023809523809526,1,1,1,1,"gas,gold,oil,silver",139.3073327993822,4.936682519740451,0.0,0.05937762958762735,0.8981154097907597,-0.10745670023980713,0.0,0.09206644438144103,0.04937762958762735,1,1
3369,1986-02-05,16.66269841269841,1,1,1,1,"gas,gold,oil,silver",107.09157867978867,4.6736843439213525,0.0,0.12794656460202486,1.6630610296674,0.5086598980746376,0.0,0.19491984690303726,0.11794656460202485,1,1
3370,1986-03-26,16.8015873015873,1,0,1,1,"gas,gold,oil",143.3530992581564,4.96531081231301,0.0,0.1209497344985149,,,,,0.1109497344985149,1,1
3371,1987-05-28,18.015873015873016,1,1,1,1,"gas,gold,oil,silver",139.46029675933266,4.9377799497078,0.0,0.05977744845068506,0.8629785541039361,-0.14736543860848644,0.0,0.09266617267602759,0.04977744845068506,1,1
3372,1988-01-11,18.658730158730158,1,1,0,1,"gold,oil,silver",156.4499680780349,5.052736266075464,0.0,0.027392120543010448,1.1578964306263624,0.14660493700448204,0.0,0.04408818081451567,0.01739212054301045,1,1
3373,1987-07-03,18.11904761904762,1,1,0,0,"gold,silver",138.02542347611458,4.927437896277081,0.0,0.054579803230934816,0.9209114155299986,-0.08239143027344381,0.0,0.08486970484640223,0.044579803230934814,1,1
3374,1987-09-28,18.36111111111111,1,1,0,1,"gold,oil,silver",146.77413752170773,4.988894925739544,0.0,0.04238532790767462,1.180930242288537,0.16630246882257405,0.0,0.06657799186151193,0.03238532790767462,1,1
3375,1986-09-04,17.261904761904763,0,1,0,1,"oil,silver",,,,,1.063628489170552,0.06168616563400954,0.0,0.14964036066175146,0.08776024044116765,1,1
3376,1987-10-23,18.436507936507937,1,1,1,0,"gas,gold,silver",155.1559205632434,5.044430550419244,0.0,0.038587048708626365,1.1162122778757055,0.10994105902116542,0.0,0.06088057306293955,0.028587048708626366,1,1
3377,1986-12-05,17.523809523809526,1,1,1,1,"gas,gold,oil,silver",124.85891169334663,4.827184393380223,0.0,0.08456621796026316,1.2263946500840355,0.2040786862730916,0.0,0.12984932694039475,0.07456621796026316,1,1
3378,1987-10-12,18.400793650793652,1,1,1,1,"gas,gold,oil,silver",158.3920695251276,5.06507341199773,0.0,0.04038623359238606,1.1757979600932706,0.1619470320748941,0.0,0.06357935038857909,0.03038623359238606,1,1
3379,1987-10-13,18.404761904761905,1,1,0,1,"gold,oil,silver",161.2073579585389,5.0826914739349185,0.0,0.040186324160857205,1.2617323207198077,0.23248563442602793,0.0,0.0632794862412858,0.030186324160857207,1,1
3380,1986-05-22,16.964285714285715,1,0,1,0,"gas,gold",122.82076470166132,4.810726095080057,0.0,0.11275344780583181,,,,,0.10275344780583182,1,1
3381,1987-03-06,17.78174603174603,1,0,1,0,"gas,gold",131.5610469468296,4.879470979231041,0.0,0.07157210491088754,,,,,0.06157210491088754,1,1
3382,1987-05-13,17.97222222222222,1,1,1,0,"gas,gold,silver",125.30890920783646,4.830781962389778,0.0,0.06197645219750248,0.8230480075318496,-0.19474074764685612,0.0,0.09596467829625371,0.05197645219750248,1,1
3383,1986-06-23,17.0515873015873,1,1,1,0,"gas,gold,silver",154.48729624793924,5.040111868024713,0.0,0.10835544031219697,1.3102372212427633,0.2702082057373054,0.0,0.16553316046829547,0.09835544031219698,1,1
3384,1986-02-03,16.654761904761905,1,1,1,0,"gas,gold,silver",154.1772945309342,5.038103203406242,0.0,0.12834638346508256,1.4906030179040595,0.39918074808708826,0.0,0.19551957519762383,0.11834638346508256,1,1
3385,1987-03-31,17.849206349206348,1,1,1,1,"gas,gold,oil,silver",128.79436807755033,4.8582170866082635,0.0,0.06817364457489701,0.8779601002268377,-0.13015413031261386,0.0,0.10526046686234551,0.05817364457489701,1,1
3386,1987-06-23,18.08730158730159,1,0,0,0,gold,131.81738802205385,4.881417540696457,0.0,0.056179078683165656,,,,,0.046179078683165654,1,1
3387,1986-04-23,16.88095238095238,1,1,1,1,"gas,gold,oil,silver",125.35334357918991,4.831136498195028,0.0,0.11695154586793778,1.199431233331851,0.18184747221015773,0.0,0.17842731880190668,0.10695154586793779,1,1
3388,1986-07-09,17.099206349206348,1,1,1,1,"gas,gold,oil,silver",124.65625666607119,4.825560002581306,0.0,0.10595652713385072,1.1130492027425396,0.10710327863214182,0.0,0.16193479070077607,0.09595652713385072,1,1
3389,1986-03-14,16.76984126984127,1,0,1,1,"gas,gold,oil",157.16640976670485,5.05730517883379,0.0,0.12254900995074573,,,,,0.11254900995074574,1,1
3390,1987-04-14,17.88888888888889,1,1,0,1,"gold,oil,silver",139.1639688854382,4.935652870180568,0.0,0.06617455025960844,0.9122380911905332,-0.09185425807741694,0.0,0.10226182538941267,0.05617455025960844,1,1
3391,1988-01-20,18.686507936507937,1,1,1,0,"gas,gold,silver",166.66810959718592,5.116004467299721,0.0,0.025992754522308453,1.2267930454882785,0.20440348441916453,0.0,0.04198913178346267,0.01599275452230845,1,1
3392,1987-10-22,18.432539682539684,1,1,1,1,"gas,gold,oil,silver",153.13188140860956,5.031299520100556,0.0,0.038786958140155224,1.0625827899968732,0.06070253877788671,0.0,0.061180437210232835,0.028786958140155222,1,1
3393,1987-01-01,17.599206349206348,1,0,0,1,"gold,oil",124.9496375291235,4.827910756349371,0.0,0.08076793876121491,,,,,0.07076793876121491,1,1
3394,1986-11-10,17.4484126984127,1,1,1,1,"gas,gold,oil,silver",128.31740672202224,4.854506934453441,0.0,0.08836449715931141,1.0247430188183257,0.024441867808551156,0.0,0.13554674573896713,0.07836449715931142,1,1
3395,1987-09-24,18.353174603174605,1,1,1,1,"gas,gold,oil,silver",157.4334834529814,5.059003041777746,0.0,0.042785146770732335,1.2484229473108692,0.22188111262240973,0.0,0.06717772015609849,0.03278514677073233,1,1
3396,1986-09-16,17.293650793650794,0,1,0,0,silver,,,,,1.2525343156915922,0.22516895135932943,0.0,0.14724144748340517,0.0861609649889368,1,1
3397,1986-10-21,17.392857142857142,1,1,1,1,"gas,gold,oil,silver",130.3678969323649,4.870360430014044,0.0,0.0911632292007154,1.242210860846903,0.21689274434015432,0.0,0.1397448438010731,0.0811632292007154,1,1
3398,1986-12-02,17.511904761904763,1,1,1,1,"gas,gold,oil,silver",117.01623129655401,4.76231265420615,0.0,0.08516594625484973,0.862678163936821,-0.1477135845253526,0.0,0.1307489193822746,0.07516594625484974,1,1
3399,1986-12-26,17.583333333333332,1,1,1,1,"gas,gold,oil,silver",125.2203657216992,4.830075110946178,0.0,0.08156757648733033,0.9685707494980376,-0.03193374821147571,0.0,0.1253513647309955,0.07156757648733034,1,1
3400,1988-03-01,18.8015873015873,1,1,1,0,"gas,gold,silver",167.59708427495423,5.121562790969174,0.0,0.020195381007971643,1.3579070131557436,0.3059445534163546,0.0,0.03329307151195746,0.010195381007971642,1,1
3401,1987-02-18,17.734126984126984,1,1,0,1,"gold,oil,silver",131.14114366428933,4.876274175739106,0.0,0.07397101808923381,1.06085121600086,0.05907161982779022,0.0,0.11395652713385072,0.06397101808923382,1,1
3402,1986-12-30,17.591269841269842,1,1,1,1,"gas,gold,oil,silver",130.70169530736266,4.872917591528171,0.0,0.08116775762427261,0.9710999981401249,-0.029325831297053725,0.0,0.12475163643640894,0.07116775762427262,1,1
3403,1986-08-01,17.166666666666668,1,1,0,0,"gold,silver",122.91225871515611,4.811470757042463,0.0,0.10255806679786017,1.2304612817408116,0.2073891248852635,0.0,0.15683710019679026,0.09255806679786018,1,1
3404,1987-02-16,17.726190476190474,1,1,1,0,"gas,gold,silver",129.5660495924701,4.8641907865788045,0.0,0.07437083695229153,0.8950715270963145,-0.11085164535723008,0.0,0.11455625542843731,0.06437083695229154,1,1
3405,1987-04-17,17.900793650793652,1,1,1,1,"gas,gold,oil,silver",152.2862325335222,5.0257618587928805,0.0,0.06557482196502187,0.9993346894755715,-0.000665531941688377,0.0,0.10136223294753281,0.05557482196502188,1,1
3406,1987-03-17,17.80952380952381,1,1,1,1,"gas,gold,oil,silver",131.9902365422079,4.882727954261448,0.0,0.07017273889018555,0.9859395065801606,-0.014160278614412478,0.0,0.10825910833527834,0.060172738890185554,1,1
3407,1987-07-21,18.166666666666668,1,1,1,1,"gas,gold,oil,silver",140.15887735210887,4.942776617396506,0.0,0.052180890052588545,0.8969737189787744,-0.10872871614991197,0.0,0.08127133507888282,0.04218089005258854,1,1
3408,1987-02-13,17.72222222222222,1,1,1,1,"gas,gold,oil,silver",133.34346664968274,4.892928255424649,0.0,0.07457074638382039,1.16479684793351,0.15254669235558427,0.0,0.1148561195757306,0.06457074638382039,1,1
3409,1986-09-01,17.25,1,0,0,1,"gold,oil",127.80544753175167,4.850509166479062,0.0,0.0983599687357542,,,,,0.0883599687357542,1,1
3410,1987-06-30,18.107142857142858,1,1,1,1,"gas,gold,oil,silver",119.71898782906564,4.785147228463841,0.0,0.05517953152552138,0.9200945129073018,-0.08327888279458184,0.0,0.08576929728828207,0.04517953152552138,1,1
3411,1987-02-26,17.75793650793651,0,1,1,0,"gas,silver",,,,,0.864133112302078,-0.14602845688045796,0.0,0.11215734225009102,0.06277156150006068,1,1
3412,1987-10-02,18.376984126984127,1,1,1,1,"gas,gold,oil,silver",166.92659406955798,5.117554159313779,0.0,0.04158569018155919,1.2194608006162535,0.19840879434110412,0.0,0.06537853527233878,0.03158569018155919,1,1
3413,1986-09-05,17.265873015873016,1,0,0,1,"gold,oil",117.35913822997135,4.765238790845696,0.0,0.09756033100963879,,,,,0.0875603310096388,1,1
3414,1987-02-05,17.6984126984127,1,1,1,0,"gas,gold,silver",131.79718542758644,4.881264266966234,0.0,0.07577020297299351,1.1122719020726812,0.10640468219157515,0.0,0.11665530445949028,0.06577020297299352,1,1
3415,1987-03-25,17.833333333333332,1,1,1,0,"gas,gold,silver",131.60624343842616,4.879814460307087,0.0,0.06897328230101242,0.929265838150416,-0.07336042593558564,0.0,0.10645992345151864,0.058973282301012425,1,1
3416,1987-01-16,17.642857142857142,1,1,0,1,"gold,oil,silver",133.464217594953,4.893833408916434,0.0,0.07856893501439749,0.984311837168476,-0.015812524442978832,0.0,0.12085340252159624,0.0685689350143975,1,1
3417,1987-03-23,17.825396825396826,1,1,1,1,"gas,gold,oil,silver",124.94574536058379,4.827879605965598,0.0,0.06937310116407014,0.9039629703157405,-0.1009668814690379,0.0,0.10705965174610521,0.05937310116407014,1,1
3418,1986-09-19,17.305555555555557,1,1,1,1,"gas,gold,oil,silver",130.84680027018058,4.874027175258599,0.0,0.09556123669435022,1.1285162907536952,0.12090375292996078,0.0,0.14634185504152533,0.08556123669435023,1,1
3419,1986-03-04,16.738095238095237,1,1,1,0,"gas,gold,silver",156.76500468859194,5.054747898622987,0.0,0.1241482854029766,1.5718627172304178,0.45226136018743224,0.0,0.18922242810446488,0.1141482854029766,1,1
3420,1986-02-24,16.714285714285715,1,1,1,0,"gas,gold,silver",159.65454871069016,5.073012410522463,0.0,0.12534774199214974,2.0700800663651515,0.7275872859327036,0.0,0.19102161298822457,0.11534774199214973,1,1
3421,1986-07-24,17.142857142857142,1,1,1,0,"gas,gold,silver",119.66700069502807,4.784712891139628,0.0,0.1037575233870333,1.1703889376386434,0.1573361189007798,0.0,0.15863628508054994,0.0937575233870333,1,1
3422,1986-03-18,16.77777777777778,1,1,1,0,"gas,gold,silver",123.98070525616366,4.820125950724796,0.0,0.12214919108768803,1.4550486851130655,0.3750393606224718,0.0,0.18622378663153202,0.11214919108768803,1,1
3423,1986-06-11,17.01984126984127,1,1,1,1,"gas,gold,oil,silver",105.38301320992383,4.657601458127554,0.0,0.10995471576442784,1.7468048591552938,0.5577883243721904,0.0,0.16793207364664176,0.09995471576442784,1,1
3424,1986-08-14,17.202380952380953,1,1,1,1,"gas,gold,oil,silver",123.47628514653053,4.816049114524219,0.0,0.10075888191410047,0.9749712231310099,-0.025347323157284024,0.0,0.1541383228711507,0.09075888191410048,1,1
3425,1987-06-19,18.07936507936508,1,1,1,1,"gas,gold,oil,silver",131.06010318539805,4.875656020925233,0.0,0.05657889754622338,0.8541211155224436,-0.15768227379442692,0.0,0.08786834631933507,0.04657889754622338,1,1
3426,1991-07-29,22.32936507936508,1,1,1,1,"gas,gold,oil,silver",194.9878236006431,5.272937113540472,0.0,0.010347349582755173,2.5488256754872682,0.935632733681944,0.0,0.018521024374132757,0.0003473495827551727,1,1
3427,1990-07-31,21.3015873015873,1,0,1,0,"gas,gold",190.42999343766056,5.249284638510086,0.0,0.05532912054955005,,,,,0.045329120549550045,1,1
3428,1989-09-21,20.416666666666668,1,1,1,1,"gas,gold,oil,silver",165.79334982692586,5.110742132288374,0.0,0.09405859902675182,1.762079439483953,0.5664946113353547,0.0,0.1440878985401277,0.08405859902675182,1,1
3429,1990-11-13,21.599206349206348,1,1,1,0,"gas,gold,silver",194.84583755904134,5.2722086692729455,0.0,0.042303511196231075,2.6117359443338626,0.9600151130167249,0.0,0.0664552667943466,0.03230351119623107,1,1
3430,1989-07-18,20.23015873015873,1,1,1,1,"gas,gold,oil,silver",155.4751739563542,5.0464860658595905,0.0,0.10222131422149836,1.7609394259847053,0.5658474314123563,0.0,0.15633197133224752,0.09222131422149836,1,1
3431,1990-12-25,21.71825396825397,1,1,1,0,"gas,gold,silver",196.19319167383946,5.27909984558034,0.0,0.03709326745490347,2.824034272262192,1.0381664556275354,0.0,0.058639901182355195,0.02709326745490347,1,1
3432,1989-12-08,20.63888888888889,1,1,1,1,"gas,gold,oil,silver",153.1057324807815,5.03112874468496,0.0,0.08433281070960698,1.8254717817782777,0.6018384641897964,0.0,0.12949921606441045,0.07433281070960698,1,1
3433,1989-10-11,20.47222222222222,1,1,1,1,"gas,gold,oil,silver",153.2857578972537,5.032303878086785,0.0,0.09162715194746558,2.027124461344908,0.7066182673336975,0.0,0.14044072792119838,0.08162715194746559,1,1
3434,1989-02-23,19.821428571428573,1,1,0,1,"gold,oil,silver",162.35345912993128,5.089775804942946,0.0,0.12010981773338976,1.333039177957123,0.28746143158021614,0.0,0.18316472660008462,0.11010981773338976,1,1
3435,1989-06-07,20.115079365079364,1,1,1,1,"gas,gold,oil,silver",175.67998195489565,5.168664055605403,0.0,0.10725788317144837,1.7524733958141985,0.5610281591062152,0.0,0.16388682475717253,0.09725788317144837,1,1
3436,1990-05-18,21.095238095238095,1,1,0,0,"gold,silver",174.07612081067163,5.159492679473237,0.0,0.06436020970118453,2.3551483344722652,0.8566037125218362,0.0,0.0995403145517768,0.054360209701184534,1,1
3437,1991-06-18,22.214285714285715,1,1,1,1,"gas,gold,oil,silver",197.40746968868618,5.28526996665167,0.0,0.015383918532705182,2.6053935502368515,0.9575837387416276,0.0,0.026075877799057772,0.005383918532705183,1,1
3438,1990-03-22,20.932539682539684,1,1,0,1,"gold,oil,silver",203.81106784406566,5.317193426694138,0.0,0.07148087614766557,2.563727442665103,0.9414622317953324,0.0,0.11022131422149836,0.06148087614766558,1,1
3439,1990-08-30,21.38888888888889,1,1,1,1,"gas,gold,oil,silver",187.88713649250118,5.23584144474921,0.0,0.051508275139243144,2.580981535944422,0.9481697668730042,0.0,0.08026241270886471,0.04150827513924314,1,1
3440,1989-11-24,20.599206349206348,1,0,1,1,"gas,gold,oil",152.88043048418027,5.029656115758641,0.0,0.08606955862338282,,,,,0.07606955862338283,1,1
3441,1990-03-19,20.92063492063492,1,1,1,1,"gas,gold,oil,silver",188.11183354678218,5.237036645262689,0.0,0.07200190052179833,2.7068024314458827,0.9957680236487244,0.0,0.1110028507826975,0.06200190052179834,1,1
3442,1990-10-29,21.555555555555557,1,1,0,1,"gold,oil,silver",200.05788458894153,5.298606747618003,0.0,0.04421393390138452,2.6243924733990376,0.9648494305523885,0.0,0.06932090085207676,0.03421393390138452,1,1
3443,1989-02-27,19.82936507936508,1,0,0,1,"gold,oil",170.14290019862122,5.136638673356503,0.0,0.11976246815063459,,,,,0.10976246815063459,1,1
3444,1989-10-17,20.488095238095237,1,1,1,1,"gas,gold,oil,silver",143.45166865955892,4.965998174702409,0.0,0.09093245278195525,1.7251880147073644,0.5453360385771597,0.0,0.13939867917293286,0.08093245278195525,1,1
3445,1990-05-11,21.075396825396826,1,1,1,1,"gas,gold,oil,silver",180.64707869680882,5.196545286396241,0.0,0.06522858365807246,2.2585278180787394,0.8147131930961048,0.0,0.1008428754871087,0.05522858365807247,1,1
3446,1989-10-02,20.444444444444443,1,1,1,1,"gas,gold,oil,silver",155.6298884075229,5.047480678179605,0.0,0.09284287548710869,1.4466158550765522,0.36922693560839603,0.0,0.14226431323066305,0.0828428754871087,1,1
3447,1989-10-31,20.52777777777778,1,1,1,1,"gas,gold,oil,silver",165.47055163047602,5.108793243217154,0.0,0.08919570486817939,1.7507785914346963,0.5600605983838405,0.0,0.13679355730226908,0.0791957048681794,1,1
3448,1989-12-11,20.642857142857142,1,1,1,1,"gas,gold,oil,silver",146.93270129594146,4.989974667636444,0.0,0.08415913591822938,1.6134648068068889,0.4783839205626042,0.0,0.12923870387734407,0.07415913591822938,1,1
3449,1989-06-21,20.154761904761905,1,1,1,1,"gas,gold,oil,silver",150.44974948919466,5.013629137997863,0.0,0.10552113525767251,1.906567522499628,0.6453045166826118,0.0,0.16128170288650875,0.09552113525767252,1,1
3450,1989-05-26,20.083333333333332,1,1,1,1,"gas,gold,oil,silver",199.1581232725903,5.294099098515034,0.0,0.10864728150246906,2.516879595181361,0.9230198783706554,0.0,0.16597092225370358,0.09864728150246907,1,1
3451,1991-07-02,22.253968253968253,1,1,1,1,"gas,gold,oil,silver",200.17385331522672,5.299186255530784,0.0,0.01364717061892932,2.5856692544468958,0.949984373657539,0.0,0.023470755928393976,0.003647170618929319,1,1
3452,1989-03-02,19.841269841269842,1,1,1,1,"gas,gold,oil,silver",137.4119940924441,4.922983669227644,0.0,0.11924144377650182,2.186164515518108,0.7821486456225109,0.0,0.18186216566475272,0.10924144377650183,1,1
3453,1989-08-31,20.357142857142858,1,1,1,1,"gas,gold,oil,silver",160.36361891755126,5.07744385497758,0.0,0.0966637208974156,1.614916833577929,0.47928345911206666,0.0,0.1479955813461234,0.0866637208974156,1,1
3454,1990-01-25,20.773809523809526,1,1,1,1,"gas,gold,oil,silver",172.8704215578224,5.152542305514602,0.0,0.07842786780276903,2.5585357487796254,0.9394351217194788,0.0,0.12064180170415353,0.06842786780276904,1,1
3455,1989-03-22,19.896825396825395,1,1,1,0,"gas,gold,silver",164.08728902160726,5.100398536361089,0.0,0.11680999669721562,1.5757109538293694,0.45470656968434325,0.0,0.17821499504582342,0.10680999669721562,1,1
3456,1989-11-20,20.583333333333332,1,1,1,1,"gas,gold,oil,silver",150.10576247362215,5.011340128799388,0.0,0.08676425778889317,2.0959635062934154,0.7400133551876668,0.0,0.13314638668333975,0.07676425778889318,1,1
3457,1990-10-12,21.511904761904763,1,1,0,1,"gold,oil,silver",201.34051955119546,5.304997601764797,0.0,0.04612435660653797,2.7052886563532312,0.9952086187504808,0.0,0.07218653490980695,0.03612435660653797,1,1
3458,1989-06-27,20.17063492063492,1,1,1,1,"gas,gold,oil,silver",131.82401299055425,4.881467798117912,0.0,0.10482643609216216,1.599328865989427,0.46958408249169475,0.0,0.16023965413824323,0.09482643609216217,1,1
3459,1989-10-06,20.46031746031746,1,1,1,1,"gas,gold,oil,silver",165.54929495119788,5.109269005157233,0.0,0.09214817632159836,1.4439053252323284,0.36735147407766566,0.0,0.14122226448239752,0.08214817632159836,1,1
3460,1990-08-01,21.305555555555557,1,0,1,0,"gas,gold",190.36324055964988,5.248934039430403,0.0,0.05515544575817247,,,,,0.045155445758172465,1,1
3461,1990-05-25,21.115079365079364,1,1,1,1,"gas,gold,oil,silver",190.67313973180325,5.250560651777737,0.0,0.0634918357442966,2.495885263016529,0.9146434811078679,0.0,0.0982377536164449,0.053491835744296605,1,1
3462,1989-03-31,19.924603174603174,1,1,1,1,"gas,gold,oil,silver",174.3546774880469,5.161091600912333,0.0,0.11559427315757252,2.1699993533491964,0.7747268695565618,0.0,0.17639140973635875,0.10559427315757253,1,1
3463,1989-08-24,20.33730158730159,1,1,1,1,"gas,gold,oil,silver",165.3175500445731,5.107868170059811,0.0,0.09753209485430353,1.7451438386837008,0.5568369813024042,0.0,0.1492981422814553,0.08753209485430354,1,1
3464,1990-05-28,21.11904761904762,1,1,1,0,"gas,gold,silver",194.30071343829766,5.26940702821555,0.0,0.063318160952919,2.412643861116539,0.8807231840040107,0.0,0.09797724142937851,0.05331816095291901,1,1
3465,1990-10-31,21.563492063492063,1,1,0,1,"gold,oil,silver",183.25864574843442,5.210898519727128,0.0,0.043866584318629345,2.6587307599547376,0.9778488510057926,0.0,0.06879987647794401,0.03386658431862934,1,1
3466,1989-05-08,20.02777777777778,1,1,1,1,"gas,gold,oil,silver",169.80060209819626,5.134624819796733,0.0,0.11107872858175527,2.019951009204018,0.7030732582497097,0.0,0.16961809287263288,0.10107872858175528,1,1
3467,1989-09-25,20.424603174603174,1,1,1,1,"gas,gold,oil,silver",161.85768847260806,5.086717482936346,0.0,0.09371124944399663,1.9030531610636563,0.6434595233224898,0.0,0.14356687416599492,0.08371124944399663,1,1
3468,1990-08-14,21.341269841269842,1,1,0,1,"gold,oil,silver",205.21515238023773,5.324058952579383,0.0,0.05359237263577418,2.7013539052519855,0.9937530937176804,0.0,0.08338855895366126,0.04359237263577418,1,1
3469,1989-03-16,19.88095238095238,1,1,0,1,"gold,oil,silver",167.72564308039847,5.122329567577231,0.0,0.11750469586272597,2.019978193592083,0.7030867161034001,0.0,0.1792570437940889,0.10750469586272597,1,1
3470,1989-06-02,20.103174603174605,1,1,1,0,"gas,gold,silver",156.56703871175475,5.053484280634668,0.0,0.10777890754558113,1.7207524743711042,0.5427616802561361,0.0,0.16466836131837168,0.09777890754558113,1,1
3471,1991-04-05,22.00793650793651,1,1,1,1,"gas,gold,oil,silver",185.83705224422314,5.224870226542462,0.0,0.02441500768433967,2.194390574711249,0.7859043654767501,0.0,0.0396225115265095,0.014415007684339672,1,1
3472,1989-05-16,20.0515873015873,1,1,1,0,"gas,gold,silver",144.4004643303081,4.972590442037407,0.0,0.11003667983348975,1.9663615575751066,0.6761849099920284,0.0,0.16805501975023462,0.10003667983348975,1,1
3473,1990-04-20,21.015873015873016,1,0,0,1,"gold,oil",178.8616969900489,5.186612864684996,0.0,0.06783370552873627,,,,,0.05783370552873627,1,1
3474,1989-05-05,20.023809523809526,1,1,0,1,"gold,oil,silver",171.14167451108875,5.142491719393886,0.0,0.11125240337313286,1.8946963465235596,0.6390585863931495,0.0,0.16987860505969926,0.10125240337313286,1,1
3475,1989-09-19,20.408730158730158,1,1,1,0,"gas,gold,silver",150.4885623035992,5.013887083318208,0.0,0.09440594860950698,1.5902178661837834,0.46387102960247606,0.0,0.14460892291426045,0.08440594860950698,1,1
3476,1990-12-27,21.726190476190474,0,0,0,1,oil,,,,,,,,,0.026745917872148296,1,1
3477,1989-08-21,20.325396825396826,1,1,1,0,"gas,gold,silver",153.13856332515564,5.03134315419364,0.0,0.09805311922843629,1.5505858511582957,0.4386328280082826,0.0,0.1500796788426544,0.0880531192284363,1,1
3478,1991-01-08,21.75793650793651,1,1,1,1,"gas,gold,oil,silver",205.75444867363476,5.3266834610664935,0.0,0.035356519541127604,2.8200545373194728,1.0367562242380073,0.0,0.0560347793116914,0.025356519541127606,1,1
3479,1989-12-20,20.67063492063492,1,1,1,1,"gas,gold,oil,silver",145.06717951184027,4.977196942105244,0.0,0.08294341237858628,1.8165213735123624,0.5969233389255384,0.0,0.12741511856787943,0.07294341237858629,1,1
3480,1989-05-09,20.03174603174603,1,1,0,1,"gold,oil,silver",149.43049463762023,5.0068313659105765,0.0,0.11090505379037768,2.20569038951348,0.7910405617128357,0.0,0.1693575806855665,0.10090505379037769,1,1
3481,1990-11-05,21.575396825396826,1,1,1,1,"gas,gold,oil,silver",184.8981329427429,5.219805040682513,0.0,0.04334555994449659,2.643520625219512,0.9721115989022012,0.0,0.06801833991674489,0.03334555994449659,1,1
3482,1990-02-15,20.833333333333332,1,1,1,1,"gas,gold,oil,silver",171.89495048718277,5.14688353724638,0.0,0.07582274593210522,2.2297894698578626,0.8019071728798112,0.0,0.11673411889815784,0.06582274593210523,1,1
3483,1989-06-01,20.099206349206348,1,1,1,0,"gas,gold,silver",175.91565502845714,5.170004647376559,0.0,0.10795258233695872,1.7721697048045777,0.5722046178029594,0.0,0.16492887350543806,0.09795258233695872,1,1
3484,1990-01-05,20.71825396825397,1,1,0,0,"gold,silver",169.60629484689244,5.133479838511553,0.0,0.08085931488205525,2.026232903639287,0.7061783565931836,0.0,0.12428897232308288,0.07085931488205525,1,1
3485,1990-06-04,21.13888888888889,1,1,1,1,"gas,gold,oil,silver",184.75410771465934,5.219025793489988,0.0,0.06244978699603109,2.6836991500324627,0.9871961226750253,0.0,0.09667468049404662,0.05244978699603109,1,1
3486,1989-11-13,20.563492063492063,1,1,0,0,"gold,silver",143.10687929435298,4.963591758742719,0.0,0.0876326317457811,1.7366795802112258,0.5519750028917233,0.0,0.13444894761867165,0.07763263174578111,1,1
3487,1989-12-07,20.634920634920636,1,1,1,0,"gas,gold,silver",144.24547440920404,4.971516531649639,0.0,0.08450648550098455,1.7808698725074559,0.5771019373526611,0.0,0.12975972825147683,0.07450648550098456,1,1
3488,1990-02-14,20.82936507936508,1,1,1,1,"gas,gold,oil,silver",167.67509577626424,5.122028153187452,0.0,0.07599642072348282,2.022847246676258,0.7045060470184779,0.0,0.11699463108522423,0.06599642072348283,1,1
3489,1990-09-24,21.456349206349206,1,1,0,1,"gold,oil,silver",199.68064795397288,5.296719330137601,0.0,0.048555803685824184,2.797746365991071,1.0288142238110618,0.0,0.07583370552873626,0.03855580368582418,1,1
3490,1989-08-16,20.313492063492063,1,1,1,1,"gas,gold,oil,silver",145.49965513827084,4.980173716425033,0.0,0.09857414360256904,2.022808884563666,0.704487082424677,0.0,0.15086121540385355,0.08857414360256904,1,1
3491,1989-03-13,19.86904761904762,1,1,1,0,"gas,gold,silver",198.80662886212318,5.2923326380434395,0.0,0.11802572023685873,1.5159492338032665,0.41604179972232064,0.0,0.18003858035528808,0.10802572023685873,1,1
3492,1990-12-05,21.66269841269841,1,1,1,1,"gas,gold,oil,silver",198.4480308796385,5.290527256678654,0.0,0.03952471453418969,3.0935983734105754,1.1293349355190405,0.0,0.062287071801284524,0.02952471453418969,1,1
3493,1990-12-07,21.67063492063492,1,1,1,1,"gas,gold,oil,silver",213.1809947975485,5.362141545717635,0.0,0.03917736495143452,2.8065894531373803,1.0319700284490447,0.0,0.06176604742715178,0.02917736495143452,1,1
3494,1989-05-11,20.03968253968254,1,1,1,1,"gas,gold,oil,silver",157.51815969234352,5.059540751253123,0.0,0.11055770420762251,2.5378113660186314,0.9313020426603127,0.0,0.16883655631143374,0.10055770420762251,1,1
3495,1989-08-18,20.321428571428573,1,1,0,0,"gold,silver",127.2285917218688,4.84598540333495,0.0,0.09822679401981388,1.4722103464678908,0.38676490851336515,0.0,0.1503401910297208,0.08822679401981388,1,1
3496,1989-10-26,20.515873015873016,1,1,1,1,"gas,gold,oil,silver",181.77689615590398,5.2027800898166285,0.0,0.08971672924231215,1.8635024839755114,0.62245777289873,0.0,0.13757509386346822,0.07971672924231216,1,1
3497,1989-05-19,20.063492063492063,1,1,1,1,"gas,gold,oil,silver",193.6551991676432,5.266079253871167,0.0,0.10951565545935699,2.029031143137265,0.7075584097338992,0.0,0.16727348318903545,0.09951565545935699,1,1
3498,1989-06-13,20.13095238095238,1,1,1,1,"gas,gold,oil,silver",145.37438258368238,4.979312363770015,0.0,0.10656318400593802,2.025863249966151,0.7059959059996394,0.0,0.162844776008907,0.09656318400593802,1,1
3499,1990-10-16,21.51984126984127,1,1,1,0,"gas,gold,silver",195.8448399096256,5.2773227126094024,0.0,0.045777007023782804,2.8954897969003897,1.0631542838993568,0.0,0.07166551053567419,0.0357770070237828,1,1
3500,1990-02-05,20.8015873015873,1,1,1,0,"gas,gold,silver",177.01568294287367,5.1762383328457355,0.0,0.07721214426312592,2.2413472366743488,0.8070771300153327,0.0,0.11881821639468887,0.06721214426312593,1,1
3501,1989-04-25,19.99206349206349,1,0,1,1,"gas,gold,oil",145.3854474306274,4.979388473643582,0.0,0.11264180170415354,,,,,0.10264180170415355,1,1
3502,1989-04-07,19.944444444444443,1,1,1,1,"gas,gold,oil,silver",163.40302862887788,5.0962197173145825,0.0,0.11472589920068457,1.6895552590588583,0.5244653339820268,0.0,0.17508884880102685,0.10472589920068458,1,1
3503,1990-06-12,21.16269841269841,1,0,0,1,"gold,oil",187.6843859587896,5.234761753977746,0.0,0.06140773824776557,,,,,0.051407738247765566,1,1
3504,1991-02-07,21.845238095238095,1,1,0,1,"gold,oil,silver",193.5097541286273,5.265327920132823,0.0,0.03153567413082071,2.5061221556184803,0.9187366005446361,0.0,0.050303511196231054,0.021535674130820706,1,1
3505,1990-09-17,21.436507936507937,1,0,1,1,"gas,gold,oil",206.25856028506936,5.329130528765964,0.0,0.049424177642712105,,,,,0.039424177642712104,1,1
3506,1991-05-31,22.166666666666668,1,1,0,0,"gold,silver",195.4066584214909,5.275082814880165,0.0,0.01746801602923622,2.3749962589457088,0.8649958623046097,0.0,0.029202024043854326,0.0074680160292362185,1,1
3507,1990-03-21,20.928571428571427,0,1,0,0,silver,,,,,2.4215042600856767,0.8843889421351213,0.0,0.11048182640856473,0.06165455093904316,1,1
3508,1989-05-17,20.055555555555557,1,1,0,0,"gold,silver",144.70125553282963,4.974671310398894,0.0,0.10986300504211216,1.62724448153009,0.4868880821787527,0.0,0.16779450756316822,0.09986300504211217,1,1
3509,1989-12-21,20.674603174603174,1,1,1,0,"gas,gold,silver",151.00070406662886,5.01728449949696,0.0,0.0827697375872087,2.391123589167081,0.8717633764615791,0.0,0.12715460638081302,0.0727697375872087,1,1
3510,1989-11-09,20.555555555555557,1,1,1,1,"gas,gold,oil,silver",160.06512630154674,5.075580771800436,0.0,0.08797998132853628,2.1445684174055506,0.7629383281290023,0.0,0.13496997199280442,0.07797998132853629,1,1
3511,1991-07-05,22.265873015873016,1,1,0,1,"gold,oil,silver",203.40606199936167,5.315204286510377,0.0,0.013126146244796555,2.614695810119125,0.9611477657483617,0.0,0.02268921936719483,0.0031261462447965543,1,1
3512,1991-06-28,22.246031746031747,1,1,1,1,"gas,gold,oil,silver",193.61198418943854,5.26585607473159,0.0,0.013994520201684492,2.5209775153999914,0.9246467292449424,0.0,0.023991780302526737,0.003994520201684492,1,1
3513,1990-11-08,21.58730158730159,1,1,1,0,"gas,gold,silver",199.93358025067275,5.2979852126444,0.0,0.04282453557036383,2.841119577033025,1.0441981917550536,0.0,0.06723680335554573,0.03282453557036383,1,1
3514,1991-05-09,22.103174603174605,1,1,1,1,"gas,gold,oil,silver",187.6362942026843,5.234505483759181,0.0,0.0202468126912776,2.1411187505631224,0.7613284730685426,0.0,0.0333702190369164,0.0102468126912776,1,1
3515,1990-10-15,21.515873015873016,1,0,1,0,"gas,gold",194.2229116664501,5.269006528643013,0.0,0.045950681815160384,,,,,0.03595068181516038,1,1
3516,1990-12-06,21.666666666666668,1,1,1,1,"gas,gold,oil,silver",193.1488891324436,5.263461337775242,0.0,0.0393510397428121,2.8314232707744718,1.0407795077671427,0.0,0.062026559614218144,0.0293510397428121,1,1
3517,1990-03-02,20.876984126984127,0,0,0,1,oil,,,,,,,,,0.06391232322695178,1,1
3518,1989-07-03,20.186507936507937,1,1,1,1,"gas,gold,oil,silver",176.66500618061718,5.174255318856249,0.0,0.10413173692665181,1.3894465549280683,0.3289055059328424,0.0,0.1591976053899777,0.09413173692665182,1,1
3519,1989-03-08,19.857142857142858,1,1,1,0,"gas,gold,silver",194.08648814322595,5.268303874888538,0.0,0.11854674461099148,1.9417751687404146,0.6636025901187264,0.0,0.1808201169164872,0.10854674461099148,1,1
3520,1990-07-18,21.265873015873016,1,0,1,1,"gas,gold,oil",202.87780550589886,5.312603854480477,0.0,0.056892193671948324,,,,,0.04689219367194832,1,1
3521,1990-11-21,21.623015873015873,1,0,0,1,"gold,oil",188.8604179979678,5.2410082131013915,0.0,0.04126146244796556,,,,,0.03126146244796556,1,1
3522,1991-06-26,22.238095238095237,1,1,1,0,"gas,gold,silver",196.11808561963727,5.2787169554649305,0.0,0.014341869784439666,2.5277811120954956,0.9273418871306156,0.0,0.024512804676659495,0.004341869784439665,1,1
3523,1989-07-28,20.261904761904763,1,1,1,1,"gas,gold,oil,silver",168.41474032332735,5.126429629588766,0.0,0.10083191589047767,1.9676365622477283,0.676833107921173,0.0,0.1542478738357165,0.09083191589047768,1,1
3524,1989-09-11,20.384920634920636,1,1,1,1,"gas,gold,oil,silver",173.7071466738107,5.157370816176214,0.0,0.0954479973577725,1.937200280560295,0.661243776374665,0.0,0.14617199603665873,0.0854479973577725,1,1
3525,1990-03-12,20.900793650793652,1,1,1,1,"gas,gold,oil,silver",165.01226101698205,5.10601978033362,0.0,0.07287027447868627,2.4302068675752277,0.8879763844184397,0.0,0.1123054117180294,0.06287027447868627,1,1
3526,1991-05-01,22.07936507936508,1,1,1,1,"gas,gold,oil,silver",190.48614507223076,5.249579462642225,0.0,0.021288861439543116,2.2495549711458334,0.8107324060513361,0.0,0.03493329215931468,0.011288861439543118,1,1
3527,1991-06-11,22.194444444444443,1,1,0,0,"gold,silver",202.4119039719365,5.310304749774425,0.0,0.01625229248959311,2.696052762127942,0.9917887633807941,0.0,0.027378438734389658,0.006252292489593109,1,1
3528,1990-10-11,21.50793650793651,1,1,1,1,"gas,gold,oil,silver",202.67487390875735,5.311603088738422,0.0,0.04629803139791555,2.7935056968417307,1.0272973292354561,0.0,0.07244704709687332,0.03629803139791555,1,1
3529,1990-09-28,21.47222222222222,1,1,1,1,"gas,gold,oil,silver",201.52994857017922,5.305937998482517,0.0,0.047861104520313835,2.670163964983693,0.9821398806328869,0.0,0.07479165678047074,0.03786110452031383,1,1
3530,1989-08-28,20.345238095238095,1,0,1,0,"gas,gold",140.30721304155676,4.943834397344668,0.0,0.09718474527154836,,,,,0.08718474527154836,1,1
3531,1990-10-08,21.496031746031747,1,1,1,0,"gas,gold,silver",195.01424331508667,5.273072598537733,0.0,0.04681905577204832,2.6940304780449607,0.9910383912296564,0.0,0.07322858365807247,0.03681905577204832,1,1
3532,1989-12-12,20.646825396825395,1,1,1,1,"gas,gold,oil,silver",148.1909413186229,4.998501586288147,0.0,0.08398546112685179,1.7597581387374495,0.5651763784350023,0.0,0.1289781916902777,0.0739854611268518,1,1
3533,1989-09-06,20.373015873015873,1,1,1,1,"gas,gold,oil,silver",144.8012369752613,4.97536202256196,0.0,0.09596902173190525,1.7728686393758708,0.5725989348807968,0.0,0.14695353259785787,0.08596902173190525,1,1
3534,1991-05-23,22.142857142857142,1,1,1,0,"gas,gold,silver",187.00169211394868,5.2311176655513405,0.0,0.018510064777501736,2.213239744525501,0.7944573898263108,0.0,0.030765097166252604,0.008510064777501736,1,1
3535,1990-06-27,21.206349206349206,1,1,1,1,"gas,gold,oil,silver",191.16286945366093,5.253125784340449,0.0,0.05949731554261212,2.7948697566784886,1.0277855068374062,0.0,0.09224597331391816,0.049497315542612115,1,1
3536,1991-02-27,21.900793650793652,1,1,1,1,"gas,gold,oil,silver",201.70190718255967,5.306790900456165,0.0,0.029104227051534495,2.4859081215453926,0.9106380340569478,0.0,0.04665634057730174,0.019104227051534497,1,1
3537,1990-05-15,21.083333333333332,1,1,1,1,"gas,gold,oil,silver",168.93677837644333,5.129524552485957,0.0,0.06488123407531729,2.459580254869673,0.8999907072838818,0.0,0.10032185111297594,0.054881234075317295,1,1
3538,1990-06-06,21.146825396825395,1,1,1,1,"gas,gold,oil,silver",189.4932763179446,5.244353542721213,0.0,0.06210243741327592,2.2158101941379353,0.7956181127518249,0.0,0.09615365611991387,0.052102437413275915,1,1
3539,1990-05-31,21.13095238095238,1,1,1,1,"gas,gold,oil,silver",179.01173437102688,5.187451358837512,0.0,0.06279713657878626,2.3877018709209543,0.8703313430636437,0.0,0.09719570486817938,0.05279713657878626,1,1
3540,1989-06-14,20.134920634920636,1,1,1,1,"gas,gold,oil,silver",122.74390755241417,4.8101001324686505,0.0,0.10638950921456043,1.9322222506918965,0.6586707657641336,0.0,0.16258426382184063,0.09638950921456044,1,1
3541,1989-12-25,20.682539682539684,1,1,1,1,"gas,gold,oil,silver",190.8240648727337,5.251351877228317,0.0,0.08242238800445352,1.9601514768448223,0.6730217543606645,0.0,0.12663358200668026,0.07242238800445353,1,1
3542,1990-01-19,20.75793650793651,1,1,1,1,"gas,gold,oil,silver",166.27700169289963,5.113655082545773,0.0,0.07912256696827938,2.476469550770594,0.9068339777032931,0.0,0.12168385045241906,0.06912256696827938,1,1
3543,1989-11-15,20.571428571428573,0,1,0,0,silver,,,,,1.6666252346000046,0.5108007642169974,0.0,0.1339279232445389,0.07728528216302594,1,1
3544,1990-11-26,21.634920634920636,1,1,0,0,"gold,silver",189.3349972506895,5.24351791831032,0.0,0.04074043807383279,2.822073407936134,1.0374718658265754,0.0,0.06411065711074918,0.03074043807383279,1,1
3545,1989-02-21,19.813492063492063,1,1,0,1,"gold,oil,silver",203.3439312384546,5.314898787985862,0.0,0.12045716731614493,1.9051665347391717,0.6445694245683642,0.0,0.18368575097421738,0.11045716731614494,1,1
3546,1991-02-28,21.904761904761905,1,1,1,1,"gas,gold,oil,silver",193.15039293571385,5.263469123465457,0.0,0.028930552260156915,2.499083322424648,0.915923993603755,0.0,0.04639582839023537,0.018930552260156917,1,1
3547,1989-05-22,20.067460317460316,1,1,1,1,"gas,gold,oil,silver",169.135849784727,5.130702236892854,0.0,0.10934198066797941,1.73508397046228,0.5510558101886474,0.0,0.1670129710019691,0.09934198066797942,1,1
3548,1989-03-30,19.92063492063492,1,1,1,1,"gas,gold,oil,silver",144.32325245833678,4.972055592495632,0.0,0.1157679479489501,1.4976066209877652,0.40386824779696606,0.0,0.17665192192342513,0.1057679479489501,1,1
3549,1991-07-09,22.273809523809526,1,1,1,0,"gas,gold,silver",203.86458445565674,5.317455971742373,0.0,0.012778796662041382,2.6231686131647964,0.9643829813824818,0.0,0.022168194993062072,0.0027787966620413814,1,1
3550,1989-04-26,19.996031746031747,1,1,1,0,"gas,gold,silver",148.45777372152375,5.000300565763435,0.0,0.11246812691277597,1.6982968421570934,0.5296258913127931,0.0,0.17170219036916393,0.10246812691277597,1,1
3551,1991-06-19,22.21825396825397,1,1,1,1,"gas,gold,oil,silver",198.6249514332915,5.29141838034227,0.0,0.015210243741327591,2.6404452246750068,0.9709475486493655,0.0,0.02581536561199138,0.00521024374132759,1,1
3552,1989-06-22,20.158730158730158,1,1,1,1,"gas,gold,oil,silver",195.81299346477195,5.277160088797442,0.0,0.10534746046629491,1.7197076819191734,0.5421543240092471,0.0,0.16102119069944235,0.09534746046629491,1,1
3553,1990-03-20,20.924603174603174,1,1,1,1,"gas,gold,oil,silver",182.66239928753674,5.20763963644244,0.0,0.07182822573042075,2.5021068375469873,0.9171331119911722,0.0,0.11074233859563112,0.06182822573042075,1,1
3554,1989-03-09,19.86111111111111,1,1,0,1,"gold,oil,silver",120.08062971492377,4.788163431439735,0.0,0.1183730698196139,1.8621053404987478,0.6217077510992909,0.0,0.18055960472942084,0.10837306981961391,1,1
3555,1989-06-15,20.13888888888889,1,1,0,1,"gold,oil,silver",154.0454831660458,5.037247904041875,0.0,0.10621583442318286,2.367293053583061,0.8617471308881488,0.0,0.16232375163477428,0.09621583442318286,1,1
3556,1989-06-12,20.126984126984127,1,1,1,1,"gas,gold,oil,silver",152.90276440131098,5.029802192570866,0.0,0.1067368587973156,2.285038679688855,0.8263829518566628,0.0,0.1631052881959734,0.09673685879731561,1,1
3557,1989-03-24,19.904761904761905,1,1,0,1,"gold,oil,silver",199.88652851685592,5.297749848124195,0.0,0.11646264711446044,2.25658093140252,0.8138508055413851,0.0,0.17769397067169065,0.10646264711446045,1,1
3558,1989-04-10,19.9484126984127,1,1,1,1,"gas,gold,oil,silver",157.58244653866905,5.059948791389805,0.0,0.114552224409307,1.876079773945989,0.629184373105305,0.0,0.17482833661396047,0.104552224409307,1,1
3559,1990-08-21,21.36111111111111,1,1,0,1,"gold,oil,silver",179.6788900112432,5.191171313384471,0.0,0.052723998678886254,2.519365029813549,0.9240068974767687,0.0,0.08208599801832937,0.04272399867888625,1,1
3560,1990-08-13,21.33730158730159,1,1,1,1,"gas,gold,oil,silver",191.8051503909693,5.256480015013566,0.0,0.05376604742715177,2.872041170591153,1.0550229862472809,0.0,0.08364907114072766,0.04376604742715177,1,1
3561,1991-03-21,21.964285714285715,1,1,1,1,"gas,gold,oil,silver",183.71191840398686,5.2133688698333405,0.0,0.026325430389493115,2.324545337985681,0.8435244663616843,0.0,0.042488145584239675,0.016325430389493117,1,1
3562,1989-04-14,19.964285714285715,1,1,0,1,"gold,oil,silver",182.65575320880143,5.207603251287798,0.0,0.11385752524379665,2.220342764944468,0.7976615825895814,0.0,0.17378628786569497,0.10385752524379666,1,1
3563,1991-05-27,22.150793650793652,1,0,0,0,gold,190.75450252489034,5.250987274210447,0.0,0.018162715194746562,,,,,0.008162715194746564,1,1
3564,1989-06-30,20.182539682539684,1,1,1,1,"gas,gold,oil,silver",154.16883344451125,5.038048322960811,0.0,0.1043054117180294,1.5231099715780338,0.4207542785143738,0.0,0.1594581175770441,0.0943054117180294,1,1
3565,1991-03-14,21.944444444444443,1,1,1,1,"gas,gold,oil,silver",190.64571869662447,5.250416829700124,0.0,0.02719380434638105,2.4112900676282774,0.8801619020528895,0.0,0.04379070651957158,0.017193804346381052,1,1
3566,1989-10-25,20.511904761904763,1,1,1,1,"gas,gold,oil,silver",139.17632260015804,4.935741637169077,0.0,0.08989040403368974,1.8318303112130394,0.605315637078277,0.0,0.1378356060505346,0.07989040403368974,1,1
3567,1991-05-13,22.11111111111111,1,1,1,1,"gas,gold,oil,silver",184.8254567127131,5.219411902494963,0.0,0.019899463108522426,2.132274740142256,0.757189362983516,0.0,0.03284919466278364,0.009899463108522428,1,1
3568,1990-05-24,21.11111111111111,1,1,0,1,"gold,oil,silver",189.71162786584011,5.245505171139616,0.0,0.06366551053567418,2.1666954479234777,0.7732031718022445,0.0,0.09849826580351127,0.053665510535674185,1,1
3569,1990-12-26,21.72222222222222,1,1,1,1,"gas,gold,oil,silver",195.19717116024756,5.2740101818670535,0.0,0.03691959266352589,2.8698777591144107,1.054269436221375,0.0,0.05837938899528883,0.02691959266352589,1,1
3570,1989-10-30,20.523809523809526,0,1,1,1,"gas,oil,silver",,,,,2.025400033070515,0.7057672282439407,0.0,0.13705406948933546,0.07936937965955698,1,1
3571,1990-03-29,20.952380952380953,1,1,1,1,"gas,gold,oil,silver",182.26777652657395,5.205476905372586,0.0,0.07061250219077765,2.533639663229611,0.9296568710098777,0.0,0.10891875328616647,0.06061250219077765,1,1
3572,1990-05-10,21.071428571428573,1,1,0,1,"gold,oil,silver",181.36710739555863,5.200523194864331,0.0,0.06540225844945005,2.2650276727642553,0.8175869764163262,0.0,0.10110338767417507,0.05540225844945005,1,1
3573,1990-03-27,20.944444444444443,1,1,1,0,"gas,gold,silver",178.25177642534177,5.183197025165317,0.0,0.07095985177353281,2.63155134346813,0.96757353672458,0.0,0.10943977766029922,0.06095985177353281,1,1
3574,1989-11-23,20.595238095238095,1,1,1,1,"gas,gold,oil,silver",152.9247714564115,5.029946110645978,0.0,0.08624323341476042,1.9648284474036337,0.6754049373897099,0.0,0.1323648501221406,0.07624323341476043,1,1
3575,1989-08-02,20.273809523809526,1,1,0,1,"gold,oil,silver",165.7504300302781,5.110483223513756,0.0,0.10031089151634492,1.4347193349548002,0.36096924468491454,0.0,0.15346633727451736,0.09031089151634493,1,1
3576,1989-05-04,20.01984126984127,1,1,1,1,"gas,gold,oil,silver",174.30221339161324,5.160790651192411,0.0,0.11142607816451044,1.6684426850660068,0.5118906674451721,0.0,0.17013911724676564,0.10142607816451045,1,1
3577,1991-03-19,21.956349206349206,1,1,1,1,"gas,gold,oil,silver",177.34269688805318,5.178084001279858,0.0,0.02667277997224829,2.237166045516713,0.8052099066271244,0.0,0.04300916995837243,0.016672779972248288,1,1
3578,1989-06-29,20.178571428571427,1,1,1,1,"gas,gold,oil,silver",141.36534089173782,4.951347609497328,0.0,0.10447908650940699,2.1216215830115397,0.7521806939457556,0.0,0.15971862976411047,0.09447908650940699,1,1
3579,1990-11-28,21.642857142857142,1,1,1,1,"gas,gold,oil,silver",196.4437668682367,5.280376216655268,0.0,0.04039308849107762,2.6943371835672276,0.9911522310942904,0.0,0.06358963273661641,0.030393088491077615,1,1
3580,1990-03-28,20.9484126984127,1,1,1,1,"gas,gold,oil,silver",192.5358837131545,5.260282545255363,0.0,0.07078617698215522,2.4044038332775917,0.877301986457756,0.0,0.10917926547323284,0.06078617698215523,1,1
3581,1990-07-10,21.24206349206349,1,1,0,0,"gold,silver",202.96062879162315,5.313012013392372,0.0,0.05793424242021385,2.806409859483185,1.0319060364033472,0.0,0.08990136363032077,0.047934242420213845,1,1
3582,1990-08-28,21.38095238095238,1,1,0,1,"gold,oil,silver",195.84136544107992,5.277304971527392,0.0,0.05185562472199832,2.6976478624177265,0.9923802312605748,0.0,0.08078343708299747,0.041855624721998316,1,1
3583,1991-07-18,22.3015873015873,1,1,1,0,"gas,gold,silver",196.02771600221547,5.2782560574078925,0.0,0.011563073122398283,2.563459131413043,0.9413575696191357,0.0,0.02034460968359742,0.0015630731223982832,1,1
3584,1989-09-07,20.376984126984127,1,1,0,1,"gold,oil,silver",153.99787204232035,5.03693878441115,0.0,0.09579534694052766,1.7636485410781784,0.5673846979821239,0.0,0.14669302041079146,0.08579534694052766,1,1
3585,1989-12-14,20.654761904761905,1,1,1,1,"gas,gold,oil,silver",148.980480154085,5.003815291686184,0.0,0.08363811154409663,2.4549430855402514,0.8981035778984248,0.0,0.12845716731614493,0.07363811154409663,1,1
3586,1990-09-21,21.452380952380953,1,1,1,1,"gas,gold,oil,silver",211.30963606741955,5.35332452730874,0.0,0.048729478477201764,2.8001768602490698,1.029682579561041,0.0,0.07609421771580263,0.03872947847720176,1,1
3587,1990-06-22,21.194444444444443,1,1,1,1,"gas,gold,oil,silver",191.77620703352414,5.2563291038342825,0.0,0.06001833991674488,2.8670198304699515,1.0532731036788296,0.0,0.09302750987511732,0.050018339916744876,1,1
3588,1990-07-13,21.253968253968253,1,1,1,0,"gas,gold,silver",207.02530543074002,5.332841034251317,0.0,0.05741321804608108,2.702721708702167,0.9942593055389428,0.0,0.08911982706912161,0.047413218046081076,1,1
3589,1989-07-24,20.246031746031747,1,1,0,1,"gold,oil,silver",156.38430958722415,5.0523165007462625,0.0,0.10152661505598802,1.493272977742209,0.40097034025152256,0.0,0.155289922583982,0.09152661505598803,1,1
3590,1990-06-26,21.202380952380953,1,1,1,1,"gas,gold,oil,silver",204.20319303670348,5.319115542418809,0.0,0.05967099033398971,2.2758700896741173,0.8223624362844898,0.0,0.09250648550098456,0.04967099033398971,1,1
3591,1990-03-09,20.896825396825395,1,1,0,1,"gold,oil,silver",174.87532989698414,5.16407331945697,0.0,0.07304394927006384,2.4026910737397964,0.876589389913106,0.0,0.11256592390509576,0.06304394927006385,1,1
3592,1989-08-30,20.353174603174605,1,1,0,0,"gold,silver",173.7119185818631,5.157398286793287,0.0,0.0968373956887932,2.073797485866719,0.7293814608097017,0.0,0.14825609353318978,0.0868373956887932,1,1
3593,1989-09-15,20.400793650793652,1,0,1,0,"gas,gold",159.41800511694888,5.071529715541412,0.0,0.09475329819226215,,,,,0.08475329819226216,1,1
3594,1989-08-15,20.30952380952381,1,1,1,1,"gas,gold,oil,silver",159.42562454835831,5.071577509699438,0.0,0.09874781839394664,1.6086643353547432,0.47540422931366966,0.0,0.15112172759091994,0.08874781839394665,1,1
3595,1989-08-22,20.32936507936508,1,1,1,1,"gas,gold,oil,silver",153.39723928450653,5.033030891929663,0.0,0.09787944443705869,1.8758201966489947,0.6290460019869687,0.0,0.14981916665558803,0.0878794444370587,1,1
3596,1989-05-30,20.091269841269842,1,1,0,1,"gold,oil,silver",182.04688868263725,5.204264284020234,0.0,0.10829993191971389,1.943738337404252,0.6646130968781475,0.0,0.16544989787957082,0.0982999319197139,1,1
3597,1990-07-09,21.238095238095237,1,1,1,0,"gas,gold,silver",192.45633181984775,5.259869280304907,0.0,0.05810791721159143,2.878367810805503,1.0572234011351695,0.0,0.09016187581738713,0.048107917211591425,1,1
3598,1990-04-25,21.02777777777778,1,1,1,0,"gas,gold,silver",194.42472158416865,5.270045052583935,0.0,0.06731268115460351,2.0833004779223576,0.7339534043585749,0.0,0.10396902173190525,0.05731268115460351,1,1
3599,1989-06-16,20.142857142857142,1,0,1,1,"gas,gold,oil",155.7504709371163,5.04825518133629,0.0,0.10604215963180526,,,,,0.09604215963180526,1,1
3600,1990-02-07,20.80952380952381,1,1,1,1,"gas,gold,oil,silver",169.0764614791579,5.130351047393232,0.0,0.07686479468037076,2.325718859602516,0.8440291781767056,0.0,0.11829719202055614,0.06686479468037076,1,1
3601,1989-08-25,20.341269841269842,1,1,1,1,"gas,gold,oil,silver",152.45456217163402,5.026866598677769,0.0,0.09735842006292594,1.722193385923775,0.5435987027916421,0.0,0.1490376300943889,0.08735842006292595,1,1
3602,1990-12-19,21.702380952380953,1,1,1,1,"gas,gold,oil,silver",206.71361944287867,5.331334354419733,0.0,0.03778796662041383,2.7437311210697386,1.0093187171141602,0.0,0.05968194993062073,0.02778796662041383,1,1
3603,1989-07-20,20.238095238095237,0,1,1,0,"gas,silver",,,,,1.93154194380639,0.6583186185531288,0.0,0.15581094695811476,0.0918739646387432,1,1
3604,1991-06-27,22.24206349206349,1,1,1,1,"gas,gold,oil,silver",197.58947580457937,5.2861915237971155,0.0,0.014168194993062072,2.584822193450258,0.949656721629583,0.0,0.024252292489593107,0.004168194993062072,1,1
3605,1990-01-11,20.734126984126984,0,0,1,0,gas,,,,,,,,,0.0701646157165449,1,1
3606,1991-07-11,22.28174603174603,1,1,0,1,"gold,oil,silver",204.63105566550752,5.321208629220456,0.0,0.01243144707928621,2.729841891140203,1.0042436921864517,0.0,0.02164717061892931,0.002431447079286209,1,1
3607,1990-04-11,20.988095238095237,1,1,1,1,"gas,gold,oil,silver",183.7943911652694,5.213817693488987,0.0,0.06904942906837937,2.8386479844170633,1.0433278769947294,0.0,0.10657414360256905,0.05904942906837937,1,1
3608,1990-01-24,20.76984126984127,1,1,1,1,"gas,gold,oil,silver",175.68897275327248,5.16871523143217,0.0,0.0786015425941466,1.902046142185684,0.6429302236531631,0.0,0.12090231389121991,0.06860154259414661,1,1
3609,1989-03-17,19.884920634920636,1,1,1,1,"gas,gold,oil,silver",164.98574876975076,5.105859099077963,0.0,0.11733102107134838,2.3202803419084135,0.8416880154075015,0.0,0.17899653160702256,0.10733102107134838,1,1
3610,1990-12-14,21.69047619047619,1,1,1,1,"gas,gold,oil,silver",212.21273875540325,5.357589256213121,0.0,0.03830899099454658,3.0274406266574196,1.107717584909261,0.0,0.06046348649181986,0.02830899099454658,1,1
3611,1991-04-18,22.043650793650794,0,1,0,0,silver,,,,,2.244168688196779,0.8083351578283189,0.0,0.03727790184291208,0.01285193456194139,1,1
3612,1990-06-29,21.214285714285715,1,1,1,1,"gas,gold,oil,silver",215.4672862396947,5.372809094028274,0.0,0.05914996595985694,2.744060232923583,1.0094386603966246,0.0,0.0917249489397854,0.04914996595985694,1,1
3613,1989-10-18,20.49206349206349,1,1,1,1,"gas,gold,oil,silver",156.85932289040895,5.055349371126019,0.0,0.09075877799057766,2.0070256432280233,0.6966538466274569,0.0,0.13913816698586648,0.08075877799057767,1,1
3614,1989-03-06,19.849206349206348,1,1,1,1,"gas,gold,oil,silver",195.2090701006933,5.274071138579277,0.0,0.11889409419374665,1.9497642882564326,0.6677084874521292,0.0,0.18134114129061996,0.10889409419374665,1,1
3615,1991-02-11,21.853174603174605,1,0,1,1,"gas,gold,oil",193.49276772211678,5.265240135658241,0.0,0.031188324548065534,,,,,0.021188324548065535,1,1
3616,1989-08-29,20.349206349206348,1,1,1,1,"gas,gold,oil,silver",184.22058980152673,5.216133897170026,0.0,0.09701107048017077,1.483730554707324,0.3945595613511108,0.0,0.14851660572025613,0.08701107048017077,1,1
3617,1989-03-23,19.900793650793652,1,1,1,1,"gas,gold,oil,silver",189.07262472153775,5.24213119903744,0.0,0.11663632190583803,2.489255207707084,0.9119835523626406,0.0,0.17795448285875703,0.10663632190583804,1,1
3618,1991-05-21,22.134920634920636,1,1,1,1,"gas,gold,oil,silver",182.634543001718,5.207487123335168,0.0,0.01885741436025691,2.153220772733934,0.766964755035955,0.0,0.03128612154038536,0.00885741436025691,1,1
3619,1990-11-09,21.591269841269842,1,1,1,1,"gas,gold,oil,silver",203.472903200262,5.315532842209828,0.0,0.04265086077898625,2.6220443445974624,0.9639542977070602,0.0,0.06697629116847936,0.03265086077898625,1,1
3620,1989-12-05,20.626984126984127,1,1,1,1,"gas,gold,oil,silver",165.4134397975496,5.1084480356219055,0.0,0.08485383508373973,1.9472276928061516,0.6664066650101806,0.0,0.1302807526256096,0.07485383508373973,1,1
3621,1991-07-10,22.27777777777778,1,1,0,0,"gold,silver",203.76610734550928,5.3169728034528205,0.0,0.012605121870663802,2.717379195258646,0.9996678846584592,0.0,0.0219076828059957,0.002605121870663801,1,1
3622,1989-07-21,20.24206349206349,1,0,1,0,"gas,gold",135.35802328503203,4.907923292360562,0.0,0.10170028984736561,,,,,0.09170028984736561,1,1
3623,1991-02-08,21.849206349206348,1,1,1,0,"gas,gold,silver",194.3186810073442,5.269499496935929,0.0,0.03136199933944313,2.612214142146977,0.9601981920303195,0.0,0.05004299900916469,0.021361999339443126,1,1
3624,1990-01-17,20.75,1,1,1,0,"gas,gold,silver",136.16183112708123,4.913844113082765,0.0,0.07946991655103455,2.2841906362514233,0.8260117542701416,0.0,0.12220487482655183,0.06946991655103456,1,1
3625,1989-02-28,19.833333333333332,1,1,0,1,"gold,oil,silver",193.04924467866596,5.262945310134168,0.0,0.119588793359257,2.074294512297427,0.7296211017980433,0.0,0.18238319003888548,0.109588793359257,1,1
3626,1989-03-15,19.876984126984127,1,0,1,0,"gas,gold",165.90797888229363,5.111433290568487,0.0,0.11767837065410355,,,,,0.10767837065410356,1,1
3627,1989-10-13,20.48015873015873,1,1,1,1,"gas,gold,oil,silver",154.39808078205942,5.039534207345412,0.0,0.09127980236471042,1.9002707566801709,0.6419963795356127,0.0,0.13991970354706562,0.08127980236471043,1,1
3628,1989-08-08,20.28968253968254,0,1,1,0,"gas,silver",,,,,1.586745882880577,0.461685304514186,0.0,0.15242428852625184,0.08961619235083458,1,1
3629,1989-09-08,20.38095238095238,1,1,0,1,"gold,oil,silver",156.02882369002776,5.05004075742594,0.0,0.09562167214915009,1.7561251314463737,0.5631097520399134,0.0,0.1464325082237251,0.08562167214915009,1,1
3630,1991-04-04,22.003968253968253,1,1,0,1,"gold,oil,silver",180.5389319538592,5.1959464440103655,0.0,0.02458868247571725,2.1323122129630803,0.7572069369343991,0.0,0.039883023713575876,0.014588682475717252,1,1
3631,1989-10-20,20.5,1,1,1,1,"gas,gold,oil,silver",140.393241908599,4.944447355879068,0.0,0.09041142840782249,2.02448606113748,0.7053158713774558,0.0,0.13861714261173372,0.08041142840782249,1,1
3632,1990-09-27,21.46825396825397,1,1,1,1,"gas,gold,oil,silver",200.75629803127114,5.302091724844209,0.0,0.048034779311691415,2.7518035126131757,1.0122565194891333,0.0,0.07505216896753712,0.03803477931169141,1,1
3633,1989-11-06,20.543650793650794,1,1,1,1,"gas,gold,oil,silver",145.66755080201875,4.981326975988137,0.0,0.08850100570266904,1.530344213241873,0.4254926860761248,0.0,0.13575150855400356,0.07850100570266905,1,1
3634,1989-08-03,20.27777777777778,1,1,1,1,"gas,gold,oil,silver",168.18338047905,5.125054934565746,0.0,0.10013721672496732,1.9385256508479853,0.6619277103590643,0.0,0.15320582508745098,0.09013721672496733,1,1
3635,1990-05-04,21.055555555555557,0,1,1,0,"gas,silver",,,,,2.124691348384522,0.7536265440078457,0.0,0.10214543642244059,0.0560969576149604,1,1
3636,1989-04-13,19.96031746031746,1,1,1,1,"gas,gold,oil,silver",192.48721466788504,5.260029734212424,0.0,0.11403120003517424,1.9121532331354532,0.6482299542712131,0.0,0.17404680005276132,0.10403120003517424,1,1
3637,1990-10-03,21.484126984126984,1,1,1,1,"gas,gold,oil,silver",192.61715543287008,5.2607045682574505,0.0,0.047340080146181074,2.6720595884160816,0.9828495564796572,0.0,0.0740101202192716,0.03734008014618107,1,1
3638,1989-03-07,19.853174603174605,0,1,0,1,"oil,silver",,,,,1.692795610929366,0.5263813698910091,0.0,0.18108062910355358,0.10872041940236908,1,1
3639,1990-06-05,21.142857142857142,1,1,1,1,"gas,gold,oil,silver",191.53774641519922,5.255084898414982,0.0,0.0622761122046535,2.333669016284217,0.8474417141615607,0.0,0.09641416830698024,0.052276112204653495,1,1
3640,1992-11-09,23.658730158730158,1,1,1,0,"gas,gold,silver",147.92545148120576,4.996708440653458,0.0,0.029808078717211348,1.558282354335964,0.44358415974232945,0.0,0.04771211807581702,0.019808078717211346,1,1
3641,1992-05-04,23.123015873015873,1,1,0,0,"gold,silver",178.44609264528643,5.184286553620719,0.0,0.09666034438779963,2.117942076300298,0.7504448985051005,0.0,0.14799051658169946,0.08666034438779964,1,1
3642,1992-11-02,23.63888888888889,1,0,1,0,"gas,gold",161.2162038762606,5.082746345344896,0.0,0.032284088556862774,,,,,0.02228408855686277,1,1
3643,1992-05-25,23.182539682539684,1,1,1,0,"gas,gold,silver",172.82001009709208,5.152250648838735,0.0,0.08923231486884538,2.0899700206743863,0.7371497216989061,0.0,0.13684847230326808,0.07923231486884538,1,1
3644,1992-05-18,23.16269841269841,1,1,1,1,"gas,gold,oil,silver",180.21034802500802,5.194124768747493,0.0,0.09170832470849681,1.90313907147733,0.6435046657685038,0.0,0.1405624870627452,0.08170832470849682,1,1
3645,1992-08-19,23.428571428571427,1,1,1,1,"gas,gold,oil,silver",141.79376388731052,4.954373634903245,0.0,0.0585297928571678,1.6000615660664879,0.4700421072970008,0.0,0.0907946892857517,0.0485297928571678,1,1
3646,1992-09-30,23.547619047619047,1,0,1,1,"gas,gold,oil",134.77534316467958,4.903609267538754,0.0,0.0436737338192593,,,,,0.0336737338192593,1,1
3647,1992-03-09,22.964285714285715,1,1,1,1,"gas,gold,oil,silver",221.2959323050673,5.399500865980108,0.0,0.11646842310501099,2.1222444358790487,0.7524742248297226,0.0,0.17770263465751648,0.10646842310501099,1,1
3648,1992-11-12,23.67063492063492,1,1,1,1,"gas,gold,oil,silver",160.0740644530241,5.075636610958764,0.0,0.0283224728134205,1.6347417147433136,0.491484819236167,0.0,0.04548370922013075,0.0183224728134205,1,1
3649,1992-03-11,22.97222222222222,1,1,1,1,"gas,gold,oil,silver",181.23605444413138,5.199800349776778,0.0,0.11547801916915042,2.5842410668048514,0.9494318736760581,0.0,0.17621702875372564,0.10547801916915042,1,1
3650,1992-11-20,23.694444444444443,1,0,1,1,"gas,gold,oil",159.75437236731653,5.07363746294454,0.0,0.025351261005838795,,,,,0.015351261005838796,1,1
3651,1992-05-22,23.178571428571427,0,1,1,1,"gas,oil,silver",,,,,1.9006833442763993,0.6422134763943962,0.0,0.13759127525516351,0.07972751683677567,1,1
3652,1992-07-09,23.313492063492063,1,1,0,1,"gold,oil,silver",145.82190148940333,4.982386024269971,0.0,0.07289064992714603,1.511946770857475,0.41339807267830775,0.0,0.11233597489071905,0.06289064992714603,1,1
3653,1992-09-21,23.51984126984127,1,1,0,1,"gold,oil,silver",143.6503432172078,4.9673821746825055,0.0,0.047140147594771274,1.3729177300770594,0.3169382051632274,0.0,0.07371022139215691,0.03714014759477127,1,1
3654,1992-07-30,23.373015873015873,1,1,1,0,"gas,gold,silver",162.4311124775603,5.09025398867393,0.0,0.06546262040819177,1.5842962091763697,0.4601402766524323,0.0,0.10119393061228767,0.05546262040819177,1,1
3655,1992-03-16,22.984126984126984,1,1,1,1,"gas,gold,oil,silver",189.7064302554478,5.245477773337738,0.0,0.11399241326535957,2.1651180665210616,0.7724748941573851,0.0,0.17398861989803935,0.10399241326535957,1,1
3656,1992-08-03,23.38095238095238,1,1,1,1,"gas,gold,oil,silver",146.138634720651,4.984555724049356,0.0,0.0644722164723312,1.5868103915892071,0.46172595840720687,0.0,0.09970832470849682,0.054472216472331206,1,1
3657,1992-06-30,23.285714285714285,1,1,1,1,"gas,gold,oil,silver",138.74206819930612,4.932616584861371,0.0,0.07635706370265802,1.4362970029852389,0.3620682758317537,0.0,0.11753559555398703,0.06635706370265802,1,1
3658,1992-03-23,23.003968253968253,1,1,1,1,"gas,gold,oil,silver",192.3417627608911,5.2592738040592835,0.0,0.11151640342570815,2.352811106120743,0.8556108286310461,0.0,0.17027460513856224,0.10151640342570815,1,1
3659,1992-03-10,22.96825396825397,1,1,1,1,"gas,gold,oil,silver",178.7754763230177,5.186130696302426,0.0,0.11597322113708071,2.0105742288881197,0.6984203672844955,0.0,0.17695983170562107,0.10597322113708071,1,1
3660,1992-06-26,23.27777777777778,1,0,0,1,"gold,oil",180.82560280983193,5.197533046394004,0.0,0.07734746763851857,,,,,0.06734746763851858,1,1
3661,1992-03-24,23.00793650793651,1,1,1,1,"gas,gold,oil,silver",244.01723260599636,5.497238848233755,0.0,0.11102120145777787,2.450358446827455,0.8962343186826608,0.0,0.1695318021866668,0.10102120145777788,1,1
3662,1992-04-06,23.043650793650794,1,0,0,1,"gold,oil",184.81997338296128,5.219382234443875,0.0,0.10656438374640533,,,,,0.09656438374640533,1,1
3663,1992-03-17,22.988095238095237,1,1,1,1,"gas,gold,oil,silver",189.10896768314532,5.242323397507431,0.0,0.11349721129742928,2.0995471829378376,0.7417216943060378,0.0,0.17324581694614394,0.10349721129742928,1,1
3664,1992-09-02,23.46825396825397,1,1,1,1,"gas,gold,oil,silver",138.6196206993594,4.9317336402240795,0.0,0.05357777317786497,1.4275721564375892,0.3559752086874256,0.0,0.08336665976679745,0.043577773177864966,1,1
3665,1992-11-27,23.714285714285715,1,0,1,1,"gas,gold,oil",156.89293358887386,5.055563621050279,0.0,0.022875251166187372,,,,,0.012875251166187372,1,1
3666,1992-07-22,23.349206349206348,1,1,0,0,"gold,silver",148.09307970510903,4.997840993005158,0.0,0.06843383221577348,1.67112797921359,0.5134988350788334,0.0,0.10565074832366023,0.05843383221577348,1,1
3667,1992-03-12,22.976190476190474,0,1,0,0,silver,,,,,2.1815096592040457,0.7800171413526303,0.0,0.17547422580183022,0.10498281720122014,1,1
3668,1992-04-22,23.091269841269842,1,1,1,1,"gas,gold,oil,silver",173.92334775077092,5.158614671984624,0.0,0.10062196013124192,1.7010792701207722,0.5312629143977069,0.0,0.15393294019686288,0.09062196013124192,1,1
3669,1992-07-10,23.317460317460316,1,1,1,0,"gas,gold,silver",148.71190961050476,5.002010941788912,0.0,0.07239544795921575,1.6499181364250537,0.5007256723938135,0.0,0.11159317193882362,0.06239544795921575,1,1
3670,1992-04-15,23.071428571428573,1,1,1,0,"gas,gold,silver",208.60174184808153,5.340426892714367,0.0,0.10309796997089334,1.7792995919476338,0.5762197991975377,0.0,0.15764695495634,0.09309796997089334,1,1
3671,1992-12-02,23.726190476190474,0,0,1,0,gas,,,,,,,,,0.011389645262396527,1,1
3672,1992-12-28,23.797619047619047,0,0,1,0,gas,,,,,,,,,0.002476009839651423,1,1
3673,1992-03-18,22.99206349206349,1,1,1,1,"gas,gold,oil,silver",135.96772249043593,4.9124175229385845,0.0,0.113002009329499,3.0166729328892936,1.1041545462424385,0.0,0.1725030139942485,0.103002009329499,1,1
3674,1992-12-31,23.80952380952381,1,1,1,1,"gas,gold,oil,silver",172.5151713061012,5.150485182204662,0.0,0.010990403935860565,1.9726638481103524,0.6793848365037265,0.0,0.019485605903790844,0.0009904039358605643,1,1
3675,1992-03-30,23.023809523809526,1,1,0,1,"gold,oil,silver",197.54190956705528,5.2859507621693895,0.0,0.10904039358605673,2.7310384614899705,1.0046819256915462,0.0,0.1665605903790851,0.09904039358605674,1,1
3676,1992-05-27,23.19047619047619,1,1,1,0,"gas,gold,silver",162.88691068500944,5.093056160538055,0.0,0.08824191093298482,2.058436913952231,0.7219469151476788,0.0,0.13536286639947723,0.07824191093298483,1,1
3677,1992-10-02,23.555555555555557,1,1,1,1,"gas,gold,oil,silver",131.57014397495809,4.879540123661241,0.0,0.04268332988339872,1.3750219808278967,0.3184697170474112,0.0,0.06702499482509808,0.03268332988339872,1,1
3678,1992-11-16,23.678571428571427,1,1,1,1,"gas,gold,oil,silver",158.5772972180875,5.066242154049667,0.0,0.02733206887755992,1.6903687988729,0.524946729312696,0.0,0.04399810331633988,0.017332068877559923,1,1
3679,1992-06-05,23.21825396825397,1,1,0,1,"gold,oil,silver",181.52584652411392,5.2013980486578,0.0,0.08477549715747283,1.9639927927254117,0.6749795402337952,0.0,0.13016324573620924,0.07477549715747284,1,1
3680,1992-04-07,23.047619047619047,1,1,1,1,"gas,gold,oil,silver",167.24392447667924,5.1194533723496045,0.0,0.10606918177847502,2.653482900383695,0.9758730790908242,0.0,0.16210377266771253,0.09606918177847502,1,1
3681,1992-11-06,23.654761904761905,1,1,0,0,"gold,silver",157.8326603401707,5.0615353600007005,0.0,0.030303280685141633,1.6164586907693355,0.4802377631208721,0.0,0.04845492102771244,0.02030328068514163,1,1
3682,1992-08-05,23.38888888888889,1,1,1,1,"gas,gold,oil,silver",157.386012338609,5.058701465062411,0.0,0.06348181253647064,1.8589951715105621,0.6200361113774412,0.0,0.09822271880470597,0.05348181253647064,1,1
3683,1992-09-01,23.464285714285715,1,1,1,1,"gas,gold,oil,silver",148.0054145388446,4.9972488578168335,0.0,0.054072975145795246,1.469264179114823,0.3847617170441639,0.0,0.08410946271869288,0.044072975145795244,1,1
3684,1992-06-09,23.226190476190474,1,1,0,1,"gold,oil,silver",176.45240655654106,5.173051188773192,0.0,0.08378509322161226,1.7144079213945227,0.5390677856719935,0.0,0.12867763983241842,0.07378509322161227,1,1
3685,1992-05-05,23.126984126984127,0,1,0,0,silver,,,,,1.8809214345083514,0.6317617815084449,0.0,0.14724771362980404,0.08616514241986936,1,1
3686,1992-11-04,23.646825396825395,1,1,1,1,"gas,gold,oil,silver",152.5017893638812,5.027176329512276,0.0,0.031293684621002196,1.6150935936924775,0.47939290774618415,0.0,0.04994052693150329,0.021293684621002194,1,1
3687,1992-06-04,23.214285714285715,0,1,1,0,"gas,silver",,,,,2.2447181413822928,0.808579963816582,0.0,0.13090604868810468,0.07527069912540311,1,1
3688,1992-04-16,23.075396825396826,1,1,1,0,"gas,gold,silver",181.37896385338638,5.2005885654294275,0.0,0.10260276800296304,1.7720376860928058,0.5721301195034683,0.0,0.15690415200444455,0.09260276800296305,1,1
3689,1992-10-15,23.591269841269842,1,1,1,1,"gas,gold,oil,silver",143.44064989823588,4.9659213600885925,0.0,0.03822651217202617,1.5586503939779657,0.4438203147533166,0.0,0.06033976825803926,0.02822651217202617,1,1
3690,1992-03-27,23.01984126984127,1,1,1,1,"gas,gold,oil,silver",177.11769304815968,5.176814444079657,0.0,0.10953559555398701,1.687207816374159,0.5230749829207241,0.0,0.16730339333098052,0.09953559555398701,1,1
3691,1992-12-03,23.73015873015873,1,1,1,1,"gas,gold,oil,silver",155.61903279596058,5.047410923004071,0.0,0.02089444329446624,1.734136222546523,0.5505094349881086,0.0,0.034341664941699365,0.010894443294466243,1,1
3692,1992-05-26,23.186507936507937,1,1,1,1,"gas,gold,oil,silver",166.01280780383303,5.112064940824992,0.0,0.0887371129009151,2.0603771050559088,0.7228890267546749,0.0,0.13610566935137267,0.0787371129009151,1,1
3693,1992-10-09,23.575396825396826,1,1,1,1,"gas,gold,oil,silver",145.05322536581363,4.9771007465546875,0.0,0.04020732004374731,1.4086108800678718,0.3426040273287846,0.0,0.06331098006562097,0.030207320043747307,1,1
3694,1992-09-23,23.52777777777778,1,1,0,1,"gold,oil,silver",147.60772957414434,4.994558279183708,0.0,0.04614974365891071,1.5929538220346589,0.4655900424566882,0.0,0.07222461548836606,0.03614974365891071,1,1
3695,1992-11-05,23.650793650793652,1,1,1,1,"gas,gold,oil,silver",160.41929083770285,5.077790955268883,0.0,0.03079848265307191,1.6294702235956702,0.4882549457904836,0.0,0.049197723979607866,0.020798482653071913,1,1
3696,1992-09-04,23.476190476190474,1,1,0,1,"gold,oil,silver",152.57057701799826,5.027627289106543,0.0,0.052587369242004404,1.5429974051852688,0.4337268917109571,0.0,0.0818810538630066,0.0425873692420044,1,1
3697,1992-12-08,23.74206349206349,1,1,1,1,"gas,gold,oil,silver",161.77900061948822,5.0862312101661535,0.0,0.019408837390675386,1.735468768706491,0.5512775605982837,0.0,0.03211325608601308,0.009408837390675386,1,1
3698,1992-05-01,23.11904761904762,1,1,1,0,"gas,gold,silver",181.29899085707638,5.200147551595708,0.0,0.09715554635572993,1.9531494286252102,0.6694431613205193,0.0,0.1487333195335949,0.08715554635572993,1,1
3699,1992-08-17,23.42063492063492,1,1,1,1,"gas,gold,oil,silver",145.67642784653495,4.9813879145704965,0.0,0.059520196793028377,1.7354234573539282,0.5512514512583134,0.0,0.09228029518954256,0.049520196793028375,1,1
3700,1992-04-30,23.115079365079364,1,1,1,1,"gas,gold,oil,silver",170.43927275675227,5.138379061764783,0.0,0.0976507483236602,2.0585090247055784,0.7219819463355687,0.0,0.1494761224854903,0.08765074832366021,1,1
3701,1992-04-17,23.07936507936508,1,1,1,0,"gas,gold,silver",160.55672226953646,5.078647289914588,0.0,0.10210756603503275,2.271981565541003,0.820652387067627,0.0,0.15616134905254914,0.09210756603503276,1,1
3702,1992-11-24,23.702380952380953,1,1,0,1,"gold,oil,silver",161.56740218500252,5.084922406586738,0.0,0.02436085706997823,1.652661422947685,0.5023869720562442,0.0,0.03954128560496735,0.014360857069978231,1,1
3703,1992-06-18,23.253968253968253,1,1,1,1,"gas,gold,oil,silver",175.9639245801073,5.170279000051452,0.0,0.08031867944610029,1.3151862916523631,0.27397832225174423,0.0,0.12347801916915044,0.07031867944610029,1,1
3704,1992-04-24,23.099206349206348,1,1,1,1,"gas,gold,oil,silver",155.14231567080634,5.0443428612811365,0.0,0.09963155619538135,2.123714551993409,0.7531667026314657,0.0,0.15244733429307203,0.08963155619538135,1,1
3705,1992-06-25,23.273809523809526,1,1,0,1,"gold,oil,silver",149.4020379353253,5.006640913404379,0.0,0.07784266960644885,1.741369905083327,0.5546721052389967,0.0,0.1197640044096733,0.06784266960644886,1,1
3706,1992-08-07,23.396825396825395,1,1,1,1,"gas,gold,oil,silver",143.63136079933145,4.967250022737995,0.0,0.06249140860061007,1.690576618975177,0.5250696654011887,0.0,0.0967371129009151,0.052491408600610065,1,1
3707,1992-11-11,23.666666666666668,1,1,1,1,"gas,gold,oil,silver",158.14000342471113,5.063480738298979,0.0,0.028817674781350784,1.7189665704508432,0.5417232791207734,0.0,0.046226512172026175,0.018817674781350782,1,1
3708,1992-08-14,23.416666666666668,1,1,0,0,"gold,silver",152.25911220680084,5.0255837550900235,0.0,0.060015398760958655,1.6735633866868598,0.5149551176695133,0.0,0.09302309814143798,0.05001539876095865,1,1
3709,1992-03-31,23.02777777777778,1,1,1,1,"gas,gold,oil,silver",172.74924052007654,5.1518410662275596,0.0,0.10854519161812645,1.79899067312225,0.5872257704759405,0.0,0.16581778742718967,0.09854519161812646,1,1
3710,1992-09-22,23.523809523809526,1,1,1,1,"gas,gold,oil,silver",148.39645499118745,4.999887442248407,0.0,0.04664494562684099,1.4925785869838148,0.4005052194939364,0.0,0.07296741844026149,0.03664494562684099,1,1
3711,1992-03-20,23.0,1,1,0,1,"gold,oil,silver",217.1592066599871,5.380630755779459,0.0,0.11201160539363844,2.2340913078776765,0.8038345717355331,0.0,0.17101740809045765,0.10201160539363845,1,1
3712,1996-03-01,27.08730158730159,1,1,1,0,"gas,gold,silver",280.13237273098576,5.635262251207086,0.0,0.049983951844431475,3.1533282099874045,1.1484584696546336,0.0,0.07797592776664722,0.03998395184443147,1,1
3713,1996-04-03,27.178571428571427,1,1,1,1,"gas,gold,oil,silver",269.17502201183396,5.595361807476957,0.0,0.023708783489519367,3.4299610556731297,1.2325489070822335,0.0,0.03856317523427905,0.013708783489519368,1,1
3714,1996-02-23,27.067460317460316,1,1,1,1,"gas,gold,oil,silver",261.3032611908082,5.565681653087062,0.0,0.05569594496506455,3.1855422566596037,1.1586225278010052,0.0,0.08654391744759683,0.04569594496506455,1,1
3715,1996-03-26,27.154761904761905,1,0,1,1,"gas,gold,oil",257.32356484640314,5.550334300194712,0.0,0.030563175234279046,,,,,0.020563175234279044,1,1
3716,1996-04-16,27.214285714285715,1,1,1,1,"gas,gold,oil,silver",264.52658416918985,5.5779417535037545,0.0,0.013427195872379845,3.259673107208785,1.1816269164885205,0.0,0.023140793808569766,0.003427195872379845,1,1
3717,1995-12-12,26.857142857142858,1,1,1,1,"gas,gold,oil,silver",249.06673324982992,5.517720865577175,0.0,0.11624307204377508,2.593109153021871,0.9528576009354408,0.0,0.17736460806566262,0.10624307204377509,1,1
3718,1996-03-14,27.123015873015873,1,1,1,1,"gas,gold,oil,silver",255.73836981065213,5.544154928961564,0.0,0.03970236422729195,3.302520625676141,1.1946860028683124,0.0,0.06255354634093793,0.029702364227291955,1,1
3719,1996-04-15,27.21031746031746,0,0,1,0,gas,,,,,,,,,0.00456959449650646,1,1
3720,1996-01-05,26.928571428571427,1,1,1,1,"gas,gold,oil,silver",263.7430426499337,5.574975305863905,0.0,0.09567989680949603,2.7607376156370957,1.015497896066019,0.0,0.14651984521424405,0.08567989680949603,1,1
3721,1996-03-06,27.099206349206348,1,1,1,0,"gas,gold,silver",269.6186010493329,5.597008371648214,0.0,0.046556755972051646,3.2074440299373776,1.1654743676086803,0.0,0.07283513395807746,0.036556755972051644,1,1
3722,1996-02-14,27.03968253968254,1,1,1,1,"gas,gold,oil,silver",254.8968619483762,5.540859000393682,0.0,0.06369273533395084,3.4152580229428726,1.2282530459351408,0.0,0.09853910300092628,0.053692735333950845,1,1
3723,1996-02-12,27.03174603174603,1,1,1,1,"gas,gold,oil,silver",272.61506659794384,5.608060787720223,0.0,0.06597753258220407,2.960821657765211,1.0854668168986445,0.0,0.10196629887330612,0.05597753258220407,1,1
3724,1995-12-25,26.892857142857142,1,1,1,0,"gas,gold,silver",291.5878710419007,5.675341404762914,0.0,0.10596148442663555,2.385925651502822,0.8695871628812721,0.0,0.16194222663995333,0.09596148442663556,1,1
3725,1996-03-08,27.107142857142858,1,0,1,0,"gas,gold",249.05628529957212,5.517678916300108,0.0,0.04427195872379842,,,,,0.034271958723798415,1,1
3726,1996-04-11,27.202380952380953,1,1,1,0,"gas,gold,silver",272.55226027710415,5.607830376549115,0.0,0.016854391744759677,3.419649063166432,1.229537932700198,0.0,0.028281587617139517,0.006854391744759678,1,1
3727,1996-01-23,26.976190476190474,1,1,1,1,"gas,gold,oil,silver",254.00269860152676,5.537344891377558,0.0,0.08197111331997665,2.9128445338968993,1.069130106795752,0.0,0.125956669979965,0.07197111331997666,1,1
3728,1996-01-18,26.964285714285715,1,1,1,1,"gas,gold,oil,silver",264.7451258570767,5.578767573951615,0.0,0.08539830919235651,3.021273771311115,1.1056785210430355,0.0,0.1310974637885348,0.07539830919235652,1,1
3729,1996-01-12,26.9484126984127,1,1,0,1,"gold,oil,silver",254.5675744398494,5.539566319174497,0.0,0.08996790368886295,2.801826784330116,1.0302716274208545,0.0,0.13795185553329445,0.07996790368886296,1,1
3730,1996-03-13,27.11904761904762,1,1,0,1,"gold,oil,silver",254.01458760082343,5.537391696868716,0.0,0.04084476285141857,2.926493453884602,1.0738049329055646,0.0,0.06426714427712786,0.03084476285141857,1,1
3731,1996-04-18,27.22222222222222,1,1,1,1,"gas,gold,oil,silver",260.3393858802972,5.561986110121409,0.0,0.011142398624126615,3.256292298386566,1.1805892163427545,0.0,0.01971359793618992,0.001142398624126615,1,1
3732,1996-03-04,27.091269841269842,1,1,1,1,"gas,gold,oil,silver",234.4182874939862,5.457107072978641,0.0,0.048841553220304874,3.209400503963238,1.1660841608103543,0.0,0.07626232983045732,0.03884155322030487,1,1
3733,1995-12-08,26.849206349206348,1,0,0,0,gold,285.102135076972,5.652847484761058,0.0,0.1185278692920283,,,,,0.1085278692920283,1,1
3734,1995-12-13,26.86111111111111,1,1,1,0,"gas,gold,silver",252.51092409029073,5.53145451150349,0.0,0.11510067341964847,2.448189975284924,0.8953489659220804,0.0,0.1756510101294727,0.10510067341964847,1,1
3735,1996-03-21,27.142857142857142,1,1,0,1,"gold,oil,silver",253.51606173029543,5.5354271809069076,0.0,0.03399037110665889,3.5270568288915207,1.2604637636536022,0.0,0.05398555665998833,0.02399037110665889,1,1
3736,1995-12-29,26.908730158730158,1,1,0,1,"gold,oil,silver",263.9519516753818,5.575767085352468,0.0,0.1013918899301291,2.5392779773364462,0.9318797797294971,0.0,0.15508783489519365,0.0913918899301291,1,1
3737,1996-01-19,26.96825396825397,1,1,1,1,"gas,gold,oil,silver",267.51918414130705,5.589191280180663,0.0,0.08425591056822988,3.2140766593103165,1.1675401187142331,0.0,0.12938386585234485,0.07425591056822989,1,1
3738,1996-03-19,27.134920634920636,1,1,1,1,"gas,gold,oil,silver",257.4452447889591,5.550807055896086,0.0,0.03627516835491212,3.2488704101694506,1.1783073698248419,0.0,0.05741275253236819,0.02627516835491212,1,1
3739,1996-02-13,27.035714285714285,1,0,0,1,"gold,oil",281.5231196456938,5.640214574387331,0.0,0.06483513395807745,,,,,0.05483513395807746,1,1
3740,1995-12-18,26.873015873015873,1,1,1,1,"gas,gold,oil,silver",231.83227697785534,5.446014166155267,0.0,0.11167347754726861,3.1528628474145104,1.1483108805411726,0.0,0.17051021632090294,0.10167347754726862,1,1
3741,1996-02-08,27.023809523809526,1,1,1,1,"gas,gold,oil,silver",231.90958181556562,5.446347562146854,0.0,0.0682623298304573,2.9659538697395895,1.087198690573749,0.0,0.10539349474568596,0.0582623298304573,1,1
3742,1995-12-21,26.884920634920636,1,0,1,1,"gas,gold,oil",231.01552466372277,5.442484914600011,0.0,0.10824628167488877,,,,,0.09824628167488877,1,1
3743,1996-03-20,27.13888888888889,1,1,1,1,"gas,gold,oil,silver",254.89753883379402,5.540861655916837,0.0,0.0351327697307855,3.307789008276084,1.196279992864901,0.0,0.05569915459617826,0.025132769730785504,1,1
3744,1996-01-10,26.94047619047619,1,1,0,0,"gold,silver",263.10969529136645,5.572571037581534,0.0,0.09225270093711617,2.8071033441227704,1.0321531132758726,0.0,0.14137905140567428,0.08225270093711617,1,1
3745,1998-09-25,29.746031746031747,1,1,1,1,"gas,gold,oil,silver",239.35055735244623,5.477929244444314,0.0,0.08542004733302665,3.145188951840283,1.14587396842407,0.0,0.13113007099954,0.07542004733302665,1,1
3746,1999-02-09,30.13095238095238,1,1,0,0,"gold,silver",303.7525457522545,5.716213375697018,0.0,0.05074827201879167,3.9551018438519243,1.375006351545957,0.0,0.0791224080281875,0.040748272018791665,1,1
3747,1999-07-02,30.53968253968254,1,1,1,1,"gas,gold,oil,silver",310.6921388272269,5.738802514589461,0.0,0.013931850808830772,3.9543190269156954,1.3748084060954429,0.0,0.02389777621324616,0.003931850808830773,1,1
3748,1999-07-06,30.547619047619047,1,1,0,0,"gold,silver",304.6650465711706,5.719212965171805,0.0,0.013216968843588812,3.952756878805251,1.374413279464715,0.0,0.022825453265383218,0.0032169688435888123,1,1
3749,1999-03-05,30.202380952380953,1,1,1,0,"gas,gold,silver",287.0253149494762,5.659570417268625,0.0,0.044314334331614025,3.4888016306047467,1.2495583049290055,0.0,0.06947150149742104,0.03431433433161402,1,1
3750,1999-06-21,30.503968253968253,1,1,1,1,"gas,gold,oil,silver",297.2256151946146,5.694491497536779,0.0,0.017148819652419586,3.6405520257213446,1.2921353255680808,0.0,0.028723229478629375,0.007148819652419585,1,1
3751,1999-03-31,30.273809523809526,1,1,0,1,"gold,oil,silver",290.82332018279726,5.672715935644877,0.0,0.037880396644436404,3.4525007573232993,1.239098825656333,0.0,0.05982059496665461,0.027880396644436402,1,1
3752,1998-07-22,29.55952380952381,1,1,1,1,"gas,gold,oil,silver",278.4324200468157,5.6291753729979215,0.0,0.1022197735162127,2.889653293748343,1.0611365273665303,0.0,0.15632966027431905,0.0922197735162127,1,1
3753,1999-02-10,30.134920634920636,1,1,0,1,"gold,oil,silver",295.30494133118106,5.688008521868195,0.0,0.05039083103617068,4.083960573762885,1.407067246426948,0.0,0.07858624655425603,0.04039083103617068,1,1
3754,1998-08-03,29.591269841269842,1,0,1,1,"gas,gold,oil",277.23429622002953,5.624862983400078,0.0,0.09936024565524486,,,,,0.08936024565524486,1,1
3755,1998-08-14,29.626984126984127,1,1,1,1,"gas,gold,oil,silver",276.6883927203506,5.622891936944261,0.0,0.09614327681165605,3.271021096420661,1.185102198067904,0.0,0.14721491521748406,0.08614327681165605,1,1
3756,1998-09-03,29.682539682539684,0,1,1,0,"gas,silver",,,,,2.345002058450911,0.8522862797020837,0.0,0.1397086545824435,0.08113910305496233,1,1
3757,1999-03-04,30.1984126984127,1,1,1,1,"gas,gold,oil,silver",259.04360403577215,5.556996402879838,0.0,0.04467177531423501,3.5325316566911544,1.262014797090858,0.0,0.07000766297135251,0.03467177531423501,1,1
3758,1998-10-02,29.765873015873016,1,1,1,1,"gas,gold,oil,silver",315.59321339303733,5.754454084916166,0.0,0.08363284241992176,3.420150932753989,1.2296846824849161,0.0,0.12844926362988265,0.07363284241992177,1,1
3759,1998-11-26,29.92063492063492,0,0,1,1,"gas,oil",,,,,,,,,0.059692644097703564,1,1
3760,1999-06-15,30.488095238095237,1,1,0,0,"gold,silver",298.9377360589272,5.700235311100006,0.0,0.018578583582903506,3.9858748272947113,1.3827568182103886,0.0,0.030867875374355258,0.008578583582903506,1,1
3761,1998-12-24,30.0,1,0,1,0,"gas,gold",274.8066078285876,5.616067606014654,0.0,0.06254382444528397,,,,,0.05254382444528398,1,1
3762,1998-09-23,29.738095238095237,1,1,1,1,"gas,gold,oil,silver",272.6071085768661,5.608031595873521,0.0,0.08613492929826862,3.185105002458161,1.1584852562854606,0.0,0.13220239394740294,0.07613492929826862,1,1
3763,1998-11-13,29.884920634920636,1,1,1,1,"gas,gold,oil,silver",281.9477747882122,5.641721858000775,0.0,0.07290961294129239,2.786148752401304,1.0246602667539852,0.0,0.11236441941193859,0.0629096129412924,1,1
3764,1998-10-14,29.797619047619047,0,1,1,0,"gas,silver",,,,,2.827677065694135,1.0394555497509148,0.0,0.12415997183843092,0.07077331455895393,1,1
3765,1998-08-04,29.595238095238095,1,1,1,1,"gas,gold,oil,silver",261.3553882969305,5.565881122114682,0.0,0.09900280467262389,2.66648988065066,0.9807629560581292,0.0,0.15150420700893583,0.08900280467262389,1,1
3766,1999-04-12,30.305555555555557,1,1,1,1,"gas,gold,oil,silver",290.66179460642496,5.672160373425248,0.0,0.03502086878346856,3.6953152405137533,1.3070658661909846,0.0,0.05553130317520284,0.02502086878346856,1,1
3767,1998-08-12,29.61904761904762,1,0,0,0,gold,281.7744298499328,5.641106856702913,0.0,0.096858158776898,,,,,0.08685815877689801,1,1
3768,1998-12-29,30.011904761904763,1,1,0,1,"gold,oil,silver",285.80364115766525,5.6553050056443706,0.0,0.06147150149742104,3.7182352399279393,1.3132491578539518,0.0,0.09520725224613157,0.05147150149742104,1,1
3769,1998-08-27,29.66269841269841,0,1,1,1,"gas,oil,silver",,,,,2.7291232641977032,1.0039804089720687,0.0,0.14238946195210087,0.08292630796806723,1,1
3770,1998-08-11,29.615079365079364,1,1,1,1,"gas,gold,oil,silver",306.62202721766033,5.7256158073589205,0.0,0.09721559975951898,2.6898266964166426,0.9894767664144357,0.0,0.1488233996392785,0.08721559975951898,1,1
3771,1998-11-16,29.88888888888889,1,1,0,1,"gold,oil,silver",286.974233617977,5.65939243339473,0.0,0.0725521719586714,3.0601070857064885,1.118449910680885,0.0,0.11182825793800712,0.06255217195867141,1,1
3772,1998-12-11,29.964285714285715,1,1,1,1,"gas,gold,oil,silver",291.78250762401234,5.67600868783539,0.0,0.06576079328887278,3.923924043474332,1.3670921846030097,0.0,0.1016411899333092,0.05576079328887279,1,1
3773,1998-08-06,29.603174603174605,1,1,1,0,"gas,gold,silver",288.5436200096018,5.6648462703930464,0.0,0.09828792270738192,3.0379067130129895,1.111168696991452,0.0,0.15043188406107288,0.08828792270738192,1,1
3774,1999-05-04,30.36904761904762,1,1,1,1,"gas,gold,oil,silver",296.1707700864017,5.690936213933829,0.0,0.029301813061532893,3.6468306047896757,1.2938584629248526,0.0,0.046952719592299345,0.019301813061532894,1,1
3775,1999-05-07,30.38095238095238,1,1,1,0,"gas,gold,silver",295.0215690269046,5.6870484690124625,0.0,0.02822949011366995,3.837938077346373,1.3449352633611296,0.0,0.04534423517050493,0.018229490113669953,1,1
3776,1998-07-13,29.53174603174603,1,1,1,0,"gas,gold,silver",279.5220559847554,5.633081201770671,0.0,0.10472186039455955,3.051664609088755,1.1156872152108694,0.0,0.16008279059183933,0.09472186039455956,1,1
3777,1998-12-28,30.00793650793651,1,1,1,1,"gas,gold,oil,silver",306.19389693673605,5.724218551400962,0.0,0.061828942480042025,3.1266631101189883,1.1399663368607802,0.0,0.09574341372006304,0.05182894248004202,1,1
3778,1998-11-05,29.86111111111111,1,1,1,1,"gas,gold,oil,silver",242.4685505395513,5.490872013470562,0.0,0.07505425883701826,2.925094439467013,1.0733267671598754,0.0,0.1155813882555274,0.06505425883701826,1,1
3779,1998-08-28,29.666666666666668,1,0,0,1,"gold,oil",308.95580646533057,5.733198245521448,0.0,0.09256886698544625,,,,,0.08256886698544626,1,1
3780,1998-09-08,29.694444444444443,1,1,1,1,"gas,gold,oil,silver",276.2613984314204,5.6213475132709485,0.0,0.0900667801070994,2.1823117879659417,0.7803847681130929,0.0,0.1381001701606491,0.0800667801070994,1,1
3781,1999-01-28,30.099206349206348,1,1,1,0,"gas,gold,silver",285.53479529185734,5.654363896597616,0.0,0.05360779987975949,4.340719723394554,1.468040169246767,0.0,0.08341169981963925,0.04360779987975949,1,1
3782,1999-03-24,30.253968253968253,1,0,0,1,"gold,oil",271.6943001995139,5.604677537925593,0.0,0.039667601557541295,,,,,0.029667601557541293,1,1
3783,1998-10-12,29.78968253968254,1,1,0,1,"gold,oil,silver",265.5427207720242,5.5817757346004875,0.0,0.0814881965241959,2.700914513102291,0.9935904242178937,0.0,0.12523229478629386,0.0714881965241959,1,1
3784,1998-08-13,29.623015873015873,1,1,0,1,"gold,oil,silver",236.81327318423604,5.467271953737273,0.0,0.09650071779427702,3.650330141701898,1.2948176132854072,0.0,0.14775107669141554,0.08650071779427702,1,1
3785,1999-07-08,30.555555555555557,0,1,1,0,"gas,silver",,,,,3.899247115302911,1.3607834871413331,0.0,0.021753130317520276,0.0025020868783468516,1,1
3786,1998-11-18,29.896825396825395,1,1,1,1,"gas,gold,oil,silver",290.80595988018086,5.672656240223011,0.0,0.07183728999342945,3.3437821254363045,1.207102539223146,0.0,0.11075593499014419,0.061837289993429446,1,1
3787,1998-07-15,29.53968253968254,1,1,0,1,"gold,oil,silver",275.23237422333,5.617615738033191,0.0,0.10400697842931758,3.4002042734498774,1.2238355102437937,0.0,0.1590104676439764,0.09400697842931759,1,1
3788,1998-11-09,29.86904761904762,1,1,1,0,"gas,gold,silver",284.231475543197,5.649788960914041,0.0,0.07433937687177629,3.42876971178102,1.2322015122231893,0.0,0.11450906530766446,0.0643393768717763,1,1
3789,1998-10-28,29.83730158730159,1,1,1,0,"gas,gold,silver",248.84833858831206,5.516843628924278,0.0,0.07719890473274413,2.9850554826655276,1.093618333829457,0.0,0.11879835709911621,0.06719890473274413,1,1
3790,1999-01-15,30.063492063492063,1,1,1,0,"gas,gold,silver",273.35460877078015,5.6107698855273185,0.0,0.05682476872334831,3.3630707344989084,1.2128544656915354,0.0,0.08823715308502247,0.04682476872334831,1,1
3791,1999-05-28,30.44047619047619,1,0,1,0,"gas,gold",308.99562893699186,5.7333271309627145,0.0,0.022867875374355258,,,,,0.01286787537435526,1,1
3792,1998-10-07,29.77777777777778,1,1,1,1,"gas,gold,oil,silver",267.59334757302696,5.589468468352494,0.0,0.08256051947205882,2.4736904404379727,0.905711141015372,0.0,0.12684077920808826,0.07256051947205883,1,1
3793,1998-07-28,29.575396825396826,1,1,0,1,"gold,oil,silver",269.41620825746446,5.596257426448071,0.0,0.10079000958572877,2.695690573431787,0.9916544139972426,0.0,0.15418501437859317,0.09079000958572878,1,1
3794,1998-07-16,29.543650793650794,1,1,1,1,"gas,gold,oil,silver",281.32013324012246,5.639493285064483,0.0,0.10364953744669661,2.655194404435392,0.9765178740228655,0.0,0.15847430617004493,0.09364953744669662,1,1
3795,1998-08-07,29.607142857142858,1,1,0,0,"gold,silver",267.1699464133473,5.5878849593386395,0.0,0.09793048172476095,3.605678141518824,1.2825098644245,0.0,0.14989572258714143,0.08793048172476095,1,1
3796,1998-09-24,29.74206349206349,1,1,1,1,"gas,gold,oil,silver",259.4852218354023,5.558699752373143,0.0,0.08577748831564763,2.236835901616021,0.8050623233648943,0.0,0.13166623247347145,0.07577748831564764,1,1
3797,1999-04-26,30.345238095238095,1,1,0,1,"gold,oil,silver",292.2469590193338,5.6775991948894315,0.0,0.03144645895725877,3.326988427817879,1.2020675187669538,0.0,0.05016968843588815,0.021446458957258767,1,1
3798,1998-11-03,29.853174603174605,1,1,1,1,"gas,gold,oil,silver",262.7187838137694,5.571084197042666,0.0,0.07576914080226022,2.8586169652375855,1.0503379292816706,0.0,0.11665371120339034,0.06576914080226022,1,1
3799,1998-12-25,30.003968253968253,1,1,0,1,"gold,oil,silver",288.895841354187,5.666066212609799,0.0,0.062186383462663,3.9214042109133844,1.3664498067276956,0.0,0.09627957519399451,0.052186383462663,1,1
3800,1999-01-20,30.075396825396826,1,1,1,0,"gas,gold,silver",315.22251096576514,5.753278773472172,0.0,0.05575244577548537,3.7003833160157833,1.3084364132073656,0.0,0.08662866866322806,0.045752445775485366,1,1
3801,1998-10-21,29.817460317460316,1,1,1,1,"gas,gold,oil,silver",269.5286793008693,5.59667480138801,0.0,0.07898610964584903,2.7282032451977547,1.0036432405775884,0.0,0.12147916446877356,0.06898610964584903,1,1
3802,1998-11-19,29.900793650793652,1,1,1,1,"gas,gold,oil,silver",308.18814393377806,5.730710453404277,0.0,0.07147984901080846,3.1846459251004515,1.1583411133311363,0.0,0.11021977351621272,0.06147984901080847,1,1
3803,1999-03-10,30.214285714285715,1,1,1,1,"gas,gold,oil,silver",270.7733691986096,5.601282194985945,0.0,0.04324201138375109,3.635336816061839,1.2907017658570799,0.0,0.06786301707562663,0.03324201138375109,1,1
3804,1998-10-01,29.761904761904763,1,1,1,1,"gas,gold,oil,silver",275.2018191232654,5.617504716223626,0.0,0.08399028340254275,2.7538646813067773,1.0130052637713158,0.0,0.12898542510381414,0.07399028340254275,1,1
3805,1998-07-27,29.571428571428573,0,1,1,1,"gas,oil,silver",,,,,3.107845168842084,1.1339296142896178,0.0,0.15472117585252465,0.09114745056834976,1,1
3806,1998-08-19,29.63888888888889,1,1,1,1,"gas,gold,oil,silver",333.75761841807696,5.8104150361747635,0.0,0.0950709538637931,3.222180083733414,1.1700581751027,0.0,0.14560643079568966,0.08507095386379311,1,1
3807,1999-02-17,30.154761904761905,1,1,1,1,"gas,gold,oil,silver",280.50594154002664,5.636594906699296,0.0,0.048603626123065784,3.790711877768375,1.332553832002132,0.0,0.07590543918459867,0.03860362612306578,1,1
3808,1999-03-18,30.238095238095237,1,1,0,0,"gold,silver",289.3302713507415,5.667568843047099,0.0,0.041097365488025214,3.512016898187352,1.2561904873180578,0.0,0.06464604823203782,0.031097365488025212,1,1
3809,1999-03-30,30.26984126984127,1,1,1,1,"gas,gold,oil,silver",270.3672500171009,5.599781220032915,0.0,0.03823783762705737,3.5743779476635544,1.2737911603525498,0.0,0.060356756440586065,0.02823783762705737,1,1
3810,1999-04-01,30.27777777777778,1,1,1,1,"gas,gold,oil,silver",288.6510370495839,5.665218474258444,0.0,0.03752295566181542,3.5365983594905717,1.2631653497723685,0.0,0.05928443349272314,0.02752295566181542,1,1
3811,1999-01-21,30.07936507936508,1,1,0,0,"gold,silver",300.73579095778575,5.706232108378045,0.0,0.0553950047928644,3.6129136631433276,1.2845145557115178,0.0,0.0860925071892966,0.045395004792864395,1,1
3812,1999-06-04,30.46031746031746,1,1,1,1,"gas,gold,oil,silver",305.2177498572156,5.72102545583588,0.0,0.02108067046125036,3.7099902700540857,1.3110292539889736,0.0,0.03462100569187554,0.011080670461250358,1,1
3813,1998-07-29,29.57936507936508,1,1,1,1,"gas,gold,oil,silver",318.3724955280214,5.763222066847075,0.0,0.1004325686031078,2.771144383985722,1.019260369895371,0.0,0.1536488529046617,0.0904325686031078,1,1
3814,1998-09-18,29.726190476190474,1,1,1,1,"gas,gold,oil,silver",284.0658158893357,5.649205957401439,0.0,0.08720725224613156,3.0659410625449195,1.120354557350613,0.0,0.13381087836919733,0.07720725224613156,1,1
3815,1999-04-20,30.32936507936508,1,1,0,0,"gold,silver",289.78778473124885,5.669148878312395,0.0,0.03287622288774269,3.623775246210714,1.2875163681037511,0.0,0.05231433433161403,0.022876222887742687,1,1
3816,1999-05-13,30.396825396825395,1,0,1,1,"gas,gold,oil",301.8710504908069,5.709999941060984,0.0,0.02679972618318603,,,,,0.016799726183186033,1,1
3817,1999-04-21,30.333333333333332,1,0,1,1,"gas,gold,oil",282.9022251582341,5.645101343805871,0.0,0.03251878190512171,,,,,0.02251878190512171,1,1
3818,1999-01-11,30.047619047619047,1,1,1,0,"gas,gold,silver",291.0808802153269,5.673601167437921,0.0,0.05825453265383223,3.3793639881671567,1.2176875226075712,0.0,0.09038179898074834,0.04825453265383223,1,1
3819,1998-08-31,29.67063492063492,1,1,1,1,"gas,gold,oil,silver",329.03256425343955,5.796156725360962,0.0,0.09221142600282527,2.494612449716815,0.9141333863635842,0.0,0.14131713900423792,0.08221142600282527,1,1
3820,1999-03-23,30.25,1,1,1,1,"gas,gold,oil,silver",284.32609682218134,5.650121807698454,0.0,0.04002504254016227,3.4705919109301413,1.2443251589305087,0.0,0.06303756381024342,0.030025042540162274,1,1
3821,1999-01-22,30.083333333333332,1,1,1,0,"gas,gold,silver",252.3115238142676,5.53066452965058,0.0,0.05503756381024342,3.931875437577304,1.36911652263188,0.0,0.08555634571536513,0.04503756381024342,1,1
3822,1998-08-26,29.658730158730158,1,1,1,1,"gas,gold,oil,silver",209.81381627669484,5.346220548306252,0.0,0.09328374895068821,2.870876255780068,1.054617298775017,0.0,0.14292562342603232,0.08328374895068821,1,1
3823,1999-01-05,30.03174603174603,1,1,0,1,"gold,oil,silver",314.38992089538436,5.750634001820388,0.0,0.05968429658431614,3.585006960369257,1.2767604155752936,0.0,0.09252644487647421,0.04968429658431614,1,1
3824,1998-11-11,29.876984126984127,1,1,1,0,"gas,gold,silver",289.25630561555244,5.667313165717079,0.0,0.07362449490653435,3.4297615103357098,1.23249072824612,0.0,0.11343674235980153,0.06362449490653435,1,1
3825,1999-03-12,30.22222222222222,1,1,1,1,"gas,gold,oil,silver",269.6690359308924,5.597195414251264,0.0,0.042527129418509134,3.3394539764291156,1.205807313513236,0.0,0.0667906941277637,0.03252712941850913,1,1
3826,1999-01-25,30.08730158730159,1,1,1,1,"gas,gold,oil,silver",281.8432684002325,5.641351130617148,0.0,0.054680122827622434,3.591172785033969,1.2784788302195038,0.0,0.08502018424143366,0.04468012282762243,1,1
3827,1998-12-10,29.96031746031746,1,1,1,1,"gas,gold,oil,silver",294.62686194464516,5.685709680946619,0.0,0.06611823427149377,3.240054759467926,1.175590230731764,0.0,0.10217735140724067,0.056118234271493775,1,1
3828,1998-11-25,29.916666666666668,1,1,0,1,"gold,oil,silver",291.74940731687883,5.675895239688608,0.0,0.07005008508032455,3.3147822635497985,1.1983919392935671,0.0,0.10807512762048684,0.06005008508032455,1,1
3829,1999-07-01,30.535714285714285,1,0,1,1,"gas,gold,oil",307.11501488078636,5.727222318732159,0.0,0.014289291791451754,,,,,0.004289291791451753,1,1
3830,1999-07-05,30.543650793650794,1,1,1,0,"gas,gold,silver",310.065043498797,5.736782093208584,0.0,0.013574409826209792,4.049568079357264,1.3986102283589639,0.0,0.02336161473931469,0.0035744098262097926,1,1
3831,1998-10-23,29.825396825396826,1,1,1,1,"gas,gold,oil,silver",303.34679427454734,5.714876686587445,0.0,0.07827122768060707,3.5402303232580086,1.2641917880964075,0.0,0.12040684152091062,0.06827122768060707,1,1
3832,1999-06-23,30.511904761904763,1,1,1,1,"gas,gold,oil,silver",305.16686671942887,5.720858730998711,0.0,0.016433937687177637,3.787904746227331,1.3318130288163545,0.0,0.027650906530766454,0.006433937687177635,1,1
3833,1999-03-29,30.265873015873016,1,1,1,1,"gas,gold,oil,silver",275.9669140396273,5.620280981863351,0.0,0.03859527860967835,3.3398725488969343,1.2059326472476415,0.0,0.060892917914517536,0.02859527860967835,1,1
3834,1998-09-07,29.69047619047619,1,1,1,1,"gas,gold,oil,silver",306.0049418030799,5.723601251505244,0.0,0.09042422108972038,2.709516849635908,0.9967703347298877,0.0,0.13863633163458058,0.08042422108972039,1,1
3835,2002-01-17,33.17460317460318,1,1,1,1,"gas,gold,oil,silver",389.7966320389592,5.965625146807707,0.0,0.02033075186604521,5.069582255836209,1.6232584189098345,0.0,0.03349612779906781,0.010330751866045207,1,1
3836,2001-11-12,32.98412698412698,1,1,1,1,"gas,gold,oil,silver",386.84251814329946,5.958017680349082,0.0,0.03804061220783699,5.295389626809519,1.6668365602573527,0.0,0.06006091831175549,0.02804061220783699,1,1
3837,2002-02-19,33.26587301587302,1,1,1,1,"gas,gold,oil,silver",370.71455632683336,5.915432376520453,0.0,0.011844777118936644,5.016535684519281,1.6127395927877688,0.0,0.020767165678404965,0.001844777118936644,1,1
3838,2001-05-03,32.44047619047619,1,1,1,0,"gas,gold,silver",307.50449828627154,5.728489715712817,0.0,0.08858750526670103,5.263871010323546,1.660866689604918,0.0,0.13588125790005154,0.07858750526670104,1,1
3839,2001-05-08,32.45238095238095,1,1,1,0,"gas,gold,silver",354.96257970581485,5.8720123746400725,0.0,0.08748063899533905,5.369032233202873,1.6806476749990311,0.0,0.13422095849300858,0.07748063899533905,1,1
3840,2001-10-19,32.92063492063492,1,1,1,1,"gas,gold,oil,silver",395.80708107661127,5.980926923550653,0.0,0.04394389898843425,5.300438807177371,1.6677896109379091,0.0,0.06891584848265138,0.03394389898843425,1,1
3841,2001-05-28,32.507936507936506,1,1,1,1,"gas,gold,oil,silver",320.67745572124403,5.770435807131938,0.0,0.08231526306231644,4.876512812986516,1.5844303769229469,0.0,0.12647289459347466,0.07231526306231645,1,1
3842,2001-08-21,32.75,1,1,1,0,"gas,gold,silver",434.5277054260623,6.0742597065991095,0.0,0.05980898221128939,4.911474945892662,1.5915742930086418,0.0,0.0927134733169341,0.04980898221128939,1,1
3843,2001-11-08,32.976190476190474,0,1,0,0,silver,,,,,5.282387043581528,1.664378087142969,0.0,0.061167784583117474,0.028778523055411648,1,1
3844,2001-04-20,32.404761904761905,1,1,1,1,"gas,gold,oil,silver",422.1706898433074,6.045409710558391,0.0,0.09190810408078699,5.031679799113684,1.6157538844469455,0.0,0.1408621561211805,0.081908104080787,1,1
3845,2001-06-14,32.55952380952381,1,1,1,0,"gas,gold,silver",383.2212755619729,5.948612565333075,0.0,0.07751884255308117,4.955715765926841,1.600541610614334,0.0,0.11927826382962177,0.06751884255308117,1,1
3846,2001-03-28,32.33730158730159,1,1,1,1,"gas,gold,oil,silver",360.480858668289,5.887438858694771,0.0,0.09818034628517158,3.8655788314668187,1.3521114331720028,0.0,0.15027051942775738,0.08818034628517159,1,1
3847,2001-07-02,32.607142857142854,1,1,1,1,"gas,gold,oil,silver",373.04177297964134,5.921690405275714,0.0,0.07309137746763322,4.981835229741398,1.6057983431781269,0.0,0.11263706620144985,0.06309137746763323,1,1
3848,2001-07-20,32.66269841269841,1,1,1,1,"gas,gold,oil,silver",334.611008031659,5.81296868709004,0.0,0.06792600153461062,5.62570965443878,1.7273471009219972,0.0,0.10488900230191593,0.057926001534610624,1,1
3849,2001-06-01,32.523809523809526,1,1,0,1,"gold,oil,silver",365.4030027542591,5.90100086162842,0.0,0.08083944136716713,5.0384243898297205,1.6170934121415936,0.0,0.1242591620507507,0.07083944136716713,1,1
3850,2001-04-18,32.3968253968254,1,1,1,1,"gas,gold,oil,silver",327.32313312197493,5.790947857658997,0.0,0.09264601492836165,5.390809935648093,1.6846956399860542,0.0,0.14196902239254247,0.08264601492836166,1,1
3851,2002-02-13,33.25,1,1,0,1,"gold,oil,silver",376.0052212283079,5.929603029538981,0.0,0.01332059881408596,5.145337204228097,1.6380909073187373,0.0,0.022980898221128938,0.0033205988140859594,1,1
3852,2001-06-27,32.595238095238095,0,1,1,1,"gas,oil,silver",,,,,5.674259305791686,1.7359400360459192,0.0,0.11429736560849282,0.06419824373899521,1,1
3853,2001-06-21,32.57936507936508,1,1,1,1,"gas,gold,oil,silver",382.73306428129393,5.947337786089985,0.0,0.07567406543414452,4.5197962138595,1.5084669073984471,0.0,0.1165110981512168,0.06567406543414453,1,1
3854,2001-04-09,32.36904761904762,1,1,0,0,"gold,silver",380.5127577562018,5.9415197056652875,0.0,0.09522870289487295,4.569426137224401,1.5193876252979985,0.0,0.14584305434230943,0.08522870289487296,1,1
3855,2001-08-20,32.74603174603175,1,1,1,1,"gas,gold,oil,silver",402.3479894017993,5.997317359442336,0.0,0.06017793763507672,5.685745467424283,1.7379622474403917,0.0,0.09326690645261508,0.05017793763507672,1,1
3856,2001-09-11,32.80952380952381,1,1,1,0,"gas,gold,silver",379.99978672994655,5.940170691483291,0.0,0.05427465085447946,4.723204447313684,1.5524874775726283,0.0,0.08441197628171919,0.04427465085447946,1,1
3857,2002-01-21,33.182539682539684,1,1,0,1,"gold,oil,silver",380.19494599920284,5.940684136960197,0.0,0.01959284101847055,5.172049451199694,1.6432690221940824,0.0,0.032389261527705826,0.00959284101847055,1,1
3858,2001-05-04,32.44444444444444,1,1,0,1,"gold,oil,silver",420.0148660184434,6.040290105933024,0.0,0.0882185498429137,5.205501456751176,1.6497160387810947,0.0,0.13532782476437055,0.07821854984291371,1,1
3859,2001-03-16,32.30555555555556,1,0,1,1,"gas,gold,oil",384.5767733071108,5.9521434395138355,0.0,0.10113198967547021,,,,,0.09113198967547022,1,1
3860,2001-04-16,32.388888888888886,1,1,1,1,"gas,gold,oil,silver",387.8894082295408,5.9607202686581715,0.0,0.09338392577593631,4.626771006737779,1.5318592180448276,0.0,0.14307588866390444,0.08338392577593631,1,1
3861,2002-01-24,33.19444444444444,1,1,1,1,"gas,gold,oil,silver",382.2899938329801,5.946179466760513,0.0,0.018485974747108565,5.19161867522763,1.6470455320257886,0.0,0.030728962120662843,0.008485974747108563,1,1
3862,2001-05-09,32.45634920634921,1,1,1,1,"gas,gold,oil,silver",358.4362764873883,5.881750893856349,0.0,0.08711168357155172,5.460662457345808,1.6975701115812374,0.0,0.13366752535732757,0.07711168357155172,1,1
3863,2001-10-08,32.88492063492063,1,1,1,1,"gas,gold,oil,silver",385.23831295021887,5.953862137465493,0.0,0.04726449780252021,4.9248745436115575,1.5942988009212362,0.0,0.07389674670378031,0.03726449780252021,1,1
3864,2001-05-30,32.51587301587302,1,1,1,1,"gas,gold,oil,silver",313.56583922470026,5.74800935149915,0.0,0.08157735221474179,5.532527878397296,1.7106448319538325,0.0,0.1253660283221127,0.07157735221474179,1,1
3865,2001-08-03,32.70238095238095,1,1,1,0,"gas,gold,silver",352.49306297041284,5.86503094254212,0.0,0.06423644729673733,4.192361033801069,1.4332640677856872,0.0,0.09935467094510601,0.054236447296737336,1,1
3866,2001-05-17,32.48015873015873,1,1,1,1,"gas,gold,oil,silver",337.09386768680184,5.820361430697516,0.0,0.08489795102882775,5.505890925218662,1.7058185963568582,0.0,0.13034692654324162,0.07489795102882775,1,1
3867,2001-07-23,32.666666666666664,1,1,1,1,"gas,gold,oil,silver",363.3102278765872,5.8952570915327405,0.0,0.06755704611082329,4.348835633603521,1.4699081388344954,0.0,0.10433556916623495,0.057557046110823296,1,1
3868,2001-04-03,32.3531746031746,1,1,1,0,"gas,gold,silver",376.1572413710599,5.930007251106478,0.0,0.09670452459002227,4.055317333704562,1.4000289418924952,0.0,0.1480567868850334,0.08670452459002227,1,1
3869,2001-11-14,32.992063492063494,1,1,1,1,"gas,gold,oil,silver",412.4743189298171,6.022173946696842,0.0,0.037302701360262334,5.063608129629511,1.62207929828314,0.0,0.0589540520403935,0.027302701360262333,1,1
3870,2001-11-20,33.007936507936506,1,1,1,0,"gas,gold,silver",404.4576872484593,6.00254712595526,0.0,0.03582687966511302,5.172459993864924,1.643348396217109,0.0,0.05674031949766953,0.025826879665113017,1,1
3871,2001-05-15,32.47222222222222,1,1,1,1,"gas,gold,oil,silver",334.02540022518394,5.811217038663549,0.0,0.0856358618764024,5.225549275461009,1.653559916815828,0.0,0.1314537928146036,0.07563586187640241,1,1
3872,2001-07-10,32.63095238095238,1,1,1,1,"gas,gold,oil,silver",386.21738694763695,5.9564003895600885,0.0,0.07087764492490925,5.086822811734725,1.6266534336504923,0.0,0.10931646738736388,0.060877644924909255,1,1
3873,2001-08-01,32.69444444444444,1,1,0,1,"gold,oil,silver",366.4360994325786,5.9038241525989745,0.0,0.06497435814431199,4.440411639912266,1.490747083838622,0.0,0.10046153721646799,0.054974358144311994,1,1
3874,2001-03-29,32.34126984126984,1,1,1,1,"gas,gold,oil,silver",399.396052986449,5.98995353857547,0.0,0.09781139086138425,3.0935111737669576,1.129306747996916,0.0,0.1497170862920764,0.08781139086138426,1,1
3875,2001-06-28,32.59920634920635,1,1,1,1,"gas,gold,oil,silver",342.0036777814618,5.834821490751748,0.0,0.07382928831520788,5.853588736275238,1.7670549323469427,0.0,0.11374393247281182,0.06382928831520789,1,1
3876,2001-08-22,32.75396825396825,1,1,1,1,"gas,gold,oil,silver",383.0954958653307,5.9482842945644805,0.0,0.059440026787502064,5.248022595607481,1.657851357197969,0.0,0.0921600401812531,0.04944002678750206,1,1
3877,2001-03-06,32.273809523809526,1,0,1,1,"gas,gold,oil",344.4157311994203,5.841849448628353,0.0,0.10408363306576884,,,,,0.09408363306576885,1,1
3878,2001-11-22,33.01587301587302,1,1,1,0,"gas,gold,silver",390.5594144732902,5.9675801074456825,0.0,0.03508896881753836,5.267709294062955,1.6615955989990292,0.0,0.05563345322630754,0.02508896881753836,1,1
3879,2001-07-31,32.69047619047619,1,1,0,0,"gold,silver",399.6345984712285,5.99055062578716,0.0,0.06534331356809932,4.81517479464069,1.5717723466972457,0.0,0.10101497035214899,0.05534331356809932,1,1
3880,2001-08-10,32.72222222222222,1,1,1,1,"gas,gold,oil,silver",390.75929861964624,5.968091765869747,0.0,0.062391670177800694,4.339652499140972,1.4677942755842375,0.0,0.09658750526670104,0.05239167017780069,1,1
3881,2001-03-26,32.32936507936508,1,1,0,0,"gold,silver",345.7019394433796,5.845576957103857,0.0,0.09891825713274624,3.7440457405233447,1.3201667755608426,0.0,0.15137738569911935,0.08891825713274625,1,1
3882,2001-09-24,32.845238095238095,1,1,0,0,"gold,silver",383.8016825915863,5.9501259675962626,0.0,0.0509540520403935,4.657329210859487,1.5384421531185162,0.0,0.07943107806059024,0.0409540520403935,1,1
3883,2001-05-14,32.46825396825397,1,1,1,0,"gas,gold,silver",328.79358511996713,5.795430153015934,0.0,0.08600481730018973,4.329427044913305,1.4654352110681224,0.0,0.1320072259502846,0.07600481730018974,1,1
3884,2001-06-19,32.57142857142857,1,1,1,1,"gas,gold,oil,silver",398.6474755378614,5.988077506400827,0.0,0.07641197628171918,5.208080558490134,1.6502113730067083,0.0,0.11761796442257878,0.06641197628171919,1,1
3885,2001-05-31,32.51984126984127,1,1,1,0,"gas,gold,silver",348.9361049254939,5.854888824998446,0.0,0.08120839679095446,4.841991231323468,1.577326047552531,0.0,0.12481259518643169,0.07120839679095446,1,1
3886,2001-12-20,33.095238095238095,1,1,0,1,"gold,oil,silver",362.93449259508986,5.894222356809223,0.0,0.027709860341791785,4.852215182560362,1.5794353393482732,0.0,0.04456479051268768,0.017709860341791783,1,1
3887,2001-08-07,32.71031746031746,1,1,1,1,"gas,gold,oil,silver",360.4775372708151,5.887429644855269,0.0,0.06349853644916267,4.44334227794763,1.4914068585619584,0.0,0.09824780467374401,0.05349853644916268,1,1
3888,2001-08-29,32.773809523809526,1,1,1,1,"gas,gold,oil,silver",381.05126700310655,5.942933925137714,0.0,0.05759524966856542,4.83389562581461,1.5756526903673043,0.0,0.08939287450284812,0.04759524966856542,1,1
3889,2001-11-21,33.01190476190476,1,1,1,1,"gas,gold,oil,silver",392.694187961198,5.973031161273773,0.0,0.03545792424132569,5.059320145918865,1.6212321157584022,0.0,0.05618688636198853,0.02545792424132569,1,1
3890,2001-04-13,32.38492063492063,1,1,1,1,"gas,gold,oil,silver",388.7444561716659,5.9629222027400965,0.0,0.09375288119972364,4.984230425376755,1.6062790134374572,0.0,0.14362932179958546,0.08375288119972364,1,1
3891,2001-07-11,32.63492063492063,1,1,1,0,"gas,gold,silver",369.7550038565486,5.912840634579929,0.0,0.07050868950112192,5.346393860317706,1.6764222888371572,0.0,0.10876303425168289,0.060508689501121926,1,1
3892,2001-07-04,32.61507936507937,1,1,0,1,"gold,oil,silver",388.4560395870797,5.96218000918927,0.0,0.07235346662005857,5.335266782519577,1.6743388895989695,0.0,0.11153019993008785,0.06235346662005857,1,1
3893,2002-02-25,33.28174603174603,1,0,0,1,"gold,oil",373.40807852682934,5.922671865921337,0.0,0.010368955423787329,,,,,0.0003689554237873288,1,1
3894,2002-02-21,33.273809523809526,1,1,1,1,"gas,gold,oil,silver",370.97677330986613,5.916139455013837,0.0,0.011106866271361987,5.047053261881285,1.6188045604788397,0.0,0.01966029940704298,0.0011068662713619865,1,1
3895,2001-06-22,32.583333333333336,1,1,1,1,"gas,gold,oil,silver",369.60968247053233,5.912447536584921,0.0,0.0753051100103572,5.990119120701246,1.7901112985241543,0.0,0.1159576650155358,0.0653051100103572,1,1
3896,2001-08-16,32.73809523809524,1,1,1,1,"gas,gold,oil,silver",392.6391094074958,5.972890893303531,0.0,0.06091584848265138,5.097313300905252,1.6287135971763669,0.0,0.09437377272397707,0.05091584848265138,1,1
3897,2001-07-16,32.6468253968254,1,0,1,1,"gas,gold,oil",417.5801220198861,6.034476434908395,0.0,0.06940182322975993,,,,,0.05940182322975994,1,1
3898,2002-01-03,33.13492063492063,1,1,1,0,"gas,gold,silver",385.3127359546738,5.954055305730703,0.0,0.024020306103918497,5.037948176098638,1.6169988912754145,0.0,0.039030459155877745,0.014020306103918495,1,1
3899,2001-05-22,32.492063492063494,1,1,1,1,"gas,gold,oil,silver",324.6517902462274,5.782753193327794,0.0,0.08379108475746576,4.381407396604478,1.477369996200719,0.0,0.12868662713619863,0.07379108475746576,1,1
3900,2001-09-27,32.857142857142854,1,1,1,0,"gas,gold,silver",352.22765397294853,5.864277710790501,0.0,0.049847185769031514,5.590257958768381,1.7210254325724856,0.0,0.07777077865354727,0.03984718576903151,1,1
3901,2001-07-18,32.654761904761905,1,1,0,1,"gold,oil,silver",364.7586640776204,5.899235940589245,0.0,0.06866391238218528,5.758220414199848,1.750628471103021,0.0,0.10599586857327793,0.05866391238218528,1,1
3902,2001-03-20,32.31349206349206,1,1,0,1,"gold,oil,silver",406.4691558207938,6.007508048669405,0.0,0.10039407882789556,4.279232490059049,1.453773668760541,0.0,0.15359111824184332,0.09039407882789556,1,1
3903,2001-09-14,32.82142857142857,1,1,1,0,"gas,gold,silver",376.9251863099329,5.932046722953997,0.0,0.053167784583117474,4.508321556010028,1.505924923715743,0.0,0.0827516768746762,0.04316778458311747,1,1
3904,2001-11-30,33.03968253968254,1,1,0,1,"gold,oil,silver",386.5233190464491,5.9571922000921935,0.0,0.03287523627481439,5.054755669199589,1.6203295168234926,0.0,0.05231285441222158,0.022875236274814387,1,1
3905,2001-03-13,32.29365079365079,1,1,1,0,"gas,gold,silver",353.6021755992063,5.868172483457248,0.0,0.1022388559468322,4.235289459754458,1.4434516751790372,0.0,0.15635828392024828,0.0922388559468322,1,1
3906,2001-06-12,32.551587301587304,1,1,1,1,"gas,gold,oil,silver",394.5739941163942,5.977806686998057,0.0,0.07825675340065583,4.6557402208714045,1.5381009143861843,0.0,0.12038513010098374,0.06825675340065583,1,1
3907,2001-10-24,32.932539682539684,1,1,1,1,"gas,gold,oil,silver",405.8877156023459,6.006076558795458,0.0,0.04283703271707227,5.348201626731598,1.6767603598625267,0.0,0.06725554907560839,0.032837032717072265,1,1
3908,2001-06-15,32.56349206349206,1,1,1,0,"gas,gold,silver",427.81211352639633,6.058684112110898,0.0,0.07714988712929384,5.044284421025438,1.618255804503699,0.0,0.11872483069394077,0.06714988712929384,1,1
3909,2001-12-05,33.051587301587304,0,1,0,1,"oil,silver",,,,,4.878036199594977,1.5847427207573732,0.0,0.050652555005178596,0.0217683700034524,1,1
3910,2001-12-31,33.12301587301587,1,1,0,0,"gold,silver",379.60406983450696,5.9391287880547665,0.0,0.025127172375280483,5.0885216683209356,1.6269873499331942,0.0,0.04069075856292072,0.015127172375280482,1,1
3911,2001-11-13,32.98809523809524,1,1,1,1,"gas,gold,oil,silver",380.25462511416566,5.940841094416292,0.0,0.03767165678404966,5.213563460870792,1.6512635875855868,0.0,0.05950748517607449,0.02767165678404966,1,1
3912,2001-04-30,32.42857142857143,1,1,1,1,"gas,gold,oil,silver",336.51678559404377,5.818648030735305,0.0,0.08969437153806302,4.652129721883694,1.5373251194532942,0.0,0.13754155730709453,0.07969437153806302,1,1
3913,2001-12-07,33.05952380952381,1,1,1,1,"gas,gold,oil,silver",394.74865376462685,5.978249242780669,0.0,0.031030459155877745,5.162884805739437,1.6414954941513062,0.0,0.04954568873381661,0.021030459155877743,1,1
3914,2001-12-14,33.07936507936508,1,1,1,1,"gas,gold,oil,silver",394.328278672513,5.977183756984284,0.0,0.0291856820369411,5.042561989014871,1.6179142840805083,0.0,0.04677852305541165,0.0191856820369411,1,1
3915,2001-10-22,32.92460317460318,1,1,0,0,"gold,silver",423.2124237953441,6.047874236907479,0.0,0.043574943564646924,5.242226803857256,1.6567463706301109,0.0,0.06836241534697038,0.03357494356464692,1,1
3916,2001-05-16,32.476190476190474,1,1,1,1,"gas,gold,oil,silver",382.32353686896477,5.946267205296804,0.0,0.08526690645261507,4.700330116765942,1.5476327438592423,0.0,0.1309003596789226,0.07526690645261508,1,1
3917,2001-10-03,32.87301587301587,1,1,0,1,"gold,oil,silver",389.16208319466733,5.963995923147343,0.0,0.0483713640738822,4.662092031274327,1.5394642811468036,0.0,0.0755570461108233,0.0383713640738822,1,1
3918,2001-05-18,32.48412698412698,1,1,1,1,"gas,gold,oil,silver",319.41055197524116,5.766477272101961,0.0,0.08452899560504042,4.494274090460279,1.5028041622148927,0.0,0.12979349340756063,0.07452899560504042,1,1
3919,2001-03-08,32.28174603174603,1,1,0,1,"gold,oil,silver",359.8086834318671,5.885572455277093,0.0,0.10334572221819419,4.752416354671236,1.5586531949459677,0.0,0.15801858332729127,0.09334572221819419,1,1
3920,2001-03-07,32.27777777777778,1,1,0,0,"gold,silver",354.07579630004835,5.869511004056622,0.0,0.10371467764198151,3.6734069546815347,1.301119556965129,0.0,0.15857201646297228,0.09371467764198152,1,1
3921,2006-10-11,38.07142857142857,1,1,1,1,"gas,gold,oil,silver",311.3148094765494,5.740804649321301,0.0,0.03569507079216954,3.5684508479490233,1.2721315654652785,0.0,0.05654260618825431,0.025695070792169542,1,1
3922,2005-03-29,36.48015873015873,1,1,1,1,"gas,gold,oil,silver",329.5472740156619,5.797719815626137,0.0,0.10825650309963422,3.924855020846024,1.3673294131881002,0.0,0.16538475464945132,0.09825650309963423,1,1
3923,2006-10-25,38.111111111111114,1,1,0,1,"gold,oil,silver",313.91332943164275,5.749116926889133,0.0,0.03388555876455196,3.6442518748004873,1.2931510974262637,0.0,0.05382833814682794,0.02388555876455196,1,1
3924,2004-11-01,36.05952380952381,1,1,1,1,"gas,gold,oil,silver",303.3759586136304,5.714972823872446,0.0,0.1274373305923805,4.635410392751813,1.5337247372237217,0.0,0.19415599588857071,0.1174373305923805,1,1
3925,2006-05-23,37.67063492063492,1,1,1,1,"gas,gold,oil,silver",334.36654277437384,5.81223782469302,0.0,0.05397114227110703,3.919758830465161,1.3660301290692434,0.0,0.08395671340666054,0.04397114227110703,1,1
3926,2006-04-25,37.59126984126984,1,1,1,0,"gas,gold,silver",355.19646673064767,5.87267106380122,0.0,0.05759016632634218,4.767941621938325,1.561914685967105,0.0,0.08938524948951326,0.04759016632634218,1,1
3927,2006-03-17,37.48412698412698,1,1,1,1,"gas,gold,oil,silver",344.9577952511579,5.843422076942777,0.0,0.062475848800909624,5.259232257766831,1.6599850574971637,0.0,0.09671377320136443,0.05247584880090962,1,1
3928,2005-06-30,36.74603174603175,1,1,1,1,"gas,gold,oil,silver",340.80322219032035,5.831305249694268,0.0,0.09613277251459648,4.959513195165081,1.6013075897841165,0.0,0.1471991587718947,0.08613277251459649,1,1
3929,2006-12-28,38.29365079365079,1,1,0,1,"gold,oil,silver",312.28077781871144,5.743902712022369,0.0,0.025561803437511126,3.5888101725858146,1.2778207193166304,0.0,0.04134270515626669,0.015561803437511127,1,1
3930,2005-07-18,36.79365079365079,1,0,0,0,gold,298.530883177465,5.698873388711951,0.0,0.09396135808145538,,,,,0.08396135808145538,1,1
3931,2004-12-06,36.15873015873016,0,0,0,1,oil,,,,,,,,,0.11291355052333657,1,1
3932,2006-05-16,37.65079365079365,1,1,1,1,"gas,gold,oil,silver",323.50443963954035,5.779212837616616,0.0,0.05487589828491582,3.7349180642463367,1.3177258810607109,0.0,0.08531384742737372,0.04487589828491582,1,1
3933,2006-07-03,37.785714285714285,1,1,1,1,"gas,gold,oil,silver",319.12815519006915,5.765592762516514,0.0,0.04872355739101606,3.6292150319768446,1.2890163802580392,0.0,0.07608533608652408,0.03872355739101606,1,1
3934,2005-12-09,37.20634920634921,1,0,0,1,"gold,oil",367.1100784815313,5.9056617444477215,0.0,0.07514243299423264,,,,,0.06514243299423264,1,1
3935,2006-11-06,38.142857142857146,1,0,1,0,"gas,gold",309.0296452266284,5.733437211540623,0.0,0.03243794914245791,,,,,0.02243794914245791,1,1
3936,2007-03-16,38.51587301587302,1,1,0,0,"gold,silver",315.3377629883343,5.753644327816819,0.0,0.015428536082852714,3.8543858852289588,1.3492116908825988,0.0,0.02614280412427907,0.005428536082852714,1,1
3937,2005-10-18,37.05555555555556,1,1,1,1,"gas,gold,oil,silver",338.58310557776497,5.824769573527381,0.0,0.0820185786991794,4.089334364413515,1.408382209722806,0.0,0.12602786804876911,0.07201857869917941,1,1
3938,2006-04-10,37.54761904761905,1,1,1,1,"gas,gold,oil,silver",363.05799135866727,5.894562577314251,0.0,0.059580629556721505,4.501016739588844,1.5043033133860493,0.0,0.09237094433508225,0.0495806295567215,1,1
3939,2006-07-14,37.82142857142857,1,0,0,1,"gold,oil",362.32283543040865,5.892535624980223,0.0,0.04709499656616025,,,,,0.03709499656616025,1,1
3940,2005-06-29,36.742063492063494,1,0,1,0,"gas,gold",389.3100241930234,5.964376003560586,0.0,0.09631372371735823,,,,,0.08631372371735824,1,1
3941,2006-12-06,38.23015873015873,1,1,0,0,"gold,silver",312.5551380187853,5.74478089527257,0.0,0.02845702268169925,3.758274145648696,1.3239598482104689,0.0,0.045685534022548865,0.01845702268169925,1,1
3942,2005-01-24,36.29761904761905,1,1,0,1,"gold,oil,silver",341.8886267069426,5.834485031122507,0.0,0.11658025842667505,4.240114269536328,1.4445902192430533,0.0,0.17787038764001256,0.10658025842667505,1,1
3943,2005-03-30,36.48412698412698,1,1,1,1,"gas,gold,oil,silver",349.90130154752245,5.857651119136722,0.0,0.10807555189687246,3.776646311877706,1.3288363967397276,0.0,0.16511332784530866,0.09807555189687246,1,1
3944,2005-09-20,36.976190476190474,1,1,1,1,"gas,gold,oil,silver",358.9843796459659,5.883278876806188,0.0,0.08563760275441455,4.758177810310477,1.5598647819917584,0.0,0.13145640413162182,0.07563760275441456,1,1
3945,2004-11-08,36.07936507936508,1,1,0,1,"gold,oil,silver",291.9514976313115,5.676587684469126,0.0,0.12653257457857173,4.15654033760698,1.4246830786470712,0.0,0.19279886186785755,0.11653257457857172,1,1
3946,2005-10-05,37.01984126984127,1,1,1,0,"gas,gold,silver",361.97200230610963,5.891566867138918,0.0,0.08364713952403523,4.99661533060772,1.6087607493324547,0.0,0.12847070928605284,0.07364713952403523,1,1
3947,2005-09-14,36.96031746031746,1,1,1,1,"gas,gold,oil,silver",365.29401245633824,5.900702542909552,0.0,0.08636140756546158,4.419970369987986,1.48613299244451,0.0,0.13254211134819235,0.07636140756546159,1,1
3948,2006-12-07,38.23412698412698,0,1,0,0,silver,,,,,3.5310870884968497,1.261605780617417,0.0,0.04541410721840623,0.01827607147893749,1,1
3949,2005-01-11,36.26190476190476,1,1,1,1,"gas,gold,oil,silver",258.65058421480853,5.5554780551549126,0.0,0.11820881925153087,3.076343883827085,1.1237418411772522,0.0,0.18031322887729628,0.10820881925153088,1,1
3950,2007-01-24,38.36904761904762,1,1,1,0,"gas,gold,silver",305.56545452389787,5.722164009423304,0.0,0.022123730585037738,3.808503401218391,1.3372363038901445,0.0,0.036185595877556605,0.012123730585037738,1,1
3951,2006-08-29,37.948412698412696,1,1,1,1,"gas,gold,oil,silver",367.71037520773996,5.907295604411025,0.0,0.041304558077784014,4.559424209746866,1.5171963457612394,0.0,0.064956837116676,0.03130455807778401,1,1
3952,2005-04-12,36.51984126984127,1,0,1,1,"gas,gold,oil",418.9290914159695,6.037701672703188,0.0,0.10644699107201665,,,,,0.09644699107201665,1,1
3953,2004-11-29,36.138888888888886,1,1,1,1,"gas,gold,oil,silver",346.59393252752506,5.848153871437353,0.0,0.12381830653714535,4.581466730658049,1.5220191937265803,0.0,0.188727459805718,0.11381830653714535,1,1
3954,2006-08-10,37.8968253968254,1,0,0,1,"gold,oil",351.7531329260236,5.8629296026386255,0.0,0.04365692371368687,,,,,0.033656923713686865,1,1
3955,2006-08-31,37.95634920634921,1,1,1,0,"gas,gold,silver",352.31262995705237,5.864518934710421,0.0,0.0409426556722605,4.230544340955173,1.442330670583884,0.0,0.06441398350839074,0.030942655672260497,1,1
3956,2007-04-19,38.611111111111114,1,1,1,1,"gas,gold,oil,silver",320.1712797755711,5.7688561018976205,0.0,0.01108570721657054,4.481424821707377,1.4999410364223982,0.0,0.01962856082485581,0.0010857072165705401,1,1
3957,2006-01-10,37.29365079365079,1,1,0,1,"gold,oil,silver",348.9530439066517,5.854937368470399,0.0,0.07116150653347397,4.716810631011788,1.5511328574313332,0.0,0.10974225980021095,0.06116150653347397,1,1
3958,2006-06-06,37.71031746031746,1,1,1,1,"gas,gold,oil,silver",328.93091332877674,5.795847738832272,0.0,0.05216163024348945,4.185186972523376,1.431551379771028,0.0,0.08124244536523417,0.04216163024348945,1,1
3959,2005-09-08,36.94444444444444,1,1,1,1,"gas,gold,oil,silver",345.7800126047571,5.845802771129741,0.0,0.08708521237650861,4.112875656953516,1.4141224570756459,0.0,0.1336278185647629,0.07708521237650862,1,1
3960,2005-04-05,36.5,1,1,1,1,"gas,gold,oil,silver",333.83823098159775,5.810656537268532,0.0,0.10735174708582543,4.012363298294423,1.3893804189148824,0.0,0.16402762062873813,0.09735174708582543,1,1
3961,2005-11-15,37.13492063492063,1,0,1,0,"gas,gold",349.050293206999,5.855216018430379,0.0,0.07839955464394426,,,,,0.06839955464394426,1,1
3962,2006-03-14,37.47222222222222,1,1,0,1,"gold,oil,silver",361.897057898394,5.891359800938403,0.0,0.0630187024091949,4.696831804127786,1.5468881971909585,0.0,0.09752805361379234,0.053018702409194894,1,1
3963,2005-02-23,36.38492063492063,1,0,0,1,"gold,oil",309.7098760243581,5.73563597547413,0.0,0.11259933196591639,,,,,0.10259933196591639,1,1
3964,2006-05-05,37.62301587301587,1,1,1,1,"gas,gold,oil,silver",338.65995780413357,5.82499652964064,0.0,0.056142556704248114,3.801468910060123,1.335387547318076,0.0,0.08721383505637216,0.04614255670424811,1,1
3965,2006-03-06,37.448412698412696,1,0,1,0,"gas,gold",330.6651566034348,5.801106251882852,0.0,0.06410440962576543,,,,,0.05410440962576543,1,1
3966,2006-03-13,37.46825396825397,1,1,1,1,"gas,gold,oil,silver",332.9135989396777,5.807882993670578,0.0,0.06319965361195665,4.7904689315289755,1.5666283046538758,0.0,0.09779948041793497,0.05319965361195665,1,1
3967,2005-06-20,36.714285714285715,1,0,0,0,gold,336.1298474639394,5.817497536095866,0.0,0.09758038213669054,,,,,0.08758038213669055,1,1
3968,2006-03-22,37.49603174603175,1,1,1,1,"gas,gold,oil,silver",357.40359148176634,5.8788656515885656,0.0,0.06193299519262435,5.275108796548073,1.6629993040874624,0.0,0.09589949278893653,0.05193299519262435,1,1
3969,2006-09-22,38.01984126984127,1,1,0,1,"gold,oil,silver",335.6490878198282,5.8160662327282395,0.0,0.03804743642807238,3.743090451620934,1.3199115941715693,0.0,0.06007115464210856,0.028047436428072378,1,1
3970,2006-10-20,38.09920634920635,1,1,0,1,"gold,oil,silver",333.5316942482496,5.8097378960672525,0.0,0.034428412372837246,3.847320809590082,1.3473770124403752,0.0,0.05464261855925587,0.024428412372837244,1,1
3971,2006-10-17,38.08730158730159,1,1,1,1,"gas,gold,oil,silver",322.80078764984626,5.777035376448103,0.0,0.03497126598112252,3.8747440189170455,1.3544796009889657,0.0,0.055456898971683766,0.024971265981122516,1,1
3972,2005-05-30,36.654761904761905,1,1,1,1,"gas,gold,oil,silver",302.05016441765235,5.710593110923792,0.0,0.1002946501781169,5.0601024897661,1.6213867379887328,0.0,0.15344197526717532,0.0902946501781169,1,1
3973,2005-07-05,36.757936507936506,1,1,1,1,"gas,gold,oil,silver",381.7360270006327,5.944729340941972,0.0,0.0955899189063112,4.13008961181428,1.4182991045134028,0.0,0.14638487835946679,0.08558991890631121,1,1
3974,2005-10-31,37.09126984126984,1,1,0,1,"gold,oil,silver",345.22503649619586,5.844196484088538,0.0,0.0803900178743236,4.7586936130173605,1.5599731795279748,0.0,0.1235850268114854,0.0703900178743236,1,1
3975,2005-12-30,37.26587301587302,1,1,1,1,"gas,gold,oil,silver",340.92369740462914,5.83165869096848,0.0,0.07242816495280627,5.639368157115354,1.7297720303540074,0.0,0.11164224742920939,0.062428164952806266,1,1
3976,2007-04-13,38.595238095238095,1,1,1,1,"gas,gold,oil,silver",324.46936127220727,5.782191113418993,0.0,0.011809512027617567,4.528851041004158,1.5104682739921538,0.0,0.02071426804142635,0.0018095120276175668,1,1
3977,2006-02-06,37.36904761904762,1,1,1,0,"gas,gold,silver",368.59666588167113,5.909702999838522,0.0,0.06772343368100057,4.567948328624609,1.5190641606926678,0.0,0.10458515052150086,0.05772343368100058,1,1
3978,2006-08-25,37.94047619047619,1,1,1,0,"gas,gold,silver",356.63910664061063,5.876724364701185,0.0,0.04166646048330753,4.170782883688821,1.42810376008121,0.0,0.06549969072496128,0.031666460483307526,1,1
3979,2005-11-23,37.15873015873016,1,1,1,1,"gas,gold,oil,silver",378.86844488455824,5.937189033702879,0.0,0.07731384742737372,5.3031575385580325,1.6683024051544357,0.0,0.11897077114106058,0.06731384742737373,1,1
3980,2006-07-13,37.817460317460316,1,1,0,1,"gold,oil,silver",343.0077933697387,5.837753168102391,0.0,0.04727594776892201,4.169854765122547,1.4278812066964008,0.0,0.07391392165338301,0.037275947768922006,1,1
3981,2006-06-16,37.742063492063494,1,1,1,1,"gas,gold,oil,silver",339.81343513442494,5.8283967468153195,0.0,0.0507140206213954,3.7769479453029735,1.3289162616133647,0.0,0.0790710309320931,0.0407140206213954,1,1
3982,2006-05-25,37.67857142857143,1,1,0,1,"gold,oil,silver",347.46927752675714,5.850676251101509,0.0,0.05360923986558352,4.121072778536077,1.4161135126074533,0.0,0.08341385979837528,0.043609239865583516,1,1
3983,2004-12-09,36.17063492063492,1,1,1,1,"gas,gold,oil,silver",357.1275742988687,5.878093068922209,0.0,0.12237069691505129,3.2175472868089945,1.1686193571350807,0.0,0.18655604537257692,0.11237069691505129,1,1
3984,2006-04-07,37.54365079365079,1,1,0,0,"gold,silver",329.5442221993065,5.797710554950274,0.0,0.05976158075948326,4.6926763162790905,1.546003062833181,0.0,0.09264237113922488,0.04976158075948326,1,1
3985,2005-11-01,37.095238095238095,1,1,1,1,"gas,gold,oil,silver",356.35875217498887,5.875937954260806,0.0,0.08020906667156183,4.941328551283516,1.597634232549407,0.0,0.12331360000734273,0.07020906667156183,1,1
3986,2007-01-03,38.30952380952381,1,1,1,1,"gas,gold,oil,silver",314.4690824050757,5.750885764169958,0.0,0.024837998626464103,3.5790246676700543,1.2750903240959999,0.0,0.04025699793969614,0.014837998626464101,1,1
3987,2005-09-29,37.00396825396825,1,1,1,1,"gas,gold,oil,silver",355.81905258337554,5.8744223223741585,0.0,0.08437094433508226,4.578584814037243,1.5213899578097663,0.0,0.12955641650262337,0.07437094433508226,1,1
3988,2005-08-04,36.845238095238095,1,1,1,1,"gas,gold,oil,silver",367.75852117755426,5.907426530328136,0.0,0.09160899244555255,4.403317090585267,1.4823581411201687,0.0,0.1404134886683288,0.08160899244555256,1,1
3989,2004-10-21,36.03174603174603,1,1,1,1,"gas,gold,oil,silver",243.33331550176658,5.494432172193913,0.0,0.12870398901171282,3.714061095384197,1.3121259128178842,0.0,0.19605598351756917,0.11870398901171281,1,1
3990,2004-12-31,36.23412698412698,1,1,1,1,"gas,gold,oil,silver",322.97374509218724,5.777571035374577,0.0,0.11947547767086317,4.021445439829688,1.3916414001506408,0.0,0.18221321650629474,0.10947547767086317,1,1
3991,2005-12-27,37.25396825396825,1,1,1,1,"gas,gold,oil,silver",305.9059314222479,5.723277641038333,0.0,0.07297101856109155,4.510982554109934,1.5065149910079922,0.0,0.11245652784163732,0.06297101856109155,1,1
3992,2006-09-19,38.007936507936506,1,1,1,0,"gas,gold,silver",309.92839073903934,5.736341273179131,0.0,0.03859029003635766,4.1219040657120285,1.4163152084740016,0.0,0.06088543505453649,0.02859029003635766,1,1
3993,2004-11-02,36.06349206349206,1,1,0,0,"gold,silver",337.7957423897184,5.822441400356195,0.0,0.12725637938961873,3.7093442339845115,1.3108551046576946,0.0,0.19388456908442808,0.11725637938961873,1,1
3994,2005-09-23,36.98809523809524,1,1,1,1,"gas,gold,oil,silver",376.34144091281985,5.930496818861945,0.0,0.08509474914612929,4.70243061346539,1.5480795268402525,0.0,0.13064212371919393,0.07509474914612929,1,1
3995,2005-01-03,36.23809523809524,1,1,0,1,"gold,oil,silver",348.86191694563126,5.854676190460036,0.0,0.11929452646810142,4.085587321723999,1.407465493185135,0.0,0.1819417897021521,0.10929452646810142,1,1
3996,2006-09-12,37.98809523809524,1,1,0,0,"gold,silver",329.5882318557849,5.797844093076861,0.0,0.039495046050166446,4.152041122367259,1.4236000500455763,0.0,0.062242569075249665,0.029495046050166444,1,1
3997,2006-07-28,37.861111111111114,1,0,0,0,gold,355.9936915122484,5.874913010223809,0.0,0.04528548453854268,,,,,0.035285484538542675,1,1
3998,2004-11-18,36.111111111111114,1,1,1,0,"gas,gold,silver",277.9759551298406,5.627534617611256,0.0,0.12508496495647767,3.8716903724127247,1.3536912004143966,0.0,0.19062744743471646,0.11508496495647766,1,1
3999,2005-08-22,36.892857142857146,1,1,1,1,"gas,gold,oil,silver",340.2005715493219,5.829535359999509,0.0,0.08943757801241145,4.6718439546244745,1.5415538448449433,0.0,0.13715636701861716,0.07943757801241146,1,1
4000,2005-02-08,36.34126984126984,1,1,1,1,"gas,gold,oil,silver",399.59295372715934,5.990446413303513,0.0,0.11458979519629572,4.919024669295301,1.593110272904368,0.0,0.17488469279444357,0.10458979519629573,1,1
4001,2006-03-07,37.45238095238095,1,1,0,1,"gold,oil,silver",336.62091574513215,5.818957418106453,0.0,0.06392345842300368,4.739819469807844,1.5559990484432449,0.0,0.0988851876345055,0.053923458423003674,1,1
4002,2004-11-22,36.11904761904762,1,1,0,1,"gold,oil,silver",370.21155617122974,5.9140746156738775,0.0,0.12472306255095414,4.20121813421102,1.4353745151931905,0.0,0.1900845938264312,0.11472306255095414,1,1
4003,2005-08-16,36.87698412698413,1,1,1,1,"gas,gold,oil,silver",339.2504170390955,5.826738528011483,0.0,0.0901613828234585,4.214670003209038,1.4385712973353053,0.0,0.13824207423518772,0.0801613828234585,1,1
4004,2006-06-19,37.74603174603175,1,1,1,0,"gas,gold,silver",322.4266044681627,5.775875527290419,0.0,0.05053306941863364,4.175568266669995,1.4292504608176955,0.0,0.07879960412795045,0.04053306941863364,1,1
4005,2006-12-01,38.21825396825397,1,1,1,1,"gas,gold,oil,silver",315.4541112540334,5.754013223713451,0.0,0.028999876289984516,3.3700201778901966,1.2149187318508547,0.0,0.04649981443497678,0.018999876289984518,1,1
4006,2005-07-28,36.82539682539682,1,0,0,0,gold,350.06081065519606,5.858106884120724,0.0,0.09251374845936133,,,,,0.08251374845936134,1,1
4007,2005-11-25,37.166666666666664,1,1,1,1,"gas,gold,oil,silver",372.2963706054,5.919690232255811,0.0,0.07695194502185021,5.228228626998692,1.6540725260603237,0.0,0.1184279175327753,0.06695194502185021,1,1
4008,2005-10-24,37.07142857142857,0,1,1,0,"gas,silver",,,,,5.0404451099518734,1.6174943936503376,0.0,0.12494216083219857,0.07129477388813238,1,1
4009,2005-03-28,36.476190476190474,1,1,1,1,"gas,gold,oil,silver",339.63492102425727,5.827871279021757,0.0,0.10843745430239597,4.562212485261573,1.5178076999939896,0.0,0.16565618145359395,0.09843745430239598,1,1
4010,2006-10-12,38.07539682539682,1,1,1,1,"gas,gold,oil,silver",327.49646183577966,5.7914772514620765,0.0,0.03551411958940778,3.714697651860989,1.3122972890867892,0.0,0.05627117938411168,0.025514119589407785,1,1
4011,2006-02-09,37.38095238095238,1,1,1,1,"gas,gold,oil,silver",377.4288603110323,5.933382101423041,0.0,0.06718058007271531,5.443876374297394,1.6944913759159075,0.0,0.10377087010907296,0.05718058007271531,1,1
4012,2005-04-27,36.56349206349206,1,1,0,0,"gold,silver",370.82318015286256,5.915725345634397,0.0,0.10445652784163731,5.057639296496822,1.6208998322403994,0.0,0.15968479176245595,0.09445652784163731,1,1
4013,2006-11-24,38.198412698412696,1,1,1,1,"gas,gold,oil,silver",312.7855641178825,5.7455178570879095,0.0,0.029904632303793303,3.809968183090894,1.3376208382089623,0.0,0.04785694845568995,0.0199046323037933,1,1
4014,2005-09-12,36.95238095238095,1,1,1,1,"gas,gold,oil,silver",322.53242568826835,5.776203675951365,0.0,0.0867233099709851,5.0245227700892565,1.6143304783085803,0.0,0.13308496495647762,0.0767233099709851,1,1
4015,2007-03-07,38.48809523809524,1,1,0,1,"gold,oil,silver",305.39233416611773,5.721597291507211,0.0,0.016695194502185023,3.645215816195027,1.2934155725405025,0.0,0.028042791753277535,0.006695194502185023,1,1
4016,2005-12-16,37.226190476190474,1,1,1,1,"gas,gold,oil,silver",405.40123655312203,6.004877284218285,0.0,0.07423767698042384,4.267759609624048,1.4510890079601098,0.0,0.11435651547063576,0.06423767698042385,1,1
4017,2005-05-04,36.583333333333336,1,1,1,1,"gas,gold,oil,silver",369.20463836821284,5.911351065843964,0.0,0.10355177182782853,4.708693340219059,1.549410447080799,0.0,0.1583276577417428,0.09355177182782853,1,1
4018,2006-11-16,38.17460317460318,1,1,1,0,"gas,gold,silver",335.94312071921235,5.81694186205935,0.0,0.030990339520363855,4.0393971392790835,1.3960954578874845,0.0,0.04948550928054578,0.020990339520363853,1,1
4019,2007-02-19,38.44047619047619,1,1,1,1,"gas,gold,oil,silver",321.29982603272987,5.77237472467358,0.0,0.018866608935326105,4.028204899013074,1.3933208422351095,0.0,0.031299913402989155,0.008866608935326105,1,1
4020,2004-10-26,36.04365079365079,1,1,0,1,"gold,oil,silver",298.9175230736286,5.700167692776014,0.0,0.12816113540342755,4.327841739517288,1.4650689742206335,0.0,0.19524170310514127,0.11816113540342754,1,1
4021,2005-12-20,37.23412698412698,1,1,0,0,"gold,silver",345.26195902506674,5.844303430429731,0.0,0.07387577457490033,4.949035118952726,1.5991926321160659,0.0,0.1138136618623505,0.06387577457490033,1,1
4022,2005-12-02,37.18650793650794,1,1,1,1,"gas,gold,oil,silver",351.10843046224363,5.861095094456161,0.0,0.07604718900804142,4.7820438008910005,1.5648680285280618,0.0,0.11707078351206214,0.06604718900804142,1,1
4023,2007-02-21,38.448412698412696,1,1,0,1,"gold,oil,silver",327.9807045128411,5.792954778948974,0.0,0.01850470652980259,3.9251340782276682,1.3674005107089349,0.0,0.030757059794703882,0.00850470652980259,1,1
4024,2005-08-11,36.86507936507937,1,0,1,1,"gas,gold,oil",334.3418103456394,5.812163853944396,0.0,0.09070423643174376,,,,,0.08070423643174376,1,1
4025,2005-05-13,36.611111111111114,1,0,1,0,"gas,gold",331.36348020845304,5.803215900394067,0.0,0.10228511340849622,,,,,0.09228511340849622,1,1
4026,2005-05-20,36.63095238095238,1,1,1,1,"gas,gold,oil,silver",444.0803181348622,6.09600544277253,0.0,0.10138035739468744,3.825929398468943,1.3418014177555224,0.0,0.15507053609203114,0.09138035739468744,1,1
4027,2006-01-06,37.285714285714285,1,0,1,1,"gas,gold,oil",312.9772494967486,5.7461305025845455,0.0,0.07152340893899749,,,,,0.061523408938997486,1,1
4028,2006-06-29,37.77777777777778,1,1,0,1,"gold,oil,silver",353.77539420564756,5.868662232121321,0.0,0.049085459796539575,4.377421654172847,1.4764598876271549,0.0,0.07662818969480936,0.03908545979653957,1,1
4029,2006-05-30,37.69047619047619,1,1,1,1,"gas,gold,oil,silver",336.9907472681185,5.820055473797744,0.0,0.05306638625729824,3.9416790651278055,1.3716067911919096,0.0,0.08259957938594735,0.043066386257298236,1,1
4030,2006-08-24,37.93650793650794,1,1,1,1,"gas,gold,oil,silver",353.16574492047386,5.866937479090091,0.0,0.041847411686069286,4.8542818736629,1.5798611760062968,0.0,0.06577111752910392,0.031847411686069284,1,1
4031,2004-12-08,36.166666666666664,1,1,1,0,"gas,gold,silver",230.84334530718905,5.441739321624733,0.0,0.12255164811781305,3.134012274295756,1.1423140604212956,0.0,0.18682747217671955,0.11255164811781306,1,1
4032,2005-09-16,36.96825396825397,1,1,1,1,"gas,gold,oil,silver",353.09256922164707,5.866730258310885,0.0,0.08599950515993807,4.5037210116954975,1.5049039465777414,0.0,0.1319992577399071,0.07599950515993807,1,1
4033,2005-01-05,36.24603174603175,1,1,1,1,"gas,gold,oil,silver",329.33208772550546,5.797066626862602,0.0,0.1189326240625779,4.457233633123268,1.4945283119585924,0.0,0.18139893609386684,0.1089326240625779,1,1
4034,2006-12-14,38.25396825396825,1,1,1,0,"gas,gold,silver",301.0098852101657,5.707143105439401,0.0,0.027371315465128707,3.3502751272348585,1.2090424699974875,0.0,0.044056973197693056,0.017371315465128708,1,1
4035,2006-02-15,37.3968253968254,1,1,1,1,"gas,gold,oil,silver",379.8456635806466,5.939765021747819,0.0,0.06645677526166828,5.7636713925667085,1.7515746662010068,0.0,0.10268516289250242,0.056456775261668285,1,1
4036,2005-03-01,36.40079365079365,1,1,1,1,"gas,gold,oil,silver",338.2170888262724,5.823687963946882,0.0,0.11187552715486937,5.453605848324249,1.6962770134445213,0.0,0.17081329073230403,0.10187552715486937,1,1
4037,2005-12-22,37.242063492063494,1,1,0,0,"gold,silver",387.45257395691596,5.959593451514556,0.0,0.07351387216937681,4.611176413306839,1.5284830117221193,0.0,0.11327080825406523,0.06351387216937682,1,1
4038,2004-11-30,36.142857142857146,0,1,0,0,silver,,,,,5.260262703730339,1.660180969177444,0.0,0.18845603300157537,0.11363735533438359,1,1
4039,2006-02-14,37.392857142857146,1,0,0,0,gold,383.14621730467485,5.948416684745141,0.0,0.06663772646443004,,,,,0.05663772646443004,1,1
4040,2007-04-09,38.57936507936508,1,1,0,1,"gold,oil,silver",328.4184286882195,5.7942884925939895,0.0,0.012533316838664607,4.561554837481366,1.5176635385400457,0.0,0.021799975257996908,0.002533316838664607,1,1
4041,2005-03-22,36.46031746031746,1,1,1,1,"gas,gold,oil,silver",370.57131601318594,5.915045912078663,0.0,0.109161259113443,3.7890953475144062,1.3321272960150201,0.0,0.16674188867016448,0.099161259113443,1,1
4042,2006-08-15,37.90873015873016,1,1,0,0,"gold,silver",340.3079925107715,5.82985106789215,0.0,0.043114070105401595,4.39175952739749,1.4797299502942107,0.0,0.06767110515810239,0.03311407010540159,1,1
4043,2007-01-12,38.33730158730159,1,1,1,1,"gas,gold,oil,silver",302.4494342905738,5.7119141041282075,0.0,0.023571340207131804,3.524055437690387,1.2596124394173875,0.0,0.0383570103106977,0.013571340207131804,1,1
4044,2005-06-15,36.70238095238095,1,1,1,1,"gas,gold,oil,silver",331.38759437778185,5.803288670308033,0.0,0.09812323574497582,4.810058173601997,1.570709178348484,0.0,0.1501848536174637,0.08812323574497583,1,1
4045,2005-05-05,36.58730158730159,1,1,0,1,"gold,oil,silver",330.8745424888053,5.8017392778150825,0.0,0.10337082062506678,3.453633639418573,1.239426905603914,0.0,0.15805623093760016,0.09337082062506678,1,1
4046,2006-03-23,37.5,1,1,1,0,"gas,gold,silver",335.86742554718097,5.816716515277367,0.0,0.061752043989862594,4.454864343213735,1.493996610002074,0.0,0.09562806598479388,0.05175204398986259,1,1
4047,2006-03-24,37.50396825396825,1,1,1,1,"gas,gold,oil,silver",346.1399741484727,5.846843242811673,0.0,0.061571092787100844,4.731953946797162,1.5543382137773956,0.0,0.09535663918065125,0.05157109278710084,1,1
4048,2005-09-06,36.93650793650794,1,1,1,1,"gas,gold,oil,silver",366.4163082233318,5.903770141152618,0.0,0.08744711478203211,4.665962908346436,1.5402942242205429,0.0,0.13417067217304818,0.07744711478203212,1,1
4049,2004-11-17,36.107142857142854,1,1,1,1,"gas,gold,oil,silver",276.70103262178856,5.622937618704198,0.0,0.1252659161592394,4.012466181758324,1.389406060198392,0.0,0.1908988742388591,0.11526591615923941,1,1
4050,2005-10-26,37.07936507936508,1,1,1,0,"gas,gold,silver",300.1813212489517,5.704386696240741,0.0,0.08093287148260886,5.0812996324321364,1.6255670620266014,0.0,0.1243993072239133,0.07093287148260886,1,1
4051,2006-09-26,38.02777777777778,1,1,1,1,"gas,gold,oil,silver",317.4041969141954,5.760176030796934,0.0,0.037685534022548865,3.767221202841265,1.3263376482073472,0.0,0.0595283010338233,0.027685534022548863,1,1
4052,2006-01-18,37.317460317460316,1,1,0,0,"gold,silver",323.67100151335967,5.7797275724687305,0.0,0.07007579931690343,4.943401158683924,1.5980535879575155,0.0,0.10811369897535514,0.060075799316903426,1,1
4053,2007-01-11,38.333333333333336,1,1,1,1,"gas,gold,oil,silver",304.12858973719113,5.71745060452664,0.0,0.02375229140989356,3.4963982167564627,1.2517333577013174,0.0,0.03862843711484033,0.01375229140989356,1,1
4054,2005-01-28,36.31349206349206,1,1,1,1,"gas,gold,oil,silver",339.994485140421,5.828929397303426,0.0,0.11585645361562802,3.9382516280395508,1.3707368755954767,0.0,0.17678468042344203,0.10585645361562802,1,1
4055,2004-10-27,36.04761904761905,1,1,0,1,"gold,oil,silver",300.69128951728476,5.706084122223025,0.0,0.12798018420066576,3.828888752055717,1.3425746180265192,0.0,0.1949702763009986,0.11798018420066576,1,1
4056,2007-04-05,38.57142857142857,1,1,0,1,"gold,oil,silver",324.038144018898,5.780861237316268,0.0,0.01289521924418812,4.389440104129136,1.4792016800305519,0.0,0.02234282886628218,0.0028952192441881203,1,1
4057,2005-07-06,36.76190476190476,1,1,1,1,"gas,gold,oil,silver",321.6294010176234,5.773399954200859,0.0,0.09540896770354945,3.2096884037262723,1.1661738619400217,0.0,0.14611345155532415,0.08540896770354946,1,1
4058,2006-09-21,38.01587301587302,1,0,1,1,"gas,gold,oil",325.0947866837952,5.784116791142509,0.0,0.03822838763083415,,,,,0.02822838763083415,1,1
4059,2005-12-13,37.214285714285715,1,1,0,0,"gold,silver",319.777357709783,5.767624996485508,0.0,0.07478053058870912,4.193832681936065,1.4336150370573226,0.0,0.11517079588306368,0.06478053058870913,1,1
4060,2005-05-24,36.638888888888886,1,1,1,0,"gas,gold,silver",330.84494061662235,5.801649808265044,0.0,0.10101845498916392,3.9660261992860404,1.3777646360480593,0.0,0.15452768248374588,0.09101845498916393,1,1
4061,2005-08-26,36.90873015873016,1,1,0,1,"gold,oil,silver",326.83958784555506,5.789469493487548,0.0,0.08871377320136443,3.951816774758982,1.374175416148639,0.0,0.13607065980204663,0.07871377320136444,1,1
4062,2005-04-06,36.50396825396825,1,1,1,1,"gas,gold,oil,silver",308.89690173959343,5.73300756989558,0.0,0.10717079588306368,5.153157682338048,1.639609668982328,0.0,0.1637561938245955,0.09717079588306368,1,1
4063,2006-06-01,37.698412698412696,1,1,1,1,"gas,gold,oil,silver",339.018664685305,5.826055163933557,0.0,0.052704483851774724,3.944613662360676,1.3723510185417496,0.0,0.08205672577766208,0.04270448385177472,1,1
4064,2007-02-05,38.40079365079365,0,1,1,0,"gas,silver",,,,,3.6741687125224005,1.301326906403392,0.0,0.03401418144441552,0.010676120962943684,1,1
4065,2005-07-25,36.81349206349206,1,1,1,1,"gas,gold,oil,silver",375.55667273664267,5.92840938587896,0.0,0.0930566020676466,3.122811908858187,1.1387338487760648,0.0,0.1425849031014699,0.0830566020676466,1,1
4066,2005-10-04,37.01587301587302,1,1,1,1,"gas,gold,oil,silver",362.75393755758626,5.89372474644718,0.0,0.08382809072679699,4.2718075648224705,1.4520370549556822,0.0,0.12874213609019547,0.073828090726797,1,1
4067,2005-04-04,36.49603174603175,1,1,1,1,"gas,gold,oil,silver",341.8199225697341,5.834284056196824,0.0,0.10753269828858719,4.648909076434541,1.5366325848563083,0.0,0.16429904743288076,0.0975326982885872,1,1
4068,2006-06-14,37.73412698412698,1,1,1,1,"gas,gold,oil,silver",346.6171515076486,5.848220861076345,0.0,0.051075923026918914,4.533107214443027,1.5114076236629104,0.0,0.07961388454037836,0.04107592302691891,1,1
4069,2006-12-11,38.242063492063494,1,1,1,1,"gas,gold,oil,silver",309.5436034598019,5.7350989657549745,0.0,0.02791416907341398,3.283675284268571,1.18896330858588,0.0,0.04487125361012097,0.017914169073413977,1,1
4070,2004-11-24,36.12698412698413,1,0,1,1,"gas,gold,oil",367.29580807864374,5.906167539960723,0.0,0.12436116014543061,,,,,0.11436116014543062,1,1
4071,2006-12-18,38.26190476190476,1,1,0,1,"gold,oil,silver",311.14463793357345,5.7402578778073545,0.0,0.027009413059605192,3.468702899643634,1.2437807199393047,0.0,0.04351411958940779,0.017009413059605193,1,1
4072,2005-03-14,36.43650793650794,1,1,1,1,"gas,gold,oil,silver",384.947643387153,5.953107333837942,0.0,0.11024696633001355,3.9762985691782964,1.3803513788266848,0.0,0.1683704494950203,0.10024696633001355,1,1
4073,2005-12-07,37.198412698412696,1,0,0,1,"gold,oil",350.02340390698964,5.8580000205535585,0.0,0.07550433539975615,,,,,0.06550433539975616,1,1
4074,2005-06-06,36.67460317460318,1,1,1,1,"gas,gold,oil,silver",325.77146662602115,5.7861961129158885,0.0,0.09938989416430812,4.6925797602598465,1.5459824867256224,0.0,0.15208484124646215,0.08938989416430812,1,1
4075,2006-01-26,37.34126984126984,1,1,1,1,"gas,gold,oil,silver",359.8467767749812,5.885678320778728,0.0,0.06899009210033288,4.89118650114331,1.5874349123254918,0.0,0.10648513815049933,0.05899009210033289,1,1
4076,2005-06-21,36.71825396825397,1,1,1,1,"gas,gold,oil,silver",336.30997169670496,5.81803326950112,0.0,0.09739943093392879,5.373827979002658,1.6815404998191676,0.0,0.14909914640089317,0.0873994309339288,1,1
4077,2006-01-25,37.33730158730159,1,1,1,1,"gas,gold,oil,silver",358.0572745721883,5.880692958443006,0.0,0.06917104330309465,5.959335159607241,1.78495892445358,0.0,0.10675656495464196,0.059171043303094646,1,1
4078,2006-04-05,37.535714285714285,1,1,0,1,"gold,oil,silver",360.91017419461645,5.888629102425157,0.0,0.06012348316500678,4.431738244400452,1.4887918873218904,0.0,0.09318522474751015,0.050123483165006776,1,1
4079,2006-05-04,37.61904761904762,1,1,1,1,"gas,gold,oil,silver",312.8038447445027,5.745576299978299,0.0,0.05632350790700987,3.778912092271359,1.329436161929903,0.0,0.08748526186051479,0.04632350790700987,1,1
4080,2005-06-09,36.68650793650794,1,1,1,1,"gas,gold,oil,silver",375.41100199878406,5.92802143112515,0.0,0.09884704055602284,4.696643272791279,1.5468480562771882,0.0,0.15127056083403426,0.08884704055602284,1,1
4081,2006-07-27,37.857142857142854,1,1,1,1,"gas,gold,oil,silver",327.47447634493113,5.791410117213593,0.0,0.04546643574130443,3.90067935352683,1.3611507311777324,0.0,0.07119965361195664,0.035466435741304425,1,1
4082,2005-10-28,37.08730158730159,1,1,1,1,"gas,gold,oil,silver",345.4696644362343,5.844904837431736,0.0,0.08057096907708536,4.859054927642606,1.5808439596699377,0.0,0.12385645361562803,0.07057096907708536,1,1
4083,2006-10-02,38.04365079365079,1,1,1,1,"gas,gold,oil,silver",327.0672178180395,5.790165708849455,0.0,0.036961729211501836,3.7827743924280197,1.3304577066607914,0.0,0.05844259381725275,0.026961729211501837,1,1
4084,2004-10-20,36.02777777777778,1,1,1,0,"gas,gold,silver",283.9749173800734,5.6488859151765975,0.0,0.12888494021447455,2.8926528944039314,1.0621740376010473,0.0,0.1963274103217118,0.11888494021447456,1,1
4085,2005-08-25,36.904761904761905,1,1,1,0,"gas,gold,silver",344.5543735236098,5.842251911159341,0.0,0.08889472440412619,5.519682686577248,1.7083203743210014,0.0,0.13634208660618927,0.07889472440412619,1,1
4086,2007-03-21,38.52777777777778,1,1,1,1,"gas,gold,oil,silver",314.7718617776502,5.751848128106195,0.0,0.014885682474567443,3.8945366395610694,1.3595747093605899,0.0,0.025328523711851163,0.004885682474567443,1,1
4087,2006-12-21,38.273809523809526,1,1,1,1,"gas,gold,oil,silver",315.2320957987117,5.753309179572293,0.0,0.026466559451319913,3.547249959778384,1.2661726440664693,0.0,0.042699839176979865,0.01646655945131991,1,1
4088,2007-01-10,38.32936507936508,1,0,1,0,"gas,gold",306.9349147173937,5.726635720933264,0.0,0.023933242612655316,,,,,0.013933242612655317,1,1
4089,2005-11-18,37.1468253968254,1,1,1,1,"gas,gold,oil,silver",362.76330075353894,5.893750557538795,0.0,0.07785670103565899,4.954163665159062,1.6002283674934135,0.0,0.11978505155348848,0.067856701035659,1,1
4090,2004-11-23,36.12301587301587,1,1,1,1,"gas,gold,oil,silver",362.4854429377276,5.892984316075234,0.0,0.12454211134819239,4.668034805593086,1.5407381706075418,0.0,0.18981316702228856,0.1145421113481924,1,1
4091,2006-11-01,38.13095238095238,1,1,1,0,"gas,gold,silver",317.2564295738227,5.759710372973286,0.0,0.03298080275074318,3.6983474052253973,1.3078860726372117,0.0,0.052471204126114765,0.022980802750743178,1,1
4092,2006-09-11,37.98412698412698,1,1,1,1,"gas,gold,oil,silver",347.6167408295073,5.851100553421131,0.0,0.039675997252928204,4.269303012102208,1.4514505849013513,0.0,0.0625139958793923,0.029675997252928202,1,1
4093,2005-04-26,36.55952380952381,1,1,0,0,"gold,silver",362.7662564357133,5.893758705193553,0.0,0.10463747904439907,5.636814504743566,1.7293191018245537,0.0,0.15995621856659858,0.09463747904439908,1,1
4094,2005-01-17,36.27777777777778,1,0,1,1,"gas,gold,oil",303.6325297157146,5.715818186407886,0.0,0.11748501444048384,,,,,0.10748501444048385,1,1
4095,2005-08-12,36.86904761904762,1,1,1,1,"gas,gold,oil,silver",333.0274792055491,5.808225006712629,0.0,0.09052328522898201,4.2172471981838795,1.439182592487651,0.0,0.13878492784347302,0.08052328522898201,1,1
4096,2005-01-13,36.26984126984127,1,1,0,1,"gold,oil,silver",306.18154546340946,5.724178211856058,0.0,0.11784691684600736,4.209884858024672,1.437435297682437,0.0,0.17977037526901102,0.10784691684600736,1,1
4097,2005-03-23,36.464285714285715,1,1,0,1,"gold,oil,silver",330.02694655645695,5.799174307358525,0.0,0.10898030791068124,6.162582236116476,1.8184958838828493,0.0,0.16647046186602185,0.09898030791068124,1,1
4098,2005-09-26,36.992063492063494,1,0,1,1,"gas,gold,oil",357.52130919102876,5.879194966486439,0.0,0.08491379794336752,,,,,0.07491379794336753,1,1
4099,2006-10-23,38.1031746031746,1,1,1,1,"gas,gold,oil,silver",324.2062266014201,5.781379815167173,0.0,0.034247461170075474,3.7981890737233286,1.334524393595257,0.0,0.05437119175511321,0.024247461170075476,1,1
4100,2005-08-23,36.8968253968254,1,1,0,1,"gold,oil,silver",372.539360652877,5.920342698419557,0.0,0.0892566268096497,3.4425187230215246,1.2362033903920917,0.0,0.13688494021447453,0.0792566268096497,1,1
4101,2006-07-06,37.79761904761905,1,1,1,1,"gas,gold,oil,silver",316.07626903784023,5.755983542179509,0.0,0.048180703782730795,3.6925861728096776,1.306327072404894,0.0,0.07527105567409619,0.03818070378273079,1,1
4102,2005-09-27,36.99603174603175,1,1,0,1,"gold,oil,silver",366.7041112470468,5.904555286487153,0.0,0.08473284674060577,4.957093259525392,1.6008195325643848,0.0,0.13009927011090866,0.07473284674060578,1,1
4103,2005-10-14,37.04761904761905,1,1,0,1,"gold,oil,silver",308.54233760753306,5.731859070906727,0.0,0.08238048110470293,5.3920927803515015,1.6849335805004497,0.0,0.12657072165705438,0.07238048110470294,1,1
4104,2007-02-26,38.46031746031746,1,1,1,0,"gas,gold,silver",308.4259091712409,5.7314816497402985,0.0,0.01796185292151732,3.7265082020568463,1.3154716563453326,0.0,0.029942779382275977,0.007961852921517321,1,1
4105,2004-10-19,36.023809523809526,1,1,1,1,"gas,gold,oil,silver",278.17814451434765,5.628261716066681,0.0,0.12906589141723632,3.4236074280147575,1.230694798673261,0.0,0.19659883712585446,0.11906589141723632,1,1
4106,2007-01-09,38.32539682539682,1,1,1,1,"gas,gold,oil,silver",317.746139289104,5.761252759843441,0.0,0.024114193815417073,3.541649694105004,1.2645926338781832,0.0,0.03917129072312561,0.014114193815417075,1,1
4107,2007-03-26,38.53968253968254,1,1,0,1,"gold,oil,silver",311.14028277756006,5.7402438805020415,0.0,0.014342828866282173,3.9499605246975924,1.3737055851156477,0.0,0.02451424329942326,0.0043428288662821736,1,1
4108,2006-10-27,38.11904761904762,1,1,1,1,"gas,gold,oil,silver",316.4385811618479,5.757129166392189,0.0,0.033523656359028445,3.6776155159610693,1.3022645845463012,0.0,0.05328548453854266,0.023523656359028446,1,1
4109,2004-12-17,36.19444444444444,1,1,1,1,"gas,gold,oil,silver",355.44528725736285,5.8733713337628055,0.0,0.12128498969848076,4.183076493778571,1.4310469791153722,0.0,0.18492748454772112,0.11128498969848076,1,1
4110,2006-07-21,37.84126984126984,1,1,1,1,"gas,gold,oil,silver",342.9935600924248,5.837711671748939,0.0,0.04619024055235147,4.442897835311201,1.4913068291611917,0.0,0.0722853608285272,0.03619024055235147,1,1
4111,2006-01-23,37.32936507936508,1,1,0,1,"gold,oil,silver",320.0955749441889,5.768619622900849,0.0,0.06953294570861816,5.180812247004345,1.6449618484198536,0.0,0.10729941856292724,0.05953294570861816,1,1
4112,2006-12-12,38.24603174603175,1,1,1,1,"gas,gold,oil,silver",299.4720903145705,5.702021225615843,0.0,0.02773321787065222,3.26933749408153,1.184587363184458,0.0,0.04459982680597833,0.01773321787065222,1,1
4113,2005-11-10,37.12301587301587,1,0,0,0,gold,339.7471563111224,5.828201683051037,0.0,0.07894240825222953,,,,,0.06894240825222954,1,1
4114,2006-05-10,37.63492063492063,0,1,0,0,silver,,,,,4.1119549219772065,1.4138985655385934,0.0,0.08639955464394426,0.04559970309596284,1,1
4115,2005-02-17,36.36904761904762,1,1,0,1,"gold,oil,silver",417.13682643553256,6.033414288927415,0.0,0.11332313677696343,4.010428357254122,1.3888980578712726,0.0,0.17298470516544512,0.10332313677696343,1,1
4116,2004-11-19,36.11507936507937,1,1,1,1,"gas,gold,oil,silver",256.00596211411465,5.5452007337166265,0.0,0.1249040137537159,4.231471208775464,1.4425497360815898,0.0,0.19035602063057383,0.11490401375371591,1,1
4117,2004-11-03,36.067460317460316,1,1,0,1,"gold,oil,silver",340.2147233871148,5.829576957647006,0.0,0.127075428186857,3.41818608390482,1.2291100255475778,0.0,0.19361314228028545,0.11707542818685698,1,1
4118,2005-12-19,37.23015873015873,1,1,0,1,"gold,oil,silver",320.2338210099739,5.769051419625493,0.0,0.07405672577766209,5.186356196852682,1.6460313690718666,0.0,0.11408508866649313,0.0640567257776621,1,1
4119,2006-08-18,37.92063492063492,0,1,1,1,"gas,oil,silver",,,,,4.448210468503667,1.4925018733881186,0.0,0.06685682474567448,0.03257121649711632,1,1
4120,2004-10-28,36.051587301587304,1,0,1,0,"gas,gold",257.52285449312143,5.551108471478364,0.0,0.12779923299790402,,,,,0.11779923299790401,1,1
4121,2004-12-10,36.17460317460318,1,1,1,1,"gas,gold,oil,silver",275.92564564088985,5.620131429570643,0.0,0.12218974571228954,4.543187946395686,1.5136289564686751,0.0,0.18628461856843428,0.11218974571228954,1,1
4122,2005-07-15,36.78968253968254,1,1,0,1,"gold,oil,silver",350.7232924823968,5.859997572056088,0.0,0.09414230928421714,3.6212144341637744,1.2868094486279318,0.0,0.1442134639263257,0.08414230928421715,1,1
4123,2005-11-03,37.1031746031746,1,1,1,1,"gas,gold,oil,silver",370.2057450640328,5.9140589188305235,0.0,0.07984716426603831,5.036677192962147,1.6167465775472758,0.0,0.12277074639905747,0.06984716426603832,1,1
4124,2005-02-28,36.3968253968254,0,1,0,0,silver,,,,,4.48387014375335,1.5004865448782903,0.0,0.17108471753644666,0.10205647835763113,1,1
4125,2006-06-27,37.76984126984127,1,0,1,0,"gas,gold",318.67053074885445,5.764157750090699,0.0,0.049447362202063104,,,,,0.0394473622020631,1,1
4126,2006-01-02,37.26984126984127,1,1,0,1,"gold,oil,silver",297.286710162819,5.694697027231669,0.0,0.0722472137500445,4.728568720836578,1.5536225606947922,0.0,0.11137082062506676,0.06224721375004451,1,1
4127,2006-05-29,37.68650793650794,0,0,0,1,oil,,,,,,,,,0.04324733746006001,1,1
4128,2006-03-02,37.44047619047619,1,1,1,1,"gas,gold,oil,silver",336.57686361898163,5.818826543859497,0.0,0.06446631203128896,4.886146377625884,1.586403930967619,0.0,0.09969946804693343,0.05446631203128896,1,1
4129,2004-11-16,36.1031746031746,1,1,1,1,"gas,gold,oil,silver",286.02349783091097,5.656073967692825,0.0,0.12544686736200117,6.747459430247436,1.9091660533313597,0.0,0.19117030104300173,0.11544686736200117,1,1
4130,2005-05-18,36.62301587301587,1,1,1,0,"gas,gold,silver",322.07472304363756,5.774783577764582,0.0,0.10174225980021095,4.158565968570375,1.4251702957502275,0.0,0.1556133897003164,0.09174225980021096,1,1
4131,2005-12-08,37.20238095238095,1,1,1,1,"gas,gold,oil,silver",325.1033848375069,5.784143238936701,0.0,0.0753233841969944,3.9418297788357037,1.3716450263764954,0.0,0.1159850762954916,0.0653233841969944,1,1
4132,2005-02-01,36.32142857142857,1,1,1,1,"gas,gold,oil,silver",382.89724025595,5.9477666509773846,0.0,0.1154945512101045,5.007384338312929,1.6109136906002026,0.0,0.17624182681515674,0.10549455121010451,1,1
4133,2007-01-02,38.30555555555556,1,1,1,0,"gas,gold,silver",314.755833331491,5.751797205974294,0.0,0.025018949829225857,3.3772550399727073,1.2170632611969,0.0,0.04052842474383878,0.015018949829225857,1,1
4134,2005-02-16,36.36507936507937,1,1,0,1,"gold,oil,silver",302.7884282068468,5.713034304871509,0.0,0.11350408797972518,4.498940844158371,1.503842001108081,0.0,0.17325613196958775,0.10350408797972518,1,1
4135,2005-03-31,36.48809523809524,1,1,0,0,"gold,silver",353.82251165130856,5.868795407884959,0.0,0.1078946006941107,4.762878232772656,1.5608521562541895,0.0,0.16484190104116603,0.09789460069411071,1,1
4136,2005-08-01,36.833333333333336,1,1,1,1,"gas,gold,oil,silver",308.9438375095003,5.733159504745504,0.0,0.09215184605383782,4.801649070678597,1.5689594153032358,0.0,0.1412277690807567,0.08215184605383782,1,1
4137,2004-10-12,36.00396825396825,1,1,1,1,"gas,gold,oil,silver",370.3254480414596,5.914382208327533,0.0,0.1299706474310451,3.856937988936572,1.3498736015590111,0.0,0.19795597114656763,0.1199706474310451,1,1
4138,2007-02-13,38.42460317460318,1,1,1,1,"gas,gold,oil,silver",313.1664864659388,5.746734954770467,0.0,0.019590413746373145,3.84928902021404,1.3478884611717998,0.0,0.03238562061955971,0.009590413746373145,1,1
4139,2005-09-05,36.932539682539684,1,1,1,0,"gas,gold,silver",327.2026897472011,5.790579825193585,0.0,0.08762806598479388,4.599864997803626,1.5260269547608198,0.0,0.1344420989771908,0.07762806598479388,1,1
4140,2007-03-12,38.5,1,1,1,0,"gas,gold,silver",305.79852719239983,5.722926477238759,0.0,0.016152340893899754,3.6814154494721554,1.3032973112372641,0.0,0.02722851134084963,0.006152340893899754,1,1
4141,2005-06-16,36.70634920634921,1,1,1,1,"gas,gold,oil,silver",313.5993143633916,5.748116102132637,0.0,0.09794228454221406,4.545084300531604,1.5140462754291808,0.0,0.14991342681332107,0.08794228454221406,1,1
4142,2007-01-01,38.301587301587304,1,0,0,0,gold,308.96597894265614,5.733231170327036,0.0,0.025199901031987614,,,,,0.015199901031987614,1,1
4143,2004-10-29,36.05555555555556,1,1,1,0,"gas,gold,silver",342.8808909090897,5.8373831300335155,0.0,0.12761828179514226,5.455565792631713,1.6966363339122998,0.0,0.19442742269271335,0.11761828179514225,1,1
4144,2009-05-18,40.76190476190476,1,1,1,1,"gas,gold,oil,silver",399.1983815496798,5.989458490194822,0.0,0.03459838720040691,3.495629826552785,1.2515135673337698,0.0,0.05489758080061036,0.02459838720040691,1,1
4145,2009-07-28,40.964285714285715,1,1,1,1,"gas,gold,oil,silver",400.9138940761447,5.9937466762595495,0.0,0.028357005373437986,4.301581238148019,1.4589826849053489,0.0,0.04553550806015698,0.018357005373437988,1,1
4146,2008-01-22,39.3968253968254,1,1,0,1,"gold,oil,silver",275.55158392496276,5.618774848543399,0.0,0.07669711952349136,3.650589740631573,1.2948887273186984,0.0,0.11804567928523706,0.06669711952349136,1,1
4147,2008-04-02,39.59920634920635,1,1,0,0,"gold,silver",342.4334484157869,5.836077327626631,0.0,0.07045573769652244,3.6829708408220774,1.3037197201962019,0.0,0.10868360654478368,0.060455737696522446,1,1
4148,2008-03-28,39.58730158730159,1,1,1,1,"gas,gold,oil,silver",323.95514266322346,5.7806050576371435,0.0,0.07082287780399121,3.0127917747976887,1.1028671488312862,0.0,0.10923431670598682,0.06082287780399122,1,1
4149,2009-06-30,40.88492063492063,1,1,1,1,"gas,gold,oil,silver",416.26334128513656,6.03131809191649,0.0,0.030804606089896387,4.231321978927733,1.44251446880176,0.0,0.04920690913484459,0.02080460608989639,1,1
4150,2009-01-07,40.392857142857146,0,1,1,1,"gas,oil,silver",,,,,3.338182530440667,1.2054265063211986,0.0,0.0719695957979077,0.03597973053193846,1,1
4151,2007-12-21,39.30952380952381,1,1,1,1,"gas,gold,oil,silver",304.37910624684514,5.7182739844952435,0.0,0.07938948031159561,4.188992417832726,1.4324602319448128,0.0,0.12208422046739342,0.06938948031159561,1,1
4152,2009-07-16,40.932539682539684,1,1,1,1,"gas,gold,oil,silver",394.6204113052489,5.977924318822584,0.0,0.029336045660021348,4.556127961716505,1.516473131607663,0.0,0.047004068490032025,0.01933604566002135,1,1
4153,2008-02-29,39.507936507936506,1,1,1,0,"gas,gold,silver",293.50494545442086,5.681894489056076,0.0,0.07327047852044961,4.203779414898825,1.4359839813476114,0.0,0.11290571778067443,0.06327047852044962,1,1
4154,2008-06-09,39.78968253968254,1,1,1,1,"gas,gold,oil,silver",350.9606921110154,5.860674228907004,0.0,0.0645814959770223,3.407892321749217,1.22609401273705,0.0,0.09987224396553344,0.0545814959770223,1,1
4155,2009-10-02,41.154761904761905,1,1,1,1,"gas,gold,oil,silver",403.989168018234,6.001388065765652,0.0,0.022482763653937837,4.441834571931379,1.4910674829803139,0.0,0.03672414548090676,0.012482763653937837,1,1
4156,2009-09-02,41.067460317460316,1,1,1,1,"gas,gold,oil,silver",406.0552578408297,6.006489253396783,0.0,0.025175124442042073,4.581723874596776,1.5220753191418142,0.0,0.04076268666306311,0.015175124442042073,1,1
4157,2007-08-08,38.92460317460318,1,1,1,1,"gas,gold,oil,silver",310.1561432303141,5.737075858510774,0.0,0.09126034378641884,3.369169123234073,1.2146661629964657,0.0,0.13989051567962826,0.08126034378641885,1,1
4158,2007-08-24,38.97222222222222,1,1,0,1,"gold,oil,silver",272.092814221265,5.606143236845357,0.0,0.0897917833565438,4.499532546645668,1.5039735128573417,0.0,0.13768767503481572,0.0797917833565438,1,1
4159,2007-08-10,38.932539682539684,1,1,1,1,"gas,gold,oil,silver",377.5601476230129,5.9337298874488615,0.0,0.091015583714773,3.4958369451863733,1.2515728163126782,0.0,0.1395233755721595,0.081015583714773,1,1
4160,2008-03-20,39.56349206349206,1,0,0,0,gold,339.3894696560606,5.827148325966591,0.0,0.07155715801892873,,,,,0.06155715801892873,1,1
4161,2008-07-11,39.88492063492063,1,1,1,1,"gas,gold,oil,silver",397.8100209641145,5.985974557063154,0.0,0.06164437511727222,3.5048652209525732,1.2541520663813188,0.0,0.09546656267590832,0.05164437511727222,1,1
4162,2007-10-30,39.15873015873016,1,1,0,1,"gold,oil,silver",337.32885862775277,5.821058296153829,0.0,0.08403992167286656,4.980849146463185,1.6056003878391445,0.0,0.12905988250929984,0.07403992167286656,1,1
4163,2007-12-27,39.32539682539682,1,1,1,1,"gas,gold,oil,silver",281.2330854031961,5.639183810921464,0.0,0.07889996016830393,3.5202685421908417,1.258537277095167,0.0,0.12134994025245589,0.06889996016830394,1,1
4164,2009-06-11,40.833333333333336,1,1,1,1,"gas,gold,oil,silver",394.83481343687305,5.978467483602994,0.0,0.03239554655559435,3.903146280333261,1.3617829664439591,0.0,0.05159331983339152,0.02239554655559435,1,1
4165,2008-04-10,39.62301587301587,1,1,1,1,"gas,gold,oil,silver",345.1806998945258,5.844068047723097,0.0,0.06972145748158493,4.49643819753439,1.5032855717065068,0.0,0.1075821862223774,0.05972145748158493,1,1
4166,2009-06-19,40.857142857142854,0,1,1,1,"gas,oil,silver",,,,,4.2805442831300535,1.4540801704640391,0.0,0.05049189951098523,0.021661266340656828,1,1
4167,2008-09-09,40.051587301587304,1,0,1,1,"gas,gold,oil",380.09713326895366,5.940426833922441,0.0,0.05650441361270958,,,,,0.04650441361270958,1,1
4168,2008-06-12,39.801587301587304,1,1,1,1,"gas,gold,oil,silver",345.19254379510073,5.844102359309429,0.0,0.06421435586955353,4.357406310656703,1.4718769974710166,0.0,0.0993215338043303,0.05421435586955353,1,1
4169,2008-02-13,39.46031746031746,1,1,1,1,"gas,gold,oil,silver",314.4312273203654,5.750765379160853,0.0,0.07473903895032465,3.4502980550531657,1.2384606200806616,0.0,0.11510855842548696,0.06473903895032465,1,1
4170,2008-12-09,40.30952380952381,1,1,1,1,"gas,gold,oil,silver",444.97371747176106,6.098015218560809,0.0,0.04854971128421979,4.520992018812618,1.508731442952055,0.0,0.07582456692632968,0.03854971128421979,1,1
4171,2009-12-18,41.37301587301587,1,1,1,1,"gas,gold,oil,silver",468.9808589603832,6.15056195516222,0.0,0.01575186168367724,5.194010287664495,1.6475060939210162,0.0,0.026627792525515857,0.0057518616836772386,1,1
4172,2008-04-22,39.654761904761905,1,1,1,0,"gas,gold,silver",323.6323390608408,5.779608115484218,0.0,0.06874241719500157,4.836376261451195,1.576165733996256,0.0,0.10611362579250236,0.058742417195001576,1,1
4173,2009-01-14,40.41269841269841,1,1,1,1,"gas,gold,oil,silver",404.61811998107544,6.002943708656869,0.0,0.045367830352823865,3.521586947927691,1.2589117254927815,0.0,0.0710517455292358,0.03536783035282386,1,1
4174,2007-07-23,38.87698412698413,1,1,1,1,"gas,gold,oil,silver",328.41649732924105,5.794282611789233,0.0,0.09272890421629389,3.974938029306222,1.380009157873126,0.0,0.1420933563244408,0.08272890421629389,1,1
4175,2009-06-29,40.88095238095238,1,1,1,1,"gas,gold,oil,silver",409.35781524541795,6.014589627481954,0.0,0.030926986125719313,4.283251917172204,1.4547125148283944,0.0,0.04939047918857897,0.02092698612571931,1,1
4176,2009-05-06,40.73015873015873,1,1,1,1,"gas,gold,oil,silver",405.8653309894679,6.0060214075078155,0.0,0.03557742748699027,3.812999270346145,1.338416089515887,0.0,0.0563661412304854,0.025577427486990267,1,1
4177,2007-10-03,39.083333333333336,1,1,1,1,"gas,gold,oil,silver",303.901426442801,5.716703393701797,0.0,0.08636514235350204,3.668364800109048,1.2997460042223794,0.0,0.13254771353025308,0.07636514235350204,1,1
4178,2007-10-19,39.13095238095238,1,1,0,1,"gold,oil,silver",315.8258434375446,5.755190933297652,0.0,0.08489658192362701,4.049925173392922,1.3986984052423186,0.0,0.1303448728854405,0.07489658192362701,1,1
4179,2007-08-21,38.96031746031746,1,0,0,0,gold,303.84632920237107,5.716522077555192,0.0,0.09015892346401255,,,,,0.08015892346401256,1,1
4180,2008-05-16,39.726190476190474,1,1,1,1,"gas,gold,oil,silver",365.31684354480745,5.900765041538717,0.0,0.06653957655018901,3.5892766509676175,1.277950692217189,0.0,0.10280936482528352,0.056539576550189014,1,1
4181,2008-09-01,40.02777777777778,1,0,0,1,"gold,oil",342.8262901568751,5.837223876189199,0.0,0.0572386938276471,,,,,0.047238693827647095,1,1
4182,2007-09-28,39.07142857142857,1,1,1,1,"gas,gold,oil,silver",326.3544871092332,5.787984174363856,0.0,0.0867322824609708,4.461784583230048,1.4955488167700735,0.0,0.1330984236914562,0.0767322824609708,1,1
4183,2008-06-04,39.77777777777778,1,1,1,1,"gas,gold,oil,silver",359.7783843934598,5.885488242984294,0.0,0.06494863608449106,3.709985806708654,1.311028050927027,0.0,0.10042295412673659,0.054948636084491055,1,1
4184,2008-03-06,39.523809523809526,1,1,1,1,"gas,gold,oil,silver",332.28875182516333,5.8060043253298135,0.0,0.07278095837715792,3.865668475273445,1.3521346231704787,0.0,0.11217143756573689,0.06278095837715793,1,1
4185,2007-11-16,39.21031746031746,1,0,1,1,"gas,gold,oil",346.7947648409455,5.848733149178103,0.0,0.0824489812071686,,,,,0.07244898120716861,1,1
4186,2008-01-14,39.37301587301587,1,1,0,1,"gold,oil,silver",306.97230168046707,5.726757520977704,0.0,0.07743139973842889,4.089987554391577,1.4085419271140358,0.0,0.11914709960764334,0.06743139973842889,1,1
4187,2009-04-30,40.714285714285715,1,1,1,1,"gas,gold,oil,silver",413.83065920479703,6.025456854410173,0.0,0.03606694763028195,3.75771654079059,1.3238114699374264,0.0,0.05710042144542292,0.026066947630281948,1,1
4188,2007-11-13,39.198412698412696,1,1,0,1,"gold,oil,silver",320.3823153653089,5.769515018181829,0.0,0.08281612131463736,5.072672800735578,1.6238678583249917,0.0,0.12722418197195606,0.07281612131463737,1,1
4189,2008-01-16,39.38095238095238,1,1,1,1,"gas,gold,oil,silver",304.9651895620606,5.720197637510385,0.0,0.07718663966678305,3.6569054360801765,1.296617280500994,0.0,0.11877995950017457,0.06718663966678305,1,1
4190,2007-12-14,39.28968253968254,1,1,1,1,"gas,gold,oil,silver",325.45242854771095,5.785216302112881,0.0,0.0800013804907102,3.6094433478961037,1.283553563196473,0.0,0.12300207073606531,0.07000138049071021,1,1
4191,2009-03-04,40.551587301587304,1,1,1,1,"gas,gold,oil,silver",412.3485302522534,6.021868938952055,0.0,0.04108452909902166,4.259013086522031,1.4490374636111694,0.0,0.0646267936485325,0.031084529099021662,1,1
4192,2007-09-21,39.051587301587304,1,1,1,0,"gas,gold,silver",370.269491824548,5.914231096798123,0.0,0.08734418264008541,4.066180102731374,1.4027040090435092,0.0,0.1340162739601281,0.07734418264008541,1,1
4193,2007-08-02,38.90873015873016,1,1,1,1,"gas,gold,oil,silver",334.19842920398185,5.811734915982629,0.0,0.09174986392971052,4.072478249611901,1.4042517206846878,0.0,0.14062479589456578,0.08174986392971052,1,1
4194,2007-12-05,39.26190476190476,1,1,0,0,"gold,silver",305.3467393487618,5.72144798120624,0.0,0.08085804074147064,4.31070467268244,1.4611013878935528,0.0,0.12428706111220598,0.07085804074147065,1,1
4195,2007-07-26,38.888888888888886,1,1,1,1,"gas,gold,oil,silver",338.199755036022,5.8236367121473105,0.0,0.09236176410882511,4.096225623660494,1.410065970121632,0.0,0.14154264616323767,0.08236176410882512,1,1
4196,2008-04-29,39.67460317460318,1,1,1,1,"gas,gold,oil,silver",337.9077087476384,5.822772807155306,0.0,0.06813051701588697,4.420716716605028,1.4863018360222782,0.0,0.10519577552383046,0.05813051701588697,1,1
4197,2009-04-28,40.70634920634921,1,1,1,1,"gas,gold,oil,silver",391.8485961742073,5.970875530933332,0.0,0.03631170770192779,3.8272205042500094,1.3421388228265654,0.0,0.05746756155289169,0.026311707701927794,1,1
4198,2009-12-23,41.38492063492063,1,1,1,1,"gas,gold,oil,silver",457.10379453176915,6.124910486619736,0.0,0.01538472157620848,5.011579837576283,1.6117512022301348,0.0,0.02607708236431272,0.0053847215762084805,1,1
4199,2008-07-04,39.86507936507937,1,1,0,1,"gold,oil,silver",375.6442097849166,5.92864244484017,0.0,0.06225627529638682,4.588688080434665,1.5235941619617093,0.0,0.09638441294458024,0.052256275296386816,1,1
4200,2009-09-29,41.142857142857146,1,1,1,1,"gas,gold,oil,silver",397.497327187521,5.985188210015229,0.0,0.022849903761406595,4.538485865612936,1.5125934466496163,0.0,0.03727485564210989,0.012849903761406595,1,1
4201,2007-07-27,38.892857142857146,1,1,0,1,"gold,oil,silver",311.3039180270047,5.740769663385079,0.0,0.0922393840730022,3.4977506545593466,1.2521200917684994,0.0,0.1413590761095033,0.0822393840730022,1,1
4202,2007-08-16,38.948412698412696,1,1,1,0,"gas,gold,silver",269.8944171477951,5.598030834918564,0.0,0.09052606357148131,3.524190569033545,1.2596507840901034,0.0,0.13878909535722198,0.08052606357148132,1,1
4203,2007-07-24,38.88095238095238,1,1,0,1,"gold,oil,silver",303.7115333381623,5.716078347419409,0.0,0.09260652418047095,3.914060096409373,1.3645752230740407,0.0,0.14190978627070644,0.08260652418047096,1,1
4204,2009-02-17,40.507936507936506,1,1,0,1,"gold,oil,silver",430.38122863876026,6.06467139413894,0.0,0.042430709493073794,4.101600406482829,1.4113772405908278,0.0,0.06664606423961068,0.03243070949307379,1,1
4205,2008-02-01,39.42857142857143,1,1,0,1,"gold,oil,silver",281.2323495887872,5.63918119453168,0.0,0.075718079236908,4.1546633525235395,1.4242314027682619,0.0,0.11657711885536201,0.065718079236908,1,1
4206,2008-05-02,39.68650793650794,1,1,1,1,"gas,gold,oil,silver",324.036908212479,5.780857423540642,0.0,0.06776337690841822,3.5430092362335843,1.2649764327762352,0.0,0.10464506536262733,0.057763376908418214,1,1
4207,2008-07-02,39.857142857142854,1,1,1,1,"gas,gold,oil,silver",356.968719072949,5.877648156296238,0.0,0.06250103536803266,4.362083709490636,1.4729498582167202,0.0,0.09675155305204898,0.052501035368032654,1,1
4208,2009-06-01,40.801587301587304,1,1,1,1,"gas,gold,oil,silver",393.094656212217,5.974050438370056,0.0,0.033374586842177714,3.690124824891977,1.3056602853642905,0.0,0.05306188026326657,0.023374586842177712,1,1
4209,2007-07-05,38.82936507936508,1,1,0,0,"gold,silver",323.8455227325809,5.780266620406234,0.0,0.09419746464616892,4.6581491240605635,1.5386181855612346,0.0,0.1442961969692534,0.08419746464616892,1,1
4210,2007-10-02,39.07936507936508,1,1,0,1,"gold,oil,silver",301.01572442280417,5.7071625039917055,0.0,0.08648752238932496,4.9337168221883525,1.59609262330818,0.0,0.13273128358398745,0.07648752238932496,1,1
4211,2010-01-26,41.48015873015873,1,1,1,0,"gas,gold,silver",471.07905313243555,6.155025920978196,0.0,0.012447600716458401,4.992639074646637,1.607964642634241,0.0,0.0216714010746876,0.0024476007164584003,1,1
4212,2008-01-01,39.33730158730159,1,1,1,1,"gas,gold,oil,silver",279.2072955993185,5.631954500916877,0.0,0.07853282006083517,3.406044862450715,1.2255517537482072,0.0,0.12079923009125276,0.06853282006083518,1,1
4213,2008-02-22,39.48809523809524,1,1,1,0,"gas,gold,silver",322.1348948449981,5.774970385908592,0.0,0.0738823786995642,4.0114650109463,1.3891565139863982,0.0,0.11382356804934632,0.0638823786995642,1,1
4214,2008-12-22,40.345238095238095,1,1,0,0,"gold,silver",379.81073930848453,5.939673074198759,0.0,0.04744829096181351,3.9113703508584794,1.3638877859611704,0.0,0.07417243644272026,0.037448290961813506,1,1
4215,2007-11-02,39.17063492063492,1,0,1,1,"gas,gold,oil",309.36835134416447,5.7345326424873075,0.0,0.0836727815653978,,,,,0.0736727815653978,1,1
4216,2009-05-14,40.75396825396825,1,1,0,0,"gold,silver",392.693769450418,5.973030095530974,0.0,0.03484314727205275,3.7774148893490938,1.329039883964299,0.0,0.05526472090807913,0.02484314727205275,1,1
4217,2008-02-19,39.476190476190474,1,1,0,1,"gold,oil,silver",314.07789595757964,5.749641031440441,0.0,0.07424951880703297,3.4463893319247867,1.237327112549418,0.0,0.11437427821054946,0.06424951880703297,1,1
4218,2009-07-17,40.93650793650794,1,1,0,1,"gold,oil,silver",406.13746644677303,6.0066916896013085,0.0,0.02921366562419843,4.2087574366187726,1.4371674584339735,0.0,0.04682049843629764,0.019213665624198427,1,1
4219,2008-02-06,39.44047619047619,1,0,1,0,"gas,gold",327.1667135198365,5.7904698682572695,0.0,0.07535093912943924,,,,,0.06535093912943925,1,1
4220,2009-08-06,40.992063492063494,1,1,0,1,"gold,oil,silver",409.46072417901706,6.014840987042556,0.0,0.02750034512267755,4.362298050348239,1.4729989942732447,0.0,0.044250517684016326,0.017500345122677553,1,1
4221,2008-07-29,39.932539682539684,1,1,1,1,"gas,gold,oil,silver",387.83419987114826,5.960577928376377,0.0,0.060175814687397175,4.148920809507366,1.422848254522969,0.0,0.09326372203109577,0.05017581468739717,1,1
4222,2008-06-16,39.80952380952381,1,1,1,1,"gas,gold,oil,silver",359.5508548308029,5.884855627047562,0.0,0.06396959579790769,3.707114981088158,1.310253940975985,0.0,0.09895439369686154,0.05396959579790769,1,1
4223,2008-01-24,39.404761904761905,1,1,1,1,"gas,gold,oil,silver",300.44186032510856,5.705254258800733,0.0,0.07645235945184553,3.796283831186442,1.3340226490763913,0.0,0.1176785391777683,0.06645235945184554,1,1
4224,2009-04-22,40.69047619047619,1,1,1,1,"gas,gold,oil,silver",401.40977291659107,5.994982783142562,0.0,0.03680122784521947,3.859642080029534,1.3505744537965259,0.0,0.05820184176782921,0.02680122784521947,1,1
4225,2009-08-25,41.04365079365079,1,1,1,1,"gas,gold,oil,silver",404.95994263359916,6.003788155137379,0.0,0.025909404656979586,4.6120860787727604,1.528680266320403,0.0,0.041864106985469385,0.015909404656979587,1,1
4226,2008-11-24,40.26587301587302,0,1,1,1,"gas,oil,silver",,,,,3.907109788986536,1.3627979162633603,0.0,0.07784383751740785,0.0398958916782719,1,1
4227,2009-03-19,40.595238095238095,1,1,1,1,"gas,gold,oil,silver",422.42750653504044,6.04601784990974,0.0,0.03973834870496954,4.120384450721993,1.4159464722900585,0.0,0.06260752305745432,0.029738348704969542,1,1
4228,2009-03-09,40.56349206349206,1,1,1,1,"gas,gold,oil,silver",410.25369164870307,6.0167757284640295,0.0,0.0407173889915529,4.430653260845616,1.4885470361302873,0.0,0.06407608348732935,0.030717388991552904,1,1
4229,2008-03-07,39.52777777777778,1,1,1,1,"gas,gold,oil,silver",342.86052461349124,5.837323730688096,0.0,0.072658578341335,3.769581743411392,1.3269640519130423,0.0,0.11198786751200251,0.06265857834133501,1,1
4230,2008-10-21,40.17063492063492,1,0,0,0,gold,376.78591436116784,5.931677159734811,0.0,0.05283301253802199,,,,,0.042833012538021985,1,1
4231,2009-07-21,40.94444444444444,1,1,0,0,"gold,silver",407.1906223631982,6.009281435411203,0.0,0.02896890555255259,4.406340931577006,1.4830446243191495,0.0,0.04645335832882888,0.01896890555255259,1,1
4232,2009-04-02,40.63492063492063,1,1,1,1,"gas,gold,oil,silver",402.00287745205003,5.996459246434324,0.0,0.03851454834674035,4.112564797414038,1.4140468721774628,0.0,0.06077182252011053,0.02851454834674035,1,1
4233,2008-07-01,39.8531746031746,1,1,1,1,"gas,gold,oil,silver",352.82284364641345,5.865966071601138,0.0,0.06262341540385558,4.008534425064113,1.3884256944804856,0.0,0.09693512310578337,0.052623415403855574,1,1
4234,2008-06-02,39.76984126984127,1,1,1,1,"gas,gold,oil,silver",317.91181459553616,5.761774031729276,0.0,0.06519339615613688,4.035570256045917,1.395147619132894,0.0,0.10079009423420533,0.05519339615613689,1,1
4235,2010-01-21,41.46825396825397,1,1,1,1,"gas,gold,oil,silver",469.9978976576089,6.152728221625183,0.0,0.012814740823927159,5.0256000712993325,1.6145448639894728,0.0,0.022222111235890737,0.0028147408239271583,1,1
4236,2008-05-01,39.682539682539684,1,1,1,1,"gas,gold,oil,silver",340.65228944155024,5.830862278000117,0.0,0.06788575694424114,3.953101588910658,1.3745004831775143,0.0,0.1048286354163617,0.05788575694424113,1,1
4237,2007-07-06,38.833333333333336,1,0,1,1,"gas,gold,oil",377.3595993795869,5.933198577335594,0.0,0.094075084610346,,,,,0.084075084610346,1,1
4238,2008-06-27,39.845238095238095,1,1,1,0,"gas,gold,silver",351.66705996881365,5.8626848756361625,0.0,0.06286817547550141,4.6341072128596,1.5334435618797084,0.0,0.09730226321325212,0.05286817547550141,1,1
4239,2008-12-30,40.36904761904762,1,1,1,1,"gas,gold,oil,silver",371.5393760409562,5.91765485057593,0.0,0.04671401074687599,3.7854431109343136,1.3311629502972804,0.0,0.07307101612031398,0.03671401074687599,1,1
4240,2007-10-17,39.12301587301587,1,1,1,1,"gas,gold,oil,silver",338.6671313065565,5.825017711437555,0.0,0.08514134199527285,3.87737132748926,1.3551574311180095,0.0,0.13071201299290927,0.07514134199527285,1,1
4241,2007-08-03,38.91269841269841,1,1,0,1,"gold,oil,silver",298.8190653637216,5.699838257661276,0.0,0.0916274838938876,4.408776325964246,1.4835971738492466,0.0,0.1404412258408314,0.0816274838938876,1,1
4242,2009-01-19,40.42460317460318,1,1,1,1,"gas,gold,oil,silver",374.1800474473453,5.924737091860796,0.0,0.04500069024535511,3.4168729374160964,1.2287257870206585,0.0,0.07050103536803265,0.035000690245355105,1,1
4243,2009-06-02,40.80555555555556,1,1,1,1,"gas,gold,oil,silver",372.1256958515158,5.919231689274443,0.0,0.03325220680635479,3.540215805074317,1.2641876871729831,0.0,0.05287831020953218,0.02325220680635479,1,1
4244,2009-06-25,40.87301587301587,0,0,1,0,gas,,,,,,,,,0.021171746197365147,1,1
4245,2009-06-15,40.84126984126984,1,1,1,1,"gas,gold,oil,silver",406.6749089490482,6.008014116761297,0.0,0.03215078648394851,4.311773078536224,1.4613492066505456,0.0,0.05122617972592276,0.02215078648394851,1,1
4246,2008-02-26,39.49603174603175,1,1,1,1,"gas,gold,oil,silver",289.0972897353291,5.666763274143798,0.0,0.07363761862791837,4.026458205123346,1.3928871322476089,0.0,0.11345642794187756,0.06363761862791838,1,1
4247,2009-07-29,40.96825396825397,1,1,1,1,"gas,gold,oil,silver",413.1548036363965,6.023822349937635,0.0,0.028234625337615074,4.262620434501527,1.4498840966389972,0.0,0.045351938006422614,0.018234625337615076,1,1
4248,2008-02-12,39.45634920634921,1,1,0,1,"gold,oil,silver",298.4768721518174,5.6986924496024915,0.0,0.07486141898614757,3.8596156203351812,1.3505675982942535,0.0,0.11529212847922135,0.06486141898614757,1,1
4249,2008-10-09,40.138888888888886,1,1,1,0,"gas,gold,silver",388.7244797303863,5.962870814342795,0.0,0.05381205282460535,3.5686903264372143,1.2721986731439496,0.0,0.08371807923690802,0.043812052824605346,1,1
4250,2007-08-31,38.992063492063494,1,1,1,1,"gas,gold,oil,silver",306.23898578829136,5.724365796439263,0.0,0.0891798831774292,3.3286168360259327,1.2025568531478232,0.0,0.1367698247661438,0.0791798831774292,1,1
4251,2007-07-16,38.857142857142854,1,1,1,1,"gas,gold,oil,silver",337.10053577974173,5.820381211617992,0.0,0.09334080439540847,5.588532437396146,1.7207167191384218,0.0,0.1430112065931127,0.08334080439540847,1,1
4252,2009-05-29,40.79761904761905,1,1,1,1,"gas,gold,oil,silver",383.94339215554095,5.95049512545927,0.0,0.03349696687800063,3.4822833823136614,1.2476882229608057,0.0,0.05324545031700094,0.023496966878000625,1,1
4253,2009-01-21,40.432539682539684,1,1,0,1,"gold,oil,silver",363.8386402470705,5.896710473327479,0.0,0.04475593017370927,3.4415075519592344,1.2359096172340092,0.0,0.0701338952605639,0.03475593017370927,1,1
4254,2008-01-29,39.416666666666664,1,1,1,1,"gas,gold,oil,silver",297.2780633111371,5.694667940908132,0.0,0.07608521934437677,4.536720157824389,1.5122043187760963,0.0,0.11712782901656517,0.06608521934437678,1,1
4255,2009-07-14,40.92460317460318,1,1,1,1,"gas,gold,oil,silver",418.7567649128648,6.037290238024582,0.0,0.029580805731667194,4.746448637431253,1.5573966831353234,0.0,0.04737120859750079,0.019580805731667195,1,1
4256,2009-09-07,41.07936507936508,1,1,1,1,"gas,gold,oil,silver",404.51498793568504,6.002688788805142,0.0,0.024807984334573315,4.707811396060157,1.5492231282855176,0.0,0.04021197650185997,0.014807984334573315,1,1
4257,2009-07-24,40.95634920634921,1,1,1,1,"gas,gold,oil,silver",405.29011591981435,6.00460314626513,0.0,0.028601765445083832,4.014661307028147,1.3899529869359102,0.0,0.04590264816762575,0.018601765445083834,1,1
4258,2007-07-04,38.82539682539682,1,1,1,1,"gas,gold,oil,silver",327.9018707432985,5.792714389059392,0.0,0.09431984468199184,5.401136545555413,1.6866094028233816,0.0,0.14447976702298776,0.08431984468199184,1,1
4259,2009-04-24,40.698412698412696,1,1,1,1,"gas,gold,oil,silver",395.8476531609778,5.981029422993017,0.0,0.03655646777357363,3.8251809849860434,1.3416057824953371,0.0,0.057834701660360435,0.02655646777357363,1,1
4260,2008-08-26,40.01190476190476,0,1,1,0,"gas,silver",,,,,3.173092788149476,1.1547067552083068,0.0,0.08959232095640818,0.047728213970938786,1,1
4261,2008-05-22,39.742063492063494,1,1,0,1,"gold,oil,silver",341.3795424929377,5.832994886165793,0.0,0.06605005640689733,3.4553748732685734,1.2399309530033833,0.0,0.102075084610346,0.056050056406897336,1,1
4262,2009-10-07,41.166666666666664,0,1,0,0,silver,,,,,4.293353849082874,1.4570682105097725,0.0,0.0361734353197036,0.01211562354646907,1,1
4263,2007-11-28,39.242063492063494,1,1,1,1,"gas,gold,oil,silver",330.34489672512376,5.8001372502715824,0.0,0.08146994092058524,3.8894807528222697,1.3582756661557953,0.0,0.12520491138087786,0.07146994092058524,1,1
4264,2009-03-27,40.61904761904762,1,1,1,1,"gas,gold,oil,silver",406.5872974436927,6.007798659790579,0.0,0.03900406849003203,4.4046384143552295,1.4826581707420563,0.0,0.06150610273504804,0.02900406849003203,1,1
4265,2007-11-06,39.17857142857143,1,1,1,1,"gas,gold,oil,silver",319.15159341694084,5.765666204379375,0.0,0.08342802149375196,4.418357919285429,1.4857681155882376,0.0,0.12814203224062795,0.07342802149375197,1,1
4266,2008-11-21,40.26190476190476,1,1,1,1,"gas,gold,oil,silver",404.5968601819543,6.0028911644018885,0.0,0.05001827171409483,3.882380810481059,1.356448576401687,0.0,0.07802740757114224,0.040018271714094826,1,1
4267,2007-09-24,39.05555555555556,1,1,0,0,"gold,silver",295.51350883348226,5.688714550973775,0.0,0.08722180260426247,3.541005036159001,1.2644105953707776,0.0,0.1338327039063937,0.07722180260426248,1,1
4268,2007-11-23,39.23015873015873,1,1,1,0,"gas,gold,silver",339.31519593359457,5.826929456916389,0.0,0.08183708102805401,3.056354920998183,1.1172230036307405,0.0,0.125755621542081,0.07183708102805401,1,1
4269,2007-08-09,38.92857142857143,1,1,1,1,"gas,gold,oil,silver",340.7456360330628,5.831136263548375,0.0,0.09113796375059592,3.6933071135766293,1.3065222934137246,0.0,0.1397069456258939,0.08113796375059593,1,1
4270,2007-08-07,38.92063492063492,1,1,0,1,"gold,oil,silver",284.83337622688794,5.65190436447929,0.0,0.09138272382224176,3.993901572726742,1.38476859090597,0.0,0.14007408573336264,0.08138272382224176,1,1
4271,2009-09-15,41.1031746031746,1,1,1,1,"gas,gold,oil,silver",408.2189410267675,6.011803650638695,0.0,0.02407370411963579,4.53033770737482,1.5107964858056617,0.0,0.039110556179453686,0.01407370411963579,1,1
4272,2009-01-15,40.416666666666664,1,1,1,1,"gas,gold,oil,silver",357.34513734250953,5.878702086024809,0.0,0.045245450317000946,3.0085060374721326,1.1014436224810198,0.0,0.07086817547550142,0.035245450317000944,1,1
4273,2008-09-08,40.04761904761905,0,0,1,1,"gas,oil",,,,,,,,,0.04662679364853249,1,1
4274,2009-08-17,41.01984126984127,1,1,0,1,"gold,oil,silver",421.5789390582715,6.044007041183999,0.0,0.026643684871917116,4.834990519349491,1.5758791680655877,0.0,0.04296552730787567,0.016643684871917114,1,1
4275,2008-12-29,40.36507936507937,1,1,0,1,"gold,oil,silver",373.02515998037103,5.9216458703994475,0.0,0.046836390782698904,4.010291045374002,1.3888638185784508,0.0,0.07325458617404836,0.0368363907826989,1,1
4276,2007-09-20,39.04761904761905,1,1,1,0,"gas,gold,silver",337.84761547442565,5.822594952031662,0.0,0.08746656267590833,5.02995029859018,1.6154101030668424,0.0,0.13419984401386248,0.07746656267590833,1,1
4277,2007-09-11,39.01984126984127,1,1,1,1,"gas,gold,oil,silver",331.7761928605741,5.804460623707021,0.0,0.08832322292666876,3.7386521255847307,1.3187251522401515,0.0,0.13548483439000314,0.07832322292666877,1,1
4278,2007-10-10,39.1031746031746,1,1,1,1,"gas,gold,oil,silver",339.43952863298784,5.827295812232334,0.0,0.08575324217438744,4.652176136554261,1.5373350964835582,0.0,0.13162986326158116,0.07575324217438745,1,1
4279,2008-08-29,40.023809523809526,1,1,1,0,"gas,gold,silver",336.6583828356551,5.8190687154258285,0.0,0.057361073863470016,3.359788911223433,1.2118781479609553,0.0,0.08904161079520503,0.047361073863470014,1,1
4280,2009-01-06,40.388888888888886,1,1,1,1,"gas,gold,oil,silver",373.357482609083,5.922536359089054,0.0,0.04610211056776139,3.265802408711577,1.1835054932421654,0.0,0.07215316585164208,0.036102110567761386,1,1
4281,2008-07-28,39.92857142857143,1,1,1,0,"gas,gold,silver",344.59938514243566,5.842382539827686,0.0,0.0602981947232201,4.361680364251576,1.4728573877565065,0.0,0.09344729208483014,0.0502981947232201,1,1
4282,2009-06-09,40.82539682539682,1,1,1,1,"gas,gold,oil,silver",411.05510179461015,6.018727273136762,0.0,0.032640306627240184,4.336620118368618,1.467095270140424,0.0,0.05196045994086028,0.022640306627240186,1,1
4283,2008-10-22,40.17460317460318,1,1,0,0,"gold,silver",402.85201028208144,5.998569274361136,0.0,0.05271063250219906,4.018232410924421,1.3908421071600579,0.0,0.08206594875329859,0.04271063250219906,1,1
4284,2008-05-28,39.757936507936506,1,1,1,1,"gas,gold,oil,silver",373.8197806385029,5.92377381132737,0.0,0.06556053626360565,3.884002257609827,1.3568661316878763,0.0,0.10134080439540849,0.05556053626360566,1,1
4285,2008-06-20,39.82539682539682,1,1,1,1,"gas,gold,oil,silver",343.37235572893724,5.838815443559976,0.0,0.06348007565461601,3.825913531140834,1.3417972704335621,0.0,0.09822011348192403,0.053480075654616016,1,1
4286,2007-12-18,39.29761904761905,1,0,1,1,"gas,gold,oil",324.55728466834057,5.782462052670012,0.0,0.07975662041906437,,,,,0.06975662041906437,1,1
4287,2010-02-18,41.54761904761905,1,1,1,0,"gas,gold,silver",485.63731757152476,6.18546208516889,0.0,0.010367140107468758,5.102990864826149,1.6298268119227068,0.0,0.018550710161203136,0.0003671401074687577,1,1
4288,2007-10-12,39.111111111111114,1,0,1,1,"gas,gold,oil",316.4105687259745,5.757040638388646,0.0,0.0855084821027416,,,,,0.07550848210274161,1,1
4289,2009-09-16,41.107142857142854,1,1,1,1,"gas,gold,oil,silver",398.04207127449655,5.986557706417717,0.0,0.023951324083812876,4.546832907902305,1.5144309264004057,0.0,0.038926986125719314,0.013951324083812878,1,1
4290,2008-07-21,39.90873015873016,0,1,0,1,"oil,silver",,,,,4.80320059697755,1.5692824867444628,0.0,0.09436514235350203,0.05091009490233469,1,1
4291,2007-12-31,39.333333333333336,1,1,1,1,"gas,gold,oil,silver",288.3570658389801,5.664199524144687,0.0,0.07865520009665808,3.55836263436046,1.2693005048933668,0.0,0.12098280014498713,0.06865520009665808,1,1
4292,2007-11-01,39.166666666666664,1,1,1,1,"gas,gold,oil,silver",343.26988469514697,5.838516973618809,0.0,0.08379516160122073,4.0092806760885225,1.3886118427059435,0.0,0.1286927424018311,0.07379516160122074,1,1
4293,2008-09-15,40.067460317460316,1,1,0,1,"gold,oil,silver",376.4123585998003,5.930685240859247,0.0,0.056014893469417903,4.074985953170245,1.4048672996120983,0.0,0.08702234020412686,0.0460148934694179,1,1
4294,2008-05-08,39.70238095238095,1,0,0,0,gold,333.7427848146843,5.810370590947994,0.0,0.06727385676512654,,,,,0.05727385676512654,1,1
4295,2009-08-03,40.98015873015873,1,0,0,0,gold,408.3581306654802,6.012144560627197,0.0,0.02786748523014631,,,,,0.017867485230146307,1,1
4296,2008-09-19,40.083333333333336,1,1,1,1,"gas,gold,oil,silver",374.6555559430656,5.926007086389579,0.0,0.05552537332612622,4.235633119287021,1.443532813810525,0.0,0.08628805998918933,0.04552537332612622,1,1
4297,2009-02-06,40.48015873015873,1,1,1,1,"gas,gold,oil,silver",387.87312224029444,5.960678281610308,0.0,0.04328736974383423,3.634383885938739,1.2904396016921496,0.0,0.06793105461575134,0.03328736974383423,1,1
4298,2008-05-05,39.69047619047619,1,1,1,1,"gas,gold,oil,silver",332.9103538032676,5.807873245939525,0.0,0.0676409968725953,3.9670065131634717,1.3780117833668604,0.0,0.10446149530889295,0.0576409968725953,1,1
4299,2007-08-17,38.95238095238095,1,1,1,0,"gas,gold,silver",344.20571565605655,5.841239489264368,0.0,0.0904036835356584,3.4580231322449952,1.2406970767254204,0.0,0.1386055253034876,0.08040368353565841,1,1
4300,2009-07-23,40.95238095238095,1,0,0,0,gold,398.3040327900467,5.987215615142735,0.0,0.02872414548090676,,,,,0.018724145480906756,1,1
4301,2008-03-17,39.551587301587304,1,1,1,1,"gas,gold,oil,silver",349.86303623870566,5.857541752863568,0.0,0.0719242981263975,3.428657399370811,1.232168755794751,0.0,0.11088644718959625,0.0619242981263975,1,1
4302,2009-05-13,40.75,1,0,0,1,"gold,oil",430.38423334556114,6.064678375615157,0.0,0.034965527307875666,,,,,0.024965527307875664,1,1
4303,2009-02-27,40.53968253968254,1,1,1,1,"gas,gold,oil,silver",395.18735467910494,5.979359968092318,0.0,0.04145166920649043,3.834935296635375,1.3441525628738578,0.0,0.06517750380973564,0.03145166920649043,1,1
4304,2008-05-30,39.76587301587302,1,1,1,1,"gas,gold,oil,silver",353.3596123056759,5.867486270122387,0.0,0.06531577619195982,3.1342046833259762,1.1423754523710579,0.0,0.10097366428793973,0.05531577619195982,1,1
4305,2007-09-13,39.02777777777778,1,1,1,1,"gas,gold,oil,silver",314.3904917790607,5.750635817664727,0.0,0.08807846285502291,5.648557847473178,1.731400264342139,0.0,0.13511769428253437,0.07807846285502291,1,1
4306,2008-11-17,40.24603174603175,1,0,0,0,gold,398.4168542281015,5.987498829605032,0.0,0.050507791857386505,,,,,0.0405077918573865,1,1
4307,2009-09-10,41.09126984126984,1,1,1,1,"gas,gold,oil,silver",403.4725738255053,6.0001085147072155,0.0,0.024440844227104557,4.718919988177829,1.5515799573510551,0.0,0.03966126634065684,0.014440844227104557,1,1
4308,2008-10-15,40.154761904761905,1,1,1,1,"gas,gold,oil,silver",358.89000493593005,5.883015948604245,0.0,0.05332253268131366,4.382468543288847,1.4776121599868866,0.0,0.08298379902197048,0.043322532681313655,1,1
4309,2009-01-01,40.37698412698413,1,0,0,0,gold,368.56367261780315,5.909613485353907,0.0,0.046469250675230146,,,,,0.036469250675230144,1,1
4310,2009-10-23,41.214285714285715,1,1,1,1,"gas,gold,oil,silver",407.8393455565114,6.010873335969082,0.0,0.02064706311659404,4.506709020452546,1.5055671799319583,0.0,0.03397059467489105,0.01064706311659404,1,1
4311,2009-06-18,40.8531746031746,1,1,1,1,"gas,gold,oil,silver",406.3648171869114,6.0072513206341105,0.0,0.03178364637647975,3.979025851587622,1.381037028429874,0.0,0.05067546956471962,0.02178364637647975,1,1
4312,2008-11-07,40.22222222222222,1,0,0,0,gold,365.5899796497304,5.901512431244134,0.0,0.05124207207232402,,,,,0.04124207207232402,1,1
4313,2008-04-28,39.67063492063492,1,1,0,0,"gold,silver",322.5311390784324,5.776199686856627,0.0,0.0682528970517099,4.511118018575119,1.5065450204815285,0.0,0.10537934557756484,0.05825289705170989,1,1
4314,2008-08-07,39.96031746031746,1,1,1,1,"gas,gold,oil,silver",389.22780050426434,5.96416477762793,0.0,0.05931915443663674,4.172634012814993,1.4285474941483216,0.0,0.09197873165495511,0.04931915443663674,1,1
4315,2009-05-07,40.73412698412698,1,1,1,1,"gas,gold,oil,silver",404.10624879224827,6.001677835444821,0.0,0.03545504745116734,3.6489730079107954,1.2944457603074109,0.0,0.05618257117675102,0.025455047451167345,1,1
4316,2010-01-04,41.416666666666664,1,1,1,1,"gas,gold,oil,silver",459.37903090399266,6.129875644685594,0.0,0.01440568128962512,5.086837645532386,1.6266563497685842,0.0,0.02460852193443768,0.004405681289625121,1,1
4317,2007-10-26,39.15079365079365,1,1,0,1,"gold,oil,silver",347.414279250706,5.8505179561594876,0.0,0.0842846817445124,4.881554302193679,1.5854636737011352,0.0,0.1294270226167686,0.0742846817445124,1,1
4318,2008-09-24,40.095238095238095,1,1,0,1,"gold,oil,silver",377.16820598377376,5.932691257662131,0.0,0.05515823321865746,3.7831042617313795,1.3305449058662366,0.0,0.0857373498279862,0.04515823321865746,1,1
4319,2007-11-15,39.20634920634921,1,0,0,0,gold,334.0372306490841,5.811252455773726,0.0,0.08257136124299153,,,,,0.07257136124299153,1,1
4320,2007-12-11,39.27777777777778,1,1,0,1,"gold,oil,silver",254.1936082096825,5.5380962137094105,0.0,0.08036852059817896,4.635100111813826,1.5336577978813954,0.0,0.12355278089726845,0.07036852059817897,1,1
4321,2007-10-25,39.1468253968254,1,1,1,1,"gas,gold,oil,silver",328.7928816997244,5.795428013615936,0.0,0.08440706178033532,4.7860530036012605,1.565706064143048,0.0,0.12961059267050298,0.07440706178033532,1,1
4322,2009-02-03,40.46825396825397,1,1,1,0,"gas,gold,silver",414.35737708187946,6.026728831123239,0.0,0.04365450985130299,3.7124831575744377,1.3117009674382412,0.0,0.06848176477695447,0.033654509851302986,1,1
4323,2007-10-05,39.09126984126984,1,1,0,1,"gold,oil,silver",324.2087532883181,5.781387608592607,0.0,0.0861203822818562,3.7215969740244974,1.3141528702573166,0.0,0.1321805734227843,0.0761203822818562,1,1
4324,2009-01-05,40.38492063492063,1,1,1,1,"gas,gold,oil,silver",362.7320513065717,5.893664411026904,0.0,0.04622449060358431,3.784592417216521,1.3309381973966605,0.0,0.07233673590537645,0.036224490603584306,1,1
4325,2009-05-15,40.757936507936506,1,1,1,1,"gas,gold,oil,silver",411.21369691432614,6.019113023202754,0.0,0.03472076723622983,3.6101589639014215,1.2837518056970307,0.0,0.05508115085434474,0.02472076723622983,1,1
4326,2007-09-10,39.01587301587302,1,0,1,1,"gas,gold,oil",278.4882532378506,5.629375879798621,0.0,0.08844560296249168,,,,,0.07844560296249169,1,1
4327,2009-09-23,41.12698412698413,1,1,1,1,"gas,gold,oil,silver",396.82813506782924,5.983503277805927,0.0,0.023339423904698276,4.667458370437039,1.540614677366015,0.0,0.03800913585704741,0.013339423904698276,1,1
4328,2007-10-22,39.13492063492063,1,1,1,0,"gas,gold,silver",333.9906416353757,5.811112973528398,0.0,0.08477420188780407,4.69495176113438,1.5464878380886742,0.0,0.13016130283170613,0.07477420188780408,1,1
4329,2008-08-15,39.98412698412698,1,1,0,0,"gold,silver",382.216737323448,5.945987822902399,0.0,0.05858487422169922,3.9245111147258354,1.3672417867187856,0.0,0.09087731133254882,0.048584874221699215,1,1
4330,2007-08-14,38.94047619047619,1,1,1,1,"gas,gold,oil,silver",321.1566431993904,5.771928989148864,0.0,0.09077082364312716,3.924250840198612,1.3671754642774085,0.0,0.13915623546469075,0.08077082364312717,1,1
4331,2007-08-13,38.93650793650794,0,1,1,0,"gas,silver",,,,,4.368693819202374,1.4744640672211304,0.0,0.13933980551842512,0.08089320367895007,1,1
4332,2007-07-30,38.8968253968254,1,1,1,0,"gas,gold,silver",299.3068785738697,5.7014693967992764,0.0,0.09211700403717928,3.9992767003282976,1.3861135198511685,0.0,0.14117550605576892,0.08211700403717928,1,1
4333,2008-11-03,40.20634920634921,1,1,1,1,"gas,gold,oil,silver",408.2035704279923,6.011765997098864,0.0,0.051731592215615706,3.9676921179552567,1.3781845951711555,0.0,0.08059738832342356,0.041731592215615704,1,1
4334,2008-02-18,39.47222222222222,1,1,1,0,"gas,gold,silver",328.1142763322047,5.793361951157598,0.0,0.07437189884285589,4.8544784567076436,1.5799016720198107,0.0,0.11455784826428383,0.06437189884285589,1,1
4335,2009-09-22,41.12301587301587,1,1,1,1,"gas,gold,oil,silver",401.24428473197037,5.994570430684143,0.0,0.0234618039405212,4.569186629979355,1.519335208754875,0.0,0.03819270591078179,0.013461803940521197,1,1
4336,2008-11-04,40.21031746031746,1,1,1,1,"gas,gold,oil,silver",443.1192906159634,6.093839012838848,0.0,0.05160921217979278,4.179455994691293,1.4301810932563987,0.0,0.08041381826968917,0.04160921217979278,1,1
4337,2009-08-26,41.04761904761905,1,1,0,1,"gold,oil,silver",403.0264456326851,5.999002181710992,0.0,0.025787024621156673,4.753773693818826,1.5589387644853712,0.0,0.04168053693173501,0.015787024621156675,1,1
4338,2009-11-24,41.301587301587304,1,1,1,1,"gas,gold,oil,silver",439.0703033891018,6.084659544647736,0.0,0.017954702328489794,4.760927749974736,1.5604425547086052,0.0,0.02993205349273469,0.007954702328489794,1,1
4339,2007-12-24,39.31349206349206,1,1,1,1,"gas,gold,oil,silver",318.26379342318285,5.762880577969418,0.0,0.07926710027577269,3.7622710930949292,1.3250227891796873,0.0,0.12190065041365904,0.0692671002757727,1,1
4340,2009-04-15,40.67063492063492,1,1,1,1,"gas,gold,oil,silver",381.45486973602806,5.943992546835737,0.0,0.037413128024334066,3.884786780139383,1.3570680994664865,0.0,0.059119692036501095,0.027413128024334064,1,1
4341,2008-03-12,39.53968253968254,1,1,1,1,"gas,gold,oil,silver",347.6279935981923,5.851132924090418,0.0,0.07229143823386626,4.458456077066766,1.4948025350396763,0.0,0.11143715735079938,0.06229143823386626,1,1
4342,2009-12-07,41.33730158730159,1,1,1,1,"gas,gold,oil,silver",443.29893223633746,6.0942443330775395,0.0,0.01685328200608352,4.869728536465246,1.5830381935419326,0.0,0.028279923009125282,0.006853282006083521,1,1
4343,2008-10-14,40.15079365079365,1,1,1,1,"gas,gold,oil,silver",373.81710763721793,5.923766660793931,0.0,0.05344491271713659,4.139159262440226,1.4204926905090975,0.0,0.08316736907570488,0.04344491271713659,1,1
4344,2007-07-31,38.90079365079365,1,1,1,1,"gas,gold,oil,silver",340.51824205478533,5.830468698471065,0.0,0.09199462400135636,4.663409457807411,1.5397468239233805,0.0,0.14099193600203455,0.08199462400135636,1,1
4345,2009-01-27,40.448412698412696,1,0,1,0,"gas,gold",367.06943386016366,5.905551023239282,0.0,0.04426641003041759,,,,,0.03426641003041759,1,1
4346,2007-11-14,39.20238095238095,1,1,1,1,"gas,gold,oil,silver",368.2931147799029,5.908879128679214,0.0,0.08269374127881444,3.9751718848097464,1.3800679886329816,0.0,0.12704061191822166,0.07269374127881445,1,1
4347,2008-10-07,40.13095238095238,1,1,1,1,"gas,gold,oil,silver",406.53934228730924,6.007680707299304,0.0,0.05405681289625118,3.9757572067572133,1.380215222230913,0.0,0.08408521934437677,0.04405681289625118,1,1
4348,2008-10-06,40.12698412698413,1,1,1,1,"gas,gold,oil,silver",381.6114685325765,5.944402992929067,0.0,0.054179192932074106,4.280518995339697,1.4540742628356211,0.0,0.08426878939811115,0.044179192932074104,1,1
4349,2008-10-28,40.19047619047619,1,1,1,1,"gas,gold,oil,silver",394.93356781152573,5.978717568001185,0.0,0.05222111235890738,3.6894566768473,1.3054792051644593,0.0,0.08133166853836107,0.04222111235890738,1,1
4350,2008-10-23,40.17857142857143,1,1,1,1,"gas,gold,oil,silver",386.4997778340297,5.957131293212382,0.0,0.05258825246637614,4.348023821083889,1.4697214478741047,0.0,0.0818823786995642,0.04258825246637614,1,1
4351,2008-12-02,40.28968253968254,1,1,1,1,"gas,gold,oil,silver",405.3695988870626,6.004799240794194,0.0,0.04916161146333438,4.318722233831628,1.4629595792990806,0.0,0.07674241719500156,0.03916161146333438,1,1
4352,2007-10-29,39.154761904761905,1,1,1,0,"gas,gold,silver",357.9970051935603,5.880524620984594,0.0,0.08416230170868949,4.739056796923806,1.5558381279154898,0.0,0.12924345256303424,0.0741623017086895,1,1
4353,2009-11-17,41.28174603174603,1,1,1,1,"gas,gold,oil,silver",423.8949716830495,6.049485716252496,0.0,0.018566602507604398,4.636123649676663,1.53387859675182,0.0,0.030849903761406595,0.008566602507604397,1,1
4354,2007-10-11,39.107142857142854,1,1,1,1,"gas,gold,oil,silver",361.0797345845373,5.88909880536969,0.0,0.08563086213856452,4.216797001571668,1.4390758354913686,0.0,0.1314462932078468,0.07563086213856453,1,1
4355,2009-08-04,40.98412698412698,1,1,1,1,"gas,gold,oil,silver",416.9543919957853,6.032976844104534,0.0,0.027745105194323397,4.291887128865969,1.4567265263951525,0.0,0.04461765779148509,0.017745105194323395,1,1
4356,2009-12-30,41.404761904761905,1,1,1,0,"gas,gold,silver",457.45991958331575,6.125689273409655,0.0,0.014772821397093879,5.1366321456469946,1.6363976401313374,0.0,0.02515923209564082,0.004772821397093879,1,1
4357,2008-09-02,40.03174603174603,1,1,1,0,"gas,gold,silver",358.58612886602566,5.882168879067691,0.0,0.057116313791824184,3.6435445821557924,1.2929569941328765,0.0,0.08867447068773628,0.04711631379182418,1,1
4358,2008-10-31,40.20238095238095,1,1,1,1,"gas,gold,oil,silver",379.08858099417876,5.937769900713261,0.0,0.051853972251438625,4.014204098273015,1.3898390956866373,0.0,0.08078095837715794,0.04185397225143862,1,1
4359,2008-11-28,40.28174603174603,1,1,0,1,"gold,oil,silver",383.2275701884646,5.9486289907645356,0.0,0.049406371534980224,3.709384119957094,1.3108658574365213,0.0,0.07710955730247034,0.03940637153498022,1,1
4360,2008-04-16,39.638888888888886,1,1,1,1,"gas,gold,oil,silver",303.2216758503147,5.714464141484395,0.0,0.06923193733829325,3.7977438467140723,1.3344071658591963,0.0,0.10684790600743987,0.05923193733829325,1,1
4361,2010-02-01,41.49603174603175,1,1,0,1,"gold,oil,silver",478.226538724096,6.17008455060706,0.0,0.01195808057316672,5.244502646141184,1.6571804129748684,0.0,0.02093712085975008,0.0019580805731667203,1,1
4362,2008-12-17,40.333333333333336,1,1,1,1,"gas,gold,oil,silver",368.5271175828429,5.90951429802047,0.0,0.04781543106928226,3.8161467149406114,1.3392412001584422,0.0,0.07472314660392339,0.03781543106928226,1,1
4363,2008-07-22,39.91269841269841,1,1,1,0,"gas,gold,silver",402.83115458907423,5.998517502910717,0.0,0.06078771486651178,4.2033857523415294,1.4358903320497205,0.0,0.09418157229976767,0.05078771486651178,1,1
4364,2008-10-30,40.198412698412696,1,1,1,1,"gas,gold,oil,silver",380.7233920409594,5.942073106315505,0.0,0.051976352287261544,4.000441833437796,1.3864048133792641,0.0,0.08096452843089232,0.04197635228726154,1,1
4365,2008-06-06,39.785714285714285,1,1,1,0,"gas,gold,silver",340.8552912516962,5.831458021384052,0.0,0.06470387601284522,3.943186359550156,1.37198911716947,0.0,0.10005581401926783,0.054703876012845216,1,1
4366,2008-07-14,39.888888888888886,1,1,1,1,"gas,gold,oil,silver",372.91089016761816,5.921339490747669,0.0,0.061521995081449295,3.8647370162140726,1.3518936373477024,0.0,0.09528299262217395,0.05152199508144929,1,1
4367,2008-10-16,40.15873015873016,1,1,1,1,"gas,gold,oil,silver",425.4501348722999,6.053147749306445,0.0,0.053200152645490745,4.243873860193236,1.445476498395149,0.0,0.08280022896823612,0.04320015264549074,1,1
4368,2008-04-01,39.595238095238095,1,1,0,1,"gold,oil,silver",365.180075608979,5.900390589754348,0.0,0.07057811773234537,4.144820532019283,1.4218594901877208,0.0,0.10886717659851806,0.06057811773234538,1,1
4369,2007-12-04,39.257936507936506,1,1,1,1,"gas,gold,oil,silver",359.26678128795606,5.884065235873607,0.0,0.08098042077729356,4.453046215787668,1.4935884048591797,0.0,0.12447063116594034,0.07098042077729357,1,1
4370,2007-12-10,39.273809523809526,1,1,1,0,"gas,gold,silver",314.92789529440955,5.752343708795882,0.0,0.08049090063400188,3.894444477108677,1.3595510445317718,0.0,0.12373635095100284,0.07049090063400189,1,1
4371,2009-05-01,40.71825396825397,1,1,1,1,"gas,gold,oil,silver",405.69392414224137,6.005598993867181,0.0,0.03594456759445903,3.4334719704616172,1.2335719854983425,0.0,0.05691685139168853,0.025944567594459025,1,1
4372,2007-12-20,39.30555555555556,1,1,1,1,"gas,gold,oil,silver",352.6373399894911,5.865440163362797,0.0,0.07951186034741853,4.061050007639331,1.4014415627478527,0.0,0.12226779052112781,0.06951186034741853,1,1
4373,2008-04-09,39.61904761904762,1,1,1,0,"gas,gold,silver",335.9666687316184,5.817011954839022,0.0,0.06984383751740786,3.9490549605354057,1.3734762997906989,0.0,0.10776575627611179,0.05984383751740786,1,1
4374,2009-07-30,40.97222222222222,1,1,1,1,"gas,gold,oil,silver",405.0302790110003,6.00396182730205,0.0,0.028112245301792155,4.2914519636556445,1.4566251287441903,0.0,0.04516836795268823,0.018112245301792153,1,1
4375,2007-08-22,38.964285714285715,1,1,1,1,"gas,gold,oil,silver",287.6084473443111,5.66159999726642,0.0,0.09003654342818963,3.2294213119960156,1.1723029608106779,0.0,0.13805481514228446,0.08003654342818964,1,1
4376,2008-01-02,39.34126984126984,1,1,1,0,"gas,gold,silver",332.48969141475675,5.806608856351408,0.0,0.07841044002501224,3.8502086894115743,1.34812735187262,0.0,0.12061566003751838,0.06841044002501225,1,1
4377,2010-04-22,41.726190476190474,1,1,1,1,"gas,gold,oil,silver",520.8592752035959,6.255479900092954,0.0,0.05549138948944334,5.543539748357838,1.7126332404684466,0.0,0.08623708423416501,0.04549138948944334,1,1
4378,2010-04-16,41.71031746031746,1,1,0,0,"gold,silver",517.4251966033977,6.2488649670652245,0.0,0.05992957382987684,5.569308335602603,1.7172708694965957,0.0,0.09289436074481526,0.04992957382987684,1,1
4379,2010-04-07,41.682539682539684,1,1,1,1,"gas,gold,oil,silver",509.5362440850097,6.233500986707786,0.0,0.06769639642563545,5.578050395753633,1.7188393238998074,0.0,0.10454459463845318,0.05769639642563545,1,1
4380,2010-06-14,41.87301587301587,1,1,1,1,"gas,gold,oil,silver",526.2091093585118,6.265698680046071,0.0,0.014438184340433497,6.197792898959449,1.824193244634888,0.0,0.024657276510650243,0.004438184340433496,1,1
4381,2010-04-08,41.68650793650794,1,1,1,1,"gas,gold,oil,silver",492.5739734715079,6.19964464927541,0.0,0.06658685034052708,5.9167472207977,1.7777868419433447,0.0,0.10288027551079063,0.05658685034052708,1,1
4382,2010-03-29,41.654761904761905,1,0,0,0,gold,515.4839962599057,6.245106257892479,0.0,0.07546321902139407,,,,,0.06546321902139407,1,1
4383,2010-05-11,41.77777777777778,1,1,1,0,"gas,gold,silver",534.3354594161387,6.281023842878266,0.0,0.04106729038303447,6.673622144313763,1.898162762651179,0.0,0.06460093557455171,0.031067290383034473,1,1
4384,2010-03-26,41.65079365079365,1,1,0,1,"gold,oil,silver",484.3921552629564,6.182894816797504,0.0,0.07657276510650243,4.854458138736646,1.5798974866034579,0.0,0.11785914765975367,0.06657276510650244,1,1
4385,2010-04-09,41.69047619047619,1,1,1,0,"gas,gold,silver",521.2967832710282,6.2563195211642455,0.0,0.06547730425541871,5.820649630822496,1.7614118759304878,0.0,0.10121595638312807,0.05547730425541871,1,1
4386,2010-04-29,41.74603174603175,1,1,1,1,"gas,gold,oil,silver",549.510985178606,6.309028764869707,0.0,0.04994365906390147,7.025774380520569,1.9495854412472697,0.0,0.07791548859585219,0.03994365906390147,1,1
4387,2010-03-31,41.66269841269841,1,1,1,1,"gas,gold,oil,silver",522.3548497353219,6.2583471456959,0.0,0.07324412685117732,6.173203705724581,1.8202179423366842,0.0,0.11286619027676599,0.06324412685117732,1,1
4388,2010-06-02,41.84126984126984,0,1,1,1,"gas,oil,silver",,,,,6.157507059235906,1.8176719974570317,0.0,0.03797182953195073,0.013314553021300489,1,1
4389,2010-04-21,41.72222222222222,1,0,0,0,gold,500.2944129728036,6.215196751077824,0.0,0.05660093557455172,,,,,0.046600935574551715,1,1
4390,2010-05-28,41.82936507936508,1,1,0,1,"gold,oil,silver",508.8679985247167,6.232188647995436,0.0,0.026643191276625615,5.8534204686997695,1.7670261858801835,0.0,0.04296478691493842,0.016643191276625613,1,1
4391,2010-05-20,41.80555555555556,1,1,1,1,"gas,gold,oil,silver",545.3747517699748,6.301473176288914,0.0,0.033300467787275856,5.971049484887497,1.7869227050681955,0.0,0.052950701680913786,0.023300467787275857,1,1
4392,2010-03-25,41.6468253968254,1,1,1,1,"gas,gold,oil,silver",470.9804705356614,6.154816629325902,0.0,0.07768231119161081,4.243799202576546,1.445458906384679,0.0,0.11952346678741624,0.06768231119161082,1,1
4393,2010-04-15,41.70634920634921,1,1,1,1,"gas,gold,oil,silver",490.88577296934,6.196211459118958,0.0,0.061039119914985215,5.791527011661142,1.7563959893975416,0.0,0.09455867987247782,0.05103911991498521,1,1
4394,2010-04-12,41.69444444444444,1,1,1,1,"gas,gold,oil,silver",516.0441240153384,6.246192273483282,0.0,0.06436775817031033,4.957227383134132,1.6008465891048342,0.0,0.0995516372554655,0.05436775817031033,1,1
4395,2010-06-01,41.83730158730159,1,1,1,1,"gas,gold,oil,silver",525.0005060251918,6.2633992264486675,0.0,0.024424099106408866,6.001799043042693,1.7920592647919893,0.0,0.0396361486596133,0.014424099106408867,1,1
4396,2010-05-21,41.80952380952381,1,1,1,0,"gas,gold,silver",509.88238193490594,6.234180075463599,0.0,0.03219092170216748,6.00118036759606,1.7919561778123294,0.0,0.051286382553251214,0.02219092170216748,1,1
4397,2010-03-23,41.638888888888886,1,1,0,1,"gold,oil,silver",539.8979661083964,6.29138017005359,0.0,0.07990140336182756,5.722543212894468,1.7444133242174655,0.0,0.12285210504274136,0.06990140336182757,1,1
4398,2013-07-22,45.08730158730159,1,1,1,1,"gas,gold,oil,silver",638.4827253543313,6.459094620062483,0.0,0.05215912847672672,4.976529191340631,1.60473269852434,0.0,0.08123869271509009,0.04215912847672672,1,1
4399,2013-02-21,44.66269841269841,1,0,0,0,gold,646.4565229319027,6.471505946038552,0.0,0.06984942944539244,,,,,0.05984942944539244,1,1
4400,2013-01-15,44.55555555555556,1,1,1,1,"gas,gold,oil,silver",662.3547399440915,6.495801273357539,0.0,0.07431333716645762,6.764428533519068,1.9116777840737025,0.0,0.11447000574968644,0.06431333716645762,1,1
4401,2013-12-04,45.47222222222222,1,1,1,1,"gas,gold,oil,silver",524.5359680282992,6.262514001325554,0.0,0.036122126664011066,4.174014727446226,1.4288783370259346,0.0,0.0571831899960166,0.026122126664011067,1,1
4402,2013-08-28,45.19444444444444,1,1,0,1,"gold,oil,silver",588.262677780504,6.377173579063302,0.0,0.04769522075566153,5.216430599125431,1.6518133747303092,0.0,0.07454283113349229,0.03769522075566153,1,1
4403,2014-05-13,45.92460317460318,1,1,1,1,"gas,gold,oil,silver",548.018237560026,6.306308566613267,0.0,0.017274516286180295,3.7698074586692436,1.327023928184679,0.0,0.02891177442927044,0.007274516286180295,1,1
4404,2014-05-26,45.96031746031746,1,1,1,0,"gas,gold,silver",571.5134522204165,6.348288021401264,0.0,0.015786547045825237,4.153954365734299,1.4240607397735252,0.0,0.026679820568737855,0.005786547045825239,1,1
4405,2014-02-10,45.66269841269841,1,1,1,1,"gas,gold,oil,silver",505.92736651723857,6.226393114551643,0.0,0.028186290715450743,3.5691077266481814,1.2723156280390977,0.0,0.04527943607317611,0.01818629071545074,1,1
4406,2013-04-04,44.78174603174603,1,1,1,1,"gas,gold,oil,silver",570.1612307819235,6.345919181851878,0.0,0.06488953197754224,6.236036839518832,1.830344858734019,0.0,0.10033429796631335,0.05488953197754224,1,1
4407,2014-01-14,45.58730158730159,0,1,0,0,silver,,,,,3.43580544390795,1.234251379674856,0.0,0.049991338667633806,0.02132755911175587,1,1
4408,2013-06-25,45.01190476190476,1,1,1,1,"gas,gold,oil,silver",589.9656482207614,6.380064311850078,0.0,0.05530039687303184,5.269061726597,1.6618523062082529,0.0,0.08595059530954777,0.04530039687303184,1,1
4409,2014-01-02,45.55555555555556,1,1,1,1,"gas,gold,oil,silver",531.8494363536532,6.276360434912687,0.0,0.03265019843651592,3.475045560231062,1.2456075897886685,0.0,0.05197529765477388,0.02265019843651592,1,1
4410,2013-08-20,45.17063492063492,1,1,1,1,"gas,gold,oil,silver",645.5173659215066,6.470052112979048,0.0,0.04868720024923157,5.793427315693092,1.7567240535392374,0.0,0.07603080037384735,0.03868720024923157,1,1
4411,2014-07-11,46.095238095238095,0,1,1,1,"gas,oil,silver",,,,,3.9053416486868704,1.3623452695252753,0.0,0.018247994873392504,0.0001653299155950045,1,1
4412,2013-11-07,45.3968253968254,1,1,0,1,"gold,oil,silver",554.3205719048148,6.317743169041813,0.0,0.03926339506031619,4.641284754193857,1.5349912145918323,0.0,0.06189509259047428,0.02926339506031619,1,1
4413,2013-08-15,45.15873015873016,1,1,1,1,"gas,gold,oil,silver",608.5409867861193,6.411064267244026,0.0,0.049183189996016605,5.328566155251737,1.6730821879629256,0.0,0.0767747849940249,0.0391831899960166,1,1
4414,2013-02-27,44.67857142857143,1,1,1,1,"gas,gold,oil,silver",665.4342650008432,6.500439857600952,0.0,0.06918810978301242,6.287169367078437,1.838510948290246,0.0,0.10678216467451862,0.059188109783012414,1,1
4415,2013-10-29,45.36904761904762,1,1,1,0,"gas,gold,silver",578.8734800329042,6.361083939071542,0.0,0.04042070446948123,4.910782420959534,1.5914332816487455,0.0,0.06363105670422185,0.030420704469481235,1,1
4416,2014-03-12,45.75,1,1,0,1,"gold,oil,silver",506.672131494018,6.227864110957502,0.0,0.024549032572360595,3.7047491215201442,1.3096155429655487,0.0,0.03982354885854089,0.014549032572360596,1,1
4417,2013-02-07,44.62301587301587,1,1,1,0,"gas,gold,silver",627.7181072653761,6.442091191912957,0.0,0.0715027286013425,6.8315163026405346,1.9215466551860831,0.0,0.11025409290201377,0.0615027286013425,1,1
4418,2013-02-26,44.67460317460318,1,0,1,1,"gas,gold,oil",588.2580325837041,6.377165682565163,0.0,0.06935343969860741,,,,,0.059353439698607416,1,1
4419,2013-08-21,45.17460317460318,1,1,1,0,"gas,gold,silver",630.8493199081765,6.447067038316859,0.0,0.04852187033363657,5.713457115416616,1.742824289742318,0.0,0.07578280550045485,0.03852187033363657,1,1
4420,2014-07-01,46.06349206349206,1,1,1,1,"gas,gold,oil,silver",607.0272295379892,6.408573649259267,0.0,0.011487969240355063,4.133316077919389,1.4190800092372453,0.0,0.020231953860532594,0.0014879692403550627,1,1
4421,2013-01-14,44.551587301587304,1,1,1,1,"gas,gold,oil,silver",658.9987519805085,6.490721640692684,0.0,0.07447866708205263,5.905256289894714,1.7758428508911723,0.0,0.11471800062307895,0.06447866708205263,1,1
4422,2014-07-10,46.09126984126984,1,1,0,1,"gold,oil,silver",593.1771800313443,6.385493140257707,0.0,0.010330659831190017,3.9169613708267805,1.3653161927067476,0.0,0.018495989746785024,0.0003306598311900164,1,1
4423,2014-05-22,45.95238095238095,1,1,1,1,"gas,gold,oil,silver",561.1848708805829,6.330050389348495,0.0,0.016117206877015247,3.998026836119745,1.3858009484418097,0.0,0.027175810315522873,0.006117206877015249,1,1
4424,2014-04-17,45.8531746031746,1,1,0,1,"gold,oil,silver",527.123024385076,6.26743396415375,0.0,0.02025045476689042,3.6303803561642987,1.2893374241000601,0.0,0.03337568215033563,0.01025045476689042,1,1
4425,2014-02-12,45.67063492063492,1,1,1,1,"gas,gold,oil,silver",531.3031047352997,6.275332677097455,0.0,0.027855630884260733,3.6635667634902123,1.298437198415308,0.0,0.0447834463263911,0.01785563088426073,1,1
4426,2013-09-10,45.23015873015873,1,1,0,1,"gold,oil,silver",570.0535557857822,6.345730313933781,0.0,0.046207251515306476,4.774858189615313,1.563364274981802,0.0,0.0723108772729597,0.036207251515306474,1,1
4427,2014-05-16,45.93650793650794,1,1,1,0,"gas,gold,silver",550.3828323913317,6.31061409498321,0.0,0.016778526539395273,3.7059066400930147,1.3099279359897342,0.0,0.02816778980909291,0.006778526539395273,1,1
4428,2013-06-17,44.98809523809524,1,1,1,1,"gas,gold,oil,silver",594.108656432248,6.387062225920833,0.0,0.056292376366601886,5.303132833693694,1.6682977466237956,0.0,0.08743856454990283,0.046292376366601884,1,1
4429,2012-12-24,44.492063492063494,1,1,1,0,"gas,gold,silver",700.2887209245163,6.5514927084693895,0.0,0.07695861581597772,6.423639150265475,1.859984802941199,0.0,0.1184379237239666,0.06695861581597773,1,1
4430,2013-10-18,45.34126984126984,1,1,1,1,"gas,gold,oil,silver",572.064220113801,6.34925125800389,0.0,0.04157801387864629,4.781734896175274,1.5648034296439557,0.0,0.06536702081796944,0.03157801387864629,1,1
4431,2013-04-24,44.83730158730159,1,1,1,1,"gas,gold,oil,silver",580.9311153735198,6.364632187643032,0.0,0.06257491315921214,5.8207300228035574,1.761425687348628,0.0,0.09686236973881822,0.052574913159212144,1,1
4432,2013-11-21,45.43650793650794,1,1,0,0,"gold,silver",548.574305802287,6.30732274146479,0.0,0.03761009590436612,4.189828342276281,1.4326597646643355,0.0,0.05941514385654918,0.02761009590436612,1,1
4433,2014-01-09,45.57539682539682,1,1,0,0,"gold,silver",570.11381665311,6.345836019234319,0.0,0.03182354885854089,3.5109890667982717,1.2558977831963347,0.0,0.05073532328781133,0.021823548858540893,1,1
4434,2013-06-13,44.98015873015873,1,1,0,1,"gold,oil,silver",584.2200056211055,6.370277633840276,0.0,0.0566230361977919,5.383115848590238,1.683267360541788,0.0,0.08793455429668785,0.0466230361977919,1,1
4435,2013-06-03,44.948412698412696,1,1,0,1,"gold,oil,silver",604.2301755634467,6.403955210710173,0.0,0.05794567552255196,5.594353307521297,1.7217577510837752,0.0,0.08991851328382794,0.04794567552255196,1,1
4436,2013-02-06,44.61904761904762,1,1,1,1,"gas,gold,oil,silver",601.7055540131264,6.399768212719065,0.0,0.07166805851693751,6.506941467783517,1.8728695252032204,0.0,0.11050208777540627,0.06166805851693751,1,1
4437,2013-04-19,44.82539682539682,1,1,1,0,"gas,gold,silver",543.1974398352988,6.297472863117214,0.0,0.06307090290599716,4.831824512654397,1.5752241422276438,0.0,0.09760635435899576,0.05307090290599716,1,1
4438,2013-05-29,44.93650793650794,1,1,1,1,"gas,gold,oil,silver",591.6137531308456,6.3828539779140385,0.0,0.05844166526933697,4.8290364275846756,1.574646950367752,0.0,0.09066249790400546,0.04844166526933697,1,1
4439,2014-04-08,45.82539682539682,1,1,1,0,"gas,gold,silver",525.5123636112502,6.2643737173689775,0.0,0.021407764176055465,3.892917390497151,1.3591588483921644,0.0,0.035111646264083196,0.011407764176055466,1,1
4440,2014-04-07,45.82142857142857,1,1,0,0,"gold,silver",521.9669018194339,6.257604179396183,0.0,0.021573094091650473,3.7333250887271783,1.317299281253852,0.0,0.03535964113747571,0.011573094091650471,1,1
4441,2013-02-04,44.611111111111114,1,1,1,0,"gas,gold,silver",704.1777309741864,6.557030783065841,0.0,0.07199871834812753,7.06991451780144,1.9558483890010783,0.0,0.11099807752219129,0.06199871834812753,1,1
4442,2014-02-03,45.642857142857146,1,1,1,1,"gas,gold,oil,silver",529.5415661169742,6.272011662653501,0.0,0.029012940293425778,3.911776674273074,1.3639916631895173,0.0,0.046519410440138666,0.01901294029342578,1,1
4443,2013-11-29,45.46031746031746,1,1,1,1,"gas,gold,oil,silver",514.4019681840284,6.243004999090329,0.0,0.036618116410796084,4.049560196288544,1.3986082817127443,0.0,0.05792717461619412,0.026618116410796082,1,1
4444,2014-02-20,45.69444444444444,1,1,1,1,"gas,gold,oil,silver",506.24902734237077,6.2270286971198825,0.0,0.02686365139069069,3.7077808187607557,1.3104335355899515,0.0,0.04329547708603603,0.01686365139069069,1,1
4445,2013-12-23,45.523809523809526,1,1,0,1,"gold,oil,silver",547.5318259351296,6.305420589563079,0.0,0.03397283776127598,4.045259306339403,1.3975456538549025,0.0,0.053959256641913964,0.02397283776127598,1,1
4446,2013-11-13,45.41269841269841,1,1,0,0,"gold,silver",538.8070037209089,6.289357443191349,0.0,0.03860207539793616,4.2749381023397435,1.4527696232990468,0.0,0.06090311309690424,0.028602075397936164,1,1
4447,2013-08-06,45.13095238095238,1,1,1,0,"gas,gold,silver",625.1065962914622,6.43792218926005,0.0,0.05034049940518165,4.887323510055571,1.5866448141849219,0.0,0.07851074910777248,0.04034049940518165,1,1
4448,2014-02-05,45.65079365079365,1,1,1,1,"gas,gold,oil,silver",519.3869307788012,6.252649136761135,0.0,0.02868228046223576,3.722700253749006,1.3144492796291698,0.0,0.04602342069335364,0.018682280462235763,1,1
4449,2013-10-01,45.28968253968254,1,1,0,0,"gold,silver",575.2011454526559,6.354719797803769,0.0,0.04372730278138138,4.515379124448095,1.5074891533210972,0.0,0.06859095417207206,0.03372730278138138,1,1
4450,2013-04-17,44.817460317460316,1,1,1,1,"gas,gold,oil,silver",647.7393210355076,6.47348833306241,0.0,0.06340156273718717,5.922406884777084,1.778742934643895,0.0,0.09810234410578077,0.05340156273718717,1,1
4451,2012-12-26,44.5,1,1,1,1,"gas,gold,oil,silver",663.5815782611444,6.4976517976252754,0.0,0.07662795598478771,8.31544175090981,2.1181142382222546,0.0,0.11794193397718157,0.06662795598478771,1,1
4452,2014-06-05,45.992063492063494,1,1,1,1,"gas,gold,oil,silver",592.6977643639411,6.384684596834496,0.0,0.014463907721065181,4.2719889436331755,1.4520795135536961,0.0,0.02469586158159777,0.004463907721065181,1,1
4453,2013-03-07,44.70238095238095,1,1,1,1,"gas,gold,oil,silver",576.7638650487464,6.357432936728057,0.0,0.06819613028944237,7.306873608012584,1.9888154952751333,0.0,0.10529419543416356,0.05819613028944237,1,1
4454,2013-02-20,44.65873015873016,1,1,0,0,"gold,silver",646.256854545643,6.471197032413419,0.0,0.07001475936098744,6.250371628062371,1.8326409224705846,0.0,0.10802213904148117,0.06001475936098744,1,1
4455,2013-02-15,44.6468253968254,1,1,0,1,"gold,oil,silver",612.3100446213417,6.417238763087784,0.0,0.07051074910777247,7.600118651293525,2.028163859182725,0.0,0.10876612366165869,0.06051074910777247,1,1
4456,2013-01-09,44.53968253968254,1,1,1,1,"gas,gold,oil,silver",712.3485483506571,6.5685673258295605,0.0,0.07497465682883764,6.620091577678056,1.8901092033393463,0.0,0.11546198524325647,0.06497465682883764,1,1
4457,2013-01-21,44.57142857142857,1,1,1,1,"gas,gold,oil,silver",615.8427979043212,6.422991732757645,0.0,0.07365201750407759,7.267168966778537,1.9833668026065951,0.0,0.11347802625611639,0.06365201750407759,1,1
4458,2013-11-18,45.42460317460318,1,1,1,1,"gas,gold,oil,silver",543.9968752793396,6.298943502867644,0.0,0.038106085651151145,4.067103915872852,1.4029311775878113,0.0,0.06015912847672672,0.028106085651151143,1,1
4459,2013-10-14,45.32539682539682,1,1,1,0,"gas,gold,silver",557.3320019249081,6.323161116082969,0.0,0.04223933354102632,4.75649743862448,1.5595115651641729,0.0,0.06635900031153948,0.032239333541026316,1,1
4460,2013-07-26,45.1031746031746,1,1,1,1,"gas,gold,oil,silver",590.1587271486299,6.3803915297834095,0.0,0.05149780881434669,4.99908795118672,1.6092554860327601,0.0,0.08024671322152004,0.04149780881434669,1,1
4461,2014-03-27,45.79365079365079,1,1,0,0,"gold,silver",499.7278387916153,6.214063627808195,0.0,0.022730403500815517,3.5293850562881164,1.261123650752218,0.0,0.037095605251223275,0.012730403500815517,1,1
4462,2014-04-10,45.833333333333336,1,0,0,1,"gold,oil",516.9535881543409,6.247953099017107,0.0,0.021077104344865448,,,,,0.01107710434486545,1,1
4463,2013-07-16,45.07142857142857,1,1,1,1,"gas,gold,oil,silver",597.1413596699988,6.392153868730677,0.0,0.052820448139106746,6.095514147727665,1.8075531150322095,0.0,0.08223067220866012,0.042820448139106744,1,1
4464,2013-05-31,44.94444444444444,1,1,1,0,"gas,gold,silver",556.3358535900375,6.321372165103364,0.0,0.05811100543814696,5.213093624377533,1.6511734654132098,0.0,0.09016650815722045,0.04811100543814696,1,1
4465,2013-09-20,45.26190476190476,0,1,0,1,"oil,silver",,,,,4.287438161167026,1.4556893893366227,0.0,0.07032691828581963,0.03488461219054643,1,1
4466,2014-02-27,45.714285714285715,1,1,0,0,"gold,silver",526.6388217717094,6.266514965901516,0.0,0.02603700181271565,3.7524063022873415,1.3223973148033037,0.0,0.042055502719073476,0.01603700181271565,1,1
4467,2013-10-02,45.29365079365079,1,1,1,1,"gas,gold,oil,silver",529.9867837382183,6.272852069892267,0.0,0.04356197286578637,4.649508899818375,1.5367616010795406,0.0,0.06834295929867955,0.03356197286578637,1,1
4468,2013-01-24,44.583333333333336,1,1,1,0,"gas,gold,silver",623.5286290366498,6.435394680724574,0.0,0.07315602775729257,7.205095789480057,1.974788524225019,0.0,0.11273404163593886,0.06315602775729258,1,1
4469,2014-01-01,45.551587301587304,1,1,1,1,"gas,gold,oil,silver",515.1026929309104,6.244366284534792,0.0,0.032815528352110934,3.5479162018744703,1.2663604457564834,0.0,0.052223292528166404,0.022815528352110932,1,1
4470,2013-11-22,45.44047619047619,1,1,0,1,"gold,oil,silver",538.3581521726244,6.288524049032974,0.0,0.03744476598877112,3.7489791636734693,1.321483579902499,0.0,0.05916714898315667,0.02744476598877112,1,1
4471,2012-12-31,44.51190476190476,1,0,0,0,gold,570.604164287624,6.346695736838335,0.0,0.07613196623800268,,,,,0.06613196623800269,1,1
4472,2013-01-22,44.57539682539682,1,1,0,0,"gold,silver",565.7776467737532,6.3382011507942675,0.0,0.07348668758848259,6.48202555289857,1.8690330468434229,0.0,0.11323003138272389,0.0634866875884826,1,1
4473,2014-02-17,45.682539682539684,1,1,0,1,"gold,oil,silver",537.0128615365609,6.2860220449419035,0.0,0.02735964113747571,3.7775403371480665,1.3290730933732824,0.0,0.04403946170621356,0.01735964113747571,1,1
4474,2013-02-19,44.654761904761905,1,1,1,1,"gas,gold,oil,silver",625.871945016609,6.439145789498366,0.0,0.07018008927658245,6.279567668924302,1.8373011355823743,0.0,0.10827013391487368,0.06018008927658246,1,1
4475,2013-01-31,44.6031746031746,1,1,1,1,"gas,gold,oil,silver",743.3141332553361,6.611118745751121,0.0,0.07232937817931755,6.686501212948394,1.9000907497332842,0.0,0.11149406726897632,0.062329378179317545,1,1
4476,2013-01-28,44.59126984126984,1,1,1,1,"gas,gold,oil,silver",647.102314901335,6.472504419403963,0.0,0.07282536792610256,7.09048687328621,1.9587540086075168,0.0,0.11223805188915384,0.06282536792610256,1,1
4477,2014-05-07,45.90873015873016,1,1,1,1,"gas,gold,oil,silver",547.9302028953861,6.306147911856931,0.0,0.017935835948560318,3.750236475217497,1.3218188980521168,0.0,0.02990375392284048,0.00793583594856032,1,1
4478,2013-12-30,45.54365079365079,1,1,1,1,"gas,gold,oil,silver",525.0739366108949,6.263539084315579,0.0,0.033146188183300944,3.611803987712301,1.2842073671144323,0.0,0.052719282274951415,0.023146188183300942,1,1
4479,2013-11-20,45.432539682539684,1,1,0,1,"gold,oil,silver",558.3503309379155,6.324986598598557,0.0,0.037775425819961135,3.6942320050265764,1.306772685713496,0.0,0.059663138729941695,0.027775425819961137,1,1
4480,2013-09-04,45.214285714285715,0,1,1,0,"gas,silver",,,,,5.270573082291161,1.6621391009088142,0.0,0.07330285676652976,0.0368685711776865,1,1
4481,2013-03-28,44.76190476190476,1,1,1,1,"gas,gold,oil,silver",660.6521391360238,6.4932274367813045,0.0,0.06571618155551727,6.498255212764355,1.8715337120626474,0.0,0.10157427233327591,0.055716181555517275,1,1
4482,2013-04-01,44.76984126984127,0,1,1,0,"gas,silver",,,,,5.961957273992035,1.7853988288417466,0.0,0.10107828258649089,0.05538552172432726,1,1
4483,2013-02-05,44.61507936507937,1,1,1,1,"gas,gold,oil,silver",616.612794975456,6.424241266088937,0.0,0.07183338843253252,6.230353530318744,1.8294330776289491,0.0,0.11075008264879879,0.06183338843253252,1,1
4484,2013-02-01,44.607142857142854,1,1,1,1,"gas,gold,oil,silver",630.9143022339731,6.447170040693395,0.0,0.07216404826372252,6.556992726013572,1.8805320719341494,0.0,0.1112460723955838,0.06216404826372253,1,1
4485,2013-10-03,45.29761904761905,1,1,1,1,"gas,gold,oil,silver",589.1905709981334,6.378749681402267,0.0,0.04339664295019136,4.963482361411113,1.6021075833818337,0.0,0.06809496442528704,0.03339664295019136,1,1
4486,2013-08-19,45.166666666666664,1,0,1,0,"gas,gold",583.0541717464191,6.36828010098134,0.0,0.04885253016482659,,,,,0.038852530164826586,1,1
4487,2013-08-27,45.19047619047619,1,1,1,1,"gas,gold,oil,silver",560.3667951479108,6.328591560651546,0.0,0.047860550671256545,4.879113811772798,1.584963607426318,0.0,0.07479082600688482,0.03786055067125654,1,1
4488,2013-12-26,45.535714285714285,1,1,0,1,"gold,oil,silver",532.366246857508,6.277331686422385,0.0,0.03347684801449096,3.7207687108423686,1.313930289636955,0.0,0.05321527202173644,0.02347684801449096,1,1
4489,2013-08-12,45.1468253968254,1,1,0,1,"gold,oil,silver",605.4845641844697,6.4060290699918525,0.0,0.049679179742801616,4.9984194034652845,1.6091217431509166,0.0,0.07751876961420243,0.039679179742801614,1,1
4490,2014-01-21,45.607142857142854,1,1,0,1,"gold,oil,silver",536.9606110847731,6.285924741883381,0.0,0.03050090953378083,3.725466595617022,1.315192104555401,0.0,0.04875136430067124,0.020500909533780833,1,1
4491,2013-03-25,44.75,1,1,0,1,"gold,oil,silver",617.9379992340109,6.426388127560755,0.0,0.06621217130230228,6.922663004650131,1.9348005228641383,0.0,0.10231825695345344,0.056212171302302286,1,1
4492,2013-02-18,44.65079365079365,1,1,1,1,"gas,gold,oil,silver",633.3705277221065,6.451055602744275,0.0,0.07034541919217746,7.506694814449101,2.015795264300937,0.0,0.1085181287882662,0.06034541919217746,1,1
4493,2014-04-28,45.88095238095238,1,1,1,1,"gas,gold,oil,silver",539.369443850003,6.290400760695418,0.0,0.019093145357725376,3.8116313025255826,1.3380572608953614,0.0,0.03163971803658806,0.009093145357725374,1,1
4494,2012-12-28,44.507936507936506,1,1,0,0,"gold,silver",708.1535410754365,6.562660936107462,0.0,0.0762972961535977,7.808575046385982,2.0552224947577447,0.0,0.11744594423039656,0.06629729615359771,1,1
4495,2013-07-15,45.067460317460316,1,1,1,1,"gas,gold,oil,silver",657.4166853921612,6.488318041790539,0.0,0.052985778054701754,5.267226049463398,1.6615038576481544,0.0,0.08247866708205262,0.04298577805470175,1,1
4496,2013-02-14,44.642857142857146,1,1,1,1,"gas,gold,oil,silver",664.0683376167893,6.498385062278304,0.0,0.07067607902336746,6.837157831710202,1.9223721236016091,0.0,0.1090141185350512,0.06067607902336747,1,1
4497,2013-03-13,44.71825396825397,1,1,1,1,"gas,gold,oil,silver",622.8455298918885,6.434298542444966,0.0,0.06753481062706235,5.611834059593442,1.7248775929494198,0.0,0.10430221594059352,0.057534810627062345,1,1
4498,2013-11-12,45.40873015873016,1,1,1,1,"gas,gold,oil,silver",587.4582753457521,6.375805222808144,0.0,0.03876740531353117,4.540223528386043,1.5129762461685599,0.0,0.061151107970296756,0.02876740531353117,1,1
4499,2013-09-27,45.28174603174603,1,1,0,1,"gold,oil,silver",630.1133079141856,6.4458996570458575,0.0,0.04405796261257139,4.949336126544956,1.5992534517367603,0.0,0.06908694391885709,0.03405796261257139,1,1
4500,2014-02-24,45.70238095238095,1,1,1,1,"gas,gold,oil,silver",503.9075944068251,6.222392906830821,0.0,0.026532991559500674,3.7119505207158205,1.3115574852865752,0.0,0.042799487339251006,0.016532991559500672,1,1
4501,2013-03-29,44.76587301587302,1,1,1,1,"gas,gold,oil,silver",609.1646596279977,6.412088608222075,0.0,0.06555085163992226,6.152160888557176,1.816803384097591,0.0,0.1013262774598834,0.05555085163992226,1,1
4502,2014-03-26,45.78968253968254,1,1,1,1,"gas,gold,oil,silver",510.98516291996185,6.23634055440049,0.0,0.022895733416410522,3.4899852083569156,1.2498974979122068,0.0,0.03734360012461578,0.012895733416410522,1,1
4503,2013-01-08,44.535714285714285,1,1,1,1,"gas,gold,oil,silver",635.9384010950283,6.455101705025338,0.0,0.07513998674443265,7.123454875548034,1.9633928430650713,0.0,0.11570998011664899,0.06513998674443265,1,1
4504,2013-05-20,44.90873015873016,1,0,1,0,"gas,gold",585.1256942548592,6.371826686126447,0.0,0.05959897467850202,,,,,0.049598974678502016,1,1
4505,2013-01-10,44.54365079365079,1,1,1,0,"gas,gold,silver",616.0349736628598,6.423303737348577,0.0,0.07480932691324263,6.872726825144302,1.9275609452626083,0.0,0.11521399036986396,0.06480932691324263,1,1
4506,2014-03-10,45.742063492063494,1,0,0,0,gold,513.7917014244143,6.241817933172079,0.0,0.024879692403550605,,,,,0.014879692403550606,1,1
4507,2013-02-25,44.67063492063492,1,1,1,0,"gas,gold,silver",576.9390251404599,6.357736585257586,0.0,0.06951876961420242,7.2820440676709035,1.9854116013239043,0.0,0.10727815442130363,0.059518769614202424,1,1
4508,2013-05-10,44.88492063492063,1,1,1,0,"gas,gold,silver",519.6416481776511,6.2531394358907475,0.0,0.06059095417207206,4.27963068339219,1.4538667169435433,0.0,0.0938864312581081,0.05059095417207206,1,1
4509,2013-12-27,45.53968253968254,1,1,1,1,"gas,gold,oil,silver",507.79858628739044,6.230084885271804,0.0,0.033311518098895945,3.7605255093241587,1.3245587107539758,0.0,0.052967277148343914,0.023311518098895947,1,1
4510,2013-10-21,45.345238095238095,1,1,0,1,"gold,oil,silver",598.149776229319,6.393841184512219,0.0,0.04141268396305128,5.36450363736323,1.6798038531377242,0.0,0.06511902594457691,0.03141268396305128,1,1
4511,2013-01-16,44.55952380952381,1,0,1,0,"gas,gold",621.6786675164564,6.432423347539496,0.0,0.07414800725086261,,,,,0.06414800725086262,1,1
4512,2013-04-08,44.78968253968254,0,1,0,0,silver,,,,,5.5940842600677,1.7217096572454669,0.0,0.09983830821952834,0.05455887214635223,1,1
4513,2013-06-21,45.00396825396825,1,1,0,1,"gold,oil,silver",590.0960515751517,6.380285322929319,0.0,0.05563105670422186,4.871925613128846,1.5834892620498295,0.0,0.08644658505633279,0.04563105670422186,1,1
4514,2013-08-30,45.20238095238095,1,1,1,1,"gas,gold,oil,silver",577.7630453311768,6.359163828442937,0.0,0.04736456092447153,5.124796060119659,1.63409073108532,0.0,0.07404684138670728,0.037364560924471525,1,1
4515,2013-03-18,44.73015873015873,1,1,1,0,"gas,gold,silver",623.043214490701,6.434615881535415,0.0,0.06703882088027732,5.81187934748703,1.7599039862852366,0.0,0.10355823132041599,0.05703882088027733,1,1
4516,2014-02-04,45.6468253968254,1,1,1,0,"gas,gold,silver",547.1648715413362,6.304750167503007,0.0,0.028847610377830762,3.641918826803024,1.2925106929743928,0.0,0.046271415566746146,0.018847610377830764,1,1
4517,2013-03-08,44.70634920634921,1,1,1,1,"gas,gold,oil,silver",614.6254276972911,6.42101302159892,0.0,0.06803080037384737,7.214988250913659,1.976160563799513,0.0,0.10504620056077105,0.05803080037384737,1,1
4518,2013-05-07,44.87301587301587,1,1,1,1,"gas,gold,oil,silver",591.7350772455753,6.383059030071172,0.0,0.061086943918857085,5.310736315177371,1.66973049139909,0.0,0.09463041587828562,0.05108694391885708,1,1
4519,2013-01-04,44.52777777777778,1,1,1,0,"gas,gold,silver",713.3261909039272,6.569938806546156,0.0,0.07547064657562266,6.596859491685004,1.8865937011939933,0.0,0.116205969863434,0.06547064657562267,1,1
4520,2014-03-17,45.76190476190476,1,1,1,1,"gas,gold,oil,silver",513.7634778744922,6.241762999771912,0.0,0.024053042825575577,3.575143532919494,1.2740053244084086,0.0,0.03907956423836336,0.014053042825575575,1,1
4521,2014-05-12,45.92063492063492,1,1,1,0,"gas,gold,silver",548.4392045544995,6.307076434109056,0.0,0.017439846201775307,3.7045739860196862,1.3095682686064882,0.0,0.02915976930266296,0.0074398462017753065,1,1
4522,2014-04-25,45.87698412698413,1,0,0,1,"gold,oil",532.0978324751877,6.276827368064968,0.0,0.019258475273320377,,,,,0.009258475273320379,1,1
4523,2013-09-19,45.257936507936506,1,1,0,1,"gold,oil,silver",575.7884994051152,6.355740404732889,0.0,0.04504994210614143,4.923732544151328,1.5940668900621326,0.0,0.07057491315921215,0.03504994210614143,1,1
4524,2013-04-09,44.79365079365079,1,1,1,1,"gas,gold,oil,silver",579.7148215511005,6.362536295641923,0.0,0.06439354223075722,6.7116372316773765,1.903842919980403,0.0,0.09959031334613583,0.054393542230757215,1,1
4525,2013-03-01,44.68650793650794,1,1,1,1,"gas,gold,oil,silver",584.204432011903,6.370250976388237,0.0,0.0688574499518224,6.791485940646596,1.91566976013862,0.0,0.1062861749277336,0.0588574499518224,1,1
4526,2013-01-23,44.57936507936508,1,1,1,0,"gas,gold,silver",715.2792488194325,6.572673024235582,0.0,0.07332135767288757,8.320605962913305,2.118735084261916,0.0,0.11298203650933136,0.06332135767288757,1,1
4527,2013-03-27,44.757936507936506,1,1,0,1,"gold,oil,silver",661.0215233419166,6.493786401109636,0.0,0.06588151147111228,6.403060583724834,1.8567760922637027,0.0,0.10182226720666843,0.055881511471112276,1,1
4528,2013-11-11,45.404761904761905,1,1,0,1,"gold,oil,silver",561.393119840475,6.330421408491935,0.0,0.03893273522912618,4.726073655473502,1.5530947638048223,0.0,0.06139910284368927,0.02893273522912618,1,1
4529,2014-07-03,46.07142857142857,1,1,1,0,"gas,gold,silver",601.6217498204887,6.399628925274151,0.0,0.011157309409165046,4.00234184352279,1.386879650685229,0.0,0.01973596411374757,0.0011573094091650463,1,1
4530,2013-12-06,45.48015873015873,1,1,1,1,"gas,gold,oil,silver",551.8437294309493,6.3132649073400735,0.0,0.03579146683282105,4.178412124919426,1.4299312999449092,0.0,0.05668720024923157,0.02579146683282105,1,1
4531,2013-01-01,44.51587301587302,1,1,1,0,"gas,gold,silver",616.3915715039963,6.423882429608146,0.0,0.07596663632240769,7.828236670163541,2.0577372828738776,0.0,0.11694995448361153,0.06596663632240769,1,1
4532,2014-07-07,46.07936507936508,1,1,1,0,"gas,gold,silver",591.3285104883811,6.382371718286049,0.0,0.010826649577975038,3.82626684815815,1.3418896145760297,0.0,0.019239974366962554,0.0008266495779750373,1,1
4533,2014-03-21,45.77777777777778,1,1,0,0,"gold,silver",506.9242643953021,6.228361612541973,0.0,0.023391723163195544,3.586200926597982,1.2770934044548734,0.0,0.03808758474479332,0.013391723163195543,1,1
4534,2017-01-10,48.682539682539684,1,0,1,1,"gas,gold,oil",987.5722975215958,6.895249706775457,0.0,0.03829440196315578,,,,,0.028294401963155785,1,1
4535,2016-03-24,47.857142857142854,1,1,1,1,"gas,gold,oil,silver",882.6918517928783,6.782976160979705,0.0,0.06529089557937781,6.233933835336461,1.8300075677720524,0.0,0.10093634336906672,0.055290895579377816,1,1
4536,2015-09-21,47.32936507936508,1,1,0,1,"gold,oil,silver",929.2124704212524,6.834337421405911,0.0,0.0825530765935967,5.708654894418921,1.7419834257626072,0.0,0.12682961489039507,0.07255307659359671,1,1
4537,2015-07-27,47.17063492063492,1,1,1,1,"gas,gold,oil,silver",634.1743839070136,6.452323970098046,0.0,0.08774470998133171,4.913348327583878,1.5919556498354823,0.0,0.13461706497199757,0.07774470998133172,1,1
4538,2016-06-13,48.083333333333336,1,1,1,1,"gas,gold,oil,silver",961.6164407885136,6.868615660960611,0.0,0.05789281800185544,6.034595361808457,1.7975088037197753,0.0,0.08983922700278316,0.047892818001855436,1,1
4539,2015-09-04,47.285714285714285,1,1,0,0,"gold,silver",722.1446953128167,6.582225527834143,0.0,0.08398077577522384,6.9458111814588275,1.9381387701716346,0.0,0.12897116366283576,0.07398077577522384,1,1
4540,2015-07-06,47.111111111111114,1,1,0,0,"gold,silver",620.6935654012646,6.430837506685132,0.0,0.08969157250173233,5.40289833690482,1.686935538639156,0.0,0.1375373587525985,0.07969157250173234,1,1
4541,2015-10-28,47.43650793650794,1,1,1,0,"gas,gold,silver",810.3193658174483,6.697428448746002,0.0,0.07904872405687557,5.308606412643254,1.6693293549790182,0.0,0.12157308608531338,0.06904872405687558,1,1
4542,2015-07-10,47.12698412698413,1,1,1,1,"gas,gold,oil,silver",838.7689124820414,6.73193523644544,0.0,0.08917240916295884,4.0860052530506294,1.4075677820163928,0.0,0.13675861374443826,0.07917240916295884,1,1
4543,2016-02-02,47.71031746031746,1,1,0,1,"gold,oil,silver",791.6514088491847,6.674121154582296,0.0,0.0700931564630327,6.412198613342538,1.8582022095237494,0.0,0.10813973469454904,0.0600931564630327,1,1
4544,2017-03-31,48.91269841269841,1,1,1,1,"gas,gold,oil,silver",1011.1114039432582,6.9188054047828915,0.0,0.03076653355094003,7.694394988942711,2.0404921402807443,0.0,0.049149800326410045,0.020766533550940026,1,1
4545,2015-08-26,47.257936507936506,1,1,0,1,"gold,oil,silver",712.7981454681449,6.569198274396965,0.0,0.08488931161807746,4.689842194816724,1.5453989347314965,0.0,0.1303339674271162,0.07488931161807746,1,1
4546,2017-09-20,49.40079365079365,1,1,1,1,"gas,gold,oil,silver",814.3584631187832,6.702400641448878,0.0,0.014802260883654883,5.439688177500998,1.6937217389126629,0.0,0.02520339132548232,0.004802260883654882,1,1
4547,2016-01-05,47.63095238095238,1,1,1,1,"gas,gold,oil,silver",828.2812896573463,6.719352818501261,0.0,0.07268897315690019,6.242577893741504,1.8313932210661492,0.0,0.11203345973535031,0.0626889731569002,1,1
4548,2015-07-14,47.13492063492063,1,1,1,1,"gas,gold,oil,silver",794.301330204002,6.6774628983248325,0.0,0.08891282749357209,5.902402070051653,1.775359398573762,0.0,0.13636924124035815,0.07891282749357209,1,1
4549,2017-01-09,48.67857142857143,1,1,0,1,"gold,oil,silver",944.5306413831662,6.850688128324459,0.0,0.038424192797849165,6.89248968184851,1.930432366903234,0.0,0.060636289196773746,0.028424192797849163,1,1
4550,2016-03-29,47.86904761904762,1,1,0,0,"gold,silver",893.913849873859,6.795609405735788,0.0,0.0649015230752977,6.248895761285496,1.8324047699445587,0.0,0.10035228461294654,0.0549015230752977,1,1
4551,2016-04-27,47.95238095238095,1,1,1,0,"gas,gold,silver",909.3782297858164,6.812761102008056,0.0,0.062175915546736814,5.202409260376063,1.6491218375912238,0.0,0.09626387332010522,0.05217591554673681,1,1
4552,2016-11-25,48.55555555555556,1,1,1,1,"gas,gold,oil,silver",1013.0540466881281,6.920724855923313,0.0,0.04244770867334379,7.175204975066646,1.9706313291911681,0.0,0.06667156301001569,0.03244770867334379,1,1
4553,2016-02-05,47.72222222222222,1,1,1,1,"gas,gold,oil,silver",913.9938059779004,6.817823794601757,0.0,0.06970378395895256,6.361525649047278,1.8502682305106346,0.0,0.10755567593842885,0.059703783958952567,1,1
4554,2017-06-05,49.095238095238095,1,1,1,1,"gas,gold,oil,silver",1044.830326560895,6.9516097842886015,0.0,0.024796155155044762,7.08826179220382,1.9584401471867172,0.0,0.04019423273256714,0.014796155155044764,1,1
4555,2016-08-22,48.28174603174603,1,1,1,1,"gas,gold,oil,silver",915.206413438791,6.819149628291966,0.0,0.05140327626718668,6.439667993891074,1.8624769850437004,0.0,0.08010491440078002,0.04140327626718668,1,1
4556,2016-07-20,48.19047619047619,1,1,1,1,"gas,gold,oil,silver",880.2877119386533,6.78024879942209,0.0,0.0543884654651343,6.310494355203481,1.8422140182075484,0.0,0.08458269819770145,0.0443884654651343,1,1
4557,2015-08-04,47.19444444444444,1,1,0,0,"gold,silver",740.2189346337864,6.606946000054207,0.0,0.08696596497317147,5.542463379262257,1.712439055226647,0.0,0.1334489474597572,0.07696596497317147,1,1
4558,2015-11-13,47.48412698412698,1,1,1,1,"gas,gold,oil,silver",796.2273297556115,6.679884735216521,0.0,0.07749123404055508,5.557858673882729,1.7152129034840242,0.0,0.11923685106083262,0.06749123404055508,1,1
4559,2017-04-27,48.98809523809524,1,1,0,1,"gold,oil,silver",1017.758551090745,6.9253579893038175,0.0,0.02830050769176589,7.408737284233111,2.0026600178009906,0.0,0.045450761537648834,0.01830050769176589,1,1
4560,2015-12-18,47.583333333333336,1,1,1,1,"gas,gold,oil,silver",929.8268547967122,6.83499839117615,0.0,0.0742464631732207,5.095334327877473,1.6283252833398212,0.0,0.11436969475983105,0.0642464631732207,1,1
4561,2016-03-23,47.8531746031746,1,1,1,1,"gas,gold,oil,silver",912.2718345421099,6.815938009852935,0.0,0.06542068641407119,5.858696541950573,1.7679271457327705,0.0,0.10113102962110679,0.05542068641407119,1,1
4562,2017-06-06,49.09920634920635,1,1,1,1,"gas,gold,oil,silver",1039.6150401666282,6.946605769925698,0.0,0.024666364320351394,7.189648959067674,1.972642347045594,0.0,0.03999954648052709,0.014666364320351394,1,1
4563,2016-03-15,47.82936507936508,1,1,1,1,"gas,gold,oil,silver",1004.7366343119313,6.912480730739643,0.0,0.06619943142223143,5.94565242780104,1.7826602680743946,0.0,0.10229914713334716,0.05619943142223144,1,1
4564,2017-08-17,49.30555555555556,1,1,1,1,"gas,gold,oil,silver",877.6528864514084,6.777251169738066,0.0,0.017917240916295884,6.194841760840834,1.8237169717106207,0.0,0.029875861374443823,0.007917240916295884,1,1
4565,2016-05-18,48.01190476190476,1,0,0,0,gold,908.0778101968004,6.811330068979108,0.0,0.06022905302633619,,,,,0.050229053026336186,1,1
4566,2015-08-21,47.24603174603175,1,1,1,1,"gas,gold,oil,silver",853.1930545327106,6.74898584607263,0.0,0.08527868412215758,5.373440934326053,1.68146847320852,0.0,0.1309180261832364,0.07527868412215759,1,1
4567,2017-07-05,49.182539682539684,1,1,1,1,"gas,gold,oil,silver",986.3548808173147,6.894016209540097,0.0,0.02194075679179051,6.6734591929007125,1.8981383451161478,0.0,0.035911135187685767,0.01194075679179051,1,1
4568,2016-05-31,48.04761904761905,1,1,1,1,"gas,gold,oil,silver",1008.1242354460337,6.915846690487155,0.0,0.059060935514095816,5.755011174789014,1.7500709839250475,0.0,0.09159140327114372,0.049060935514095814,1,1
4569,2016-11-17,48.53174603174603,1,1,1,1,"gas,gold,oil,silver",1059.833173175596,6.965866790923376,0.0,0.04322645368150404,6.914141685437801,1.9335688338318124,0.0,0.06783968052225606,0.03322645368150404,1,1
4570,2016-11-11,48.51587301587302,1,1,1,1,"gas,gold,oil,silver",1011.6631221006915,6.919350911129754,0.0,0.043745617020277544,6.2163263858077205,1.827179119056207,0.0,0.0686184255304163,0.03374561702027754,1,1
4571,2016-10-14,48.43650793650794,1,1,1,1,"gas,gold,oil,silver",896.5738792256974,6.798580698155869,0.0,0.04634143371414505,5.993195706148765,1.790624776732742,0.0,0.07251215057121757,0.03634143371414505,1,1
4572,2016-12-06,48.583333333333336,1,1,1,1,"gas,gold,oil,silver",968.586932146291,6.8758382383917365,0.0,0.04153917283049017,6.849799903514557,1.9242194406817215,0.0,0.06530875924573525,0.03153917283049017,1,1
4573,2015-10-01,47.361111111111114,1,1,1,1,"gas,gold,oil,silver",787.4466543288954,6.6687956278705585,0.0,0.0815147499160497,5.4428779092336335,1.6943079484148256,0.0,0.12527212487407455,0.07151474991604971,1,1
4574,2016-05-04,47.97222222222222,1,1,1,1,"gas,gold,oil,silver",965.3741341574337,6.872515729991378,0.0,0.06152696137326994,5.784958236611189,1.7552611413648167,0.0,0.0952904420599049,0.05152696137326994,1,1
4575,2016-02-01,47.70634920634921,1,1,0,1,"gold,oil,silver",824.3182596724913,6.714556692805598,0.0,0.07022294729772606,4.989744457559429,1.60738469754217,0.0,0.1083344209465891,0.060222947297726065,1,1
4576,2017-03-10,48.8531746031746,1,1,1,1,"gas,gold,oil,silver",1039.7174178974751,6.946704241654481,0.0,0.032713396071340654,7.328208097184599,1.9917310245101931,0.0,0.05207009410701098,0.022713396071340656,1,1
4577,2016-01-04,47.62698412698413,1,1,1,1,"gas,gold,oil,silver",761.5126898101252,6.6353068364250305,0.0,0.07281876399159357,5.6716478173287115,1.7354796958579106,0.0,0.11222814598739037,0.06281876399159357,1,1
4578,2017-01-31,48.742063492063494,1,1,1,0,"gas,gold,silver",967.6259984430103,6.874845647373471,0.0,0.03634753944275516,7.433070346642191,2.0059390097966086,0.0,0.05752130916413273,0.026347539442755155,1,1
4579,2015-10-14,47.3968253968254,1,1,1,1,"gas,gold,oil,silver",861.9843009560847,6.759237058149917,0.0,0.08034663240380933,6.078988582239401,1.804838330534751,0.0,0.12351994860571401,0.07034663240380934,1,1
4580,2015-06-26,47.08730158730159,1,0,0,1,"gold,oil",723.6203436497591,6.584266867622562,0.0,0.0904703175098926,,,,,0.0804703175098926,1,1
4581,2017-03-03,48.833333333333336,1,1,0,1,"gold,oil,silver",1043.0254219868254,6.949880828612483,0.0,0.033362350244807534,7.681215289666607,2.0387777754828256,0.0,0.0530435253672113,0.023362350244807532,1,1
4582,2016-01-14,47.65873015873016,1,1,1,1,"gas,gold,oil,silver",833.9198598384138,6.726137306420833,0.0,0.07178043731404657,4.780682653865456,1.5645833509225322,0.0,0.11067065597106987,0.061780437314046574,1,1
4583,2015-10-05,47.36904761904762,1,1,1,0,"gas,gold,silver",807.5453664820428,6.693999234920606,0.0,0.08125516824666296,6.293468607758247,1.8395123666950735,0.0,0.12488275236999444,0.07125516824666296,1,1
4584,2016-07-07,48.154761904761905,1,1,1,1,"gas,gold,oil,silver",969.3228526081942,6.876597737624434,0.0,0.055556582977374674,6.560166895811426,1.8810160440670385,0.0,0.08633487446606201,0.04555658297737467,1,1
4585,2016-12-16,48.61507936507937,1,1,0,1,"gold,oil,silver",930.8334270808066,6.836080342988731,0.0,0.04050084615294316,7.015875472717144,1.9481755058697694,0.0,0.06375126922941474,0.03050084615294316,1,1
4586,2016-06-22,48.111111111111114,1,1,1,1,"gas,gold,oil,silver",946.9907496219481,6.853289325051726,0.0,0.05698428215900181,5.850504074106852,1.7665278240456361,0.0,0.0884764232385027,0.04698428215900181,1,1
4587,2015-11-26,47.51984126984127,1,1,1,1,"gas,gold,oil,silver",869.2358097540747,6.767614446054203,0.0,0.0763231165283147,5.989264571943975,1.7899686286204854,0.0,0.11748467479247206,0.0663231165283147,1,1
4588,2016-02-11,47.73809523809524,1,1,1,1,"gas,gold,oil,silver",817.3802172330956,6.706104368773558,0.0,0.06918462062017908,6.231780371914182,1.8296620659567695,0.0,0.1067769309302686,0.059184620620179075,1,1
4589,2016-04-21,47.93650793650794,1,1,1,1,"gas,gold,oil,silver",925.7562522916114,6.83061097352907,0.0,0.0626950788855103,5.191992146843926,1.6471174668513242,0.0,0.09704261832826547,0.05269507888551031,1,1
4590,2015-10-20,47.41269841269841,1,0,0,0,gold,858.4112864151667,6.755083339430386,0.0,0.07982746906503582,,,,,0.06982746906503583,1,1
4591,2015-09-29,47.3531746031746,1,1,0,1,"gold,oil,silver",730.1385967268241,6.593234374651483,0.0,0.08177433158543645,4.500432109032603,1.5041734163957103,0.0,0.12566149737815469,0.07177433158543646,1,1
4592,2017-04-11,48.94047619047619,1,0,1,1,"gas,gold,oil",961.7158966675173,6.86871908133904,0.0,0.029857997708086406,,,,,0.019857997708086404,1,1
4593,2015-08-03,47.19047619047619,1,1,1,1,"gas,gold,oil,silver",687.1375217247215,6.532534449372571,0.0,0.08709575580786484,6.774565102948754,1.9131751732587272,0.0,0.13364363371179727,0.07709575580786485,1,1
4594,2016-12-21,48.62698412698413,1,1,1,1,"gas,gold,oil,silver",983.4884026622789,6.891105845855449,0.0,0.040111473648863034,6.94039825067881,1.9373591576963032,0.0,0.06316721047329454,0.030111473648863032,1,1
4595,2016-09-07,48.32936507936508,1,1,1,1,"gas,gold,oil,silver",943.7699305362967,6.849882418789299,0.0,0.04984578625086618,6.336519110726069,1.8463295815105099,0.0,0.07776867937629926,0.039845786250866176,1,1
4596,2015-09-30,47.357142857142854,1,1,1,0,"gas,gold,silver",820.4364535556367,6.709836459091661,0.0,0.08164454075074308,7.295159194097458,1.9872110040940756,0.0,0.12546681112611463,0.07164454075074309,1,1
4597,2016-12-12,48.59920634920635,1,1,0,1,"gold,oil,silver",959.3888286227568,6.866296444871295,0.0,0.04102000949171666,7.47081221797615,2.0110037238867413,0.0,0.06453001423757498,0.031020009491716658,1,1
4598,2017-07-17,49.214285714285715,1,1,1,0,"gas,gold,silver",943.9328038211239,6.850054981219037,0.0,0.020902430114243517,6.6370073887092635,1.8926611674235665,0.0,0.03435364517136527,0.010902430114243515,1,1
4599,2016-06-06,48.06349206349206,1,1,0,1,"gold,oil,silver",875.509170752727,6.774805626545662,0.0,0.05854177217532232,5.430342424753964,1.6920021936065224,0.0,0.09081265826298347,0.048541772175322316,1,1
4600,2015-12-31,47.61904761904762,1,1,1,0,"gas,gold,silver",760.5519835169281,6.634044463757675,0.0,0.07307834566098033,5.006515145741457,1.6107400933766558,0.0,0.11261751849147049,0.06307834566098033,1,1
4601,2015-11-11,47.476190476190474,1,1,1,1,"gas,gold,oil,silver",957.3200867757009,6.864137804470814,0.0,0.07775081570994183,6.304388502270278,1.8412459785548612,0.0,0.11962622356491275,0.06775081570994183,1,1
4602,2017-07-19,49.22222222222222,1,1,1,0,"gas,gold,silver",903.8748750171069,6.806690938220574,0.0,0.020642848444856768,6.349721275590401,1.8484109183334367,0.0,0.03396427266728515,0.010642848444856768,1,1
4603,2017-09-27,49.42063492063492,1,1,1,1,"gas,gold,oil,silver",805.1550337275966,6.691034847357269,0.0,0.014153306710188007,5.267541865814838,1.6615638146123846,0.0,0.024229960065282007,0.0041533067101880055,1,1
4604,2016-03-25,47.861111111111114,1,1,0,1,"gold,oil,silver",948.2684980788565,6.854637687975739,0.0,0.06516110474468444,5.9068918092806335,1.7761197724777693,0.0,0.10074165711702665,0.055161104744684435,1,1
4605,2016-04-07,47.8968253968254,1,1,0,0,"gold,silver",798.9079447865574,6.683245726095649,0.0,0.06399298723244407,5.712275912640334,1.742617527904353,0.0,0.0989894808486661,0.05399298723244406,1,1
4606,2017-01-20,48.714285714285715,0,0,1,1,"gas,oil",,,,,,,,,0.02725607528560878,1,1
4607,2015-09-24,47.34126984126984,1,1,1,0,"gas,gold,silver",839.3388867850282,6.732614542417505,0.0,0.08216370408951658,6.344096753911828,1.8475247354633832,0.0,0.12624555613427488,0.07216370408951658,1,1
4608,2017-04-18,48.96031746031746,1,1,0,1,"gold,oil,silver",997.3525901263118,6.905104358521585,0.0,0.029209043534619526,7.607959858416069,2.0291950489957404,0.0,0.04681356530192929,0.019209043534619528,1,1
4609,2016-11-01,48.48412698412698,1,1,0,1,"gold,oil,silver",838.256632891682,6.731324298099621,0.0,0.04478394369782455,6.471211979409323,1.8673634139081299,0.0,0.07017591554673681,0.034783943697824546,1,1
4610,2017-02-08,48.76587301587302,1,1,1,1,"gas,gold,oil,silver",962.140588954814,6.869160582352623,0.0,0.03556879443459491,7.366709889122312,1.9969711871400562,0.0,0.056353191651892356,0.02556879443459491,1,1
4611,2016-09-09,48.33730158730159,1,1,1,1,"gas,gold,oil,silver",939.1522571965024,6.844977614302745,0.0,0.04958620458147942,6.040203072182765,1.798437632603855,0.0,0.07737930687221913,0.03958620458147942,1,1
4612,2015-11-02,47.448412698412696,1,1,0,1,"gold,oil,silver",900.9321664596464,6.803429967825905,0.0,0.07865935155279545,5.705714043829276,1.741468136538888,0.0,0.12098902732919319,0.06865935155279546,1,1
4613,2017-02-15,48.785714285714285,0,1,0,0,silver,,,,,7.669738291111145,2.037282493690266,0.0,0.055379760391692054,0.024919840261128035,1,1
4614,2017-05-01,48.99603174603175,1,1,0,0,"gold,silver",988.2752827539937,6.895961285208002,0.0,0.028040926022379148,7.509752359250545,2.016202490432169,0.0,0.04506138903356871,0.018040926022379146,1,1
4615,2016-10-06,48.41269841269841,1,0,1,1,"gas,gold,oil",946.1073058050786,6.852355993702652,0.0,0.0471201787223053,,,,,0.037120178722305296,1,1
4616,2015-10-15,47.40079365079365,1,1,1,1,"gas,gold,oil,silver",819.7164939446305,6.708958541384845,0.0,0.08021684156911595,5.4819932817460275,1.701468772368356,0.0,0.12332526235367394,0.07021684156911595,1,1
4617,2015-12-28,47.607142857142854,1,1,1,1,"gas,gold,oil,silver",831.7135919871583,6.723488141156831,0.0,0.07346771816506044,6.1231602950345785,1.8120783513193386,0.0,0.11320157724759067,0.06346771816506044,1,1
4618,2015-12-29,47.611111111111114,1,1,1,1,"gas,gold,oil,silver",948.1938710940238,6.854558986720091,0.0,0.07333792733036708,5.977101346594252,1.7879357257957795,0.0,0.11300689099555061,0.06333792733036708,1,1
4619,2016-02-08,47.726190476190474,1,1,1,0,"gas,gold,silver",912.3682753859686,6.8160437192949495,0.0,0.06957399312425919,5.331093837031321,1.673556439830019,0.0,0.10736098968638878,0.05957399312425919,1,1
4620,2015-12-21,47.58730158730159,1,1,1,1,"gas,gold,oil,silver",831.0016241320443,6.722631749284398,0.0,0.07411667233852731,6.0717517495129005,1.8036471547899637,0.0,0.11417500850779098,0.06411667233852732,1,1
4621,2016-12-08,48.59126984126984,1,1,1,1,"gas,gold,oil,silver",977.0724517692836,6.8845608066824955,0.0,0.04127959116110342,7.111743297739511,1.9617474033165898,0.0,0.06491938674165512,0.03127959116110342,1,1
4622,2016-11-23,48.54761904761905,1,0,0,0,gold,929.5558828376049,6.834706926750305,0.0,0.04270729034273054,,,,,0.03270729034273054,1,1
4623,2016-09-23,48.37698412698413,1,1,1,1,"gas,gold,oil,silver",886.3413433176613,6.787102139748435,0.0,0.048288296234545676,6.969094982099092,1.941485371592819,0.0,0.0754324443518185,0.038288296234545674,1,1
4624,2017-01-18,48.70634920634921,1,1,1,1,"gas,gold,oil,silver",933.6710344987531,6.839124164730381,0.0,0.03751565695499553,6.7674785898436465,1.9121285788284144,0.0,0.05927348543249329,0.02751565695499553,1,1
4625,2017-05-19,49.051587301587304,1,1,0,1,"gold,oil,silver",985.6079931999894,6.893258702730125,0.0,0.026223854336671897,7.267550400315595,1.9834192884547923,0.0,0.042335781505007844,0.016223854336671895,1,1
4626,2015-07-01,47.09920634920635,1,1,1,1,"gas,gold,oil,silver",785.5386196502825,6.6663696221780855,0.0,0.09008094500581247,5.340492654210484,1.6753179060594439,0.0,0.1381214175087187,0.08008094500581248,1,1
4627,2017-01-17,48.70238095238095,1,1,1,1,"gas,gold,oil,silver",968.0241851760047,6.87525707165042,0.0,0.03764544778968891,6.987891154315877,1.944178816065195,0.0,0.05946817168453336,0.027645447789688908,1,1
4628,2016-07-13,48.17063492063492,1,1,1,0,"gas,gold,silver",851.8564227063348,6.747417994678259,0.0,0.055037419638601176,6.3590894177226795,1.8498851937877094,0.0,0.08555612945790177,0.045037419638601174,1,1
4629,2016-03-07,47.80555555555556,1,1,1,1,"gas,gold,oil,silver",793.3563578901692,6.676272500126898,0.0,0.0669781764303917,6.568204054238491,1.8822404396088335,0.0,0.10346726464558754,0.05697817643039169,1,1
4630,2017-06-29,49.166666666666664,1,1,1,0,"gas,gold,silver",981.2867884077228,6.888864759764762,0.0,0.02245992013056402,6.820428738090429,1.9199223347021042,0.0,0.03668988019584603,0.012459920130564017,1,1
4631,2017-07-28,49.25,1,1,0,0,"gold,silver",916.3816301423811,6.820432904702279,0.0,0.019734312602003132,6.332472747188301,1.8456907992426324,0.0,0.0326014689030047,0.009734312602003133,1,1
4632,2016-04-20,47.932539682539684,1,0,1,1,"gas,gold,oil",907.2723055020637,6.810442631629546,0.0,0.0628248697202037,,,,,0.05282486972020369,1,1
4633,2015-07-20,47.15079365079365,1,1,0,1,"gold,oil,silver",702.7018174879257,6.55493264462988,0.0,0.08839366415479859,4.796566242990731,1.5679002958738646,0.0,0.13559049623219788,0.07839366415479859,1,1
4634,2017-07-21,49.23015873015873,1,1,1,0,"gas,gold,silver",925.657360760323,6.830504145394411,0.0,0.02038326677547001,6.633689126827741,1.8921610788341254,0.0,0.03357490016320501,0.01038326677547001,1,1
4635,2016-04-05,47.888888888888886,1,1,0,1,"gold,oil,silver",808.7409091449284,6.695478605127425,0.0,0.06425256890183081,6.514622927217936,1.8740493312683626,0.0,0.09937885335274624,0.05425256890183082,1,1
4636,2015-12-15,47.57142857142857,1,1,0,1,"gold,oil,silver",835.3085329014735,6.727801157083171,0.0,0.07463583567730082,5.371012625706004,1.6810164616384897,0.0,0.11495375351595125,0.06463583567730083,1,1
4637,2017-02-27,48.817460317460316,1,1,1,0,"gas,gold,silver",1057.8728500548664,6.964015425663844,0.0,0.03388151358358103,7.082410066961142,1.9576142547190267,0.0,0.053822270375371545,0.02388151358358103,1,1
4638,2015-11-10,47.47222222222222,1,1,0,0,"gold,silver",811.6849422757297,6.699112262745892,0.0,0.0778806065446352,6.112680837995234,1.81036543931146,0.0,0.1198209098169528,0.06788060654463521,1,1
4639,2015-07-22,47.15873015873016,1,1,1,0,"gas,gold,silver",696.0668594240761,6.545445718111638,0.0,0.08813408248541184,5.540566523753491,1.7120967561362566,0.0,0.13520112372811777,0.07813408248541184,1,1
4640,2017-08-04,49.26984126984127,1,1,0,1,"gold,oil,silver",915.9894933189609,6.82000489443254,0.0,0.01908535842853626,6.3935116419706794,1.8552836701747057,0.0,0.031628037642804384,0.009085358428536257,1,1
4641,2015-07-17,47.1468253968254,1,1,1,1,"gas,gold,oil,silver",763.9563258353787,6.638510622395593,0.0,0.08852345498949196,5.2749727371925195,1.662973511044039,0.0,0.13578518248423796,0.07852345498949197,1,1
4642,2016-06-24,48.11904761904762,1,1,0,0,"gold,silver",918.6466391037592,6.822901542542488,0.0,0.05672470048961506,5.354315867416471,1.6779029398869723,0.0,0.08808705073442259,0.04672470048961506,1,1
4643,2017-09-25,49.41269841269841,0,1,0,1,"oil,silver",,,,,5.291403799561822,1.666083579203412,0.0,0.02461933256936213,0.004412888379574754,1,1
4644,2016-10-25,48.464285714285715,1,1,1,1,"gas,gold,oil,silver",902.0799741950083,6.804703179319646,0.0,0.04543289787129142,6.052592747517121,1.8004867335486232,0.0,0.07114934680693713,0.03543289787129142,1,1
4645,2015-12-14,47.567460317460316,1,1,1,1,"gas,gold,oil,silver",968.6470240824851,6.875900277296248,0.0,0.0747656265119942,6.703429645375951,1.9026192827968182,0.0,0.1151484397679913,0.0647656265119942,1,1
4646,2016-11-29,48.56349206349206,1,1,1,1,"gas,gold,oil,silver",1035.8321234644025,6.9429603667010165,0.0,0.04218812700395704,6.8285166336687,1.9211074660517615,0.0,0.06628219050593556,0.03218812700395704,1,1
4647,2016-05-16,48.00396825396825,1,0,0,1,"gold,oil",860.4674475435444,6.757475785236491,0.0,0.06048863469572294,,,,,0.050488634695722935,1,1
4648,2017-04-05,48.92460317460318,1,1,1,1,"gas,gold,oil,silver",984.2531369304392,6.8918831169464685,0.0,0.030377161046859898,7.422978008976401,2.0045803255790076,0.0,0.04856574157028985,0.0203771610468599,1,1
4649,2017-08-11,49.28968253968254,1,1,1,1,"gas,gold,oil,silver",891.2176557495659,6.792588680185898,0.0,0.01843640425506938,6.225145773691971,1.8285968595371445,0.0,0.030654606382604067,0.00843640425506938,1,1
4650,2015-07-09,47.12301587301587,1,1,1,0,"gas,gold,silver",761.9867713220902,6.635929195066254,0.0,0.08930219999765222,5.490104885852883,1.7029473602301788,0.0,0.13695329999647832,0.07930219999765223,1,1
4651,2016-08-15,48.26190476190476,1,0,1,1,"gas,gold,oil",882.6686279014461,6.782949850329047,0.0,0.05205223044065355,,,,,0.04205223044065355,1,1
4652,2015-11-27,47.523809523809526,1,1,1,1,"gas,gold,oil,silver",792.3969302240979,6.675062440793795,0.0,0.07619332569362132,5.91129849379185,1.776865518586511,0.0,0.117289988540432,0.06619332569362132,1,1
4653,2017-02-03,48.75396825396825,1,1,1,1,"gas,gold,oil,silver",979.5849059984656,6.887128916627806,0.0,0.035958166938675026,7.3816436839622055,1.9989963352177442,0.0,0.056937250408012535,0.025958166938675028,1,1
4654,2016-10-05,48.40873015873016,1,0,1,1,"gas,gold,oil",872.9507305018999,6.771879117250297,0.0,0.04724996955699867,,,,,0.03724996955699867,1,1
4655,2016-12-07,48.58730158730159,1,1,1,1,"gas,gold,oil,silver",972.0062086293291,6.879362191918773,0.0,0.04140938199579679,7.247086687853377,1.9805995519506445,0.0,0.06511407299369518,0.031409381995796785,1,1
4656,2017-05-02,49.0,1,1,1,1,"gas,gold,oil,silver",967.8474770889724,6.875074509871179,0.0,0.027911135187685773,7.261826403734901,1.9826313679604697,0.0,0.044866702781528656,0.017911135187685775,1,1
4657,2016-06-15,48.09126984126984,1,0,1,0,"gas,gold",912.9253386043084,6.816654101352242,0.0,0.05763323633246868,,,,,0.04763323633246868,1,1
4658,2016-11-03,48.492063492063494,1,1,1,1,"gas,gold,oil,silver",912.7324602732192,6.816442803997474,0.0,0.04452436202843779,6.280423869437606,1.83743747333579,0.0,0.06978654304265668,0.03452436202843779,1,1
4659,2015-08-31,47.26984126984127,1,1,0,1,"gold,oil,silver",746.4246891159536,6.615294726579804,0.0,0.08449993911399734,5.236206818194984,1.6555973465408749,0.0,0.129749908670996,0.07449993911399734,1,1
4660,2015-11-12,47.48015873015873,1,1,1,1,"gas,gold,oil,silver",859.2537504434297,6.75606428050765,0.0,0.07762102487524845,6.803112700543831,1.917380257526429,0.0,0.11943153731287268,0.06762102487524846,1,1
4661,2015-07-21,47.154761904761905,1,1,0,1,"gold,oil,silver",693.2307847884292,6.5413629665328505,0.0,0.08826387332010521,5.971614479456642,1.787017322914139,0.0,0.13539580998015782,0.07826387332010522,1,1
4662,2017-08-09,49.28174603174603,1,1,0,0,"gold,silver",895.8087813257151,6.797726976500008,0.0,0.01869598592445614,6.139414283615205,1.814729344060785,0.0,0.031043978886684205,0.008695985924456138,1,1
4663,2015-12-24,47.59920634920635,1,1,1,1,"gas,gold,oil,silver",815.9415477104908,6.70434271969063,0.0,0.0737272998344472,4.796422150038027,1.5678702545672747,0.0,0.1135909497516708,0.0637272998344472,1,1
4664,2015-10-12,47.388888888888886,1,1,0,1,"gold,oil,silver",979.1077482769773,6.88664169600145,0.0,0.08060621407319608,5.576445347810156,1.7185515389579413,0.0,0.12390932110979413,0.07060621407319609,1,1
4665,2015-08-28,47.26587301587302,1,1,1,1,"gas,gold,oil,silver",686.8497029742275,6.532115495324775,0.0,0.08462972994869071,5.8090679762224,1.7594201408221837,0.0,0.12994459492303606,0.07462972994869072,1,1
4666,2016-06-09,48.07539682539682,1,1,0,1,"gold,oil,silver",826.2334557950768,6.716877367721951,0.0,0.05815239967124218,6.068499489056947,1.803111373368337,0.0,0.09022859950686327,0.04815239967124218,1,1
4667,2017-03-07,48.84126984126984,1,1,1,1,"gas,gold,oil,silver",1019.7144211744312,6.927277887836058,0.0,0.03310276857542078,7.911692419330498,2.0683417183537416,0.0,0.05265415286313116,0.023102768575420776,1,1
4668,2017-10-25,49.5,1,1,1,1,"gas,gold,oil,silver",814.7705842372702,6.7029065818812175,0.0,0.0115574900163205,5.523773578664743,1.709061246051076,0.0,0.020336235024480752,0.0015574900163205009,1,1
4669,2016-01-22,47.682539682539684,0,0,1,0,gas,,,,,,,,,0.06100169230588632,1,1
4670,2015-10-16,47.404761904761905,1,1,1,1,"gas,gold,oil,silver",866.6493645223553,6.764634471129513,0.0,0.08008705073442259,5.828630603697068,1.7627820848983506,0.0,0.12313057610163389,0.07008705073442259,1,1
4671,2016-03-04,47.801587301587304,1,1,1,0,"gas,gold,silver",928.6956436508236,6.8337810679674975,0.0,0.06710796726508507,5.750199592343979,1.7492345659188178,0.0,0.1036619508976276,0.05710796726508507,1,1
4672,2017-10-02,49.432539682539684,1,1,0,1,"gold,oil,silver",789.6315220727041,6.671566408893734,0.0,0.01376393420610788,5.1602663128818715,1.6409881891852869,0.0,0.023645901309161815,0.003763934206107878,1,1
4673,2016-01-01,47.62301587301587,1,1,1,0,"gas,gold,silver",897.7694138914252,6.799913257925479,0.0,0.07294855482628694,5.598290518898375,1.722461286655984,0.0,0.11242283223943043,0.06294855482628695,1,1
4674,2017-01-16,48.698412698412696,1,1,1,0,"gas,gold,silver",963.0937453478424,6.870150754254216,0.0,0.037775238624382285,6.959171731899901,1.9400604632274154,0.0,0.05966285793657343,0.027775238624382286,1,1
4675,2017-06-22,49.1468253968254,1,1,1,1,"gas,gold,oil,silver",1012.7017519711854,6.920377040336926,0.0,0.023108874304030892,7.204064436845396,1.9746453718663495,0.0,0.03766331145604634,0.013108874304030892,1,1
4676,2016-03-22,47.84920634920635,1,1,1,1,"gas,gold,oil,silver",826.0273388818748,6.716627870893199,0.0,0.06555047724876457,6.213185049244744,1.826673654839649,0.0,0.10132571587314686,0.05555047724876457,1,1
4677,2015-06-22,47.07142857142857,1,1,1,0,"gas,gold,silver",666.3234171036323,6.501775163936111,0.0,0.0909894808486661,5.377292820319039,1.6821850542802346,0.0,0.13948422127299914,0.0809894808486661,1,1
4678,2016-05-23,48.023809523809526,1,1,1,1,"gas,gold,oil,silver",820.692920571131,6.710149008512353,0.0,0.05983968052225606,6.110197845676775,1.8099591532937593,0.0,0.09275952078338409,0.049839680522256055,1,1
4679,2017-05-24,49.06349206349206,1,1,1,1,"gas,gold,oil,silver",995.558543602925,6.903303930015119,0.0,0.025834481832591766,7.594438021171907,2.027416140047678,0.0,0.04175172274888765,0.015834481832591767,1,1
4680,2015-12-01,47.53174603174603,1,1,1,1,"gas,gold,oil,silver",875.5218035059155,6.774820055477388,0.0,0.07593374402423457,6.643154606010224,1.8935869419348186,0.0,0.11690061603635186,0.06593374402423458,1,1
4681,2016-09-08,48.333333333333336,1,1,1,1,"gas,gold,oil,silver",989.7253947000847,6.897427525561117,0.0,0.0497159954161728,6.230394439051153,1.8294396436444902,0.0,0.0775739931242592,0.039715995416172795,1,1
4682,2016-05-02,47.964285714285715,1,1,1,1,"gas,gold,oil,silver",862.0055636687712,6.759261725014988,0.0,0.06178654304265669,5.453673735347668,1.6962894614656616,0.0,0.09567981456398503,0.05178654304265669,1,1
4683,2016-12-14,48.607142857142854,1,1,0,0,"gold,silver",1000.8319705954003,6.908586903681838,0.0,0.04076042782232991,7.322193260942301,1.9909099089061608,0.0,0.06414064173349486,0.03076042782232991,1,1
4684,2015-08-14,47.226190476190474,1,1,1,1,"gas,gold,oil,silver",748.9295159594822,6.618644874896194,0.0,0.08592763829562446,5.525991570780892,1.70946270112563,0.0,0.1318914574434367,0.07592763829562446,1,1
4685,2016-04-25,47.94444444444444,1,1,1,1,"gas,gold,oil,silver",899.4406269306949,6.801773044464626,0.0,0.06243549721612356,5.408792780961906,1.6880259221095744,0.0,0.09665324582418534,0.05243549721612356,1,1
4686,2016-06-27,48.12301587301587,1,1,1,1,"gas,gold,oil,silver",888.0419123850933,6.7890189405102115,0.0,0.056594909654921685,6.566885712259632,1.8820397037163925,0.0,0.08789236448238254,0.04659490965492168,1,1
4687,2015-12-11,47.56349206349206,1,1,0,1,"gold,oil,silver",898.5215210379713,6.800750658121485,0.0,0.07489541734668757,5.735569372481195,1.7466870259465184,0.0,0.11534312602003137,0.06489541734668758,1,1
4688,2015-10-27,47.432539682539684,0,1,1,0,"gas,silver",,,,,5.5806204833006925,1.7192999679353493,0.0,0.12176777233735343,0.06917851489156895,1,1
4689,2016-05-09,47.98412698412698,1,1,1,1,"gas,gold,oil,silver",968.0487820215058,6.875282480657125,0.0,0.06113758886918981,6.0393561525087565,1.798297408998069,0.0,0.09470638330378471,0.05113758886918981,1,1
4690,2016-01-26,47.69047619047619,1,0,0,0,gold,899.8158099590507,6.802190086778441,0.0,0.07074211063649957,,,,,0.06074211063649957,1,1
4691,2016-12-23,48.63492063492063,1,1,1,1,"gas,gold,oil,silver",1019.4192476285493,6.926988379058424,0.0,0.039851891979476285,7.67613570421314,2.0381162570164273,0.0,0.06277783796921442,0.029851891979476283,1,1
4692,2016-11-08,48.50396825396825,1,1,1,0,"gas,gold,silver",1001.5703206131383,6.909324367931098,0.0,0.04413498952435767,7.29916737539115,1.9877602834836223,0.0,0.0692024842865365,0.034134989524357666,1,1
4693,2016-01-06,47.63492063492063,0,1,0,0,silver,,,,,5.334923754271927,1.6742745930437046,0.0,0.11183877348331024,0.06255918232220682,1,1
4694,2016-03-14,47.82539682539682,0,1,1,1,"gas,oil,silver",,,,,6.689932824194581,1.9006038328632036,0.0,0.10249383338538723,0.05632922225692482,1,1
4695,2015-10-21,47.416666666666664,1,1,1,1,"gas,gold,oil,silver",822.2488274634588,6.71204305905837,0.0,0.07969767823034246,6.115632344276382,1.8108481725052326,0.0,0.1225465173455137,0.06969767823034247,1,1
4696,2017-08-10,49.285714285714285,1,1,1,1,"gas,gold,oil,silver",896.1730050536994,6.798133480333661,0.0,0.01856619508976276,6.286421236243597,1.8383919479411293,0.0,0.030849292634644136,0.00856619508976276,1,1
4697,2016-10-26,48.46825396825397,1,1,1,1,"gas,gold,oil,silver",944.0011321441067,6.850127365449979,0.0,0.045303107036598046,6.136962571104622,1.814329924497148,0.0,0.07095466055489706,0.035303107036598044,1,1
4698,2016-02-09,47.73015873015873,1,0,1,0,"gas,gold",864.8927647080891,6.762605527811051,0.0,0.06944420228956583,,,,,0.059444202289565824,1,1
4699,2017-07-03,49.17460317460318,1,1,1,0,"gas,gold,silver",981.651197413666,6.889236049140954,0.0,0.02220033846117727,6.780703352315141,1.9140808358512766,0.0,0.036300507691765904,0.012200338461177268,1,1
4700,2015-07-08,47.11904761904762,1,1,1,1,"gas,gold,oil,silver",686.6425803274454,6.531813895307257,0.0,0.08943199083234558,5.0213994438651195,1.6137086685317867,0.0,0.13714798624851837,0.07943199083234559,1,1
4701,2015-06-29,47.09126984126984,0,0,1,1,"gas,oil",,,,,,,,,0.08034052667519923,1,1
4702,2016-07-27,48.21031746031746,1,1,1,1,"gas,gold,oil,silver",961.6011396392674,6.868599748929229,0.0,0.05373951129166742,6.430767213645404,1.8610938489614892,0.0,0.08360926693750113,0.04373951129166742,1,1
4703,2017-07-18,49.21825396825397,1,1,1,1,"gas,gold,oil,silver",895.4922872681927,6.797373608697839,0.0,0.020772639279550136,6.374572358800119,1.8523170078219304,0.0,0.0341589589193252,0.010772639279550137,1,1
4704,2015-06-18,47.06349206349206,1,1,1,1,"gas,gold,oil,silver",729.9074758079958,6.592917780641052,0.0,0.09124906251805284,5.794650611664364,1.7569351836306097,0.0,0.13987359377707925,0.08124906251805285,1,1
4705,2016-12-26,48.638888888888886,1,1,1,1,"gas,gold,oil,silver",978.3839059892775,6.885902134921724,0.0,0.03972210114478292,6.985154951001009,1.9437871758560068,0.0,0.06258315171717437,0.029722101144782916,1,1
4706,2016-08-10,48.25,1,1,1,1,"gas,gold,oil,silver",869.2366978063999,6.767615467700875,0.0,0.05244160294473367,6.553113763019168,1.8799403203551914,0.0,0.08166240441710051,0.04244160294473367,1,1
4707,2015-08-20,47.242063492063494,0,1,0,1,"oil,silver",,,,,6.148821848424684,1.8162604941048326,0.0,0.13111271243527645,0.07540847495685096,1,1
4708,2016-04-28,47.95634920634921,1,1,1,0,"gas,gold,silver",948.6623764000717,6.855052967554109,0.0,0.06204612471204344,5.892540455822198,1.7736872214511141,0.0,0.09606918706806515,0.05204612471204344,1,1
4709,2016-11-02,48.48809523809524,1,1,0,1,"gold,oil,silver",867.9687388165569,6.766155698823489,0.0,0.044654152863131166,5.821614383515177,1.7615776087628134,0.0,0.06998122929469675,0.034654152863131164,1,1
4710,2017-05-03,49.00396825396825,1,1,1,1,"gas,gold,oil,silver",974.7808707845122,6.882212697824929,0.0,0.0277813443529924,6.928407488880753,1.9356299872095346,0.0,0.044672016529488594,0.017781344352992397,1,1
4711,2015-11-09,47.46825396825397,1,1,1,1,"gas,gold,oil,silver",917.9468157397894,6.822139454018221,0.0,0.07801039737932858,5.149106330276864,1.638823171516322,0.0,0.12001559606899287,0.06801039737932858,1,1
4712,2017-01-19,48.71031746031746,1,1,1,1,"gas,gold,oil,silver",973.3322645588238,6.880725508537612,0.0,0.03738586612030216,7.059528170894346,1.9543782179537574,0.0,0.05907879918045324,0.02738586612030216,1,1
4713,2015-07-30,47.182539682539684,0,1,0,0,silver,,,,,4.5740770371852895,1.5204049378691837,0.0,0.13403300621587738,0.0773553374772516,1,1
4714,2015-06-24,47.07936507936508,1,1,0,1,"gold,oil,silver",704.3425810054796,6.557264858542983,0.0,0.09072989917927934,5.955090167554553,1.7842463441795429,0.0,0.139094848768919,0.08072989917927935,1,1
4715,2017-02-07,48.76190476190476,1,1,1,1,"gas,gold,oil,silver",966.7223807683438,6.873911360923204,0.0,0.03569858526928828,7.32364540120202,1.991108209638263,0.0,0.05654787790393241,0.02569858526928828,1,1
4716,2015-12-10,47.55952380952381,1,1,1,1,"gas,gold,oil,silver",823.6493788226292,6.713744928216332,0.0,0.07502520818138095,6.150897719955164,1.816598041890154,0.0,0.11553781227207144,0.06502520818138095,1,1
4717,2017-05-22,49.05555555555556,1,1,0,1,"gold,oil,silver",1004.9661736504321,6.912709161867459,0.0,0.026094063501978515,7.338829489992815,1.9931793598815004,0.0,0.042141095252967775,0.016094063501978517,1,1
4718,2015-09-09,47.29761904761905,1,1,1,1,"gas,gold,oil,silver",763.3630578689839,6.637733747561733,0.0,0.0835914032711437,6.934548288065941,1.9365159165431685,0.0,0.12838710490671557,0.0735914032711437,1,1
4719,2017-02-14,48.78174603174603,1,1,1,1,"gas,gold,oil,silver",961.4228083957887,6.868414279326345,0.0,0.035049631095821404,7.5463772245247425,2.0210676102906384,0.0,0.05557444664373211,0.025049631095821402,1,1
4720,2015-07-02,47.1031746031746,1,1,1,0,"gas,gold,silver",848.1352499554283,6.7430401159462345,0.0,0.08995115417111908,6.025911878894565,1.7960688171187036,0.0,0.13792673125667862,0.07995115417111909,1,1
4721,2015-10-13,47.392857142857146,1,1,1,1,"gas,gold,oil,silver",898.6162552819524,6.800856086036158,0.0,0.0804764232385027,6.692408407095495,1.9009738104159153,0.0,0.12371463485775407,0.0704764232385027,1,1
4722,2015-10-19,47.40873015873016,1,1,1,1,"gas,gold,oil,silver",903.8347930307077,6.806646592618939,0.0,0.07995725989972921,5.8813442825577384,1.7717853552636926,0.0,0.12293588984959382,0.06995725989972922,1,1
4723,2016-09-21,48.36904761904762,1,1,1,1,"gas,gold,oil,silver",967.1824364986759,6.874387140015228,0.0,0.048547877903932425,6.815938564223036,1.919263776021463,0.0,0.07582181685589863,0.03854787790393242,1,1
4724,2017-05-30,49.07936507936508,1,1,0,1,"gold,oil,silver",1008.3048007138832,6.916025784583792,0.0,0.02531531849381827,7.652247078618083,2.0349993404736098,0.0,0.040972977740727404,0.01531531849381827,1,1
4725,2015-11-03,47.45238095238095,1,1,1,0,"gas,gold,silver",916.2752507755301,6.820316811648442,0.0,0.07852956071810208,5.687036893949531,1.7381893557222112,0.0,0.12079434107715312,0.06852956071810208,1,1
4726,2017-10-17,49.476190476190474,1,1,1,1,"gas,gold,oil,silver",831.8129336246174,6.723607576147554,0.0,0.012336235024480755,5.6358226116079715,1.729143119376451,0.0,0.021504352536721134,0.002336235024480756,1,1
4727,2015-07-16,47.142857142857146,1,1,1,1,"gas,gold,oil,silver",685.9641605228321,6.5308253822252995,0.0,0.08865324582418534,5.085700624453681,1.6264328025961357,0.0,0.13597986873627801,0.07865324582418534,1,1
4728,2015-07-23,47.16269841269841,1,1,1,1,"gas,gold,oil,silver",752.666607534132,6.623622377477454,0.0,0.08800429165071846,5.1804767504708185,1.6448970888066963,0.0,0.1350064374760777,0.07800429165071847,1,1
4729,2015-09-01,47.273809523809526,1,1,1,0,"gas,gold,silver",808.1092763435173,6.694697292375988,0.0,0.08437014827930396,6.056781290466966,1.801178518789338,0.0,0.12955522241895595,0.07437014827930397,1,1
4730,2015-06-17,47.05952380952381,1,0,0,1,"gold,oil",747.7582868344992,6.617079779808393,0.0,0.09137885335274622,,,,,0.08137885335274622,1,1
4731,2016-11-22,48.54365079365079,1,1,0,1,"gold,oil,silver",997.817485647372,6.905570379474003,0.0,0.04283708117742392,6.992976649748811,1.944906309626896,0.0,0.06725562176613588,0.03283708117742392,1,1
4732,2016-10-11,48.42460317460318,1,1,1,1,"gas,gold,oil,silver",939.792661290068,6.845659277838554,0.0,0.04673080621822517,5.56951764716358,1.7173084518345056,0.0,0.07309620932733775,0.036730806218225165,1,1
4733,2017-10-31,49.51587301587302,1,1,1,1,"gas,gold,oil,silver",793.189976784291,6.6760627601365155,0.0,0.011038326677547004,5.259036931621051,1.6599479171383678,0.0,0.019557490016320504,0.0010383266775470038,1,1
4734,2017-11-09,49.54365079365079,1,1,1,1,"gas,gold,oil,silver",792.1387389377957,6.674736551899512,0.0,0.010129790834693378,4.973283219315044,1.604080229511504,0.0,0.018194686252040067,0.00012979083469337886,1,1
4735,2015-07-03,47.107142857142854,1,0,1,1,"gas,gold,oil",753.5862720731278,6.62484350663276,0.0,0.08982136333642572,,,,,0.07982136333642573,1,1
4736,2015-10-22,47.42063492063492,1,1,1,1,"gas,gold,oil,silver",702.6900125904413,6.554915845190418,0.0,0.07956788739564907,4.954844558365819,1.6003657966270803,0.0,0.12235183109347363,0.06956788739564908,1,1
4737,2016-01-25,47.68650793650794,1,1,1,1,"gas,gold,oil,silver",862.9267779915245,6.760329841587548,0.0,0.07087190147119295,4.79053085754069,1.5666412314909657,0.0,0.10930785220678942,0.060871901471192945,1,1
4738,2017-05-15,49.035714285714285,1,1,1,1,"gas,gold,oil,silver",986.9604591585662,6.8946299769882025,0.0,0.026743017675445395,6.941495348047357,1.9375172193271648,0.0,0.04311452651316809,0.016743017675445393,1,1
4739,2017-01-02,48.65873015873016,1,1,1,1,"gas,gold,oil,silver",974.407693292428,6.881829792339517,0.0,0.03907314697131604,7.426790058166487,2.005093740907326,0.0,0.06160972045697406,0.02907314697131604,1,1
4740,2017-10-06,49.448412698412696,1,1,1,1,"gas,gold,oil,silver",780.8128336047334,6.660335471445277,0.0,0.01324477086733438,5.048781544624552,1.6191469358828106,0.0,0.02286715630100157,0.0032447708673343807,1,1
4741,2016-06-14,48.08730158730159,1,1,1,1,"gas,gold,oil,silver",935.7994492556803,6.841401189904138,0.0,0.057763027167162063,5.797351898376645,1.757401244047494,0.0,0.08964454075074309,0.04776302716716206,1,1
4742,2017-03-17,48.87301587301587,1,1,1,1,"gas,gold,oil,silver",1028.2166003578639,6.935581124558049,0.0,0.03206444189787378,7.486855725568523,2.013148913070696,0.0,0.051096662846810664,0.02206444189787378,1,1
4743,2017-08-07,49.273809523809526,1,1,1,1,"gas,gold,oil,silver",889.5036272283508,6.790663584925963,0.0,0.018955567593842888,6.094372903022612,1.8073658705231117,0.0,0.03143335139076433,0.008955567593842887,1,1
4744,2017-04-17,48.95634920634921,1,1,1,1,"gas,gold,oil,silver",917.1118400130338,6.821229427756378,0.0,0.029338834369312894,6.985378442613014,1.943819170570271,0.0,0.047008251553969344,0.019338834369312895,1,1
4745,2018-06-08,50.142857142857146,1,0,0,1,"gold,oil",913.964144879106,6.817791341887204,0.0,0.023301268379570826,,,,,0.013301268379570826,1,1
4746,2017-12-20,49.65873015873016,1,1,1,1,"gas,gold,oil,silver",779.673769334799,6.65887558775247,0.0,0.10443900549495289,4.489346561140707,1.5017071591234163,0.0,0.15965850824242933,0.09443900549495289,1,1
4747,2018-02-27,49.8531746031746,1,0,1,0,"gas,gold",883.0000619566639,6.783325270770055,0.0,0.07185089796500435,,,,,0.061850897965004356,1,1
4748,2018-02-22,49.84126984126984,1,1,1,1,"gas,gold,oil,silver",843.4599572062109,6.737512428667376,0.0,0.07384608822193998,5.424910116359367,1.6910013308762457,0.0,0.11376913233290999,0.06384608822193999,1,1
4749,2017-12-22,49.666666666666664,1,1,1,0,"gas,gold,silver",792.0278142367239,6.674596510183531,0.0,0.1031088786569958,4.01935214034456,1.3911207305251347,0.0,0.1576633179854937,0.09310887865699581,1,1
4750,2018-06-06,50.13492063492063,1,1,1,0,"gas,gold,silver",930.3205906201331,6.835529247841553,0.0,0.024631395217527906,5.986518277698729,1.7895099873228155,0.0,0.03994709282629186,0.014631395217527907,1,1
4751,2018-07-05,50.21825396825397,1,1,1,0,"gas,gold,silver",885.6131176436111,6.786280193438761,0.0,0.010665063418978545,5.571233142913189,1.7176164195461066,0.0,0.01899759512846782,0.0006650634189785458,1,1
4752,2018-03-09,49.88492063492063,1,1,0,1,"gold,oil,silver",820.6687261575603,6.710119527607129,0.0,0.06653039061317602,5.249575107904966,1.6581471415007498,0.0,0.10279558591976405,0.056530390613176024,1,1
4753,2018-05-07,50.04761904761905,1,1,1,1,"gas,gold,oil,silver",884.6734688562569,6.785218615180455,0.0,0.039262790435055824,6.6299339249448845,1.891594838076448,0.0,0.06189418565258374,0.029262790435055825,1,1
4754,2018-05-31,50.11904761904762,1,1,0,1,"gold,oil,silver",958.2047011816862,6.865061430700487,0.0,0.02729164889344208,5.878911543842507,1.7713716331838598,0.0,0.043937473340163125,0.01729164889344208,1,1
4755,2018-01-10,49.71825396825397,1,1,1,1,"gas,gold,oil,silver",817.8515522878733,6.706680843713216,0.0,0.09446305421027476,5.094883558602987,1.6282368123611235,0.0,0.14469458131541216,0.08446305421027477,1,1
4756,2018-04-27,50.023809523809526,1,1,0,0,"gold,silver",919.2756243242463,6.823585995043618,0.0,0.04325317094892708,5.885927676996736,1.772564362443358,0.0,0.06787975642339061,0.03325317094892708,1,1
4757,2018-01-16,49.73412698412698,1,1,0,1,"gold,oil,silver",898.0955263377974,6.800276439412741,0.0,0.0918028005343606,6.117430253847743,1.8111421151822826,0.0,0.14070420080154092,0.0818028005343606,1,1
4758,2018-02-14,49.817460317460316,1,0,1,0,"gas,gold",897.1007368270703,6.799168159908196,0.0,0.07783646873581122,,,,,0.06783646873581123,1,1
4759,2018-01-09,49.714285714285715,1,1,1,1,"gas,gold,oil,silver",829.4855393408185,6.720805676495805,0.0,0.0951281176292533,6.06638839288365,1.8027634350577184,0.0,0.14569217644387997,0.0851281176292533,1,1
4760,2018-01-23,49.75396825396825,1,1,1,1,"gas,gold,oil,silver",1013.6093811446742,6.921272884237061,0.0,0.08847748343946789,6.448413931376742,1.8638341984566664,0.0,0.13571622515920184,0.0784774834394679,1,1
4761,2018-04-16,49.98809523809524,1,1,0,0,"gold,silver",815.083435289655,6.703290482589476,0.0,0.04923874171973395,5.415519107014395,1.689268740496164,0.0,0.07685811257960093,0.03923874171973395,1,1
4762,2018-04-19,50.0,1,1,0,0,"gold,silver",893.097952982789,6.794696264651371,0.0,0.04724355146279832,5.706883118414342,1.7416730109548575,0.0,0.07386532719419749,0.03724355146279832,1,1
4763,2018-01-30,49.773809523809526,1,1,1,1,"gas,gold,oil,silver",818.082636726312,6.70696335439308,0.0,0.08515216634457518,5.2631990029095785,1.6607390173439687,0.0,0.1307282495168628,0.07515216634457518,1,1
4764,2018-06-12,50.15079365079365,1,1,0,0,"gold,silver",900.8726912428974,6.803363950447257,0.0,0.021971141541613746,5.848074365071134,1.7661124386920588,0.0,0.03595671231242062,0.011971141541613746,1,1
4765,2018-02-23,49.845238095238095,1,1,1,1,"gas,gold,oil,silver",827.8572468197954,6.718840732298957,0.0,0.07318102480296143,5.409361972561473,1.6881311510720103,0.0,0.11277153720444216,0.06318102480296144,1,1
4766,2018-01-12,49.726190476190474,1,1,0,1,"gold,oil,silver",811.0503154303062,6.698330093412029,0.0,0.09313292737231768,5.791912788298805,1.7564625977012007,0.0,0.14269939105847654,0.08313292737231769,1,1
4767,2018-06-20,50.17460317460318,1,1,0,1,"gold,oil,silver",899.4402166305758,6.8017725882919775,0.0,0.017980761027742494,5.5851553516100845,1.7201122480000368,0.0,0.02997114154161374,0.007980761027742493,1,1
4768,2018-01-22,49.75,1,1,0,1,"gold,oil,silver",909.4373564260699,6.81282611864935,0.0,0.08914254685844643,5.799076220697688,1.757698632573693,0.0,0.13671382028766965,0.07914254685844643,1,1
4769,2018-06-15,50.16269841269841,1,1,1,1,"gas,gold,oil,silver",886.1082773678096,6.786839152356889,0.0,0.01997595128467812,5.7264820615529635,1.7451013913182842,0.0,0.032963926927017176,0.00997595128467812,1,1
4770,2018-03-27,49.932539682539684,1,1,1,0,"gas,gold,silver",838.1338577101892,6.731177822463544,0.0,0.058549629585433534,4.9311724194168765,1.595576773050649,0.0,0.0908244443781503,0.04854962958543353,1,1
4771,2018-01-25,49.76190476190476,1,1,1,1,"gas,gold,oil,silver",778.3592995343253,6.657188242164484,0.0,0.08714735660151081,5.061265717956146,1.6216165939076745,0.0,0.13372103490226622,0.07714735660151081,1,1
4772,2017-12-14,49.642857142857146,1,1,1,1,"gas,gold,oil,silver",757.8009261594062,6.630420720752408,0.0,0.10709925917086706,4.7025765654758755,1.5481105639267152,0.0,0.1636488887563006,0.09709925917086706,1,1
4773,2018-04-17,49.992063492063494,1,1,1,1,"gas,gold,oil,silver",846.6967599893906,6.74134261400738,0.0,0.048573678300755416,5.060281869038887,1.6214221870915426,0.0,0.07586051745113312,0.038573678300755414,1,1
4774,2018-04-24,50.01190476190476,1,1,1,1,"gas,gold,oil,silver",907.5632287886625,6.810763237308236,0.0,0.04524836120586271,5.295071469771284,1.6667764765583657,0.0,0.07087254180879406,0.03524836120586271,1,1
4775,2018-05-25,50.1031746031746,1,1,0,0,"gold,silver",945.3055064422599,6.8515081624881695,0.0,0.029951902569356238,6.089712348571082,1.8066008472025101,0.0,0.047927853854034363,0.01995190256935624,1,1
4776,2018-01-18,49.742063492063494,0,1,1,0,"gas,silver",,,,,4.810984593819846,1.5709017604298876,0.0,0.13870901054460527,0.08047267369640351,1,1
4777,2018-05-17,50.07936507936508,1,1,1,1,"gas,gold,oil,silver",939.7014739434471,6.845562243913326,0.0,0.03394228308322749,6.209423867900976,1.8260681167463577,0.0,0.053913424624841236,0.023942283083227493,1,1
4778,2018-01-26,49.76587301587302,1,1,1,1,"gas,gold,oil,silver",882.0227413060404,6.782217839468092,0.0,0.08648229318253225,4.882931779663485,1.5857458139934957,0.0,0.1327234397737984,0.07648229318253226,1,1
4779,2018-02-13,49.81349206349206,1,1,1,1,"gas,gold,oil,silver",944.5107805848072,6.850667100941863,0.0,0.07850153215478976,4.750321780735259,1.5582123590647614,0.0,0.12075229823218467,0.06850153215478977,1,1
4780,2018-04-11,49.976190476190474,1,1,1,0,"gas,gold,silver",890.2194088664045,6.791467959159628,0.0,0.051233931976669575,5.092707867929203,1.627809686730389,0.0,0.07985089796500436,0.04123393197666957,1,1
4781,2018-04-18,49.99603174603175,1,1,0,1,"gold,oil,silver",832.0019740982968,6.723834813532693,0.0,0.04790861488177687,4.636308743306653,1.5339185201769086,0.0,0.0748629223226653,0.03790861488177687,1,1
4782,2017-12-26,49.67460317460318,1,1,1,1,"gas,gold,oil,silver",850.585520790774,6.745924960326631,0.0,0.10177875181903873,4.08834446144875,1.4081401109584306,0.0,0.1556681277285581,0.09177875181903873,1,1
4783,2018-03-14,49.8968253968254,1,1,1,1,"gas,gold,oil,silver",784.2311361761715,6.664703793451787,0.0,0.0645352003562404,3.9100450022808033,1.3635488834657725,0.0,0.09980280053436061,0.0545352003562404,1,1
4784,2017-12-25,49.67063492063492,1,1,0,1,"gold,oil,silver",803.035459532474,6.688398871791807,0.0,0.10244381523801725,4.883281528281965,1.5858174381957533,0.0,0.1566657228570259,0.09244381523801726,1,1
4785,2018-02-21,49.83730158730159,1,1,1,1,"gas,gold,oil,silver",893.2546094413461,6.794871657193979,0.0,0.07451115164091852,5.546150730026337,1.7131041249754277,0.0,0.11476672746137781,0.06451115164091853,1,1
4786,2018-04-10,49.97222222222222,1,1,1,0,"gas,gold,silver",795.8837965668869,6.679453190975197,0.0,0.05189899539564812,5.504274138803461,1.7055249065861016,0.0,0.08084849309347218,0.04189899539564812,1,1
4787,2017-12-11,49.63095238095238,1,1,1,1,"gas,gold,oil,silver",749.9739729801881,6.620038503235121,0.0,0.10909444942780268,5.026721916416316,1.614768065180802,0.0,0.16664167414170403,0.09909444942780268,1,1
4788,2018-04-09,49.96825396825397,1,1,0,1,"gold,oil,silver",893.6727137537569,6.795339616147444,0.0,0.052564058814626655,4.474039407207938,1.4982916710774123,0.0,0.08184608822193999,0.04256405881462665,1,1
4789,2018-04-04,49.95634920634921,1,1,1,1,"gas,gold,oil,silver",774.9532980710628,6.65280276698414,0.0,0.05455924907156228,4.712339239820895,1.5501844386263903,0.0,0.08483887360734342,0.04455924907156228,1,1
4790,2018-02-02,49.785714285714285,1,1,0,0,"gold,silver",848.0931528008758,6.742990479759866,0.0,0.08315697608763957,6.1117763175354485,1.810217453932653,0.0,0.12773546413145936,0.07315697608763957,1,1
4791,2018-05-23,50.095238095238095,1,1,1,0,"gas,gold,silver",939.8123332399692,6.8456802098428415,0.0,0.03128202940731333,5.9986192270632,1.7915293139215542,0.0,0.04992304411097,0.021282029407313333,1,1
4792,2018-06-29,50.20238095238095,1,1,1,1,"gas,gold,oil,silver",890.7852852430117,6.792103416660129,0.0,0.013325317094892706,5.573104363837134,1.717952235100938,0.0,0.022987975642339058,0.0033253170948927065,1,1
4793,2018-06-05,50.13095238095238,1,1,1,1,"gas,gold,oil,silver",937.29205358602,6.842994923732953,0.0,0.025296458636506453,6.251881159754712,1.832882404021997,0.0,0.04094468795475968,0.015296458636506452,1,1
4794,2018-03-13,49.892857142857146,1,1,0,1,"gold,oil,silver",806.8930426523827,6.693191122500251,0.0,0.06520026377521894,4.3143799882983265,1.4619536266790953,0.0,0.10080039566282843,0.055200263775218944,1,1
4795,2023-03-09,55.05952380952381,1,1,1,1,"gas,gold,oil,silver",1702.0172086246173,7.43956941990748,0.0,0.050371323643449505,14.894903977324146,2.701019139506275,0.0,0.07855698546517426,0.0403713236434495,1,1
4796,2021-10-12,53.6031746031746,1,1,1,0,"gas,gold,silver",1523.0361814913615,7.328461109337441,0.0,0.11896519298208823,12.047791714206086,2.488881382910596,0.0,0.18144778947313234,0.10896519298208823,1,1
4797,2021-10-29,53.654761904761905,1,0,1,0,"gas,gold",1304.6195107637607,7.173666714611012,0.0,0.11653543739243619,,,,,0.10653543739243619,1,1
4798,2022-08-01,54.432539682539684,1,1,1,1,"gas,gold,oil,silver",1814.8050039606642,7.503733305092964,0.0,0.07990219927152829,19.157755741733784,2.95270763320481,0.0,0.12285329890729244,0.0699021992715283,1,1
4799,2022-02-24,53.98809523809524,1,1,1,1,"gas,gold,oil,silver",1784.4477409384876,7.4868642575131625,0.0,0.10083547819776137,13.10096776307986,2.572686102522743,0.0,0.15425321729664204,0.09083547819776137,1,1
4800,2022-04-28,54.166666666666664,1,1,1,1,"gas,gold,oil,silver",1947.3729467209043,7.574236536449036,0.0,0.09242478577204273,15.267926245664254,2.7257543042231793,0.0,0.14163717865806408,0.08242478577204274,1,1
4801,2021-11-19,53.714285714285715,1,0,0,1,"gold,oil",1540.9068121042058,7.340126361138705,0.0,0.11373187325052997,,,,,0.10373187325052997,1,1
4802,2023-06-01,55.29761904761905,1,1,1,0,"gas,gold,silver",1677.5181751641635,7.425070703460265,0.0,0.03915706707582464,18.198341173368206,2.9013304456084255,0.0,0.061735600613736966,0.029157067075824643,1,1
4803,2023-03-21,55.09126984126984,1,1,1,1,"gas,gold,oil,silver",1579.4775842177266,7.364849428446424,0.0,0.048876089434432855,13.744754971038414,2.620657294687733,0.0,0.07631413415164927,0.03887608943443285,1,1
4804,2022-11-02,54.698412698412696,1,1,1,1,"gas,gold,oil,silver",1732.785133830162,7.457485296933702,0.0,0.06737961277101387,19.137380752211605,2.951643529858529,0.0,0.10406941915652079,0.05737961277101387,1,1
4805,2021-12-27,53.817460317460316,1,1,1,1,"gas,gold,oil,silver",1620.5118881156554,7.390497358633469,0.0,0.10887236207122586,14.89195432692357,2.7008210890519377,0.0,0.16630854310683876,0.09887236207122586,1,1
4806,2023-11-20,55.78174603174603,1,1,1,1,"gas,gold,oil,silver",1703.9981513968046,7.4407326225276424,0.0,0.01635474538832075,16.23355258458451,2.7870802475664647,0.0,0.027532118082481127,0.006354745388320752,1,1
4807,2023-10-06,55.65873015873016,1,1,0,1,"gold,oil,silver",1699.4079812700795,7.438035223080761,0.0,0.022148777948260267,15.508227440731263,2.741370685727141,0.0,0.0362231669223904,0.012148777948260267,1,1
4808,2022-02-14,53.95634920634921,1,1,1,1,"gas,gold,oil,silver",1495.990002033895,7.310543475379667,0.0,0.10233071240677802,14.669136916954907,2.6857457572240753,0.0,0.15649606861016702,0.09233071240677802,1,1
4809,2021-11-09,53.682539682539684,1,1,0,1,"gold,oil,silver",1799.5402384292645,7.4952864881633685,0.0,0.1152271074595466,12.893924049195999,2.5567561964721346,0.0,0.1758406611893199,0.10522710745954661,1,1
4810,2023-08-24,55.535714285714285,0,0,0,1,oil,,,,,,,,,0.017942810508199784,1,1
4811,2023-11-16,55.773809523809526,1,1,0,1,"gold,oil,silver",1741.2560089219346,7.462361976012359,0.0,0.016728553940574924,16.93612991441197,2.8294492047060698,0.0,0.02809283091086238,0.006728553940574922,1,1
4812,2023-12-26,55.88492063492063,1,1,1,1,"gas,gold,oil,silver",1770.8823443640422,7.479233200998908,0.0,0.011495234209016643,16.4864102224874,2.8025364186633084,0.0,0.020242851313524962,0.0014952342090166423,1,1
4813,2022-01-03,53.83730158730159,1,1,0,1,"gold,oil,silver",1503.4799685179516,7.315537679106009,0.0,0.10793784069059045,11.49156586953322,2.4416133636486297,0.0,0.16490676103588567,0.09793784069059046,1,1
4814,2022-08-04,54.44444444444444,1,1,0,0,"gold,silver",1885.1096070640444,7.541741245175219,0.0,0.07934148644314705,14.719851862364173,2.689197049552005,0.0,0.12201222966472058,0.06934148644314705,1,1
4815,2022-03-04,54.01190476190476,1,0,1,1,"gas,gold,oil",1584.822078802834,7.368227426889288,0.0,0.09971405254099888,,,,,0.08971405254099889,1,1
4816,2023-02-01,54.95634920634921,1,1,0,1,"gold,oil,silver",1523.4900291637787,7.328759053713687,0.0,0.0552308348227536,13.398278349335797,2.5951262173095735,0.0,0.0858462522341304,0.0452308348227536,1,1
4817,2022-08-05,54.448412698412696,1,1,0,1,"gold,oil,silver",1832.8794353982248,7.513643471207416,0.0,0.07915458216701997,14.317223480361555,2.6614632516969983,0.0,0.12173187325052996,0.06915458216701997,1,1
4818,2022-08-23,54.49603174603175,1,1,1,1,"gas,gold,oil,silver",1893.3729106297535,7.546115126330243,0.0,0.07691173085349501,16.135566395702998,2.7810259284330843,0.0,0.1183675962802425,0.06691173085349501,1,1
4819,2023-03-17,55.083333333333336,1,1,0,1,"gold,oil,silver",1755.704256616714,7.470625341227834,0.0,0.049249897986687025,15.10247663780486,2.7148587461204325,0.0,0.07687484698003053,0.03924989798668702,1,1
4820,2021-12-13,53.77777777777778,1,1,0,1,"gold,oil,silver",1468.3295282450945,7.291880658265279,0.0,0.11074140483249667,13.102751487575906,2.572822245371912,0.0,0.16911210724874498,0.10074140483249668,1,1
4821,2022-10-11,54.63492063492063,1,1,1,1,"gas,gold,oil,silver",1664.9256482234657,7.4175357456958055,0.0,0.07037008118904718,13.470208806836066,2.6004804919232125,0.0,0.10855512178357077,0.06037008118904718,1,1
4822,2021-09-17,53.535714285714285,1,0,0,1,"gold,oil",1415.5500004788687,7.255273427473743,0.0,0.12214256567624861,,,,,0.11214256567624861,1,1
4823,2022-09-30,54.607142857142854,1,1,1,1,"gas,gold,oil,silver",1693.6848667287472,7.434661828820698,0.0,0.07167841112193672,14.354452748675943,2.664060190148738,0.0,0.11051761668290509,0.06167841112193673,1,1
4824,2022-05-23,54.23412698412698,1,1,1,1,"gas,gold,oil,silver",1846.1791195728506,7.520873441543469,0.0,0.08924741307788235,13.58261084222794,2.6087903600749174,0.0,0.13687111961682352,0.07924741307788236,1,1
4825,2023-02-23,55.01984126984127,1,1,1,1,"gas,gold,oil,silver",1478.9349292142374,7.299077465268442,0.0,0.05224036640472031,14.763369314703265,2.6921490664758085,0.0,0.08136054960708046,0.04224036640472031,1,1
4826,2021-12-03,53.75396825396825,1,1,1,0,"gas,gold,silver",1411.081243152568,7.252111528616621,0.0,0.11186283048925916,10.623435482294626,2.363062455243111,0.0,0.1707942457338887,0.10186283048925916,1,1
4827,2022-05-30,54.25396825396825,1,1,1,1,"gas,gold,oil,silver",1669.408104164199,7.4202244139419316,0.0,0.08831289169724695,17.342920033689033,2.853184355888248,0.0,0.1354693375458704,0.07831289169724695,1,1
4828,2022-08-29,54.51190476190476,1,1,1,0,"gas,gold,silver",1904.5256677746427,7.551988263262674,0.0,0.07616411374898668,14.803427793342976,2.6948587616114654,0.0,0.11724617062348001,0.06616411374898669,1,1
4829,2022-09-09,54.54761904761905,1,1,1,1,"gas,gold,oil,silver",1797.401691841991,7.494097396495662,0.0,0.07448197526384295,12.358222572221141,2.5143216368521606,0.0,0.11472296289576443,0.06448197526384296,1,1
4830,2023-01-27,54.94444444444444,1,0,0,1,"gold,oil",1659.9618325703634,7.414549888658767,0.0,0.05579154765113485,,,,,0.04579154765113485,1,1
4831,2022-03-02,54.00396825396825,0,1,0,1,"oil,silver",,,,,12.267231498235223,2.506931601498473,0.0,0.15313179163987956,0.09008786109325305,1,1
4832,2021-09-15,53.52777777777778,1,1,1,0,"gas,gold,silver",1424.7270341581939,7.261735519377047,0.0,0.12251637422850278,8.258226664488767,2.111209874954586,0.0,0.18677456134275414,0.11251637422850279,1,1
4833,2023-12-15,55.857142857142854,1,1,0,0,"gold,silver",1798.6585664865834,7.494796425213472,0.0,0.01280356414190622,17.514045097362136,2.863003136028894,0.0,0.022205346212859325,0.0028035641419062183,1,1
4834,2023-09-14,55.595238095238095,1,1,1,1,"gas,gold,oil,silver",1607.3368762070832,7.382333974264117,0.0,0.025139246366293565,14.492622750018606,2.6736397440953885,0.0,0.04070886954944034,0.015139246366293565,1,1
4835,2022-03-14,54.035714285714285,1,1,1,0,"gas,gold,silver",1672.1949487152372,7.421892382969401,0.0,0.0985926268842364,13.689999348054698,2.6166655916783474,0.0,0.15088894032635458,0.0885926268842364,1,1
4836,2021-10-27,53.6468253968254,1,1,1,1,"gas,gold,oil,silver",1616.826196088037,7.388220368387667,0.0,0.11690924594469033,13.193497299234497,2.5797240793649983,0.0,0.17836386891703548,0.10690924594469034,1,1
4837,2023-04-21,55.182539682539684,1,1,1,1,"gas,gold,oil,silver",1611.3162559459315,7.3848066742432925,0.0,0.04457729108350999,16.657714911495425,2.8128734671570355,0.0,0.06986593662526498,0.03457729108350999,1,1
4838,2023-02-10,54.98412698412698,1,1,1,1,"gas,gold,oil,silver",1647.347716011134,7.406921828727278,0.0,0.05392250488986404,14.989319530059003,2.7073379161581084,0.0,0.08388375733479606,0.04392250488986404,1,1
4839,2022-11-09,54.71825396825397,1,1,1,1,"gas,gold,oil,silver",1735.6049755311928,7.459111320670025,0.0,0.06644509139037846,14.432274758859483,2.6694670013083543,0.0,0.10266763708556768,0.05644509139037846,1,1
4840,2023-02-21,55.01190476190476,1,1,1,0,"gas,gold,silver",1565.01332263517,7.355649615803943,0.0,0.05261417495697448,13.456022881915693,2.5994268037282318,0.0,0.0819212624354617,0.04261417495697448,1,1
4841,2023-05-03,55.214285714285715,1,1,1,1,"gas,gold,oil,silver",1690.7746650807032,7.432942084596877,0.0,0.04308205687449334,16.469880809207968,2.8015333073211024,0.0,0.06762308531174,0.03308205687449334,1,1
4842,2023-06-13,55.32936507936508,1,1,1,1,"gas,gold,oil,silver",1659.2430944825057,7.414116810186731,0.0,0.03766183286680799,15.278013964423169,2.7264147991404264,0.0,0.05949274930021198,0.02766183286680799,1,1
4843,2023-09-07,55.57539682539682,1,1,0,0,"gold,silver",1581.7877805485246,7.366310993026097,0.0,0.026073767746928968,14.423535589807425,2.668861288336606,0.0,0.04211065162039346,0.01607376774692897,1,1
4844,2022-12-15,54.82142857142857,1,1,0,1,"gold,oil,silver",1593.7150242061564,7.373823063069791,0.0,0.06158558021107437,12.29211611262194,2.5089580904180537,0.0,0.09537837031661155,0.051585580211074365,1,1
4845,2023-04-14,55.16269841269841,1,1,1,1,"gas,gold,oil,silver",1729.4001568987355,7.455529897250702,0.0,0.045511812464145394,16.30636338064832,2.7915554230806183,0.0,0.07126771869621809,0.03551181246414539,1,1
4846,2022-03-09,54.023809523809526,1,0,1,1,"gas,gold,oil",1680.165758923729,7.426647733556162,0.0,0.09915333971261765,,,,,0.08915333971261766,1,1
4847,2021-11-26,53.73412698412698,1,0,0,0,gold,1414.153459632689,7.25428636930369,0.0,0.11279735186989456,,,,,0.10279735186989457,1,1
4848,2023-01-31,54.95238095238095,1,1,1,1,"gas,gold,oil,silver",1554.8180269206725,7.349113793277121,0.0,0.055417739098880696,13.011771832644577,2.565854473308621,0.0,0.08612660864832104,0.045417739098880694,1,1
4849,2022-04-15,54.13095238095238,1,1,1,1,"gas,gold,oil,silver",1760.920973061742,7.473592231317601,0.0,0.09410692425718645,17.60839777109724,2.8683759343311808,0.0,0.14416038638577966,0.08410692425718645,1,1
4850,2022-06-08,54.28174603174603,1,1,1,1,"gas,gold,oil,silver",1720.4757510940601,7.450356131034208,0.0,0.08700456176435738,15.02752892971472,2.7098837810475915,0.0,0.13350684264653606,0.07700456176435738,1,1
4851,2021-09-30,53.57142857142857,1,1,1,1,"gas,gold,oil,silver",1312.11962550764,7.179399143325959,0.0,0.12046042719110488,11.258766669996486,2.421147084740587,0.0,0.18369064078665728,0.11046042719110488,1,1
4852,2021-09-21,53.54365079365079,1,1,1,1,"gas,gold,oil,silver",1259.8410828053472,7.138740867233467,0.0,0.12176875712399444,9.543852794537138,2.2558972608016803,0.0,0.18565313568599165,0.11176875712399445,1,1
4853,2021-12-17,53.79365079365079,1,1,0,0,"gold,silver",1559.1291422428785,7.351882702216418,0.0,0.10999378772798835,10.398831754727551,2.3416934685614996,0.0,0.1679906815919825,0.09999378772798835,1,1
4854,2023-08-10,55.49603174603175,1,1,1,1,"gas,gold,oil,silver",1645.2384114604863,7.405640583677012,0.0,0.029811853269470584,15.124007230048997,2.7162833640799473,0.0,0.04771777990420587,0.019811853269470582,1,1
4855,2021-12-22,53.80555555555556,1,1,1,1,"gas,gold,oil,silver",1512.8173395177578,7.321728979149104,0.0,0.1094330748996071,13.096440815332427,2.57234049980567,0.0,0.16714961234941064,0.09943307489960711,1,1
4856,2021-09-28,53.56349206349206,1,1,0,1,"gold,oil,silver",1355.2244670358866,7.211722377923043,0.0,0.12083423574335904,14.325471002981212,2.6620391418495393,0.0,0.18425135361503855,0.11083423574335904,1,1
4857,2022-06-23,54.32539682539682,1,1,1,0,"gas,gold,silver",1592.1546966879523,7.372843532969907,0.0,0.08494861472695948,15.827079184779949,2.7617223454838853,0.0,0.13042292209043924,0.07494861472695949,1,1
4858,2022-01-26,53.904761904761905,1,1,0,0,"gold,silver",1555.0349697856284,7.349253312968591,0.0,0.10476046799643007,12.2820901571144,2.50814211646929,0.0,0.16014070199464508,0.09476046799643008,1,1
4859,2022-10-28,54.68650793650794,1,1,1,0,"gas,gold,silver",1620.3481686706582,7.3903963240671695,0.0,0.06794032559939511,15.44714450757527,2.7374241647459896,0.0,0.10491048839909267,0.05794032559939512,1,1
4860,2023-07-14,55.42063492063492,1,1,0,0,"gold,silver",1669.1316721636024,7.420058813398132,0.0,0.033363034515885126,14.13295038671626,2.6485089779232087,0.0,0.05304455177382769,0.023363034515885128,1,1
4861,2022-05-24,54.23809523809524,1,1,1,1,"gas,gold,oil,silver",1552.8783793829468,7.347865506742016,0.0,0.08906050880175527,15.29881271691541,2.7277752251857312,0.0,0.13659076320263291,0.07906050880175527,1,1
4862,2023-09-15,55.59920634920635,1,1,1,0,"gas,gold,silver",1593.1880808606024,7.373492370022037,0.0,0.024952342090166488,14.452916290368938,2.67089621359834,0.0,0.04042851313524973,0.014952342090166486,1,1
4863,2023-06-19,55.345238095238095,0,1,0,0,silver,,,,,15.385246270709715,2.733409015841843,0.0,0.05837132364344949,0.026914215762299663,1,1
4864,2022-05-26,54.24603174603175,1,0,0,1,"gold,oil",1538.3516286257914,7.338466751129298,0.0,0.08868670024950111,,,,,0.07868670024950111,1,1
4865,2023-04-26,55.19444444444444,0,1,0,1,"oil,silver",,,,,14.78591027680319,2.6936747189982224,0.0,0.0690248673826931,0.03401657825512874,1,1
4866,2023-12-19,55.86507936507937,1,1,0,0,"gold,silver",1804.9886259066554,7.498309569310371,0.0,0.012429755589652048,17.286030246787824,2.849898675114165,0.0,0.02164463338447807,0.0024297555896520486,1,1
4867,2022-11-07,54.71031746031746,1,1,1,0,"gas,gold,silver",1769.2401320121717,7.478305429442627,0.0,0.06681889994263263,17.716650163530467,2.874504884615959,0.0,0.10322834991394894,0.05681889994263263,1,1
4868,2023-07-26,55.45238095238095,1,1,1,1,"gas,gold,oil,silver",1642.4504967695284,7.403944610951475,0.0,0.03186780030686848,15.24213098607543,2.724063368966049,0.0,0.050801700460302704,0.021867800306868475,1,1
4869,2023-10-26,55.714285714285715,1,1,0,0,"gold,silver",1737.1433577652172,7.459997294652017,0.0,0.019532118082481127,16.622316039180514,2.8107461322565763,0.0,0.03229817712372169,0.009532118082481127,1,1
4870,2022-03-25,54.07142857142857,1,1,0,1,"gold,oil,silver",1873.198479366039,7.535402665524965,0.0,0.09691048839909268,16.735429965558158,2.8175280269270955,0.0,0.148365732598639,0.08691048839909268,1,1
4871,2022-08-08,54.45238095238095,1,1,1,1,"gas,gold,oil,silver",1778.045423029662,7.4832699630083015,0.0,0.0789676778908929,13.02393537494515,2.566788847250419,0.0,0.12145151683633934,0.0689676778908929,1,1
4872,2022-05-05,54.18650793650794,1,1,1,1,"gas,gold,oil,silver",1613.2136777589806,7.385983541613766,0.0,0.09149026439140732,19.447202609345926,2.967703235008398,0.0,0.14023539658711098,0.08149026439140733,1,1
4873,2022-04-27,54.16269841269841,1,1,1,1,"gas,gold,oil,silver",1983.0205446055431,7.592376488832009,0.0,0.09261169004816981,17.060375395381424,2.8367585462400458,0.0,0.1419175350722547,0.08261169004816982,1,1
4874,2023-01-06,54.88492063492063,1,1,0,0,"gold,silver",1856.430975714859,7.526411093133253,0.0,0.05859511179304107,15.40209254295014,2.734503379601159,0.0,0.0908926676895616,0.04859511179304107,1,1
4875,2022-09-27,54.595238095238095,1,1,1,1,"gas,gold,oil,silver",1851.6464350248839,7.523830487166749,0.0,0.07223912395031798,11.4957174846583,2.4419745733754383,0.0,0.11135868592547696,0.06223912395031798,1,1
4876,2024-01-04,55.91269841269841,1,1,0,1,"gold,oil,silver",1787.1896729210744,7.488399649941636,0.0,0.01018690427612708,17.047994106793002,2.836032549113068,0.0,0.018280356414190617,0.0001869042761270787,1,1
4877,2022-10-04,54.61507936507937,1,1,1,1,"gas,gold,oil,silver",1621.6849016572837,7.391220950487306,0.0,0.07130460256968257,12.644838036625913,2.5372490715484726,0.0,0.10995690385452385,0.06130460256968257,1,1
4878,2022-10-25,54.67460317460318,1,1,1,1,"gas,gold,oil,silver",1613.5864037226008,7.3862145605525695,0.0,0.06850103842777637,15.658024607854308,2.750983540067979,0.0,0.10575155764166455,0.05850103842777637,1,1
4879,2022-06-03,54.26984126984127,1,0,0,1,"gold,oil",2023.4239732874294,7.612546391723462,0.0,0.08756527459273862,,,,,0.07756527459273863,1,1
4880,2023-01-13,54.904761904761905,1,1,1,1,"gas,gold,oil,silver",1673.3667136648378,7.42259287222398,0.0,0.05766059041240566,14.020350888138136,2.64050990897786,0.0,0.08949088561860849,0.04766059041240566,1,1
4881,2023-05-08,55.226190476190474,1,1,0,1,"gold,oil,silver",1527.6421368506763,7.331480738664756,0.0,0.0425213440461121,13.636652290276329,2.6127611890274447,0.0,0.06678201606916814,0.0325213440461121,1,1
4882,2022-07-07,54.36507936507937,1,1,1,1,"gas,gold,oil,silver",1686.2751648677602,7.430277330979334,0.0,0.08307957196568867,13.587805750867288,2.6091727545578913,0.0,0.12761935794853302,0.07307957196568868,1,1
4883,2021-09-20,53.53968253968254,1,1,0,0,"gold,silver",1488.9269670165659,7.305810983137625,0.0,0.12195566140012153,9.744124586332958,2.2766644968395124,0.0,0.18593349210018228,0.11195566140012153,1,1
4884,2022-08-31,54.51984126984127,1,0,1,0,"gas,gold",1534.1274980595645,7.335717093244915,0.0,0.07579030519673251,,,,,0.06579030519673251,1,1
4885,2021-12-07,53.76190476190476,1,1,1,1,"gas,gold,oil,silver",1633.3737644021428,7.398402948839838,0.0,0.111489021937005,13.480337628364703,2.601232151785092,0.0,0.17023353290550747,0.101489021937005,1,1
4886,2021-09-08,53.507936507936506,1,1,1,1,"gas,gold,oil,silver",1063.3896414710034,6.969216860070193,0.0,0.12345089560913818,9.183910683478693,2.2174531142989418,0.0,0.18817634341370723,0.11345089560913818,1,1
4887,2023-08-21,55.523809523809526,0,1,1,1,"gas,oil,silver",,,,,15.138803166774439,2.7172611938129005,0.0,0.045755285004871526,0.018503523336581017,1,1
4888,2022-05-16,54.214285714285715,1,1,1,0,"gas,gold,silver",1865.6228552484877,7.531350246964755,0.0,0.09018193445851776,17.3407219097545,2.853057603112916,0.0,0.13827290168777662,0.08018193445851776,1,1
4889,2022-01-04,53.84126984126984,1,1,1,1,"gas,gold,oil,silver",1596.127533095731,7.375335682772002,0.0,0.10775093641446337,11.63409492513093,2.453940004741077,0.0,0.16462640462169503,0.09775093641446338,1,1
4890,2022-02-15,53.96031746031746,0,1,1,1,"gas,oil,silver",,,,,19.269395947199836,2.9585181351368135,0.0,0.15621571219597638,0.09214380813065094,1,1
4891,2022-09-07,54.53968253968254,1,1,1,1,"gas,gold,oil,silver",1591.8315108303407,7.372640525897855,0.0,0.07485578381609712,13.431714384239235,2.597618655719444,0.0,0.11528367572414568,0.06485578381609712,1,1
4892,2023-08-31,55.55555555555556,1,1,1,1,"gas,gold,oil,silver",1729.7718852621524,7.455744820567794,0.0,0.027008289127564374,15.289010488557622,2.7271343015981,0.0,0.043512433691346566,0.017008289127564375,1,1
4893,2022-10-06,54.62301587301587,1,1,0,1,"gold,oil,silver",1719.9887157486828,7.450073009174747,0.0,0.07093079401742841,15.360146572322295,2.7317762701428965,0.0,0.10939619102614262,0.060930794017428416,1,1
4894,2023-04-18,55.17063492063492,1,1,1,1,"gas,gold,oil,silver",1657.6265766341028,7.413142085137709,0.0,0.04513800391189124,15.049981391793299,2.711376754768426,0.0,0.07070700586783685,0.03513800391189124,1,1
4895,2023-11-13,55.76190476190476,1,1,1,1,"gas,gold,oil,silver",1687.26970559442,7.430866942674841,0.0,0.01728926676895616,16.59724663491055,2.809236816238482,0.0,0.028933900153434236,0.007289266768956158,1,1
4896,2023-02-08,54.976190476190474,1,1,0,0,"gold,silver",1655.3579606952155,7.411772554874037,0.0,0.05429631344211821,13.22717253406307,2.5822732390401155,0.0,0.08444447016317731,0.04429631344211821,1,1
4897,2022-07-25,54.41269841269841,1,0,0,0,gold,1652.881675699686,7.4102755137100536,0.0,0.08083672065216371,,,,,0.07083672065216372,1,1
4898,2022-02-22,53.98015873015873,1,1,0,1,"gold,oil,silver",1407.3620087195006,7.249472315221467,0.0,0.10120928675001555,14.716143109049694,2.6889450619200117,0.0,0.15481393012502329,0.09120928675001555,1,1
4899,2022-05-04,54.182539682539684,1,1,1,0,"gas,gold,silver",2014.6748270875698,7.608213085223053,0.0,0.09167716866753439,15.67723689192488,2.7522097807666954,0.0,0.1405157530013016,0.0816771686675344,1,1
4900,2023-08-29,55.54761904761905,1,1,1,1,"gas,gold,oil,silver",1703.3840650603822,7.4403721778789,0.0,0.027382097679818536,15.597509407143223,2.7471112481212776,0.0,0.044073146519727796,0.017382097679818534,1,1
4901,2023-09-28,55.63492063492063,1,1,1,0,"gas,gold,silver",1649.9691731226008,7.408511883764098,0.0,0.02327020360502275,14.653587255180542,2.6846851693236697,0.0,0.037905305407534125,0.013270203605022752,1,1
4902,2021-09-13,53.51984126984127,1,1,1,1,"gas,gold,oil,silver",1427.3061811947432,7.26354415731698,0.0,0.12289018278075693,8.871965275692277,2.1828963361193376,0.0,0.18733527417113538,0.11289018278075694,1,1
4903,2022-04-21,54.1468253968254,1,1,1,0,"gas,gold,silver",1753.8389091124716,7.469562326703259,0.0,0.09335930715267814,15.642188374179504,2.7499716469517783,0.0,0.14303896072901717,0.08335930715267814,1,1
4904,2023-02-03,54.964285714285715,1,1,1,1,"gas,gold,oil,silver",1595.7040894146178,7.375070353184682,0.0,0.054857026270499445,12.566877515337529,2.5310645840539214,0.0,0.08528553940574916,0.044857026270499444,1,1
4905,2021-09-14,53.523809523809526,0,1,0,0,silver,,,,,7.4254917759590695,2.004918914947891,0.0,0.18705491775694477,0.11270327850462986,1,1
4906,2022-10-21,54.666666666666664,1,1,1,1,"gas,gold,oil,silver",1830.4809337786296,7.512334016651705,0.0,0.06887484698003052,16.020085318192137,2.7738432673558777,0.0,0.10631227047004578,0.058874846980030524,1,1
4907,2021-10-28,53.65079365079365,1,1,1,1,"gas,gold,oil,silver",1409.615621104259,7.251072337061671,0.0,0.11672234166856327,9.240769575059174,2.223625169529461,0.0,0.17808351250284488,0.10672234166856327,1,1
4908,2022-04-20,54.142857142857146,1,1,1,0,"gas,gold,silver",1819.5903283860935,7.506366660439963,0.0,0.09354621142880522,19.741148621814474,2.9827052198411024,0.0,0.1433193171432078,0.08354621142880522,1,1
4909,2022-02-23,53.98412698412698,1,1,1,1,"gas,gold,oil,silver",1824.5122579059143,7.509067974355394,0.0,0.10102238247388846,16.679236610670717,2.8141646291369113,0.0,0.15453357371083268,0.09102238247388847,1,1
4910,2023-06-14,55.333333333333336,1,1,0,1,"gold,oil,silver",1636.7977701092934,7.400497032848739,0.0,0.03747492859068091,14.407053809336036,2.6677179345162103,0.0,0.059212392886021356,0.02747492859068091,1,1
4911,2023-11-10,55.757936507936506,1,1,0,1,"gold,oil,silver",1674.14978854412,7.423060726463413,0.0,0.017476171045083238,15.934114625486771,2.7684623846995122,0.0,0.02921425656762485,0.007476171045083237,1,1
4912,2021-10-05,53.583333333333336,1,0,0,0,gold,1331.0770597091566,7.19374371281924,0.0,0.11989971436272363,,,,,0.10989971436272364,1,1
4913,2023-11-29,55.80952380952381,1,1,0,1,"gold,oil,silver",1742.1421534787,7.4628707576873605,0.0,0.015046415455431188,16.802936498146327,2.821553662691278,0.0,0.025569623183146782,0.005046415455431188,1,1
4914,2021-10-25,53.638888888888886,1,1,1,1,"gas,gold,oil,silver",1504.9393316222709,7.316507865156019,0.0,0.1172830544969445,11.280393992837269,2.4230661739029493,0.0,0.17892458174541673,0.1072830544969445,1,1
4915,2023-03-06,55.04761904761905,1,1,1,1,"gas,gold,oil,silver",1663.4781999811837,7.416665990462041,0.0,0.05093203647183074,13.606754576159087,2.6105663294589423,0.0,0.07939805470774611,0.04093203647183074,1,1
4916,2023-10-10,55.666666666666664,1,1,1,0,"gas,gold,silver",1689.8396124456106,7.432388899535124,0.0,0.021774969396006108,16.38239183209926,2.7962070892605038,0.0,0.03566245409400916,0.01177496939600611,1,1
4917,2022-04-25,54.154761904761905,1,1,1,1,"gas,gold,oil,silver",1790.3098534751489,7.490143986354375,0.0,0.09298549860042397,21.728123996967884,3.0786074581423972,0.0,0.14247824790063596,0.08298549860042398,1,1
4918,2023-03-10,55.06349206349206,1,1,1,1,"gas,gold,oil,silver",1588.2026026643653,7.370358217210785,0.0,0.050184419367322416,14.929950051564397,2.703369266037425,0.0,0.07827662905098362,0.040184419367322415,1,1
4919,2021-12-01,53.74603174603175,1,1,1,1,"gas,gold,oil,silver",1476.516740332251,7.297441038967487,0.0,0.1122366390415133,10.46639602124355,2.3481697460688054,0.0,0.17135495856226995,0.10223663904151331,1,1
4920,2023-11-28,55.80555555555556,1,1,0,1,"gold,oil,silver",1756.7511816588144,7.471221462711224,0.0,0.015233319731558267,17.729820986026052,2.8752480233643074,0.0,0.025849979597337397,0.005233319731558267,1,1
4921,2022-03-03,54.007936507936506,1,1,1,1,"gas,gold,oil,silver",1743.836536998307,7.463842871290733,0.0,0.09990095681712596,14.46529994463851,2.671752674102398,0.0,0.15285143522568892,0.08990095681712597,1,1
4922,2022-04-13,54.12301587301587,1,1,0,1,"gold,oil,silver",1852.4380676825085,7.524257924861056,0.0,0.09448073280944062,12.529900609648843,2.5281178366856825,0.0,0.1447210992141609,0.08448073280944063,1,1
4923,2023-08-09,55.492063492063494,1,1,1,0,"gas,gold,silver",1679.347882377065,7.426160831789925,0.0,0.029998757545597672,15.538200120280413,2.7433015158557943,0.0,0.04799813631839651,0.019998757545597674,1,1
4924,2021-10-08,53.595238095238095,1,1,0,0,"gold,silver",1364.1795308842527,7.218308450625022,0.0,0.11933900153434239,8.069680879784995,2.088113937483243,0.0,0.18200850230151355,0.1093390015343424,1,1
4925,2021-12-15,53.785714285714285,1,1,1,0,"gas,gold,silver",1518.6321104912568,7.325565281354253,0.0,0.11036759628024251,10.83878920274817,2.3831312926094546,0.0,0.16855139442036374,0.10036759628024251,1,1
4926,2022-04-22,54.15079365079365,1,1,1,1,"gas,gold,oil,silver",1898.2073635162444,7.548665226898774,0.0,0.09317240287655106,23.257998088133284,3.1466490766683064,0.0,0.14275860431482656,0.08317240287655106,1,1
4927,2022-12-29,54.861111111111114,1,1,1,1,"gas,gold,oil,silver",1812.9174607979128,7.502692683407362,0.0,0.059716537449803556,16.0360458675331,2.774839055061347,0.0,0.09257480617470533,0.049716537449803554,1,1
4928,2023-10-25,55.71031746031746,1,1,1,1,"gas,gold,oil,silver",1685.0117651764197,7.429527825062632,0.0,0.01971902235860822,16.387411302316345,2.7965134365544286,0.0,0.032578533537912326,0.009719022358608219,1,1
4929,2022-05-10,54.198412698412696,1,1,1,1,"gas,gold,oil,silver",1609.6521252501327,7.3837733633585385,0.0,0.09092955156302608,15.265905660410121,2.7256219536382087,0.0,0.13939432734453913,0.08092955156302609,1,1
4930,2022-08-30,54.51587301587302,1,0,1,0,"gas,gold",1718.659103114189,7.449299674555561,0.0,0.0759772094728596,,,,,0.06597720947285961,1,1
4931,2022-12-19,54.82936507936508,1,1,0,1,"gold,oil,silver",1953.4517545751694,7.577353217274446,0.0,0.0612117716588202,14.079145689539507,2.6446946734302244,0.0,0.09481765748823029,0.051211771658820196,1,1
4932,2022-09-22,54.583333333333336,1,1,0,1,"gold,oil,silver",1644.3556561606147,7.405103888083017,0.0,0.07279983677869922,12.654859681686366,2.538041305961405,0.0,0.11219975516804884,0.06279983677869923,1,1
4933,2022-07-05,54.357142857142854,1,1,1,1,"gas,gold,oil,silver",1742.960268336243,7.463340250272399,0.0,0.08345338051794284,15.510510930497444,2.7415179186508647,0.0,0.12818007077691423,0.07345338051794284,1,1
4934,2022-01-24,53.8968253968254,1,1,1,0,"gas,gold,silver",1367.2727442950804,7.22057333715532,0.0,0.10513427654868424,12.385958728091577,2.5165634703685105,0.0,0.16070141482302636,0.09513427654868424,1,1
4935,2021-11-10,53.68650793650794,1,1,1,1,"gas,gold,oil,silver",1398.0951790189822,7.242866002750213,0.0,0.11504020318341952,10.957343859785638,2.3940099035890072,0.0,0.17556030477512927,0.10504020318341953,1,1
4936,2023-06-09,55.32142857142857,1,1,1,1,"gas,gold,oil,silver",1665.4272456351666,7.417836973482458,0.0,0.03803564141906216,16.429753681122037,2.7990939399174426,0.0,0.060053462128593235,0.02803564141906216,1,1
4937,2021-10-06,53.58730158730159,1,1,1,1,"gas,gold,oil,silver",1321.7060081764703,7.186678611547838,0.0,0.11971281008659655,9.928942140208044,2.2954539406810732,0.0,0.18256921512989482,0.10971281008659656,1,1
4938,2022-07-14,54.38492063492063,1,1,1,1,"gas,gold,oil,silver",1635.1258003428318,7.399475022477169,0.0,0.08214505058505327,13.049927755479361,2.568782597774786,0.0,0.1262175758775799,0.07214505058505327,1,1
4939,2023-06-06,55.30952380952381,0,1,1,1,"gas,oil,silver",,,,,14.561542407291688,2.6783839717246067,0.0,0.060894531371165087,0.028596354247443397,1,1
4940,2021-09-06,53.5,1,1,1,1,"gas,gold,oil,silver",1551.3438879582625,7.346876858753877,0.0,0.12382470416139234,10.264675334109082,2.3287084215351577,0.0,0.1887370562420885,0.11382470416139234,1,1
4941,2022-03-15,54.03968253968254,1,1,1,1,"gas,gold,oil,silver",1588.653321391192,7.370641968656003,0.0,0.09840572260810931,17.05324023437098,2.8363402287452404,0.0,0.15060858391216397,0.08840572260810932,1,1
4942,2022-09-08,54.54365079365079,1,1,1,1,"gas,gold,oil,silver",1648.1557036675415,7.407412186387217,0.0,0.07466887953997003,11.186813766349646,2.4147357423989386,0.0,0.11500331930995505,0.06466887953997004,1,1
4943,2022-04-11,54.11507936507937,1,1,0,0,"gold,silver",1586.8576878939245,7.369511042840662,0.0,0.09485454136169479,18.661262172379868,2.926449833666507,0.0,0.14528181204254217,0.08485454136169479,1,1
4944,2023-08-01,55.46825396825397,1,1,1,1,"gas,gold,oil,silver",1616.5032863833926,7.388020630187481,0.0,0.03112018320236016,15.655639957513495,2.750831232736434,0.0,0.04968027480354023,0.021120183202360157,1,1
4945,2023-10-18,55.69047619047619,1,1,1,1,"gas,gold,oil,silver",1753.2267474450664,7.469213224785262,0.0,0.020653543739243614,16.83726011022056,2.8235942942835734,0.0,0.03398031560886541,0.010653543739243612,1,1
4946,2022-05-19,54.226190476190474,1,1,1,1,"gas,gold,oil,silver",1779.4016449002372,7.484032432223096,0.0,0.08962122163013651,13.975225510971757,2.637286155653132,0.0,0.13743183244520477,0.07962122163013652,1,1
4947,2023-08-23,55.53174603174603,1,0,1,1,"gas,gold,oil",1722.9265924050344,7.451779631096265,0.0,0.02812971478432686,,,,,0.018129714784326862,1,1
4948,2023-03-16,55.07936507936508,1,0,1,1,"gas,gold,oil",1641.7196398680749,7.403499532357425,0.0,0.0494368022628141,,,,,0.0394368022628141,1,1
4949,2023-07-24,55.44444444444444,1,1,1,1,"gas,gold,oil,silver",1690.3879841488906,7.432713357987947,0.0,0.032241608859122646,15.441572293518265,2.7370633718938078,0.0,0.05136241328868396,0.022241608859122644,1,1
4950,2023-11-08,55.75,1,1,1,0,"gas,gold,silver",1682.1386583923793,7.427821273753719,0.0,0.017849979597337407,16.006314823909456,2.7729833208698413,0.0,0.029774969396006108,0.007849979597337407,1,1
4951,2022-12-13,54.81349206349206,0,1,0,1,"oil,silver",,,,,14.49536106426762,2.6738286716368624,0.0,0.09593908314499278,0.05195938876332852,1,1
4952,2023-07-11,55.40873015873016,1,1,1,1,"gas,gold,oil,silver",1738.8597639969398,7.4609848693526715,0.0,0.033923747344266376,15.309681463355567,2.7284854036631794,0.0,0.05388562101639956,0.023923747344266378,1,1
4953,2023-04-12,55.154761904761905,1,1,0,1,"gold,oil,silver",1564.0940356860683,7.355062044416783,0.0,0.04588562101639956,15.876405489910713,2.7648340756573067,0.0,0.07182843152459932,0.035885621016399555,1,1
4954,2021-10-13,53.607142857142854,1,1,1,1,"gas,gold,oil,silver",1552.9477930573428,7.347910205749979,0.0,0.11877828870596115,8.01912315669074,2.0818290838177864,0.0,0.1811674330589417,0.10877828870596115,1,1
4955,2022-06-27,54.333333333333336,0,1,0,0,silver,,,,,14.935422567218733,2.703735745021996,0.0,0.129862209262058,0.07457480617470534,1,1
4956,2022-07-06,54.361111111111114,1,1,0,1,"gold,oil,silver",1652.737057379863,7.410188015222422,0.0,0.08326647624181575,15.425302962482505,2.7360092106022975,0.0,0.12789971436272363,0.07326647624181576,1,1
4957,2022-12-01,54.78174603174603,1,1,1,1,"gas,gold,oil,silver",1669.3132862161149,7.420167614983874,0.0,0.06345462297234518,13.765012500722147,2.622130046746875,0.0,0.09818193445851776,0.05345462297234518,1,1
4958,2022-08-18,54.48412698412698,1,1,1,1,"gas,gold,oil,silver",1733.5030113073744,7.457899502249254,0.0,0.07747244368187624,13.797726771789485,2.6245038519123076,0.0,0.11920866552281437,0.06747244368187624,1,1
4959,2023-11-17,55.77777777777778,1,1,1,1,"gas,gold,oil,silver",1734.5953028029062,7.45852941030417,0.0,0.01654164966444783,16.74186778019475,2.8179126347150265,0.0,0.027812474496671742,0.00654164966444783,1,1
4960,2022-06-17,54.30952380952381,0,1,0,1,"oil,silver",,,,,13.509781954687645,2.6034140122924665,0.0,0.1315443477472017,0.07569623183146781,1,1
4961,2022-02-18,53.97222222222222,1,0,1,1,"gas,gold,oil",1696.960695905374,7.43659410403812,0.0,0.1015830953022697,,,,,0.0915830953022697,1,1
4962,2023-12-13,55.84920634920635,1,1,1,0,"gas,gold,silver",1784.7399178639678,7.487027979319951,0.0,0.013177372694160376,16.96031834468875,2.830876400511226,0.0,0.02276605904124056,0.003177372694160376,1,1
4963,2022-01-10,53.857142857142854,1,1,1,1,"gas,gold,oil,silver",1785.6539293483793,7.487539974098953,0.0,0.10700331930995505,10.855993591718285,2.3847173322337833,0.0,0.16350497896493255,0.09700331930995505,1,1
4964,2022-03-17,54.04761904761905,1,1,0,1,"gold,oil,silver",1639.5048253145758,7.402149539442663,0.0,0.09803191405585515,14.370999836917706,2.665212275744097,0.0,0.1500478710837827,0.08803191405585516,1,1
4965,2023-03-28,55.111111111111114,1,1,0,0,"gold,silver",1555.5934504580669,7.349612391973209,0.0,0.04794156805379745,14.91077997890919,2.702084439877156,0.0,0.07491235208069616,0.03794156805379745,1,1
4966,2023-07-31,55.464285714285715,1,1,1,1,"gas,gold,oil,silver",1574.8546116177133,7.361918236914904,0.0,0.03130708747848724,15.333477466439822,2.7300385077620115,0.0,0.04996063121773085,0.02130708747848724,1,1
4967,2022-01-27,53.90873015873016,1,1,1,0,"gas,gold,silver",1439.2312841671032,7.271864419592336,0.0,0.10457356372030299,14.053256605299104,2.642854155775361,0.0,0.15986034558045448,0.094573563720303,1,1
4968,2022-08-26,54.507936507936506,0,1,1,0,"gas,silver",,,,,15.204668045549287,2.7216024889639634,0.0,0.11752652703767064,0.06635101802511376,1,1
4969,2023-06-29,55.37698412698413,1,1,1,1,"gas,gold,oil,silver",1680.496678693045,7.42684467078299,0.0,0.03541898155328302,15.530369827269372,2.742797450609788,0.0,0.05612847232992453,0.02541898155328302,1,1
4970,2023-01-25,54.93650793650794,1,1,1,1,"gas,gold,oil,silver",1745.3998567542028,7.464738952658738,0.0,0.056165356203389014,16.489014927813727,2.802694397237951,0.0,0.0872480343050835,0.04616535620338901,1,1
4971,2021-12-24,53.81349206349206,1,1,1,1,"gas,gold,oil,silver",1337.7564834609443,7.198749223721209,0.0,0.10905926634735294,12.261456389494828,2.506460715418179,0.0,0.16658889952102937,0.09905926634735295,1,1
4972,2023-01-03,54.87301587301587,1,1,1,1,"gas,gold,oil,silver",1915.543489516006,7.557756667885063,0.0,0.059155824621422305,14.975907822433093,2.7064427646971363,0.0,0.09173373693213345,0.0491558246214223,1,1
4973,2021-10-11,53.59920634920635,1,1,1,1,"gas,gold,oil,silver",1350.3961130959983,7.208153245502241,0.0,0.11915209725821531,11.484406417105548,2.4409901514885455,0.0,0.18172814588732294,0.10915209725821531,1,1
4974,2021-10-21,53.63095238095238,1,1,1,1,"gas,gold,oil,silver",1342.9130655093647,7.202596462863923,0.0,0.11765686304919867,8.98837266064886,2.1959318154850145,0.0,0.17948529457379797,0.10765686304919868,1,1
4975,2023-02-13,54.98809523809524,1,0,0,0,gold,1540.7498909252074,7.34002451904904,0.0,0.05373560061373696,,,,,0.04373560061373696,1,1
4976,2022-05-27,54.25,1,1,1,0,"gas,gold,silver",1556.910654439104,7.350458787039869,0.0,0.08849979597337403,18.92865001967963,2.940676648345419,0.0,0.13574969396006104,0.07849979597337403,1,1
4977,2022-10-07,54.62698412698413,1,1,1,1,"gas,gold,oil,silver",1724.615464388748,7.452759385420355,0.0,0.07074388974130133,9.289367136274063,2.2288704273915987,0.0,0.109115834611952,0.060743889741301335,1,1
4978,2023-09-13,55.59126984126984,1,1,0,1,"gold,oil,silver",1667.3768905547715,7.419006946311542,0.0,0.025326150642420643,14.907294487014996,2.701850656041513,0.0,0.04098922596363096,0.015326150642420643,1,1
4979,2022-08-19,54.48809523809524,1,1,1,0,"gas,gold,silver",1812.1685054071177,7.502279476433275,0.0,0.07728553940574916,14.369294507455143,2.665093604067034,0.0,0.11892830910862374,0.06728553940574916,1,1
4980,2023-09-05,55.567460317460316,0,1,0,0,silver,,,,,14.140624591912028,2.649051831480994,0.0,0.04267136444877469,0.016447576299183128,1,1
4981,2022-11-17,54.742063492063494,1,1,1,0,"gas,gold,silver",1614.6600666783204,7.3868797284727705,0.0,0.06532366573361598,15.300492552249043,2.7278850208376615,0.0,0.10098549860042397,0.05532366573361598,1,1
4982,2021-10-18,53.61904761904762,1,1,1,1,"gas,gold,oil,silver",1044.8282158041488,6.951607764095634,0.0,0.1182175758775799,10.738324872788125,2.373819106039658,0.0,0.18032636381636985,0.10821757587757991,1,1
4983,2021-09-24,53.55555555555556,1,1,1,1,"gas,gold,oil,silver",1356.0336995764674,7.212319320386565,0.0,0.1212080442956132,9.010436275199087,2.1983834916687415,0.0,0.18481206644341977,0.1112080442956132,1,1
4984,2022-05-31,54.257936507936506,1,1,1,0,"gas,gold,silver",1712.2050494589973,7.445537321409864,0.0,0.08812598742111985,16.147178996408147,2.7817453592661794,0.0,0.13518898113167976,0.07812598742111986,1,1
4985,2022-02-21,53.976190476190474,1,1,1,1,"gas,gold,oil,silver",1958.5050241529668,7.579936718409191,0.0,0.10139619102614261,14.944349193170238,2.7043332479941515,0.0,0.15509428653921392,0.09139619102614262,1,1
4986,2023-03-01,55.035714285714285,1,1,1,1,"gas,gold,oil,silver",1779.3050143420833,7.483978125663197,0.0,0.05149274930021199,13.853696430564435,2.6285520873179298,0.0,0.08023912395031797,0.04149274930021199,1,1
4987,2021-10-15,53.61507936507937,1,1,0,1,"gold,oil,silver",1419.0549998925562,7.257746436023113,0.0,0.11840448015370698,13.694199370319872,2.616972339547168,0.0,0.18060672023056046,0.10840448015370699,1,1
4988,2021-10-19,53.62301587301587,1,1,0,1,"gold,oil,silver",1433.8129131488934,7.268092547619598,0.0,0.11803067160145282,8.605811301760152,2.152437707817685,0.0,0.18004600740217921,0.10803067160145283,1,1
4989,2023-01-05,54.88095238095238,1,1,1,0,"gas,gold,silver",1825.1464658504397,7.509415518056826,0.0,0.05878201606916815,15.54978322890888,2.7440466982649823,0.0,0.09117302410375222,0.04878201606916815,1,1
4990,2023-09-08,55.57936507936508,1,1,1,1,"gas,gold,oil,silver",1605.1059684632437,7.380945057349268,0.0,0.025886863470801894,14.46760627530186,2.671912100234754,0.0,0.041830295206202836,0.01588686347080189,1,1
4991,2022-03-21,54.05555555555556,1,0,1,1,"gas,gold,oil",1802.930190209852,7.4971685037681235,0.0,0.09765810550360099,,,,,0.087658105503601,1,1
4992,2021-11-03,53.666666666666664,1,1,1,0,"gas,gold,silver",1508.3880996870953,7.318796875991569,0.0,0.11597472456405493,8.384397726435163,2.1263725651981567,0.0,0.1769620868460824,0.10597472456405493,1,1
4993,2022-02-09,53.94444444444444,1,1,1,1,"gas,gold,oil,silver",1909.0618321571424,7.55436721301637,0.0,0.10289142523515926,13.441751712396767,2.5983656623458455,0.0,0.15733713785273887,0.09289142523515927,1,1
4994,2021-09-07,53.50396825396825,1,1,1,1,"gas,gold,oil,silver",1477.905939599453,7.298381459157882,0.0,0.12363779988526526,10.273602070097756,2.329577699554449,0.0,0.18845669982789787,0.11363779988526526,1,1
4995,2022-08-16,54.476190476190474,1,1,1,1,"gas,gold,oil,silver",1630.1504929401362,7.396427616496076,0.0,0.0778462522341304,15.749402298297921,2.756802415237131,0.0,0.1197693783511956,0.0678462522341304,1,1
4996,2021-11-04,53.67063492063492,1,1,1,1,"gas,gold,oil,silver",1481.1839489555987,7.300597012466834,0.0,0.11578782028792786,10.251842055227225,2.3274574021431187,0.0,0.17668173043189175,0.10578782028792787,1,1
4997,2022-02-07,53.93650793650794,1,1,1,1,"gas,gold,oil,silver",1564.9264789893214,7.355594123589156,0.0,0.10326523378741342,13.69025946647875,2.6166845921140864,0.0,0.15789785068112014,0.09326523378741343,1,1
4998,2022-02-25,53.992063492063494,1,1,1,1,"gas,gold,oil,silver",1710.5024621368495,7.44454244384185,0.0,0.10064857392163429,19.762307775483034,2.983776475757509,0.0,0.1539728608824514,0.09064857392163429,1,1
4999,2022-09-01,54.523809523809526,1,1,0,1,"gold,oil,silver",1708.2811678570924,7.443242978983738,0.0,0.07560340092060543,15.086203246802466,2.7137806338849293,0.0,0.11640510138090815,0.06560340092060543,1,1
