obs_id,date,t_years,gold,silver,gas,oil,commodity_topics,price_gold,log_price_gold,dev_gold,price_silver,log_price_silver,dev_silver,label,IN
0,1970-01-01,0.0,0,1,0,0,silver,,,,1.5562537978060949,0.442281521585233,0.0,0,0
1,1970-01-06,0.0119047619047619,1,0,1,0,"gas,gold",35.07514948901256,3.557492887961269,0.0,,,,0,0
2,1970-01-09,0.0238095238095238,1,0,0,0,gold,34.75804894045297,3.548411169375758,0.0,,,,0,0
3,1970-01-14,0.0357142857142857,0,1,1,1,"gas,oil,silver",,,,1.5375681638578764,0.4302020539323085,0.0,0,0
4,1970-01-16,0.0436507936507936,1,0,0,0,gold,35.26496141327888,3.5628898764664028,0.0,,,,0,0
5,1970-01-21,0.0555555555555555,0,0,1,1,"gas,oil",,,,,,,0,0
6,1970-01-26,0.0674603174603174,1,0,1,0,"gas,gold",34.13035652630922,3.5301872089909003,0.0,,,,0,0
7,1970-01-29,0.0793650793650793,0,1,0,1,"oil,silver",,,,1.5073575694479795,0.4103581638606922,0.0,0,0
8,1970-02-03,0.0912698412698412,0,0,1,0,gas,,,,,,,0,0
9,1970-02-06,0.1031746031746031,1,1,0,1,"gold,oil,silver",34.30635712026137,3.535330675781914,0.0,1.50346625773015,0.4077732807138322,0.0,0,0
10,1970-02-11,0.115079365079365,1,1,0,1,"gold,oil,silver",33.19892352554154,3.502517451467304,0.0,1.4198591994546863,0.3505577113833552,0.0,0,0
11,1970-02-16,0.1269841269841269,0,0,1,0,gas,,,,,,,0,0
12,1970-02-18,0.1349206349206349,1,0,0,0,gold,32.830747453344955,3.491365498642234,0.0,,,,0,0
13,1970-02-23,0.1468253968253968,0,1,0,0,silver,,,,1.3980457278891678,0.3350753527825167,0.0,0,0
14,1970-02-26,0.1587301587301587,0,0,1,0,gas,,,,,,,0,0
15,1970-03-03,0.1706349206349206,1,1,0,0,"gold,silver",33.20926202739512,3.50282881374444,0.0,1.3704627438786547,0.3151484520633333,0.0,0,0
16,1970-03-06,0.1825396825396825,0,0,1,0,gas,,,,,,,0,0
17,1970-03-11,0.1944444444444444,0,0,0,1,oil,,,,,,,0,0
18,1970-03-16,0.2063492063492063,1,0,0,0,gold,32.433354171716424,3.479187343022608,0.0,,,,0,0
19,1970-03-19,0.2182539682539682,1,1,0,1,"gold,oil,silver",32.633829866220346,3.4853494762649704,0.0,1.280021096653747,0.2468765595564429,0.0,0,0
20,1970-03-23,0.2261904761904762,1,0,0,0,gold,32.71675273765101,3.4878872628502173,0.0,,,,0,0
21,1970-03-26,0.238095238095238,1,1,0,1,"gold,oil,silver",33.2128394404589,3.502936531295923,0.0,1.303199653094839,0.2648225121107881,0.0,0,0
22,1970-03-31,0.25,1,0,0,0,gold,33.28719448079368,3.505172772901721,0.0,,,,0,0
23,1970-04-03,0.2619047619047619,1,0,1,0,"gas,gold",33.0306239420588,3.497435129386522,0.0,,,,0,0
24,1970-04-08,0.2738095238095238,1,1,0,0,"gold,silver",33.47120052349968,3.5106853832235227,0.0,1.393102559216192,0.3315333167940297,0.0,0,0
25,1970-04-13,0.2857142857142857,0,0,0,1,oil,,,,,,,0,0
26,1970-04-16,0.2976190476190476,0,0,1,0,gas,,,,,,,0,0
27,1970-04-20,0.3055555555555556,0,1,0,0,silver,,,,1.269857964321811,0.2389050550993554,0.0,0,0
28,1970-04-23,0.3174603174603174,0,0,1,0,gas,,,,,,,0,0
29,1970-04-28,0.3293650793650793,1,1,1,0,"gas,gold,silver",32.63967467402459,3.4855285629514,0.0,1.2430749152537182,0.2175880804257973,0.0,0,0
30,1970-05-01,0.3412698412698413,0,1,0,0,silver,,,,1.2414317778596695,0.2162653730745421,0.0,0,0
31,1970-05-06,0.3531746031746032,0,0,1,0,gas,,,,,,,0,0
32,1970-05-11,0.365079365079365,0,0,1,1,"gas,oil",,,,,,,0,0
33,1970-05-14,0.376984126984127,1,0,1,0,"gas,gold",31.93077594207441,3.463570307780444,0.0,,,,0,0
34,1970-05-19,0.3888888888888889,1,1,0,0,"gold,silver",31.81773754898035,3.460023918841277,0.0,1.1507337045398711,0.140399742884879,0.0,0,0
35,1970-05-21,0.3968253968253968,1,0,1,0,"gas,gold",31.221886914372096,3.441119352542524,0.0,,,,0,0
36,1970-05-26,0.4087301587301587,1,0,0,0,gold,31.6456996572429,3.454602267549704,0.0,,,,0,0
37,1970-05-29,0.4206349206349206,1,1,1,1,"gas,gold,oil,silver",31.902928273696663,3.4626978009915463,0.0,1.131031127806125,0.1231297191302496,0.0,0,0
38,1970-06-03,0.4325396825396825,1,0,0,0,gold,32.2269268748436,3.472802341447058,0.0,,,,0,0
39,1970-06-08,0.4444444444444444,1,1,0,0,"gold,silver",31.80737734195632,3.459698254765594,0.0,1.1692231712281564,0.1563395720778717,0.0,0,0
40,1970-06-11,0.4563492063492063,0,1,0,1,"oil,silver",,,,1.180879812208745,0.1662597642200564,0.0,0,0
41,1970-06-16,0.4682539682539682,1,1,0,0,"gold,silver",32.35068099074287,3.476635071443828,0.0,1.2157734432637703,0.1953804530800804,0.0,0,0
42,1970-06-19,0.4801587301587302,0,1,0,0,silver,,,,1.216292403581154,0.1958072181086124,0.0,0,0
43,1970-06-23,0.4880952380952381,1,0,1,1,"gas,gold,oil",32.23512918171693,3.47305682625314,0.0,,,,0,0
44,1970-06-26,0.5,1,0,1,1,"gas,gold,oil",31.244688525929966,3.441849394566113,0.0,,,,0,0
45,1970-07-01,0.5119047619047619,1,1,0,0,"gold,silver",31.56441363898406,3.452030335343675,0.0,1.1674641379895427,0.1548339931636957,0.0,0,0
46,1970-07-06,0.5238095238095238,0,0,1,0,gas,,,,,,,0,0
47,1970-07-09,0.5357142857142857,1,0,1,0,"gas,gold",31.711989072833017,3.4566948135723736,0.0,,,,0,0
48,1970-07-14,0.5476190476190477,1,0,0,1,"gold,oil",32.260808960778405,3.473853148662212,0.0,,,,0,0
49,1970-07-17,0.5595238095238095,0,1,0,0,silver,,,,1.215302143438462,0.19499272360446,0.0,0,0
50,1970-07-22,0.5714285714285714,1,0,0,1,"gold,oil",32.43821301727284,3.479337141949196,0.0,,,,0,0
51,1970-07-24,0.5793650793650794,0,1,0,1,"oil,silver",,,,1.2570537893499445,0.2287707205381855,0.0,0,0
52,1970-07-29,0.5912698412698413,0,0,1,0,gas,,,,,,,0,0
53,1970-08-03,0.6031746031746031,0,0,0,1,oil,,,,,,,0,0
54,1970-08-06,0.6150793650793651,0,1,0,1,"oil,silver",,,,1.1898519169212591,0.1738288598182263,0.0,0,0
55,1970-08-11,0.626984126984127,1,1,1,1,"gas,gold,oil,silver",32.17698107006071,3.4712513233057884,0.0,1.1940518026236056,0.1773523998111886,0.0,0,0
56,1970-08-14,0.6388888888888888,0,0,1,1,"gas,oil",,,,,,,0,0
57,1970-08-19,0.6507936507936508,0,1,1,1,"gas,oil,silver",,,,1.1927206640038273,0.1762369698517722,0.0,0,0
58,1970-08-21,0.6587301587301587,0,0,0,1,oil,,,,,,,0,0
59,1970-08-26,0.6706349206349206,1,0,0,0,gold,31.73689947146604,3.457480025117743,0.0,,,,0,0
60,1970-08-31,0.6825396825396826,0,1,1,1,"gas,oil,silver",,,,1.1861109658166784,0.1706798592819842,0.0,0,0
61,1970-09-03,0.6944444444444444,1,0,0,1,"gold,oil",34.09878305452081,3.529261696101946,0.0,,,,0,0
62,1970-09-08,0.7063492063492064,0,0,1,1,"gas,oil",,,,,,,0,0
63,1970-09-11,0.7182539682539683,0,0,1,0,gas,,,,,,,0,0
64,1970-09-16,0.7301587301587301,0,0,1,0,gas,,,,,,,0,0
65,1970-09-21,0.7420634920634921,1,0,0,0,gold,32.59057848077646,3.4840232429458933,0.0,,,,0,0
66,1970-09-23,0.75,0,1,1,0,"gas,silver",,,,1.1237621176779058,0.1166820899961932,0.0,0,0
67,1970-09-28,0.7619047619047619,0,0,0,1,oil,,,,,,,0,0
68,1970-10-01,0.7738095238095238,0,0,0,1,oil,,,,,,,0,0
69,1970-10-06,0.7857142857142857,1,0,0,0,gold,33.266584150933234,3.504553414213364,0.0,,,,0,0
70,1970-10-09,0.7976190476190477,0,0,1,0,gas,,,,,,,0,0
71,1970-10-14,0.8095238095238095,1,0,0,0,gold,32.27487698828781,3.47428912536333,0.0,,,,0,0
72,1970-10-19,0.8214285714285714,0,1,0,0,silver,,,,1.0005283254691817,0.000528185954418,0.0,0,0
73,1970-10-22,0.8333333333333334,1,1,1,1,"gas,gold,oil,silver",32.75467833525732,3.4890458018107022,0.0,0.9736972041256629,-0.0266549023934943,0.0,0,0
74,1970-10-26,0.8412698412698413,0,0,0,1,oil,,,,,,,0,0
75,1970-10-29,0.8531746031746031,0,1,1,0,"gas,silver",,,,0.946566678671536,-0.0549138631949153,0.0,0,0
76,1970-11-03,0.8650793650793651,0,1,1,0,"gas,silver",,,,0.9360892850982904,-0.0660444169916115,0.0,0,0
77,1970-11-06,0.876984126984127,1,1,1,1,"gas,gold,oil,silver",33.06888763007979,3.498592889599419,0.0,0.8994596591170823,-0.1059610747161197,0.0,0,0
78,1970-11-11,0.8888888888888888,1,0,0,0,gold,33.33567060870434,3.506628013122941,0.0,,,,0,0
79,1970-11-16,0.9007936507936508,0,0,0,1,oil,,,,,,,0,0
80,1970-11-19,0.9126984126984128,1,0,0,1,"gold,oil",32.96795679565434,3.49553608354228,0.0,,,,0,0
81,1970-11-23,0.9206349206349206,0,1,1,1,"gas,oil,silver",,,,0.8708562218178031,-0.1382783882954411,0.0,0,0
82,1970-11-26,0.9325396825396826,0,0,0,1,oil,,,,,,,0,0
83,1970-12-01,0.9444444444444444,1,0,0,0,gold,31.934903837846026,3.46369957582524,0.0,,,,0,0
84,1970-12-04,0.9563492063492064,1,0,0,1,"gold,oil",31.98438913360861,3.4652479441925563,0.0,,,,0,0
85,1970-12-09,0.9682539682539684,0,1,1,0,"gas,silver",,,,0.7803955058692338,-0.2479544290026665,0.0,0,0
86,1970-12-14,0.98015873015873,0,0,1,0,gas,,,,,,,0,0
87,1970-12-17,0.992063492063492,1,0,1,1,"gas,gold,oil",33.0191838459324,3.497088721225047,0.0,,,,0,0
88,1970-12-22,1.003968253968254,0,1,0,0,silver,,,,0.7690618189374205,-0.2625839239722271,0.0,0,0
89,1970-12-24,1.011904761904762,0,1,0,1,"oil,silver",,,,0.7612584118181569,-0.2727824100116501,0.0,0,0
90,1970-12-29,1.0238095238095235,0,1,0,0,silver,,,,0.7834154021291674,-0.2440921973243636,0.0,0,0
91,1971-01-01,1.0357142857142858,1,1,1,1,"gas,gold,oil,silver",33.459474342429424,3.510334985406267,0.0,0.7901885600160204,-0.2354836784368772,0.0,0,0
92,1971-01-06,1.0476190476190477,1,0,0,0,gold,33.803302417703975,3.520558502381981,0.0,,,,0,0
93,1971-01-11,1.0595238095238095,1,1,0,0,"gold,silver",33.388350355480505,3.508207047388583,0.0,0.7979270885782409,-0.2257380534030505,0.0,0,0
94,1971-01-14,1.0714285714285714,0,1,0,0,silver,,,,0.7347130882997931,-0.3082752120327614,0.0,0,0
95,1971-01-19,1.0833333333333333,0,0,1,1,"gas,oil",,,,,,,0,0
96,1971-01-22,1.0952380952380951,0,1,1,1,"gas,oil,silver",,,,0.7675676894019746,-0.2645286087491519,0.0,0,0
97,1971-01-26,1.1031746031746033,0,1,0,0,silver,,,,0.7711884311327032,-0.259822536922926,0.0,0,0
98,1971-01-29,1.1150793650793651,0,0,1,0,gas,,,,,,,0,0
99,1971-02-03,1.126984126984127,1,0,0,0,gold,32.811550339390884,3.4907805978954025,0.0,,,,0,0
100,1971-02-08,1.1388888888888888,0,0,0,1,oil,,,,,,,0,0
101,1971-02-11,1.1507936507936507,0,1,0,0,silver,,,,0.8141296682159128,-0.2056356281035597,0.0,0,0
102,1971-02-16,1.1626984126984128,1,0,0,1,"gold,oil",33.42882601627988,3.509418582145008,0.0,,,,0,0
103,1971-02-19,1.1746031746031746,0,1,1,0,"gas,silver",,,,0.808628266111725,-0.2124159655329618,0.0,0,0
104,1971-02-24,1.1865079365079363,1,0,0,1,"gold,oil",34.5524381006689,3.542478115037061,0.0,,,,0,0
105,1971-02-26,1.1944444444444444,1,0,0,0,gold,34.76800693527282,3.5486976229869263,0.0,,,,0,0
106,1971-03-03,1.2063492063492065,0,1,0,0,silver,,,,0.8366444253203682,-0.1783561191601873,0.0,0,0
107,1971-03-08,1.218253968253968,0,0,0,1,oil,,,,,,,0,0
108,1971-03-11,1.2301587301587302,1,1,0,1,"gold,oil,silver",35.03666838687109,3.556395181264415,0.0,0.8295804468553901,-0.1868351917088652,0.0,0,0
109,1971-03-16,1.242063492063492,0,1,0,0,silver,,,,0.8221387689181584,-0.1958460795389901,0.0,0,0
110,1971-03-19,1.253968253968254,0,1,0,0,silver,,,,0.854162522575698,-0.1576337958340472,0.0,0,0
111,1971-03-24,1.2658730158730158,0,0,0,1,oil,,,,,,,0,0
112,1971-03-26,1.2738095238095235,0,0,1,1,"gas,oil",,,,,,,0,0
113,1971-03-31,1.2857142857142858,0,0,0,1,oil,,,,,,,0,0
114,1971-04-05,1.2976190476190477,1,0,0,0,gold,34.095913171345245,3.5291775287594374,0.0,,,,0,0
115,1971-04-08,1.3095238095238095,0,1,1,1,"gas,oil,silver",,,,0.8686545681798049,-0.1408097377142448,0.0,0,0
116,1971-04-13,1.3214285714285714,1,0,0,0,gold,34.04157165687131,3.527582473522742,0.0,,,,0,0
117,1971-04-16,1.3333333333333333,0,1,0,0,silver,,,,0.8117182374899404,-0.2086019972033511,0.0,0,0
118,1971-04-21,1.3452380952380951,0,1,0,1,"oil,silver",,,,0.8533844620435964,-0.1585451155142182,0.0,0,0
119,1971-04-26,1.3571428571428572,1,0,0,1,"gold,oil",34.10852973286753,3.5295474918037484,0.0,,,,0,0
120,1971-04-28,1.3650793650793651,1,0,0,0,gold,33.61585277220494,3.514997764399008,0.0,,,,0,0
121,1971-05-03,1.376984126984127,0,1,0,1,"oil,silver",,,,0.860920200131302,-0.1497534616240498,0.0,0,0
122,1971-05-06,1.3888888888888888,0,0,1,0,gas,,,,,,,0,0
123,1971-05-11,1.4007936507936507,1,0,0,0,gold,35.538331987723026,3.570611888246457,0.0,,,,0,0
124,1971-05-14,1.4126984126984128,1,0,0,0,gold,36.58640034996058,3.5996765962184845,0.0,,,,0,0
125,1971-05-19,1.4246031746031746,1,0,1,0,"gas,gold",35.91264213734262,3.5810893821769385,0.0,,,,0,0
126,1971-05-24,1.4365079365079363,0,1,0,0,silver,,,,0.842748163353469,-0.171087104219533,0.0,0,0
127,1971-05-27,1.4484126984126984,1,1,0,0,"gold,silver",34.86478759764935,3.5514773685175847,0.0,0.7911002439380135,-0.2343305886018906,0.0,0,0
128,1971-05-31,1.4563492063492065,1,0,0,0,gold,35.25697500021724,3.562663382030715,0.0,,,,0,0
129,1971-06-03,1.468253968253968,0,0,1,0,gas,,,,,,,0,0
130,1971-06-08,1.4801587301587302,0,1,0,0,silver,,,,0.8166641889430227,-0.2025272980633955,0.0,0,0
131,1971-06-11,1.492063492063492,0,1,1,0,"gas,silver",,,,0.7791611755349296,-0.2495373539540396,0.0,0,0
132,1971-06-16,1.503968253968254,0,0,0,1,oil,,,,,,,0,0
133,1971-06-21,1.5158730158730158,1,0,0,1,"gold,oil",35.78057389440358,3.577405117482505,0.0,,,,0,0
134,1971-06-24,1.5277777777777777,0,0,1,0,gas,,,,,,,0,0
135,1971-06-28,1.5357142857142858,0,1,1,0,"gas,silver",,,,0.7292967503158992,-0.315674564896709,0.0,0,0
136,1971-07-01,1.5476190476190477,0,0,1,0,gas,,,,,,,0,0
137,1971-07-06,1.5595238095238095,0,1,0,1,"oil,silver",,,,0.7143330417096984,-0.3364059804226257,0.0,0,0
138,1971-07-09,1.5714285714285714,0,0,0,1,oil,,,,,,,0,0
139,1971-07-14,1.5833333333333333,0,0,0,1,oil,,,,,,,0,0
140,1971-07-19,1.5952380952380951,0,1,1,1,"gas,oil,silver",,,,0.7600244229210569,-0.2744047107956486,0.0,0,0
141,1971-07-22,1.6071428571428572,0,0,1,0,gas,,,,,,,0,0
142,1971-07-27,1.619047619047619,0,1,0,0,silver,,,,0.8159005806268835,-0.2034627689078716,0.0,0,0
143,1971-07-29,1.626984126984127,0,0,1,0,gas,,,,,,,0,0
144,1971-08-03,1.6388888888888888,1,1,0,1,"gold,oil,silver",36.26831941436166,3.5909446168025347,0.0,0.7944814837109123,-0.2300655988642179,0.0,0,0
145,1971-08-06,1.6507936507936507,0,0,1,1,"gas,oil",,,,,,,0,0
146,1971-08-11,1.6626984126984128,0,0,0,1,oil,,,,,,,0,0
147,1971-08-16,1.6746031746031746,0,0,0,1,oil,,,,,,,0,0
148,1971-08-19,1.6865079365079363,0,1,0,1,"oil,silver",,,,0.860665862267279,-0.1500489308677064,0.0,0,0
149,1971-08-24,1.6984126984126984,0,1,0,0,silver,,,,0.8910904243399349,-0.1153093703083791,0.0,0,0
150,1971-08-27,1.7103174603174602,1,1,1,0,"gas,gold,silver",39.21025808754894,3.6689383984694928,0.0,0.8934715528939582,-0.1126407827250142,0.0,0,0
151,1971-08-31,1.718253968253968,0,0,1,0,gas,,,,,,,0,0
152,1971-09-03,1.7301587301587302,1,0,1,0,"gas,gold",39.29038031436897,3.670979713196948,0.0,,,,0,0
153,1971-09-08,1.742063492063492,0,1,1,1,"gas,oil,silver",,,,0.8902568502973628,-0.1162452620519869,0.0,0,0
154,1971-09-13,1.753968253968254,0,0,0,1,oil,,,,,,,0,0
155,1971-09-16,1.7658730158730158,1,0,0,0,gold,40.57692614186002,3.703199583422673,0.0,,,,0,0
156,1971-09-21,1.7777777777777777,0,1,1,0,"gas,silver",,,,0.9798571487672804,-0.0203484845064971,0.0,0,0
157,1971-09-24,1.7896825396825398,0,0,1,0,gas,,,,,,,0,0
158,1971-09-29,1.8015873015873016,1,1,1,1,"gas,gold,oil,silver",39.95253343462265,3.6876920853361135,0.0,0.9699430649752724,-0.0305179051091615,0.0,0,0
159,1971-10-01,1.809523809523809,1,0,0,0,gold,39.763596806079526,3.682951840626415,0.0,,,,0,0
160,1971-10-06,1.8214285714285716,0,1,1,1,"gas,oil,silver",,,,0.9717053875015832,-0.0287026197437748,0.0,0,0
161,1971-10-11,1.8333333333333333,0,1,0,1,"oil,silver",,,,0.9835889027188276,-0.0165472510148193,0.0,0,0
162,1971-10-14,1.8452380952380956,0,1,0,0,silver,,,,0.9856450948732124,-0.014458933522672,0.0,0,0
163,1971-10-19,1.8571428571428568,0,1,0,0,silver,,,,1.0346256877764664,0.0340397069823816,0.0,0,0
164,1971-10-22,1.869047619047619,0,0,0,1,oil,,,,,,,0,0
165,1971-10-27,1.880952380952381,0,1,0,0,silver,,,,0.9921879858026704,-0.0078426878332575,0.0,0,0
166,1971-10-29,1.8888888888888888,1,1,0,0,"gold,silver",41.94966984011065,3.73647056256307,0.0,0.969597332804772,-0.0308744144910314,0.0,0,0
167,1971-11-03,1.9007936507936507,1,0,1,1,"gas,gold,oil",41.07701522405575,3.715448724778398,0.0,,,,0,0
168,1971-11-08,1.9126984126984128,1,0,1,1,"gas,gold,oil",41.48485700680932,3.725328469245401,0.0,,,,0,0
169,1971-11-11,1.9246031746031744,0,1,0,0,silver,,,,0.9366414010325452,-0.0654547796728661,0.0,0,0
170,1971-11-16,1.9365079365079363,0,1,0,0,silver,,,,0.9580252056766742,-0.0428811906301803,0.0,0,0
171,1971-11-19,1.9484126984126984,1,1,1,1,"gas,gold,oil,silver",43.40923286315247,3.770672157262988,0.0,0.9543856468628876,-0.0466874472229918,0.0,0,0
172,1971-11-24,1.96031746031746,1,0,0,0,gold,44.00951417294374,3.784405841746931,0.0,,,,0,0
173,1971-11-29,1.9722222222222223,0,0,1,1,"gas,oil",,,,,,,0,0
174,1971-12-01,1.9801587301587305,0,0,0,1,oil,,,,,,,0,0
175,1971-12-06,1.992063492063492,0,1,1,1,"gas,oil,silver",,,,0.9551801778264458,-0.0458552884158581,0.0,0,0
176,1971-12-09,2.003968253968254,0,0,1,0,gas,,,,,,,0,0
177,1971-12-14,2.015873015873016,0,0,1,0,gas,,,,,,,0,0
178,1971-12-17,2.0277777777777777,0,0,0,1,oil,,,,,,,0,0
179,1971-12-22,2.0396825396825395,1,0,1,1,"gas,gold,oil",45.034104463234016,3.807420079687352,0.0,,,,0,0
180,1971-12-27,2.0515873015873014,0,0,0,1,oil,,,,,,,0,0
181,1971-12-30,2.063492063492064,1,1,0,1,"gold,oil,silver",46.83156298635795,3.846557398388182,0.0,0.9495450034311392,-0.0517723528744414,0.0,0,0
182,1972-01-03,2.071428571428572,0,1,0,0,silver,,,,0.9230269352073754,-0.0800968626652347,0.0,0,0
183,1972-01-06,2.083333333333333,0,0,0,1,oil,,,,,,,0,0
184,1972-01-11,2.095238095238096,0,0,1,0,gas,,,,,,,0,0
185,1972-01-14,2.107142857142857,1,0,0,0,gold,46.94227642915171,3.848918685820278,0.0,,,,0,0
186,1972-01-19,2.119047619047619,0,0,1,0,gas,,,,,,,0,0
187,1972-01-24,2.130952380952381,0,1,0,0,silver,,,,0.8973191663714275,-0.1083436648578496,0.0,0,0
188,1972-01-27,2.142857142857143,1,1,1,0,"gas,gold,silver",47.72354485897197,3.865424879025909,0.0,0.966043458177828,-0.0345464580198112,0.0,0,0
189,1972-01-31,2.1507936507936507,1,0,1,1,"gas,gold,oil",47.48770320326384,3.860470797594114,0.0,,,,0,0
190,1972-02-03,2.162698412698413,1,1,1,0,"gas,gold,silver",48.57073924067827,3.8830212763505023,0.0,0.9609684227472252,-0.0398137292954872,0.0,0,0
191,1972-02-08,2.1746031746031744,1,1,0,1,"gold,oil,silver",47.80140629950113,3.867055059556292,0.0,0.9312178852083184,-0.0712619955653554,0.0,0,0
192,1972-02-11,2.1865079365079363,0,1,0,0,silver,,,,0.9274887788899896,-0.0752745828055483,0.0,0,0
193,1972-02-16,2.1984126984126986,0,0,1,1,"gas,oil",,,,,,,0,0
194,1972-02-21,2.2103174603174605,0,0,1,1,"gas,oil",,,,,,,0,0
195,1972-02-24,2.2222222222222223,1,0,0,1,"gold,oil",46.66639567503899,3.843024326960884,0.0,,,,0,0
196,1972-02-29,2.234126984126984,0,0,1,0,gas,,,,,,,0,0
197,1972-03-02,2.242063492063492,0,0,1,0,gas,,,,,,,0,0
198,1972-03-07,2.253968253968254,1,0,0,0,gold,46.27346990732917,3.834568792701208,0.0,,,,0,0
199,1972-03-10,2.265873015873016,1,1,0,0,"gold,silver",46.6813092690177,3.8433438547760463,0.0,0.8589740359529459,-0.1520165833534758,0.0,0,0
200,1972-03-15,2.2777777777777777,0,1,0,0,silver,,,,0.8721713223958246,-0.1367694037335719,0.0,0,0
201,1972-03-20,2.2896825396825395,0,0,0,1,oil,,,,,,,0,0
202,1972-03-23,2.3015873015873014,0,1,0,0,silver,,,,0.8426703149679066,-0.1711794829214626,0.0,0,0
203,1972-03-28,2.313492063492064,1,0,1,0,"gas,gold",47.960966540261126,3.870387483005892,0.0,,,,0,0
204,1972-03-31,2.3253968253968256,1,0,0,0,gold,47.861089650845805,3.868302849685445,0.0,,,,0,0
205,1972-04-04,2.333333333333333,1,0,0,0,gold,47.76789853789466,3.866353835182284,0.0,,,,0,0
206,1972-04-07,2.345238095238096,1,0,0,0,gold,48.09835652976117,3.8732480087475514,0.0,,,,0,0
207,1972-04-12,2.357142857142857,0,1,0,0,silver,,,,0.90918663401574,-0.0952048879303948,0.0,0,0
208,1972-04-17,2.369047619047619,1,1,0,0,"gold,silver",47.31071620401488,3.856736828061865,0.0,0.8974785131289451,-0.1081660997096924,0.0,0,0
209,1972-04-20,2.380952380952381,0,1,0,0,silver,,,,0.8873938692085228,-0.1194663487736984,0.0,0,0
210,1972-04-25,2.392857142857143,0,1,0,0,silver,,,,0.9146168168121224,-0.0892500808595181,0.0,0,0
211,1972-04-28,2.4047619047619047,1,1,0,1,"gold,oil,silver",47.25543870258913,3.855567752132402,0.0,0.940890989856973,-0.0609279911052107,0.0,0,0
212,1972-05-03,2.4166666666666665,0,1,0,0,silver,,,,1.0096198343900826,0.0095738584023294,0.0,0,0
213,1972-05-05,2.4246031746031744,1,1,0,0,"gold,silver",48.26577621007884,3.8767227424271153,0.0,0.965603483889454,-0.0350020012005043,0.0,0,0
214,1972-05-10,2.4365079365079363,0,0,1,1,"gas,oil",,,,,,,0,0
215,1972-05-15,2.4484126984126986,1,0,0,0,gold,50.3287019226346,3.918575529131101,0.0,,,,0,0
216,1972-05-18,2.4603174603174605,0,0,1,1,"gas,oil",,,,,,,0,0
217,1972-05-23,2.4722222222222223,1,1,1,1,"gas,gold,oil,silver",50.3280930845934,3.9185634318247806,0.0,1.039467109806551,0.0387081874176244,0.0,0,0
218,1972-05-26,2.484126984126984,0,1,0,0,silver,,,,1.0330810376204504,0.032545635870284,0.0,0,0
219,1972-05-31,2.496031746031746,1,0,0,0,gold,51.80498844599632,3.947486446674954,0.0,,,,0,0
220,1972-06-02,2.503968253968254,0,1,1,1,"gas,oil,silver",,,,1.0979673503622978,0.0934606070917657,0.0,0,0
221,1972-06-07,2.515873015873016,1,0,0,0,gold,51.95515287970104,3.950380901840961,0.0,,,,0,0
222,1972-06-12,2.5277777777777777,0,0,1,1,"gas,oil",,,,,,,0,0
223,1972-06-15,2.5396825396825395,0,0,0,1,oil,,,,,,,0,0
224,1972-06-20,2.5515873015873014,0,0,0,1,oil,,,,,,,0,0
225,1972-06-23,2.563492063492064,0,0,0,1,oil,,,,,,,0,0
226,1972-06-28,2.5753968253968256,0,1,1,0,"gas,silver",,,,0.9810678698055058,-0.0191136375025524,0.0,0,0
227,1972-07-03,2.5873015873015874,0,1,0,0,silver,,,,0.9826390629300732,-0.0175134053766071,0.0,0,0
228,1972-07-05,2.595238095238096,0,1,0,0,silver,,,,0.9533036700720944,-0.0478217796294316,0.0,0,0
229,1972-07-10,2.607142857142857,0,1,1,1,"gas,oil,silver",,,,0.9843631552341828,-0.0157603898185065,0.0,0,0
230,1972-07-13,2.619047619047619,0,1,0,0,silver,,,,1.017366168066761,0.0172170995282461,0.0,0,0
231,1972-07-18,2.630952380952381,0,1,1,0,"gas,silver",,,,1.0491040076320786,0.047936473814805,0.0,0,0
232,1972-07-21,2.642857142857143,0,0,0,1,oil,,,,,,,0,0
233,1972-07-26,2.6547619047619047,1,0,1,0,"gas,gold",55.46532228038032,4.015758001691732,0.0,,,,0,0
234,1972-07-31,2.6666666666666665,1,0,0,0,gold,56.13682610266941,4.027792033936003,0.0,,,,0,0
235,1972-08-03,2.6785714285714284,0,1,0,0,silver,,,,1.0724195773273446,0.069917382833461,0.0,0,0
236,1972-08-07,2.6865079365079363,0,1,1,0,"gas,silver",,,,1.0372486616596808,0.0365716899525249,0.0,0,0
237,1972-08-10,2.6984126984126986,0,0,1,0,gas,,,,,,,0,0
238,1972-08-15,2.7103174603174605,0,1,0,0,silver,,,,1.088600936965123,0.0848933277241171,0.0,0,0
239,1972-08-18,2.7222222222222223,0,1,0,0,silver,,,,1.029206682948162,0.0287882947469294,0.0,0,0
240,1972-08-23,2.734126984126984,0,1,0,0,silver,,,,1.0001534986346772,0.000153486854967,0.0,0,0
241,1972-08-28,2.746031746031746,0,1,1,1,"gas,oil,silver",,,,1.0386492101056506,0.0379210324972811,0.0,0,0
242,1972-08-31,2.757936507936508,0,0,0,1,oil,,,,,,,0,0
243,1972-09-04,2.765873015873016,0,1,1,1,"gas,oil,silver",,,,1.0118170150481602,0.0117477393464381,0.0,0,0
244,1972-09-07,2.7777777777777777,1,0,1,0,"gas,gold",56.61736654946138,4.036315767642378,0.0,,,,0,0
245,1972-09-12,2.7896825396825395,0,0,1,0,gas,,,,,,,0,0
246,1972-09-15,2.8015873015873014,0,0,1,0,gas,,,,,,,0,0
247,1972-09-20,2.813492063492064,1,1,0,0,"gold,silver",55.000704438910574,4.007345993130642,0.0,1.0217034652829426,0.0214712982929017,0.0,0,0
248,1972-09-25,2.8253968253968256,0,0,0,1,oil,,,,,,,0,0
249,1972-09-28,2.8373015873015874,1,1,0,0,"gold,silver",55.07161027197853,4.008634343304106,0.0,1.021401001757211,0.0211752159996851,0.0,0,0
250,1972-10-03,2.8492063492063493,1,0,0,1,"gold,oil",55.172406392882905,4.010462944112392,0.0,,,,0,0
251,1972-10-05,2.857142857142857,1,0,0,1,"gold,oil",56.58146993230278,4.0356815452514505,0.0,,,,0,0
252,1972-10-10,2.869047619047619,0,1,1,1,"gas,oil,silver",,,,1.181999036387998,0.1672071037449937,0.0,0,0
253,1972-10-13,2.880952380952381,1,0,0,0,gold,58.101765897028926,4.062196057492858,0.0,,,,0,0
254,1972-10-18,2.892857142857143,1,0,0,0,gold,60.06950990654309,4.095502390122996,0.0,,,,0,0
255,1972-10-23,2.9047619047619047,1,0,0,0,gold,60.78658571911007,4.107369135009926,0.0,,,,0,0
256,1972-10-26,2.9166666666666665,0,0,1,1,"gas,oil",,,,,,,0,0
257,1972-10-31,2.9285714285714284,0,1,0,0,silver,,,,1.2581925615209812,0.2296762161358244,0.0,0,0
258,1972-11-03,2.9404761904761907,0,1,0,0,silver,,,,1.2883035866886008,0.2533263038591269,0.0,0,0
259,1972-11-07,2.9484126984126986,1,0,0,0,gold,60.63696472727265,4.104904686111596,0.0,,,,0,0
260,1972-11-10,2.9603174603174605,0,1,0,0,silver,,,,1.250112642750994,0.2232336614549641,0.0,0,0
261,1972-11-15,2.9722222222222223,0,1,0,1,"oil,silver",,,,1.2787448852777417,0.2458790384928978,0.0,0,0
262,1972-11-20,2.984126984126984,0,1,0,0,silver,,,,1.2789142632658714,0.2460114861558116,0.0,0,0
263,1972-11-23,2.996031746031746,1,0,0,0,gold,61.35459972381094,4.116670143469669,0.0,,,,0,0
264,1972-11-28,3.007936507936508,0,0,0,1,oil,,,,,,,0,0
265,1972-12-01,3.0198412698412698,1,0,1,0,"gas,gold",62.701895690218606,4.138391681475586,0.0,,,,0,0
266,1972-12-06,3.031746031746032,1,0,0,1,"gold,oil",61.81168313361444,4.124092394065913,0.0,,,,0,0
267,1972-12-08,3.0396825396825395,0,1,1,1,"gas,oil,silver",,,,1.2385074333877433,0.2139069718571972,0.0,0,0
268,1972-12-13,3.0515873015873014,1,0,1,0,"gas,gold",59.2232128431089,4.081313573871679,0.0,,,,0,0
269,1972-12-18,3.063492063492064,0,1,0,1,"oil,silver",,,,1.2113107242842025,0.1917030165341625,0.0,0,0
270,1972-12-21,3.0753968253968256,0,1,0,1,"oil,silver",,,,1.1479656525776416,0.1379913780923266,0.0,0,0
271,1972-12-26,3.0873015873015874,0,1,0,0,silver,,,,1.1254602473252264,0.1181920607277572,0.0,0,0
272,1972-12-29,3.0992063492063493,1,0,0,0,gold,57.80277081577123,4.057036712518465,0.0,,,,0,0
273,1973-01-03,3.111111111111111,1,0,0,1,"gold,oil",57.703334623539696,4.055314964279832,0.0,,,,0,0
274,1973-01-05,3.119047619047619,1,0,0,0,gold,56.85005637756039,4.04041721188577,0.0,,,,0,0
275,1973-01-10,3.130952380952381,1,0,0,1,"gold,oil",56.06057274568822,4.026432762339612,0.0,,,,0,0
276,1973-01-15,3.142857142857143,1,0,0,0,gold,58.49942182240802,4.069016870811329,0.0,,,,0,0
277,1973-01-18,3.1547619047619047,1,0,1,1,"gas,gold,oil",58.69444803261848,4.072345140293057,0.0,,,,0,0
278,1973-01-23,3.1666666666666665,0,1,0,0,silver,,,,1.1410622318904995,0.1319596109267835,0.0,0,0
279,1973-01-26,3.1785714285714284,0,0,0,1,oil,,,,,,,0,0
280,1973-01-31,3.1904761904761907,0,1,0,1,"oil,silver",,,,1.132311528020764,0.1242611433517937,0.0,0,0
281,1973-02-05,3.202380952380953,0,1,0,0,silver,,,,1.0657533220275714,0.0636818937379131,0.0,0,0
282,1973-02-07,3.2103174603174605,0,0,0,1,oil,,,,,,,0,0
283,1973-02-12,3.2222222222222223,0,1,0,0,silver,,,,0.981986365978686,-0.0181778546561454,0.0,0,0
284,1973-02-15,3.234126984126984,0,0,0,1,oil,,,,,,,0,0
285,1973-02-20,3.246031746031746,0,0,0,1,oil,,,,,,,0,0
286,1973-02-23,3.257936507936508,1,0,0,1,"gold,oil",54.6042244918425,4.000111251403295,0.0,,,,0,0
287,1973-02-28,3.2698412698412698,0,0,1,0,gas,,,,,,,0,0
288,1973-03-05,3.281746031746032,0,0,0,1,oil,,,,,,,0,0
289,1973-03-08,3.293650793650793,0,0,0,1,oil,,,,,,,0,0
290,1973-03-12,3.3015873015873014,1,0,0,0,gold,55.67940044079511,4.019610248022699,0.0,,,,0,0
291,1973-03-15,3.313492063492064,1,0,1,0,"gas,gold",56.22699663228664,4.029397008682833,0.0,,,,0,0
292,1973-03-20,3.3253968253968256,0,1,0,1,"oil,silver",,,,0.9688075672498488,-0.0316892758222232,0.0,0,0
293,1973-03-23,3.3373015873015874,1,0,1,0,"gas,gold",57.11557103094259,4.045076777051411,0.0,,,,0,0
294,1973-03-28,3.3492063492063493,0,1,0,0,silver,,,,0.953535546097056,-0.0475785750381495,0.0,0,0
295,1973-04-02,3.361111111111111,0,1,0,1,"oil,silver",,,,1.0181309550106596,0.0179685493546456,0.0,0,0
296,1973-04-05,3.373015873015873,0,0,0,1,oil,,,,,,,0,0
297,1973-04-09,3.380952380952381,1,0,0,0,gold,58.07830134914132,4.061792123345412,0.0,,,,0,0
298,1973-04-12,3.392857142857143,1,1,0,0,"gold,silver",58.06694444559142,4.061596559532044,0.0,1.008426605934159,0.0083913002895564,0.0,0,0
299,1973-04-17,3.4047619047619047,1,0,0,0,gold,58.69360517484998,4.072330780096333,0.0,,,,0,0
300,1973-04-20,3.4166666666666665,0,0,1,0,gas,,,,,,,0,0
301,1973-04-25,3.4285714285714284,0,1,0,0,silver,,,,0.9280743568887536,-0.074643423448141,0.0,0,0
302,1973-04-30,3.4404761904761907,0,0,1,0,gas,,,,,,,0,0
303,1973-05-03,3.452380952380953,0,1,1,1,"gas,oil,silver",,,,0.9185404870504912,-0.0849692957660507,0.0,0,0
304,1973-05-08,3.4642857142857144,1,0,0,0,gold,54.9395141279867,4.006232836943761,0.0,,,,0,0
305,1973-05-10,3.4722222222222223,0,0,1,1,"gas,oil",,,,,,,0,0
306,1973-05-15,3.484126984126984,0,0,1,0,gas,,,,,,,0,0
307,1973-05-18,3.496031746031746,0,0,1,0,gas,,,,,,,0,0
308,1973-05-23,3.507936507936508,1,1,1,1,"gas,gold,oil,silver",54.8113619088933,4.003897506567117,0.0,0.9226420322860266,-0.0805139503810795,0.0,0,0
309,1973-05-28,3.5198412698412698,1,0,0,0,gold,53.35130191252565,3.9768983806838536,0.0,,,,0,0
310,1973-05-31,3.531746031746032,0,0,1,0,gas,,,,,,,0,0
311,1973-06-05,3.543650793650793,0,1,1,0,"gas,silver",,,,0.9608924377002284,-0.0398928037473378,0.0,0,0
312,1973-06-08,3.555555555555556,1,1,1,0,"gas,gold,silver",55.931434267738446,4.02412655248357,0.0,0.9875954897067885,-0.0124820884445986,0.0,0,0
313,1973-06-12,3.563492063492064,1,0,0,0,gold,57.51154087273813,4.051985638493809,0.0,,,,0,0
314,1973-06-15,3.5753968253968256,1,0,0,1,"gold,oil",56.840967704463175,4.040257328144904,0.0,,,,0,0
315,1973-06-20,3.5873015873015874,0,0,0,1,oil,,,,,,,0,0
316,1973-06-25,3.5992063492063493,1,0,0,0,gold,59.76748110040244,4.090461718739186,0.0,,,,0,0
317,1973-06-28,3.611111111111111,0,0,0,1,oil,,,,,,,0,0
318,1973-07-03,3.623015873015873,0,0,1,1,"gas,oil",,,,,,,0,0
319,1973-07-06,3.634920634920635,0,1,0,1,"oil,silver",,,,1.1225518286803855,0.1156045121121267,0.0,0,0
320,1973-07-11,3.6468253968253967,0,0,1,0,gas,,,,,,,0,0
321,1973-07-13,3.6547619047619047,0,0,0,1,oil,,,,,,,0,0
322,1973-07-18,3.6666666666666665,0,1,0,0,silver,,,,1.1645937759775369,0.1523723360630816,0.0,0,0
323,1973-07-23,3.678571428571429,0,1,0,0,silver,,,,1.2254304388833346,0.2032921609579323,0.0,0,0
324,1973-07-26,3.690476190476191,0,1,0,1,"oil,silver",,,,1.266258703970601,0.2360666503739931,0.0,0,0
325,1973-07-31,3.702380952380953,0,1,0,0,silver,,,,1.2528435326207483,0.22541579391119,0.0,0,0
326,1973-08-03,3.7142857142857135,0,0,0,1,oil,,,,,,,0,0
327,1973-08-08,3.726190476190476,0,0,0,1,oil,,,,,,,0,0
328,1973-08-10,3.734126984126984,1,1,1,0,"gas,gold,silver",63.93049982724378,4.157796553100079,0.0,1.1860206498282808,0.1706037117462863,0.0,0,0
329,1973-08-15,3.746031746031746,0,0,0,1,oil,,,,,,,0,0
330,1973-08-20,3.757936507936508,0,0,0,1,oil,,,,,,,0,0
331,1973-08-23,3.7698412698412698,0,0,1,0,gas,,,,,,,0,0
332,1973-08-28,3.781746031746032,0,1,0,0,silver,,,,1.1306025004039544,0.1227506768291838,0.0,0,0
333,1973-08-31,3.7936507936507935,0,0,1,0,gas,,,,,,,0,0
334,1973-09-05,3.8055555555555554,1,1,0,0,"gold,silver",65.07654831416387,4.1755642433623015,0.0,1.2187555092546334,0.197830263733761,0.0,0,0
335,1973-09-10,3.8174603174603177,0,1,1,0,"gas,silver",,,,1.2256378391126566,0.203461393477221,0.0,0,0
336,1973-09-12,3.8253968253968256,0,1,1,1,"gas,oil,silver",,,,1.1913524062515497,0.1750891376652726,0.0,0,0
337,1973-09-17,3.837301587301587,0,0,1,0,gas,,,,,,,0,0
338,1973-09-20,3.849206349206349,1,1,0,1,"gold,oil,silver",62.41719303560944,4.133840766840941,0.0,1.122190520666947,0.115282597201345,0.0,0,0
339,1973-09-25,3.861111111111111,0,1,0,1,"oil,silver",,,,1.0943805324304403,0.0901884793785562,0.0,0,0
340,1973-09-28,3.873015873015873,0,1,1,0,"gas,silver",,,,1.1070113665135726,0.1016639215270582,0.0,0,0
341,1973-10-03,3.884920634920635,1,0,1,0,"gas,gold",64.25540874084217,4.1628659029690045,0.0,,,,0,0
342,1973-10-08,3.8968253968253967,1,0,0,0,gold,64.45638583580612,4.165988806490957,0.0,,,,0,0
343,1973-10-11,3.908730158730159,0,1,0,0,silver,,,,1.102889736553128,0.0979337684140811,0.0,0,0
344,1973-10-15,3.9166666666666665,1,1,0,0,"gold,silver",64.23596324744778,4.162563229050251,0.0,1.128621119640825,0.1209966395098579,0.0,0,0
345,1973-10-18,3.928571428571429,0,1,1,0,"gas,silver",,,,1.115276741707801,0.1091025729569221,0.0,0,0
346,1973-10-23,3.940476190476191,0,0,0,1,oil,,,,,,,0,0
347,1973-10-26,3.952380952380953,0,0,1,0,gas,,,,,,,0,0
348,1973-10-31,3.9642857142857135,1,0,0,1,"gold,oil",66.92709898025487,4.203603952086136,0.0,,,,0,0
349,1973-11-05,3.976190476190476,0,1,0,1,"oil,silver",,,,1.12717874400241,0.1197178240810343,0.0,0,0
350,1973-11-08,3.988095238095238,1,0,1,1,"gas,gold,oil",65.32812085148137,4.179422584494095,0.0,,,,0,0
351,1973-11-12,3.996031746031746,1,1,1,0,"gas,gold,silver",65.7458624606528,4.185796740722712,0.0,1.139708076878818,0.1307721567008197,0.0,0,0
352,1973-11-15,4.007936507936508,0,0,0,1,oil,,,,,,,0,0
353,1973-11-20,4.01984126984127,1,0,1,0,"gas,gold",64.15747370300006,4.161340587829804,0.0,,,,0,0
354,1973-11-23,4.031746031746032,0,0,1,0,gas,,,,,,,0,0
355,1973-11-28,4.0436507936507935,0,1,0,0,silver,,,,1.2103371082208754,0.1908989226417993,0.0,0,0
356,1973-12-03,4.055555555555555,1,0,1,0,"gas,gold",68.70263804997062,4.22978759805395,0.0,,,,0,0
357,1973-12-06,4.067460317460317,1,1,0,0,"gold,silver",69.81493211233472,4.245847913999998,0.0,1.2690876409067635,0.2382982493158063,0.0,0,0
358,1973-12-11,4.079365079365079,0,0,0,1,oil,,,,,,,0,0
359,1973-12-13,4.087301587301587,0,0,0,1,oil,,,,,,,0,0
360,1973-12-18,4.099206349206349,0,0,1,1,"gas,oil",,,,,,,0,0
361,1973-12-21,4.111111111111111,0,0,1,0,gas,,,,,,,0,0
362,1973-12-26,4.123015873015873,1,0,0,0,gold,70.1987819519101,4.251330959768842,0.0,,,,0,0
363,1973-12-31,4.134920634920635,1,1,0,1,"gold,oil,silver",71.80994768249363,4.274023013567353,0.0,1.3353827541954586,0.2892179580220556,0.0,0,0
364,1974-01-03,4.146825396825397,0,0,1,0,gas,,,,,,,0,0
365,1974-01-08,4.158730158730159,1,0,0,0,gold,74.36453262420143,4.308979116135434,0.0,,,,0,0
366,1974-01-11,4.170634920634921,0,0,1,0,gas,,,,,,,0,0
367,1974-01-15,4.178571428571429,0,1,0,0,silver,,,,1.3021044016152428,0.2639817261440694,0.0,0,0
368,1974-01-18,4.190476190476191,0,0,1,1,"gas,oil",,,,,,,0,0
369,1974-01-23,4.2023809523809526,0,1,0,1,"oil,silver",,,,1.225047053652254,0.2029792544036982,0.0,0,0
370,1974-01-28,4.214285714285714,0,1,0,0,silver,,,,1.2422058995528362,0.2168887504095499,0.0,0,0
371,1974-01-31,4.226190476190476,0,1,0,0,silver,,,,1.1904561652435877,0.1743365658079134,0.0,0,0
372,1974-02-05,4.238095238095238,1,1,1,0,"gas,gold,silver",68.10495178859895,4.2210499240009405,0.0,1.1837035447048203,0.168648120570524,0.0,0,0
373,1974-02-08,4.25,0,0,1,1,"gas,oil",,,,,,,0,0
374,1974-02-13,4.261904761904762,1,0,1,0,"gas,gold",66.7918646106303,4.201581285859915,0.0,,,,0,0
375,1974-02-15,4.26984126984127,1,1,0,0,"gold,silver",67.40277365652167,4.210686169245446,0.0,1.1596094039475928,0.1480832276802837,0.0,0,0
376,1974-02-20,4.281746031746032,0,0,0,1,oil,,,,,,,0,0
377,1974-02-25,4.2936507936507935,1,0,0,1,"gold,oil",68.26448100085771,4.223389587395703,0.0,,,,0,0
378,1974-02-28,4.305555555555555,1,0,1,1,"gas,gold,oil",69.03366010126973,4.234594213202715,0.0,,,,0,0
379,1974-03-05,4.317460317460317,1,0,0,0,gold,69.4335798891855,4.240370610564939,0.0,,,,0,0
380,1974-03-08,4.329365079365079,1,1,0,1,"gold,oil,silver",69.5552227532111,4.242121009054189,0.0,1.22569589187318,0.2035087577016843,0.0,0,0
381,1974-03-13,4.341269841269841,0,0,0,1,oil,,,,,,,0,0
382,1974-03-15,4.349206349206349,0,1,0,1,"oil,silver",,,,1.2512263180500138,0.2241241248348268,0.0,0,0
383,1974-03-20,4.361111111111111,0,0,0,1,oil,,,,,,,0,0
384,1974-03-25,4.373015873015873,1,1,0,0,"gold,silver",70.98673169110808,4.262492981987496,0.0,1.2546530116936712,0.226859049648566,0.0,0,0
385,1974-03-28,4.384920634920635,0,0,1,0,gas,,,,,,,0,0
386,1974-04-02,4.396825396825397,1,0,0,0,gold,71.27684938412806,4.26657158162631,0.0,,,,0,0
387,1974-04-05,4.408730158730159,0,0,1,1,"gas,oil",,,,,,,0,0
388,1974-04-10,4.420634920634921,0,1,0,0,silver,,,,1.2323262248171925,0.2089036229309809,0.0,0,0
389,1974-04-15,4.432539682539683,0,0,1,1,"gas,oil",,,,,,,0,0
390,1974-04-17,4.440476190476191,0,0,1,0,gas,,,,,,,0,0
391,1974-04-23,4.4563492063492065,1,0,0,0,gold,81.06233961412255,4.3952184835288,0.0,,,,1,1
392,1974-04-26,4.468253968253968,1,0,1,0,"gas,gold",80.7064928350594,4.390819028483811,0.0,,,,1,1
393,1974-05-02,4.484126984126984,1,0,0,0,gold,79.6326385123313,4.377424040372319,0.0,,,,1,1
394,1974-05-06,4.492063492063492,1,1,1,0,"gas,gold,silver",79.76255476745456,4.379054155825849,0.0,,,,1,1
395,1974-05-07,4.496031746031746,1,0,0,0,gold,81.10112408401298,4.395696821494029,0.0,,,,1,1
396,1974-05-17,4.527777777777778,1,1,0,0,"gold,silver",79.92995117408606,4.381150640779316,0.0,,,,1,1
397,1974-05-23,4.5436507936507935,1,0,1,0,"gas,gold",82.22233448626285,4.409426974234531,0.0,,,,1,1
398,1974-05-24,4.5476190476190474,1,0,0,0,gold,79.43671394478544,4.374960653634441,0.0,,,,1,1
399,1974-05-27,4.551587301587301,1,0,0,0,gold,79.30029709880618,4.373241875150886,0.0,,,,1,1
400,1974-05-28,4.555555555555555,1,0,0,1,"gold,oil",79.79085005940038,4.379408836971929,0.0,,,,1,1
401,1974-05-29,4.559523809523809,1,1,1,0,"gas,gold,silver",79.96556250380998,4.381596073293257,0.0,,,,1,1
402,1974-06-06,4.583333333333333,1,0,0,0,gold,82.93457089478049,4.418051994450294,0.0,,,,1,1
403,1974-06-07,4.587301587301587,1,0,1,0,"gas,gold",83.37116306669205,4.423302482987226,0.0,,,,1,1
404,1974-06-10,4.591269841269841,1,0,0,0,gold,84.09096657742931,4.431899148337305,0.0,,,,1,1
405,1974-06-13,4.603174603174603,1,0,0,0,gold,83.26270655656303,4.422000748523646,0.0,,,,1,1
406,1974-06-18,4.615079365079365,0,0,1,0,gas,,,,,,,1,1
407,1974-07-03,4.658730158730159,1,1,0,0,"gold,silver",80.85642295618175,4.392675025739457,0.0,,,,1,1
408,1974-07-09,4.674603174603175,1,1,1,1,"gas,gold,oil,silver",82.16370669947062,4.408713680224223,0.0,,,,1,1
409,1974-07-11,4.682539682539683,1,0,0,0,gold,81.67156121476656,4.402705853322732,0.0,,,,1,1
410,1974-07-17,4.698412698412699,1,0,0,0,gold,83.30775095908173,4.422541593572505,0.0,,,,1,1
411,1974-07-18,4.7023809523809526,1,1,0,1,"gold,oil,silver",84.16537727805266,4.432783640461279,0.0,,,,1,1
412,1974-07-26,4.726190476190476,1,0,0,0,gold,84.40784486106521,4.435660345873279,0.0,,,,1,1
413,1974-07-31,4.738095238095238,1,1,0,1,"gold,oil,silver",85.14900532285623,4.444402725570782,0.0,,,,1,1
414,1974-08-05,4.75,1,0,0,0,gold,85.30632658939079,4.4462486204388405,0.0,,,,1,1
415,1974-08-08,4.761904761904762,1,0,0,1,"gold,oil",82.96430968790051,4.418410511558235,0.0,,,,1,1
416,1974-08-09,4.765873015873016,1,0,0,0,gold,83.44909078634102,4.424236754738017,0.0,,,,1,1
417,1974-08-12,4.76984126984127,0,0,1,0,gas,,,,,,,1,1
418,1974-08-15,4.781746031746032,1,1,1,0,"gas,gold,silver",83.93889599894052,4.430089105554723,0.0,,,,1,1
419,1974-08-16,4.785714285714286,1,0,0,0,gold,83.9574570997942,4.430310207449871,0.0,,,,1,1
420,1974-08-19,4.7896825396825395,0,0,0,1,oil,,,,,,,1,1
421,1974-08-30,4.825396825396825,1,1,0,0,"gold,silver",86.91748825879402,4.464959257810022,0.0,,,,1,1
422,1974-09-02,4.829365079365079,0,1,1,0,"gas,silver",,,,,,,1,1
423,1974-09-03,4.833333333333333,0,1,0,0,silver,,,,,,,1,1
424,1974-09-20,4.884920634920635,1,0,0,0,gold,85.72253194862743,4.451115707600646,0.0,,,,1,1
425,1974-10-01,4.912698412698413,0,1,0,1,"oil,silver",,,,,,,1,1
426,1974-10-02,4.916666666666667,1,0,0,0,gold,85.28625148662226,4.446013263155568,0.0,,,,1,1
427,1974-10-03,4.920634920634921,0,0,1,0,gas,,,,,,,1,1
428,1974-10-08,4.932539682539683,1,0,0,0,gold,85.92961542482018,4.453528535867894,0.0,,,,1,1
429,1974-10-11,4.944444444444445,1,0,0,0,gold,86.02894775337843,4.454683841399307,0.0,,,,1,1
430,1974-10-15,4.9523809523809526,1,1,0,1,"gold,oil,silver",87.19765746411093,4.46817746661041,0.0,,,,1,1
431,1974-10-18,4.964285714285714,1,1,0,0,"gold,silver",89.22497685031882,4.491161009923333,0.0,,,,1,1
432,1974-10-22,4.972222222222222,1,1,0,0,"gold,silver",90.62690225814016,4.506751103389193,0.0,,,,1,1
433,1974-10-24,4.98015873015873,1,1,0,0,"gold,silver",91.26980405463736,4.51381999965059,0.0,,,,1,1
434,1974-10-31,5.0,0,0,1,0,gas,,,,,,,1,1
435,1974-11-01,5.003968253968254,1,0,0,0,gold,94.85872157377686,4.552388643379671,0.0,,,,1,1
436,1974-11-06,5.015873015873016,0,1,1,0,"gas,silver",,,,,,,1,1
437,1974-11-13,5.035714285714286,0,0,0,1,oil,,,,,,,1,1
438,1974-11-14,5.0396825396825395,1,1,0,0,"gold,silver",91.211881311686,4.513185166135321,0.0,,,,1,1
439,1974-11-18,5.0476190476190474,0,1,0,1,"oil,silver",,,,,,,1,1
440,1974-11-25,5.067460317460317,1,1,0,0,"gold,silver",92.20937010804978,4.52406175346872,0.0,,,,1,1
441,1974-11-27,5.075396825396825,1,0,0,0,gold,92.43146349458932,4.526467434696607,0.0,,,,1,1
442,1974-12-02,5.087301587301587,1,0,0,0,gold,93.5221311590564,4.538198105174656,0.0,,,,1,1
443,1974-12-03,5.091269841269841,1,0,0,0,gold,92.71308181239408,4.529509582490138,0.0,,,,1,1
444,1974-12-06,5.103174603174603,1,1,0,0,"gold,silver",95.05414503657089,4.5544466769953855,0.0,,,,1,1
445,1974-12-30,5.166666666666667,0,1,0,0,silver,,,,,,,1,1
446,1975-01-02,5.178571428571429,0,1,0,0,silver,,,,,,,1,1
447,1975-01-10,5.2023809523809526,1,0,0,0,gold,97.264771600269,4.577436864025865,0.0,,,,1,1
448,1975-01-15,5.214285714285714,1,0,1,0,"gas,gold",96.71148774695236,4.571732193200168,0.0,,,,1,1
449,1975-01-20,5.226190476190476,1,0,0,0,gold,94.54159723528907,4.549039920031864,0.0,,,,1,1
450,1975-01-22,5.234126984126984,1,0,1,0,"gas,gold",93.11598374741972,4.533845853192825,0.0,,,,1,1
451,1975-01-23,5.238095238095238,0,1,1,0,"gas,silver",,,,,,,1,1
452,1975-01-24,5.242063492063492,1,1,0,0,"gold,silver",93.09336146880948,4.533602876357315,0.0,,,,1,1
453,1975-01-31,5.261904761904762,0,1,0,0,silver,,,,,,,1,1
454,1975-02-04,5.26984126984127,1,0,0,0,gold,98.04783675021282,4.58545548967804,0.0,,,,1,1
455,1975-02-06,5.277777777777778,1,1,1,0,"gas,gold,silver",100.2522844290087,4.607689853248834,0.0,,,,1,1
456,1975-02-07,5.281746031746032,1,0,0,0,gold,99.83161120740748,4.603484878729337,0.0,,,,1,1
457,1975-02-12,5.2936507936507935,1,0,0,0,gold,97.59548865923922,4.580831269597046,0.0,,,,1,1
458,1975-02-14,5.301587301587301,0,1,0,1,"oil,silver",,,,,,,1,1
459,1975-02-19,5.313492063492063,0,0,0,1,oil,,,,,,,1,1
460,1975-02-20,5.317460317460317,0,0,0,1,oil,,,,,,,1,1
461,1975-03-05,5.353174603174603,1,0,0,0,gold,93.20069738974196,4.534755204386103,0.0,,,,1,1
462,1975-03-12,5.373015873015873,1,0,1,0,"gas,gold",99.29478037031434,4.598093005422996,0.0,,,,1,1
463,1975-03-13,5.376984126984127,0,1,0,0,silver,,,,,,,1,1
464,1975-03-14,5.380952380952381,1,0,0,0,gold,99.7275227553273,4.602441694591858,0.0,,,,1,1
465,1975-03-19,5.392857142857143,1,0,0,0,gold,100.91088242350772,4.614237775096886,0.0,,,,1,1
466,1975-03-21,5.400793650793651,0,0,0,1,oil,,,,,,,1,1
467,1975-04-03,5.436507936507937,1,0,0,0,gold,105.00374510319318,4.653996017170907,0.0,,,,1,1
468,1975-04-07,5.444444444444445,1,0,0,0,gold,101.29101689729276,4.617997729112155,0.0,,,,1,1
469,1975-04-16,5.472222222222222,1,1,1,1,"gas,gold,oil,silver",97.82937815009409,4.583224922015465,0.0,,,,1,1
470,1975-04-21,5.484126984126984,1,0,1,0,"gas,gold",95.4234991230622,4.558324870166624,0.0,,,,1,1
471,1975-04-22,5.488095238095238,1,0,0,1,"gold,oil",95.3650605689476,4.557712269955831,0.0,,,,1,1
472,1975-04-25,5.5,1,1,1,1,"gas,gold,oil,silver",97.49032605119096,4.579753153093388,0.0,,,,1,1
473,1975-04-30,5.511904761904762,1,1,0,0,"gold,silver",98.35751216627752,4.588608923883315,0.0,,,,1,1
474,1975-05-02,5.51984126984127,1,0,1,1,"gas,gold,oil",98.96282978194326,4.59474432288501,0.0,,,,1,1
475,1975-05-07,5.531746031746032,1,1,0,1,"gold,oil,silver",98.47474770170363,4.589800146799396,0.0,,,,1,1
476,1975-05-09,5.5396825396825395,1,1,0,0,"gold,silver",100.20771816915388,4.607245213320555,0.0,,,,1,1
477,1975-05-12,5.5436507936507935,1,0,1,0,"gas,gold",100.12470960141628,4.6064165050239305,0.0,,,,1,1
478,1975-05-13,5.5476190476190474,0,0,1,0,gas,,,,,,,1,1
479,1975-05-22,5.575396825396825,1,1,1,0,"gas,gold,silver",94.44354160718994,4.548002212649168,0.0,,,,1,1
480,1975-05-23,5.579365079365079,1,0,0,0,gold,94.59322540784864,4.549585860468642,0.0,,,,1,1
481,1975-05-26,5.583333333333333,0,1,0,0,silver,,,,,,,1,1
482,1975-06-02,5.603174603174603,0,1,0,0,silver,,,,,,,1,1
483,1975-06-04,5.611111111111111,1,0,0,0,gold,94.91059336297552,4.5529353259717205,0.0,,,,1,1
484,1975-06-05,5.615079365079365,1,1,1,1,"gas,gold,oil,silver",96.28878767027234,4.567351880771773,0.0,,,,1,1
485,1975-06-06,5.619047619047619,1,1,0,0,"gold,silver",97.18013952554185,4.576566364720108,0.0,,,,1,1
486,1975-06-11,5.630952380952381,1,0,0,0,gold,98.06647204086984,4.585645534869826,0.0,,,,1,1
487,1975-06-13,5.638888888888889,0,0,1,0,gas,,,,,,,1,1
488,1975-06-17,5.646825396825397,1,1,1,0,"gas,gold,silver",96.81837691672692,4.572836820445469,0.0,,,,1,1
489,1975-06-18,5.650793650793651,1,1,0,0,"gold,silver",96.07550848488756,4.5651344290196505,0.0,,,,1,1
490,1975-06-25,5.670634920634921,1,1,0,0,"gold,silver",98.4081612890798,4.589123740548555,0.0,,,,1,1
491,1975-06-27,5.678571428571429,1,0,0,1,"gold,oil",101.1088172101475,4.616197334984717,0.0,,,,1,1
492,1975-07-02,5.690476190476191,1,0,0,0,gold,103.27236542830558,4.637369822701378,0.0,,,,1,1
493,1975-07-03,5.694444444444445,1,0,0,1,"gold,oil",102.41704682607552,4.629053171661224,0.0,,,,1,1
494,1975-07-07,5.7023809523809526,0,1,0,0,silver,,,,,,,1,1
495,1975-07-09,5.7103174603174605,1,0,0,0,gold,102.7320953316622,4.632124583512547,0.0,,,,1,1
496,1975-07-15,5.726190476190476,1,1,0,0,"gold,silver",103.82514009989492,4.642708138900881,0.0,,,,1,1
497,1975-07-17,5.734126984126984,1,0,0,0,gold,104.06416280494923,4.645007658953521,0.0,,,,1,1
498,1975-07-22,5.746031746031746,1,0,0,1,"gold,oil",104.76156596700471,4.6516869676664365,0.0,,,,1,1
499,1975-07-25,5.757936507936508,1,0,0,0,gold,104.96486336496116,4.653625659535448,0.0,,,,1,1
500,1975-07-29,5.765873015873016,1,0,0,0,gold,104.23627563349804,4.646660203412934,0.0,,,,1,1
501,1975-07-30,5.76984126984127,1,0,0,0,gold,104.5050507098498,4.649235402388578,0.0,,,,1,1
502,1975-08-04,5.781746031746032,1,0,0,0,gold,101.33266291614508,4.618408796757132,0.0,,,,1,1
503,1975-08-05,5.785714285714286,0,1,1,0,"gas,silver",,,,,,,1,1
504,1975-08-08,5.7976190476190474,0,1,0,0,silver,,,,,,,1,1
505,1975-08-13,5.809523809523809,1,0,0,0,gold,97.40331887370546,4.5788602847466615,0.0,,,,1,1
506,1975-08-15,5.817460317460317,0,1,1,1,"gas,oil,silver",,,,,,,1,1
507,1975-08-27,5.849206349206349,1,1,0,1,"gold,oil,silver",97.76316288601916,4.582547848480312,0.0,,,,1,1
508,1975-08-28,5.853174603174603,1,0,0,0,gold,96.41848962442064,4.568697984308225,0.0,,,,1,1
509,1975-08-29,5.857142857142857,1,1,0,0,"gold,silver",96.32885563603917,4.567767917077243,0.0,,,,1,1
510,1975-09-10,5.888888888888889,1,0,0,0,gold,98.73726640876582,4.592462447707421,0.0,,,,1,1
511,1975-09-17,5.908730158730159,1,1,0,0,"gold,silver",98.20015981325996,4.587007842785368,0.0,,,,1,1
512,1975-09-18,5.912698412698413,0,0,0,1,oil,,,,,,,1,1
513,1975-09-23,5.924603174603175,1,0,0,0,gold,97.67819585758004,4.581678359705384,0.0,,,,1,1
514,1975-09-26,5.936507936507937,1,0,0,0,gold,94.64201554389126,4.550101516399095,0.0,,,,1,1
515,1975-10-01,5.948412698412699,1,0,1,0,"gas,gold",95.264449010276,4.556656698148132,0.0,,,,1,1
516,1975-10-08,5.968253968253968,1,0,0,0,gold,97.21845542109054,4.576960564030606,0.0,,,,1,1
517,1975-10-10,5.976190476190476,1,1,0,0,"gold,silver",96.6098966554046,4.570681185819754,0.0,,,,1,1
518,1975-10-14,5.984126984126984,1,0,0,0,gold,99.6319825373005,4.601483222858085,0.0,,,,1,1
519,1975-10-23,6.011904761904762,0,0,1,0,gas,,,,,,,1,1
520,1975-10-30,6.031746031746032,1,0,0,0,gold,98.9631151346896,4.59474720631443,0.0,,,,1,1
521,1975-10-31,6.035714285714286,1,0,0,1,"gold,oil",97.63358978815636,4.581221591875918,0.0,,,,1,1
522,1975-11-04,6.0436507936507935,0,1,0,0,silver,,,,,,,1,1
523,1975-11-24,6.099206349206349,1,1,0,0,"gold,silver",98.4976177532114,4.590032362638991,0.0,,,,1,1
524,1975-11-26,6.107142857142857,0,1,0,1,"oil,silver",,,,,,,1,1
525,1975-11-28,6.115079365079365,1,0,1,0,"gas,gold",100.13798428523752,4.606549077732137,0.0,,,,1,1
526,1975-12-10,6.146825396825397,1,1,0,0,"gold,silver",100.6773059698432,4.611920411564281,0.0,,,,1,1
527,1975-12-11,6.150793650793651,1,0,0,0,gold,100.19946234233454,4.607162822791404,0.0,,,,1,1
528,1975-12-15,6.158730158730159,1,1,0,0,"gold,silver",99.68096295218398,4.601974715427714,0.0,,,,1,1
529,1976-01-01,6.2103174603174605,1,0,1,1,"gas,gold,oil",101.91235867698448,4.6241132152787285,0.0,,,,1,1
530,1976-01-02,6.214285714285714,0,0,0,1,oil,,,,,,,1,1
531,1976-01-06,6.222222222222222,1,0,0,0,gold,102.97009783878931,4.6344386338361145,0.0,,,,1,1
532,1976-01-16,6.253968253968254,0,0,0,1,oil,,,,,,,1,1
533,1976-01-22,6.26984126984127,1,1,0,1,"gold,oil,silver",106.52405308738516,4.668370810234852,0.0,,,,1,1
534,1976-01-26,6.277777777777778,1,0,1,0,"gas,gold",106.5835837633323,4.6689295014049605,0.0,,,,1,1
535,1976-01-28,6.285714285714286,1,0,0,0,gold,107.83381715754314,4.680591312040614,0.0,,,,1,1
536,1976-02-10,6.321428571428571,0,1,0,0,silver,,,,,,,1,1
537,1976-02-11,6.325396825396825,1,0,0,1,"gold,oil",104.34074200512364,4.647661908984752,0.0,,,,1,1
538,1976-02-12,6.329365079365079,0,0,0,1,oil,,,,,,,1,1
539,1976-02-16,6.337301587301587,1,0,0,0,gold,104.48124276421136,4.649007560214379,0.0,,,,1,1
540,1976-02-17,6.341269841269841,1,0,0,0,gold,104.4060253533904,4.648287387896078,0.0,,,,1,1
541,1976-02-18,6.345238095238095,1,0,1,1,"gas,gold,oil",105.9235063052727,4.662717194976073,0.0,,,,1,1
542,1976-02-20,6.353174603174603,0,0,1,0,gas,,,,,,,1,1
543,1976-02-25,6.365079365079365,1,1,0,0,"gold,silver",107.14898176226669,4.674220218955783,0.0,,,,1,1
544,1976-03-01,6.376984126984127,1,1,0,0,"gold,silver",110.46445353691438,4.704693781756562,0.0,,,,1,1
545,1976-03-09,6.400793650793651,1,0,0,0,gold,111.43886809098684,4.713476172303912,0.0,,,,0,0
546,1976-03-12,6.412698412698413,0,1,1,1,"gas,oil,silver",,,,1.8995813794680905,0.6416335353011826,0.0,0,0
547,1976-03-17,6.424603174603175,0,1,0,1,"oil,silver",,,,1.8633186905536128,0.6223591400889225,0.0,0,0
548,1976-03-22,6.436507936507937,1,1,1,1,"gas,gold,oil,silver",108.66242793678347,4.6882460852211,0.0,1.856960491113533,0.6189410064918603,0.0,0,0
549,1976-03-25,6.448412698412699,1,0,1,0,"gas,gold",108.2878798632996,4.6847932351246815,0.0,,,,0,0
550,1976-03-30,6.4603174603174605,0,1,0,0,silver,,,,1.8654514581169304,0.6235030924972846,0.0,0,0
551,1976-04-02,6.472222222222222,0,1,1,0,"gas,silver",,,,1.8072039309889736,0.5917808613513258,0.0,0,0
552,1976-04-06,6.48015873015873,1,0,1,0,"gas,gold",105.9998151499588,4.6634373502422335,0.0,,,,0,0
553,1976-04-09,6.492063492063492,0,1,1,0,"gas,silver",,,,1.821516294186132,0.5996692829033481,0.0,0,0
554,1976-04-14,6.503968253968254,0,1,0,0,silver,,,,1.866122082648472,0.6238625250698631,0.0,0,0
555,1976-04-19,6.515873015873016,0,1,0,0,silver,,,,1.8674563628982448,0.6245772711645474,0.0,0,0
556,1976-04-22,6.527777777777778,0,1,0,1,"oil,silver",,,,1.874867300211172,0.6285378836971234,0.0,0,0
557,1976-04-27,6.53968253968254,1,0,0,0,gold,109.43670705903592,4.69534636441421,0.0,,,,0,0
558,1976-04-30,6.551587301587301,0,0,1,0,gas,,,,,,,0,0
559,1976-05-04,6.559523809523809,0,0,1,1,"gas,oil",,,,,,,0,0
560,1976-05-07,6.571428571428571,0,0,1,1,"gas,oil",,,,,,,0,0
561,1976-05-12,6.583333333333333,1,0,1,1,"gas,gold,oil",109.65008548546928,4.697294254484836,0.0,,,,0,0
562,1976-05-17,6.595238095238095,0,0,1,0,gas,,,,,,,0,0
563,1976-05-20,6.607142857142857,0,1,0,0,silver,,,,1.8957719237676165,0.6396261032254918,0.0,0,0
564,1976-05-25,6.619047619047619,0,0,0,1,oil,,,,,,,0,0
565,1976-05-28,6.630952380952381,0,0,1,0,gas,,,,,,,0,0
566,1976-06-02,6.642857142857143,0,0,0,1,oil,,,,,,,0,0
567,1976-06-04,6.650793650793651,0,1,1,1,"gas,oil,silver",,,,1.8187032260799705,0.5981237339877017,0.0,0,0
568,1976-06-09,6.662698412698413,1,1,0,0,"gold,silver",100.9828480975774,4.614950681604007,0.0,1.8408706911118125,0.6102386613874836,0.0,0,0
569,1976-06-14,6.674603174603175,1,0,1,1,"gas,gold,oil",99.4683328556272,4.599839330750692,0.0,,,,0,0
570,1976-06-17,6.686507936507937,0,0,1,0,gas,,,,,,,0,0
571,1976-06-22,6.698412698412699,1,0,0,0,gold,104.05239401741969,4.6448945609115215,0.0,,,,0,0
572,1976-06-25,6.7103174603174605,0,1,0,0,silver,,,,1.838283634999024,0.6088323292198918,0.0,0,0
573,1976-06-30,6.722222222222222,1,1,0,1,"gold,oil,silver",101.41175208382624,4.619188982703984,0.0,1.81020790398598,0.5934417027620129,0.0,0,0
574,1976-07-05,6.734126984126984,0,0,0,1,oil,,,,,,,0,0
575,1976-07-07,6.742063492063492,1,1,0,1,"gold,oil,silver",102.63881924915704,4.631216216433311,0.0,1.8754179711287504,0.6288315525151964,0.0,0,0
576,1976-07-12,6.753968253968254,0,1,1,0,"gas,silver",,,,1.9806199285309725,0.6834098909200275,0.0,0,0
577,1976-07-15,6.765873015873016,1,1,0,0,"gold,silver",104.37133820592628,4.647955099498601,0.0,1.942097698794424,0.6637686769427553,0.0,0,0
578,1976-07-20,6.777777777777778,1,0,0,1,"gold,oil",103.01569358256742,4.634881341502582,0.0,,,,0,0
579,1976-07-23,6.78968253968254,1,0,0,1,"gold,oil",102.01775593387556,4.6251468759175856,0.0,,,,0,0
580,1976-07-28,6.801587301587301,0,0,1,0,gas,,,,,,,0,0
581,1976-08-02,6.813492063492063,0,0,0,1,oil,,,,,,,0,0
582,1976-08-05,6.825396825396825,1,0,0,1,"gold,oil",103.48082879012696,4.6393863664675,0.0,,,,0,0
583,1976-08-09,6.833333333333333,0,1,1,0,"gas,silver",,,,1.7671429664280436,0.5693640991919515,0.0,0,0
584,1976-08-12,6.845238095238095,0,1,0,0,silver,,,,1.760820278050932,0.5657797675489291,0.0,0,0
585,1976-08-17,6.857142857142857,0,1,1,0,"gas,silver",,,,1.7534358383512705,0.5615771993106048,0.0,0,0
586,1976-08-20,6.869047619047619,0,0,0,1,oil,,,,,,,0,0
587,1976-08-25,6.880952380952381,0,1,1,0,"gas,silver",,,,1.6921883436098617,0.5260225691792924,0.0,0,0
588,1976-08-30,6.892857142857143,0,0,1,0,gas,,,,,,,0,0
589,1976-09-02,6.904761904761905,0,1,0,0,silver,,,,1.620894134568699,0.4829779319031876,0.0,0,0
590,1976-09-06,6.912698412698413,0,1,1,0,"gas,silver",,,,1.6179459304374897,0.4811574005485581,0.0,0,0
591,1976-09-09,6.924603174603175,0,1,0,1,"oil,silver",,,,1.5392273210763716,0.4312805509513278,0.0,0,0
592,1976-09-14,6.936507936507937,0,0,1,1,"gas,oil",,,,,,,0,0
593,1976-09-17,6.948412698412699,0,0,0,1,oil,,,,,,,0,0
594,1976-09-22,6.9603174603174605,1,1,0,1,"gold,oil,silver",98.92970768382644,4.594409574552907,0.0,1.6573530659420574,0.5052217911496557,0.0,0,0
595,1976-09-27,6.972222222222222,1,0,0,0,gold,95.32078470086527,4.557247884475982,0.0,,,,0,0
596,1976-09-30,6.984126984126984,0,1,1,1,"gas,oil,silver",,,,1.6291434139811176,0.4880543637933547,0.0,0,0
597,1976-10-05,6.996031746031746,1,0,0,0,gold,98.27084775310354,4.587727419111355,0.0,,,,0,0
598,1976-10-07,7.003968253968254,0,0,0,1,oil,,,,,,,0,0
599,1976-10-12,7.015873015873016,1,1,0,0,"gold,silver",98.73213241482507,4.592410449838662,0.0,1.6583995831856742,0.505853030804183,0.0,0,0
600,1976-10-15,7.027777777777778,1,0,0,0,gold,98.27697285765572,4.587789745974457,0.0,,,,0,0
601,1976-10-20,7.03968253968254,1,1,0,1,"gold,oil,silver",94.03871055204876,4.543706511881231,0.0,1.5080830136608625,0.4108393169173578,0.0,0,0
602,1976-10-25,7.051587301587301,0,1,0,0,silver,,,,1.4652072757919612,0.3819967176431723,0.0,0,0
603,1976-10-28,7.063492063492063,1,0,1,0,"gas,gold",95.44534005044557,4.558553728136037,0.0,,,,0,0
604,1976-11-02,7.075396825396825,1,0,1,0,"gas,gold",96.4137828541122,4.568649167061518,0.0,,,,0,0
605,1976-11-05,7.087301587301587,0,0,0,1,oil,,,,,,,0,0
606,1976-11-09,7.095238095238095,0,1,0,0,silver,,,,1.5608343245478389,0.4452205017224703,0.0,0,0
607,1976-11-12,7.107142857142857,0,1,0,0,silver,,,,1.534017194615455,0.4278899118884076,0.0,0,0
608,1976-11-17,7.119047619047619,1,0,0,0,gold,101.23065560862712,4.617401632015917,0.0,,,,0,0
609,1976-11-22,7.130952380952381,0,1,0,0,silver,,,,1.625850074268792,0.4860308016277084,0.0,0,0
610,1976-11-25,7.142857142857143,1,0,1,0,"gas,gold",105.93901654762648,4.662863612966123,0.0,,,,0,0
611,1976-11-30,7.154761904761905,0,0,0,1,oil,,,,,,,0,0
612,1976-12-03,7.166666666666667,1,0,1,0,"gas,gold",108.31330149179789,4.685027967257313,0.0,,,,0,0
613,1976-12-07,7.174603174603175,1,1,0,1,"gold,oil,silver",110.66780003639552,4.706532921488668,0.0,1.7708704704224467,0.5714712168952019,0.0,0,0
614,1976-12-10,7.186507936507937,1,0,0,1,"gold,oil",108.04041087792336,4.682505331933875,0.0,,,,0,0
615,1976-12-15,7.198412698412699,0,1,1,0,"gas,silver",,,,1.7048998165296734,0.5335063503755013,0.0,0,0
616,1976-12-17,7.2063492063492065,1,0,0,0,gold,89.39995020261662,4.493120125161602,0.0,,,,1,1
617,1976-12-20,7.2103174603174605,1,0,1,0,"gas,gold",90.48848031605375,4.505222553278534,0.0,,,,1,1
618,1976-12-22,7.218253968253968,0,0,0,1,oil,,,,,,,1,1
619,1976-12-29,7.238095238095238,1,1,1,1,"gas,gold,oil,silver",94.69083571784596,4.550617223786496,0.0,,,,1,1
620,1977-01-05,7.257936507936508,1,0,0,0,gold,98.4317457803932,4.589363371747099,0.0,,,,1,1
621,1977-01-06,7.261904761904762,1,0,0,0,gold,99.3312597330722,4.598460322448991,0.0,,,,1,1
622,1977-01-19,7.2976190476190474,1,1,1,0,"gas,gold,silver",99.64429006128658,4.601606745080186,0.0,,,,1,1
623,1977-01-24,7.309523809523809,1,1,0,0,"gold,silver",98.81604180533546,4.59325995802458,0.0,,,,1,1
624,1977-02-01,7.333333333333333,1,0,0,0,gold,98.00008824544965,4.584968379133938,0.0,,,,1,1
625,1977-02-03,7.341269841269841,1,0,0,0,gold,97.3264439025374,4.578070729271775,0.0,,,,1,1
626,1977-02-09,7.357142857142857,1,0,1,0,"gas,gold",96.95543291850768,4.574251418473472,0.0,,,,1,1
627,1977-03-01,7.412698412698413,1,0,0,0,gold,97.10670435436832,4.575810418787753,0.0,,,,1,1
628,1977-03-08,7.432539682539683,0,0,0,1,oil,,,,,,,1,1
629,1977-03-09,7.436507936507937,0,1,1,0,"gas,silver",,,,,,,1,1
630,1977-03-10,7.440476190476191,0,0,1,0,gas,,,,,,,1,1
631,1977-03-14,7.448412698412699,1,0,0,0,gold,97.04257873396534,4.575149838210634,0.0,,,,1,1
632,1977-03-15,7.4523809523809526,1,1,0,0,"gold,silver",97.31624493509932,4.577965932451424,0.0,,,,1,1
633,1977-03-17,7.4603174603174605,1,0,0,0,gold,98.68119810373976,4.591894432890043,0.0,,,,1,1
634,1977-03-18,7.464285714285714,0,0,1,0,gas,,,,,,,1,1
635,1977-03-22,7.472222222222222,1,1,1,0,"gas,gold,silver",101.37612211260048,4.618837581302558,0.0,,,,1,1
636,1977-03-28,7.488095238095238,0,0,1,0,gas,,,,,,,1,1
637,1977-03-29,7.492063492063492,1,0,0,0,gold,103.97733639392033,4.644172956104287,0.0,,,,1,1
638,1977-03-30,7.496031746031746,1,1,0,0,"gold,silver",104.6857960452188,4.650963445303936,0.0,,,,1,1
639,1977-04-12,7.531746031746032,1,1,0,0,"gold,silver",105.31632178744,4.6569684098579724,0.0,,,,1,1
640,1977-04-13,7.535714285714286,1,1,1,0,"gas,gold,silver",105.27217237945756,4.656549114313799,0.0,,,,1,1
641,1977-04-14,7.5396825396825395,1,0,0,1,"gold,oil",104.95072273681356,4.653490932729958,0.0,,,,1,1
642,1977-04-15,7.5436507936507935,0,0,0,1,oil,,,,,,,1,1
643,1977-05-04,7.595238095238095,0,1,0,0,silver,,,,,,,1,1
644,1977-05-18,7.634920634920635,1,1,1,0,"gas,gold,silver",102.78811426019092,4.6326697262995,0.0,,,,1,1
645,1977-05-19,7.638888888888889,1,0,0,0,gold,103.7981023768787,4.642447689031719,0.0,,,,1,1
646,1977-05-20,7.642857142857143,1,1,0,1,"gold,oil,silver",104.78329063679938,4.6518943186864,0.0,,,,1,1
647,1977-05-23,7.646825396825397,1,0,0,0,gold,106.42741842886548,4.667463235711279,0.0,,,,1,1
648,1977-05-31,7.670634920634921,1,0,0,1,"gold,oil",109.01888658642154,4.691521138654442,0.0,,,,1,1
649,1977-06-06,7.686507936507937,1,0,0,0,gold,110.35836805869435,4.70373296180494,0.0,,,,1,1
650,1977-06-13,7.7063492063492065,0,0,1,0,gas,,,,,,,1,1
651,1977-06-14,7.7103174603174605,1,0,0,0,gold,112.27011286248536,4.720907689747508,0.0,,,,1,1
652,1977-06-16,7.718253968253968,1,0,1,1,"gas,gold,oil",110.53326094439343,4.705316479686846,0.0,,,,1,1
653,1977-06-17,7.722222222222222,1,0,0,0,gold,108.41808646338076,4.685994924380931,0.0,,,,1,1
654,1977-06-20,7.726190476190476,0,1,1,0,"gas,silver",,,,,,,1,1
655,1977-06-21,7.73015873015873,1,0,1,1,"gas,gold,oil",109.06955721977482,4.691985818335591,0.0,,,,1,1
656,1977-06-30,7.757936507936508,1,0,0,0,gold,111.24252576031064,4.711712734612409,0.0,,,,1,1
657,1977-07-04,7.765873015873016,1,0,0,0,gold,111.16545363507385,4.711019664799613,0.0,,,,1,1
658,1977-07-11,7.785714285714286,1,0,0,0,gold,113.10963867986432,4.728357602124469,0.0,,,,1,1
659,1977-07-12,7.7896825396825395,0,1,1,0,"gas,silver",,,,,,,1,1
660,1977-07-22,7.821428571428571,0,1,1,0,"gas,silver",,,,,,,1,1
661,1977-07-25,7.825396825396825,1,1,0,0,"gold,silver",110.43939808070024,4.704466936854239,0.0,,,,1,1
662,1977-07-26,7.829365079365079,1,1,0,0,"gold,silver",108.93184637808176,4.690722424084566,0.0,,,,1,1
663,1977-07-28,7.837301587301587,1,0,0,0,gold,108.0505882550661,4.68259952722374,0.0,,,,1,1
664,1977-08-01,7.845238095238095,1,1,0,0,"gold,silver",106.10587095289432,4.664437378235095,0.0,,,,1,1
665,1977-08-02,7.849206349206349,1,0,0,0,gold,106.55933022259612,4.668701921323716,0.0,,,,1,1
666,1977-08-03,7.853174603174603,1,0,0,1,"gold,oil",108.0263106824872,4.682374814884749,0.0,,,,1,1
667,1977-08-09,7.869047619047619,1,1,0,1,"gold,oil,silver",107.56349600059036,4.678081333667089,0.0,,,,1,1
668,1977-08-11,7.876984126984127,1,0,0,0,gold,108.71056918949527,4.688689022054426,0.0,,,,1,1
669,1977-08-12,7.880952380952381,0,1,0,0,silver,,,,,,,1,1
670,1977-08-17,7.892857142857143,1,0,0,0,gold,111.20439072425803,4.711369865967351,0.0,,,,1,1
671,1977-08-25,7.916666666666667,1,0,0,0,gold,112.78523236469812,4.725485411740674,0.0,,,,1,1
672,1977-09-05,7.944444444444445,1,0,0,0,gold,114.94629051345652,4.744464980253139,0.0,,,,1,1
673,1977-09-06,7.948412698412699,1,1,0,1,"gold,oil,silver",116.13272823897567,4.754733745954893,0.0,,,,1,1
674,1977-09-13,7.968253968253968,1,0,0,0,gold,115.055040674314,4.745410628423087,0.0,,,,1,1
675,1977-09-14,7.972222222222222,1,0,0,1,"gold,oil",115.82114734147387,4.752047167995114,0.0,,,,1,1
676,1977-09-23,8.0,1,0,1,0,"gas,gold",118.40759299691992,4.774132850435215,0.0,,,,1,1
677,1977-09-27,8.007936507936508,1,0,0,0,gold,119.99945130244316,4.787487170291952,0.0,,,,1,1
678,1977-09-28,8.011904761904763,1,0,1,0,"gas,gold",119.61633128177378,4.784289381373251,0.0,,,,1,1
679,1977-09-29,8.015873015873016,1,1,1,1,"gas,gold,oil,silver",120.67030850990916,4.79306210372357,0.0,,,,1,1
680,1977-10-04,8.027777777777779,1,0,0,0,gold,123.08098518568488,4.812842554855385,0.0,,,,1,1
681,1977-10-05,8.031746031746032,0,0,0,1,oil,,,,,,,1,1
682,1977-10-07,8.03968253968254,1,1,0,0,"gold,silver",125.3490739885625,4.831102437170254,0.0,,,,1,1
683,1977-10-14,8.05952380952381,1,0,0,0,gold,127.79560159799252,4.850432125060042,0.0,,,,1,1
684,1977-10-18,8.067460317460318,0,1,0,1,"oil,silver",,,,,,,1,1
685,1977-10-20,8.075396825396826,1,1,1,0,"gas,gold,silver",131.35696655603672,4.877918552837272,0.0,,,,1,1
686,1977-10-25,8.087301587301587,1,0,0,0,gold,127.73681573135512,4.849972020089496,0.0,,,,1,1
687,1977-10-28,8.09920634920635,1,0,0,1,"gold,oil",128.8465494998796,4.8586221575382496,0.0,,,,1,1
688,1977-10-31,8.103174603174603,1,0,0,0,gold,129.3262503759025,4.862338284320725,0.0,,,,1,1
689,1977-11-02,8.11111111111111,1,0,0,0,gold,126.13785401685486,4.837375388381535,0.0,,,,1,1
690,1977-11-16,8.15079365079365,1,0,1,1,"gas,gold,oil",120.8897013286614,4.7948785706066746,0.0,,,,1,1
691,1977-11-22,8.166666666666666,1,1,0,1,"gold,oil,silver",123.62175406442432,4.817226533294225,0.0,,,,1,1
692,1977-11-24,8.174603174603174,1,1,0,1,"gold,oil,silver",122.78712446784029,4.810452160605516,0.0,,,,1,1
693,1977-11-30,8.19047619047619,1,1,0,1,"gold,oil,silver",119.46256723955078,4.783003077442832,0.0,,,,1,1
694,1977-12-01,8.194444444444445,0,0,0,1,oil,,,,,,,1,1
695,1977-12-02,8.198412698412698,0,0,0,1,oil,,,,,,,1,1
696,1977-12-14,8.23015873015873,1,0,0,0,gold,119.99566258803236,4.787455597029066,0.0,,,,1,1
697,1977-12-16,8.238095238095237,1,0,0,0,gold,119.9494919839574,4.7870707540450335,0.0,,,,1,1
698,1977-12-19,8.242063492063492,1,0,0,0,gold,120.1970439076402,4.789132428684217,0.0,,,,1,1
699,1977-12-21,8.25,1,0,1,1,"gas,gold,oil",119.42037033227405,4.782649792204928,0.0,,,,1,1
700,1977-12-23,8.257936507936508,1,0,1,0,"gas,gold",120.19861630083687,4.789145510394556,0.0,,,,1,1
701,1977-12-29,8.273809523809524,1,0,0,0,gold,117.29554335941214,4.764696761411759,0.0,,,,1,1
702,1978-01-13,8.317460317460318,1,1,0,1,"gold,oil,silver",114.43901969145284,4.740042102009715,0.0,,,,1,1
703,1978-01-16,8.321428571428571,1,1,0,1,"gold,oil,silver",113.84318998686396,4.734821975058568,0.0,,,,1,1
704,1978-01-17,8.325396825396826,1,0,0,0,gold,115.459190830333,4.748917141383156,0.0,,,,1,1
705,1978-01-20,8.337301587301587,1,1,0,0,"gold,silver",114.95536901859784,4.744543957544251,0.0,,,,1,1
706,1978-02-03,8.376984126984127,0,1,0,0,silver,,,,,,,1,1
707,1978-02-06,8.380952380952381,1,0,0,0,gold,111.65894181233944,4.715449062964117,0.0,,,,1,1
708,1978-02-07,8.384920634920634,1,0,1,0,"gas,gold",109.82167088980916,4.698857876539291,0.0,,,,1,1
709,1978-02-09,8.392857142857142,1,0,0,1,"gold,oil",109.52828953374296,4.696182867795777,0.0,,,,1,1
710,1978-02-10,8.396825396825397,1,0,0,0,gold,110.47763506270888,4.704813102850101,0.0,,,,1,1
711,1978-02-14,8.404761904761905,1,0,0,0,gold,111.05300233708022,4.710007585878442,0.0,,,,1,1
712,1978-02-15,8.408730158730158,1,0,0,0,gold,111.44215280247252,4.713505647325811,0.0,,,,1,1
713,1978-02-16,8.412698412698413,1,0,1,0,"gas,gold",111.8995512404562,4.717601604947516,0.0,,,,1,1
714,1978-02-17,8.416666666666666,1,0,0,0,gold,112.88334202929398,4.7263549140277386,0.0,,,,1,1
715,1978-02-20,8.420634920634921,1,0,0,0,gold,111.46744206939265,4.71373254888241,0.0,,,,1,1
716,1978-02-23,8.432539682539682,1,0,0,0,gold,111.78860380829612,4.716609621789232,0.0,,,,1,1
717,1978-03-01,8.448412698412698,1,0,0,0,gold,114.310809690666,4.73892113930073,0.0,,,,1,1
718,1978-03-03,8.456349206349206,1,1,0,0,"gold,silver",114.59278997332687,4.74138488758351,0.0,,,,1,1
719,1978-03-06,8.46031746031746,1,0,0,0,gold,114.97603116140004,4.744723681956329,0.0,,,,1,1
720,1978-03-07,8.464285714285714,1,0,0,0,gold,115.413547413949,4.748521742451903,0.0,,,,1,1
721,1978-03-08,8.468253968253968,1,0,0,0,gold,114.32284455327654,4.739026415688508,0.0,,,,1,1
722,1978-03-10,8.476190476190476,1,1,0,0,"gold,silver",113.9184644535153,4.735482968407752,0.0,,,,1,1
723,1978-03-14,8.484126984126984,1,0,1,0,"gas,gold",112.65551401979484,4.724334613925288,0.0,,,,1,1
724,1978-03-16,8.492063492063492,1,0,0,0,gold,110.2491930823329,4.702743195319064,0.0,,,,1,1
725,1978-03-28,8.523809523809524,1,0,1,0,"gas,gold",114.34830921181484,4.7392491342800245,0.0,,,,1,1
726,1978-03-30,8.531746031746032,1,1,1,1,"gas,gold,oil,silver",112.30695031024918,4.721235750392472,0.0,,,,1,1
727,1978-04-05,8.547619047619047,1,1,0,0,"gold,silver",111.07557674371952,4.710210841189491,0.0,,,,1,1
728,1978-04-10,8.55952380952381,1,0,0,0,gold,113.93715943818752,4.735647063411376,0.0,,,,1,1
729,1978-04-14,8.575396825396826,1,1,0,0,"gold,silver",113.49583055214022,4.731766101023268,0.0,,,,1,1
730,1978-04-20,8.591269841269842,1,1,0,0,"gold,silver",112.02621995496833,4.718732950637176,0.0,,,,1,1
731,1978-04-24,8.59920634920635,1,0,0,0,gold,112.39091847637012,4.7219831377218044,0.0,,,,1,1
732,1978-05-04,8.630952380952381,1,1,0,1,"gold,oil,silver",109.42930383728384,4.695278713692889,0.0,,,,1,1
733,1978-05-08,8.63888888888889,1,0,0,0,gold,107.71225529274324,4.679463368707608,0.0,,,,1,1
734,1978-05-10,8.646825396825397,1,1,0,0,"gold,silver",106.935911948096,4.672229701261337,0.0,,,,1,1
735,1978-05-12,8.654761904761905,1,0,0,0,gold,107.91236366052392,4.681319450134677,0.0,,,,1,1
736,1978-05-16,8.662698412698413,1,0,0,0,gold,109.7398638527904,4.698112690995746,0.0,,,,1,1
737,1978-05-26,8.694444444444445,1,1,0,0,"gold,silver",113.86662823409104,4.735027835723629,0.0,,,,1,1
738,1978-06-05,8.718253968253968,1,0,0,1,"gold,oil",108.23627627429136,4.684316580778988,0.0,,,,1,1
739,1978-06-06,8.722222222222221,1,0,1,0,"gas,gold",110.8709552131805,4.708366959361654,0.0,,,,1,1
740,1978-06-08,8.73015873015873,0,1,0,0,silver,,,,,,,1,1
741,1978-06-09,8.734126984126984,0,1,0,0,silver,,,,,,,1,1
742,1978-06-16,8.753968253968255,1,0,0,0,gold,110.53992545279677,4.70537677201369,0.0,,,,1,1
743,1978-06-19,8.757936507936508,1,0,0,1,"gold,oil",111.67062214958572,4.7155536647647,0.0,,,,1,1
744,1978-06-21,8.765873015873016,1,0,0,1,"gold,oil",112.87144468672788,4.7262495134490825,0.0,,,,1,1
745,1978-06-23,8.773809523809524,1,1,1,1,"gas,gold,oil,silver",111.91460054226069,4.717736085289419,0.0,,,,1,1
746,1978-06-27,8.781746031746032,0,1,0,0,silver,,,,,,,1,1
747,1978-06-28,8.785714285714286,1,0,0,0,gold,112.6587820832928,4.7243636228568535,0.0,,,,1,1
748,1978-07-03,8.797619047619047,1,1,0,0,"gold,silver",112.50800464910076,4.723024371549712,0.0,,,,1,1
749,1978-07-05,8.805555555555555,1,0,0,0,gold,113.30407151053038,4.730075103050518,0.0,,,,1,1
750,1978-07-06,8.80952380952381,0,0,1,0,gas,,,,,,,1,1
751,1978-07-07,8.813492063492063,1,0,0,0,gold,113.17113048852843,4.728901102223075,0.0,,,,1,1
752,1978-07-14,8.833333333333334,0,0,1,0,gas,,,,,,,1,1
753,1978-07-21,8.853174603174603,1,1,0,1,"gold,oil,silver",106.44238423164238,4.667603845629778,0.0,,,,1,1
754,1978-07-26,8.865079365079366,1,0,0,0,gold,108.7090151780814,4.688674727009033,0.0,,,,1,1
755,1978-07-28,8.873015873015873,0,1,1,0,"gas,silver",,,,,,,1,1
756,1978-08-04,8.892857142857142,0,0,0,1,oil,,,,,,,1,1
757,1978-08-10,8.908730158730158,0,0,1,0,gas,,,,,,,1,1
758,1978-08-22,8.94047619047619,1,1,1,1,"gas,gold,oil,silver",109.26556386340482,4.69378128482136,0.0,,,,1,1
759,1978-08-24,8.948412698412698,1,0,0,0,gold,107.33173605546637,4.675924375294758,0.0,,,,1,1
760,1978-09-01,8.972222222222221,1,1,0,1,"gold,oil,silver",106.3661596640418,4.666887478049183,0.0,,,,1,1
761,1978-09-07,8.988095238095237,1,1,0,1,"gold,oil,silver",101.00041970246616,4.615124672302588,0.0,,,,1,1
762,1978-09-14,9.007936507936508,1,0,0,0,gold,99.15834388806596,4.596718005616325,0.0,,,,1,1
763,1978-09-21,9.027777777777779,1,1,0,0,"gold,silver",100.26273644157298,4.607794104915651,0.0,,,,1,1
764,1978-09-22,9.031746031746032,1,1,0,0,"gold,silver",98.74706741927598,4.592561706320276,0.0,,,,1,1
765,1978-09-27,9.043650793650794,0,1,0,1,"oil,silver",,,,,,,1,1
766,1978-10-02,9.055555555555555,1,1,0,0,"gold,silver",98.46734455392296,4.589724965839355,0.0,,,,1,1
767,1978-10-05,9.067460317460318,1,0,0,0,gold,98.95693423794263,4.594684747793744,0.0,,,,1,1
768,1978-10-16,9.095238095238095,1,1,0,1,"gold,oil,silver",100.80928784246328,4.613230492686799,0.0,,,,1,1
769,1978-10-17,9.09920634920635,1,0,0,0,gold,99.75565262003244,4.602723722034409,0.0,,,,1,1
770,1978-10-26,9.126984126984127,1,1,0,0,"gold,silver",100.3419071587938,4.608583425839736,0.0,,,,1,1
771,1978-11-03,9.15079365079365,1,0,0,0,gold,99.37721519704102,4.598922864017028,0.0,,,,1,1
772,1978-11-07,9.158730158730158,1,0,0,0,gold,100.33377539119802,4.608502381963399,0.0,,,,1,1
773,1978-11-13,9.174603174603174,0,1,0,0,silver,,,,,,,1,1
774,1978-11-14,9.178571428571429,1,1,0,1,"gold,oil,silver",98.46945014409718,4.589746349249982,0.0,,,,1,1
775,1978-11-16,9.186507936507937,1,1,0,0,"gold,silver",98.85125565603208,4.593616252176637,0.0,,,,1,1
776,1978-11-20,9.194444444444445,0,0,1,0,gas,,,,,,,1,1
777,1978-11-22,9.202380952380953,1,0,0,0,gold,96.1486240327182,4.565895161300235,0.0,,,,1,1
778,1978-11-23,9.206349206349206,0,0,0,1,oil,,,,,,,1,1
779,1978-11-24,9.21031746031746,1,0,0,1,"gold,oil",95.87855100966914,4.563082296912033,0.0,,,,1,1
780,1978-12-01,9.23015873015873,1,0,0,0,gold,95.0062617448342,4.5539428025318855,0.0,,,,1,1
781,1978-12-07,9.246031746031745,1,0,1,1,"gas,gold,oil",92.7379707607175,4.529777997774144,0.0,,,,1,1
782,1978-12-15,9.26984126984127,0,0,1,0,gas,,,,,,,1,1
783,1978-12-18,9.273809523809524,1,1,0,1,"gold,oil,silver",92.29718331673593,4.52501362443142,0.0,,,,1,1
784,1978-12-22,9.28968253968254,1,1,0,0,"gold,silver",91.9187089956892,4.520904588573389,0.0,,,,1,1
785,1978-12-28,9.305555555555555,1,0,0,1,"gold,oil",92.41532958213328,4.526292869455539,0.0,,,,1,1
786,1979-01-03,9.321428571428571,1,0,0,0,gold,92.46374192180738,4.526816588450738,0.0,,,,0,0
787,1979-01-08,9.333333333333334,0,1,1,0,"gas,silver",,,,1.1384865256554744,0.1296997712785638,0.0,0,0
788,1979-01-11,9.345238095238097,1,0,0,0,gold,89.86566378234346,4.498315930615749,0.0,,,,0,0
789,1979-01-16,9.357142857142858,0,0,0,1,oil,,,,,,,0,0
790,1979-01-19,9.36904761904762,0,1,1,0,"gas,silver",,,,1.2052273538871936,0.1866682245707057,0.0,0,0
791,1979-01-23,9.376984126984128,1,0,0,0,gold,91.63684057341976,4.517833380489654,0.0,,,,0,0
792,1979-01-26,9.38888888888889,1,0,0,0,gold,93.88519089469764,4.542072662324889,0.0,,,,0,0
793,1979-01-31,9.40079365079365,1,1,0,1,"gold,oil,silver",94.11644485166474,4.544532790639013,0.0,1.277128626317649,0.2446142973637272,0.0,0,0
794,1979-02-05,9.412698412698411,1,0,0,0,gold,93.8648351052482,4.541855823052343,0.0,,,,0,0
795,1979-02-08,9.424603174603174,1,1,1,1,"gas,gold,oil,silver",96.0370610282134,4.564734169346013,0.0,1.2840792032238146,0.2500418881190929,0.0,0,0
796,1979-02-13,9.436507936507937,1,0,0,0,gold,92.95371224878294,4.532101651495638,0.0,,,,0,0
797,1979-02-16,9.448412698412698,0,1,1,0,"gas,silver",,,,1.2487934657308688,0.2221778577669502,0.0,0,0
798,1979-02-21,9.46031746031746,0,1,1,0,"gas,silver",,,,1.2284391318132777,0.2057443649980769,0.0,0,0
799,1979-02-23,9.468253968253968,1,1,0,0,"gold,silver",93.01301590499796,4.532739439328053,0.0,1.2094233861450787,0.1901437056512311,0.0,0,0
800,1979-02-28,9.48015873015873,0,1,0,0,silver,,,,1.2149790723167184,0.194726852213485,0.0,0,0
801,1979-03-05,9.492063492063492,0,0,1,0,gas,,,,,,,0,0
802,1979-03-08,9.503968253968257,0,1,0,0,silver,,,,1.2449708065618936,0.2191120810970858,0.0,0,0
803,1979-03-13,9.515873015873016,1,0,1,1,"gas,gold,oil",96.40206933074492,4.568527667472672,0.0,,,,0,0
804,1979-03-16,9.52777777777778,1,1,1,0,"gas,gold,silver",97.0687126909366,4.575419105979009,0.0,1.3320045074490263,0.2866849560832124,0.0,0,0
805,1979-03-21,9.53968253968254,0,1,0,0,silver,,,,1.392798636371208,0.3313151304156535,0.0,0,0
806,1979-03-26,9.551587301587302,0,0,1,0,gas,,,,,,,0,0
807,1979-03-28,9.55952380952381,1,0,0,1,"gold,oil",102.8890488362966,4.63365121187319,0.0,,,,0,0
808,1979-04-02,9.571428571428571,1,0,0,0,gold,103.30234675281127,4.637660093706959,0.0,,,,0,0
809,1979-04-05,9.583333333333334,1,1,0,0,"gold,silver",100.3285411394934,4.608450212210789,0.0,1.4290496502969674,0.3570096431285862,0.0,0,0
810,1979-04-10,9.595238095238097,0,0,1,0,gas,,,,,,,0,0
811,1979-04-13,9.607142857142858,1,1,1,0,"gas,gold,silver",100.2519768615724,4.607686785309686,0.0,1.4790965842025028,0.3914314853168886,0.0,0,0
812,1979-04-18,9.61904761904762,0,1,0,1,"oil,silver",,,,1.5082737322375896,0.4109657731644451,0.0,0,0
813,1979-04-23,9.63095238095238,1,0,0,0,gold,101.25031450432728,4.617595812197402,0.0,,,,0,0
814,1979-04-25,9.63888888888889,1,0,1,0,"gas,gold",100.07370880271952,4.605907002499319,0.0,,,,0,0
815,1979-04-30,9.65079365079365,1,0,0,0,gold,99.81908172904312,4.603359364730898,0.0,,,,0,0
816,1979-05-03,9.662698412698411,1,0,0,0,gold,96.5608552801188,4.570173434249208,0.0,,,,0,0
817,1979-05-08,9.674603174603174,0,0,0,1,oil,,,,,,,0,0
818,1979-05-11,9.686507936507937,0,0,0,1,oil,,,,,,,0,0
819,1979-05-16,9.698412698412698,1,0,0,0,gold,95.2851789754612,4.556874278895847,0.0,,,,0,0
820,1979-05-21,9.71031746031746,0,1,0,0,silver,,,,1.3484873596008098,0.2989834898798619,0.0,0,0
821,1979-05-24,9.72222222222222,1,0,0,0,gold,94.1292439109354,4.544668773134809,0.0,,,,0,0
822,1979-05-28,9.73015873015873,1,0,1,0,"gas,gold",93.93784963624222,4.542633389515498,0.0,,,,0,0
823,1979-05-31,9.742063492063492,0,0,0,1,oil,,,,,,,0,0
824,1979-06-05,9.753968253968257,0,1,0,0,silver,,,,1.4168656785008,0.3484471633437145,0.0,0,0
825,1979-06-08,9.765873015873016,1,1,1,1,"gas,gold,oil,silver",96.74895482317396,4.572119528990289,0.0,1.4032582612337157,0.3387968620373196,0.0,0,0
826,1979-06-13,9.77777777777778,1,0,0,0,gold,96.07629739624689,4.565142640353972,0.0,,,,0,0
827,1979-06-18,9.78968253968254,1,0,1,0,"gas,gold",98.6936619800999,4.592020729383643,0.0,,,,0,0
828,1979-06-21,9.801587301587302,1,0,0,0,gold,98.78632929973296,4.592959227768559,0.0,,,,0,0
829,1979-06-26,9.813492063492063,1,0,0,0,gold,96.6088763069431,4.570670624232535,0.0,,,,0,0
830,1979-06-28,9.821428571428571,1,1,1,1,"gas,gold,oil,silver",95.59186313867576,4.560087702822808,0.0,1.3872110597559415,0.3272952997314629,0.0,0,0
831,1979-07-03,9.833333333333334,0,1,1,0,"gas,silver",,,,1.384506274556088,0.325343595620118,0.0,0,0
832,1979-07-06,9.845238095238097,1,0,0,0,gold,98.73077591839277,4.592396710585617,0.0,,,,0,0
833,1979-07-11,9.857142857142858,1,1,0,1,"gold,oil,silver",99.42048900238083,4.599358219205837,0.0,1.4813882244661367,0.3929796376429104,0.0,0,0
834,1979-07-16,9.86904761904762,0,1,1,1,"gas,oil,silver",,,,1.538591411227282,0.4308673298272479,0.0,0,0
835,1979-07-19,9.88095238095238,0,1,1,1,"gas,oil,silver",,,,1.6123707907502318,0.4777056367099311,0.0,0,0
836,1979-07-24,9.892857142857142,0,0,0,1,oil,,,,,,,0,0
837,1979-07-26,9.90079365079365,0,1,0,0,silver,,,,1.64050537539016,0.4950043500915906,0.0,0,0
838,1979-07-31,9.912698412698411,1,0,1,0,"gas,gold",105.3562486704742,4.657347451927146,0.0,,,,0,0
839,1979-08-03,9.924603174603174,0,1,1,1,"gas,oil,silver",,,,1.6107931743984325,0.4767267125876445,0.0,0,0
840,1979-08-08,9.936507936507937,1,0,0,0,gold,106.56995496468927,4.668801623643766,0.0,,,,0,0
841,1979-08-13,9.948412698412698,1,0,0,1,"gold,oil",107.8235270416452,4.68049588180202,0.0,,,,0,0
842,1979-08-16,9.96031746031746,0,0,0,1,oil,,,,,,,0,0
843,1979-08-21,9.97222222222222,0,1,0,1,"oil,silver",,,,1.640073431564845,0.494741016178139,0.0,0,0
844,1979-08-24,9.984126984126984,0,1,0,0,silver,,,,1.6224026287322082,0.4839081546872112,0.0,0,0
845,1979-08-28,9.992063492063492,0,0,0,1,oil,,,,,,,0,0
846,1979-08-31,10.003968253968257,0,0,0,1,oil,,,,,,,0,0
847,1979-09-05,10.015873015873016,1,0,1,0,"gas,gold",107.19914201896404,4.674688245050233,0.0,,,,0,0
848,1979-09-10,10.02777777777778,1,1,0,0,"gold,silver",109.25276437457548,4.693664136855355,0.0,1.6790402485802327,0.5182223495652226,0.0,0,0
849,1979-09-13,10.03968253968254,0,0,1,0,gas,,,,,,,0,0
850,1979-09-18,10.051587301587302,1,0,1,0,"gas,gold",103.86949044514866,4.643135211529686,0.0,,,,0,0
851,1979-09-21,10.063492063492063,1,1,1,1,"gas,gold,oil,silver",102.56426333403353,4.63048956147798,0.0,1.5691956954383897,0.4505631921927235,0.0,0,0
852,1979-09-26,10.075396825396826,0,0,1,0,gas,,,,,,,0,0
853,1979-09-28,10.083333333333334,0,1,0,0,silver,,,,1.454476609277897,0.374646117199812,0.0,0,0
854,1979-10-03,10.095238095238097,0,0,1,0,gas,,,,,,,0,0
855,1979-10-08,10.107142857142858,0,1,0,0,silver,,,,1.5484858686655152,0.4372775945680496,0.0,0,0
856,1979-10-11,10.11904761904762,0,1,1,0,"gas,silver",,,,1.468286298823593,0.3840959376237279,0.0,0,0
857,1979-10-16,10.13095238095238,0,1,1,0,"gas,silver",,,,1.62226666585368,0.4838243477619047,0.0,0,0
858,1979-10-19,10.142857142857142,0,0,1,1,"gas,oil",,,,,,,0,0
859,1979-10-24,10.154761904761903,0,0,0,1,oil,,,,,,,0,0
860,1979-10-29,10.166666666666666,0,0,0,1,oil,,,,,,,0,0
861,1979-10-31,10.174603174603174,0,0,0,1,oil,,,,,,,0,0
862,1979-11-05,10.186507936507937,0,1,0,0,silver,,,,1.6728114436831245,0.5145057101437532,0.0,0,0
863,1979-11-08,10.198412698412698,1,0,0,1,"gold,oil",108.37756513073754,4.685621103847012,0.0,,,,0,0
864,1979-11-13,10.21031746031746,0,1,0,1,"oil,silver",,,,1.730343319608524,0.5483198394617294,0.0,0,0
865,1979-11-15,10.218253968253968,1,1,0,0,"gold,silver",119.41492774503266,4.782604216134002,0.0,,,,1,1
866,1979-11-21,10.234126984126984,1,0,0,0,gold,123.52693028407532,4.816459191276995,0.0,,,,1,1
867,1979-11-23,10.242063492063492,1,0,0,0,gold,123.87889829933803,4.81930446177629,0.0,,,,1,1
868,1979-11-26,10.246031746031745,1,0,1,0,"gas,gold",124.60985100430165,4.825187664257903,0.0,,,,1,1
869,1979-11-27,10.25,0,0,0,1,oil,,,,,,,1,1
870,1979-11-29,10.257936507936508,0,1,0,0,silver,,,,,,,1,1
871,1979-11-30,10.261904761904763,0,0,0,1,oil,,,,,,,1,1
872,1979-12-04,10.26984126984127,1,1,0,0,"gold,silver",117.3384946386888,4.765062874360442,0.0,,,,1,1
873,1979-12-05,10.273809523809524,1,1,0,0,"gold,silver",117.40271012998552,4.765609991710051,0.0,,,,1,1
874,1979-12-06,10.277777777777779,1,1,1,0,"gas,gold,silver",116.5822565491691,4.758597088659008,0.0,,,,1,1
875,1979-12-17,10.305555555555555,1,1,0,1,"gold,oil,silver",113.06496346605724,4.727962551451545,0.0,,,,1,1
876,1979-12-18,10.30952380952381,1,0,0,1,"gold,oil",112.7065218575914,4.724787288560295,0.0,,,,1,1
877,1979-12-20,10.317460317460318,1,0,0,0,gold,112.29982961129944,4.721172344479662,0.0,,,,1,1
878,1979-12-26,10.333333333333334,1,1,1,1,"gas,gold,oil,silver",114.06115475683448,4.736734749794578,0.0,,,,1,1
879,1979-12-31,10.345238095238095,1,0,0,0,gold,116.88103369833996,4.761156611502753,0.0,,,,1,1
880,1980-01-08,10.369047619047619,1,0,0,0,gold,117.33839523579454,4.76506202721359,0.0,,,,1,1
881,1980-01-09,10.373015873015873,1,0,0,1,"gold,oil",119.3775817032834,4.7822914254008255,0.0,,,,1,1
882,1980-01-11,10.380952380952381,1,1,1,0,"gas,gold,silver",122.81233718251376,4.810657476322356,0.0,,,,1,1
883,1980-01-21,10.404761904761905,0,0,1,0,gas,,,,,,,1,1
884,1980-01-23,10.412698412698413,1,0,0,0,gold,119.80129693186204,4.785834511431282,0.0,,,,1,1
885,1980-01-25,10.420634920634921,1,0,0,0,gold,117.99149133810494,4.770612514561613,0.0,,,,1,1
886,1980-01-29,10.428571428571429,0,0,0,1,oil,,,,,,,1,1
887,1980-01-31,10.436507936507937,1,0,0,0,gold,117.57160966882536,4.767047591938647,0.0,,,,1,1
888,1980-02-06,10.452380952380953,0,0,1,0,gas,,,,,,,1,1
889,1980-02-12,10.468253968253968,1,0,0,0,gold,112.16982914975164,4.72001405451923,0.0,,,,1,1
890,1980-02-14,10.476190476190476,1,0,1,0,"gas,gold",112.33280269185587,4.721465917861723,0.0,,,,1,1
891,1980-02-21,10.496031746031745,1,0,0,1,"gold,oil",113.73954627262272,4.733911152707893,0.0,,,,1,1
892,1980-02-22,10.5,1,0,0,0,gold,112.84707842497914,4.726033613916271,0.0,,,,1,1
893,1980-03-03,10.523809523809524,1,0,0,0,gold,113.38053557965688,4.730749732642779,0.0,,,,1,1
894,1980-03-06,10.535714285714286,1,1,1,0,"gas,gold,silver",111.931027751547,4.717882857950927,0.0,,,,1,1
895,1980-03-10,10.543650793650794,1,1,1,0,"gas,gold,silver",114.27786504647364,4.738632895410621,0.0,,,,1,1
896,1980-03-13,10.555555555555555,1,1,0,0,"gold,silver",113.124282747696,4.728487061648131,0.0,,,,1,1
897,1980-03-19,10.571428571428571,1,1,0,0,"gold,silver",116.63191702304408,4.759022967359817,0.0,,,,1,1
898,1980-03-25,10.587301587301587,0,0,1,0,gas,,,,,,,1,1
899,1980-03-26,10.591269841269842,1,0,0,0,gold,119.18844991024034,4.780705853210287,0.0,,,,1,1
900,1980-03-27,10.595238095238095,1,0,0,0,gold,121.40962679527036,4.799170173630316,0.0,,,,1,1
901,1980-03-31,10.603174603174603,0,0,0,1,oil,,,,,,,1,1
902,1980-04-02,10.61111111111111,1,0,0,0,gold,118.38528540883034,4.773944436085039,0.0,,,,1,1
903,1980-04-10,10.634920634920634,1,1,1,0,"gas,gold,silver",119.0891746782784,4.7798725795205925,0.0,,,,1,1
904,1980-04-16,10.65079365079365,1,1,0,0,"gold,silver",113.5555942201794,4.732292533918189,0.0,,,,1,1
905,1980-04-17,10.654761904761905,1,1,0,0,"gold,silver",113.70010245307604,4.733564301838547,0.0,,,,1,1
906,1980-04-18,10.658730158730158,1,1,0,0,"gold,silver",114.73837343252524,4.742654522957897,0.0,,,,1,1
907,1980-04-22,10.666666666666666,1,1,1,0,"gas,gold,silver",113.82303746623012,4.734644939396214,0.0,,,,1,1
908,1980-04-23,10.670634920634921,1,1,1,0,"gas,gold,silver",113.12677274282692,4.72850907255213,0.0,,,,1,1
909,1980-04-30,10.69047619047619,1,0,1,0,"gas,gold",110.7214010045804,4.707017145371135,0.0,,,,1,1
910,1980-05-02,10.698412698412698,1,0,1,0,"gas,gold",108.6597515563105,4.68822145468887,0.0,,,,1,1
911,1980-05-06,10.706349206349206,1,0,0,0,gold,108.14185416561072,4.683443829780705,0.0,,,,1,1
912,1980-05-13,10.726190476190476,1,1,1,0,"gas,gold,silver",106.71994787207964,4.670208093712168,0.0,,,,1,1
913,1980-05-14,10.73015873015873,1,1,1,0,"gas,gold,silver",106.63008032329904,4.669365651319676,0.0,,,,1,1
914,1980-05-27,10.765873015873016,1,1,0,0,"gold,silver",110.19089358289116,4.70221425794036,0.0,,,,1,1
915,1980-06-04,10.78968253968254,1,1,0,0,"gold,silver",108.50487996255188,4.686795148582478,0.0,,,,1,1
916,1980-06-05,10.793650793650794,0,0,1,1,"gas,oil",,,,,,,1,1
917,1980-06-17,10.825396825396826,0,1,0,0,silver,,,,,,,1,1
918,1980-06-25,10.84920634920635,1,0,1,0,"gas,gold",111.6689065912775,4.715538301982143,0.0,,,,1,1
919,1980-06-26,10.853174603174603,1,0,0,0,gold,112.05646796141752,4.719002922466898,0.0,,,,1,1
920,1980-07-02,10.869047619047619,1,0,0,0,gold,112.24755291961824,4.720706726114073,0.0,,,,1,1
921,1980-07-21,10.920634920634921,1,1,0,0,"gold,silver",115.93249560490727,4.753008087276345,0.0,,,,1,1
922,1980-07-25,10.936507936507937,1,0,0,0,gold,114.80226023918696,4.74321117218631,0.0,,,,1,1
923,1980-07-28,10.94047619047619,0,0,0,1,oil,,,,,,,1,1
924,1980-08-05,10.964285714285714,0,1,0,1,"oil,silver",,,,,,,1,1
925,1980-08-06,10.968253968253968,1,1,1,1,"gas,gold,oil,silver",117.77793788959804,4.768800969208953,0.0,,,,1,1
926,1980-08-11,10.98015873015873,1,0,0,0,gold,116.11980431266488,4.754622453938551,0.0,,,,1,1
927,1980-08-13,10.988095238095237,1,1,0,1,"gold,oil,silver",115.23316168952438,4.74695756872574,0.0,,,,1,1
928,1980-08-20,11.007936507936508,1,1,0,0,"gold,silver",109.55878194817711,4.69646122666401,0.0,,,,1,1
929,1980-08-22,11.015873015873016,1,1,1,0,"gas,gold,silver",109.13857533140308,4.692618408084863,0.0,,,,1,1
930,1980-08-25,11.01984126984127,1,0,1,0,"gas,gold",109.88089702599515,4.699397024881366,0.0,,,,1,1
931,1980-08-27,11.027777777777779,1,0,0,1,"gold,oil",110.77922176365252,4.70753922751847,0.0,,,,1,1
932,1980-08-28,11.031746031746032,0,0,0,1,oil,,,,,,,1,1
933,1980-09-03,11.047619047619047,1,0,0,0,gold,113.54975460181087,4.732241107402697,0.0,,,,1,1
934,1980-09-10,11.067460317460318,1,0,0,0,gold,109.68417400348878,4.697605090725133,0.0,,,,1,1
935,1980-09-11,11.071428571428571,1,1,0,1,"gold,oil,silver",111.55435480502446,4.714511959157546,0.0,,,,1,1
936,1980-09-12,11.075396825396826,1,0,0,1,"gold,oil",110.96084768537756,4.709177415535592,0.0,,,,1,1
937,1980-09-17,11.087301587301587,1,0,0,0,gold,107.88440381042376,4.68106031881789,0.0,,,,1,1
938,1980-09-24,11.107142857142858,0,1,0,0,silver,,,,,,,1,1
939,1980-09-26,11.115079365079366,1,1,1,1,"gas,gold,oil,silver",109.45694171531729,4.695531245578668,0.0,,,,1,1
940,1980-10-01,11.126984126984127,1,0,0,0,gold,108.9871555706173,4.6912300364839306,0.0,,,,1,1
941,1980-10-07,11.142857142857142,0,1,0,0,silver,,,,,,,1,1
942,1980-10-08,11.146825396825397,0,1,0,0,silver,,,,,,,1,1
943,1980-10-17,11.174603174603174,1,0,1,0,"gas,gold",99.5897944496054,4.601059693975211,0.0,,,,1,1
944,1980-10-22,11.186507936507937,0,1,0,0,silver,,,,,,,1,1
945,1980-10-24,11.194444444444445,1,0,0,0,gold,102.38964057446196,4.628785541222736,0.0,,,,1,1
946,1980-10-27,11.198412698412698,1,1,0,0,"gold,silver",101.38209661609872,4.61889651359677,0.0,,,,1,1
947,1980-10-28,11.202380952380953,0,1,0,0,silver,,,,,,,1,1
948,1980-10-30,11.21031746031746,1,0,1,0,"gas,gold",102.59737020290083,4.630812300857501,0.0,,,,1,1
949,1980-11-06,11.23015873015873,0,0,1,0,gas,,,,,,,1,1
950,1980-11-12,11.246031746031745,1,0,0,0,gold,111.77136911693736,4.716455437735911,0.0,,,,1,1
951,1980-11-13,11.25,1,0,1,0,"gas,gold",113.32461243585358,4.730256376885954,0.0,,,,1,1
952,1980-11-14,11.253968253968255,1,1,0,0,"gold,silver",112.56189771999236,4.723503272294363,0.0,,,,1,1
953,1980-11-18,11.261904761904763,0,1,1,0,"gas,silver",,,,,,,1,1
954,1980-11-19,11.265873015873016,1,1,0,1,"gold,oil,silver",112.27987577596537,4.720994645115846,0.0,,,,1,1
955,1980-11-21,11.273809523809524,1,0,0,0,gold,114.8387273125678,4.743528772925413,0.0,,,,1,1
956,1980-12-09,11.321428571428571,1,0,1,0,"gas,gold",116.74602319127553,4.760000833367369,0.0,,,,1,1
957,1980-12-12,11.333333333333334,1,1,0,0,"gold,silver",121.2963412777175,4.798236652904152,0.0,,,,1,1
958,1980-12-15,11.337301587301587,1,0,0,0,gold,120.44061342573217,4.791156796806575,0.0,,,,1,1
959,1980-12-16,11.341269841269842,1,0,0,0,gold,119.93555213847958,4.786954532998036,0.0,,,,1,1
960,1980-12-18,11.34920634920635,1,1,0,0,"gold,silver",117.83430118682422,4.769279410384354,0.0,,,,1,1
961,1980-12-23,11.36111111111111,0,0,1,0,gas,,,,,,,1,1
962,1980-12-24,11.365079365079366,1,0,0,0,gold,114.64937851768012,4.741878588597378,0.0,,,,1,1
963,1980-12-29,11.376984126984127,1,0,0,1,"gold,oil",119.22643200557349,4.781024475062658,0.0,,,,1,1
964,1980-12-30,11.380952380952381,0,0,1,0,gas,,,,,,,1,1
965,1980-12-31,11.384920634920634,1,0,1,0,"gas,gold",118.95920753629362,4.778780640531641,0.0,,,,1,1
966,1981-01-01,11.38888888888889,0,1,0,0,silver,,,,,,,1,1
967,1981-01-14,11.424603174603174,1,0,0,0,gold,114.7342387980554,4.74261848698454,0.0,,,,1,1
968,1981-01-15,11.428571428571429,1,0,0,0,gold,113.62319103749272,4.732887631908801,0.0,,,,1,1
969,1981-01-16,11.432539682539682,1,0,0,0,gold,113.16764220364924,4.7288702786497385,0.0,,,,1,1
970,1981-01-19,11.436507936507937,1,0,0,0,gold,112.02930151019255,4.718760457705105,0.0,,,,1,1
971,1981-01-22,11.448412698412698,1,0,1,0,"gas,gold",114.34501422538088,4.739220318515885,0.0,,,,1,1
972,1981-01-30,11.472222222222221,0,1,0,0,silver,,,,,,,1,1
973,1981-02-02,11.476190476190476,1,0,1,0,"gas,gold",116.7661416026299,4.760173144830644,0.0,,,,1,1
974,1981-02-03,11.48015873015873,1,1,0,1,"gold,oil,silver",116.56309390303346,4.758432704971822,0.0,,,,1,1
975,1981-02-11,11.503968253968255,1,1,0,0,"gold,silver",113.64431806784424,4.73307355404519,0.0,,,,1,1
976,1981-02-12,11.507936507936508,1,0,1,0,"gas,gold",112.9601734830308,4.727035309535456,0.0,,,,1,1
977,1981-02-13,11.511904761904763,1,0,0,0,gold,112.3408707926887,4.721537738477919,0.0,,,,1,1
978,1981-02-16,11.515873015873016,1,0,1,0,"gas,gold",114.27016660911929,4.738565527187832,0.0,,,,1,1
979,1981-02-17,11.51984126984127,1,0,0,0,gold,113.94680344304945,4.73573170302134,0.0,,,,1,1
980,1981-02-18,11.523809523809524,1,0,0,0,gold,113.76124268512028,4.734101889739292,0.0,,,,1,1
981,1981-02-19,11.527777777777779,1,1,0,0,"gold,silver",114.36853199688,4.739425971149675,0.0,,,,1,1
982,1981-03-10,11.579365079365079,1,0,0,0,gold,116.6385462118614,4.759079804292596,0.0,,,,1,1
983,1981-03-12,11.587301587301587,1,0,0,0,gold,117.83500442884656,4.769285378425211,0.0,,,,1,1
984,1981-03-13,11.591269841269842,1,1,0,1,"gold,oil,silver",119.77253833011588,4.785594430106434,0.0,,,,1,1
985,1981-03-16,11.595238095238095,0,0,1,0,gas,,,,,,,1,1
986,1981-03-18,11.603174603174603,1,0,1,1,"gas,gold,oil",118.34006966592888,4.7735624259413685,0.0,,,,1,1
987,1981-03-23,11.615079365079366,1,1,0,0,"gold,silver",119.96050143946545,4.787162533927636,0.0,,,,1,1
988,1981-03-24,11.619047619047619,0,0,0,1,oil,,,,,,,1,1
989,1981-03-27,11.630952380952381,1,0,0,0,gold,116.68406928585898,4.759470019998674,0.0,,,,1,1
990,1981-04-07,11.658730158730158,0,1,1,0,"gas,silver",,,,,,,1,1
991,1981-04-15,11.682539682539682,0,1,0,0,silver,,,,,,,1,1
992,1981-04-27,11.714285714285714,1,0,0,0,gold,120.03958497509606,4.787821563177786,0.0,,,,1,1
993,1981-04-28,11.718253968253968,1,0,0,0,gold,120.97398871516596,4.795575553191381,0.0,,,,1,1
994,1981-04-29,11.722222222222221,1,0,0,0,gold,119.86209319812058,4.786341858569529,0.0,,,,1,1
995,1981-05-05,11.738095238095237,1,0,1,1,"gas,gold,oil",121.04036721906672,4.796124103340888,0.0,,,,1,1
996,1981-05-06,11.742063492063492,0,1,1,0,"gas,silver",,,,,,,1,1
997,1981-05-07,11.746031746031745,0,0,1,0,gas,,,,,,,1,1
998,1981-05-08,11.75,0,0,0,1,oil,,,,,,,1,1
999,1981-05-14,11.765873015873016,1,0,0,0,gold,124.48765048618192,4.82420651810275,0.0,,,,1,1
1000,1981-05-18,11.773809523809524,1,0,0,0,gold,125.69429296356034,4.833852712525405,0.0,,,,1,1
1001,1981-05-19,11.777777777777779,1,1,0,1,"gold,oil,silver",126.50060381824332,4.840247081422929,0.0,,,,1,1
1002,1981-05-21,11.785714285714286,1,0,0,0,gold,126.1655993543701,4.83759532463097,0.0,,,,1,1
1003,1981-05-25,11.793650793650794,1,1,0,0,"gold,silver",129.14060480909745,4.860901770547254,0.0,,,,1,1
1004,1981-05-26,11.797619047619047,1,0,1,1,"gas,gold,oil",130.11463119101717,4.868415840309842,0.0,,,,1,1
1005,1981-05-27,11.801587301587302,0,1,0,0,silver,,,,,,,1,1
1006,1981-06-04,11.825396825396826,1,0,0,0,gold,140.71469968636836,4.94673443404603,0.0,,,,1,1
1007,1981-06-11,11.845238095238095,1,0,0,1,"gold,oil",136.64866083579716,4.9174131123684806,0.0,,,,1,1
1008,1981-06-17,11.86111111111111,1,0,1,0,"gas,gold",136.75208025211396,4.91816965326766,0.0,,,,1,1
1009,1981-06-18,11.865079365079366,1,0,0,0,gold,138.03929667570964,4.927538403140828,0.0,,,,1,1
1010,1981-06-29,11.892857142857142,1,0,0,0,gold,140.0788885589303,4.942205753615239,0.0,,,,1,1
1011,1981-06-30,11.896825396825397,0,1,0,0,silver,,,,,,,1,1
1012,1981-07-02,11.904761904761905,0,1,0,0,silver,,,,,,,1,1
1013,1981-07-03,11.908730158730158,1,0,0,0,gold,144.61079304524878,4.974045947639385,0.0,,,,1,1
1014,1981-07-08,11.920634920634921,1,0,0,0,gold,146.9338355765796,4.989982387335667,0.0,,,,1,1
1015,1981-07-10,11.928571428571429,1,0,0,0,gold,146.0401778937665,4.983881774903419,0.0,,,,1,1
1016,1981-07-13,11.932539682539682,1,0,1,0,"gas,gold",147.1374563115896,4.991367226816218,0.0,,,,1,1
1017,1981-07-14,11.936507936507937,1,0,0,0,gold,149.92705479429247,5.010148874442011,0.0,,,,1,1
1018,1981-07-15,11.94047619047619,1,0,0,0,gold,148.86965049658542,5.003071094177373,0.0,,,,1,1
1019,1981-07-16,11.944444444444445,1,1,1,1,"gas,gold,oil,silver",147.39640030885687,4.993125558214542,0.0,,,,1,1
1020,1981-07-23,11.964285714285714,1,0,0,0,gold,151.85528376750085,5.022927986852812,0.0,,,,1,1
1021,1981-07-29,11.98015873015873,1,1,1,0,"gas,gold,silver",151.66505467463313,5.021674501707455,0.0,,,,1,1
1022,1981-08-03,11.992063492063492,1,0,1,0,"gas,gold",149.93617580460338,5.010209708911749,0.0,,,,1,1
1023,1981-08-04,11.996031746031745,1,1,0,0,"gold,silver",151.0543351824085,5.017639607734695,0.0,,,,1,1
1024,1981-08-10,12.011904761904763,1,0,1,0,"gas,gold",148.34982696627443,4.999573180347707,0.0,,,,1,1
1025,1981-08-12,12.01984126984127,1,0,0,0,gold,149.75875733001496,5.0090257149519,0.0,,,,1,1
1026,1981-08-21,12.047619047619047,1,1,1,0,"gas,gold,silver",149.03412366211742,5.004175297591431,0.0,,,,1,1
1027,1981-08-26,12.05952380952381,0,0,1,0,gas,,,,,,,1,1
1028,1981-08-27,12.063492063492063,0,0,1,0,gas,,,,,,,1,1
1029,1981-08-28,12.067460317460318,1,1,0,1,"gold,oil,silver",150.76946977423512,5.015751979999044,0.0,,,,1,1
1030,1981-09-01,12.075396825396826,1,0,0,1,"gold,oil",157.14347084619976,5.05715921510843,0.0,,,,1,1
1031,1981-09-03,12.083333333333334,1,0,0,1,"gold,oil",157.1007532310033,5.056887339845901,0.0,,,,1,1
1032,1981-09-04,12.087301587301587,1,1,1,0,"gas,gold,silver",157.21157578795015,5.0575925146119385,0.0,,,,1,1
1033,1981-09-10,12.103174603174603,1,0,0,0,gold,162.3955145123169,5.09003480734809,0.0,,,,1,1
1034,1981-09-15,12.115079365079366,1,1,0,0,"gold,silver",162.4001127901976,5.0900631222482575,0.0,,,,1,1
1035,1981-09-17,12.123015873015873,0,1,0,0,silver,,,,,,,1,1
1036,1981-09-21,12.130952380952381,1,1,0,0,"gold,silver",159.084731886078,5.069436965220705,0.0,,,,1,1
1037,1981-09-25,12.146825396825397,1,1,0,0,"gold,silver",156.71916822247474,5.054455466210733,0.0,,,,1,1
1038,1981-09-28,12.15079365079365,1,1,0,0,"gold,silver",157.2396653208912,5.057771172091023,0.0,,,,1,1
1039,1981-10-01,12.162698412698413,0,0,1,1,"gas,oil",,,,,,,1,1
1040,1981-10-09,12.186507936507937,0,1,0,0,silver,,,,,,,1,1
1041,1981-10-12,12.19047619047619,1,0,0,0,gold,161.12521955485332,5.082181823895216,0.0,,,,1,1
1042,1981-10-21,12.218253968253968,0,0,0,1,oil,,,,,,,1,1
1043,1981-10-28,12.238095238095237,1,0,0,1,"gold,oil",158.33939675422351,5.064740809923118,0.0,,,,1,1
1044,1981-11-04,12.257936507936508,1,1,1,1,"gas,gold,oil,silver",156.30628831349583,5.051817468950159,0.0,,,,1,1
1045,1981-11-05,12.261904761904763,0,0,0,1,oil,,,,,,,1,1
1046,1981-11-12,12.281746031746032,1,0,0,0,gold,156.1483091388854,5.050806255229124,0.0,,,,1,1
1047,1981-11-18,12.297619047619047,0,1,0,0,silver,,,,,,,1,1
1048,1981-11-23,12.30952380952381,1,0,0,0,gold,158.0959075208128,5.063201858496541,0.0,,,,1,1
1049,1981-11-27,12.325396825396826,1,0,0,1,"gold,oil",157.9283219324947,5.06214127143765,0.0,,,,1,1
1050,1981-11-30,12.329365079365079,1,0,0,1,"gold,oil",156.6370133262551,5.053931111479986,0.0,,,,1,1
1051,1981-12-02,12.337301587301587,0,1,0,1,"oil,silver",,,,,,,1,1
1052,1981-12-07,12.34920634920635,1,0,0,0,gold,150.0658573733366,5.011074246897954,0.0,,,,1,1
1053,1981-12-15,12.373015873015873,0,1,0,0,silver,,,,,,,1,1
1054,1981-12-16,12.376984126984127,1,0,0,0,gold,149.5013549927659,5.00730545628643,0.0,,,,1,1
1055,1981-12-17,12.380952380952381,1,0,0,0,gold,150.4256779734306,5.013469128149146,0.0,,,,1,1
1056,1981-12-23,12.396825396825397,1,1,0,0,"gold,silver",145.33369217908876,4.979032423800047,0.0,,,,1,1
1057,1981-12-30,12.416666666666666,0,1,0,0,silver,,,,,,,1,1
1058,1982-01-07,12.44047619047619,1,1,0,0,"gold,silver",143.23413244351724,4.964480581176987,0.0,,,,1,1
1059,1982-01-11,12.448412698412698,1,0,1,0,"gas,gold",147.90976669590438,4.996602403343818,0.0,,,,1,1
1060,1982-01-13,12.456349206349206,1,0,0,0,gold,149.4135449714292,5.00671793104849,0.0,,,,1,1
1061,1982-01-15,12.464285714285714,1,0,0,0,gold,149.07182725095757,5.004428251877823,0.0,,,,1,1
1062,1982-01-20,12.476190476190476,1,0,1,1,"gas,gold,oil",149.54587219869885,5.007603183215249,0.0,,,,1,1
1063,1982-01-28,12.5,1,1,1,0,"gas,gold,silver",147.0348345897839,4.990669528704311,0.0,,,,1,1
1064,1982-01-29,12.503968253968255,1,0,0,1,"gold,oil",148.23871302346242,4.998823900230449,0.0,,,,1,1
1065,1982-02-02,12.511904761904763,1,1,0,0,"gold,silver",146.42191416017047,4.986492277211657,0.0,,,,1,1
1066,1982-02-04,12.51984126984127,0,1,0,0,silver,,,,,,,1,1
1067,1982-02-05,12.523809523809524,1,0,0,0,gold,146.34638281609318,4.985976296850852,0.0,,,,1,1
1068,1982-02-11,12.53968253968254,1,0,1,0,"gas,gold",146.06966860630317,4.9840836901280525,0.0,,,,1,1
1069,1982-02-15,12.547619047619047,1,0,0,0,gold,148.92659092064125,5.003453506154628,0.0,,,,1,1
1070,1982-02-16,12.551587301587302,1,1,0,1,"gold,oil,silver",149.5829083782425,5.007850810204945,0.0,,,,1,1
1071,1982-02-18,12.55952380952381,1,0,0,0,gold,149.15264563931956,5.004970248914868,0.0,,,,1,1
1072,1982-02-19,12.563492063492063,1,1,1,0,"gas,gold,silver",151.5448344894481,5.020881518392721,0.0,,,,1,1
1073,1982-02-24,12.575396825396826,1,1,1,1,"gas,gold,oil,silver",151.53400482091288,5.020810054026786,0.0,,,,1,1
1074,1982-03-01,12.587301587301587,1,0,0,0,gold,151.3762184499358,5.019768251055962,0.0,,,,1,1
1075,1982-03-02,12.591269841269842,1,0,0,0,gold,151.45903148142415,5.020315169115015,0.0,,,,1,1
1076,1982-03-03,12.595238095238095,1,1,0,0,"gold,silver",150.7519075966527,5.015635489568047,0.0,,,,1,1
1077,1982-03-04,12.59920634920635,1,0,0,0,gold,149.28977051381202,5.0058891858803936,0.0,,,,1,1
1078,1982-03-09,12.61111111111111,1,1,0,0,"gold,silver",145.77472914763356,4.982062479089917,0.0,,,,1,1
1079,1982-03-12,12.623015873015873,1,0,0,0,gold,146.51676211060862,4.987139839049241,0.0,,,,1,1
1080,1982-03-15,12.626984126984127,1,1,1,1,"gas,gold,oil,silver",147.51375583652177,4.993921431340062,0.0,,,,1,1
1081,1982-03-16,12.630952380952381,1,0,0,0,gold,149.17877939118878,5.005145448372541,0.0,,,,1,1
1082,1982-03-17,12.634920634920634,1,0,0,0,gold,149.33393334319203,5.0061849616619645,0.0,,,,1,1
1083,1982-03-23,12.65079365079365,0,0,1,0,gas,,,,,,,1,1
1084,1982-03-25,12.658730158730158,1,1,0,0,"gold,silver",152.84634288593878,5.029433121887303,0.0,,,,1,1
1085,1982-03-26,12.662698412698413,1,0,0,0,gold,152.2948436518541,5.025818402806987,0.0,,,,1,1
1086,1982-04-02,12.682539682539682,0,0,1,0,gas,,,,,,,1,1
1087,1982-04-08,12.698412698412698,0,1,0,0,silver,,,,,,,1,1
1088,1982-04-15,12.718253968253968,1,1,0,0,"gold,silver",153.02398681510851,5.03059468567361,0.0,,,,1,1
1089,1982-04-20,12.73015873015873,1,0,0,0,gold,157.3837665666265,5.058687195763812,0.0,,,,1,1
1090,1982-04-22,12.738095238095237,1,1,1,1,"gas,gold,oil,silver",158.29784607548214,5.064478360196052,0.0,,,,1,1
1091,1982-04-26,12.746031746031745,1,1,1,0,"gas,gold,silver",155.6188093391228,5.047409487080751,0.0,,,,1,1
1092,1982-04-28,12.753968253968255,0,1,0,0,silver,,,,,,,1,1
1093,1982-04-29,12.757936507936508,1,1,1,0,"gas,gold,silver",156.02287002407215,5.05000259922282,0.0,,,,1,1
1094,1982-05-03,12.765873015873016,1,0,0,0,gold,157.87670568583636,5.061814384639759,0.0,,,,1,1
1095,1982-05-04,12.76984126984127,1,1,0,0,"gold,silver",159.5589575901384,5.072413493988405,0.0,,,,1,1
1096,1982-05-07,12.781746031746032,1,0,0,0,gold,158.81186148010622,5.06772024048265,0.0,,,,1,1
1097,1982-05-10,12.785714285714286,1,0,1,0,"gas,gold",158.9920852290368,5.068854422547513,0.0,,,,1,1
1098,1982-05-13,12.797619047619047,1,0,0,0,gold,154.28238438787054,5.038784588158833,0.0,,,,1,1
1099,1982-05-14,12.801587301587302,1,0,0,0,gold,156.48085345908257,5.052933660381313,0.0,,,,1,1
1100,1982-05-20,12.817460317460318,1,1,0,0,"gold,silver",156.03641403749498,5.050089403327829,0.0,,,,1,1
1101,1982-05-21,12.821428571428571,0,0,0,1,oil,,,,,,,1,1
1102,1982-05-26,12.833333333333334,1,0,0,0,gold,154.38192364972346,5.039429555929395,0.0,,,,1,1
1103,1982-05-28,12.841269841269842,1,1,0,0,"gold,silver",154.19958995573106,5.03824780195404,0.0,,,,1,1
1104,1982-05-31,12.845238095238095,1,1,0,0,"gold,silver",151.49763492977632,5.020570013802992,0.0,,,,1,1
1105,1982-06-01,12.84920634920635,1,0,0,0,gold,153.29787023584342,5.032382892994853,0.0,,,,1,1
1106,1982-06-03,12.857142857142858,0,0,1,1,"gas,oil",,,,,,,1,1
1107,1982-06-11,12.880952380952381,1,1,0,0,"gold,silver",148.67374064107634,5.001754245007438,0.0,,,,1,1
1108,1982-06-14,12.884920634920634,1,1,1,1,"gas,gold,oil,silver",147.95283296067964,4.996893526758061,0.0,,,,1,1
1109,1982-06-17,12.896825396825397,0,0,0,1,oil,,,,,,,1,1
1110,1982-06-22,12.908730158730158,1,1,0,1,"gold,oil,silver",149.10848666989736,5.004674139466057,0.0,,,,1,1
1111,1982-06-24,12.916666666666666,0,0,0,1,oil,,,,,,,0,0
1112,1982-06-29,12.928571428571429,0,0,1,0,gas,,,,,,,0,0
1113,1982-07-02,12.94047619047619,0,1,0,0,silver,,,,1.594622791507488,0.4666372139149366,0.0,0,0
1114,1982-07-06,12.948412698412698,1,0,0,0,gold,151.3401860373356,5.019530190533068,0.0,,,,0,0
1115,1982-07-09,12.96031746031746,0,1,1,1,"gas,oil,silver",,,,1.6865530120392402,0.5226868081943912,0.0,0,0
1116,1982-07-14,12.97222222222222,0,1,0,0,silver,,,,1.7309175284732754,0.5486516311961415,0.0,0,0
1117,1982-07-19,12.984126984126984,0,1,0,0,silver,,,,1.7334410934027078,0.5501085042576359,0.0,0,0
1118,1982-07-22,12.996031746031743,1,1,0,1,"gold,oil,silver",155.10718289325376,5.044116380478651,0.0,1.7074586761573132,0.535006110797952,0.0,0,0
1119,1982-07-27,13.007936507936508,1,0,0,0,gold,156.40442316352826,5.052445108808036,0.0,,,,0,0
1120,1982-07-30,13.01984126984127,0,0,0,1,oil,,,,,,,0,0
1121,1982-08-04,13.031746031746032,0,1,0,0,silver,,,,1.598988391513304,0.4693711739838783,0.0,0,0
1122,1982-08-06,13.03968253968254,1,0,1,0,"gas,gold",145.19950837228083,4.978108716519129,0.0,,,,0,0
1123,1982-08-11,13.051587301587302,0,1,0,0,silver,,,,1.573127435121168,0.4530656348577226,0.0,0,0
1124,1982-08-16,13.063492063492063,1,1,1,0,"gas,gold,silver",147.41238312410815,4.993233986566512,0.0,1.5941372640531333,0.4663326896173118,0.0,0,0
1125,1982-08-19,13.075396825396826,0,0,1,0,gas,,,,,,,0,0
1126,1982-08-24,13.087301587301589,0,1,0,0,silver,,,,1.6185346896582082,0.4815212273693076,0.0,0,0
1127,1982-08-27,13.09920634920635,1,0,1,1,"gas,gold,oil",147.13176000528978,4.991328511884552,0.0,,,,0,0
1128,1982-09-01,13.11111111111111,1,0,0,1,"gold,oil",142.18464395335045,4.957126522461603,0.0,,,,0,0
1129,1982-09-06,13.123015873015872,1,1,0,0,"gold,silver",141.3132723276779,4.950979215411509,0.0,1.513577938761234,0.4144763438665189,0.0,0,0
1130,1982-09-08,13.13095238095238,1,0,0,0,gold,140.66500043366275,4.946381180039425,0.0,,,,0,0
1131,1982-09-13,13.142857142857142,0,0,1,0,gas,,,,,,,0,0
1132,1982-09-16,13.154761904761903,0,1,0,0,silver,,,,1.6279211453085405,0.4873038298645956,0.0,0,0
1133,1982-09-21,13.166666666666666,0,1,0,0,silver,,,,1.634397615056572,0.4912743053037226,0.0,0,0
1134,1982-09-24,13.178571428571429,1,0,0,1,"gold,oil",149.6994778431651,5.00862980339789,0.0,,,,0,0
1135,1982-09-29,13.19047619047619,0,1,0,1,"oil,silver",,,,1.597539155472808,0.4684644174372876,0.0,0,0
1136,1982-10-04,13.202380952380953,1,1,1,1,"gas,gold,oil,silver",147.21899803980597,4.991921260737314,0.0,1.5406694796120834,0.4322170489799569,0.0,0,0
1137,1982-10-06,13.21031746031746,1,0,0,0,gold,146.105093324386,4.98432618005444,0.0,,,,0,0
1138,1982-10-11,13.22222222222222,0,1,0,0,silver,,,,1.469873812150582,0.3851765550315692,0.0,0,0
1139,1982-10-14,13.234126984126984,1,1,1,1,"gas,gold,oil,silver",193.22883758438184,5.263875173498945,0.0,,,,1,1
1140,1982-10-19,13.246031746031745,0,1,1,0,"gas,silver",,,,,,,1,1
1141,1982-10-22,13.257936507936508,0,1,0,0,silver,,,,,,,1,1
1142,1982-10-26,13.265873015873016,1,1,0,1,"gold,oil,silver",189.2785888663661,5.243219944931608,0.0,,,,1,1
1143,1982-11-02,13.285714285714286,1,1,1,0,"gas,gold,silver",185.79803917841497,5.224660272924777,0.0,,,,1,1
1144,1982-11-08,13.301587301587302,0,0,1,0,gas,,,,,,,1,1
1145,1982-11-17,13.329365079365079,0,1,0,0,silver,,,,,,,1,1
1146,1982-11-18,13.333333333333334,1,0,0,0,gold,174.6102520715347,5.162556359158987,0.0,,,,1,1
1147,1982-11-24,13.34920634920635,0,0,0,1,oil,,,,,,,1,1
1148,1982-11-25,13.353174603174603,1,0,0,0,gold,177.2965959956992,5.177824013774025,0.0,,,,1,1
1149,1982-11-29,13.36111111111111,1,1,0,0,"gold,silver",176.95430729289987,5.175891548359582,0.0,,,,1,1
1150,1982-12-01,13.369047619047619,1,0,1,1,"gas,gold,oil",176.49590451984662,5.173297672250578,0.0,,,,1,1
1151,1982-12-02,13.373015873015873,1,0,1,0,"gas,gold",177.4063941203826,5.178443112745558,0.0,,,,1,1
1152,1982-12-03,13.376984126984127,1,0,0,0,gold,175.43501627385834,5.167268696694395,0.0,,,,1,1
1153,1982-12-07,13.384920634920634,1,0,0,0,gold,175.21928547699054,5.166038249367733,0.0,,,,1,1
1154,1982-12-13,13.40079365079365,1,0,0,1,"gold,oil",174.60169151522672,5.162507331303744,0.0,,,,1,1
1155,1982-12-17,13.416666666666666,1,1,0,1,"gold,oil,silver",172.70730304071347,5.151598271697534,0.0,,,,1,1
1156,1982-12-22,13.428571428571429,1,0,0,0,gold,171.22933339409212,5.143003788949397,0.0,,,,1,1
1157,1982-12-23,13.432539682539682,1,0,0,0,gold,172.8665103061364,5.15251967992083,0.0,,,,1,1
1158,1982-12-27,13.44047619047619,1,0,0,1,"gold,oil",175.99579164857366,5.170460083664628,0.0,,,,1,1
1159,1982-12-30,13.452380952380953,1,1,0,0,"gold,silver",176.39523106381367,5.172727108421608,0.0,,,,1,1
1160,1983-01-03,13.46031746031746,0,0,0,1,oil,,,,,,,1,1
1161,1983-01-05,13.468253968253968,1,1,0,1,"gold,oil,silver",175.30296858085617,5.166515726072774,0.0,,,,1,1
1162,1983-01-06,13.472222222222221,1,1,0,0,"gold,silver",172.68029961840898,5.151441905793537,0.0,,,,1,1
1163,1983-01-11,13.484126984126984,1,0,0,0,gold,172.86139794799868,5.152490105460591,0.0,,,,1,1
1164,1983-01-26,13.527777777777779,0,0,1,0,gas,,,,,,,1,1
1165,1983-01-31,13.53968253968254,0,0,1,1,"gas,oil",,,,,,,1,1
1166,1983-02-01,13.543650793650794,1,0,0,0,gold,174.18540067020328,5.160120253042971,0.0,,,,1,1
1167,1983-02-02,13.547619047619047,1,0,0,0,gold,172.0725146102227,5.147915984537652,0.0,,,,1,1
1168,1983-02-10,13.571428571428571,1,1,0,0,"gold,silver",165.4538055910916,5.108692035560279,0.0,,,,1,1
1169,1983-02-15,13.583333333333334,1,0,0,0,gold,161.57076036537492,5.084943191382604,0.0,,,,1,1
1170,1983-02-16,13.587301587301587,1,1,0,0,"gold,silver",163.95494241272038,5.099591648690018,0.0,,,,1,1
1171,1983-02-24,13.61111111111111,1,1,1,0,"gas,gold,silver",165.8917638139501,5.111335550478488,0.0,,,,1,1
1172,1983-03-02,13.626984126984127,0,0,0,1,oil,,,,,,,1,1
1173,1983-03-08,13.642857142857142,1,1,1,1,"gas,gold,oil,silver",166.01875027153702,5.1121007354207775,0.0,,,,1,1
1174,1983-03-10,13.65079365079365,1,0,0,0,gold,164.123288108768,5.100617902157401,0.0,,,,1,1
1175,1983-03-31,13.71031746031746,1,0,0,1,"gold,oil",157.53596139221864,5.059653758503006,0.0,,,,1,1
1176,1983-04-04,13.718253968253968,1,0,0,0,gold,158.19312497602806,5.06381659658916,0.0,,,,1,1
1177,1983-04-07,13.73015873015873,1,1,0,0,"gold,silver",158.98909237420645,5.068835598446961,0.0,,,,1,1
1178,1983-04-13,13.746031746031745,0,1,0,0,silver,,,,,,,1,1
1179,1983-04-21,13.76984126984127,1,0,0,0,gold,156.73762818703673,5.054573249361679,0.0,,,,1,1
1180,1983-05-02,13.797619047619047,0,1,0,0,silver,,,,,,,1,1
1181,1983-05-06,13.813492063492063,1,0,0,0,gold,160.52573171716443,5.07845425194516,0.0,,,,1,1
1182,1983-05-09,13.817460317460318,0,1,1,0,"gas,silver",,,,,,,1,1
1183,1983-05-13,13.833333333333334,1,0,0,0,gold,163.04114686839688,5.094002603725906,0.0,,,,1,1
1184,1983-05-18,13.845238095238095,1,0,0,0,gold,159.71169595349264,5.073370289568024,0.0,,,,1,1
1185,1983-05-23,13.857142857142858,1,0,0,0,gold,158.46856772812373,5.065556262787563,0.0,,,,1,1
1186,1983-05-27,13.873015873015873,1,0,0,0,gold,162.25535940700345,5.089171386822967,0.0,,,,1,1
1187,1983-05-30,13.876984126984127,1,0,0,1,"gold,oil",160.49819014587223,5.078282666156786,0.0,,,,1,1
1188,1983-06-01,13.884920634920634,1,0,0,0,gold,158.78600949289591,5.06755744350175,0.0,,,,1,1
1189,1983-06-07,13.90079365079365,1,0,0,0,gold,157.47473351147542,5.059265023247316,0.0,,,,1,1
1190,1983-06-08,13.904761904761905,1,0,1,0,"gas,gold",154.5049580562442,5.040226186801823,0.0,,,,1,1
1191,1983-06-21,13.94047619047619,1,1,0,0,"gold,silver",155.54432422360705,5.046930734240814,0.0,,,,1,1
1192,1983-06-23,13.948412698412698,0,0,0,1,oil,,,,,,,1,1
1193,1983-06-29,13.964285714285714,1,0,1,0,"gas,gold",157.58571536427505,5.059969534764303,0.0,,,,1,1
1194,1983-06-30,13.968253968253968,0,1,0,0,silver,,,,,,,1,1
1195,1983-07-06,13.984126984126984,1,0,0,0,gold,158.53146237160405,5.065953074385883,0.0,,,,1,1
1196,1983-07-07,13.988095238095237,0,1,0,0,silver,,,,,,,1,1
1197,1983-07-12,14.0,0,1,0,0,silver,,,,,,,1,1
1198,1983-07-18,14.015873015873016,1,0,0,0,gold,156.44540046669064,5.05270707030075,0.0,,,,1,1
1199,1983-07-20,14.023809523809524,1,0,0,1,"gold,oil",153.37196101655485,5.032866088761782,0.0,,,,1,1
1200,1983-07-22,14.031746031746032,0,0,1,0,gas,,,,,,,1,1
1201,1983-07-27,14.043650793650794,1,1,0,0,"gold,silver",155.45541612351607,5.046358977477198,0.0,,,,1,1
1202,1983-07-29,14.051587301587302,1,0,0,0,gold,153.78958989632554,5.035585368801066,0.0,,,,1,1
1203,1983-08-01,14.055555555555555,1,1,0,0,"gold,silver",151.3637319935883,5.019685761405446,0.0,,,,1,1
1204,1983-08-05,14.071428571428571,1,1,0,0,"gold,silver",151.0837919735434,5.017834596639309,0.0,,,,1,1
1205,1983-08-08,14.075396825396826,0,1,0,0,silver,,,,,,,1,1
1206,1983-08-09,14.079365079365079,0,1,0,0,silver,,,,,,,1,1
1207,1983-08-10,14.083333333333334,1,0,0,0,gold,151.29125871994222,5.019206844637146,0.0,,,,1,1
1208,1983-08-12,14.091269841269842,0,1,0,1,"oil,silver",,,,,,,1,1
1209,1983-08-15,14.095238095238095,1,0,1,0,"gas,gold",151.33808078937784,5.019516279736103,0.0,,,,1,1
1210,1983-08-19,14.11111111111111,1,0,1,0,"gas,gold",149.5601428718085,5.007698605389337,0.0,,,,1,1
1211,1983-09-05,14.154761904761905,1,1,1,1,"gas,gold,oil,silver",139.39912841031742,4.93734124587013,0.0,,,,1,1
1212,1983-09-16,14.19047619047619,1,1,0,0,"gold,silver",134.58416103750932,4.902189735973753,0.0,,,,1,1
1213,1983-09-19,14.194444444444445,0,1,0,1,"oil,silver",,,,,,,1,1
1214,1983-09-21,14.202380952380953,0,0,1,0,gas,,,,,,,1,1
1215,1983-09-22,14.206349206349206,0,0,1,0,gas,,,,,,,1,1
1216,1983-10-06,14.246031746031745,1,0,1,0,"gas,gold",128.29008725864756,4.854294006428198,0.0,,,,1,1
1217,1983-10-07,14.25,0,1,0,0,silver,,,,,,,1,1
1218,1983-10-12,14.261904761904763,0,1,0,0,silver,,,,,,,1,1
1219,1983-10-13,14.265873015873016,1,1,0,1,"gold,oil,silver",125.1489233352578,4.829504414846433,0.0,,,,1,1
1220,1983-10-18,14.277777777777779,1,0,0,0,gold,122.1176653954716,4.804985050385148,0.0,,,,1,1
1221,1983-10-20,14.285714285714286,1,0,0,0,gold,122.943930030554,4.811728398029535,0.0,,,,1,1
1222,1983-10-25,14.297619047619047,0,1,0,0,silver,,,,,,,1,1
1223,1983-10-27,14.305555555555555,1,0,0,0,gold,126.4974841861019,4.840222420112907,0.0,,,,1,1
1224,1983-11-02,14.321428571428571,1,0,0,0,gold,122.5616187652719,4.808613913846244,0.0,,,,1,1
1225,1983-11-10,14.345238095238095,0,1,0,0,silver,,,,,,,1,1
1226,1983-11-11,14.34920634920635,1,1,0,0,"gold,silver",123.74648218525486,4.818234974258932,0.0,,,,1,1
1227,1983-11-18,14.369047619047619,0,1,0,0,silver,,,,,,,1,1
1228,1983-11-21,14.373015873015873,1,1,0,0,"gold,silver",120.95639693888518,4.795430124775978,0.0,,,,1,1
1229,1983-11-22,14.376984126984127,1,1,1,0,"gas,gold,silver",118.33507680924028,4.773520234297981,0.0,,,,1,1
1230,1983-11-29,14.396825396825397,0,0,1,0,gas,,,,,,,1,1
1231,1983-12-08,14.424603174603174,1,0,0,0,gold,118.6789623153153,4.776422051832958,0.0,,,,1,1
1232,1983-12-09,14.428571428571429,1,0,0,0,gold,117.49780926625314,4.766419688867876,0.0,,,,1,1
1233,1983-12-15,14.444444444444445,1,0,0,0,gold,117.09559424171196,4.762990645999308,0.0,,,,1,1
1234,1983-12-19,14.452380952380953,1,0,1,1,"gas,gold,oil",114.97405283848082,4.744706475414067,0.0,,,,1,1
1235,1983-12-26,14.472222222222221,1,0,0,0,gold,112.0485581924082,4.718932332626515,0.0,,,,1,1
1236,1983-12-29,14.484126984126984,0,1,1,0,"gas,silver",,,,,,,1,1
1237,1983-12-30,14.488095238095237,1,0,0,0,gold,110.8552862403204,4.7082256231554975,0.0,,,,1,1
1238,1984-01-06,14.507936507936508,1,0,0,0,gold,109.96051552890276,4.700121351617291,0.0,,,,1,1
1239,1984-01-09,14.511904761904763,0,1,0,0,silver,,,,,,,1,1
1240,1984-01-16,14.531746031746032,1,0,0,0,gold,108.23690725058108,4.684322410381339,0.0,,,,1,1
1241,1984-01-17,14.535714285714286,1,1,0,0,"gold,silver",108.69102183558138,4.688509194907123,0.0,,,,1,1
1242,1984-01-25,14.55952380952381,1,0,0,0,gold,102.13594408699164,4.626304711081067,0.0,,,,1,1
1243,1984-02-01,14.579365079365079,0,1,0,0,silver,,,,,,,1,1
1244,1984-02-10,14.607142857142858,0,1,0,0,silver,,,,,,,1,1
1245,1984-02-13,14.61111111111111,1,1,0,0,"gold,silver",104.71960483582316,4.651286348063424,0.0,,,,1,1
1246,1984-02-14,14.615079365079366,1,0,0,0,gold,104.19580739641631,4.646271892390927,0.0,,,,1,1
1247,1984-02-16,14.623015873015873,1,0,0,0,gold,105.14275248233128,4.6553189742604575,0.0,,,,1,1
1248,1984-02-21,14.634920634920634,1,1,0,0,"gold,silver",103.97960536055874,4.644194777608482,0.0,,,,1,1
1249,1984-02-28,14.654761904761905,1,0,0,0,gold,101.2136885383341,4.617234009942757,0.0,,,,1,1
1250,1984-03-09,14.686507936507937,1,1,0,1,"gold,oil,silver",95.92955262090412,4.563614095219525,0.0,,,,1,1
1251,1984-03-21,14.718253968253968,1,1,0,0,"gold,silver",95.4459601133437,4.558560224638471,0.0,,,,1,1
1252,1984-03-28,14.738095238095237,1,0,0,0,gold,96.11462111729163,4.56554144922433,0.0,,,,1,1
1253,1984-03-30,14.746031746031745,1,0,0,0,gold,96.4846929737202,4.569384373729148,0.0,,,,1,1
1254,1984-04-02,14.75,1,1,0,0,"gold,silver",95.98816342557478,4.5642248862157935,0.0,,,,1,1
1255,1984-04-05,14.761904761904763,1,1,1,1,"gas,gold,oil,silver",98.5078278842776,4.5901360159267695,0.0,,,,1,1
1256,1984-04-09,14.76984126984127,1,0,0,0,gold,98.83352678042192,4.593436887073879,0.0,,,,1,1
1257,1984-04-16,14.78968253968254,1,1,0,0,"gold,silver",98.47586998952312,4.58981154344118,0.0,,,,1,1
1258,1984-04-17,14.793650793650794,1,0,0,0,gold,98.93951713820736,4.594508725438021,0.0,,,,1,1
1259,1984-04-20,14.805555555555555,1,0,0,0,gold,96.12111536485128,4.565609014679962,0.0,,,,1,1
1260,1984-04-25,14.817460317460318,1,1,0,1,"gold,oil,silver",97.3047267560515,4.577847567210913,0.0,,,,1,1
1261,1984-04-27,14.825396825396826,1,0,0,0,gold,97.69748706182396,4.5818758377540165,0.0,,,,1,1
1262,1984-04-30,14.829365079365079,0,1,0,0,silver,,,,,,,1,1
1263,1984-05-03,14.841269841269842,1,0,1,0,"gas,gold",96.60460100906316,4.570626369577632,0.0,,,,1,1
1264,1984-05-07,14.84920634920635,1,0,0,1,"gold,oil",95.91346043994776,4.563446331163515,0.0,,,,1,1
1265,1984-05-08,14.853174603174603,1,0,0,0,gold,96.92801857200617,4.573968626451013,0.0,,,,1,1
1266,1984-05-10,14.86111111111111,1,0,0,0,gold,95.94092655032492,4.563732653629169,0.0,,,,1,1
1267,1984-05-17,14.880952380952381,1,0,0,0,gold,98.23782084673576,4.587391282218117,0.0,,,,1,1
1268,1984-05-28,14.908730158730158,1,0,0,0,gold,95.45904162507988,4.558697271982831,0.0,,,,1,1
1269,1984-05-30,14.916666666666666,1,1,0,0,"gold,silver",96.1416496404676,4.565822621050326,0.0,,,,1,1
1270,1984-06-01,14.924603174603174,1,1,0,0,"gold,silver",96.57375500404385,4.570307016976045,0.0,,,,1,1
1271,1984-06-08,14.944444444444445,1,1,0,0,"gold,silver",98.73999707261768,4.592490103183336,0.0,,,,1,1
1272,1984-06-12,14.952380952380953,1,1,0,0,"gold,silver",96.39076992151,4.568410449330218,0.0,,,,1,1
1273,1984-06-29,15.003968253968255,1,1,1,1,"gas,gold,oil,silver",93.44862597882585,4.537411830517136,0.0,,,,1,1
1274,1984-07-04,15.015873015873016,1,1,0,0,"gold,silver",95.09140806515316,4.554838619151817,0.0,,,,1,1
1275,1984-07-05,15.01984126984127,1,0,1,0,"gas,gold",94.097585791386,4.544332390485237,0.0,,,,1,1
1276,1984-07-11,15.035714285714286,1,1,0,1,"gold,oil,silver",93.74108532164666,4.540536570426753,0.0,,,,1,1
1277,1984-07-18,15.055555555555555,0,0,1,0,gas,,,,,,,0,0
1278,1984-07-23,15.067460317460318,1,1,0,0,"gold,silver",96.24613425531926,4.566908808780217,0.0,0.7442673889826512,-0.2953549149216392,0.0,0,0
1279,1984-07-26,15.07936507936508,1,0,0,0,gold,97.71673316073756,4.58207281522018,0.0,,,,0,0
1280,1984-07-31,15.091269841269842,0,0,0,1,oil,,,,,,,0,0
1281,1984-08-03,15.103174603174605,1,1,0,1,"gold,oil,silver",97.2593156164778,4.577380768311748,0.0,0.7664216003206722,-0.2660228685881627,0.0,0,0
1282,1984-08-08,15.115079365079366,1,1,0,0,"gold,silver",99.47587040370992,4.599915106249177,0.0,0.7752587693553116,-0.2545584094172974,0.0,0,0
1283,1984-08-10,15.123015873015872,0,0,1,0,gas,,,,,,,0,0
1284,1984-08-15,15.134920634920634,0,0,1,0,gas,,,,,,,0,0
1285,1984-08-20,15.146825396825395,1,0,0,0,gold,99.89433728332914,4.604113000197359,0.0,,,,0,0
1286,1984-08-23,15.158730158730158,1,1,1,1,"gas,gold,oil,silver",100.32298181250508,4.608394799454305,0.0,0.7879911699632909,-0.2382683948173829,0.0,0,0
1287,1984-08-28,15.17063492063492,1,0,0,1,"gold,oil",100.99271211227412,4.615048356933579,0.0,,,,0,0
1288,1984-08-31,15.182539682539682,0,0,1,1,"gas,oil",,,,,,,0,0
1289,1984-09-05,15.194444444444445,0,1,1,0,"gas,silver",,,,0.7595635115169938,-0.2750113376419825,0.0,0,0
1290,1984-09-10,15.206349206349206,0,0,1,1,"gas,oil",,,,,,,0,0
1291,1984-09-12,15.214285714285714,1,0,0,0,gold,97.32630543517146,4.5780693065601366,0.0,,,,0,0
1292,1984-09-17,15.226190476190476,0,0,1,0,gas,,,,,,,0,0
1293,1984-09-20,15.238095238095235,0,1,0,0,silver,,,,0.714626657947354,-0.3359950293764089,0.0,0,0
1294,1984-09-25,15.25,1,1,0,0,"gold,silver",94.76124175367448,4.551360483401375,0.0,0.7144597541657867,-0.3362286104683729,0.0,0,0
1295,1984-09-28,15.261904761904765,1,0,0,0,gold,94.83478731706808,4.552136296770915,0.0,,,,0,0
1296,1984-10-03,15.273809523809524,1,1,0,0,"gold,silver",95.82311716180986,4.562503962357795,0.0,0.7283050526083986,-0.3170352902450555,0.0,0,0
1297,1984-10-08,15.285714285714286,0,0,1,0,gas,,,,,,,0,0
1298,1984-10-11,15.297619047619047,0,1,0,0,silver,,,,0.7656635906521672,-0.2670123824021737,0.0,0,0
1299,1984-10-15,15.305555555555555,0,1,0,1,"oil,silver",,,,0.7667030621798034,-0.2656556944513455,0.0,0,0
1300,1984-10-18,15.317460317460318,0,0,0,1,oil,,,,,,,0,0
1301,1984-10-23,15.32936507936508,0,1,0,0,silver,,,,0.7263540149646269,-0.3197177590890303,0.0,0,0
1302,1984-10-26,15.341269841269842,1,0,0,0,gold,98.58872388549516,4.59095689285266,0.0,,,,0,0
1303,1984-10-31,15.353174603174605,0,0,1,0,gas,,,,,,,0,0
1304,1984-11-05,15.365079365079366,1,1,1,1,"gas,gold,oil,silver",94.58086995720844,4.5494552352830535,0.0,0.7145879357646713,-0.3360492160364983,0.0,0,0
1305,1984-11-08,15.376984126984128,0,0,1,0,gas,,,,,,,0,0
1306,1984-11-12,15.384920634920634,1,0,0,0,gold,96.43087299584168,4.568826409637403,0.0,,,,0,0
1307,1984-11-15,15.396825396825395,1,1,1,0,"gas,gold,silver",97.1153621323554,4.575899572179532,0.0,0.7286495840881343,-0.3165623428004611,0.0,0,0
1308,1984-11-20,15.408730158730158,0,1,1,0,"gas,silver",,,,0.7772890647839085,-0.2519429710503651,0.0,0,0
1309,1984-11-23,15.42063492063492,0,1,1,1,"gas,oil,silver",,,,0.7786594173044866,-0.2501815337140203,0.0,0,0
1310,1984-11-28,15.432539682539682,1,1,1,1,"gas,gold,oil,silver",102.19491132643272,4.626881885203485,0.0,0.7987918212139072,-0.2246549163337714,0.0,0,0
1311,1984-12-03,15.444444444444445,1,0,1,0,"gas,gold",98.97786009742568,4.594896189744931,0.0,,,,0,0
1312,1984-12-06,15.456349206349206,1,0,0,0,gold,100.95821189660988,4.614706687627839,0.0,,,,0,0
1313,1984-12-11,15.468253968253968,1,0,0,0,gold,101.9617190543776,4.624597439451874,0.0,,,,0,0
1314,1984-12-13,15.476190476190476,1,0,1,0,"gas,gold",100.08388515289776,4.60600868587776,0.0,,,,0,0
1315,1984-12-18,15.488095238095235,0,0,0,1,oil,,,,,,,0,0
1316,1984-12-21,15.5,0,0,0,1,oil,,,,,,,0,0
1317,1984-12-26,15.511904761904765,0,0,1,0,gas,,,,,,,0,0
1318,1984-12-31,15.523809523809524,0,1,0,0,silver,,,,0.7540349233203388,-0.2823165946458188,0.0,0,0
1319,1985-01-03,15.535714285714286,1,1,0,0,"gold,silver",99.23099565968558,4.59745042173337,0.0,0.7698320544463193,-0.2615828990327709,0.0,0,0
1320,1985-01-08,15.547619047619047,0,0,1,0,gas,,,,,,,0,0
1321,1985-01-11,15.55952380952381,1,0,0,0,gold,103.8701928954612,4.643141974323402,0.0,,,,0,0
1322,1985-01-15,15.567460317460318,0,1,1,1,"gas,oil,silver",,,,0.8262220521469512,-0.1908917133239283,0.0,0,0
1323,1985-01-18,15.57936507936508,1,1,1,0,"gas,gold,silver",100.76729882289732,4.6128138865633606,0.0,0.8028181113253015,-0.2196271021184903,0.0,0,0
1324,1985-01-23,15.591269841269842,1,0,1,0,"gas,gold",101.89814595303471,4.623973745294111,0.0,,,,0,0
1325,1985-01-28,15.603174603174605,1,1,0,1,"gold,oil,silver",103.28934360809907,4.637534211153729,0.0,0.8026723361109775,-0.2198086979852951,0.0,0,0
1326,1985-01-31,15.615079365079366,0,1,0,0,silver,,,,0.8569329750859586,-0.1543955722106653,0.0,0,0
1327,1985-02-05,15.626984126984128,0,0,0,1,oil,,,,,,,0,0
1328,1985-02-08,15.63888888888889,1,1,0,0,"gold,silver",108.96699510124752,4.691045039140543,0.0,0.9191244876022472,-0.0843337059502011,0.0,0,0
1329,1985-02-12,15.646825396825395,0,0,1,1,"gas,oil",,,,,,,0,0
1330,1985-02-15,15.658730158730158,0,1,0,1,"oil,silver",,,,0.948296855161352,-0.053087687388841,0.0,0,0
1331,1985-02-20,15.67063492063492,0,0,1,1,"gas,oil",,,,,,,0,0
1332,1985-02-25,15.682539682539682,0,1,0,0,silver,,,,0.9849953315483052,-0.0151183773661476,0.0,0,0
1333,1985-02-28,15.694444444444445,1,0,0,0,gold,113.26872486671132,4.729763091682242,0.0,,,,0,0
1334,1985-03-05,15.706349206349206,0,0,1,0,gas,,,,,,,0,0
1335,1985-03-08,15.718253968253968,0,1,0,0,silver,,,,1.051355260780899,0.050080056453809,0.0,0,0
1336,1985-03-13,15.73015873015873,1,0,0,0,gold,117.72646544314264,4.7683638440720415,0.0,,,,0,0
1337,1985-03-15,15.738095238095235,0,1,1,0,"gas,silver",,,,1.064007592765852,0.0620425269521225,0.0,0,0
1338,1985-03-20,15.75,0,1,1,0,"gas,silver",,,,1.026966905619796,0.0266097061037362,0.0,0,0
1339,1985-03-25,15.761904761904765,1,0,0,0,gold,115.49613144869365,4.749237035450209,0.0,,,,0,0
1340,1985-03-28,15.773809523809524,0,0,0,1,oil,,,,,,,0,0
1341,1985-04-02,15.785714285714286,0,0,0,1,oil,,,,,,,0,0
1342,1985-04-05,15.797619047619047,0,1,0,0,silver,,,,1.0406157602933954,0.0398126151499154,0.0,0,0
1343,1985-04-10,15.80952380952381,1,1,0,0,"gold,silver",116.50668926513988,4.757948689942263,0.0,1.0119661185765756,0.0118950906374017,0.0,0,0
1344,1985-04-15,15.821428571428571,0,0,1,0,gas,,,,,,,0,0
1345,1985-04-17,15.82936507936508,1,1,0,0,"gold,silver",119.63917168091425,4.784480310308444,0.0,1.0369277266215284,0.0362622321431247,0.0,0,0
1346,1985-04-22,15.841269841269842,0,1,0,0,silver,,,,1.1003913698846473,0.0956659073300103,0.0,0,0
1347,1985-04-25,15.853174603174605,0,1,1,0,"gas,silver",,,,1.114087548348982,0.1080357275993344,0.0,0,0
1348,1985-04-30,15.865079365079366,1,1,1,1,"gas,gold,oil,silver",124.08338560592688,4.820953804165982,0.0,1.1012638155774177,0.0964584435493032,0.0,0,0
1349,1985-05-03,15.876984126984128,1,0,1,0,"gas,gold",126.71224423287448,4.8419187222227045,0.0,,,,0,0
1350,1985-05-08,15.88888888888889,0,1,1,0,"gas,silver",,,,1.1248597022262052,0.117658318747291,0.0,0,0
1351,1985-05-13,15.90079365079365,1,0,1,1,"gas,gold,oil",126.1428156089874,4.837414722288017,0.0,,,,0,0
1352,1985-05-16,15.912698412698411,0,1,0,0,silver,,,,1.0688410438486329,0.0665749248673979,0.0,0,0
1353,1985-05-20,15.92063492063492,1,1,0,0,"gold,silver",124.42851862251452,4.823731403408583,0.0,1.0726147648764637,0.0700993729730288,0.0,0,0
1354,1985-05-23,15.932539682539682,0,0,1,0,gas,,,,,,,0,0
1355,1985-05-28,15.944444444444445,0,0,0,1,oil,,,,,,,0,0
1356,1985-05-31,15.956349206349206,0,0,1,1,"gas,oil",,,,,,,0,0
1357,1985-06-05,15.968253968253968,0,0,0,1,oil,,,,,,,0,0
1358,1985-06-10,15.98015873015873,1,0,0,0,gold,139.43353337750773,4.937588024473069,0.0,,,,0,0
1359,1985-06-13,15.992063492063492,1,0,0,0,gold,138.4300433456969,4.930365095823173,0.0,,,,0,0
1360,1985-06-17,16.0,1,0,0,0,gold,137.90461487664925,4.9265622496247214,0.0,,,,0,0
1361,1985-06-20,16.011904761904763,1,0,1,0,"gas,gold",135.4259445738537,4.908424956405026,0.0,,,,0,0
1362,1985-06-25,16.023809523809526,0,1,0,0,silver,,,,1.3728427033942194,0.3168835560525882,0.0,0,0
1363,1985-06-28,16.035714285714285,1,0,0,0,gold,141.3738737247551,4.9514079678245695,0.0,,,,0,0
1364,1985-07-03,16.047619047619047,0,1,1,0,"gas,silver",,,,1.4276398480884451,0.3560226248868261,0.0,0,0
1365,1985-07-08,16.05952380952381,0,1,1,0,"gas,silver",,,,1.340114573312578,0.2927551127797652,0.0,0,0
1366,1985-07-11,16.071428571428573,0,0,1,0,gas,,,,,,,0,0
1367,1985-07-16,16.083333333333332,0,1,1,0,"gas,silver",,,,1.3831645205119725,0.324374004762981,0.0,0,0
1368,1985-07-18,16.091269841269842,0,0,0,1,oil,,,,,,,0,0
1369,1985-07-23,16.103174603174605,1,0,0,0,gold,138.5002904398069,4.930872422663511,0.0,,,,0,0
1370,1985-07-26,16.115079365079364,0,0,0,1,oil,,,,,,,0,0
1371,1985-07-31,16.126984126984127,0,0,1,0,gas,,,,,,,0,0
1372,1985-08-05,16.13888888888889,0,1,0,0,silver,,,,1.4405951776642556,0.3650563460180265,0.0,0,0
1373,1985-08-08,16.150793650793652,1,0,0,1,"gold,oil",143.74685319737455,4.96805378863698,0.0,,,,0,0
1374,1985-08-13,16.16269841269841,1,0,1,0,"gas,gold",140.12486055557483,4.942533886248741,0.0,,,,0,0
1375,1985-08-16,16.174603174603174,1,1,0,0,"gold,silver",141.32569883024377,4.9510671473943,0.0,1.4856857396797614,0.395876443230345,0.0,0,0
1376,1985-08-20,16.182539682539684,0,0,0,1,oil,,,,,,,0,0
1377,1985-08-23,16.194444444444443,0,1,0,1,"oil,silver",,,,1.5670814030527922,0.4492149103671758,0.0,0,0
1378,1985-08-28,16.206349206349206,0,1,0,1,"oil,silver",,,,1.583039796121305,0.4593469202678468,0.0,0,0
1379,1985-09-02,16.21825396825397,0,1,0,0,silver,,,,1.6517770102734244,0.5018516843132577,0.0,0,0
1380,1985-09-05,16.23015873015873,1,0,0,1,"gold,oil",143.3296263148258,4.965147056765227,0.0,,,,0,0
1381,1985-09-10,16.24206349206349,1,0,0,0,gold,145.57111860150545,4.980664754832993,0.0,,,,0,0
1382,1985-09-13,16.253968253968253,0,0,1,1,"gas,oil",,,,,,,0,0
1383,1985-09-17,16.261904761904763,0,0,1,0,gas,,,,,,,0,0
1384,1985-09-20,16.273809523809526,1,0,1,0,"gas,gold",150.3494725143885,5.012962401043871,0.0,,,,0,0
1385,1985-09-25,16.285714285714285,1,1,1,1,"gas,gold,oil,silver",147.84905225072384,4.996191836069783,0.0,1.708320451824875,0.5355106959327379,0.0,0,0
1386,1985-09-30,16.297619047619047,0,0,1,0,gas,,,,,,,0,0
1387,1985-10-03,16.30952380952381,0,1,0,0,silver,,,,1.6565179818997555,0.5047177980564288,0.0,0,0
1388,1985-10-08,16.321428571428573,0,0,0,1,oil,,,,,,,0,0
1389,1985-10-11,16.333333333333332,0,1,1,0,"gas,silver",,,,1.646748953942335,0.4988030133129193,0.0,0,0
1390,1985-10-16,16.345238095238095,1,1,1,0,"gas,gold,silver",142.98340534480434,4.962728576986157,0.0,1.5675412267489963,0.4495082941353723,0.0,0,0
1391,1985-10-18,16.353174603174605,1,1,1,1,"gas,gold,oil,silver",138.35728834052594,4.929839385297309,0.0,1.517023725074775,0.4167503397132988,0.0,0,0
1392,1985-10-23,16.365079365079364,0,1,0,0,silver,,,,1.480738170814208,0.3925407274982251,0.0,0,0
1393,1985-10-28,16.376984126984127,1,1,0,1,"gold,oil,silver",131.48807808203,4.878916186534709,0.0,1.4506455845030766,0.3720086880384852,0.0,0,0
1394,1985-10-31,16.38888888888889,0,1,0,0,silver,,,,1.4691021456765347,0.3846514289312859,0.0,0,0
1395,1985-11-05,16.400793650793652,1,1,0,0,"gold,silver",128.42384598396592,4.855336090398735,0.0,1.39892664719723,0.3357052619979503,0.0,0,0
1396,1985-11-08,16.41269841269841,0,1,0,0,silver,,,,1.4041948279745369,0.3394640623400884,0.0,0,0
1397,1985-11-13,16.424603174603174,0,0,0,1,oil,,,,,,,0,0
1398,1985-11-18,16.436507936507937,1,0,0,1,"gold,oil",129.7624964298495,4.865705829006403,0.0,,,,0,0
1399,1985-11-20,16.444444444444443,0,0,1,1,"gas,oil",,,,,,,0,0
1400,1985-11-25,16.456349206349206,0,0,1,0,gas,,,,,,,0,0
1401,1985-11-28,16.46825396825397,0,0,0,1,oil,,,,,,,0,0
1402,1985-12-03,16.48015873015873,1,0,0,1,"gold,oil",128.78147442972573,4.858116971258083,0.0,,,,0,0
1403,1985-12-06,16.49206349206349,1,1,1,1,"gas,gold,oil,silver",128.97239269136756,4.859598371313796,0.0,1.5245674560987668,0.4217107344821917,0.0,0,0
1404,1985-12-11,16.503968253968253,0,1,0,0,silver,,,,1.6496522171231205,0.5005644881946507,0.0,0,0
1405,1985-12-16,16.515873015873016,0,0,0,1,oil,,,,,,,0,0
1406,1985-12-19,16.52777777777778,1,0,0,1,"gold,oil",134.22961028621214,4.8995518431668055,0.0,,,,0,0
1407,1985-12-23,16.535714285714285,0,0,0,1,oil,,,,,,,0,0
1408,1985-12-26,16.547619047619047,1,1,1,1,"gas,gold,oil,silver",135.95244618095523,4.912305164156436,0.0,1.606583194413388,0.4741096843601466,0.0,0,0
1409,1985-12-31,16.55952380952381,0,0,1,0,gas,,,,,,,0,0
1410,1986-01-03,16.571428571428573,1,0,0,0,gold,133.02180402469102,4.8905130548203255,0.0,,,,0,0
1411,1986-01-08,16.583333333333332,1,0,1,0,"gas,gold",134.79685899906036,4.903768897012816,0.0,,,,0,0
1412,1986-01-13,16.595238095238095,0,1,0,0,silver,,,,1.5958726864699246,0.4674207254635381,0.0,0,0
1413,1986-01-16,16.607142857142858,0,0,0,1,oil,,,,,,,0,0
1414,1986-01-20,16.615079365079364,0,0,0,1,oil,,,,,,,0,0
1415,1986-01-23,16.626984126984127,1,0,0,1,"gold,oil",135.7809415450469,4.911042863192122,0.0,,,,0,0
1416,1986-01-28,16.63888888888889,0,0,0,1,oil,,,,,,,0,0
1417,1986-01-30,16.646825396825395,0,0,1,0,gas,,,,,,,1,1
1418,1986-02-04,16.658730158730158,1,0,0,0,gold,155.05132484906068,5.043756190166906,0.0,,,,1,1
1419,1986-02-06,16.666666666666668,1,0,0,1,"gold,oil",150.44280627821115,5.01358298723174,0.0,,,,1,1
1420,1986-02-11,16.678571428571427,1,0,0,0,gold,149.29439958190093,5.005920192668783,0.0,,,,1,1
1421,1986-02-19,16.702380952380953,0,1,1,0,"gas,silver",,,,,,,1,1
1422,1986-03-10,16.753968253968253,1,1,0,0,"gold,silver",153.55534761853758,5.034061072842026,0.0,,,,1,1
1423,1986-03-12,16.761904761904763,1,1,0,0,"gold,silver",149.85887629728063,5.00969402655813,0.0,,,,1,1
1424,1986-03-13,16.765873015873016,0,0,1,0,gas,,,,,,,1,1
1425,1986-03-14,16.76984126984127,0,1,0,1,"oil,silver",,,,,,,1,1
1426,1986-03-28,16.80952380952381,0,0,1,0,gas,,,,,,,1,1
1427,1986-04-02,16.821428571428573,1,1,1,0,"gas,gold,silver",149.51542023832494,5.007399532918475,0.0,,,,1,1
1428,1986-04-03,16.825396825396826,0,0,0,1,oil,,,,,,,1,1
1429,1986-04-10,16.845238095238095,1,0,1,0,"gas,gold",150.98934738813784,5.017209287227936,0.0,,,,1,1
1430,1986-04-11,16.849206349206348,1,0,0,0,gold,148.7006130661459,5.00193497629652,0.0,,,,1,1
1431,1986-04-15,16.857142857142858,1,0,0,0,gold,143.21169880285916,4.964323946740338,0.0,,,,1,1
1432,1986-04-17,16.865079365079364,1,1,0,1,"gold,oil,silver",142.9379731877918,4.9624107822299335,0.0,,,,1,1
1433,1986-04-24,16.884920634920636,1,1,1,0,"gas,gold,silver",149.570470397949,5.007767655668289,0.0,,,,1,1
1434,1986-04-28,16.892857142857142,1,0,0,1,"gold,oil",148.38071014190268,4.999781336717731,0.0,,,,1,1
1435,1986-05-20,16.956349206349206,1,0,0,0,gold,142.94292325229455,4.962445412487253,0.0,,,,1,1
1436,1986-05-21,16.96031746031746,0,0,0,1,oil,,,,,,,1,1
1437,1986-05-22,16.964285714285715,1,0,0,0,gold,143.89850960311105,4.969108256668811,0.0,,,,1,1
1438,1986-05-23,16.96825396825397,0,1,0,1,"oil,silver",,,,,,,1,1
1439,1986-05-27,16.976190476190474,1,0,0,0,gold,140.98668183162528,4.948665430822149,0.0,,,,1,1
1440,1986-06-03,16.996031746031747,1,0,0,0,gold,144.17014147822508,4.970994140152492,0.0,,,,1,1
1441,1986-06-10,17.015873015873016,1,0,1,0,"gas,gold",146.2408703962498,4.98525505952244,0.0,,,,1,1
1442,1986-06-11,17.01984126984127,1,0,0,1,"gold,oil",143.38768873711862,4.965552071879686,0.0,,,,1,1
1443,1986-06-18,17.03968253968254,1,1,0,0,"gold,silver",139.04255536155233,4.93478003995545,0.0,,,,1,1
1444,1986-06-27,17.067460317460316,1,0,1,0,"gas,gold",140.80130817393817,4.947349734688864,0.0,,,,1,1
1445,1986-06-30,17.071428571428573,0,1,0,0,silver,,,,,,,1,1
1446,1986-07-03,17.083333333333332,1,0,0,0,gold,140.4954976197759,4.945175442849488,0.0,,,,1,1
1447,1986-07-07,17.091269841269842,1,0,0,0,gold,138.44737005424074,4.930490253800876,0.0,,,,1,1
1448,1986-07-10,17.103174603174605,1,0,0,0,gold,134.88646633357823,4.904433434486202,0.0,,,,1,1
1449,1986-07-29,17.154761904761905,1,0,0,1,"gold,oil",131.37344287248484,4.87804397658632,0.0,,,,1,1
1450,1986-08-08,17.186507936507937,1,0,0,0,gold,130.76097444632646,4.873371034002657,0.0,,,,1,1
1451,1986-08-11,17.19047619047619,1,1,0,0,"gold,silver",130.51219042343894,4.871466635606435,0.0,,,,1,1
1452,1986-08-13,17.1984126984127,0,0,1,1,"gas,oil",,,,,,,1,1
1453,1986-09-04,17.261904761904763,1,0,1,0,"gas,gold",135.0623527561689,4.905736544076183,0.0,,,,1,1
1454,1986-09-10,17.27777777777778,0,1,0,0,silver,,,,,,,1,1
1455,1986-09-16,17.293650793650794,1,1,0,0,"gold,silver",138.4493196769354,4.930504335751055,0.0,,,,1,1
1456,1986-09-29,17.32936507936508,1,1,1,1,"gas,gold,oil,silver",131.892116915215,4.881984292320971,0.0,,,,1,1
1457,1986-09-30,17.333333333333332,0,1,0,0,silver,,,,,,,1,1
1458,1986-10-02,17.341269841269842,1,0,1,0,"gas,gold",134.5706321175348,4.902089207056342,0.0,,,,1,1
1459,1986-10-06,17.349206349206348,1,1,1,1,"gas,gold,oil,silver",133.79052861044067,4.896275357523695,0.0,,,,1,1
1460,1986-10-09,17.36111111111111,1,1,0,1,"gold,oil,silver",135.78494058655227,4.9110723149146605,0.0,,,,1,1
1461,1986-10-14,17.373015873015873,0,1,0,0,silver,,,,,,,1,1
1462,1986-10-17,17.384920634920636,1,1,1,1,"gas,gold,oil,silver",135.523300103666,4.909143582021554,0.0,,,,1,1
1463,1986-10-24,17.404761904761905,1,0,0,0,gold,133.07348584251076,4.8909015007676055,0.0,,,,1,1
1464,1986-11-03,17.428571428571427,1,1,1,1,"gas,gold,oil,silver",138.08806309657774,4.927891620014486,0.0,,,,1,1
1465,1986-11-04,17.432539682539684,1,1,1,1,"gas,gold,oil,silver",136.1264112976668,4.913583948859008,0.0,,,,1,1
1466,1986-11-12,17.456349206349206,0,1,0,0,silver,,,,,,,1,1
1467,1986-11-13,17.46031746031746,1,1,0,1,"gold,oil,silver",135.58126975252023,4.909571237296922,0.0,,,,1,1
1468,1986-11-14,17.464285714285715,0,0,1,0,gas,,,,,,,1,1
1469,1986-11-24,17.488095238095237,1,0,0,0,gold,133.58389048963397,4.894729673664762,0.0,,,,1,1
1470,1986-11-25,17.49206349206349,1,0,0,0,gold,133.10301111093682,4.891123348067311,0.0,,,,1,1
1471,1986-12-01,17.50793650793651,1,1,1,1,"gas,gold,oil,silver",133.11372712732026,4.891203854022423,0.0,,,,1,1
1472,1986-12-03,17.515873015873016,1,0,0,1,"gold,oil",136.07606720555208,4.9132140470640975,0.0,,,,1,1
1473,1986-12-04,17.51984126984127,1,0,0,0,gold,137.21570908432136,4.921554206436559,0.0,,,,1,1
1474,1986-12-15,17.547619047619047,1,0,0,0,gold,139.47551170763103,4.9378890425374165,0.0,,,,1,1
1475,1986-12-23,17.571428571428573,1,0,1,1,"gas,gold,oil",136.2895205167067,4.914781450322636,0.0,,,,1,1
1476,1987-01-02,17.603174603174605,1,0,0,1,"gold,oil",132.14302385317015,4.883884850047874,0.0,,,,1,1
1477,1987-01-05,17.607142857142858,1,1,0,0,"gold,silver",133.23318369057458,4.892100853885474,0.0,,,,1,1
1478,1987-01-12,17.626984126984127,1,0,0,0,gold,132.4283851141135,4.88604200960426,0.0,,,,1,1
1479,1987-01-13,17.63095238095238,1,0,0,0,gold,133.5558954507649,4.894520082728144,0.0,,,,1,1
1480,1987-01-15,17.63888888888889,1,1,0,0,"gold,silver",135.21062910404726,4.906833778152145,0.0,,,,1,1
1481,1987-01-27,17.67063492063492,1,0,0,0,gold,136.14695084580327,4.913734823318513,0.0,,,,1,1
1482,1987-01-28,17.674603174603174,1,1,0,1,"gold,oil,silver",137.37153448313924,4.922689185713243,0.0,,,,1,1
1483,1987-01-29,17.678571428571427,1,1,0,0,"gold,silver",137.12097122985787,4.920863537889276,0.0,,,,1,1
1484,1987-01-30,17.682539682539684,0,1,0,0,silver,,,,,,,1,1
1485,1987-02-02,17.686507936507937,0,0,1,0,gas,,,,,,,1,1
1486,1987-02-03,17.69047619047619,1,1,0,0,"gold,silver",141.6987960818015,4.953703650413551,0.0,,,,1,1
1487,1987-02-04,17.694444444444443,1,0,1,1,"gas,gold,oil",142.10412266625303,4.956560047111851,0.0,,,,1,1
1488,1987-02-12,17.71825396825397,1,0,1,0,"gas,gold",141.58768659435657,4.952919218399057,0.0,,,,1,1
1489,1987-02-16,17.726190476190474,1,0,1,0,"gas,gold",142.28268495594244,4.957815817832356,0.0,,,,1,1
1490,1987-02-25,17.753968253968253,1,0,0,0,gold,146.0138686697157,4.983701608085451,0.0,,,,1,1
1491,1987-02-26,17.75793650793651,1,0,0,0,gold,144.8590848708493,4.975761441412208,0.0,,,,1,1
1492,1987-03-02,17.765873015873016,1,0,1,0,"gas,gold",145.47627250579683,4.980012997751748,0.0,,,,1,1
1493,1987-03-03,17.76984126984127,1,0,0,1,"gold,oil",145.8602439958677,4.982648930363324,0.0,,,,1,1
1494,1987-03-04,17.773809523809526,1,0,1,0,"gas,gold",143.35521019810218,4.965325537661919,0.0,,,,1,1
1495,1987-03-06,17.78174603174603,1,0,0,0,gold,141.0759638295673,4.949298495868494,0.0,,,,1,1
1496,1987-03-17,17.80952380952381,1,0,0,1,"gold,oil",135.57597216274343,4.909532163365206,0.0,,,,1,1
1497,1987-03-20,17.821428571428573,1,0,0,0,gold,136.2498842574598,4.914490584056459,0.0,,,,1,1
1498,1987-03-27,17.841269841269842,1,1,0,1,"gold,oil,silver",136.78116743741626,4.918382330780596,0.0,,,,1,1
1499,1987-03-30,17.845238095238095,1,0,0,1,"gold,oil",136.97595427540827,4.919805394185452,0.0,,,,1,1
1500,1987-03-31,17.849206349206348,1,0,1,0,"gas,gold",141.0631784325874,4.949207864012976,0.0,,,,1,1
1501,1987-04-01,17.853174603174605,1,0,0,1,"gold,oil",139.69190892408378,4.939439347077284,0.0,,,,1,1
1502,1987-04-02,17.857142857142858,1,1,0,1,"gold,oil,silver",141.26031610113853,4.950604401704016,0.0,,,,1,1
1503,1987-04-03,17.86111111111111,1,0,0,1,"gold,oil",141.5966619737152,4.952982607349802,0.0,,,,1,1
1504,1987-04-06,17.865079365079364,1,0,0,1,"gold,oil",139.8606758424307,4.940646754542257,0.0,,,,1,1
1505,1987-04-14,17.88888888888889,1,0,1,0,"gas,gold",138.97963092144727,4.9343273822591645,0.0,,,,1,1
1506,1987-04-15,17.892857142857142,1,0,0,0,gold,139.44246635550962,4.9376520886307125,0.0,,,,1,1
1507,1987-04-17,17.900793650793652,0,0,0,1,oil,,,,,,,1,1
1508,1987-04-24,17.92063492063492,1,0,0,0,gold,136.43433219696172,4.915843416061413,0.0,,,,1,1
1509,1987-04-27,17.924603174603174,0,1,0,0,silver,,,,,,,1,1
1510,1987-04-28,17.928571428571427,1,0,0,0,gold,136.9805369928721,4.919838849990372,0.0,,,,1,1
1511,1987-04-29,17.932539682539684,0,1,0,0,silver,,,,,,,1,1
1512,1987-05-08,17.96031746031746,1,0,0,0,gold,137.65043190799315,4.924717369309761,0.0,,,,1,1
1513,1987-05-15,17.98015873015873,1,0,1,0,"gas,gold",138.1590250758415,4.928405377327144,0.0,,,,1,1
1514,1987-05-22,18.0,1,0,0,0,gold,138.9083734542733,4.933814531991332,0.0,,,,1,1
1515,1987-05-25,18.003968253968253,1,0,0,1,"gold,oil",142.33456236767054,4.958180359424901,0.0,,,,1,1
1516,1987-05-27,18.011904761904763,1,0,1,0,"gas,gold",141.50818946422075,4.9523575914807685,0.0,,,,1,1
1517,1987-06-01,18.023809523809526,0,1,0,0,silver,,,,,,,1,1
1518,1987-06-03,18.03174603174603,1,1,0,0,"gold,silver",144.06636001216148,4.97027402684268,0.0,,,,1,1
1519,1987-06-09,18.047619047619047,0,1,0,0,silver,,,,,,,1,1
1520,1987-06-11,18.055555555555557,1,1,0,1,"gold,oil,silver",143.5747838010563,4.966856040923395,0.0,,,,1,1
1521,1987-06-15,18.063492063492063,1,1,0,0,"gold,silver",142.349048638241,4.958282130443835,0.0,,,,1,1
1522,1987-06-29,18.103174603174605,0,0,0,1,oil,,,,,,,1,1
1523,1987-07-02,18.115079365079364,1,0,0,0,gold,144.15375649019344,4.970880483336912,0.0,,,,1,1
1524,1987-07-03,18.11904761904762,0,1,0,0,silver,,,,,,,1,1
1525,1987-07-08,18.13095238095238,1,0,0,1,"gold,oil",147.58552607242353,4.994407845518047,0.0,,,,1,1
1526,1987-07-14,18.146825396825395,1,1,0,0,"gold,silver",148.68828597447578,5.001852074132271,0.0,,,,1,1
1527,1987-07-20,18.16269841269841,1,0,0,1,"gold,oil",149.98375171761143,5.0105269663464265,0.0,,,,1,1
1528,1987-07-23,18.174603174603174,1,0,1,0,"gas,gold",148.8603824725521,5.0030088362724925,0.0,,,,1,1
1529,1987-07-28,18.186507936507937,1,0,0,1,"gold,oil",149.68537233971242,5.008535573489767,0.0,,,,1,1
1530,1987-07-29,18.19047619047619,1,1,0,0,"gold,silver",151.8601444240535,5.022959994818835,0.0,,,,1,1
1531,1987-08-05,18.21031746031746,1,0,0,0,gold,151.83109173947184,5.02276866440682,0.0,,,,1,1
1532,1987-08-06,18.214285714285715,1,0,0,0,gold,154.1302178349641,5.0377978154773215,0.0,,,,1,1
1533,1987-08-07,18.21825396825397,0,1,0,0,silver,,,,,,,1,1
1534,1987-08-12,18.23015873015873,0,1,0,0,silver,,,,,,,1,1
1535,1987-08-24,18.261904761904763,1,0,0,0,gold,152.8846683961073,5.029683835808724,0.0,,,,1,1
1536,1987-08-27,18.273809523809526,0,0,1,0,gas,,,,,,,1,1
1537,1987-09-01,18.285714285714285,1,0,0,0,gold,158.8263292938691,5.067811336668141,0.0,,,,1,1
1538,1987-09-02,18.28968253968254,0,1,0,0,silver,,,,,,,1,1
1539,1987-09-03,18.293650793650794,1,0,0,0,gold,162.50636038332345,5.090717141824262,0.0,,,,1,1
1540,1987-09-09,18.30952380952381,1,1,0,0,"gold,silver",164.61608928489136,5.103616031247809,0.0,,,,1,1
1541,1987-09-11,18.317460317460316,0,0,1,0,gas,,,,,,,1,1
1542,1987-09-16,18.32936507936508,1,0,0,0,gold,167.18158037984824,5.119080529389676,0.0,,,,1,1
1543,1987-09-17,18.333333333333332,1,0,0,1,"gold,oil",163.6588542882388,5.09778410451405,0.0,,,,1,1
1544,1987-09-18,18.33730158730159,0,1,0,0,silver,,,,,,,1,1
1545,1987-09-22,18.345238095238095,1,0,1,0,"gas,gold",164.51178367288233,5.102982200909688,0.0,,,,1,1
1546,1987-09-23,18.349206349206348,1,0,0,0,gold,163.39846947828383,5.096191815664065,0.0,,,,1,1
1547,1987-09-24,18.353174603174605,0,1,0,0,silver,,,,,,,1,1
1548,1987-09-25,18.357142857142858,1,0,0,0,gold,162.3372733661193,5.089676105369133,0.0,,,,1,1
1549,1987-09-30,18.36904761904762,1,1,0,0,"gold,silver",162.6170249688598,5.0913978962381,0.0,,,,1,1
1550,1987-10-01,18.373015873015873,1,1,0,0,"gold,silver",162.5813776809368,5.091178662147309,0.0,,,,1,1
1551,1987-10-05,18.38095238095238,1,1,0,0,"gold,silver",161.7625570549547,5.086129562855892,0.0,,,,1,1
1552,1987-10-06,18.384920634920636,1,1,0,1,"gold,oil,silver",161.69918288064494,5.085737713265686,0.0,,,,1,1
1553,1987-10-07,18.38888888888889,1,0,0,0,gold,163.91492667565356,5.09934755344957,0.0,,,,1,1
1554,1987-10-09,18.396825396825395,1,1,0,1,"gold,oil,silver",164.81784989066205,5.10484092405334,0.0,,,,1,1
1555,1987-10-12,18.400793650793652,0,0,0,1,oil,,,,,,,1,1
1556,1987-10-14,18.408730158730158,1,0,0,0,gold,163.08611552717127,5.094278377414552,0.0,,,,1,1
1557,1987-10-21,18.428571428571427,1,0,0,0,gold,156.7921336504206,5.054920938612062,0.0,,,,1,1
1558,1987-10-27,18.444444444444443,0,1,0,0,silver,,,,,,,1,1
1559,1987-10-30,18.456349206349206,1,1,0,0,"gold,silver",158.4282779821515,5.065301986061653,0.0,,,,1,1
1560,1987-11-06,18.476190476190474,1,0,0,0,gold,157.0952417555159,5.056852256804896,0.0,,,,1,1
1561,1987-11-19,18.511904761904763,1,0,0,1,"gold,oil",156.19127755480147,5.051081394327833,0.0,,,,1,1
1562,1987-11-24,18.523809523809526,1,1,1,0,"gas,gold,silver",160.49701288612752,5.078275331095492,0.0,,,,1,1
1563,1987-11-25,18.52777777777778,1,1,0,0,"gold,silver",162.22157561920451,5.088963151449206,0.0,,,,1,1
1564,1987-11-26,18.53174603174603,1,1,0,1,"gold,oil,silver",159.9478864623742,5.07484805256877,0.0,,,,1,1
1565,1987-12-01,18.543650793650794,1,0,0,0,gold,159.72339309876585,5.073443526013733,0.0,,,,1,1
1566,1987-12-07,18.55952380952381,0,1,0,0,silver,,,,,,,1,1
1567,1987-12-09,18.567460317460316,1,0,0,0,gold,166.0865010659579,5.112508743394683,0.0,,,,1,1
1568,1987-12-17,18.591269841269842,1,0,0,0,gold,163.32812940605504,5.095761241149742,0.0,,,,1,1
1569,1987-12-18,18.595238095238095,1,1,0,1,"gold,oil,silver",160.4676838499528,5.078092575567831,0.0,,,,1,1
1570,1987-12-23,18.607142857142858,0,0,0,1,oil,,,,,,,1,1
1571,1987-12-25,18.615079365079364,1,1,0,0,"gold,silver",165.24042248538294,5.107401519323788,0.0,,,,1,1
1572,1988-01-01,18.634920634920636,1,1,0,1,"gold,oil,silver",169.81497140030615,5.134709440781398,0.0,,,,1,1
1573,1988-01-05,18.642857142857142,0,1,0,0,silver,,,,,,,1,1
1574,1988-01-06,18.646825396825395,1,0,0,0,gold,165.07260486900466,5.106385406625106,0.0,,,,1,1
1575,1988-01-07,18.650793650793652,1,0,1,0,"gas,gold",166.2137367632469,5.113274531010955,0.0,,,,1,1
1576,1988-01-12,18.66269841269841,1,1,0,0,"gold,silver",164.66416006331843,5.103908006116413,0.0,,,,1,1
1577,1988-01-15,18.674603174603174,0,1,0,0,silver,,,,,,,1,1
1578,1988-01-18,18.678571428571427,1,0,0,0,gold,170.7644066324485,5.140284867556139,0.0,,,,1,1
1579,1988-01-20,18.686507936507937,1,0,0,0,gold,167.45157744395232,5.120694219583733,0.0,,,,1,1
1580,1988-01-29,18.714285714285715,1,0,1,0,"gas,gold",165.7771385072915,5.110644347230791,0.0,,,,1,1
1581,1988-02-03,18.726190476190474,0,1,1,1,"gas,oil,silver",,,,,,,1,1
1582,1988-02-05,18.734126984126984,1,1,0,0,"gold,silver",165.57961674145406,5.109452147065235,0.0,,,,1,1
1583,1988-02-09,18.74206349206349,0,1,0,0,silver,,,,,,,1,1
1584,1988-02-15,18.75793650793651,0,0,0,1,oil,,,,,,,1,1
1585,1988-02-19,18.773809523809526,1,0,0,0,gold,166.24149969491984,5.113441548574181,0.0,,,,1,1
1586,1988-02-22,18.77777777777778,1,0,0,0,gold,168.46015867167787,5.126699274782048,0.0,,,,1,1
1587,1988-02-25,18.78968253968254,1,0,0,1,"gold,oil",167.17864910112218,5.119062995733052,0.0,,,,1,1
1588,1988-02-29,18.797619047619047,1,1,1,1,"gas,gold,oil,silver",168.42226006684183,5.126474278742553,0.0,,,,1,1
1589,1988-03-02,18.805555555555557,1,0,0,0,gold,169.1045718367862,5.130517291829931,0.0,,,,1,1
1590,1988-03-09,18.825396825396826,1,0,0,0,gold,173.79810309373048,5.157894298466382,0.0,,,,1,1
1591,1988-03-15,18.841269841269842,1,0,0,0,gold,174.3887280947085,5.161286876901641,0.0,,,,1,1
1592,1988-03-16,18.845238095238095,1,0,1,0,"gas,gold",177.02957548775387,5.176316811766475,0.0,,,,1,1
1593,1988-03-17,18.849206349206348,1,1,1,0,"gas,gold,silver",176.6805967419789,5.1743435642525,0.0,,,,1,1
1594,1988-03-18,18.853174603174605,0,0,1,0,gas,,,,,,,1,1
1595,1988-03-23,18.865079365079364,1,1,0,0,"gold,silver",177.63349917735226,5.179722434265373,0.0,,,,1,1
1596,1988-03-24,18.86904761904762,1,0,0,1,"gold,oil",178.7753293929665,5.1861298744329245,0.0,,,,1,1
1597,1988-03-29,18.88095238095238,1,0,0,0,gold,180.28057315964847,5.1945143770921245,0.0,,,,1,1
1598,1988-03-30,18.884920634920636,1,0,0,0,gold,180.89182541848797,5.197899202980488,0.0,,,,1,1
1599,1988-04-05,18.900793650793652,0,0,0,1,oil,,,,,,,1,1
1600,1988-04-07,18.908730158730158,1,0,0,1,"gold,oil",189.04387103341207,5.2419791099934345,0.0,,,,1,1
1601,1988-04-08,18.91269841269841,1,1,0,0,"gold,silver",187.13700697930253,5.231841006235326,0.0,,,,1,1
1602,1988-04-19,18.94047619047619,1,0,1,0,"gas,gold",184.2583198017413,5.216338685011952,0.0,,,,1,1
1603,1988-04-26,18.96031746031746,0,1,1,0,"gas,silver",,,,,,,1,1
1604,1988-04-28,18.96825396825397,1,0,0,0,gold,184.56345862066465,5.217993353507122,0.0,,,,1,1
1605,1988-04-29,18.97222222222222,1,0,0,0,gold,188.66917378721288,5.239995078071583,0.0,,,,1,1
1606,1988-05-04,18.984126984126984,1,0,0,0,gold,184.1515133726843,5.21575886100927,0.0,,,,1,1
1607,1988-05-05,18.988095238095237,1,0,0,0,gold,184.01570671530212,5.215021116548972,0.0,,,,1,1
1608,1988-05-06,18.99206349206349,1,0,0,0,gold,182.0145069319171,5.204086392317375,0.0,,,,1,1
1609,1988-05-13,19.011904761904763,1,0,0,0,gold,184.32252507884016,5.2166870768431615,0.0,,,,0,0
1610,1988-05-18,19.02380952380953,0,0,1,0,gas,,,,,,,0,0
1611,1988-05-23,19.035714285714285,0,0,0,1,oil,,,,,,,0,0
1612,1988-05-26,19.047619047619047,0,1,0,0,silver,,,,1.8688281359481569,0.6253115691613795,0.0,0,0
1613,1988-05-31,19.05952380952381,1,1,1,0,"gas,gold,silver",194.7239712540784,5.271583023721462,0.0,1.8970302769077387,0.6402896512407661,0.0,0,0
1614,1988-06-02,19.06746031746032,0,0,0,1,oil,,,,,,,0,0
1615,1988-06-07,19.07936507936508,0,0,0,1,oil,,,,,,,0,0
1616,1988-06-10,19.09126984126984,1,0,0,0,gold,187.14735473750304,5.231896299799587,0.0,,,,0,0
1617,1988-06-15,19.103174603174605,1,0,0,0,gold,191.92537742483933,5.257106637234573,0.0,,,,0,0
1618,1988-06-20,19.115079365079364,0,1,1,0,"gas,silver",,,,1.8913663791058672,0.6372995197755711,0.0,0,0
1619,1988-06-23,19.126984126984127,1,1,1,1,"gas,gold,oil,silver",190.32186703483717,5.248716675923661,0.0,1.8456244137958169,0.6128176558977494,0.0,0,0
1620,1988-06-28,19.13888888888889,0,0,0,1,oil,,,,,,,0,0
1621,1988-07-01,19.15079365079365,0,1,0,1,"oil,silver",,,,1.8794567586819355,0.6309827769375014,0.0,0,0
1622,1988-07-05,19.15873015873016,0,1,0,0,silver,,,,1.8797722781603388,0.6311506408670742,0.0,0,0
1623,1988-07-08,19.17063492063492,1,0,0,0,gold,194.4776478785234,5.270317235521543,0.0,,,,0,0
1624,1988-07-13,19.182539682539684,0,0,1,0,gas,,,,,,,0,0
1625,1988-07-18,19.194444444444443,1,0,0,0,gold,193.82857256263617,5.26697412183319,0.0,,,,0,0
1626,1988-07-21,19.20634920634921,0,1,0,1,"oil,silver",,,,1.8683988636726951,0.625081841463601,0.0,0,0
1627,1988-07-26,19.21825396825397,1,0,0,0,gold,201.32432261424177,5.304917153037884,0.0,,,,0,0
1628,1988-07-29,19.23015873015873,0,0,1,1,"gas,oil",,,,,,,0,0
1629,1988-08-02,19.23809523809524,0,0,0,1,oil,,,,,,,0,0
1630,1988-08-05,19.25,0,1,0,0,silver,,,,1.9789732973166856,0.6825781735110472,0.0,0,0
1631,1988-08-10,19.261904761904763,1,1,0,0,"gold,silver",200.2445109229048,5.299539174451203,0.0,1.9907961875355964,0.6885346529590362,0.0,0,0
1632,1988-08-15,19.27380952380953,0,0,0,1,oil,,,,,,,0,0
1633,1988-08-18,19.285714285714285,1,0,0,0,gold,202.91666442562476,5.312795374684541,0.0,,,,0,0
1634,1988-08-23,19.297619047619047,0,1,0,0,silver,,,,2.079115384789141,0.731942507474877,0.0,0,0
1635,1988-08-26,19.30952380952381,1,0,0,1,"gold,oil",203.86158924213217,5.317441279462515,0.0,,,,0,0
1636,1988-08-31,19.321428571428573,1,1,0,0,"gold,silver",204.46494750143168,5.320396554930223,0.0,2.042118620472705,0.7139878083945241,0.0,0,0
1637,1988-09-02,19.32936507936508,0,0,1,0,gas,,,,,,,0,0
1638,1988-09-07,19.34126984126984,1,0,1,0,"gas,gold",202.14377271887696,5.308979190363102,0.0,,,,0,0
1639,1988-09-12,19.353174603174605,1,0,0,1,"gold,oil",196.2572780606032,5.279426441633986,0.0,,,,0,0
1640,1988-09-15,19.365079365079364,1,1,1,1,"gas,gold,oil,silver",201.0888458959472,5.303746829780108,0.0,2.0590492245150585,0.7222443347608842,0.0,0,0
1641,1988-09-20,19.376984126984127,0,1,0,1,"oil,silver",,,,2.072103313713204,0.7285641849848739,0.0,0,0
1642,1988-09-23,19.38888888888889,0,1,0,0,silver,,,,2.048767619783627,0.717238451299385,0.0,0,0
1643,1988-09-28,19.40079365079365,0,0,1,0,gas,,,,,,,0,0
1644,1988-10-03,19.41269841269841,0,0,1,0,gas,,,,,,,0,0
1645,1988-10-05,19.42063492063492,1,1,0,1,"gold,oil,silver",197.7966655491186,5.287239561357533,0.0,2.151373373863844,0.766106416748722,0.0,0,0
1646,1988-10-10,19.432539682539684,0,1,1,0,"gas,silver",,,,2.1353223620472157,0.7586176245321397,0.0,0,0
1647,1988-10-13,19.444444444444443,0,1,0,0,silver,,,,2.1520762889892877,0.7664330919450242,0.0,0,0
1648,1988-10-18,19.45634920634921,0,0,1,1,"gas,oil",,,,,,,0,0
1649,1988-10-21,19.46825396825397,1,0,0,0,gold,191.9572270311292,5.257272571330014,0.0,,,,0,0
1650,1988-10-26,19.48015873015873,0,1,1,0,"gas,silver",,,,2.097558282676856,0.7407739457082723,0.0,0,0
1651,1988-10-31,19.49206349206349,0,0,1,1,"gas,oil",,,,,,,0,0
1652,1988-11-03,19.503968253968253,1,0,0,0,gold,188.01248251401836,5.23650835697697,0.0,,,,0,0
1653,1988-11-07,19.511904761904763,0,1,0,0,silver,,,,2.080338246776771,0.7325304991349266,0.0,0,0
1654,1988-11-10,19.52380952380953,1,0,1,1,"gas,gold,oil",182.42162694458037,5.206320639386621,0.0,,,,0,0
1655,1988-11-15,19.535714285714285,1,1,1,1,"gas,gold,oil,silver",180.8372713186237,5.197597573386574,0.0,2.038461592623533,0.7121954021006747,0.0,0,0
1656,1988-11-18,19.547619047619047,0,1,1,1,"gas,oil,silver",,,,2.1751520562642943,0.7770985730231049,0.0,0,0
1657,1988-11-23,19.55952380952381,0,1,0,0,silver,,,,2.197211708914259,0.7871891514882675,0.0,0,0
1658,1988-11-28,19.571428571428573,1,1,0,0,"gold,silver",184.5315282698048,5.217820333812607,0.0,2.1862919854602887,0.7822069514934501,0.0,0,0
1659,1988-12-01,19.58333333333333,0,0,1,0,gas,,,,,,,0,0
1660,1988-12-05,19.59126984126984,0,0,1,0,gas,,,,,,,0,0
1661,1988-12-08,19.603174603174605,0,1,1,0,"gas,silver",,,,2.0513639089950813,0.7185048933831286,0.0,0,0
1662,1988-12-13,19.615079365079364,0,1,1,1,"gas,oil,silver",,,,2.0492189990589504,0.7174587444916924,0.0,0,0
1663,1988-12-16,19.626984126984127,1,1,1,0,"gas,gold,silver",175.65342324253515,5.168512867520136,0.0,1.9980226979843128,0.6921580405143424,0.0,0,0
1664,1988-12-21,19.63888888888889,0,1,0,0,silver,,,,2.038699673599809,0.7123121897188243,0.0,0,0
1665,1988-12-26,19.65079365079365,0,0,1,1,"gas,oil",,,,,,,0,0
1666,1988-12-29,19.66269841269841,0,1,0,0,silver,,,,1.969359566607628,0.6777083968031077,0.0,0,0
1667,1989-01-03,19.67460317460317,0,0,0,1,oil,,,,,,,0,0
1668,1989-01-05,19.682539682539684,1,0,0,1,"gold,oil",164.57464383743252,5.103364229216296,0.0,,,,0,0
1669,1989-01-10,19.694444444444443,0,1,1,1,"gas,oil,silver",,,,1.8139734393639104,0.5955197095592393,0.0,0,0
1670,1989-01-13,19.70634920634921,1,0,1,0,"gas,gold",165.4768555721276,5.108831339552192,0.0,,,,0,0
1671,1989-01-18,19.71825396825397,0,1,1,0,"gas,silver",,,,1.829390378478162,0.6039827848397008,0.0,0,0
1672,1989-01-23,19.73015873015873,0,0,1,0,gas,,,,,,,0,0
1673,1989-01-26,19.74206349206349,0,0,0,1,oil,,,,,,,0,0
1674,1989-01-31,19.753968253968253,0,1,0,0,silver,,,,1.9425833856923649,0.6640187293356847,0.0,0,0
1675,1989-02-03,19.765873015873016,1,0,0,0,gold,172.0730165616473,5.147918901625797,0.0,,,,0,0
1676,1989-02-07,19.77380952380953,0,1,0,1,"oil,silver",,,,1.9646584932973543,0.6753184354575492,0.0,0,0
1677,1989-02-10,19.785714285714285,0,1,0,0,silver,,,,2.0463719678710315,0.7160684534838768,0.0,0,0
1678,1989-02-15,19.797619047619047,0,1,0,1,"oil,silver",,,,2.0006352003179213,0.6934647302946517,0.0,0,0
1679,1989-02-20,19.80952380952381,0,1,1,0,"gas,silver",,,,2.029692635951314,0.7078843707284928,0.0,0,0
1680,1989-02-22,19.817460317460316,1,0,0,0,gold,200.60226926455172,5.301324187849453,0.0,,,,1,1
1681,1989-02-23,19.821428571428573,0,1,0,0,silver,,,,,,,1,1
1682,1989-02-27,19.82936507936508,1,0,1,0,"gas,gold",201.83166342907717,5.307434000611589,0.0,,,,1,1
1683,1989-03-01,19.83730158730159,1,1,0,1,"gold,oil,silver",202.7899033928939,5.312170484446567,0.0,,,,1,1
1684,1989-03-09,19.86111111111111,0,0,1,0,gas,,,,,,,1,1
1685,1989-03-13,19.86904761904762,1,0,0,0,gold,200.22813624010624,5.299457397666078,0.0,,,,1,1
1686,1989-03-14,19.873015873015873,1,0,0,1,"gold,oil",198.27663547410185,5.289663204449306,0.0,,,,1,1
1687,1989-03-20,19.88888888888889,1,0,0,0,gold,196.35654405838716,5.279932109006385,0.0,,,,1,1
1688,1989-03-27,19.908730158730158,1,0,1,0,"gas,gold",192.3412091439725,5.259270925757102,0.0,,,,1,1
1689,1989-03-30,19.92063492063492,0,1,1,0,"gas,silver",,,,,,,1,1
1690,1989-04-04,19.932539682539684,1,0,0,0,gold,189.6243001333829,5.245044746868914,0.0,,,,1,1
1691,1989-04-10,19.9484126984127,1,0,1,0,"gas,gold",188.8237268465458,5.2408139176720585,0.0,,,,1,1
1692,1989-04-13,19.96031746031746,0,1,1,0,"gas,silver",,,,,,,1,1
1693,1989-04-14,19.964285714285715,1,0,1,0,"gas,gold",189.39474956611585,5.243833458963909,0.0,,,,1,1
1694,1989-04-18,19.97222222222222,1,1,0,1,"gold,oil,silver",195.052138631769,5.273266900423542,0.0,,,,1,1
1695,1989-04-28,20.003968253968253,1,0,1,0,"gas,gold",185.899817185832,5.225207911326334,0.0,,,,1,1
1696,1989-05-01,20.00793650793651,0,0,0,1,oil,,,,,,,1,1
1697,1989-05-02,20.011904761904763,1,0,0,0,gold,185.7500719493258,5.224402070942751,0.0,,,,1,1
1698,1989-05-04,20.01984126984127,1,0,0,0,gold,184.8915516980128,5.219769446154033,0.0,,,,1,1
1699,1989-05-15,20.047619047619047,1,1,0,0,"gold,silver",182.88219811105284,5.208842219391661,0.0,,,,1,1
1700,1989-05-19,20.063492063492063,1,1,1,0,"gas,gold,silver",186.4891369229825,5.228372990325688,0.0,,,,1,1
1701,1989-05-29,20.08730158730159,0,1,0,0,silver,,,,,,,1,1
1702,1989-06-02,20.103174603174605,1,0,0,0,gold,180.29925976688864,5.194618024637276,0.0,,,,1,1
1703,1989-06-09,20.123015873015873,1,0,0,0,gold,182.64037768223275,5.20751907012475,0.0,,,,1,1
1704,1989-06-12,20.126984126984127,1,1,0,1,"gold,oil,silver",183.42874996262472,5.211826308510609,0.0,,,,1,1
1705,1989-06-13,20.13095238095238,1,0,0,0,gold,181.06207770895895,5.198839943232525,0.0,,,,1,1
1706,1989-06-16,20.142857142857142,1,0,0,1,"gold,oil",178.54070676086508,5.184816624300932,0.0,,,,1,1
1707,1989-06-19,20.146825396825395,1,0,1,0,"gas,gold",178.4920252214099,5.1845439235909065,0.0,,,,1,1
1708,1989-06-21,20.154761904761905,1,1,1,1,"gas,gold,oil,silver",175.15071940148144,5.165646856980088,0.0,,,,1,1
1709,1989-06-27,20.17063492063492,1,0,0,0,gold,176.11903087427066,5.171160078228027,0.0,,,,1,1
1710,1989-06-30,20.182539682539684,0,1,0,1,"oil,silver",,,,,,,1,1
1711,1989-07-03,20.186507936507937,1,0,0,1,"gold,oil",169.7449554569469,5.134297048512384,0.0,,,,1,1
1712,1989-07-04,20.19047619047619,0,1,0,0,silver,,,,,,,1,1
1713,1989-07-05,20.194444444444443,0,0,1,0,gas,,,,,,,1,1
1714,1989-07-10,20.206349206349206,1,0,0,0,gold,168.18841408146824,5.125084863367745,0.0,,,,1,1
1715,1989-07-13,20.21825396825397,0,0,0,1,oil,,,,,,,1,1
1716,1989-07-17,20.226190476190474,1,1,0,0,"gold,silver",169.6384424541002,5.133669363086406,0.0,,,,1,1
1717,1989-07-20,20.238095238095237,0,1,0,0,silver,,,,,,,1,1
1718,1989-07-21,20.24206349206349,1,1,0,0,"gold,silver",173.46374004271362,5.15596858643695,0.0,,,,1,1
1719,1989-07-24,20.246031746031747,0,1,0,1,"oil,silver",,,,,,,1,1
1720,1989-08-03,20.27777777777778,1,0,0,0,gold,170.66150621351557,5.139682098884068,0.0,,,,1,1
1721,1989-08-08,20.28968253968254,1,1,0,0,"gold,silver",169.81462265183288,5.134707387082431,0.0,,,,1,1
1722,1989-08-11,20.3015873015873,1,1,0,0,"gold,silver",171.16287721378524,5.142615601490205,0.0,,,,1,1
1723,1989-08-21,20.325396825396826,1,1,0,0,"gold,silver",174.04925159597005,5.159338314311231,0.0,,,,1,1
1724,1989-08-25,20.341269841269842,1,0,1,0,"gas,gold",173.19491283880492,5.154417624096547,0.0,,,,1,1
1725,1989-08-28,20.345238095238095,1,0,0,1,"gold,oil",174.10826730594547,5.159677331608498,0.0,,,,1,1
1726,1989-08-29,20.349206349206348,0,1,0,0,silver,,,,,,,1,1
1727,1989-09-05,20.36904761904762,1,0,1,1,"gas,gold,oil",174.3093267398684,5.160831460789554,0.0,,,,1,1
1728,1989-09-06,20.373015873015873,1,1,0,1,"gold,oil,silver",174.36025711147823,5.161123601970379,0.0,,,,1,1
1729,1989-09-08,20.38095238095238,1,0,0,0,gold,173.90390194726555,5.15850285898813,0.0,,,,1,1
1730,1989-09-11,20.384920634920636,1,0,0,0,gold,172.08443809387936,5.147985275502531,0.0,,,,1,1
1731,1989-09-12,20.38888888888889,0,0,1,0,gas,,,,,,,1,1
1732,1989-09-13,20.392857142857142,1,0,0,1,"gold,oil",172.68012425321413,5.151440890244663,0.0,,,,1,1
1733,1989-09-22,20.42063492063492,1,0,0,1,"gold,oil",178.4904365132682,5.184535022827917,0.0,,,,1,1
1734,1989-09-26,20.428571428571427,0,1,0,0,silver,,,,,,,1,1
1735,1989-10-03,20.4484126984127,1,0,0,0,gold,173.6336303298133,5.156947506562356,0.0,,,,1,1
1736,1989-10-05,20.456349206349206,1,0,0,0,gold,171.3082271814342,5.143464432089405,0.0,,,,1,1
1737,1989-10-06,20.46031746031746,0,1,0,1,"oil,silver",,,,,,,1,1
1738,1989-10-17,20.488095238095237,1,0,0,0,gold,176.55910570759073,5.17365569684498,0.0,,,,1,1
1739,1989-10-18,20.49206349206349,1,1,1,0,"gas,gold,silver",175.2928312897888,5.16645789713658,0.0,,,,1,1
1740,1989-10-23,20.503968253968253,0,1,0,0,silver,,,,,,,1,1
1741,1989-10-24,20.50793650793651,0,1,0,0,silver,,,,,,,1,1
1742,1989-10-27,20.51984126984127,1,0,1,0,"gas,gold",174.49615084476662,5.161902683203016,0.0,,,,1,1
1743,1989-10-30,20.523809523809526,1,0,0,1,"gold,oil",172.3651936334469,5.149615444768988,0.0,,,,1,1
1744,1989-10-31,20.52777777777778,0,1,0,1,"oil,silver",,,,,,,1,1
1745,1989-11-01,20.53174603174603,1,0,1,0,"gas,gold",174.94309277868305,5.164460736917881,0.0,,,,1,1
1746,1989-11-03,20.53968253968254,1,0,0,0,gold,172.27120334494387,5.149069998660234,0.0,,,,1,1
1747,1989-11-06,20.543650793650794,1,0,0,0,gold,169.47179503322752,5.132686511990417,0.0,,,,1,1
1748,1989-11-08,20.5515873015873,1,1,0,0,"gold,silver",172.58350750830414,5.150881220829503,0.0,,,,1,1
1749,1989-11-15,20.571428571428573,0,0,1,0,gas,,,,,,,1,1
1750,1989-11-28,20.607142857142858,1,0,0,1,"gold,oil",172.42616105339488,5.1499690929666855,0.0,,,,1,1
1751,1989-11-29,20.61111111111111,0,0,1,0,gas,,,,,,,1,1
1752,1989-11-30,20.615079365079364,0,0,1,0,gas,,,,,,,1,1
1753,1989-12-06,20.63095238095238,1,1,0,0,"gold,silver",169.0893224052476,5.13042711023997,0.0,,,,1,1
1754,1989-12-11,20.642857142857142,1,1,1,1,"gas,gold,oil,silver",171.85811270244355,5.146669210226056,0.0,,,,1,1
1755,1989-12-12,20.646825396825395,0,1,1,0,"gas,silver",,,,,,,1,1
1756,1989-12-15,20.658730158730158,1,0,0,0,gold,172.03513419512663,5.147698724529786,0.0,,,,1,1
1757,1989-12-21,20.674603174603174,0,1,0,0,silver,,,,,,,1,1
1758,1989-12-29,20.6984126984127,1,0,0,0,gold,186.3929794036992,5.227857237398935,0.0,,,,1,1
1759,1990-01-01,20.702380952380953,0,1,0,0,silver,,,,,,,1,1
1760,1990-01-03,20.71031746031746,1,1,1,0,"gas,gold,silver",187.7031932018863,5.234861955711402,0.0,,,,1,1
1761,1990-01-09,20.726190476190474,1,0,0,0,gold,185.12777001954152,5.221046235444508,0.0,,,,1,1
1762,1990-01-17,20.75,1,1,0,0,"gold,silver",185.3674469361013,5.222340054846353,0.0,,,,1,1
1763,1990-01-19,20.75793650793651,1,1,1,1,"gas,gold,oil,silver",189.15290819974487,5.2425557260586215,0.0,,,,1,1
1764,1990-01-23,20.765873015873016,1,0,0,1,"gold,oil",190.97931834983265,5.252165141292903,0.0,,,,1,1
1765,1990-01-24,20.76984126984127,1,0,0,0,gold,189.8655804239129,5.246316350331371,0.0,,,,1,1
1766,1990-01-26,20.77777777777778,0,1,0,0,silver,,,,,,,1,1
1767,1990-01-29,20.78174603174603,1,1,0,0,"gold,silver",188.9407851617554,5.241433659946599,0.0,,,,1,1
1768,1990-02-06,20.805555555555557,0,1,0,0,silver,,,,,,,1,1
1769,1990-02-08,20.813492063492063,1,0,1,0,"gas,gold",186.89937303775127,5.230570359922725,0.0,,,,1,1
1770,1990-02-09,20.817460317460316,1,1,0,0,"gold,silver",187.60455046871363,5.234336292507764,0.0,,,,1,1
1771,1990-02-12,20.821428571428573,0,1,0,0,silver,,,,,,,1,1
1772,1990-02-14,20.82936507936508,1,0,0,1,"gold,oil",187.90849131381268,5.235955095998742,0.0,,,,1,1
1773,1990-02-20,20.845238095238095,1,1,0,1,"gold,oil,silver",198.47697644563272,5.290673105720722,0.0,,,,1,1
1774,1990-02-23,20.857142857142858,1,0,0,0,gold,199.40070046347267,5.295316370377499,0.0,,,,1,1
1775,1990-02-27,20.865079365079364,1,0,0,1,"gold,oil",198.4212566494999,5.290392329482116,0.0,,,,1,1
1776,1990-03-02,20.876984126984127,1,0,1,0,"gas,gold",203.1979355515988,5.314180555965703,0.0,,,,1,1
1777,1990-03-06,20.884920634920636,1,1,1,0,"gas,gold,silver",202.86545741516224,5.3125429879578805,0.0,,,,1,1
1778,1990-03-09,20.896825396825395,1,0,0,1,"gold,oil",202.8595316470156,5.3125137771953845,0.0,,,,1,1
1779,1990-03-21,20.928571428571427,1,1,1,0,"gas,gold,silver",199.03967675183685,5.2935041855133065,0.0,,,,1,1
1780,1990-03-27,20.944444444444443,1,0,0,0,gold,200.42861907696712,5.300458168779671,0.0,,,,1,1
1781,1990-03-28,20.9484126984127,1,0,0,0,gold,199.33398048808075,5.294981711872975,0.0,,,,1,1
1782,1990-04-10,20.984126984126984,1,0,1,1,"gas,gold,oil",199.40218020669604,5.295323791302949,0.0,,,,1,1
1783,1990-04-13,20.996031746031747,1,1,0,1,"gold,oil,silver",199.17118364483773,5.294164674268689,0.0,,,,1,1
1784,1990-04-23,21.01984126984127,1,0,1,0,"gas,gold",201.68466450868985,5.306705410878225,0.0,,,,1,1
1785,1990-04-25,21.02777777777778,1,0,0,1,"gold,oil",199.66986662349532,5.296665335813885,0.0,,,,1,1
1786,1990-05-04,21.055555555555557,0,1,0,0,silver,,,,,,,1,1
1787,1990-05-15,21.083333333333332,1,0,0,1,"gold,oil",195.39024302971072,5.274998805044218,0.0,,,,1,1
1788,1990-05-18,21.095238095238095,1,1,1,1,"gas,gold,oil,silver",196.97616274294185,5.283082720111876,0.0,,,,1,1
1789,1990-05-21,21.099206349206348,0,0,1,0,gas,,,,,,,1,1
1790,1990-05-22,21.103174603174605,1,1,0,0,"gold,silver",196.99406224169212,5.283173587378626,0.0,,,,1,1
1791,1990-05-23,21.107142857142858,1,0,0,0,gold,200.154527556734,5.299089706000792,0.0,,,,1,1
1792,1990-05-28,21.11904761904762,1,0,0,1,"gold,oil",201.18436455475504,5.304221724245469,0.0,,,,1,1
1793,1990-05-30,21.126984126984127,1,1,0,1,"gold,oil,silver",200.01638853362076,5.298399305859023,0.0,,,,1,1
1794,1990-06-01,21.134920634920636,1,1,1,1,"gas,gold,oil,silver",199.7080545308812,5.296856572762547,0.0,,,,1,1
1795,1990-06-05,21.142857142857142,1,1,0,0,"gold,silver",203.19829391368376,5.314182319575004,0.0,,,,1,1
1796,1990-06-08,21.154761904761905,0,1,0,0,silver,,,,,,,1,1
1797,1990-06-18,21.178571428571427,1,0,0,0,gold,206.62614491628096,5.330911097160469,0.0,,,,1,1
1798,1990-07-04,21.226190476190474,1,0,1,1,"gas,gold,oil",212.4760912232097,5.358829470143756,0.0,,,,1,1
1799,1990-07-06,21.234126984126984,0,1,0,0,silver,,,,,,,1,1
1800,1990-07-10,21.24206349206349,1,0,0,0,gold,215.2665469636063,5.371877013587188,0.0,,,,1,1
1801,1990-07-16,21.25793650793651,0,0,0,1,oil,,,,,,,1,1
1802,1990-07-17,21.261904761904763,0,0,0,1,oil,,,,,,,1,1
1803,1990-07-27,21.293650793650794,1,1,0,1,"gold,oil,silver",208.30326905182483,5.33899504210357,0.0,,,,1,1
1804,1990-08-01,21.305555555555557,0,0,1,0,gas,,,,,,,1,1
1805,1990-08-02,21.30952380952381,1,0,0,1,"gold,oil",206.9911295307303,5.332675939838625,0.0,,,,1,1
1806,1990-08-06,21.317460317460316,0,1,0,0,silver,,,,,,,1,1
1807,1990-08-20,21.357142857142858,1,0,0,0,gold,195.79428884747333,5.277064561374139,0.0,,,,1,1
1808,1990-08-24,21.373015873015873,1,0,0,0,gold,195.2426284080206,5.274243033374654,0.0,,,,1,1
1809,1990-08-31,21.392857142857142,1,0,0,0,gold,196.80920711114595,5.282234767625162,0.0,,,,1,1
1810,1990-09-04,21.400793650793652,0,0,0,1,oil,,,,,,,1,1
1811,1990-09-06,21.408730158730158,1,1,1,1,"gas,gold,oil,silver",199.3187954388316,5.294905530041699,0.0,,,,1,1
1812,1990-09-07,21.41269841269841,0,0,1,0,gas,,,,,,,1,1
1813,1990-09-10,21.416666666666668,1,0,0,0,gold,201.08759182459968,5.30374059335634,0.0,,,,1,1
1814,1990-09-12,21.424603174603174,1,0,0,1,"gold,oil",200.38945461399257,5.3002627461394765,0.0,,,,1,1
1815,1990-09-14,21.432539682539684,0,0,0,1,oil,,,,,,,1,1
1816,1990-09-17,21.436507936507937,1,0,0,0,gold,207.03137035709827,5.332870329402021,0.0,,,,1,1
1817,1990-09-20,21.4484126984127,1,1,0,1,"gold,oil,silver",211.38436231357423,5.35367809867346,0.0,,,,1,1
1818,1990-09-24,21.456349206349206,1,1,0,0,"gold,silver",210.02440784271676,5.347223751785999,0.0,,,,1,1
1819,1990-09-26,21.464285714285715,1,0,1,0,"gas,gold",214.25712314184372,5.367176803794973,0.0,,,,1,1
1820,1990-09-27,21.46825396825397,1,0,0,0,gold,211.5292353756774,5.35436321766023,0.0,,,,1,1
1821,1990-09-28,21.47222222222222,1,1,0,1,"gold,oil,silver",211.90811912754103,5.356152780385152,0.0,,,,1,1
1822,1990-10-03,21.484126984126984,1,1,0,0,"gold,silver",211.81546538653024,5.355715449323706,0.0,,,,1,1
1823,1990-10-04,21.488095238095237,1,1,0,0,"gold,silver",215.1682957024685,5.371420492631609,0.0,,,,1,1
1824,1990-10-05,21.49206349206349,0,1,0,0,silver,,,,,,,1,1
1825,1990-10-09,21.5,1,0,0,0,gold,212.67281618549077,5.359754910491329,0.0,,,,1,1
1826,1990-10-17,21.523809523809526,1,0,0,0,gold,212.18936501556385,5.3574791071839085,0.0,,,,1,1
1827,1990-10-22,21.535714285714285,1,0,1,0,"gas,gold",211.9860431585916,5.356520438347262,0.0,,,,1,1
1828,1990-11-05,21.575396825396826,1,0,0,0,gold,205.42868169977976,5.325098926011667,0.0,,,,1,1
1829,1990-11-07,21.583333333333332,1,1,0,0,"gold,silver",203.7259116660485,5.316775520179943,0.0,,,,1,1
1830,1990-11-14,21.603174603174605,1,0,0,0,gold,202.02147993562292,5.308374028062865,0.0,,,,1,1
1831,1990-11-16,21.61111111111111,1,0,0,0,gold,204.71912129093676,5.321638899594064,0.0,,,,1,1
1832,1990-11-19,21.615079365079364,0,1,0,0,silver,,,,,,,1,1
1833,1990-11-20,21.61904761904762,1,0,0,0,gold,200.30524316053825,5.299842418867057,0.0,,,,1,1
1834,1990-11-21,21.623015873015873,1,0,0,0,gold,201.0831499132601,5.303718503677113,0.0,,,,1,1
1835,1990-11-23,21.63095238095238,1,0,0,0,gold,200.54691289356987,5.301048198896737,0.0,,,,1,1
1836,1990-11-28,21.642857142857142,0,1,0,0,silver,,,,,,,1,1
1837,1990-12-03,21.654761904761905,1,0,0,0,gold,204.6386391759886,5.321245687964739,0.0,,,,1,1
1838,1990-12-04,21.658730158730158,0,0,0,1,oil,,,,,,,1,1
1839,1990-12-05,21.66269841269841,1,0,0,0,gold,206.6940307708589,5.331239587561769,0.0,,,,1,1
1840,1990-12-06,21.666666666666668,1,0,1,0,"gas,gold",209.1849836074673,5.3432189495354265,0.0,,,,1,1
1841,1990-12-12,21.682539682539684,1,0,0,0,gold,214.94453918282304,5.370380037561763,0.0,,,,1,1
1842,1990-12-17,21.694444444444443,1,0,0,0,gold,211.63243961012157,5.354850994519955,0.0,,,,1,1
1843,1990-12-19,21.702380952380953,1,1,0,0,"gold,silver",210.12869968934436,5.347720198661674,0.0,,,,1,1
1844,1990-12-20,21.706349206349206,1,1,0,1,"gold,oil,silver",211.0024127740012,5.351869568358561,0.0,,,,1,1
1845,1990-12-27,21.726190476190474,1,0,0,0,gold,208.2500057099905,5.338739308465874,0.0,,,,1,1
1846,1991-01-04,21.75,0,1,0,0,silver,,,,,,,1,1
1847,1991-01-08,21.75793650793651,1,0,0,0,gold,205.2938948226555,5.324442585748591,0.0,,,,1,1
1848,1991-01-11,21.76984126984127,1,1,0,0,"gold,silver",208.48144695279228,5.33985005383975,0.0,,,,1,1
1849,1991-01-14,21.773809523809526,0,1,1,0,"gas,silver",,,,,,,1,1
1850,1991-01-17,21.785714285714285,0,0,1,0,gas,,,,,,,1,1
1851,1991-01-18,21.78968253968254,1,0,0,0,gold,205.7713829231172,5.326765760879491,0.0,,,,1,1
1852,1991-01-28,21.813492063492063,1,0,0,1,"gold,oil",205.35117246617517,5.324721549985368,0.0,,,,1,1
1853,1991-01-29,21.817460317460316,1,1,0,1,"gold,oil,silver",207.7865849772691,5.336511519205219,0.0,,,,1,1
1854,1991-02-05,21.83730158730159,0,0,0,1,oil,,,,,,,1,1
1855,1991-02-08,21.849206349206348,0,0,0,1,oil,,,,,,,1,1
1856,1991-02-20,21.88095238095238,1,1,1,0,"gas,gold,silver",210.1971960854065,5.348046119083694,0.0,,,,1,1
1857,1991-02-25,21.892857142857142,1,0,0,0,gold,206.2956164366984,5.329310171362352,0.0,,,,1,1
1858,1991-02-27,21.900793650793652,1,0,0,0,gold,203.6472679411297,5.316389418542267,0.0,,,,1,1
1859,1991-03-01,21.908730158730158,1,0,0,1,"gold,oil",201.87316464285936,5.307639602383193,0.0,,,,1,1
1860,1991-03-05,21.916666666666668,0,0,1,0,gas,,,,,,,1,1
1861,1991-03-14,21.944444444444443,1,1,0,0,"gold,silver",191.2800866473834,5.253738776137124,0.0,,,,1,1
1862,1991-03-15,21.9484126984127,1,0,0,0,gold,186.18880021286512,5.226761213801196,0.0,,,,1,1
1863,1991-03-20,21.96031746031746,0,0,1,0,gas,,,,,,,1,1
1864,1991-03-22,21.96825396825397,1,1,0,0,"gold,silver",185.7251522402569,5.2242679047454725,0.0,,,,1,1
1865,1991-03-28,21.984126984126984,1,0,0,1,"gold,oil",193.39750199615307,5.2647476666801065,0.0,,,,1,1
1866,1991-04-02,21.996031746031747,1,0,0,0,gold,186.24636978262987,5.227070365969741,0.0,,,,1,1
1867,1991-04-04,22.003968253968253,0,0,0,1,oil,,,,,,,1,1
1868,1991-04-16,22.035714285714285,1,1,1,0,"gas,gold,silver",188.99447155608712,5.241717763605829,0.0,,,,1,1
1869,1991-04-18,22.043650793650794,0,0,0,1,oil,,,,,,,1,1
1870,1991-04-19,22.047619047619047,1,0,0,0,gold,190.4559739033016,5.249421059738007,0.0,,,,1,1
1871,1991-04-22,22.0515873015873,1,0,0,0,gold,190.3446123273783,5.248836178395254,0.0,,,,1,1
1872,1991-04-24,22.05952380952381,0,0,0,1,oil,,,,,,,1,1
1873,1991-04-30,22.075396825396826,0,1,0,0,silver,,,,,,,1,1
1874,1991-05-01,22.07936507936508,1,0,0,0,gold,189.98411129418895,5.246940443896314,0.0,,,,1,1
1875,1991-05-03,22.08730158730159,1,1,0,0,"gold,silver",186.88007330703653,5.230467091907746,0.0,,,,1,1
1876,1991-05-07,22.095238095238095,0,0,1,0,gas,,,,,,,1,1
1877,1991-05-08,22.099206349206348,1,0,0,0,gold,189.13647092313667,5.24246882287008,0.0,,,,1,1
1878,1991-05-15,22.11904761904762,1,0,0,0,gold,186.62577413028748,5.229105403903196,0.0,,,,1,1
1879,1991-05-16,22.123015873015873,0,1,0,0,silver,,,,,,,1,1
1880,1991-05-21,22.134920634920636,1,0,0,0,gold,184.27549837829852,5.2164319116073,0.0,,,,1,1
1881,1991-05-22,22.13888888888889,1,0,0,0,gold,185.4927834062541,5.223015977820402,0.0,,,,1,1
1882,1991-05-24,22.146825396825395,0,0,0,1,oil,,,,,,,1,1
1883,1991-05-29,22.158730158730158,1,0,0,0,gold,194.85586931363463,5.272260153546268,0.0,,,,1,1
1884,1991-05-30,22.16269841269841,1,0,0,0,gold,193.2303635101836,5.263883070455712,0.0,,,,1,1
1885,1991-06-04,22.174603174603174,0,1,0,0,silver,,,,,,,1,1
1886,1991-06-07,22.186507936507937,1,1,1,1,"gas,gold,oil,silver",204.56823807288976,5.320901602331248,0.0,,,,1,1
1887,1991-06-12,22.1984126984127,1,0,0,0,gold,205.6509722255055,5.326180422238832,0.0,,,,1,1
1888,1991-06-24,22.23015873015873,0,1,0,0,silver,,,,,,,1,1
1889,1991-06-27,22.24206349206349,1,0,0,0,gold,197.87000534388503,5.287610276411399,0.0,,,,1,1
1890,1991-07-04,22.261904761904763,0,0,1,0,gas,,,,,,,1,1
1891,1991-07-10,22.27777777777778,1,0,1,0,"gas,gold",205.57313438995823,5.3258018557334905,0.0,,,,1,1
1892,1991-07-11,22.28174603174603,0,0,1,0,gas,,,,,,,1,1
1893,1991-07-23,22.313492063492063,1,0,0,0,gold,195.29986896896105,5.27453616696055,0.0,,,,1,1
1894,1991-07-24,22.317460317460316,1,0,0,0,gold,194.10641236942232,5.268406526050821,0.0,,,,1,1
1895,1991-07-26,22.325396825396826,1,0,0,0,gold,190.56525641043223,5.249994689244359,0.0,,,,1,1
1896,1991-07-29,22.32936507936508,0,0,0,1,oil,,,,,,,1,1
1897,1991-08-02,22.34523809523809,1,1,1,1,"gas,gold,oil,silver",199.5242253107165,5.295935659086782,0.0,2.638106993989678,0.97006161222536,0.0,0,0
1898,1991-08-07,22.357142857142858,0,1,1,0,"gas,silver",,,,2.6597874292198904,0.9782462057732187,0.0,0,0
1899,1991-08-12,22.36904761904762,0,0,1,0,gas,,,,,,,0,0
1900,1991-08-14,22.376984126984127,0,1,0,0,silver,,,,2.6515538058136485,0.9751458099834036,0.0,0,0
1901,1991-08-19,22.38888888888889,0,1,0,1,"oil,silver",,,,2.6056435875633466,0.9576797032569728,0.0,0,0
1902,1991-08-22,22.40079365079365,0,0,1,1,"gas,oil",,,,,,,0,0
1903,1991-08-27,22.41269841269841,1,1,1,1,"gas,gold,oil,silver",192.63785805593943,5.260812043162978,0.0,2.452823281606206,0.8972397209389489,0.0,0,0
1904,1991-08-30,22.42460317460317,0,0,1,1,"gas,oil",,,,,,,0,0
1905,1991-09-04,22.436507936507937,0,1,1,1,"gas,oil,silver",,,,2.29792260891066,0.8320055012748921,0.0,0,0
1906,1991-09-09,22.4484126984127,0,0,0,1,oil,,,,,,,0,0
1907,1991-09-12,22.46031746031746,1,1,1,1,"gas,gold,oil,silver",182.7739786862668,5.208250300344136,0.0,2.3184673357353507,0.8409063362167508,0.0,0,0
1908,1991-09-16,22.46825396825397,0,1,0,0,silver,,,,2.351835877696775,0.8551962477108237,0.0,0,0
1909,1991-09-19,22.48015873015873,1,1,1,1,"gas,gold,oil,silver",184.60175829397096,5.218200846909474,0.0,2.412884020393661,0.8808227210010884,0.0,0,0
1910,1991-09-24,22.49206349206349,0,1,1,1,"gas,oil,silver",,,,2.4399744326404376,0.8919875608241612,0.0,0,0
1911,1991-09-27,22.503968253968253,0,1,1,0,"gas,silver",,,,2.5265267898364483,0.9268455492306952,0.0,0,0
1912,1991-10-02,22.515873015873016,0,0,1,0,gas,,,,,,,0,0
1913,1991-10-07,22.52777777777778,1,1,1,0,"gas,gold,silver",189.7696826189039,5.245811140113121,0.0,2.409523802972542,0.8794291358510913,0.0,0,0
1914,1991-10-10,22.53968253968254,0,0,1,0,gas,,,,,,,0,0
1915,1991-10-15,22.5515873015873,0,1,0,0,silver,,,,2.486937107178153,0.9110518758718922,0.0,0,0
1916,1991-10-17,22.55952380952381,1,0,0,0,gold,187.25908005544508,5.232493112839513,0.0,,,,0,0
1917,1991-10-22,22.571428571428573,1,1,1,1,"gas,gold,oil,silver",186.11752951532745,5.226378353276314,0.0,2.3322962110144623,0.846853280582444,0.0,0,0
1918,1991-10-25,22.58333333333333,1,0,1,0,"gas,gold",189.59339601591225,5.2448817580746,0.0,,,,0,0
1919,1991-10-30,22.59523809523809,0,1,0,0,silver,,,,2.3999162938624794,0.8754338591883635,0.0,0,0
1920,1991-11-04,22.607142857142858,0,0,0,1,oil,,,,,,,0,0
1921,1991-11-07,22.61904761904762,1,0,1,1,"gas,gold,oil",190.67475370467832,5.250569116347243,0.0,,,,0,0
1922,1991-11-12,22.63095238095238,0,1,1,0,"gas,silver",,,,2.406113500638176,0.8780127904374087,0.0,0,0
1923,1991-11-15,22.642857142857142,1,1,0,1,"gold,oil,silver",190.23211887975748,5.248245004833275,0.0,2.399217483541677,0.875142635664222,0.0,0,0
1924,1991-11-19,22.65079365079365,1,0,0,0,gold,190.4620237962673,5.249452824543045,0.0,,,,0,0
1925,1991-11-22,22.66269841269841,0,0,0,1,oil,,,,,,,0,0
1926,1991-11-27,22.67460317460317,0,0,0,1,oil,,,,,,,0,0
1927,1991-12-02,22.686507936507937,1,0,0,0,gold,187.2083439619764,5.232222135496625,0.0,,,,0,0
1928,1991-12-05,22.6984126984127,1,1,0,1,"gold,oil,silver",183.94569296937152,5.214640567138976,0.0,2.248964359159213,0.8104698254346272,0.0,0,0
1929,1991-12-10,22.71031746031746,0,0,1,0,gas,,,,,,,0,0
1930,1991-12-13,22.72222222222222,0,1,0,0,silver,,,,2.237033788130833,0.8051507866097645,0.0,0,0
1931,1991-12-17,22.73015873015873,1,0,0,0,gold,182.0291382665172,5.204166774627579,0.0,,,,0,0
1932,1991-12-20,22.74206349206349,1,0,1,0,"gas,gold",186.7694356933328,5.22987489192208,0.0,,,,0,0
1933,1991-12-25,22.753968253968253,1,1,0,0,"gold,silver",198.18964590972064,5.28922437991435,0.0,2.574058629772896,0.9454838866040752,0.0,0,0
1934,1991-12-30,22.765873015873016,0,0,1,0,gas,,,,,,,0,0
1935,1992-01-02,22.77777777777778,1,0,0,0,gold,195.33515033638852,5.274716802929062,0.0,,,,0,0
1936,1992-01-07,22.78968253968254,0,0,0,1,oil,,,,,,,0,0
1937,1992-01-10,22.8015873015873,0,1,1,1,"gas,oil,silver",,,,2.576033492031288,0.9462508097225286,0.0,0,0
1938,1992-01-15,22.813492063492063,0,1,1,0,"gas,silver",,,,2.5092482474001816,0.9199832052558872,0.0,0,0
1939,1992-01-17,22.821428571428573,1,0,0,0,gold,197.2478851745749,5.284461238120091,0.0,,,,0,0
1940,1992-01-22,22.83333333333333,0,1,0,0,silver,,,,2.481790898996982,0.90898043625398,0.0,0,0
1941,1992-01-27,22.84523809523809,0,1,1,0,"gas,silver",,,,2.4351592093039893,0.8900121380948691,0.0,0,0
1942,1992-01-30,22.857142857142858,0,0,1,1,"gas,oil",,,,,,,0,0
1943,1992-02-04,22.86904761904762,1,0,1,0,"gas,gold",185.7785845355555,5.224555558894692,0.0,,,,0,0
1944,1992-02-07,22.88095238095238,1,0,0,0,gold,184.97469202922971,5.220219015878372,0.0,,,,0,0
1945,1992-02-12,22.892857142857142,1,0,0,1,"gold,oil",184.72636018025185,5.218875595918691,0.0,,,,0,0
1946,1992-02-17,22.904761904761905,1,1,0,0,"gold,silver",185.23112600024555,5.22160437504638,0.0,2.2065053002328017,0.7914099518241953,0.0,0,0
1947,1992-02-19,22.91269841269841,0,1,1,1,"gas,oil,silver",,,,2.149550475676894,0.7652587391985608,0.0,0,0
1948,1992-02-24,22.92460317460317,0,0,1,0,gas,,,,,,,0,0
1949,1992-02-27,22.936507936507937,0,0,1,1,"gas,oil",,,,,,,0,0
1950,1992-03-03,22.9484126984127,0,1,0,1,"oil,silver",,,,2.213986504919149,0.7947947389287306,0.0,0,0
1951,1992-03-06,22.96031746031746,1,1,1,0,"gas,gold,silver",180.06627241690668,5.193324963222477,0.0,2.0702706877387023,0.7276793657515435,0.0,0,0
1952,1992-03-09,22.964285714285715,1,0,0,0,gold,132.20237899906445,4.884333922710015,0.0,,,,1,1
1953,1992-03-19,22.996031746031747,1,0,1,0,"gas,gold",138.66822431542158,4.932084204573969,0.0,,,,1,1
1954,1992-03-23,23.003968253968253,1,1,1,0,"gas,gold,silver",141.17007459825544,4.949965366324498,0.0,,,,1,1
1955,1992-03-26,23.015873015873016,0,1,1,1,"gas,oil,silver",,,,,,,1,1
1956,1992-03-27,23.01984126984127,1,1,0,0,"gold,silver",140.3003869538408,4.943785745150519,0.0,,,,1,1
1957,1992-04-08,23.0515873015873,1,0,0,0,gold,136.23995094070776,4.914417676259739,0.0,,,,1,1
1958,1992-04-16,23.075396825396826,0,0,0,1,oil,,,,,,,1,1
1959,1992-04-22,23.091269841269842,0,0,0,1,oil,,,,,,,1,1
1960,1992-04-23,23.095238095238095,0,1,0,0,silver,,,,,,,1,1
1961,1992-04-24,23.099206349206348,0,1,0,0,silver,,,,,,,1,1
1962,1992-04-29,23.11111111111111,0,1,0,1,"oil,silver",,,,,,,1,1
1963,1992-05-04,23.123015873015873,0,1,0,0,silver,,,,,,,1,1
1964,1992-05-07,23.134920634920636,1,0,0,0,gold,137.37817070145306,4.922737493086753,0.0,,,,1,1
1965,1992-05-22,23.178571428571427,1,0,0,0,gold,139.37286051581606,4.937152791537395,0.0,,,,1,1
1966,1992-05-29,23.1984126984127,1,0,1,0,"gas,gold",139.7870283199857,4.940120038084003,0.0,,,,1,1
1967,1992-06-01,23.202380952380953,1,1,0,0,"gold,silver",141.40297630189286,4.951613802052073,0.0,,,,1,1
1968,1992-06-02,23.206349206349206,0,1,0,0,silver,,,,,,,1,1
1969,1992-06-08,23.22222222222222,0,1,0,1,"oil,silver",,,,,,,1,1
1970,1992-06-09,23.226190476190474,1,1,0,0,"gold,silver",135.11929887251785,4.906158083561555,0.0,,,,1,1
1971,1992-06-10,23.23015873015873,0,1,0,0,silver,,,,,,,1,1
1972,1992-06-15,23.24206349206349,0,1,0,0,silver,,,,,,,1,1
1973,1992-06-16,23.246031746031747,1,0,0,1,"gold,oil",126.22913812017048,4.8380988118888935,0.0,,,,1,1
1974,1992-06-18,23.253968253968253,0,0,1,0,gas,,,,,,,1,1
1975,1992-07-02,23.293650793650794,1,1,1,0,"gas,gold,silver",124.5827254050454,4.824969956332938,0.0,,,,1,1
1976,1992-07-09,23.313492063492063,1,1,1,0,"gas,gold,silver",122.37802322632992,4.807114805152915,0.0,,,,1,1
1977,1992-07-15,23.32936507936508,1,1,1,1,"gas,gold,oil,silver",123.07699957991818,4.812810172352978,0.0,,,,1,1
1978,1992-07-20,23.341269841269842,0,0,1,0,gas,,,,,,,1,1
1979,1992-07-22,23.349206349206348,1,0,0,0,gold,123.92915458198578,4.819710068315322,0.0,,,,1,1
1980,1992-07-24,23.357142857142858,1,1,0,0,"gold,silver",125.9247510018054,4.835684514276616,0.0,,,,1,1
1981,1992-07-27,23.36111111111111,0,1,0,0,silver,,,,,,,1,1
1982,1992-08-06,23.392857142857142,1,1,1,0,"gas,gold,silver",126.71109838292298,4.841909679251843,0.0,,,,1,1
1983,1992-08-10,23.400793650793652,0,1,0,0,silver,,,,,,,1,1
1984,1992-08-11,23.404761904761905,1,1,0,0,"gold,silver",126.3679286125242,4.839197720186728,0.0,,,,1,1
1985,1992-08-13,23.41269841269841,0,0,0,1,oil,,,,,,,1,1
1986,1992-08-14,23.416666666666668,0,0,1,0,gas,,,,,,,1,1
1987,1992-08-20,23.432539682539684,1,0,1,1,"gas,gold,oil",127.9778091483643,4.851856882861586,0.0,,,,1,1
1988,1992-08-27,23.452380952380953,1,0,0,0,gold,127.2443784058543,4.846109476897638,0.0,,,,1,1
1989,1992-08-31,23.46031746031746,1,0,0,0,gold,126.05255618116428,4.836698932533144,0.0,,,,1,1
1990,1992-09-03,23.47222222222222,1,1,1,1,"gas,gold,oil,silver",126.02824107534371,4.836506017355466,0.0,,,,1,1
1991,1992-09-08,23.484126984126984,1,1,0,0,"gold,silver",127.55768224201644,4.8485686720333545,0.0,,,,1,1
1992,1992-09-14,23.5,1,1,1,0,"gas,gold,silver",129.58136563634622,4.864308989910144,0.0,,,,1,1
1993,1992-09-18,23.515873015873016,1,1,0,0,"gold,silver",129.74157734551235,4.865544605453508,0.0,,,,1,1
1994,1992-09-22,23.523809523809526,1,0,0,0,gold,128.7698457240708,4.858026669211439,0.0,,,,1,1
1995,1992-09-25,23.535714285714285,1,0,0,0,gold,124.15170457672204,4.821504241837545,0.0,,,,1,1
1996,1992-10-01,23.5515873015873,0,1,0,0,silver,,,,,,,1,1
1997,1992-10-02,23.555555555555557,1,0,0,0,gold,124.72665201434212,4.82612455891368,0.0,,,,1,1
1998,1992-10-05,23.55952380952381,1,0,1,0,"gas,gold",122.78447726900038,4.810430601118823,0.0,,,,1,1
1999,1992-10-07,23.567460317460316,1,1,0,0,"gold,silver",124.97702451252682,4.828129916508509,0.0,,,,1,1
2000,1992-10-09,23.575396825396826,1,1,0,0,"gold,silver",128.91052254357672,4.859118540000259,0.0,,,,1,1
2001,1992-10-19,23.599206349206348,0,0,0,1,oil,,,,,,,1,1
2002,1992-10-27,23.623015873015873,1,0,1,1,"gas,gold,oil",138.93191916283118,4.9339840229488345,0.0,,,,1,1
2003,1992-11-02,23.63888888888889,1,1,1,1,"gas,gold,oil,silver",148.27842902705555,4.999091783588261,0.0,,,,1,1
2004,1992-11-03,23.642857142857142,1,0,0,0,gold,146.85284330300945,4.9894310194116285,0.0,,,,1,1
2005,1992-11-06,23.654761904761905,1,1,1,0,"gas,gold,silver",146.25887741525338,4.985378184545016,0.0,,,,1,1
2006,1992-11-11,23.666666666666668,1,0,1,0,"gas,gold",148.1829411919316,4.998447599569578,0.0,,,,1,1
2007,1992-11-12,23.67063492063492,0,1,0,0,silver,,,,,,,1,1
2008,1992-11-16,23.678571428571427,1,1,1,0,"gas,gold,silver",150.98926603464463,5.017208748424924,0.0,,,,1,1
2009,1992-11-23,23.6984126984127,1,1,1,0,"gas,gold,silver",153.32816624091774,5.032580501818429,0.0,,,,1,1
2010,1992-11-26,23.71031746031746,1,0,0,1,"gold,oil",153.4004058974947,5.033051534936791,0.0,,,,1,1
2011,1992-11-27,23.714285714285715,1,1,1,0,"gas,gold,silver",150.16146714853778,5.011711162798834,0.0,,,,1,1
2012,1992-11-30,23.71825396825397,0,1,0,0,silver,,,,,,,1,1
2013,1992-12-10,23.75,1,0,1,0,"gas,gold",161.2808141984429,5.083147033223701,0.0,,,,1,1
2014,1992-12-22,23.78174603174603,1,1,0,0,"gold,silver",162.6689491535846,5.091717148768467,0.0,,,,1,1
2015,1992-12-23,23.785714285714285,1,0,0,1,"gold,oil",161.04275520523836,5.081669890010557,0.0,,,,1,1
2016,1993-01-06,23.825396825396822,1,0,1,0,"gas,gold",168.27049543702088,5.125572776482,0.0,,,,0,0
2017,1993-01-11,23.83730158730159,1,0,1,0,"gas,gold",165.16208897596397,5.106927349133373,0.0,,,,0,0
2018,1993-01-13,23.84523809523809,0,1,1,0,"gas,silver",,,,1.889026437690655,0.6360615840226287,0.0,0,0
2019,1993-01-18,23.857142857142858,0,0,0,1,oil,,,,,,,0,0
2020,1993-01-21,23.86904761904762,0,0,1,0,gas,,,,,,,0,0
2021,1993-01-26,23.88095238095238,1,0,0,0,gold,162.87308882473178,5.092971301376053,0.0,,,,0,0
2022,1993-01-29,23.892857142857142,0,0,0,1,oil,,,,,,,0,0
2023,1993-02-03,23.904761904761905,0,1,0,0,silver,,,,1.8705190245384056,0.6262159455848175,0.0,0,0
2024,1993-02-08,23.916666666666668,0,0,1,0,gas,,,,,,,0,0
2025,1993-02-11,23.928571428571427,1,0,0,0,gold,163.59815339379708,5.097413136780966,0.0,,,,0,0
2026,1993-02-15,23.936507936507937,1,0,0,1,"gold,oil",163.19184665795288,5.094926482078284,0.0,,,,0,0
2027,1993-02-18,23.9484126984127,1,1,1,1,"gas,gold,oil,silver",160.24448729858608,5.076700694576216,0.0,1.8014724788029095,0.588604374266066,0.0,0,0
2028,1993-02-23,23.96031746031746,0,1,1,0,"gas,silver",,,,1.901849919351697,0.6428270542547427,0.0,0,0
2029,1993-02-26,23.97222222222222,0,1,0,1,"oil,silver",,,,1.9286154024472777,0.6568023373980842,0.0,0,0
2030,1993-03-03,23.984126984126984,0,0,0,1,oil,,,,,,,0,0
2031,1993-03-08,23.996031746031747,1,1,1,0,"gas,gold,silver",165.76179026437754,5.11055175935291,0.0,1.859153695220373,0.620121381610339,0.0,0,0
2032,1993-03-11,24.00793650793651,1,0,0,1,"gold,oil",164.62160348722884,5.103649528034229,0.0,,,,0,0
2033,1993-03-16,24.01984126984127,0,1,1,0,"gas,silver",,,,1.6079562400037102,0.474963956458428,0.0,0,0
2034,1993-03-18,24.02777777777778,1,0,0,0,gold,153.79235528158594,5.035603350254815,0.0,,,,0,0
2035,1993-03-23,24.03968253968254,0,0,0,1,oil,,,,,,,0,0
2036,1993-03-26,24.0515873015873,1,0,1,0,"gas,gold",153.5815602193084,5.034231762851371,0.0,,,,0,0
2037,1993-03-31,24.063492063492063,1,1,0,0,"gold,silver",158.96112059743825,5.068659647774817,0.0,1.6723301794987515,0.5142179709435006,0.0,0,0
2038,1993-04-05,24.075396825396822,0,0,1,1,"gas,oil",,,,,,,0,0
2039,1993-04-08,24.08730158730159,0,1,1,0,"gas,silver",,,,1.7317037910874968,0.5491057742023624,0.0,0,0
2040,1993-04-13,24.099206349206348,1,0,1,0,"gas,gold",173.60320075549512,5.156772239587935,0.0,,,,0,0
2041,1993-04-15,24.107142857142858,1,1,0,0,"gold,silver",178.48073927185845,5.184480692158832,0.0,1.8948899118384115,0.6391607428301975,0.0,0,0
2042,1993-04-20,24.11904761904762,0,1,0,0,silver,,,,1.885911479253406,0.6344112474010584,0.0,0,0
2043,1993-04-23,24.13095238095238,1,0,0,0,gold,178.13637165460128,5.182549389853111,0.0,,,,0,0
2044,1993-04-28,24.142857142857142,0,1,0,0,silver,,,,1.9336259831897011,0.6593969880442512,0.0,0,0
2045,1993-05-03,24.154761904761905,1,0,0,1,"gold,oil",179.92973904204467,5.19256643603294,0.0,,,,0,0
2046,1993-05-06,24.166666666666668,0,1,0,0,silver,,,,1.826984878543204,0.6026670007021784,0.0,0,0
2047,1993-05-11,24.178571428571427,0,0,1,0,gas,,,,,,,0,0
2048,1993-05-14,24.19047619047619,0,1,0,0,silver,,,,1.771385598427306,0.5717620643090975,0.0,0,0
2049,1993-05-18,24.1984126984127,0,0,1,0,gas,,,,,,,0,0
2050,1993-05-21,24.21031746031746,0,1,0,0,silver,,,,1.8061509871398056,0.5911980545676971,0.0,0,0
2051,1993-05-26,24.22222222222222,0,1,1,0,"gas,silver",,,,1.835208139613386,0.6071579026563385,0.0,0,0
2052,1993-05-31,24.234126984126984,0,0,1,0,gas,,,,,,,0,0
2053,1993-06-03,24.246031746031747,1,0,0,0,gold,175.1938760621159,5.1658932239080295,0.0,,,,0,0
2054,1993-06-08,24.25793650793651,1,0,1,0,"gas,gold",174.02447553137426,5.159195953295695,0.0,,,,0,0
2055,1993-06-11,24.26984126984127,0,0,0,1,oil,,,,,,,0,0
2056,1993-06-16,24.28174603174603,0,1,1,0,"gas,silver",,,,1.8712828646804969,0.6266242195529834,0.0,0,0
2057,1993-06-18,24.28968253968254,1,0,0,0,gold,170.07653797931627,5.136248559137856,0.0,,,,0,0
2058,1993-06-23,24.3015873015873,0,0,1,0,gas,,,,,,,0,0
2059,1993-06-28,24.313492063492063,1,0,0,0,gold,169.00608955957483,5.129934747170797,0.0,,,,0,0
2060,1993-07-01,24.325396825396822,1,0,0,1,"gold,oil",169.61526240108594,5.133532709881335,0.0,,,,0,0
2061,1993-07-06,24.33730158730159,0,1,0,1,"oil,silver",,,,1.785740576171421,0.5798332178005605,0.0,0,0
2062,1993-07-09,24.349206349206348,0,0,1,1,"gas,oil",,,,,,,0,0
2063,1993-07-14,24.36111111111111,1,1,1,0,"gas,gold,silver",168.4588079012993,5.126691256412573,0.0,1.78971957992655,0.5820589483214096,0.0,0,0
2064,1993-07-19,24.373015873015877,1,0,0,0,gold,169.90324051991547,5.135229101597324,0.0,,,,0,0
2065,1993-07-21,24.38095238095238,0,0,1,0,gas,,,,,,,0,0
2066,1993-07-26,24.392857142857142,1,1,0,0,"gold,silver",170.24161310548791,5.137218681587052,0.0,1.8136500111762892,0.5953413954685471,0.0,0,0
2067,1993-07-29,24.404761904761905,1,0,0,0,gold,169.0932591847078,5.13045039221648,0.0,,,,0,0
2068,1993-08-03,24.416666666666668,1,1,0,1,"gold,oil,silver",166.5052842393983,5.115027046090448,0.0,1.797245002597352,0.5862549382950608,0.0,0,0
2069,1993-08-06,24.428571428571427,0,0,0,1,oil,,,,,,,0,0
2070,1993-08-11,24.44047619047619,1,1,0,0,"gold,silver",169.24898338360362,5.131370905178207,0.0,1.8167493627077471,0.5970488397275628,0.0,0,0
2071,1993-08-16,24.452380952380956,0,0,0,1,oil,,,,,,,0,0
2072,1993-08-18,24.46031746031746,0,0,0,1,oil,,,,,,,0,0
2073,1993-08-23,24.47222222222222,1,0,1,1,"gas,gold,oil",173.3931519083747,5.155561570535284,0.0,,,,0,0
2074,1993-08-26,24.484126984126984,1,1,1,1,"gas,gold,oil,silver",170.35663325987278,5.13789408235605,0.0,1.904018490852212,0.6439666479040604,0.0,0,0
2075,1993-08-31,24.496031746031747,1,1,0,1,"gold,oil,silver",171.63355435828046,5.145361706157174,0.0,1.962175528353656,0.674053821134196,0.0,0,0
2076,1993-09-03,24.50793650793651,0,1,0,0,silver,,,,1.8454856691915915,0.6127424781863446,0.0,0,0
2077,1993-09-08,24.51984126984127,0,0,1,0,gas,,,,,,,0,0
2078,1993-09-13,24.53174603174603,0,0,0,1,oil,,,,,,,0,0
2079,1993-09-16,24.543650793650794,0,1,0,0,silver,,,,1.8613738550074688,0.621314846795396,0.0,0,0
2080,1993-09-20,24.5515873015873,1,1,1,0,"gas,gold,silver",169.19738794510303,5.131066009376265,0.0,1.847215333154483,0.6136792797786146,0.0,0,0
2081,1993-09-23,24.563492063492063,1,0,0,0,gold,171.95890489680752,5.147255523247763,0.0,,,,0,0
2082,1993-09-28,24.575396825396822,1,1,0,1,"gold,oil,silver",172.20716221036426,5.148698183523373,0.0,1.8637509572654212,0.6225911007199771,0.0,0,0
2083,1993-10-01,24.58730158730159,0,0,1,0,gas,,,,,,,0,0
2084,1993-10-06,24.599206349206348,0,1,1,1,"gas,oil,silver",,,,1.8150246712181344,0.5960990605820806,0.0,0,0
2085,1993-10-11,24.61111111111111,0,0,0,1,oil,,,,,,,0,0
2086,1993-10-14,24.623015873015877,1,0,0,0,gold,176.018404494632,5.170588560563214,0.0,,,,0,0
2087,1993-10-19,24.63492063492064,1,0,1,0,"gas,gold",180.28047401818955,5.194513827163286,0.0,,,,0,0
2088,1993-10-21,24.642857142857142,0,0,1,1,"gas,oil",,,,,,,0,0
2089,1993-10-26,24.654761904761905,1,0,0,1,"gold,oil",186.7147345606733,5.229581968486993,0.0,,,,0,0
2090,1993-10-29,24.666666666666668,1,0,0,0,gold,195.45836314403653,5.275347380497422,0.0,,,,0,0
2091,1993-11-03,24.678571428571427,1,0,0,0,gold,193.2797491277716,5.264138616772572,0.0,,,,0,0
2092,1993-11-08,24.69047619047619,1,1,0,0,"gold,silver",188.17740077931035,5.237385139065916,0.0,1.9306919455996456,0.6578784596995704,0.0,0,0
2093,1993-11-11,24.702380952380956,0,0,1,1,"gas,oil",,,,,,,0,0
2094,1993-11-16,24.714285714285715,0,1,1,1,"gas,oil,silver",,,,1.8655684619146236,0.6235658119682277,0.0,0,0
2095,1993-11-18,24.72222222222222,1,1,0,0,"gold,silver",180.60214744442357,5.196296531523618,0.0,1.915597988688588,0.6500298395215711,0.0,0,0
2096,1993-11-23,24.734126984126984,0,1,1,0,"gas,silver",,,,1.993584122491218,0.6899340853393234,0.0,0,0
2097,1993-11-26,24.746031746031747,1,0,0,0,gold,185.8420008631342,5.224896854994456,0.0,,,,0,0
2098,1993-12-01,24.75793650793651,0,1,0,0,silver,,,,1.9293798402831608,0.6571986250022892,0.0,0,0
2099,1993-12-06,24.76984126984127,1,0,1,0,"gas,gold",183.56872614925172,5.212589126799703,0.0,,,,0,0
2100,1993-12-09,24.78174603174603,1,1,1,1,"gas,gold,oil,silver",192.44574885225092,5.259814289863801,0.0,2.0939359049561155,0.7390455030764043,0.0,0,0
2101,1993-12-14,24.793650793650794,0,1,0,0,silver,,,,2.135403137277388,0.7586554519364974,0.0,0,0
2102,1993-12-17,24.80555555555556,0,1,0,0,silver,,,,2.1625182658393878,0.7712734064191553,0.0,0,0
2103,1993-12-21,24.813492063492063,0,1,0,0,silver,,,,2.21012587371656,0.793049470340538,0.0,0,0
2104,1993-12-24,24.825396825396822,0,1,0,1,"oil,silver",,,,2.2323987135290126,0.8030766636593596,0.0,0,0
2105,1993-12-29,24.83730158730159,1,0,1,1,"gas,gold,oil",199.31080921285653,5.294865461637934,0.0,,,,0,0
2106,1994-01-03,24.849206349206348,0,1,1,0,"gas,silver",,,,2.1948049749853467,0.7860931929147792,0.0,0,0
2107,1994-01-06,24.86111111111111,1,1,0,1,"gold,oil,silver",197.40030633775356,5.285233678861164,0.0,2.174777637086535,0.7769264234919266,0.0,0,0
2108,1994-01-11,24.873015873015877,0,0,1,1,"gas,oil",,,,,,,0,0
2109,1994-01-14,24.88492063492064,1,0,0,0,gold,197.175342989791,5.284093398802212,0.0,,,,0,0
2110,1994-01-19,24.896825396825395,0,1,0,0,silver,,,,2.216870963286783,0.7960967256415972,0.0,0,0
2111,1994-01-21,24.904761904761905,0,0,1,0,gas,,,,,,,0,0
2112,1994-01-26,24.916666666666668,1,1,0,0,"gold,silver",197.64457857584156,5.286470359950066,0.0,2.201454479788276,0.7891182690924634,0.0,0,0
2113,1994-01-31,24.928571428571427,0,0,1,1,"gas,oil",,,,,,,0,0
2114,1994-02-03,24.94047619047619,0,1,0,1,"oil,silver",,,,2.354594666907172,0.8563685966917445,0.0,0,0
2115,1994-02-08,24.952380952380956,1,0,0,0,gold,207.2435367829719,5.3338946079222325,0.0,,,,0,0
2116,1994-02-11,24.964285714285715,0,0,1,1,"gas,oil",,,,,,,0,0
2117,1994-02-16,24.976190476190474,1,1,0,0,"gold,silver",210.29196034030335,5.348496852497639,0.0,2.4292605339156164,0.8875869040110667,0.0,0,0
2118,1994-02-21,24.98809523809524,0,1,0,0,silver,,,,2.565643696314009,0.9422094008677716,0.0,0,0
2119,1994-02-23,24.996031746031747,0,1,0,0,silver,,,,2.4980614887364734,0.915515026587176,0.0,0,0
2120,1994-02-28,25.00793650793651,1,0,0,0,gold,222.5430296315576,5.405120474511056,0.0,,,,0,0
2121,1994-03-03,25.01984126984127,0,0,0,1,oil,,,,,,,0,0
2122,1994-03-08,25.03174603174603,1,0,0,0,gold,223.34760433578148,5.408729321686345,0.0,,,,0,0
2123,1994-03-11,25.043650793650794,0,0,0,1,oil,,,,,,,0,0
2124,1994-03-16,25.05555555555556,1,1,0,0,"gold,silver",235.19763439867108,5.460426158145112,0.0,2.916996165230056,1.070554376256697,0.0,0,0
2125,1994-03-21,25.06746031746032,1,1,1,0,"gas,gold,silver",233.45164049567904,5.452974948574432,0.0,2.8541604569809427,1.0487777392615552,0.0,0,0
2126,1994-03-23,25.075396825396822,1,0,0,0,gold,232.92738889264396,5.450726769343331,0.0,,,,0,0
2127,1994-03-28,25.08730158730159,0,1,0,0,silver,,,,2.868692290341839,1.053856277967936,0.0,0,0
2128,1994-03-31,25.099206349206348,0,0,1,0,gas,,,,,,,0,0
2129,1994-04-05,25.11111111111111,1,0,0,0,gold,245.58571240111308,5.503646020318231,0.0,,,,0,0
2130,1994-04-08,25.123015873015877,1,0,1,0,"gas,gold",244.6943339344344,5.500009815029068,0.0,,,,0,0
2131,1994-04-13,25.13492063492064,0,1,0,0,silver,,,,2.9150291970401483,1.0698798358895667,0.0,0,0
2132,1994-04-18,25.146825396825395,0,1,1,0,"gas,silver",,,,2.961751890388612,1.085780948119975,0.0,0,0
2133,1994-04-21,25.15873015873016,0,0,1,1,"gas,oil",,,,,,,0,0
2134,1994-04-25,25.166666666666668,0,1,0,0,silver,,,,3.079939287595004,1.1249098849713983,0.0,0,0
2135,1994-04-28,25.178571428571427,1,0,1,0,"gas,gold",250.4074042775508,5.523089208587291,0.0,,,,0,0
2136,1994-05-03,25.19047619047619,0,1,1,0,"gas,silver",,,,3.085641483373992,1.1267595720054573,0.0,0,0
2137,1994-05-06,25.202380952380956,0,1,1,1,"gas,oil,silver",,,,3.2760008252224653,1.1866234178902006,0.0,0,0
2138,1994-05-11,25.214285714285715,0,1,0,1,"oil,silver",,,,3.48048752487931,1.2471723773303487,0.0,0,0
2139,1994-05-16,25.226190476190474,0,0,1,0,gas,,,,,,,0,0
2140,1994-05-19,25.23809523809524,0,0,1,0,gas,,,,,,,0,0
2141,1994-05-24,25.25,1,0,0,0,gold,265.57155852157155,5.5818843279887655,0.0,,,,0,0
2142,1994-05-26,25.25793650793651,1,0,0,0,gold,276.1958672215853,5.621110277871157,0.0,,,,0,0
2143,1994-05-31,25.26984126984127,1,0,0,1,"gold,oil",275.89384959884063,5.620016188835733,0.0,,,,0,0
2144,1994-06-03,25.28174603174603,1,1,1,0,"gas,gold,silver",281.0328147828302,5.638471441102242,0.0,3.9366452876888114,1.3703289107953762,0.0,0,0
2145,1994-06-08,25.293650793650794,0,0,0,1,oil,,,,,,,0,0
2146,1994-06-13,25.30555555555556,0,1,0,0,silver,,,,3.817083435349933,1.3394866324054937,0.0,0,0
2147,1994-06-16,25.31746031746032,1,0,0,0,gold,278.8138836819548,5.630544475644893,0.0,,,,0,0
2148,1994-06-21,25.32936507936508,0,1,1,1,"gas,oil,silver",,,,3.917847729815231,1.365542454503518,0.0,0,0
2149,1994-06-23,25.33730158730159,0,1,0,0,silver,,,,3.9046557845391634,1.362169632041311,0.0,0,0
2150,1994-06-28,25.349206349206348,0,0,1,0,gas,,,,,,,0,0
2151,1994-07-01,25.36111111111111,1,1,1,0,"gas,gold,silver",274.0040378166645,5.613142842836658,0.0,3.903946684890132,1.3619880119233048,0.0,0,0
2152,1994-07-06,25.373015873015877,1,1,1,1,"gas,gold,oil,silver",281.6271577906094,5.64058406065154,0.0,4.072133696428167,1.4041671118202697,0.0,0,0
2153,1994-07-11,25.38492063492064,0,1,0,0,silver,,,,3.9533009680817655,1.3745509180420972,0.0,0,0
2154,1994-07-14,25.396825396825395,0,0,1,1,"gas,oil",,,,,,,0,0
2155,1994-07-19,25.40873015873016,1,1,0,1,"gold,oil,silver",281.1630536023116,5.638934762976824,0.0,4.055443260632358,1.40005999370973,0.0,0,0
2156,1994-07-22,25.42063492063492,0,0,1,0,gas,,,,,,,0,0
2157,1994-07-26,25.428571428571427,0,1,0,0,silver,,,,4.279921402304558,1.453934645477553,0.0,0,0
2158,1994-07-29,25.44047619047619,0,0,1,0,gas,,,,,,,0,0
2159,1994-08-03,25.452380952380956,1,0,1,0,"gas,gold",290.2739407128927,5.670825100252747,0.0,,,,0,0
2160,1994-08-08,25.464285714285715,0,0,0,1,oil,,,,,,,0,0
2161,1994-08-11,25.476190476190474,1,0,0,1,"gold,oil",283.53642476966985,5.647340597347344,0.0,,,,0,0
2162,1994-08-16,25.48809523809524,0,1,1,0,"gas,silver",,,,3.693201089595381,1.306493585943743,0.0,0,0
2163,1994-08-19,25.5,0,0,0,1,oil,,,,,,,0,0
2164,1994-08-24,25.511904761904763,0,1,1,0,"gas,silver",,,,3.629412633778931,1.289070826307963,0.0,0,0
2165,1994-08-26,25.51984126984127,0,0,1,1,"gas,oil",,,,,,,0,0
2166,1994-08-31,25.53174603174603,1,0,0,0,gold,277.4800539801335,5.625749053054106,0.0,,,,0,0
2167,1994-09-05,25.543650793650794,0,0,1,0,gas,,,,,,,0,0
2168,1994-09-08,25.55555555555556,1,1,1,1,"gas,gold,oil,silver",276.1621972259058,5.620988364214461,0.0,3.3452822380824654,1.2075510661290885,0.0,0,0
2169,1994-09-13,25.56746031746032,0,1,1,0,"gas,silver",,,,3.473450608146728,1.245148511428777,0.0,0,0
2170,1994-09-16,25.57936507936508,0,0,1,0,gas,,,,,,,0,0
2171,1994-09-21,25.59126984126984,1,1,1,0,"gas,gold,silver",278.9988928603783,5.6312078135711205,0.0,3.55045542724025,1.2670758846223986,0.0,0,0
2172,1994-09-26,25.603174603174605,1,0,0,0,gold,275.34435761944025,5.618022523831347,0.0,,,,0,0
2173,1994-09-28,25.61111111111111,1,0,0,0,gold,274.6081850393716,5.615345300025013,0.0,,,,0,0
2174,1994-10-03,25.623015873015877,0,0,1,0,gas,,,,,,,0,0
2175,1994-10-06,25.63492063492064,1,0,1,0,"gas,gold",258.72446162723827,5.555763640683344,0.0,,,,0,0
2176,1994-10-11,25.646825396825395,0,1,1,0,"gas,silver",,,,3.0970092668405003,1.1304368931856528,0.0,0,0
2177,1994-10-14,25.65873015873016,0,0,0,1,oil,,,,,,,0,0
2178,1994-10-19,25.67063492063492,1,0,0,0,gold,258.35318567103513,5.554327585491445,0.0,,,,0,0
2179,1994-10-24,25.682539682539684,0,0,0,1,oil,,,,,,,0,0
2180,1994-10-26,25.69047619047619,0,0,1,1,"gas,oil",,,,,,,0,0
2181,1994-10-31,25.702380952380956,1,0,0,0,gold,258.5302306038677,5.555012633354007,0.0,,,,0,0
2182,1994-11-03,25.714285714285715,1,1,1,0,"gas,gold,silver",262.84417906967656,5.571561381574843,0.0,3.1267580595789863,1.1399967040653642,0.0,0,0
2183,1994-11-08,25.726190476190474,0,0,0,1,oil,,,,,,,0,0
2184,1994-11-11,25.73809523809524,0,0,0,1,oil,,,,,,,0,0
2185,1994-11-16,25.75,1,1,0,0,"gold,silver",257.7970227708449,5.55217254183811,0.0,2.883399873458385,1.0589701095094146,0.0,0,0
2186,1994-11-21,25.761904761904763,1,1,1,1,"gas,gold,oil,silver",260.6592227147747,5.563213894109233,0.0,2.96969314657512,1.0884586298254972,0.0,0,0
2187,1994-11-24,25.77380952380953,1,0,0,1,"gold,oil",260.5009271498399,5.562606420303556,0.0,,,,0,0
2188,1994-11-28,25.78174603174603,1,1,0,0,"gold,silver",264.240903370569,5.576861199826952,0.0,3.01942765858249,1.1050672964004922,0.0,0,0
2189,1994-12-01,25.793650793650794,0,0,0,1,oil,,,,,,,0,0
2190,1994-12-06,25.80555555555556,0,1,0,1,"oil,silver",,,,3.074351457876953,1.123093971006765,0.0,0,0
2191,1994-12-09,25.81746031746032,0,1,0,0,silver,,,,3.114495312103048,1.136067120526486,0.0,0,0
2192,1994-12-14,25.82936507936508,1,1,1,1,"gas,gold,oil,silver",260.3314759389773,5.5619557264687005,0.0,3.0765325489681654,1.1238031670118274,0.0,0,0
2193,1994-12-19,25.84126984126984,0,0,1,0,gas,,,,,,,0,0
2194,1994-12-22,25.853174603174605,0,1,0,1,"oil,silver",,,,3.1139909161885733,1.1359051563197462,0.0,0,0
2195,1994-12-27,25.865079365079364,1,1,1,1,"gas,gold,oil,silver",259.7998123366978,5.559911381898663,0.0,3.0484251055426856,1.114625098421722,0.0,0,0
2196,1994-12-29,25.873015873015877,1,0,0,0,gold,256.850804762624,5.548495390109163,0.0,,,,0,0
2197,1995-01-03,25.88492063492064,1,0,1,0,"gas,gold",258.919082340622,5.5565155894899,0.0,,,,0,0
2198,1995-01-06,25.896825396825395,1,0,0,0,gold,265.3592165330816,5.581084442166401,0.0,,,,0,0
2199,1995-01-11,25.90873015873016,1,1,0,0,"gold,silver",269.74623330117186,5.597481640375031,0.0,3.261934331410699,1.1823203726076787,0.0,0,0
2200,1995-01-16,25.92063492063492,1,0,1,0,"gas,gold",267.1314790282056,5.587740968013232,0.0,,,,0,0
2201,1995-01-19,25.932539682539684,0,0,1,0,gas,,,,,,,0,0
2202,1995-01-24,25.944444444444443,1,1,1,0,"gas,gold,silver",260.0489384211211,5.560869838000102,0.0,3.00727373275122,1.1010339317060187,0.0,0,0
2203,1995-01-26,25.952380952380956,0,1,1,0,"gas,silver",,,,2.88282436985032,1.058770497567287,0.0,0,0
2204,1995-01-31,25.964285714285715,1,0,0,1,"gold,oil",259.1061030749551,5.557237642192061,0.0,,,,0,0
2205,1995-02-03,25.976190476190474,1,0,1,1,"gas,gold,oil",254.62928755435613,5.539808713106648,0.0,,,,0,0
2206,1995-02-08,25.98809523809524,0,0,0,1,oil,,,,,,,0,0
2207,1995-02-13,26.0,0,1,0,0,silver,,,,2.9444514349105333,1.0799225297736974,0.0,0,0
2208,1995-02-16,26.011904761904763,0,0,0,1,oil,,,,,,,0,0
2209,1995-02-21,26.02380952380953,1,1,0,0,"gold,silver",249.90891346081025,5.5210965053153,0.0,2.801517327459325,1.0301611730689777,0.0,0,0
2210,1995-02-24,26.035714285714285,0,1,0,0,silver,,,,2.790202073777159,1.02611402108762,0.0,0,0
2211,1995-02-28,26.043650793650794,0,0,1,1,"gas,oil",,,,,,,0,0
2212,1995-03-03,26.05555555555556,0,0,0,1,oil,,,,,,,0,0
2213,1995-03-08,26.06746031746032,1,0,0,1,"gold,oil",230.10747193845464,5.438546469084522,0.0,,,,0,0
2214,1995-03-13,26.07936507936508,0,0,1,0,gas,,,,,,,0,0
2215,1995-03-16,26.09126984126984,1,1,0,0,"gold,silver",235.0877458643403,5.459958831109476,0.0,2.6087646626575864,0.9588767999617912,0.0,0,0
2216,1995-03-21,26.103174603174605,1,0,1,0,"gas,gold",234.5586745805813,5.457705768019725,0.0,,,,0,0
2217,1995-03-24,26.115079365079364,1,1,0,0,"gold,silver",234.7091895065864,5.458347256357987,0.0,2.4802863336951857,0.9083740106473844,0.0,0,0
2218,1995-03-29,26.126984126984127,1,0,0,0,gold,235.61905157826104,5.462216312592408,0.0,,,,0,0
2219,1995-03-31,26.13492063492064,1,1,0,0,"gold,silver",237.88987309087807,5.471807848478862,0.0,2.4734960249674782,0.9056325446366204,0.0,0,0
2220,1995-04-05,26.146825396825395,0,0,1,1,"gas,oil",,,,,,,0,0
2221,1995-04-10,26.15873015873016,0,0,1,0,gas,,,,,,,0,0
2222,1995-04-13,26.17063492063492,1,0,1,1,"gas,gold,oil",248.7601412837452,5.51648914418755,0.0,,,,0,0
2223,1995-04-18,26.182539682539684,1,1,0,0,"gold,silver",244.88050980846003,5.500770376505539,0.0,2.6375677240104443,0.9698571758224588,0.0,0,0
2224,1995-04-21,26.194444444444443,1,0,1,0,"gas,gold",253.1096221449724,5.533822683995463,0.0,,,,0,0
2225,1995-04-26,26.20634920634921,0,0,1,1,"gas,oil",,,,,,,0,0
2226,1995-05-01,26.21825396825397,0,1,0,0,silver,,,,2.7793854769597948,1.022229851813761,0.0,0,0
2227,1995-05-03,26.226190476190474,0,1,0,0,silver,,,,2.786366599394114,1.024738452987371,0.0,0,0
2228,1995-05-08,26.23809523809524,1,1,1,0,"gas,gold,silver",254.99130392460617,5.541229442320485,0.0,2.7500790817686727,1.0116296682717951,0.0,0,0
2229,1995-05-11,26.25,1,0,1,0,"gas,gold",257.45403763275914,5.550841209541667,0.0,,,,0,0
2230,1995-05-16,26.261904761904763,1,0,0,0,gold,255.51540296859227,5.543282693418015,0.0,,,,0,0
2231,1995-05-19,26.27380952380953,0,0,0,1,oil,,,,,,,0,0
2232,1995-05-24,26.285714285714285,0,0,0,1,oil,,,,,,,0,0
2233,1995-05-29,26.297619047619047,0,0,1,0,gas,,,,,,,0,0
2234,1995-05-31,26.30555555555556,1,0,1,0,"gas,gold",257.5687217081503,5.551286564917548,0.0,,,,0,0
2235,1995-06-05,26.31746031746032,0,0,1,0,gas,,,,,,,0,0
2236,1995-06-08,26.32936507936508,0,1,1,0,"gas,silver",,,,2.6813236011343973,0.9863105536239724,0.0,0,0
2237,1995-06-13,26.34126984126984,1,1,1,1,"gas,gold,oil,silver",242.78769854049324,5.492187392912098,0.0,2.525896554308765,0.9265960707179012,0.0,0,0
2238,1995-06-16,26.353174603174605,0,1,0,0,silver,,,,2.6311143011791285,0.9674074451202423,0.0,0,0
2239,1995-06-21,26.365079365079364,0,0,1,0,gas,,,,,,,0,0
2240,1995-06-26,26.376984126984127,0,1,0,1,"oil,silver",,,,2.7918356678568146,1.02669932495044,0.0,0,0
2241,1995-06-29,26.38888888888889,1,0,0,0,gold,251.14569240354916,5.526033218560011,0.0,,,,0,0
2242,1995-07-03,26.396825396825395,0,0,0,1,oil,,,,,,,0,0
2243,1995-07-06,26.40873015873016,1,0,1,1,"gas,gold,oil",243.8371899531232,5.496500748289503,0.0,,,,0,0
2244,1995-07-11,26.42063492063492,1,0,0,0,gold,242.4723092651599,5.490887515260245,0.0,,,,0,0
2245,1995-07-14,26.432539682539684,0,0,1,0,gas,,,,,,,0,0
2246,1995-07-19,26.444444444444443,1,0,0,0,gold,245.083673711247,5.501599677590248,0.0,,,,0,0
2247,1995-07-24,26.45634920634921,0,1,1,0,"gas,silver",,,,2.7507433065331783,1.0118711684406232,0.0,0,0
2248,1995-07-27,26.46825396825397,0,0,1,1,"gas,oil",,,,,,,0,0
2249,1995-08-01,26.48015873015873,0,1,1,0,"gas,silver",,,,2.7254703078351925,1.0026410032545248,0.0,0,0
2250,1995-08-03,26.48809523809524,1,0,0,0,gold,251.2861041080345,5.526592146992151,0.0,,,,0,0
2251,1995-08-08,26.5,0,1,1,1,"gas,oil,silver",,,,2.7104436076855496,0.9971123143682896,0.0,0,0
2252,1995-08-11,26.511904761904763,1,0,1,0,"gas,gold",254.0772985331252,5.53763854565466,0.0,,,,0,0
2253,1995-08-16,26.52380952380953,0,0,0,1,oil,,,,,,,0,0
2254,1995-08-21,26.535714285714285,0,0,1,0,gas,,,,,,,0,0
2255,1995-08-24,26.547619047619047,0,0,1,0,gas,,,,,,,0,0
2256,1995-08-29,26.55952380952381,1,0,1,1,"gas,gold,oil",256.11358425480944,5.5456210345742765,0.0,,,,0,0
2257,1995-08-31,26.56746031746032,0,0,1,0,gas,,,,,,,0,0
2258,1995-09-05,26.57936507936508,0,0,1,1,"gas,oil",,,,,,,0,0
2259,1995-09-08,26.59126984126984,0,0,1,0,gas,,,,,,,0,0
2260,1995-09-13,26.603174603174605,0,0,0,1,oil,,,,,,,0,0
2261,1995-09-18,26.615079365079364,0,1,0,0,silver,,,,2.7616522186709758,1.015829130574876,0.0,0,0
2262,1995-09-21,26.626984126984127,1,0,0,0,gold,265.26078576295725,5.580713439298709,0.0,,,,0,0
2263,1995-09-26,26.63888888888889,0,0,1,0,gas,,,,,,,0,0
2264,1995-09-29,26.65079365079365,1,1,1,1,"gas,gold,oil,silver",271.4680667283462,5.603844514512981,0.0,2.884182350710488,1.059241445825566,0.0,0,0
2265,1995-10-03,26.65873015873016,0,1,1,1,"gas,oil,silver",,,,2.839893031776241,1.043766386596255,0.0,0,0
2266,1995-10-06,26.67063492063492,1,0,0,1,"gold,oil",264.1453112483284,5.576499373115206,0.0,,,,0,0
2267,1995-10-11,26.682539682539684,0,1,1,0,"gas,silver",,,,2.7116619728137605,0.9975617210169164,0.0,0,0
2268,1995-10-16,26.694444444444443,1,0,0,0,gold,264.6055409248398,5.578240192220632,0.0,,,,0,0
2269,1995-10-19,26.70634920634921,1,0,1,1,"gas,gold,oil",266.364292450205,5.5848648923333455,0.0,,,,0,0
2270,1995-10-24,26.71825396825397,0,0,0,1,oil,,,,,,,0,0
2271,1995-10-27,26.73015873015873,0,1,0,1,"oil,silver",,,,2.771392142953468,1.0193497726324416,0.0,0,0
2272,1995-11-01,26.74206349206349,1,0,0,0,gold,267.5431751893488,5.589280955889072,0.0,,,,0,0
2273,1995-11-03,26.75,1,1,1,1,"gas,gold,oil,silver",264.5907540515946,5.578184307954664,0.0,2.818841463019366,1.0363259718202478,0.0,0,0
2274,1995-11-08,26.761904761904763,1,0,0,1,"gold,oil",269.4390464948631,5.596342192207376,0.0,,,,0,0
2275,1995-11-13,26.77380952380953,0,1,0,1,"oil,silver",,,,2.9221631760754607,1.0723241557376215,0.0,0,0
2276,1995-11-16,26.785714285714285,0,1,0,1,"oil,silver",,,,2.738862268517745,1.0075426036999604,0.0,0,0
2277,1995-11-21,26.797619047619047,0,1,0,0,silver,,,,2.6683622148288952,0.9814648815179547,0.0,0,0
2278,1995-11-24,26.80952380952381,0,0,0,1,oil,,,,,,,0,0
2279,1995-11-29,26.821428571428573,1,0,1,0,"gas,gold",254.0383933291725,5.537485410435057,0.0,,,,0,0
2280,1995-12-04,26.83333333333333,1,0,0,0,gold,245.23410059011024,5.502213266945833,0.0,,,,0,0
2281,1995-12-06,26.841269841269842,0,0,0,1,oil,,,,,,,1,1
2282,1995-12-11,26.853174603174605,1,1,0,0,"gold,silver",306.05066053800107,5.72375064556301,0.0,,,,1,1
2283,1995-12-12,26.857142857142858,1,1,1,1,"gas,gold,oil,silver",304.5548543376651,5.718851216533776,0.0,,,,1,1
2284,1995-12-14,26.865079365079364,0,0,0,1,oil,,,,,,,1,1
2285,1995-12-21,26.884920634920636,1,1,0,0,"gold,silver",301.9363460778602,5.710216220582165,0.0,,,,1,1
2286,1995-12-26,26.896825396825395,1,1,0,0,"gold,silver",307.4596071929734,5.728343719896222,0.0,,,,1,1
2287,1995-12-27,26.900793650793652,0,1,0,0,silver,,,,,,,1,1
2288,1996-01-03,26.92063492063492,1,0,0,0,gold,308.46799491694594,5.7316180937722185,0.0,,,,1,1
2289,1996-01-04,26.924603174603174,1,0,0,0,gold,306.5911423723389,5.725515076171532,0.0,,,,1,1
2290,1996-01-12,26.9484126984127,1,0,0,0,gold,302.70043607474975,5.712743656643582,0.0,,,,1,1
2291,1996-01-18,26.964285714285715,1,1,0,0,"gold,silver",301.94483576111384,5.710244337647275,0.0,,,,1,1
2292,1996-01-22,26.97222222222222,0,0,1,0,gas,,,,,,,1,1
2293,1996-01-23,26.976190476190474,1,1,1,0,"gas,gold,silver",301.6352514348005,5.709218510718822,0.0,,,,1,1
2294,1996-02-06,27.015873015873016,1,0,0,0,gold,297.47773591682915,5.6953393849308815,0.0,,,,1,1
2295,1996-02-07,27.01984126984127,1,1,0,0,"gold,silver",293.3957979098396,5.681522543553967,0.0,,,,1,1
2296,1996-02-12,27.03174603174603,0,0,1,0,gas,,,,,,,1,1
2297,1996-02-13,27.035714285714285,1,0,0,0,gold,289.46896448773026,5.66804808742427,0.0,,,,1,1
2298,1996-02-22,27.063492063492063,1,0,0,0,gold,281.4126219386904,5.63982199775643,0.0,,,,1,1
2299,1996-02-23,27.067460317460316,1,0,0,0,gold,279.7874410522309,5.634030175778077,0.0,,,,1,1
2300,1996-02-27,27.075396825396826,1,0,0,0,gold,275.27057003460123,5.617754504997949,0.0,,,,1,1
2301,1996-02-28,27.07936507936508,1,0,0,0,gold,269.90837245685844,5.598082540131413,0.0,,,,1,1
2302,1996-02-29,27.083333333333332,1,0,1,0,"gas,gold",266.96364274229416,5.5871124796238245,0.0,,,,1,1
2303,1996-03-01,27.08730158730159,1,0,0,0,gold,266.0214502204492,5.583576945456976,0.0,,,,1,1
2304,1996-03-12,27.115079365079364,1,0,0,0,gold,268.26172709889244,5.591963097606103,0.0,,,,1,1
2305,1996-03-18,27.13095238095238,0,1,0,1,"oil,silver",,,,,,,1,1
2306,1996-03-22,27.146825396825395,1,0,0,1,"gold,oil",273.5244105981733,5.611390870523399,0.0,,,,1,1
2307,1996-03-26,27.154761904761905,1,0,0,0,gold,272.92410933971223,5.609193768772577,0.0,,,,1,1
2308,1996-03-27,27.158730158730158,1,0,1,0,"gas,gold",269.316509910729,5.59588730469934,0.0,,,,1,1
2309,1996-03-29,27.166666666666668,1,1,0,0,"gold,silver",271.96372483482776,5.605668692824312,0.0,,,,1,1
2310,1996-04-01,27.17063492063492,1,0,0,0,gold,274.29531237386584,5.614205308383991,0.0,,,,1,1
2311,1996-04-04,27.182539682539684,1,0,0,0,gold,270.285273998043,5.599477971583884,0.0,,,,1,1
2312,1996-04-05,27.186507936507937,1,0,0,1,"gold,oil",272.9470988505456,5.609277999303522,0.0,,,,1,1
2313,1996-04-12,27.206349206349206,0,1,0,0,silver,,,,,,,1,1
2314,1996-04-17,27.21825396825397,1,0,0,0,gold,260.35961151755026,5.562063796605786,0.0,,,,1,1
2315,1996-04-22,27.23015873015873,1,1,0,0,"gold,silver",257.9466566995263,5.5527528065658665,0.0,3.1975728342512704,1.1623920327106592,0.0,0,0
2316,1996-04-25,27.24206349206349,1,0,0,0,gold,255.5019285315024,5.543229957683775,0.0,,,,0,0
2317,1996-04-30,27.253968253968253,1,0,0,0,gold,256.67151327573083,5.547797108893798,0.0,,,,0,0
2318,1996-05-03,27.265873015873016,0,0,1,0,gas,,,,,,,0,0
2319,1996-05-08,27.27777777777778,0,0,0,1,oil,,,,,,,0,0
2320,1996-05-13,27.28968253968254,1,0,0,0,gold,255.82916828390557,5.54450991033722,0.0,,,,0,0
2321,1996-05-16,27.3015873015873,1,0,0,0,gold,256.16059639318223,5.545804577451434,0.0,,,,0,0
2322,1996-05-20,27.30952380952381,0,0,0,1,oil,,,,,,,0,0
2323,1996-05-23,27.321428571428573,1,0,0,0,gold,258.103945669395,5.55336239397461,0.0,,,,0,0
2324,1996-05-28,27.33333333333333,0,0,1,0,gas,,,,,,,0,0
2325,1996-05-31,27.34523809523809,0,1,0,0,silver,,,,2.7978983910756154,1.0288685607431518,0.0,0,0
2326,1996-06-05,27.357142857142858,1,0,1,0,"gas,gold",255.1241688322704,5.541750363240412,0.0,,,,0,0
2327,1996-06-10,27.36904761904762,1,0,0,0,gold,252.7890733587304,5.532555438865208,0.0,,,,0,0
2328,1996-06-13,27.38095238095238,0,0,0,1,oil,,,,,,,0,0
2329,1996-06-18,27.392857142857142,0,1,1,0,"gas,silver",,,,2.920869140486238,1.0718812228424153,0.0,0,0
2330,1996-06-20,27.40079365079365,1,1,1,0,"gas,gold,silver",265.6991822587052,5.582364775074563,0.0,2.988866237162389,1.0948941305983022,0.0,0,0
2331,1996-06-25,27.41269841269841,1,0,0,0,gold,262.0570097710613,5.568562074636873,0.0,,,,0,0
2332,1996-06-28,27.42460317460317,0,0,1,0,gas,,,,,,,0,0
2333,1996-07-03,27.436507936507937,1,0,0,0,gold,269.003226056649,5.594723372305573,0.0,,,,0,0
2334,1996-07-08,27.4484126984127,1,1,0,0,"gold,silver",269.4880365286119,5.596523998004216,0.0,3.1373805641754884,1.1433882365382648,0.0,0,0
2335,1996-07-11,27.46031746031746,0,0,1,0,gas,,,,,,,0,0
2336,1996-07-16,27.47222222222222,0,1,1,0,"gas,silver",,,,3.303655866701781,1.1950296936668023,0.0,0,0
2337,1996-07-19,27.484126984126984,1,1,1,1,"gas,gold,oil,silver",280.128172723773,5.635247258156989,0.0,3.363450297585392,1.2129673213817431,0.0,0,0
2338,1996-07-23,27.49206349206349,0,1,1,1,"gas,oil,silver",,,,3.456270144976607,1.2401900148361822,0.0,0,0
2339,1996-07-26,27.503968253968253,0,0,1,0,gas,,,,,,,0,0
2340,1996-07-31,27.515873015873016,0,0,1,0,gas,,,,,,,0,0
2341,1996-08-05,27.52777777777778,1,0,1,1,"gas,gold,oil",284.4245702744992,5.650468087567644,0.0,,,,0,0
2342,1996-08-08,27.53968253968254,0,1,0,0,silver,,,,3.496045113920435,1.2516323621495111,0.0,0,0
2343,1996-08-13,27.5515873015873,0,1,0,0,silver,,,,3.4140439433676493,1.227897495808934,0.0,0,0
2344,1996-08-16,27.563492063492063,0,1,1,0,"gas,silver",,,,3.264157956538776,1.1830018294783498,0.0,0,0
2345,1996-08-20,27.571428571428573,0,0,1,0,gas,,,,,,,0,0
2346,1996-08-23,27.58333333333333,1,0,0,1,"gold,oil",263.44377100773465,5.573839952449922,0.0,,,,0,0
2347,1996-08-28,27.59523809523809,0,1,0,0,silver,,,,2.984067551248244,1.093287319903059,0.0,0,0
2348,1996-09-02,27.607142857142858,0,0,1,0,gas,,,,,,,0,0
2349,1996-09-05,27.61904761904762,1,0,0,1,"gold,oil",262.8629717996056,5.571632876626436,0.0,,,,0,0
2350,1996-09-10,27.63095238095238,0,1,1,0,"gas,silver",,,,3.117919539942347,1.1371659652809318,0.0,0,0
2351,1996-09-13,27.642857142857142,1,0,0,0,gold,271.8094421919352,5.605101240598319,0.0,,,,0,0
2352,1996-09-18,27.654761904761905,0,0,1,0,gas,,,,,,,0,0
2353,1996-09-20,27.66269841269841,1,1,0,1,"gold,oil,silver",266.9733901222961,5.587148990970306,0.0,3.248287809908175,1.178128029798602,0.0,0,0
2354,1996-09-25,27.67460317460317,1,1,1,1,"gas,gold,oil,silver",272.0416432352972,5.605955154707138,0.0,3.282067768020095,1.188473640845978,0.0,0,0
2355,1996-09-30,27.686507936507937,1,0,0,0,gold,269.7131260625222,5.597358898084563,0.0,,,,0,0
2356,1996-10-03,27.6984126984127,1,1,0,1,"gold,oil,silver",276.4293827921694,5.621955391569732,0.0,3.3892445207166912,1.220607041310625,0.0,0,0
2357,1996-10-08,27.71031746031746,0,1,0,1,"oil,silver",,,,3.4240855105317545,1.2308344318379092,0.0,0,0
2358,1996-10-11,27.72222222222222,0,0,1,0,gas,,,,,,,0,0
2359,1996-10-16,27.734126984126984,0,1,0,0,silver,,,,3.257129205768342,1.1808461956848246,0.0,0,0
2360,1996-10-21,27.746031746031747,1,0,0,0,gold,262.23261829232115,5.569231965927592,0.0,,,,0,0
2361,1996-10-23,27.753968253968253,0,0,1,0,gas,,,,,,,0,0
2362,1996-10-28,27.765873015873016,0,0,0,1,oil,,,,,,,0,0
2363,1996-10-31,27.77777777777778,0,1,0,0,silver,,,,3.0913030097889,1.128592688040918,0.0,0,0
2364,1996-11-05,27.78968253968254,0,0,1,0,gas,,,,,,,0,0
2365,1996-11-08,27.8015873015873,1,0,0,0,gold,265.24121070724806,5.580639641062893,0.0,,,,0,0
2366,1996-11-13,27.813492063492063,0,1,0,0,silver,,,,3.3985209788522366,1.223340330759532,0.0,0,0
2367,1996-11-18,27.825396825396822,0,0,0,1,oil,,,,,,,0,0
2368,1996-11-21,27.83730158730159,1,1,1,1,"gas,gold,oil,silver",272.5950902070992,5.607987508121139,0.0,3.432542181926527,1.23330114756526,0.0,0,0
2369,1996-11-25,27.84523809523809,1,0,0,1,"gold,oil",270.92928570033274,5.601857848454204,0.0,,,,0,0
2370,1996-11-28,27.857142857142858,0,1,0,0,silver,,,,3.424890525116864,1.2310695077338172,0.0,0,0
2371,1996-12-03,27.86904761904762,1,1,0,0,"gold,silver",270.1746438294229,5.599068578892526,0.0,3.430281546250074,1.2326423412640182,0.0,0,0
2372,1996-12-06,27.88095238095238,0,0,1,0,gas,,,,,,,0,0
2373,1996-12-11,27.892857142857142,0,0,1,1,"gas,oil",,,,,,,0,0
2374,1996-12-16,27.904761904761905,0,0,1,0,gas,,,,,,,0,0
2375,1996-12-19,27.916666666666668,0,0,0,1,oil,,,,,,,0,0
2376,1996-12-23,27.92460317460317,1,0,0,0,gold,258.6023669353363,5.555291619178068,0.0,,,,0,0
2377,1996-12-26,27.936507936507937,1,0,0,0,gold,261.70421299819407,5.567214907985786,0.0,,,,0,0
2378,1996-12-31,27.9484126984127,0,0,1,0,gas,,,,,,,0,0
2379,1997-01-03,27.96031746031746,1,0,0,0,gold,270.2262970917081,5.599259745334074,0.0,,,,0,0
2380,1997-01-08,27.97222222222222,1,1,0,0,"gold,silver",272.4566149732029,5.607479390320353,0.0,3.441945932293592,1.2360369894421466,0.0,0,0
2381,1997-01-13,27.984126984126984,0,0,1,1,"gas,oil",,,,,,,0,0
2382,1997-01-16,27.996031746031747,1,0,1,0,"gas,gold",265.1723047112204,5.580379821151023,0.0,,,,0,0
2383,1997-01-21,28.00793650793651,0,1,1,1,"gas,oil,silver",,,,3.439508012984232,1.2353284416757178,0.0,0,0
2384,1997-01-23,28.015873015873016,1,1,0,0,"gold,silver",271.6993387178461,5.604696082560537,0.0,3.4752124444954253,1.2456556122546782,0.0,0,0
2385,1997-01-28,28.02777777777778,0,1,0,0,silver,,,,3.46771112718282,1.2434947587888494,0.0,0,0
2386,1997-01-31,28.03968253968254,0,1,1,0,"gas,silver",,,,3.545439990507396,1.2656622680813456,0.0,0,0
2387,1997-02-05,28.0515873015873,0,0,0,1,oil,,,,,,,0,0
2388,1997-02-10,28.063492063492063,0,0,0,1,oil,,,,,,,0,0
2389,1997-02-13,28.075396825396822,1,0,1,0,"gas,gold",276.4690329262877,5.622098818040342,0.0,,,,0,0
2390,1997-02-18,28.08730158730159,0,1,0,1,"oil,silver",,,,3.3449441713839048,1.207450003271673,0.0,0,0
2391,1997-02-21,28.099206349206348,0,1,0,0,silver,,,,3.362801542266835,1.212774418904698,0.0,0,0
2392,1997-02-25,28.107142857142858,1,0,0,1,"gold,oil",277.7326386981848,5.626658919628871,0.0,,,,0,0
2393,1997-02-28,28.11904761904762,1,1,0,1,"gold,oil,silver",274.0190961546871,5.613197797954765,0.0,3.2006976295031486,1.163368795264858,0.0,0,0
2394,1997-03-05,28.13095238095238,0,1,0,0,silver,,,,3.036396411389186,1.1106714212961188,0.0,0,0
2395,1997-03-10,28.142857142857142,0,0,1,1,"gas,oil",,,,,,,0,0
2396,1997-03-13,28.154761904761905,0,1,0,1,"oil,silver",,,,3.1002401569970224,1.1314795784894949,0.0,0,0
2397,1997-03-18,28.166666666666668,1,1,0,0,"gold,silver",270.29297016404496,5.599506445411995,0.0,3.2581788446993376,1.1811684026877618,0.0,0,0
2398,1997-03-21,28.178571428571427,1,0,0,1,"gold,oil",270.71023935227856,5.601049021365839,0.0,,,,0,0
2399,1997-03-25,28.186507936507937,1,1,0,0,"gold,silver",268.8680662005644,5.594220799065933,0.0,3.2885108804035696,1.1904348423758324,0.0,0,0
2400,1997-03-28,28.1984126984127,1,0,1,0,"gas,gold",267.8154362169376,5.590298072435849,0.0,,,,0,0
2401,1997-04-02,28.21031746031746,1,1,0,1,"gold,oil,silver",267.15444912879707,5.587826952312631,0.0,3.4373625543679087,1.2347044780094198,0.0,0,0
2402,1997-04-07,28.22222222222222,0,0,1,1,"gas,oil",,,,,,,0,0
2403,1997-04-10,28.234126984126984,0,1,0,1,"oil,silver",,,,3.2996866490287218,1.193827509124157,0.0,0,0
2404,1997-04-15,28.246031746031747,1,1,1,1,"gas,gold,oil,silver",264.9473749700725,5.579531221247012,0.0,3.204399340462501,1.164524659536341,0.0,0,0
2405,1997-04-18,28.25793650793651,0,1,1,0,"gas,silver",,,,3.2539765360608057,1.1798777979720791,0.0,0,0
2406,1997-04-23,28.26984126984127,1,0,0,0,gold,263.1798928633757,5.572837801636934,0.0,,,,0,0
2407,1997-04-25,28.27777777777778,1,1,0,0,"gold,silver",263.6766889838209,5.574723689693773,0.0,3.1025472316579075,1.1322234617222142,0.0,0,0
2408,1997-04-30,28.28968253968254,0,1,0,0,silver,,,,3.138319090790542,1.143687335180217,0.0,0,0
2409,1997-05-05,28.3015873015873,1,0,1,0,"gas,gold",266.84179918576064,5.58665597038252,0.0,,,,0,0
2410,1997-05-08,28.313492063492063,0,0,0,1,oil,,,,,,,0,0
2411,1997-05-13,28.325396825396822,1,0,1,1,"gas,gold,oil",266.4185877387681,5.585068710026331,0.0,,,,0,0
2412,1997-05-16,28.33730158730159,0,1,1,0,"gas,silver",,,,3.4514519572085525,1.238794999669632,0.0,0,0
2413,1997-05-21,28.349206349206348,0,0,1,0,gas,,,,,,,0,0
2414,1997-05-26,28.36111111111111,1,1,1,0,"gas,gold,silver",267.57699184283047,5.589407344897037,0.0,3.433470030351039,1.2335714204402488,0.0,0,0
2415,1997-05-28,28.36904761904762,0,0,0,1,oil,,,,,,,0,0
2416,1997-06-02,28.38095238095238,0,0,1,0,gas,,,,,,,0,0
2417,1997-06-05,28.392857142857142,0,1,0,0,silver,,,,3.584319373792493,1.2765686021337446,0.0,0,0
2418,1997-06-10,28.404761904761905,0,1,0,0,silver,,,,3.6616959557275583,1.2979264159696708,0.0,0,0
2419,1997-06-13,28.416666666666668,0,1,0,1,"oil,silver",,,,3.711243232584017,1.3113669236072092,0.0,0,0
2420,1997-06-18,28.428571428571427,1,0,0,1,"gold,oil",266.41428131640697,5.585052545774419,0.0,,,,0,0
2421,1997-06-23,28.44047619047619,1,1,0,1,"gold,oil,silver",270.88267030382883,5.601685776221015,0.0,3.822792696455513,1.3409812278858046,0.0,0,0
2422,1997-06-26,28.452380952380956,1,0,1,1,"gas,gold,oil",267.7423197594561,5.5900250245446745,0.0,,,,0,0
2423,1997-06-30,28.46031746031746,1,0,0,0,gold,271.22321283618385,5.602942145457139,0.0,,,,0,0
2424,1997-07-03,28.47222222222222,1,0,0,0,gold,263.20011119130737,5.572914621910448,0.0,,,,0,0
2425,1997-07-08,28.484126984126984,0,1,1,0,"gas,silver",,,,3.627061434546221,1.2884227982731762,0.0,0,0
2426,1997-07-11,28.496031746031747,1,1,1,1,"gas,gold,oil,silver",267.51218104305565,5.589165101908855,0.0,3.7664644138304064,1.3261367401652784,0.0,0,0
2427,1997-07-16,28.50793650793651,0,1,0,1,"oil,silver",,,,3.5559637988681185,1.268626137304034,0.0,0,0
2428,1997-07-21,28.51984126984127,1,0,0,0,gold,259.7081928038057,5.559558665355566,0.0,,,,0,0
2429,1997-07-24,28.53174603174603,1,1,1,0,"gas,gold,silver",260.0406854412142,5.560838101239632,0.0,3.530476924843836,1.2614329680072418,0.0,0,0
2430,1997-07-28,28.53968253968254,0,1,1,0,"gas,silver",,,,3.619596198535568,1.2863624722499445,0.0,0,0
2431,1997-07-31,28.5515873015873,0,1,0,0,silver,,,,3.557932225927076,1.2691795406999602,0.0,0,0
2432,1997-08-05,28.563492063492063,0,0,1,1,"gas,oil",,,,,,,0,0
2433,1997-08-08,28.575396825396822,0,1,1,0,"gas,silver",,,,3.4383434613822934,1.2349898034781912,0.0,0,0
2434,1997-08-13,28.58730158730159,0,0,1,0,gas,,,,,,,0,0
2435,1997-08-18,28.599206349206348,0,1,0,0,silver,,,,3.1905351145224023,1.1601886502279004,0.0,0,0
2436,1997-08-21,28.61111111111111,1,0,0,1,"gold,oil",250.69562182490324,5.524239541210012,0.0,,,,0,0
2437,1997-08-26,28.623015873015877,1,0,1,0,"gas,gold",253.5959397154204,5.535742211849018,0.0,,,,0,0
2438,1997-08-28,28.63095238095238,0,0,0,1,oil,,,,,,,0,0
2439,1997-09-02,28.642857142857142,1,1,0,1,"gold,oil,silver",250.36890912048307,5.522935466662549,0.0,3.083360127838489,1.1260199529282455,0.0,0,0
2440,1997-09-05,28.654761904761905,0,0,1,1,"gas,oil",,,,,,,0,0
2441,1997-09-10,28.666666666666668,1,1,0,1,"gold,oil,silver",242.51764856832784,5.491074485330729,0.0,3.0911584865161754,1.1285459353768417,0.0,0,0
2442,1997-09-15,28.678571428571427,0,0,1,1,"gas,oil",,,,,,,0,0
2443,1997-09-18,28.69047619047619,0,1,1,0,"gas,silver",,,,3.081117238409312,1.125292270954611,0.0,0,0
2444,1997-09-23,28.702380952380956,0,0,0,1,oil,,,,,,,0,0
2445,1997-09-26,28.714285714285715,0,0,1,1,"gas,oil",,,,,,,0,0
2446,1997-09-30,28.72222222222222,0,0,1,1,"gas,oil",,,,,,,0,0
2447,1997-10-03,28.734126984126984,0,1,0,0,silver,,,,2.997552158277567,1.0977960083611602,0.0,0,0
2448,1997-10-08,28.746031746031747,1,0,1,0,"gas,gold",244.34556145878477,5.498583458864402,0.0,,,,0,0
2449,1997-10-13,28.75793650793651,0,1,0,1,"oil,silver",,,,2.9785434242367352,1.0914343972103897,0.0,0,0
2450,1997-10-16,28.76984126984127,1,1,1,1,"gas,gold,oil,silver",239.44458430538535,5.478322009307476,0.0,2.7812553779878413,1.0229024005890934,0.0,0,0
2451,1997-10-21,28.78174603174603,1,0,0,1,"gold,oil",240.79340271833723,5.483939315710254,0.0,,,,0,0
2452,1997-10-24,28.793650793650794,0,1,1,0,"gas,silver",,,,2.7584542921130555,1.0146704837591196,0.0,0,0
2453,1997-10-28,28.8015873015873,0,0,0,1,oil,,,,,,,0,0
2454,1997-10-31,28.813492063492063,1,0,0,0,gold,236.855256507416,5.467449222526134,0.0,,,,0,0
2455,1997-11-05,28.825396825396822,0,0,0,1,oil,,,,,,,0,0
2456,1997-11-10,28.83730158730159,1,0,0,0,gold,233.11574422038427,5.451535086533792,0.0,,,,0,0
2457,1997-11-13,28.849206349206348,0,1,0,1,"oil,silver",,,,2.644200522028337,0.9723687595177628,0.0,0,0
2458,1997-11-18,28.86111111111111,0,0,1,0,gas,,,,,,,0,0
2459,1997-11-21,28.873015873015877,1,0,1,1,"gas,gold,oil",226.11509857115317,5.421044155343399,0.0,,,,0,0
2460,1997-11-26,28.88492063492064,1,0,0,0,gold,221.79822830260127,5.401768087069221,0.0,,,,0,0
2461,1997-11-28,28.892857142857142,0,1,0,1,"oil,silver",,,,2.601965363676629,0.9562670685784372,0.0,0,0
2462,1997-12-03,28.904761904761905,0,0,1,0,gas,,,,,,,0,0
2463,1997-12-08,28.916666666666668,0,1,0,0,silver,,,,2.708197665072513,0.9962833453966976,0.0,0,0
2464,1997-12-11,28.928571428571427,0,0,0,1,oil,,,,,,,0,0
2465,1997-12-16,28.94047619047619,0,0,0,1,oil,,,,,,,0,0
2466,1997-12-19,28.952380952380956,0,0,0,1,oil,,,,,,,0,0
2467,1997-12-24,28.964285714285715,0,1,0,0,silver,,,,2.514932576438254,0.9222459946190876,0.0,0,0
2468,1997-12-29,28.976190476190474,1,0,1,0,"gas,gold",217.875310085424,5.383922927065444,0.0,,,,0,0
2469,1997-12-31,28.984126984126984,1,0,0,0,gold,218.8530191136696,5.388400358897791,0.0,,,,0,0
2470,1998-01-05,28.996031746031747,0,1,0,0,silver,,,,2.384433931219424,0.8689617507687664,0.0,0,0
2471,1998-01-08,29.00793650793651,0,0,1,1,"gas,oil",,,,,,,0,0
2472,1998-01-13,29.01984126984127,1,0,0,1,"gold,oil",225.5008883415803,5.418324098365485,0.0,,,,0,0
2473,1998-01-16,29.03174603174603,0,1,0,0,silver,,,,2.5277239912045526,0.9273192896295634,0.0,0,0
2474,1998-01-21,29.043650793650794,1,0,1,0,"gas,gold",237.1355979599684,5.468632120814568,0.0,,,,0,0
2475,1998-01-26,29.05555555555556,1,0,0,1,"gold,oil",240.58644507231,5.483079463933208,0.0,,,,0,0
2476,1998-01-29,29.06746031746032,1,0,0,0,gold,245.89775121017448,5.504915804040738,0.0,,,,0,0
2477,1998-02-02,29.075396825396822,0,0,0,1,oil,,,,,,,0,0
2478,1998-02-05,29.08730158730159,1,0,1,0,"gas,gold",258.5995891155404,5.55528087745614,0.0,,,,0,0
2479,1998-02-10,29.099206349206348,0,0,0,1,oil,,,,,,,0,0
2480,1998-02-13,29.11111111111111,1,0,0,0,gold,260.9066034464629,5.564162502080961,0.0,,,,0,0
2481,1998-02-18,29.123015873015877,1,0,0,0,gold,259.0614750635587,5.557065388992943,0.0,,,,0,0
2482,1998-02-23,29.13492063492064,1,0,0,0,gold,265.7391453259832,5.582515170954118,0.0,,,,0,0
2483,1998-02-26,29.146825396825395,1,0,1,1,"gas,gold,oil",262.76487138975625,5.571259607164936,0.0,,,,0,0
2484,1998-03-02,29.154761904761905,1,1,0,0,"gold,silver",263.5979833053651,5.574425152012459,0.0,2.796733658017289,1.0284521855231434,0.0,0,0
2485,1998-03-05,29.166666666666668,0,0,0,1,oil,,,,,,,0,0
2486,1998-03-10,29.178571428571427,0,0,1,0,gas,,,,,,,0,0
2487,1998-03-13,29.19047619047619,0,1,0,0,silver,,,,2.655155633024032,0.9765032718173284,0.0,0,0
2488,1998-03-18,29.202380952380956,0,1,1,0,"gas,silver",,,,2.77287734654449,1.01988553433355,0.0,0,0
2489,1998-03-23,29.214285714285715,0,0,1,1,"gas,oil",,,,,,,0,0
2490,1998-03-26,29.226190476190474,0,1,1,1,"gas,oil,silver",,,,2.5885893328518668,0.9511130682002285,0.0,0,0
2491,1998-03-31,29.23809523809524,1,0,1,1,"gas,gold,oil",253.2462561924672,5.534362359969047,0.0,,,,0,0
2492,1998-04-02,29.246031746031747,1,0,0,0,gold,255.47811851414545,5.543136764152983,0.0,,,,0,0
2493,1998-04-07,29.25793650793651,0,0,1,0,gas,,,,,,,0,0
2494,1998-04-10,29.26984126984127,0,1,0,0,silver,,,,2.646670085924729,0.9733022785012068,0.0,0,0
2495,1998-04-15,29.28174603174603,0,1,0,0,silver,,,,2.530080138536605,0.928250977548688,0.0,0,0
2496,1998-04-20,29.293650793650794,0,1,0,0,silver,,,,2.67460736033015,0.9838025883895668,0.0,0,0
2497,1998-04-23,29.30555555555556,1,1,0,1,"gold,oil,silver",254.6599596996795,5.539929163893802,0.0,2.5655677348693877,0.9421797932612068,0.0,0,0
2498,1998-04-28,29.31746031746032,0,1,1,0,"gas,silver",,,,2.5540630965152578,0.9376854622837508,0.0,0,0
2499,1998-05-01,29.32936507936508,1,0,0,0,gold,261.5884393904047,5.566772426673848,0.0,,,,0,0
2500,1998-05-05,29.33730158730159,1,0,0,0,gold,260.617878456999,5.563055267314503,0.0,,,,0,0
2501,1998-05-08,29.349206349206348,0,1,0,0,silver,,,,2.5358754174281217,0.9305389097484508,0.0,0,0
2502,1998-05-13,29.36111111111111,1,0,0,0,gold,263.3490089024656,5.573480182498985,0.0,,,,0,0
2503,1998-05-18,29.373015873015877,0,1,0,0,silver,,,,2.6155258441904072,0.9614651649459912,0.0,0,0
2504,1998-05-21,29.38492063492064,1,0,1,1,"gas,gold,oil",261.5364624742382,5.56657370963265,0.0,,,,0,0
2505,1998-05-26,29.396825396825395,0,0,0,1,oil,,,,,,,0,0
2506,1998-05-29,29.40873015873016,0,1,0,1,"oil,silver",,,,2.733255759037926,1.0054934843595709,0.0,0,0
2507,1998-06-02,29.416666666666668,1,0,0,0,gold,256.86078812305755,5.548534257678332,0.0,,,,0,0
2508,1998-06-05,29.428571428571427,1,0,1,0,"gas,gold",259.8343065471904,5.560044145353908,0.0,,,,0,0
2509,1998-06-10,29.44047619047619,1,1,1,1,"gas,gold,oil,silver",260.4732192207129,5.562500050613827,0.0,2.7200776188377533,1.0006604162381618,0.0,0,0
2510,1998-06-15,29.452380952380956,0,1,0,1,"oil,silver",,,,2.676003912189262,0.9843246042190472,0.0,0,0
2511,1998-06-18,29.464285714285715,1,0,0,0,gold,259.6367474675756,5.559283529001514,0.0,,,,0,0
2512,1998-06-23,29.476190476190474,1,0,1,0,"gas,gold",258.26874599010654,5.554000693903978,0.0,,,,0,0
2513,1998-06-26,29.48809523809524,0,1,0,0,silver,,,,2.725106726177837,1.0025075929181049,0.0,0,0
2514,1998-07-01,29.5,0,1,1,0,"gas,silver",,,,2.832886579578076,1.0412961845997373,0.0,0,0
2515,1998-07-03,29.50793650793651,0,1,1,0,"gas,silver",,,,2.929595567456451,1.074864381916911,0.0,0,0
2516,1998-07-08,29.51984126984127,1,0,0,0,gold,279.9877296108198,5.634745779390501,0.0,,,,0,0
2517,1998-07-10,29.52777777777778,1,0,0,0,gold,205.5888970696465,5.325878529543278,0.0,,,,1,1
2518,1998-07-13,29.53174603174603,1,0,0,0,gold,204.1442446470085,5.318826825582779,0.0,,,,1,1
2519,1998-07-14,29.535714285714285,1,1,1,0,"gas,gold,silver",204.04904597526357,5.318360386394982,0.0,,,,1,1
2520,1998-07-15,29.53968253968254,1,1,0,0,"gold,silver",200.79388506294185,5.30227893448008,0.0,,,,1,1
2521,1998-07-21,29.555555555555557,1,0,0,0,gold,208.9945772910138,5.342308305652198,0.0,,,,1,1
2522,1998-07-28,29.575396825396826,1,0,0,1,"gold,oil",200.0700084626721,5.29866734761088,0.0,,,,1,1
2523,1998-07-29,29.57936507936508,1,0,0,0,gold,202.6655727577207,5.311557195706454,0.0,,,,1,1
2524,1998-08-05,29.599206349206348,1,1,0,0,"gold,silver",209.37015960362223,5.344103784001041,0.0,,,,1,1
2525,1998-08-12,29.61904761904762,1,0,1,0,"gas,gold",204.29587284283775,5.319569300164986,0.0,,,,1,1
2526,1998-08-14,29.626984126984127,0,0,1,0,gas,,,,,,,1,1
2527,1998-08-18,29.634920634920636,1,1,1,1,"gas,gold,oil,silver",210.8795179105086,5.351286965227067,0.0,,,,1,1
2528,1998-08-20,29.642857142857142,1,0,0,0,gold,213.35152753406763,5.362941169364964,0.0,,,,1,1
2529,1998-08-21,29.646825396825395,0,0,0,1,oil,,,,,,,1,1
2530,1998-08-24,29.650793650793652,1,0,0,0,gold,208.6000797529106,5.340418924891194,0.0,,,,1,1
2531,1998-08-28,29.666666666666668,1,0,0,0,gold,204.6439068648045,5.321271429051756,0.0,,,,1,1
2532,1998-08-31,29.67063492063492,1,0,0,0,gold,203.80613784946732,5.317169237358999,0.0,,,,1,1
2533,1998-09-01,29.674603174603174,1,0,1,1,"gas,gold,oil",204.53715863223312,5.320749663779634,0.0,,,,1,1
2534,1998-09-02,29.678571428571427,1,1,0,0,"gold,silver",205.77129748536404,5.326765345672237,0.0,,,,1,1
2535,1998-09-07,29.69047619047619,1,0,0,0,gold,208.21158502389287,5.3385547983594845,0.0,,,,1,1
2536,1998-09-08,29.694444444444443,1,0,0,0,gold,210.11433881474284,5.347651853093556,0.0,,,,1,1
2537,1998-09-11,29.706349206349206,1,0,0,0,gold,210.8377961927013,5.35108909942195,0.0,,,,1,1
2538,1998-09-14,29.71031746031746,0,0,1,0,gas,,,,,,,1,1
2539,1998-09-15,29.714285714285715,1,1,0,1,"gold,oil,silver",214.47843094878317,5.368209178294749,0.0,,,,1,1
2540,1998-09-16,29.71825396825397,1,0,0,0,gold,215.88716000171107,5.374755863782392,0.0,,,,1,1
2541,1998-09-24,29.74206349206349,0,1,0,0,silver,,,,,,,1,1
2542,1998-09-28,29.75,1,0,1,0,"gas,gold",208.41215145073795,5.339517616484233,0.0,,,,1,1
2543,1998-10-01,29.761904761904763,0,0,1,0,gas,,,,,,,1,1
2544,1998-10-14,29.797619047619047,1,1,1,1,"gas,gold,oil,silver",207.64467854142973,5.335828342690497,0.0,,,,1,1
2545,1998-10-21,29.817460317460316,0,1,0,0,silver,,,,,,,1,1
2546,1998-10-23,29.825396825396826,0,0,1,0,gas,,,,,,,1,1
2547,1998-11-04,29.857142857142858,1,0,0,0,gold,222.79183229934344,5.406237848042485,0.0,,,,1,1
2548,1998-11-12,29.88095238095238,1,0,0,1,"gold,oil",229.83531556168532,5.437363033161929,0.0,,,,1,1
2549,1998-11-19,29.900793650793652,1,0,1,0,"gas,gold",228.67598165249493,5.432306074317712,0.0,,,,1,1
2550,1998-11-23,29.908730158730158,1,0,0,0,gold,230.28772343572737,5.439329498570032,0.0,,,,1,1
2551,1998-11-24,29.91269841269841,1,1,0,0,"gold,silver",231.5292982914995,5.444706424013036,0.0,,,,1,1
2552,1998-11-26,29.92063492063492,1,0,0,1,"gold,oil",234.92746463920597,5.459276805388752,0.0,,,,1,1
2553,1998-11-30,29.928571428571427,1,0,0,1,"gold,oil",239.4678158313798,5.478419027158783,0.0,,,,1,1
2554,1998-12-03,29.94047619047619,0,0,0,1,oil,,,,,,,1,1
2555,1998-12-09,29.956349206349206,0,1,0,0,silver,,,,,,,1,1
2556,1998-12-10,29.96031746031746,1,0,0,1,"gold,oil",247.70096781347857,5.5122222436878365,0.0,,,,1,1
2557,1998-12-17,29.98015873015873,1,0,0,0,gold,246.59923637341197,5.50776449410506,0.0,,,,1,1
2558,1998-12-18,29.984126984126984,0,0,0,1,oil,,,,,,,1,1
2559,1998-12-23,29.996031746031747,0,1,0,0,silver,,,,,,,1,1
2560,1998-12-29,30.011904761904763,0,0,0,1,oil,,,,,,,1,1
2561,1998-12-30,30.015873015873016,1,0,1,0,"gas,gold",239.7083912561864,5.479423148154198,0.0,,,,1,1
2562,1999-01-06,30.035714285714285,1,1,0,0,"gold,silver",247.08851949056293,5.509746650930043,0.0,,,,1,1
2563,1999-01-07,30.03968253968254,1,0,0,1,"gold,oil",250.71075329235435,5.524299897313191,0.0,,,,1,1
2564,1999-01-11,30.047619047619047,0,1,0,0,silver,,,,,,,1,1
2565,1999-01-12,30.0515873015873,1,0,0,0,gold,248.36743186417488,5.514909229805528,0.0,,,,1,1
2566,1999-01-15,30.063492063492063,1,0,0,0,gold,243.11473006451243,5.493533472100621,0.0,,,,1,1
2567,1999-01-19,30.071428571428573,1,1,0,0,"gold,silver",251.73174420193425,5.528364013386109,0.0,,,,1,1
2568,1999-01-20,30.075396825396826,1,0,0,0,gold,254.6640693662817,5.539945301622901,0.0,,,,1,1
2569,1999-01-29,30.103174603174605,0,1,0,0,silver,,,,,,,1,1
2570,1999-02-03,30.115079365079364,1,1,1,0,"gas,gold,silver",252.0084735559444,5.52946271216811,0.0,,,,1,1
2571,1999-02-04,30.11904761904762,1,0,1,0,"gas,gold",251.6081781578228,5.527873028899862,0.0,,,,1,1
2572,1999-02-09,30.13095238095238,1,1,1,1,"gas,gold,oil,silver",260.36432897500896,5.5620819154480055,0.0,,,,1,1
2573,1999-02-11,30.13888888888889,1,0,0,0,gold,265.44391998814683,5.581403594220925,0.0,,,,1,1
2574,1999-02-17,30.154761904761905,1,0,0,1,"gold,oil",259.72957803919195,5.559641005287696,0.0,,,,1,1
2575,1999-02-18,30.158730158730158,0,1,0,1,"oil,silver",,,,,,,1,1
2576,1999-02-24,30.174603174603174,1,1,0,0,"gold,silver",255.88975121987735,5.54474669242186,0.0,,,,1,1
2577,1999-03-10,30.214285714285715,0,1,0,0,silver,,,,,,,1,1
2578,1999-03-12,30.22222222222222,1,1,0,0,"gold,silver",248.79105877107037,5.516613422803948,0.0,,,,1,1
2579,1999-03-18,30.238095238095237,1,0,1,1,"gas,gold,oil",252.67755206583772,5.532114178101024,0.0,,,,1,1
2580,1999-03-24,30.253968253968253,1,1,0,0,"gold,silver",250.84529476723856,5.524836393597632,0.0,,,,1,1
2581,1999-04-01,30.27777777777778,1,1,0,0,"gold,silver",258.77870035911,5.555973257690753,0.0,,,,1,1
2582,1999-04-05,30.285714285714285,0,1,0,0,silver,,,,,,,1,1
2583,1999-04-09,30.3015873015873,1,1,0,1,"gold,oil,silver",260.07528594493925,5.560971150427427,0.0,,,,1,1
2584,1999-04-21,30.333333333333332,0,0,0,1,oil,,,,,,,1,1
2585,1999-04-26,30.345238095238095,1,0,0,0,gold,262.31588661325685,5.569549451616165,0.0,,,,1,1
2586,1999-04-27,30.349206349206348,1,0,0,0,gold,269.5308798360785,5.596682965737095,0.0,,,,1,1
2587,1999-04-30,30.36111111111111,0,1,0,0,silver,,,,,,,1,1
2588,1999-05-04,30.36904761904762,1,0,0,0,gold,279.75387973683524,5.633910215681516,0.0,,,,1,1
2589,1999-05-05,30.373015873015873,1,0,0,0,gold,278.76124870762544,5.630355676068197,0.0,,,,1,1
2590,1999-05-17,30.404761904761905,1,0,0,0,gold,283.9420556284394,5.648770187867035,0.0,,,,1,1
2591,1999-05-20,30.416666666666668,1,1,0,0,"gold,silver",287.3141902235267,5.660576356424154,0.0,,,,1,1
2592,1999-05-27,30.436507936507937,0,1,0,0,silver,,,,,,,1,1
2593,1999-06-01,30.4484126984127,1,1,0,0,"gold,silver",286.989999445317,5.659447370014247,0.0,,,,1,1
2594,1999-06-02,30.452380952380953,0,0,1,0,gas,,,,,,,1,1
2595,1999-06-08,30.46825396825397,1,0,1,0,"gas,gold",285.2824990223731,5.653479913969806,0.0,,,,1,1
2596,1999-06-17,30.496031746031747,0,0,1,1,"gas,oil",,,,,,,1,1
2597,1999-06-21,30.503968253968253,1,1,0,0,"gold,silver",292.5714594165416,5.678708942531712,0.0,,,,1,1
2598,1999-06-24,30.515873015873016,1,0,0,1,"gold,oil",300.545815707162,5.705600207269349,0.0,,,,1,1
2599,1999-06-28,30.523809523809526,1,0,0,0,gold,303.58951640027794,5.715676513964391,0.0,,,,1,1
2600,1999-06-29,30.52777777777778,1,1,1,0,"gas,gold,silver",303.2698023924349,5.714622846244306,0.0,,,,1,1
2601,1999-07-08,30.555555555555557,1,0,0,1,"gold,oil",303.9693417572312,5.7169268468377785,0.0,,,,1,1
2602,1999-07-12,30.563492063492063,1,1,0,0,"gold,silver",306.4391637277393,5.7250192486530525,0.0,,,,1,1
2603,1999-07-13,30.567460317460316,1,0,0,0,gold,311.1172801535896,5.740169947695592,0.0,,,,1,1
2604,1999-07-21,30.59126984126984,1,0,0,1,"gold,oil",312.90997011765927,5.745915513758316,0.0,,,,0,0
2605,1999-07-26,30.603174603174605,0,1,0,1,"oil,silver",,,,3.996992545110596,1.3855422146062553,0.0,0,0
2606,1999-07-29,30.615079365079364,0,1,0,1,"oil,silver",,,,4.054129063563852,1.3997358836266152,0.0,0,0
2607,1999-08-03,30.626984126984127,1,0,1,0,"gas,gold",333.396869966252,5.809333582049025,0.0,,,,0,0
2608,1999-08-06,30.63888888888889,0,0,1,0,gas,,,,,,,0,0
2609,1999-08-11,30.65079365079365,0,1,0,1,"oil,silver",,,,4.204255295446841,1.4360971779660647,0.0,0,0
2610,1999-08-13,30.65873015873016,0,0,0,1,oil,,,,,,,0,0
2611,1999-08-18,30.67063492063492,0,0,1,0,gas,,,,,,,0,0
2612,1999-08-23,30.682539682539684,0,0,1,0,gas,,,,,,,0,0
2613,1999-08-26,30.694444444444443,0,0,1,0,gas,,,,,,,0,0
2614,1999-08-31,30.70634920634921,1,0,1,0,"gas,gold",336.7417563060782,5.819316334830705,0.0,,,,0,0
2615,1999-09-03,30.71825396825397,1,0,0,1,"gold,oil",340.5735347061897,5.830631063231329,0.0,,,,0,0
2616,1999-09-08,30.73015873015873,1,0,0,1,"gold,oil",335.0599758675013,5.814309548240974,0.0,,,,0,0
2617,1999-09-13,30.74206349206349,1,0,0,1,"gold,oil",343.02228491466377,5.8377954156521294,0.0,,,,0,0
2618,1999-09-15,30.75,0,1,0,0,silver,,,,4.678451408771135,1.542967159609816,0.0,0,0
2619,1999-09-20,30.761904761904763,0,1,0,0,silver,,,,5.037409492663556,1.616891960394486,0.0,0,0
2620,1999-09-23,30.77380952380953,0,1,0,1,"oil,silver",,,,4.951432459608028,1.5996769204960102,0.0,0,0
2621,1999-09-28,30.785714285714285,1,0,0,0,gold,349.276627083654,5.855864235985807,0.0,,,,0,0
2622,1999-10-01,30.797619047619047,0,0,1,0,gas,,,,,,,0,0
2623,1999-10-06,30.80952380952381,1,1,1,0,"gas,gold,silver",356.54706110559533,5.876466239853315,0.0,4.883178034014577,1.5857962443809974,0.0,0,0
2624,1999-10-11,30.821428571428573,1,0,1,0,"gas,gold",348.2011323638748,5.852780279378987,0.0,,,,0,0
2625,1999-10-13,30.82936507936508,1,1,1,1,"gas,gold,oil,silver",342.5502444877869,5.836418346177414,0.0,4.701055500356349,1.5477870580468287,0.0,0,0
2626,1999-10-18,30.84126984126984,1,1,0,1,"gold,oil,silver",339.37718507169865,5.8271121291844485,0.0,4.57234735824913,1.520026718166708,0.0,0,0
2627,1999-10-21,30.853174603174605,0,0,1,0,gas,,,,,,,0,0
2628,1999-10-26,30.865079365079364,0,1,1,0,"gas,silver",,,,4.858206775689619,1.580669393628385,0.0,0,0
2629,1999-10-29,30.876984126984127,0,1,0,0,silver,,,,5.195459981226688,1.6477851636972574,0.0,0,0
2630,1999-11-03,30.88888888888889,0,1,0,0,silver,,,,5.422743954569823,1.6906019520236066,0.0,0,0
2631,1999-11-08,30.90079365079365,1,0,0,1,"gold,oil",380.4387785413099,5.941325266961648,0.0,,,,0,0
2632,1999-11-11,30.91269841269841,1,0,1,1,"gas,gold,oil",378.1070926956973,5.935177469503533,0.0,,,,0,0
2633,1999-11-15,30.92063492063492,1,0,0,1,"gold,oil",372.9544516878816,5.921456298750048,0.0,,,,0,0
2634,1999-11-18,30.932539682539684,1,0,0,1,"gold,oil",378.8765749363413,5.937210492245187,0.0,,,,0,0
2635,1999-11-23,30.944444444444443,0,0,0,1,oil,,,,,,,0,0
2636,1999-11-26,30.95634920634921,1,1,0,1,"gold,oil,silver",379.161288562775,5.937961678046138,0.0,5.657261372095789,1.7329399185985734,0.0,0,0
2637,1999-12-01,30.96825396825397,1,0,0,0,gold,369.9439803576005,5.913351589736544,0.0,,,,0,0
2638,1999-12-06,30.98015873015873,0,0,1,0,gas,,,,,,,0,0
2639,1999-12-09,30.99206349206349,1,0,0,0,gold,374.7263452342618,5.926196013534192,0.0,,,,0,0
2640,1999-12-14,31.003968253968253,0,0,0,1,oil,,,,,,,0,0
2641,1999-12-16,31.011904761904763,0,0,0,1,oil,,,,,,,0,0
2642,1999-12-21,31.02380952380953,0,0,0,1,oil,,,,,,,0,0
2643,1999-12-24,31.035714285714285,0,1,0,0,silver,,,,5.754541692744739,1.7499894026421012,0.0,0,0
2644,1999-12-29,31.047619047619047,0,1,0,0,silver,,,,5.801847018740848,1.7581763183644974,0.0,0,0
2645,2000-01-03,31.05952380952381,0,1,1,0,"gas,silver",,,,5.770231929540402,1.7527122754730815,0.0,0,0
2646,2000-01-06,31.071428571428573,0,0,0,1,oil,,,,,,,0,0
2647,2000-01-11,31.08333333333333,1,1,0,0,"gold,silver",404.4996452269809,6.002650859432602,0.0,5.881849618852458,1.7718712734759172,0.0,0,0
2648,2000-01-13,31.09126984126984,0,1,0,0,silver,,,,5.771735243658919,1.7529727707776446,0.0,0,0
2649,2000-01-18,31.103174603174605,1,0,1,1,"gas,gold,oil",395.4765796478282,5.980091568381813,0.0,,,,0,0
2650,2000-01-21,31.115079365079364,0,0,1,1,"gas,oil",,,,,,,0,0
2651,2000-01-26,31.126984126984127,0,1,0,1,"oil,silver",,,,5.937673476591398,1.7813173860440783,0.0,0,0
2652,2000-01-31,31.13888888888889,0,1,1,0,"gas,silver",,,,5.879089561394353,1.7714019134245684,0.0,0,0
2653,2000-02-03,31.15079365079365,0,0,0,1,oil,,,,,,,0,0
2654,2000-02-08,31.16269841269841,1,1,0,1,"gold,oil,silver",375.7416241706396,5.928901737421602,0.0,5.8061148106208025,1.75891163988519,0.0,0,0
2655,2000-02-11,31.17460317460317,0,1,0,0,silver,,,,5.636189830042429,1.7292082751658877,0.0,0,0
2656,2000-02-15,31.182539682539684,1,1,1,1,"gas,gold,oil,silver",369.774433696668,5.912893181075409,0.0,5.568962939432924,1.7172088497879243,0.0,0,0
2657,2000-02-18,31.194444444444443,1,0,0,1,"gold,oil",368.7770241539354,5.910192190809934,0.0,,,,0,0
2658,2000-02-23,31.20634920634921,1,0,0,1,"gold,oil",373.8274445197768,5.923794312657453,0.0,,,,0,0
2659,2000-02-28,31.21825396825397,1,0,0,0,gold,370.7331379146104,5.915482498971235,0.0,,,,0,0
2660,2000-03-02,31.23015873015873,0,1,0,1,"oil,silver",,,,5.574163089507378,1.7181421876032636,0.0,0,0
2661,2000-03-07,31.24206349206349,0,1,0,1,"oil,silver",,,,5.428954284240176,1.691746534228471,0.0,0,0
2662,2000-03-10,31.253968253968253,1,0,0,0,gold,380.3438494567668,5.941075710566583,0.0,,,,0,0
2663,2000-03-15,31.265873015873016,1,0,1,1,"gas,gold,oil",375.4149704100308,5.928032001913569,0.0,,,,0,0
2664,2000-03-17,31.27380952380953,1,1,0,1,"gold,oil,silver",375.4330982968143,5.928080288344719,0.0,5.878421419089936,1.7712882597258826,0.0,0,0
2665,2000-03-22,31.285714285714285,0,1,1,1,"gas,oil,silver",,,,5.957376382546608,1.7846301798882114,0.0,0,0
2666,2000-03-27,31.297619047619047,1,1,1,0,"gas,gold,silver",387.3953119524885,5.959445649589629,0.0,6.045144665309393,1.799255415179808,0.0,0,0
2667,2000-03-30,31.30952380952381,1,0,0,1,"gold,oil",385.09819087498914,5.953498343004036,0.0,,,,0,0
2668,2000-04-04,31.321428571428573,0,1,0,0,silver,,,,6.287158565079186,1.838509230186613,0.0,0,0
2669,2000-04-07,31.33333333333333,1,1,0,0,"gold,silver",380.7437447458452,5.942126562870377,0.0,6.086879163896721,1.8061354978110011,0.0,0,0
2670,2000-04-12,31.34523809523809,1,1,0,0,"gold,silver",375.8243385470752,5.9291218495098885,0.0,5.879994933245702,1.7715559002172565,0.0,0,0
2671,2000-04-17,31.357142857142858,1,1,1,0,"gas,gold,silver",381.3070656896799,5.943604997218134,0.0,6.017657170011812,1.7946980091560705,0.0,0,0
2672,2000-04-19,31.365079365079364,0,0,0,1,oil,,,,,,,0,0
2673,2000-04-24,31.376984126984127,0,1,0,0,silver,,,,5.926361840524624,1.7794105071125808,0.0,0,0
2674,2000-04-27,31.38888888888889,1,0,0,0,gold,377.2420553363366,5.932887038012916,0.0,,,,0,0
2675,2000-05-02,31.40079365079365,1,1,0,1,"gold,oil,silver",380.4157403850842,5.941264708324853,0.0,5.617154971601834,1.7258253029154478,0.0,0,0
2676,2000-05-05,31.41269841269841,0,0,1,1,"gas,oil",,,,,,,0,0
2677,2000-05-10,31.42460317460317,0,0,1,0,gas,,,,,,,0,0
2678,2000-05-15,31.436507936507937,0,0,1,0,gas,,,,,,,0,0
2679,2000-05-17,31.444444444444443,1,1,1,1,"gas,gold,oil,silver",362.47928084504935,5.892967316371728,0.0,4.711871759406948,1.550085230233376,0.0,0,0
2680,2000-05-22,31.45634920634921,0,0,1,0,gas,,,,,,,0,0
2681,2000-05-25,31.46825396825397,0,1,0,0,silver,,,,4.595228051133074,1.5250183848553416,0.0,0,0
2682,2000-05-30,31.48015873015873,0,0,0,1,oil,,,,,,,0,0
2683,2000-06-02,31.49206349206349,0,1,0,0,silver,,,,4.5302437483855,1.5107757456379842,0.0,0,0
2684,2000-06-07,31.503968253968253,1,1,1,0,"gas,gold,silver",340.80329747514514,5.831305470598331,0.0,4.557100446444082,1.5166865542692518,0.0,0,0
2685,2000-06-12,31.515873015873016,0,0,1,0,gas,,,,,,,0,0
2686,2000-06-15,31.52777777777778,1,1,0,0,"gold,silver",351.91665773832693,5.863394379775335,0.0,4.640500063600174,1.5348221327587677,0.0,0,0
2687,2000-06-19,31.535714285714285,1,0,0,0,gold,353.623978524977,5.868234141034956,0.0,,,,0,0
2688,2000-06-22,31.547619047619047,1,1,0,0,"gold,silver",346.23471634741315,5.847116916014441,0.0,4.596744367364635,1.5253483066993765,0.0,0,0
2689,2000-06-27,31.55952380952381,1,0,1,0,"gas,gold",352.9460788791124,5.866315294214994,0.0,,,,0,0
2690,2000-06-30,31.571428571428573,1,0,1,0,"gas,gold",356.41709704998664,5.876101665966783,0.0,,,,0,0
2691,2000-07-05,31.58333333333333,0,0,0,1,oil,,,,,,,0,0
2692,2000-07-10,31.59523809523809,0,1,1,1,"gas,oil,silver",,,,4.4068115285542016,1.4831514185632686,0.0,0,0
2693,2000-07-13,31.607142857142858,0,1,1,0,"gas,silver",,,,4.468947596336396,1.4971529438446127,0.0,0,0
2694,2000-07-18,31.61904761904762,0,1,0,0,silver,,,,4.455396463537,1.4941160499007344,0.0,0,0
2695,2000-07-20,31.626984126984127,0,0,1,0,gas,,,,,,,0,0
2696,2000-07-25,31.63888888888889,1,0,0,0,gold,351.8609356145378,5.863236028260789,0.0,,,,0,0
2697,2000-07-28,31.65079365079365,1,0,0,0,gold,355.0991410624259,5.872397021085024,0.0,,,,0,0
2698,2000-08-02,31.66269841269841,0,0,1,0,gas,,,,,,,0,0
2699,2000-08-07,31.67460317460317,1,1,1,0,"gas,gold,silver",361.0149722246428,5.888919431779335,0.0,4.331367082001852,1.46588321551034,0.0,0,0
2700,2000-08-10,31.686507936507937,0,0,1,0,gas,,,,,,,0,0
2701,2000-08-15,31.6984126984127,0,1,1,0,"gas,silver",,,,4.121642479017969,1.4162517438734858,0.0,0,0
2702,2000-08-17,31.70634920634921,0,1,1,1,"gas,oil,silver",,,,3.991004335792996,1.384042912458639,0.0,0,0
2703,2000-08-22,31.71825396825397,0,1,0,0,silver,,,,3.77924401934192,1.329523994746763,0.0,0,0
2704,2000-08-25,31.73015873015873,0,0,1,0,gas,,,,,,,0,0
2705,2000-08-30,31.74206349206349,0,0,1,0,gas,,,,,,,0,0
2706,2000-09-04,31.753968253968253,0,0,1,0,gas,,,,,,,0,0
2707,2000-09-07,31.765873015873016,0,1,0,1,"oil,silver",,,,3.5937392653933946,1.279193238538094,0.0,0,0
2708,2000-09-12,31.77777777777778,0,1,0,1,"oil,silver",,,,3.619729575686065,1.2863993201981294,0.0,0,0
2709,2000-09-15,31.78968253968254,1,1,1,1,"gas,gold,oil,silver",328.4285910504276,5.794319435452535,0.0,3.494167222915441,1.251095070588202,0.0,0,0
2710,2000-09-19,31.797619047619047,0,0,0,1,oil,,,,,,,0,0
2711,2000-09-22,31.80952380952381,1,0,1,1,"gas,gold,oil",328.37776134856784,5.7941646571018826,0.0,,,,0,0
2712,2000-09-27,31.821428571428573,1,1,0,0,"gold,silver",335.2526432854592,5.814884406651091,0.0,3.550404007583872,1.267061401965235,0.0,0,0
2713,2000-10-02,31.83333333333333,0,0,0,1,oil,,,,,,,0,0
2714,2000-10-05,31.84523809523809,0,0,0,1,oil,,,,,,,0,0
2715,2000-10-10,31.857142857142858,0,0,1,0,gas,,,,,,,0,0
2716,2000-10-13,31.86904761904762,1,0,0,0,gold,342.6451807471757,5.83669545328146,0.0,,,,0,0
2717,2000-10-18,31.88095238095238,1,1,0,1,"gold,oil,silver",343.25001597316674,5.838459091183161,0.0,3.564598806479484,1.271051510781626,0.0,0,0
2718,2000-10-20,31.88888888888889,0,0,0,1,oil,,,,,,,0,0
2719,2000-10-25,31.90079365079365,1,0,1,0,"gas,gold",355.4259355974772,5.873316888852762,0.0,,,,0,0
2720,2000-10-30,31.91269841269841,0,1,0,0,silver,,,,3.8601696521745,1.3507111338514517,0.0,0,0
2721,2000-11-02,31.92460317460317,1,0,0,1,"gold,oil",356.68617470647666,5.876856332730821,0.0,,,,0,0
2722,2000-11-07,31.936507936507937,0,0,1,1,"gas,oil",,,,,,,0,0
2723,2000-11-10,31.9484126984127,1,0,0,0,gold,349.1046859938842,5.855371837091323,0.0,,,,0,0
2724,2000-11-15,31.96031746031746,1,0,1,1,"gas,gold,oil",345.4934516943582,5.84497368990035,0.0,,,,0,0
2725,2000-11-20,31.97222222222222,0,0,1,0,gas,,,,,,,0,0
2726,2000-11-22,31.98015873015873,0,1,1,1,"gas,oil,silver",,,,3.965177897911389,1.3775507211449778,0.0,0,0
2727,2000-11-27,31.99206349206349,0,0,1,1,"gas,oil",,,,,,,0,0
2728,2000-11-30,32.00396825396825,1,0,0,0,gold,342.6334213406976,5.836661133206549,0.0,,,,0,0
2729,2000-12-05,32.01587301587302,0,0,1,1,"gas,oil",,,,,,,0,0
2730,2000-12-08,32.02777777777778,0,1,0,0,silver,,,,3.886512541739645,1.357512236683997,0.0,0,0
2731,2000-12-13,32.03968253968254,1,1,1,0,"gas,gold,silver",351.8587478678594,5.863229810595631,0.0,3.7456936891655994,1.320606830567914,0.0,0,0
2732,2000-12-18,32.051587301587304,0,1,1,0,"gas,silver",,,,3.671168788224576,1.3005100822712632,0.0,0,0
2733,2000-12-20,32.05952380952381,1,0,0,1,"gold,oil",337.7691123480228,5.822362562502145,0.0,,,,0,0
2734,2000-12-25,32.07142857142857,0,1,1,0,"gas,silver",,,,3.5555005503596133,1.2684958551324834,0.0,0,0
2735,2000-12-28,32.083333333333336,0,1,0,0,silver,,,,3.562884765530941,1.2705705441222803,0.0,0,0
2736,2001-01-02,32.095238095238095,0,0,0,1,oil,,,,,,,0,0
2737,2001-01-05,32.107142857142854,0,0,1,1,"gas,oil",,,,,,,0,0
2738,2001-01-10,32.11904761904762,0,1,0,0,silver,,,,3.514668954023386,1.2569453398951451,0.0,0,0
2739,2001-01-15,32.13095238095238,0,1,0,0,silver,,,,3.68820362301464,1.3051395164843689,0.0,0,0
2740,2001-01-18,32.142857142857146,0,0,0,1,oil,,,,,,,0,0
2741,2001-01-22,32.15079365079365,0,0,0,1,oil,,,,,,,0,0
2742,2001-01-25,32.16269841269841,1,1,0,1,"gold,oil,silver",332.52655557277365,5.806719723291041,0.0,3.575172549426367,1.2740134405550343,0.0,0,0
2743,2001-01-30,32.17460317460318,0,0,1,1,"gas,oil",,,,,,,0,0
2744,2001-02-02,32.18650793650794,0,0,1,1,"gas,oil",,,,,,,0,0
2745,2001-02-07,32.198412698412696,1,1,0,1,"gold,oil,silver",345.8938058907914,5.846131808557552,0.0,3.7849058971184855,1.3310210245244638,0.0,0,0
2746,2001-02-12,32.21031746031746,0,0,0,1,oil,,,,,,,0,0
2747,2001-02-15,32.22222222222222,0,0,0,1,oil,,,,,,,0,0
2748,2001-02-20,32.23412698412698,0,1,0,0,silver,,,,3.866805738725292,1.352428775709129,0.0,0,0
2749,2001-02-22,32.242063492063494,0,0,1,0,gas,,,,,,,0,0
2750,2001-02-27,32.25396825396825,0,0,1,0,gas,,,,,,,0,0
2751,2001-03-02,32.26587301587302,0,0,0,1,oil,,,,,,,0,0
2752,2001-03-08,32.28174603174603,1,1,0,0,"gold,silver",280.6118124732384,5.636972263978444,0.0,,,,1,1
2753,2001-03-12,32.28968253968254,1,0,0,0,gold,279.52530108805564,5.63309281117463,0.0,,,,1,1
2754,2001-03-13,32.29365079365079,1,1,0,0,"gold,silver",274.4054130661978,5.614606622574788,0.0,,,,1,1
2755,2001-03-19,32.30952380952381,1,1,0,0,"gold,silver",281.6766150014752,5.640759657597209,0.0,,,,1,1
2756,2001-03-22,32.32142857142857,0,0,1,0,gas,,,,,,,1,1
2757,2001-03-28,32.33730158730159,1,1,0,0,"gold,silver",277.5576887004692,5.626028798789836,0.0,,,,1,1
2758,2001-03-29,32.34126984126984,1,1,0,1,"gold,oil,silver",281.60484453000385,5.640504827722569,0.0,,,,1,1
2759,2001-04-02,32.34920634920635,1,0,1,0,"gas,gold",277.7310753324823,5.626653290581777,0.0,,,,1,1
2760,2001-04-09,32.36904761904762,1,0,0,0,gold,299.7168162942104,5.702838083172946,0.0,,,,1,1
2761,2001-04-12,32.38095238095238,0,0,0,1,oil,,,,,,,1,1
2762,2001-04-13,32.38492063492063,1,1,1,0,"gas,gold,silver",299.6392231134418,5.702579161343181,0.0,,,,1,1
2763,2001-04-20,32.404761904761905,1,1,0,0,"gold,silver",295.50893466119004,5.68869907212913,0.0,,,,1,1
2764,2001-04-23,32.40873015873016,1,0,0,0,gold,292.5204717097309,5.6785346529740295,0.0,,,,1,1
2765,2001-04-24,32.41269841269841,1,1,0,0,"gold,silver",293.8436164509112,5.683047708987101,0.0,,,,1,1
2766,2001-04-25,32.416666666666664,1,0,1,0,"gas,gold",290.8672664392164,5.672867034038124,0.0,,,,1,1
2767,2001-04-30,32.42857142857143,1,0,0,0,gold,291.4254329696011,5.674784168503003,0.0,,,,1,1
2768,2001-05-02,32.43650793650794,1,0,0,0,gold,289.40671515522627,5.667833017643545,0.0,,,,1,1
2769,2001-05-04,32.44444444444444,1,0,0,0,gold,285.1403999375852,5.652981690325607,0.0,,,,1,1
2770,2001-05-07,32.448412698412696,1,0,0,0,gold,287.6926561649297,5.66189274421478,0.0,,,,1,1
2771,2001-05-10,32.46031746031746,1,0,0,0,gold,283.9019649455706,5.648628984714469,0.0,,,,1,1
2772,2001-05-11,32.464285714285715,1,1,1,0,"gas,gold,silver",283.84295425502603,5.648421107237238,0.0,,,,1,1
2773,2001-05-17,32.48015873015873,0,1,1,0,"gas,silver",,,,,,,1,1
2774,2001-05-22,32.492063492063494,0,0,1,0,gas,,,,,,,1,1
2775,2001-05-25,32.50396825396825,0,0,1,0,gas,,,,,,,1,1
2776,2001-05-29,32.51190476190476,1,1,1,1,"gas,gold,oil,silver",304.52058615628505,5.718738691289322,0.0,,,,1,1
2777,2001-05-31,32.51984126984127,1,1,0,1,"gold,oil,silver",307.7022560450084,5.729132614264096,0.0,,,,1,1
2778,2001-06-05,32.53174603174603,0,0,0,1,oil,,,,,,,1,1
2779,2001-06-11,32.54761904761905,0,0,1,0,gas,,,,,,,1,1
2780,2001-06-13,32.55555555555556,1,1,1,0,"gas,gold,silver",321.2680441031188,5.772275803046421,0.0,,,,1,1
2781,2001-06-15,32.56349206349206,1,0,0,0,gold,320.2832400199732,5.769205729363996,0.0,,,,1,1
2782,2001-06-19,32.57142857142857,1,0,0,0,gold,324.36918086495103,5.781882314229222,0.0,,,,1,1
2783,2001-06-20,32.57539682539682,1,1,0,0,"gold,silver",324.92159975555217,5.783583921707356,0.0,,,,1,1
2784,2001-06-22,32.583333333333336,1,0,0,1,"gold,oil",328.76700932229204,5.7953493215369365,0.0,,,,1,1
2785,2001-06-25,32.58730158730159,1,0,1,0,"gas,gold",330.60932231614936,5.800937383162833,0.0,,,,1,1
2786,2001-06-29,32.6031746031746,1,0,0,0,gold,333.68037520165194,5.8101835743236006,0.0,,,,1,1
2787,2001-07-05,32.61904761904762,1,1,1,0,"gas,gold,silver",328.9923248870644,5.796034421882509,0.0,,,,1,1
2788,2001-07-23,32.666666666666664,1,1,0,0,"gold,silver",333.07858859012265,5.8083784639085465,0.0,,,,1,1
2789,2001-07-26,32.67857142857143,1,0,0,0,gold,330.6712202783272,5.8011245895249495,0.0,,,,1,1
2790,2001-07-30,32.68650793650794,0,0,1,0,gas,,,,,,,1,1
2791,2001-08-01,32.69444444444444,1,0,0,0,gold,321.0036485551991,5.771452489280994,0.0,,,,1,1
2792,2001-08-02,32.698412698412696,1,0,0,0,gold,318.34733729664384,5.763143042352804,0.0,,,,1,1
2793,2001-08-03,32.70238095238095,0,0,1,0,gas,,,,,,,1,1
2794,2001-08-08,32.714285714285715,1,1,1,0,"gas,gold,silver",318.264080273668,5.762881479266901,0.0,,,,1,1
2795,2001-08-13,32.726190476190474,0,1,0,1,"oil,silver",,,,,,,1,1
2796,2001-08-17,32.742063492063494,0,0,1,0,gas,,,,,,,1,1
2797,2001-08-21,32.75,1,1,1,1,"gas,gold,oil,silver",334.59814412679515,5.812930241994589,0.0,,,,1,1
2798,2001-08-30,32.77777777777778,0,0,1,0,gas,,,,,,,1,1
2799,2001-08-31,32.78174603174603,0,0,0,1,oil,,,,,,,1,1
2800,2001-09-03,32.785714285714285,0,0,0,1,oil,,,,,,,1,1
2801,2001-09-05,32.79365079365079,1,1,0,0,"gold,silver",333.23441883790974,5.808846202790696,0.0,,,,1,1
2802,2001-09-10,32.80555555555556,1,1,0,0,"gold,silver",326.6738005458829,5.788962121163817,0.0,,,,1,1
2803,2001-09-11,32.80952380952381,1,1,1,1,"gas,gold,oil,silver",329.5257991513116,5.797654648756993,0.0,,,,1,1
2804,2001-09-17,32.82539682539682,1,0,0,0,gold,330.95858614208885,5.801993250153727,0.0,,,,1,1
2805,2001-09-18,32.82936507936508,1,0,1,1,"gas,gold,oil",331.9685288758659,5.805040171880819,0.0,,,,1,1
2806,2001-09-20,32.83730158730159,1,1,0,0,"gold,silver",338.4561130587037,5.824394432717056,0.0,,,,1,1
2807,2001-09-25,32.84920634920635,1,0,0,0,gold,335.97398947723553,5.817033744696587,0.0,,,,1,1
2808,2001-09-26,32.8531746031746,1,0,0,0,gold,333.3195892831475,5.809101757313401,0.0,,,,1,1
2809,2001-09-27,32.857142857142854,0,0,0,1,oil,,,,,,,1,1
2810,2001-09-28,32.861111111111114,1,0,0,0,gold,338.90589607229526,5.825722476137369,0.0,,,,1,1
2811,2001-10-02,32.86904761904762,1,1,0,1,"gold,oil,silver",341.7002104726248,5.8339337750784015,0.0,,,,1,1
2812,2001-10-04,32.87698412698413,1,0,0,0,gold,348.5933340972905,5.8539060109790855,0.0,,,,1,1
2813,2001-10-05,32.88095238095238,1,0,1,0,"gas,gold",349.08489738492926,5.855315151602364,0.0,,,,1,1
2814,2001-10-09,32.888888888888886,1,0,0,0,gold,354.40416119164865,5.870437960173419,0.0,,,,1,1
2815,2001-10-11,32.8968253968254,1,1,0,0,"gold,silver",359.9403868738009,5.885938425721064,0.0,,,,1,1
2816,2001-10-22,32.92460317460318,1,0,0,1,"gold,oil",362.9445546342746,5.894250080544255,0.0,,,,1,1
2817,2001-10-23,32.92857142857143,1,0,0,0,gold,369.4757672287392,5.912085155636106,0.0,,,,1,1
2818,2001-10-26,32.94047619047619,1,1,1,0,"gas,gold,silver",367.2313487157383,5.905992027421875,0.0,,,,1,1
2819,2001-10-31,32.95238095238095,0,0,1,0,gas,,,,,,,1,1
2820,2001-11-01,32.95634920634921,1,1,1,0,"gas,gold,silver",372.3559216874066,5.9198501755817095,0.0,,,,1,1
2821,2001-11-12,32.98412698412698,0,1,0,1,"oil,silver",,,,,,,1,1
2822,2001-11-16,33.0,1,0,0,0,gold,373.0182880451123,5.9216274480534645,0.0,,,,1,1
2823,2001-11-21,33.01190476190476,1,0,1,0,"gas,gold",370.3727247127176,5.914509862675987,0.0,,,,1,1
2824,2001-11-23,33.01984126984127,1,0,0,0,gold,370.4025641521643,5.914590425405094,0.0,,,,1,1
2825,2001-12-03,33.04365079365079,1,0,1,1,"gas,gold,oil",376.9910792325553,5.932221524654933,0.0,,,,1,1
2826,2001-12-04,33.04761904761905,0,0,0,1,oil,,,,,,,1,1
2827,2001-12-18,33.08730158730159,1,0,0,0,gold,367.5922474804766,5.906974300706578,0.0,,,,1,1
2828,2001-12-19,33.09126984126984,1,1,0,0,"gold,silver",367.0298719434474,5.905443239683455,0.0,,,,1,1
2829,2001-12-31,33.12301587301587,1,0,1,1,"gas,gold,oil",362.1669001251229,5.892105155644245,0.0,,,,1,1
2830,2002-01-08,33.1468253968254,1,1,0,0,"gold,silver",368.75893504880383,5.910143138001296,0.0,,,,1,1
2831,2002-01-09,33.15079365079365,1,0,0,0,gold,365.9590749366226,5.902521510036314,0.0,,,,1,1
2832,2002-01-10,33.154761904761905,1,0,0,0,gold,368.5507878523152,5.909578525341099,0.0,,,,1,1
2833,2002-01-14,33.16269841269841,1,0,1,0,"gas,gold",370.21910423976095,5.914095003993635,0.0,,,,1,1
2834,2002-01-15,33.166666666666664,1,0,0,0,gold,367.90887711089846,5.907835290960421,0.0,,,,1,1
2835,2002-01-25,33.198412698412696,1,0,0,0,gold,375.36412434708944,5.927896553115449,0.0,,,,1,1
2836,2002-01-28,33.20238095238095,1,0,1,0,"gas,gold",377.45156945103577,5.93344226761391,0.0,,,,1,1
2837,2002-01-29,33.20634920634921,0,1,0,1,"oil,silver",,,,,,,1,1
2838,2002-01-30,33.21031746031746,1,1,0,1,"gold,oil,silver",370.259576581177,5.91420431798877,0.0,,,,1,1
2839,2002-02-01,33.21825396825397,1,0,0,0,gold,367.3793739659454,5.906395030666015,0.0,,,,1,1
2840,2002-02-06,33.23015873015873,1,0,0,0,gold,370.0605443972335,5.913666625757805,0.0,,,,1,1
2841,2002-02-07,33.23412698412698,1,0,0,0,gold,370.2669621012121,5.9142242646609,0.0,,,,1,1
2842,2002-02-08,33.23809523809524,0,1,0,0,silver,,,,,,,1,1
2843,2002-02-12,33.24603174603175,0,0,1,0,gas,,,,,,,1,1
2844,2002-02-14,33.25396825396825,0,1,0,0,silver,,,,,,,1,1
2845,2002-02-28,33.29365079365079,0,0,0,1,oil,,,,,,,0,0
2846,2002-03-05,33.30555555555556,0,1,1,1,"gas,oil,silver",,,,5.16514095378767,1.6419323923807747,0.0,0,0
2847,2002-03-08,33.31746031746032,1,0,0,0,gold,372.9259796248664,5.921379953904859,0.0,,,,0,0
2848,2002-03-13,33.32936507936508,1,1,0,1,"gold,oil,silver",365.4151585919387,5.901034128009371,0.0,5.220233840699096,1.6525421979599808,0.0,0,0
2849,2002-03-15,33.33730158730159,0,0,1,1,"gas,oil",,,,,,,0,0
2850,2002-03-20,33.34920634920635,1,0,1,0,"gas,gold",375.6745327250128,5.928723164083274,0.0,,,,0,0
2851,2002-03-25,33.361111111111114,0,0,1,1,"gas,oil",,,,,,,0,0
2852,2002-03-28,33.37301587301587,1,0,1,1,"gas,gold,oil",405.8429839710509,6.005966345811364,0.0,,,,0,0
2853,2002-04-02,33.38492063492063,0,0,1,0,gas,,,,,,,0,0
2854,2002-04-05,33.3968253968254,1,1,0,0,"gold,silver",412.0527331846085,6.0211513343256255,0.0,6.2374504458427005,1.8305715164918024,0.0,0,0
2855,2002-04-10,33.40873015873016,1,1,0,1,"gold,oil,silver",420.0624482087129,6.040403386435936,0.0,6.428235485331625,1.8607000815122152,0.0,0,0
2856,2002-04-15,33.42063492063492,0,1,1,1,"gas,oil,silver",,,,6.376039574159675,1.852547148206368,0.0,0,0
2857,2002-04-17,33.42857142857143,0,0,1,0,gas,,,,,,,0,0
2858,2002-04-22,33.44047619047619,0,1,0,0,silver,,,,6.681656699554806,1.8993659657148172,0.0,0,0
2859,2002-04-25,33.45238095238095,0,0,1,1,"gas,oil",,,,,,,0,0
2860,2002-04-30,33.464285714285715,0,1,1,1,"gas,oil,silver",,,,6.64526124148494,1.8939040053856528,0.0,0,0
2861,2002-05-03,33.476190476190474,0,1,0,0,silver,,,,6.646306842201906,1.894061338322224,0.0,0,0
2862,2002-05-08,33.48809523809524,1,1,1,1,"gas,gold,oil,silver",417.9138828275612,6.035275389355687,0.0,6.871868673661613,1.92743607414743,0.0,0,0
2863,2002-05-13,33.5,0,1,1,0,"gas,silver",,,,6.7908116882713,1.9155704761449583,0.0,0,0
2864,2002-05-16,33.51190476190476,0,1,0,0,silver,,,,7.08496499943172,1.9579749330361185,0.0,0,0
2865,2002-05-20,33.51984126984127,0,1,0,0,silver,,,,7.092784750335357,1.959078034985948,0.0,0,0
2866,2002-05-23,33.53174603174603,0,1,1,0,"gas,silver",,,,7.405864113501479,2.00227213415964,0.0,0,0
2867,2002-05-28,33.54365079365079,1,0,0,0,gold,419.8645631718278,6.039932190634717,0.0,,,,0,0
2868,2002-05-31,33.55555555555556,0,1,0,0,silver,,,,7.337135112295408,1.9929484547586207,0.0,0,0
2869,2002-06-05,33.56746031746032,0,0,1,0,gas,,,,,,,0,0
2870,2002-06-10,33.57936507936508,1,0,0,0,gold,425.1735289463456,6.052497388994431,0.0,,,,0,0
2871,2002-06-13,33.59126984126984,0,0,0,1,oil,,,,,,,0,0
2872,2002-06-18,33.6031746031746,0,1,0,0,silver,,,,7.164116457430275,1.9690847399890463,0.0,0,0
2873,2002-06-20,33.611111111111114,0,1,0,1,"oil,silver",,,,6.898452839729168,1.9312971603345697,0.0,0,0
2874,2002-06-25,33.62301587301587,0,1,1,0,"gas,silver",,,,7.33686874199524,1.9929121496979376,0.0,0,0
2875,2002-06-28,33.63492063492063,0,1,0,0,silver,,,,7.295571735178633,1.9872675524717116,0.0,0,0
2876,2002-07-03,33.6468253968254,0,1,0,0,silver,,,,7.697991770894167,2.04095948586828,0.0,0,0
2877,2002-07-08,33.65873015873016,0,0,0,1,oil,,,,,,,0,0
2878,2002-07-11,33.67063492063492,0,0,1,1,"gas,oil",,,,,,,0,0
2879,2002-07-16,33.682539682539684,1,0,0,0,gold,451.7800519790249,6.113195450732965,0.0,,,,0,0
2880,2002-07-18,33.69047619047619,1,0,0,1,"gold,oil",458.7490197848895,6.1285032626578095,0.0,,,,0,0
2881,2002-07-23,33.70238095238095,0,0,1,0,gas,,,,,,,0,0
2882,2002-07-26,33.714285714285715,0,1,0,0,silver,,,,7.27701679188601,1.9847209968909405,0.0,0,0
2883,2002-07-31,33.726190476190474,1,0,0,0,gold,444.8986411623963,6.097846483553334,0.0,,,,0,0
2884,2002-08-05,33.73809523809524,0,0,0,1,oil,,,,,,,0,0
2885,2002-08-08,33.75,1,1,1,0,"gas,gold,silver",426.1475390941128,6.054785622210609,0.0,6.4744003941216,1.8678560000731947,0.0,0,0
2886,2002-08-13,33.76190476190476,0,1,1,1,"gas,oil,silver",,,,6.415808340538535,1.858764998007456,0.0,0,0
2887,2002-08-16,33.773809523809526,1,1,0,1,"gold,oil,silver",408.661557168792,6.012887324900274,0.0,6.143861353621228,1.8154534294483733,0.0,0,0
2888,2002-08-20,33.78174603174603,0,1,0,0,silver,,,,6.1496350735547,1.8163927424244972,0.0,0,0
2889,2002-08-23,33.79365079365079,0,0,0,1,oil,,,,,,,0,0
2890,2002-08-28,33.80555555555556,0,1,0,0,silver,,,,6.342330166739822,1.8472462351110817,0.0,0,0
2891,2002-09-02,33.81746031746032,0,1,0,0,silver,,,,6.441413768830867,1.86274804534479,0.0,0,0
2892,2002-09-05,33.82936507936508,0,0,1,0,gas,,,,,,,0,0
2893,2002-09-10,33.84126984126984,0,1,0,1,"oil,silver",,,,6.358580206560879,1.8498051144686016,0.0,0,0
2894,2002-09-13,33.8531746031746,1,0,1,1,"gas,gold,oil",405.9934766991034,6.0063370922290655,0.0,,,,0,0
2895,2002-09-18,33.86507936507937,0,0,0,1,oil,,,,,,,0,0
2896,2002-09-20,33.87301587301587,1,1,0,0,"gold,silver",399.2706479399061,5.989639502576654,0.0,6.230104278101139,1.8293930707172497,0.0,0,0
2897,2002-09-25,33.88492063492063,1,1,0,1,"gold,oil,silver",395.5161375617984,5.980191589312835,0.0,6.095360732698677,1.8075279462021625,0.0,0,0
2898,2002-09-30,33.8968253968254,1,0,0,0,gold,398.7255378950768,5.988273305245658,0.0,,,,0,0
2899,2002-10-03,33.90873015873016,0,1,0,0,silver,,,,6.355537817189071,1.8493265300439183,0.0,0,0
2900,2002-10-08,33.92063492063492,1,1,1,1,"gas,gold,oil,silver",410.8130660497608,6.018138283901466,0.0,6.517422154610276,1.874478922697461,0.0,0,0
2901,2002-10-11,33.932539682539684,0,0,0,1,oil,,,,,,,0,0
2902,2002-10-16,33.94444444444444,0,1,0,0,silver,,,,5.9867423782633,1.7895474208291988,0.0,0,0
2903,2002-10-18,33.95238095238095,0,1,0,0,silver,,,,6.215408719937609,1.8270314862657764,0.0,0,0
2904,2002-10-23,33.964285714285715,0,0,0,1,oil,,,,,,,0,0
2905,2002-10-28,33.976190476190474,0,0,0,1,oil,,,,,,,0,0
2906,2002-10-31,33.98809523809524,0,1,1,1,"gas,oil,silver",,,,6.066889206004624,1.802845987050315,0.0,0,0
2907,2002-11-05,34.0,0,0,0,1,oil,,,,,,,0,0
2908,2002-11-08,34.01190476190476,1,1,0,0,"gold,silver",384.43863723754055,5.951784185149978,0.0,5.860521163480829,1.768238535381954,0.0,0,0
2909,2002-11-13,34.023809523809526,0,0,1,1,"gas,oil",,,,,,,0,0
2910,2002-11-18,34.035714285714285,1,1,1,0,"gas,gold,silver",383.5458831640946,5.9494592568425375,0.0,5.509773195455194,1.7065234599683008,0.0,0,0
2911,2002-11-20,34.04365079365079,0,0,0,1,oil,,,,,,,0,0
2912,2002-11-25,34.05555555555556,0,0,1,1,"gas,oil",,,,,,,0,0
2913,2002-11-28,34.06746031746032,1,0,1,0,"gas,gold",401.8548015844849,5.996090833285824,0.0,,,,0,0
2914,2002-12-03,34.07936507936508,1,1,0,1,"gold,oil,silver",399.8633615678429,5.991122892670358,0.0,5.816855510479258,1.7607598254382906,0.0,0,0
2915,2002-12-06,34.09126984126984,0,0,1,0,gas,,,,,,,0,0
2916,2002-12-11,34.1031746031746,0,0,0,1,oil,,,,,,,0,0
2917,2002-12-16,34.11507936507937,0,1,0,0,silver,,,,5.96011347000487,1.785089519487448,0.0,0,0
2918,2002-12-19,34.12698412698413,0,1,0,0,silver,,,,6.064724214027148,1.8024890696436189,0.0,0,0
2919,2002-12-23,34.13492063492063,1,1,0,0,"gold,silver",393.6391247883929,5.975434562647541,0.0,5.942046509381682,1.7820536042365895,0.0,0,0
2920,2002-12-26,34.1468253968254,1,1,0,0,"gold,silver",383.4451701909954,5.949196638463255,0.0,5.644158013213629,1.730621030270112,0.0,0,0
2921,2002-12-31,34.15873015873016,0,0,1,1,"gas,oil",,,,,,,0,0
2922,2003-01-03,34.17063492063492,0,0,0,1,oil,,,,,,,0,0
2923,2003-01-08,34.182539682539684,1,0,0,0,gold,387.6236547269856,5.960034906861829,0.0,,,,0,0
2924,2003-01-13,34.19444444444444,0,1,0,1,"oil,silver",,,,5.7946871842592325,1.756941495051592,0.0,0,0
2925,2003-01-16,34.20634920634921,0,1,1,0,"gas,silver",,,,5.834823526406742,1.7638440213063098,0.0,0,0
2926,2003-01-21,34.21825396825397,1,0,0,1,"gold,oil",396.201340538517,5.981922517748169,0.0,,,,0,0
2927,2003-01-23,34.226190476190474,0,0,1,0,gas,,,,,,,0,0
2928,2003-01-28,34.23809523809524,0,0,0,1,oil,,,,,,,0,0
2929,2003-01-31,34.25,1,0,0,1,"gold,oil",384.8519903442347,5.952858819707202,0.0,,,,0,0
2930,2003-02-05,34.26190476190476,1,0,1,0,"gas,gold",373.69708896685,5.923445546701531,0.0,,,,0,0
2931,2003-02-10,34.273809523809526,0,1,0,0,silver,,,,5.678478348980807,1.7366833005362383,0.0,0,0
2932,2003-02-13,34.285714285714285,1,0,0,1,"gold,oil",384.2925550891546,5.951404124729372,0.0,,,,0,0
2933,2003-02-18,34.29761904761905,1,0,0,0,gold,373.67650228751353,5.923390455968911,0.0,,,,0,0
2934,2003-02-20,34.30555555555556,0,0,1,1,"gas,oil",,,,,,,0,0
2935,2003-02-25,34.31746031746032,0,1,1,0,"gas,silver",,,,5.8731282778322935,1.770387418262057,0.0,0,0
2936,2003-02-28,34.32936507936508,0,0,1,0,gas,,,,,,,0,0
2937,2003-03-05,34.34126984126984,0,0,1,0,gas,,,,,,,0,0
2938,2003-03-10,34.3531746031746,0,0,0,1,oil,,,,,,,0,0
2939,2003-03-13,34.36507936507937,0,0,0,1,oil,,,,,,,0,0
2940,2003-03-18,34.37698412698413,1,0,0,0,gold,404.8475248034825,6.003510514252701,0.0,,,,0,0
2941,2003-03-21,34.388888888888886,0,0,1,0,gas,,,,,,,0,0
2942,2003-03-25,34.3968253968254,1,0,0,0,gold,404.6009969982937,6.002901388888527,0.0,,,,0,0
2943,2003-03-28,34.40873015873016,1,1,1,1,"gas,gold,oil,silver",395.5612144363872,5.98030555256693,0.0,6.6877236085321465,1.9002735484529816,0.0,0,0
2944,2003-04-02,34.42063492063492,0,0,1,0,gas,,,,,,,0,0
2945,2003-04-07,34.432539682539684,0,0,1,0,gas,,,,,,,0,0
2946,2003-04-10,34.44444444444444,1,1,1,0,"gas,gold,silver",393.9405371257794,5.976199976907654,0.0,6.538187191436212,1.8776599391916635,0.0,0,0
2947,2003-04-15,34.45634920634921,0,1,0,0,silver,,,,6.486533944471876,1.869728327110416,0.0,0,0
2948,2003-04-18,34.46825396825397,0,0,1,1,"gas,oil",,,,,,,0,0
2949,2003-04-23,34.48015873015873,0,1,0,1,"oil,silver",,,,6.336957793975989,1.846398810066082,0.0,0,0
2950,2003-04-25,34.48809523809524,0,0,1,0,gas,,,,,,,0,0
2951,2003-04-30,34.5,1,1,0,1,"gold,oil,silver",381.4524420634372,5.943986182569585,0.0,6.334974405226698,1.8460857735481608,0.0,0,0
2952,2003-05-05,34.51190476190476,0,1,0,0,silver,,,,6.091596679280502,1.8069102278643323,0.0,0,0
2953,2003-05-08,34.523809523809526,0,1,0,0,silver,,,,6.004487027462132,1.7925070276469746,0.0,0,0
2954,2003-05-13,34.535714285714285,0,1,0,0,silver,,,,5.943532002662635,1.782303569905014,0.0,0,0
2955,2003-05-16,34.54761904761905,1,0,0,1,"gold,oil",373.9164702467352,5.924032430883816,0.0,,,,0,0
2956,2003-05-21,34.55952380952381,1,1,0,0,"gold,silver",371.8680035415224,5.918538962116918,0.0,6.046189608671042,1.7994282568762778,0.0,0,0
2957,2003-05-23,34.56746031746032,1,1,0,0,"gold,silver",374.159316767017,5.9246816873710015,0.0,6.140899506304372,1.8149712308271684,0.0,0,0
2958,2003-05-28,34.57936507936508,0,1,0,0,silver,,,,6.201744117355056,1.824830561741833,0.0,0,0
2959,2003-06-02,34.59126984126984,0,0,1,0,gas,,,,,,,0,0
2960,2003-06-05,34.6031746031746,0,0,1,0,gas,,,,,,,0,0
2961,2003-06-10,34.61507936507937,0,1,0,0,silver,,,,5.9008224796187205,1.77509174452114,0.0,0,0
2962,2003-06-13,34.62698412698413,1,0,1,1,"gas,gold,oil",350.08201645143305,5.8581674597502165,0.0,,,,0,0
2963,2003-06-18,34.638888888888886,1,0,0,0,gold,357.3345089177034,5.8786723428388585,0.0,,,,0,0
2964,2003-06-23,34.65079365079365,0,1,0,0,silver,,,,5.8879517789233775,1.7729081916721454,0.0,0,0
2965,2003-06-25,34.65873015873016,1,1,1,1,"gas,gold,oil,silver",343.7117742921415,5.839803440738149,0.0,5.754735420225916,1.7500230672205617,0.0,0,0
2966,2003-06-30,34.67063492063492,0,1,0,0,silver,,,,5.686135627854498,1.738030865890954,0.0,0,0
2967,2003-07-03,34.682539682539684,0,0,0,1,oil,,,,,,,0,0
2968,2003-07-08,34.69444444444444,1,0,1,0,"gas,gold",335.0174327704169,5.814182568591778,0.0,,,,0,0
2969,2003-07-11,34.70634920634921,0,0,0,1,oil,,,,,,,0,0
2970,2003-07-16,34.71825396825397,0,1,0,0,silver,,,,6.062207811820506,1.8020740591137676,0.0,0,0
2971,2003-07-21,34.73015873015873,1,1,1,1,"gas,gold,oil,silver",363.4551218300164,5.895655828086175,0.0,6.1970518955742975,1.8240736782509088,0.0,0,0
2972,2003-07-24,34.742063492063494,0,1,1,0,"gas,silver",,,,5.930533335540229,1.7801141475050737,0.0,0,0
2973,2003-07-28,34.75,0,0,1,0,gas,,,,,,,0,0
2974,2003-07-31,34.76190476190476,0,0,1,0,gas,,,,,,,0,0
2975,2003-08-05,34.773809523809526,0,1,0,1,"oil,silver",,,,5.611140370721084,1.7247539735154545,0.0,0,0
2976,2003-08-08,34.785714285714285,0,1,0,0,silver,,,,5.645056011811505,1.7307801199282191,0.0,0,0
2977,2003-08-13,34.79761904761905,0,1,0,0,silver,,,,5.535568371827907,1.7111942477591082,0.0,0,0
2978,2003-08-18,34.80952380952381,0,1,1,0,"gas,silver",,,,5.156534865719914,1.6402648162598863,0.0,0,0
2979,2003-08-21,34.82142857142857,0,0,1,1,"gas,oil",,,,,,,0,0
2980,2003-08-26,34.833333333333336,1,1,1,1,"gas,gold,oil,silver",320.99564811794903,5.771427565773159,0.0,5.094146965546268,1.628092226856888,0.0,0,0
2981,2003-08-28,34.84126984126984,1,0,1,1,"gas,gold,oil",318.5499662676221,5.763779342668981,0.0,,,,0,0
2982,2003-09-02,34.8531746031746,0,1,0,0,silver,,,,4.969963211278218,1.603412437923841,0.0,0,0
2983,2003-09-05,34.86507936507937,1,0,0,0,gold,322.9617904622696,5.777534020442712,0.0,,,,0,0
2984,2003-09-10,34.87698412698413,0,1,1,1,"gas,oil,silver",,,,5.06261068376885,1.6218822956541692,0.0,0,0
2985,2003-09-15,34.888888888888886,0,0,0,1,oil,,,,,,,0,0
2986,2003-09-18,34.90079365079365,0,1,0,1,"oil,silver",,,,5.007051559033713,1.610847230685186,0.0,0,0
2987,2003-09-23,34.91269841269841,1,0,0,1,"gold,oil",319.7589746733706,5.767567507847297,0.0,,,,0,0
2988,2003-09-25,34.92063492063492,1,0,0,0,gold,312.46223192021995,5.744483604017261,0.0,,,,0,0
2989,2003-09-30,34.932539682539684,0,0,1,0,gas,,,,,,,0,0
2990,2003-10-03,34.94444444444444,0,0,1,0,gas,,,,,,,0,0
2991,2003-10-08,34.95634920634921,0,1,0,0,silver,,,,4.725253861702286,1.5529212868468432,0.0,0,0
2992,2003-10-13,34.96825396825397,1,0,0,0,gold,307.3684591520538,5.728047220609424,0.0,,,,0,0
2993,2003-10-16,34.98015873015873,0,1,1,0,"gas,silver",,,,4.995838748292017,1.608605315579918,0.0,0,0
2994,2003-10-21,34.992063492063494,0,0,1,1,"gas,oil",,,,,,,0,0
2995,2003-10-24,35.00396825396825,0,0,0,1,oil,,,,,,,0,0
2996,2003-10-28,35.01190476190476,1,0,0,0,gold,318.93325299566385,5.764981842633359,0.0,,,,0,0
2997,2003-10-31,35.023809523809526,0,0,1,0,gas,,,,,,,0,0
2998,2003-11-05,35.035714285714285,0,1,0,0,silver,,,,5.343532202229935,1.6758868953948856,0.0,0,0
2999,2003-11-10,35.04761904761905,1,1,1,1,"gas,gold,oil,silver",342.2285270434899,5.835478721640725,0.0,5.60158016256953,1.72304872982552,0.0,0,0
3000,2003-11-13,35.05952380952381,1,1,0,0,"gold,silver",341.0586709942658,5.832054518185291,0.0,5.683084588730547,1.737494146724807,0.0,0,0
3001,2003-11-18,35.07142857142857,0,0,1,0,gas,,,,,,,0,0
3002,2003-11-21,35.083333333333336,1,1,1,1,"gas,gold,oil,silver",338.3045629993943,5.823946563722287,0.0,5.4915249174296346,1.7032059796901502,0.0,0,0
3003,2003-11-26,35.095238095238095,1,0,0,0,gold,342.47962572605906,5.836212169001648,0.0,,,,0,0
3004,2003-11-28,35.1031746031746,0,0,0,1,oil,,,,,,,0,0
3005,2003-12-03,35.11507936507937,0,0,1,0,gas,,,,,,,0,0
3006,2003-12-08,35.12698412698413,0,0,1,0,gas,,,,,,,0,0
3007,2003-12-11,35.138888888888886,0,1,0,0,silver,,,,5.323103074855827,1.6720564180564603,0.0,0,0
3008,2003-12-16,35.15079365079365,1,0,0,1,"gold,oil",336.4971399708199,5.818589649704888,0.0,,,,0,0
3009,2003-12-19,35.16269841269841,0,1,0,0,silver,,,,5.127971885186181,1.6347102369953403,0.0,0,0
3010,2003-12-24,35.17460317460318,0,0,1,0,gas,,,,,,,0,0
3011,2003-12-26,35.182539682539684,0,1,0,0,silver,,,,4.904936558750794,1.590242158937921,0.0,0,0
3012,2003-12-31,35.19444444444444,1,0,1,0,"gas,gold",320.79721496755417,5.770809194432088,0.0,,,,0,0
3013,2004-01-05,35.20634920634921,0,0,1,0,gas,,,,,,,0,0
3014,2004-01-08,35.21825396825397,0,1,1,1,"gas,oil,silver",,,,5.187270645279376,1.6462076716212024,0.0,0,0
3015,2004-01-13,35.23015873015873,1,0,0,1,"gold,oil",328.66354602721646,5.795034571043252,0.0,,,,0,0
3016,2004-01-16,35.242063492063494,1,0,0,0,gold,345.60058032658486,5.845283716114211,0.0,,,,0,0
3017,2004-01-21,35.25396825396825,1,0,0,1,"gold,oil",349.1068389829426,5.855378004245492,0.0,,,,0,0
3018,2004-01-26,35.26587301587302,0,1,0,0,silver,,,,5.314282127334607,1.6703979372596418,0.0,0,0
3019,2004-01-28,35.273809523809526,1,0,0,0,gold,345.5907018172642,5.845255132104034,0.0,,,,0,0
3020,2004-02-02,35.285714285714285,1,1,0,0,"gold,silver",356.24449063165406,5.875617266569675,0.0,5.792058190725762,1.7564877017742735,0.0,0,0
3021,2004-02-05,35.29761904761905,0,1,1,1,"gas,oil,silver",,,,5.601087764976445,1.7229608226240236,0.0,0,0
3022,2004-02-10,35.30952380952381,0,1,1,1,"gas,oil,silver",,,,5.565156148708587,1.716525043400991,0.0,0,0
3023,2004-02-13,35.32142857142857,0,1,1,1,"gas,oil,silver",,,,5.237207533123501,1.6557884427580194,0.0,0,0
3024,2004-02-18,35.333333333333336,0,0,1,0,gas,,,,,,,0,0
3025,2004-02-23,35.345238095238095,1,0,1,0,"gas,gold",336.97030278701646,5.819994804175645,0.0,,,,0,0
3026,2004-02-26,35.357142857142854,0,0,0,1,oil,,,,,,,0,0
3027,2004-03-01,35.36507936507937,0,1,0,1,"oil,silver",,,,4.605790355704796,1.527314284883865,0.0,0,0
3028,2004-03-04,35.37698412698413,1,1,0,1,"gold,oil,silver",333.11035068036466,5.8084738185096025,0.0,4.775568939748617,1.5635131165205078,0.0,0,0
3029,2004-03-09,35.388888888888886,0,1,0,0,silver,,,,4.68348425935981,1.5440423327902166,0.0,0,0
3030,2004-03-12,35.40079365079365,1,0,1,0,"gas,gold",318.4406725679968,5.763436186289485,0.0,,,,0,0
3031,2004-03-17,35.41269841269841,0,0,0,1,oil,,,,,,,0,0
3032,2004-03-22,35.42460317460318,0,1,1,1,"gas,oil,silver",,,,4.936162121356672,1.5965881307469922,0.0,0,0
3033,2004-03-25,35.43650793650794,0,0,0,1,oil,,,,,,,0,0
3034,2004-03-30,35.448412698412696,1,1,0,1,"gold,oil,silver",333.05600585220583,5.808310661581167,0.0,5.036115630208896,1.6166350766430695,0.0,0,0
3035,2004-04-01,35.45634920634921,1,1,0,0,"gold,silver",328.39452447020926,5.794215704084245,0.0,4.843313880688056,1.5775991725305287,0.0,0,0
3036,2004-04-06,35.46825396825397,0,1,0,0,silver,,,,4.867529526992716,1.582586524397378,0.0,0,0
3037,2004-04-09,35.48015873015873,0,0,1,0,gas,,,,,,,0,0
3038,2004-04-14,35.492063492063494,1,0,0,1,"gold,oil",328.5579202509396,5.794713139737046,0.0,,,,0,0
3039,2004-04-19,35.50396825396825,0,0,1,0,gas,,,,,,,0,0
3040,2004-04-22,35.51587301587302,1,0,0,1,"gold,oil",323.620893232331,5.7795727480949495,0.0,,,,0,0
3041,2004-04-27,35.52777777777778,1,1,1,1,"gas,gold,oil,silver",325.7270762015066,5.786059841161878,0.0,4.770881302985088,1.5625310473699667,0.0,0,0
3042,2004-04-29,35.535714285714285,0,1,1,0,"gas,silver",,,,4.8349994828688745,1.5758810219494863,0.0,0,0
3043,2004-05-04,35.54761904761905,0,0,1,1,"gas,oil",,,,,,,0,0
3044,2004-05-07,35.55952380952381,0,0,0,1,oil,,,,,,,0,0
3045,2004-05-12,35.57142857142857,0,1,1,1,"gas,oil,silver",,,,4.661280182682278,1.5392901277234563,0.0,0,0
3046,2004-05-17,35.583333333333336,1,0,0,0,gold,319.383776399641,5.766393440501001,0.0,,,,0,0
3047,2004-05-20,35.595238095238095,0,0,0,1,oil,,,,,,,0,0
3048,2004-05-25,35.607142857142854,0,1,0,0,silver,,,,4.572941941365652,1.5201567486332972,0.0,0,0
3049,2004-05-28,35.61904761904762,1,1,0,0,"gold,silver",319.66310538498465,5.767267645543213,0.0,4.4627299073047455,1.4957606656228566,0.0,0,0
3050,2004-06-01,35.62698412698413,1,1,1,1,"gas,gold,oil,silver",325.72662761959043,5.7860584639898285,0.0,4.63211236678853,1.533012998782268,0.0,0,0
3051,2004-06-04,35.638888888888886,0,1,1,0,"gas,silver",,,,4.523932986329565,1.5093817452196625,0.0,0,0
3052,2004-06-09,35.65079365079365,0,0,1,0,gas,,,,,,,0,0
3053,2004-06-14,35.66269841269841,0,0,1,1,"gas,oil",,,,,,,0,0
3054,2004-06-17,35.67460317460318,1,0,0,1,"gold,oil",334.75767701662375,5.813406917890458,0.0,,,,0,0
3055,2004-06-22,35.68650793650794,1,0,0,0,gold,346.1998809504549,5.847016298866992,0.0,,,,0,0
3056,2004-06-25,35.698412698412696,1,0,0,0,gold,342.8701894855373,5.83735191922289,0.0,,,,0,0
3057,2004-06-30,35.71031746031746,1,1,0,0,"gold,silver",344.47359865138725,5.842017450801113,0.0,5.016529255575236,1.6127383112364018,0.0,0,0
3058,2004-07-02,35.71825396825397,0,0,1,0,gas,,,,,,,0,0
3059,2004-07-07,35.73015873015873,1,0,0,0,gold,342.05342540943684,5.834966939509844,0.0,,,,0,0
3060,2004-07-12,35.742063492063494,1,1,0,1,"gold,oil,silver",351.1893527646885,5.8613255445721535,0.0,5.254034145637282,1.658996190221537,0.0,0,0
3061,2004-07-15,35.75396825396825,1,0,0,1,"gold,oil",356.0298849225423,5.875014673740363,0.0,,,,0,0
3062,2004-07-20,35.76587301587302,1,0,0,0,gold,352.47155474458583,5.864969923236205,0.0,,,,0,0
3063,2004-07-23,35.77777777777778,1,0,0,1,"gold,oil",358.5040340171123,5.881939912464825,0.0,,,,0,0
3064,2004-07-28,35.78968253968254,1,1,0,1,"gold,oil,silver",351.0154156792156,5.860830141815446,0.0,5.082050158248007,1.6257147546343915,0.0,0,0
3065,2004-07-30,35.79761904761905,0,1,1,1,"gas,oil,silver",,,,5.1058987190690015,1.6303964829525668,0.0,0,0
3066,2004-08-04,35.80952380952381,0,1,1,0,"gas,silver",,,,5.039086802242921,1.617224875635214,0.0,0,0
3067,2004-08-09,35.82142857142857,1,0,0,0,gold,362.7344558859376,5.893671040083772,0.0,,,,0,0
3068,2004-08-12,35.833333333333336,0,1,0,0,silver,,,,5.0320276869873055,1.6158230215664893,0.0,0,0
3069,2004-08-17,35.845238095238095,0,1,0,0,silver,,,,4.875422134954985,1.5842066924865963,0.0,0,0
3070,2004-08-20,35.857142857142854,0,0,1,0,gas,,,,,,,0,0
3071,2004-08-25,35.86904761904762,1,1,1,1,"gas,gold,oil,silver",330.2748541074152,5.799925199033687,0.0,4.72464931660981,1.552793339484443,0.0,0,0
3072,2004-08-30,35.88095238095238,0,0,0,1,oil,,,,,,,0,0
3073,2004-09-01,35.888888888888886,0,0,1,0,gas,,,,,,,0,0
3074,2004-09-06,35.90079365079365,1,0,1,1,"gas,gold,oil",325.2842587234456,5.784699442279099,0.0,,,,0,0
3075,2004-09-09,35.91269841269841,1,0,1,1,"gas,gold,oil",333.0989206283496,5.808439504811164,0.0,,,,0,0
3076,2004-09-14,35.92460317460318,1,0,0,0,gold,327.47334586216664,5.791406665082824,0.0,,,,0,0
3077,2004-09-17,35.93650793650794,1,0,0,0,gold,331.6958297747308,5.804218373593995,0.0,,,,0,0
3078,2004-09-22,35.948412698412696,0,0,1,0,gas,,,,,,,0,0
3079,2004-09-27,35.96031746031746,1,0,0,1,"gold,oil",307.97200203323223,5.730008876352187,0.0,,,,0,0
3080,2004-09-30,35.97222222222222,0,1,0,0,silver,,,,4.412779434463788,1.4845047481780915,0.0,0,0
3081,2004-10-04,35.98015873015873,1,1,0,1,"gold,oil,silver",310.11792985244244,5.736952644017123,0.0,4.211559781980179,1.4378330736102471,0.0,0,0
3082,2004-10-07,35.992063492063494,0,0,0,1,oil,,,,,,,0,0
3083,2004-10-13,36.007936507936506,0,1,0,0,silver,,,,,,,1,1
3084,2004-10-18,36.01984126984127,1,1,1,0,"gas,gold,silver",233.56118672320272,5.453444084423163,0.0,,,,1,1
3085,2004-10-19,36.023809523809526,1,0,0,0,gold,229.9240107341848,5.437748866220779,0.0,,,,1,1
3086,2004-10-21,36.03174603174603,1,1,0,1,"gold,oil,silver",231.2002480618929,5.443284209729709,0.0,,,,1,1
3087,2004-10-22,36.035714285714285,0,1,0,1,"oil,silver",,,,,,,1,1
3088,2004-10-28,36.051587301587304,1,0,1,0,"gas,gold",235.66301240540716,5.46240287104915,0.0,,,,1,1
3089,2004-10-29,36.05555555555556,0,1,0,1,"oil,silver",,,,,,,1,1
3090,2004-11-04,36.07142857142857,1,1,0,1,"gold,oil,silver",241.02848737504945,5.484915131380733,0.0,,,,1,1
3091,2004-11-08,36.07936507936508,1,0,0,0,gold,246.21232152965487,5.506194259328495,0.0,,,,1,1
3092,2004-11-09,36.083333333333336,1,1,1,0,"gas,gold,silver",246.07138264381703,5.505621667189069,0.0,,,,1,1
3093,2004-11-12,36.095238095238095,0,1,0,0,silver,,,,,,,1,1
3094,2004-11-17,36.107142857142854,1,0,1,0,"gas,gold",245.43984064689096,5.503051868923836,0.0,,,,1,1
3095,2004-11-23,36.12301587301587,0,1,1,0,"gas,silver",,,,,,,1,1
3096,2004-11-24,36.12698412698413,1,0,0,1,"gold,oil",244.45940676790815,5.499049269642041,0.0,,,,1,1
3097,2004-11-25,36.13095238095238,1,0,0,0,gold,244.81729408898843,5.500512193931226,0.0,,,,1,1
3098,2004-12-01,36.1468253968254,0,1,1,0,"gas,silver",,,,,,,1,1
3099,2004-12-03,36.154761904761905,1,1,1,0,"gas,gold,silver",245.9436961239469,5.505102632190969,0.0,,,,1,1
3100,2004-12-21,36.20238095238095,1,0,1,0,"gas,gold",234.6588309487861,5.458132676089205,0.0,,,,1,1
3101,2004-12-22,36.20634920634921,1,0,1,0,"gas,gold",235.06144182660756,5.459846934552175,0.0,,,,1,1
3102,2004-12-24,36.214285714285715,1,1,0,0,"gold,silver",238.8595191978706,5.475875593334758,0.0,,,,1,1
3103,2004-12-27,36.21825396825397,1,1,1,0,"gas,gold,silver",241.8999988006072,5.488524412657764,0.0,,,,1,1
3104,2004-12-28,36.22222222222222,1,1,1,1,"gas,gold,oil,silver",243.3431633461745,5.494472641971424,0.0,,,,1,1
3105,2005-01-11,36.26190476190476,1,0,0,0,gold,244.3782613138769,5.498717276180511,0.0,,,,1,1
3106,2005-01-13,36.26984126984127,1,0,0,1,"gold,oil",241.99079264230608,5.488899678500264,0.0,,,,1,1
3107,2005-01-17,36.27777777777778,1,1,0,0,"gold,silver",246.49601787814225,5.50734583869969,0.0,,,,1,1
3108,2005-01-18,36.28174603174603,1,0,0,0,gold,248.9099374331006,5.517091133980729,0.0,,,,1,1
3109,2005-01-19,36.285714285714285,1,1,0,0,"gold,silver",246.97618190478676,5.509291902443074,0.0,,,,1,1
3110,2005-01-24,36.29761904761905,1,0,0,0,gold,251.65419423734556,5.528055900031005,0.0,,,,1,1
3111,2005-01-26,36.30555555555556,1,1,0,0,"gold,silver",255.83843665670463,5.544546138438084,0.0,,,,1,1
3112,2005-02-02,36.32539682539682,1,0,0,0,gold,261.22084577345373,5.5653662019262855,0.0,,,,1,1
3113,2005-02-04,36.333333333333336,1,1,0,0,"gold,silver",260.97644392071777,5.564430150072304,0.0,,,,1,1
3114,2005-02-07,36.33730158730159,1,1,1,0,"gas,gold,silver",262.8675672517568,5.571650358784347,0.0,,,,1,1
3115,2005-02-08,36.34126984126984,1,1,0,1,"gold,oil,silver",262.3183053920497,5.569558672436424,0.0,,,,1,1
3116,2005-02-14,36.357142857142854,1,1,1,0,"gas,gold,silver",260.0290297299175,5.560793277590192,0.0,,,,1,1
3117,2005-02-15,36.361111111111114,1,0,0,0,gold,257.5994233538778,5.55140575569461,0.0,,,,1,1
3118,2005-02-23,36.38492063492063,1,0,0,0,gold,265.36462364706824,5.581104818541372,0.0,,,,1,1
3119,2005-02-24,36.388888888888886,0,1,0,0,silver,,,,,,,1,1
3120,2005-03-04,36.41269841269841,1,0,0,0,gold,267.65815785313544,5.5897106359307935,0.0,,,,1,1
3121,2005-03-09,36.42460317460318,1,0,0,0,gold,268.9003032349732,5.594340690960956,0.0,,,,1,1
3122,2005-03-10,36.42857142857143,0,0,1,0,gas,,,,,,,1,1
3123,2005-03-15,36.44047619047619,1,1,0,0,"gold,silver",272.5215407749106,5.607717659694382,0.0,,,,1,1
3124,2005-03-17,36.448412698412696,1,1,1,0,"gas,gold,silver",272.6062658345002,5.608028504451316,0.0,,,,1,1
3125,2005-03-24,36.46825396825397,1,0,0,1,"gold,oil",271.9660288419272,5.605677164532594,0.0,,,,1,1
3126,2005-03-29,36.48015873015873,0,0,0,1,oil,,,,,,,1,1
3127,2005-03-31,36.48809523809524,1,0,0,1,"gold,oil",277.74439147941536,5.62670123562249,0.0,,,,1,1
3128,2005-04-05,36.5,1,0,0,0,gold,275.7234728453307,5.61939845348916,0.0,,,,1,1
3129,2005-04-12,36.51984126984127,0,0,1,0,gas,,,,,,,1,1
3130,2005-04-13,36.523809523809526,1,0,0,0,gold,284.7927097745749,5.651761581508561,0.0,,,,1,1
3131,2005-04-14,36.52777777777778,1,0,0,0,gold,286.92437762223443,5.65921868843389,0.0,,,,1,1
3132,2005-04-15,36.53174603174603,0,1,0,0,silver,,,,,,,1,1
3133,2005-04-21,36.54761904761905,1,0,0,0,gold,285.2861454128938,5.653492695571306,0.0,,,,1,1
3134,2005-04-22,36.551587301587304,1,0,0,0,gold,284.04120793229845,5.649119325988622,0.0,,,,1,1
3135,2005-04-29,36.57142857142857,1,0,0,0,gold,279.3745055500023,5.632553195522875,0.0,,,,1,1
3136,2005-05-09,36.595238095238095,0,1,0,0,silver,,,,,,,1,1
3137,2005-05-19,36.62698412698413,0,1,0,0,silver,,,,,,,1,1
3138,2005-05-20,36.63095238095238,1,1,0,1,"gold,oil,silver",273.0023027661747,5.609480230190318,0.0,,,,1,1
3139,2005-05-24,36.638888888888886,0,1,0,0,silver,,,,,,,1,1
3140,2005-05-25,36.642857142857146,1,0,0,1,"gold,oil",268.07847713696043,5.591279762783856,0.0,,,,1,1
3141,2005-06-01,36.66269841269841,0,1,0,1,"oil,silver",,,,,,,1,1
3142,2005-06-08,36.682539682539684,1,0,0,0,gold,275.18087410655806,5.61742860548477,0.0,,,,1,1
3143,2005-06-09,36.68650793650794,1,0,0,1,"gold,oil",274.48526171503204,5.614897568123933,0.0,,,,1,1
3144,2005-06-10,36.69047619047619,1,1,0,0,"gold,silver",272.55919721175104,5.607855827984971,0.0,,,,1,1
3145,2005-06-13,36.69444444444444,1,1,1,1,"gas,gold,oil,silver",271.3772878062682,5.603510058586755,0.0,,,,1,1
3146,2005-06-20,36.714285714285715,1,0,0,0,gold,274.3906026515116,5.614552648368468,0.0,,,,1,1
3147,2005-06-22,36.72222222222222,0,0,0,1,oil,,,,,,,1,1
3148,2005-06-24,36.73015873015873,0,1,0,0,silver,,,,,,,1,1
3149,2005-06-27,36.73412698412698,1,0,0,0,gold,261.0323394179287,5.564644305462821,0.0,,,,1,1
3150,2005-07-01,36.75,1,0,0,0,gold,270.2052941504009,5.59918201878493,0.0,,,,1,1
3151,2005-07-07,36.76587301587302,1,0,0,1,"gold,oil",272.72724240014594,5.608472183652405,0.0,,,,1,1
3152,2005-07-08,36.76984126984127,1,0,0,0,gold,271.6763808950077,5.604611581829189,0.0,,,,1,1
3153,2005-07-14,36.785714285714285,0,1,0,1,"oil,silver",,,,,,,1,1
3154,2005-07-21,36.80555555555556,0,1,0,0,silver,,,,,,,1,1
3155,2005-07-22,36.80952380952381,1,0,0,0,gold,282.63233488493285,5.64414688297232,0.0,,,,1,1
3156,2005-07-25,36.81349206349206,1,1,0,0,"gold,silver",277.7979094113099,5.626893904774684,0.0,,,,1,1
3157,2005-07-26,36.817460317460316,1,0,0,1,"gold,oil",273.9385557970807,5.612903832324759,0.0,,,,1,1
3158,2005-08-02,36.83730158730159,1,1,0,0,"gold,silver",274.1388005175386,5.613634549356071,0.0,,,,1,1
3159,2005-08-03,36.84126984126984,0,1,0,0,silver,,,,,,,1,1
3160,2005-08-04,36.845238095238095,0,1,0,0,silver,,,,,,,1,1
3161,2005-08-05,36.84920634920635,1,0,0,1,"gold,oil",273.5810732875482,5.611598006774987,0.0,,,,1,1
3162,2005-08-08,36.8531746031746,1,0,1,0,"gas,gold",277.06937838216675,5.624267938300125,0.0,,,,1,1
3163,2005-08-09,36.857142857142854,1,0,0,0,gold,276.1677918625284,5.62100862252646,0.0,,,,1,1
3164,2005-08-12,36.86904761904762,1,1,0,0,"gold,silver",276.125875773181,5.620856833390049,0.0,,,,1,1
3165,2005-08-16,36.87698412698413,0,1,0,0,silver,,,,,,,1,1
3166,2005-08-19,36.888888888888886,0,1,0,1,"oil,silver",,,,,,,1,1
3167,2005-08-25,36.904761904761905,1,0,0,0,gold,286.1706465911362,5.656588299287804,0.0,,,,1,1
3168,2005-09-05,36.932539682539684,1,1,1,1,"gas,gold,oil,silver",286.0515454427374,5.65617202340135,0.0,,,,1,1
3169,2005-09-07,36.94047619047619,1,0,0,0,gold,290.073552109421,5.670134518785906,0.0,,,,1,1
3170,2005-09-16,36.96825396825397,1,1,1,0,"gas,gold,silver",294.7973019755859,5.68628800822305,0.0,,,,1,1
3171,2005-09-23,36.98809523809524,1,0,0,0,gold,291.5414452192506,5.675182174823847,0.0,,,,1,1
3172,2005-10-03,37.01190476190476,0,1,0,0,silver,,,,,,,1,1
3173,2005-10-05,37.01984126984127,0,1,0,0,silver,,,,,,,1,1
3174,2005-10-12,37.03968253968254,0,0,0,1,oil,,,,,,,1,1
3175,2005-10-14,37.04761904761905,1,1,0,1,"gold,oil,silver",285.59842779932046,5.654586725545937,0.0,,,,1,1
3176,2005-10-19,37.05952380952381,1,0,0,0,gold,284.2466086647975,5.649842201740818,0.0,,,,1,1
3177,2005-10-21,37.067460317460316,0,1,0,1,"oil,silver",,,,,,,1,1
3178,2005-10-26,37.07936507936508,1,0,1,0,"gas,gold",285.1975755021476,5.653182187459644,0.0,,,,1,1
3179,2005-10-27,37.083333333333336,1,1,0,1,"gold,oil,silver",286.6095995363706,5.658121009377352,0.0,,,,1,1
3180,2005-11-24,37.16269841269841,1,0,0,0,gold,312.818281957726,5.745622453119659,0.0,,,,1,1
3181,2005-11-28,37.17063492063492,1,0,0,0,gold,309.3986139856242,5.734630458444459,0.0,,,,1,1
3182,2005-11-30,37.17857142857143,1,0,0,0,gold,310.26033825923486,5.737411745880015,0.0,,,,1,1
3183,2005-12-01,37.182539682539684,1,1,0,0,"gold,silver",310.0590523125705,5.736762770668895,0.0,,,,1,1
3184,2005-12-05,37.19047619047619,1,1,0,0,"gold,silver",313.2723511038374,5.747072943517516,0.0,,,,1,1
3185,2005-12-06,37.19444444444444,1,1,0,0,"gold,silver",308.91049529450504,5.733051575697321,0.0,,,,1,1
3186,2005-12-07,37.198412698412696,1,0,0,0,gold,301.0643123817341,5.707323904324104,0.0,,,,1,1
3187,2005-12-09,37.20634920634921,1,0,0,1,"gold,oil",291.2040848822152,5.674024343979003,0.0,,,,1,1
3188,2005-12-12,37.21031746031746,1,0,0,0,gold,290.44487039884586,5.671413783407551,0.0,,,,1,1
3189,2005-12-13,37.214285714285715,1,0,1,1,"gas,gold,oil",291.89302191719315,5.676387371843569,0.0,,,,1,1
3190,2005-12-15,37.22222222222222,1,0,0,0,gold,291.17272154891776,5.673916635935065,0.0,,,,1,1
3191,2005-12-20,37.23412698412698,1,0,0,0,gold,290.6531815501917,5.672130740415306,0.0,,,,1,1
3192,2005-12-26,37.25,1,1,1,1,"gas,gold,oil,silver",288.3609519042212,5.664213000627549,0.0,,,,1,1
3193,2005-12-30,37.26587301587302,1,0,0,0,gold,289.86381501434937,5.669411209283516,0.0,,,,1,1
3194,2006-01-02,37.26984126984127,1,0,0,0,gold,285.45145792917714,5.654071989873761,0.0,,,,1,1
3195,2006-01-05,37.28174603174603,1,1,0,0,"gold,silver",286.21044155904946,5.65672734989168,0.0,,,,1,1
3196,2006-01-06,37.285714285714285,0,1,0,0,silver,,,,,,,1,1
3197,2006-01-10,37.29365079365079,1,0,0,0,gold,289.4003986901646,5.667811191840404,0.0,,,,1,1
3198,2006-01-12,37.301587301587304,1,1,1,1,"gas,gold,oil,silver",288.0072891180356,5.662985789253291,0.0,,,,1,1
3199,2006-01-13,37.30555555555556,1,0,0,1,"gold,oil",286.45164418353335,5.657569740700335,0.0,,,,1,1
3200,2006-01-18,37.317460317460316,0,0,1,0,gas,,,,,,,1,1
3201,2006-01-19,37.32142857142857,0,0,1,0,gas,,,,,,,1,1
3202,2006-01-20,37.32539682539682,1,0,0,1,"gold,oil",299.97060445512307,5.703684484705753,0.0,,,,1,1
3203,2006-01-23,37.32936507936508,1,0,0,0,gold,304.43722550444664,5.718464909918058,0.0,,,,1,1
3204,2006-02-08,37.37698412698413,1,0,0,0,gold,321.1335688723434,5.771857138989471,0.0,,,,1,1
3205,2006-02-14,37.392857142857146,1,1,1,0,"gas,gold,silver",320.7147707922213,5.770552163612347,0.0,,,,1,1
3206,2006-02-15,37.3968253968254,1,1,1,1,"gas,gold,oil,silver",322.66026585058864,5.776599961171796,0.0,,,,1,1
3207,2006-02-16,37.40079365079365,0,1,1,1,"gas,oil,silver",,,,,,,1,1
3208,2006-02-17,37.404761904761905,1,0,0,0,gold,319.7977318499823,5.7676887079731465,0.0,,,,1,1
3209,2006-02-20,37.40873015873016,1,0,0,0,gold,320.1402633638812,5.768759222770432,0.0,,,,1,1
3210,2006-02-22,37.416666666666664,0,0,1,0,gas,,,,,,,1,1
3211,2006-02-23,37.42063492063492,0,0,0,1,oil,,,,,,,1,1
3212,2006-02-28,37.432539682539684,0,1,0,0,silver,,,,,,,1,1
3213,2006-03-01,37.43650793650794,0,1,0,0,silver,,,,,,,1,1
3214,2006-03-09,37.46031746031746,1,1,0,0,"gold,silver",316.9229278997027,5.75865861466254,0.0,,,,1,1
3215,2006-03-13,37.46825396825397,1,1,0,0,"gold,silver",328.1652703125399,5.793517354386903,0.0,,,,1,1
3216,2006-03-22,37.49603174603175,1,0,0,0,gold,315.7642010768645,5.754995735917924,0.0,,,,1,1
3217,2006-03-24,37.50396825396825,0,1,0,0,silver,,,,,,,1,1
3218,2006-03-28,37.51190476190476,0,1,0,0,silver,,,,,,,1,1
3219,2006-03-30,37.51984126984127,1,0,0,0,gold,315.39039245122046,5.753811212591359,0.0,,,,1,1
3220,2006-03-31,37.523809523809526,1,0,0,0,gold,311.35302176856175,5.740927386646543,0.0,,,,1,1
3221,2006-04-04,37.53174603174603,1,0,1,0,"gas,gold",312.20042479455986,5.74364536872922,0.0,,,,1,1
3222,2006-04-06,37.53968253968254,0,0,1,1,"gas,oil",,,,,,,1,1
3223,2006-04-07,37.54365079365079,0,1,0,0,silver,,,,,,,1,1
3224,2006-04-11,37.551587301587304,1,0,0,0,gold,312.131906605034,5.743425876044459,0.0,,,,1,1
3225,2006-04-26,37.595238095238095,0,0,1,0,gas,,,,,,,1,1
3226,2006-04-28,37.6031746031746,1,0,0,0,gold,302.5025442325682,5.712089688121703,0.0,,,,1,1
3227,2006-05-03,37.61507936507937,1,1,1,1,"gas,gold,oil,silver",301.42750544991645,5.708529540986468,0.0,,,,1,1
3228,2006-05-04,37.61904761904762,1,1,0,0,"gold,silver",298.32036977834207,5.698167975405672,0.0,,,,1,1
3229,2006-05-09,37.63095238095238,1,1,1,0,"gas,gold,silver",294.8595262724112,5.686499060801687,0.0,,,,1,1
3230,2006-05-10,37.63492063492063,1,0,0,0,gold,292.56130450421955,5.678674232760018,0.0,,,,1,1
3231,2006-05-12,37.642857142857146,1,1,0,0,"gold,silver",294.213559176914,5.684305895402089,0.0,,,,1,1
3232,2006-05-22,37.666666666666664,1,0,1,0,"gas,gold",298.81567022242564,5.699826895733684,0.0,,,,1,1
3233,2006-05-24,37.67460317460318,0,0,0,1,oil,,,,,,,1,1
3234,2006-05-25,37.67857142857143,1,0,0,0,gold,303.8586307487704,5.716562562814361,0.0,,,,1,1
3235,2006-05-31,37.69444444444444,1,1,0,0,"gold,silver",309.3221400383615,5.734383258242576,0.0,,,,1,1
3236,2006-06-02,37.70238095238095,1,0,0,0,gold,308.70105184981395,5.732373338855124,0.0,,,,1,1
3237,2006-06-12,37.726190476190474,0,0,1,0,gas,,,,,,,1,1
3238,2006-06-14,37.73412698412698,1,0,0,0,gold,317.8672223158818,5.761633755698962,0.0,,,,1,1
3239,2006-06-22,37.757936507936506,1,0,0,1,"gold,oil",312.1818537997127,5.743585882752474,0.0,,,,1,1
3240,2006-06-23,37.76190476190476,0,1,0,0,silver,,,,,,,1,1
3241,2006-06-30,37.78174603174603,1,1,1,0,"gas,gold,silver",307.4781566047928,5.728404049291869,0.0,,,,1,1
3242,2006-07-03,37.785714285714285,1,1,0,0,"gold,silver",305.8056786536376,5.722949863151314,0.0,,,,1,1
3243,2006-07-04,37.78968253968254,0,1,0,0,silver,,,,,,,1,1
3244,2006-07-05,37.79365079365079,1,0,0,0,gold,303.3003512738592,5.714723572866826,0.0,,,,1,1
3245,2006-07-06,37.79761904761905,1,0,0,0,gold,301.55881534146584,5.708965072901861,0.0,,,,1,1
3246,2006-07-11,37.80952380952381,1,0,0,0,gold,308.2259911653292,5.730833251469551,0.0,,,,1,1
3247,2006-07-12,37.81349206349206,1,0,1,0,"gas,gold",310.12514440193183,5.736975907636788,0.0,,,,1,1
3248,2006-07-17,37.82539682539682,1,0,1,1,"gas,gold,oil",322.6714988382192,5.776634774234615,0.0,,,,1,1
3249,2006-07-24,37.845238095238095,1,1,1,0,"gas,gold,silver",312.5095281332026,5.744634958737893,0.0,,,,1,1
3250,2006-08-18,37.92063492063492,1,1,0,1,"gold,oil,silver",316.86145394365445,5.758464624535923,0.0,,,,1,1
3251,2006-08-21,37.92460317460318,1,1,1,1,"gas,gold,oil,silver",323.8898421872132,5.780403464732179,0.0,,,,1,1
3252,2006-08-24,37.93650793650794,0,0,1,0,gas,,,,,,,1,1
3253,2006-08-25,37.94047619047619,1,1,0,0,"gold,silver",321.43451082996506,5.772793824110103,0.0,,,,1,1
3254,2006-08-28,37.94444444444444,1,0,0,0,gold,324.9785084636971,5.783759052339189,0.0,,,,1,1
3255,2006-09-06,37.97222222222222,0,0,1,1,"gas,oil",,,,,,,1,1
3256,2006-09-13,37.992063492063494,1,0,0,0,gold,308.33092252369926,5.731173629971692,0.0,,,,1,1
3257,2006-09-14,37.99603174603175,1,0,0,1,"gold,oil",308.21354114731207,5.7307928581548255,0.0,,,,1,1
3258,2006-09-19,38.007936507936506,1,0,0,0,gold,299.45108971955153,5.701951097773984,0.0,,,,1,1
3259,2006-09-20,38.01190476190476,1,0,0,1,"gold,oil",301.1375290635784,5.707567067586539,0.0,,,,1,1
3260,2006-09-26,38.02777777777778,1,1,1,0,"gas,gold,silver",296.8142064619869,5.693106375585673,0.0,,,,1,1
3261,2006-10-06,38.05952380952381,1,0,0,0,gold,296.61443190123464,5.692433086312509,0.0,,,,1,1
3262,2006-10-09,38.06349206349206,1,0,0,0,gold,293.3146755236494,5.681246010611807,0.0,,,,1,1
3263,2006-10-24,38.107142857142854,0,0,1,0,gas,,,,,,,1,1
3264,2006-10-30,38.12301587301587,1,1,0,0,"gold,silver",300.7428099723192,5.706255447577554,0.0,,,,1,1
3265,2006-11-01,38.13095238095238,1,1,0,0,"gold,silver",303.1902902816629,5.7143606291184375,0.0,,,,1,1
3266,2006-11-06,38.142857142857146,0,0,1,0,gas,,,,,,,1,1
3267,2006-11-09,38.154761904761905,1,0,0,0,gold,305.3671994873318,5.721514985206891,0.0,,,,1,1
3268,2006-11-14,38.166666666666664,1,1,0,0,"gold,silver",304.4423842229436,5.718481854872084,0.0,,,,1,1
3269,2006-11-17,38.17857142857143,1,0,0,0,gold,304.7193059940538,5.719391044647585,0.0,,,,1,1
3270,2006-11-20,38.182539682539684,1,1,0,0,"gold,silver",306.1698136197289,5.724139894496235,0.0,,,,1,1
3271,2006-11-23,38.19444444444444,0,1,1,0,"gas,silver",,,,,,,1,1
3272,2006-12-04,38.22222222222222,0,1,0,0,silver,,,,,,,1,1
3273,2006-12-07,38.23412698412698,1,1,1,0,"gas,gold,silver",301.40519014537733,5.708455506168143,0.0,,,,1,1
3274,2006-12-11,38.242063492063494,1,0,0,0,gold,291.8693695006508,5.676306337447031,0.0,,,,1,1
3275,2006-12-13,38.25,0,1,0,0,silver,,,,,,,1,1
3276,2006-12-18,38.26190476190476,1,0,0,0,gold,295.01243206653584,5.687017498050272,0.0,,,,1,1
3277,2006-12-25,38.28174603174603,1,0,1,0,"gas,gold",302.8372956731206,5.713195683308563,0.0,,,,1,1
3278,2006-12-27,38.28968253968254,1,0,0,0,gold,310.4608122041313,5.738057684726201,0.0,,,,1,1
3279,2006-12-29,38.29761904761905,0,0,1,0,gas,,,,,,,1,1
3280,2007-01-02,38.30555555555556,1,0,1,0,"gas,gold",301.5515693945075,5.708941044308946,0.0,,,,1,1
3281,2007-01-03,38.30952380952381,0,0,0,1,oil,,,,,,,1,1
3282,2007-01-04,38.31349206349206,1,0,1,0,"gas,gold",301.47069892811936,5.708672827126526,0.0,,,,1,1
3283,2007-01-15,38.34126984126984,1,1,0,0,"gold,silver",297.6231451361461,5.695828072569702,0.0,,,,1,1
3284,2007-01-24,38.36904761904762,1,0,0,0,gold,300.484440256204,5.705395973121193,0.0,,,,1,1
3285,2007-01-25,38.37301587301587,1,0,0,0,gold,303.7139393713779,5.716086269488284,0.0,,,,1,1
3286,2007-01-29,38.38095238095238,1,0,0,0,gold,303.46094305570625,5.715252913769411,0.0,,,,1,1
3287,2007-02-01,38.392857142857146,1,0,0,0,gold,304.8706389835323,5.71988755215672,0.0,,,,1,1
3288,2007-02-07,38.40873015873016,0,0,1,0,gas,,,,,,,1,1
3289,2007-02-12,38.42063492063492,1,0,0,0,gold,312.9458622164352,5.746030211415383,0.0,,,,1,1
3290,2007-02-14,38.42857142857143,1,1,0,1,"gold,oil,silver",316.22890101332695,5.756466321652715,0.0,,,,1,1
3291,2007-02-20,38.44444444444444,1,1,0,0,"gold,silver",312.9732916076147,5.746117856572204,0.0,,,,1,1
3292,2007-02-22,38.45238095238095,1,0,0,0,gold,311.46827674814136,5.741297492746542,0.0,,,,1,1
3293,2007-02-23,38.45634920634921,1,0,1,0,"gas,gold",305.9291516418072,5.723353544562708,0.0,,,,1,1
3294,2007-02-27,38.464285714285715,0,1,0,0,silver,,,,,,,1,1
3295,2007-02-28,38.46825396825397,0,0,0,1,oil,,,,,,,1,1
3296,2007-03-02,38.476190476190474,1,1,1,0,"gas,gold,silver",297.0191029412069,5.693796456401642,0.0,,,,1,1
3297,2007-03-13,38.50396825396825,0,0,1,0,gas,,,,,,,1,1
3298,2007-03-15,38.51190476190476,1,0,0,0,gold,308.4619794708276,5.731598592543981,0.0,,,,1,1
3299,2007-03-16,38.51587301587302,1,0,0,0,gold,310.61696724186567,5.7385605365305725,0.0,,,,1,1
3300,2007-03-19,38.51984126984127,1,0,0,0,gold,312.3106919703651,5.743998499919334,0.0,,,,1,1
3301,2007-03-20,38.523809523809526,0,0,1,0,gas,,,,,,,1,1
3302,2007-03-26,38.53968253968254,1,1,1,1,"gas,gold,oil,silver",307.97898044865264,5.730031535348176,0.0,,,,1,1
3303,2007-03-28,38.54761904761905,0,0,1,0,gas,,,,,,,1,1
3304,2007-03-29,38.551587301587304,1,1,1,0,"gas,gold,silver",315.9550113798512,5.755599834400373,0.0,,,,1,1
3305,2007-04-02,38.55952380952381,1,1,1,0,"gas,gold,silver",320.73388360320206,5.770611756257387,0.0,,,,1,1
3306,2007-04-05,38.57142857142857,1,0,0,0,gold,320.61990886759537,5.770256337023434,0.0,,,,1,1
3307,2007-04-06,38.57539682539682,1,0,0,0,gold,327.2085098977189,5.790597612635246,0.0,,,,1,1
3308,2007-04-11,38.58730158730159,0,0,1,0,gas,,,,,,,1,1
3309,2007-04-17,38.6031746031746,1,1,0,0,"gold,silver",324.1423435509262,5.781182751261609,0.0,,,,1,1
3310,2007-04-20,38.61507936507937,1,0,0,0,gold,320.11929886153973,5.768693735260097,0.0,,,,1,1
3311,2007-04-23,38.61904761904762,1,1,0,1,"gold,oil,silver",321.46359338888345,5.7728842974176064,0.0,,,,1,1
3312,2007-04-27,38.63492063492063,0,0,1,0,gas,,,,,,,0,0
3313,2007-05-02,38.6468253968254,0,1,0,1,"oil,silver",,,,4.604729205797104,1.527083863591059,0.0,0,0
3314,2007-05-07,38.65873015873016,1,0,0,1,"gold,oil",322.13315445695747,5.774964983225524,0.0,,,,0,0
3315,2007-05-10,38.67063492063492,1,0,0,0,gold,321.0904776668191,5.771722945304818,0.0,,,,0,0
3316,2007-05-15,38.68253968253968,0,1,0,0,silver,,,,4.39116064231521,1.4795935753593064,0.0,0,0
3317,2007-05-17,38.69047619047619,0,1,0,0,silver,,,,4.231734499900849,1.4426119562696682,0.0,0,0
3318,2007-05-22,38.70238095238095,0,1,0,0,silver,,,,4.286494127005404,1.4554691790215168,0.0,0,0
3319,2007-05-25,38.71428571428572,0,1,0,1,"oil,silver",,,,4.433779101418989,1.4892522906971204,0.0,0,0
3320,2007-05-30,38.72619047619048,1,1,1,0,"gas,gold,silver",326.96757396409765,5.789861003791055,0.0,4.514310807772499,1.507252530205885,0.0,0,0
3321,2007-06-04,38.73809523809524,1,0,0,0,gold,339.00079805018646,5.826002461508023,0.0,,,,0,0
3322,2007-06-07,38.75,0,1,0,0,silver,,,,4.640007283886337,1.5347159360400218,0.0,0,0
3323,2007-06-12,38.76190476190476,1,0,0,0,gold,328.6276797355,5.794925437404018,0.0,,,,0,0
3324,2007-06-15,38.773809523809526,0,0,1,0,gas,,,,,,,0,0
3325,2007-06-19,38.78174603174603,1,1,0,1,"gold,oil,silver",331.2360277722828,5.802831196100728,0.0,4.961833688127117,1.601775367603327,0.0,0,0
3326,2007-06-22,38.79365079365079,0,0,1,1,"gas,oil",,,,,,,0,0
3327,2007-06-27,38.80555555555556,1,1,1,1,"gas,gold,oil,silver",321.0635206503649,5.771638987199626,0.0,4.584431471255756,1.5226661004750055,0.0,0,0
3328,2007-07-02,38.81746031746032,0,1,0,0,silver,,,,4.840066526565196,1.576928465792175,0.0,0,0
3329,2007-07-09,38.83730158730159,0,1,0,0,silver,,,,,,,1,1
3330,2007-07-13,38.8531746031746,0,0,1,0,gas,,,,,,,1,1
3331,2007-07-17,38.861111111111114,1,0,0,1,"gold,oil",297.99293561396524,5.697069780231008,0.0,,,,1,1
3332,2007-07-18,38.86507936507937,1,1,0,0,"gold,silver",290.534912126005,5.671723748506469,0.0,,,,1,1
3333,2007-07-19,38.86904761904762,1,0,0,0,gold,291.02407217014286,5.673405985984365,0.0,,,,1,1
3334,2007-07-25,38.88492063492063,1,0,0,0,gold,290.40569523778885,5.671278894458709,0.0,,,,1,1
3335,2007-08-06,38.916666666666664,1,0,0,0,gold,282.0808190839078,5.642193622374456,0.0,,,,1,1
3336,2007-08-07,38.92063492063492,1,0,0,0,gold,284.379459872921,5.650309472651849,0.0,,,,1,1
3337,2007-08-13,38.93650793650794,1,1,0,0,"gold,silver",278.2658033016009,5.628576783876556,0.0,,,,1,1
3338,2007-08-14,38.94047619047619,1,1,0,1,"gold,oil,silver",274.5354803694555,5.6150805071304735,0.0,,,,1,1
3339,2007-08-22,38.964285714285715,1,0,0,0,gold,274.62405025203867,5.615403072353919,0.0,,,,1,1
3340,2007-08-24,38.97222222222222,1,0,0,0,gold,273.7484915181224,5.612209770679446,0.0,,,,1,1
3341,2007-08-28,38.98015873015873,1,0,0,0,gold,274.9444917715263,5.61656922918896,0.0,,,,1,1
3342,2007-08-31,38.992063492063494,1,0,1,0,"gas,gold",278.40611814332897,5.629080904308338,0.0,,,,1,1
3343,2007-09-04,39.0,1,1,0,0,"gold,silver",284.33500937658056,5.650153153448332,0.0,,,,1,1
3344,2007-09-06,39.007936507936506,0,1,1,0,"gas,silver",,,,,,,1,1
3345,2007-09-10,39.01587301587302,0,0,0,1,oil,,,,,,,1,1
3346,2007-09-24,39.05555555555556,0,1,0,0,silver,,,,,,,1,1
3347,2007-10-05,39.09126984126984,1,0,0,0,gold,288.60468278047034,5.665057872058688,0.0,,,,1,1
3348,2007-10-08,39.095238095238095,1,0,0,0,gold,286.9811415309706,5.659416504649371,0.0,,,,1,1
3349,2007-10-10,39.1031746031746,1,0,0,1,"gold,oil",293.0877246810583,5.680471965847177,0.0,,,,1,1
3350,2007-10-11,39.107142857142854,1,0,1,0,"gas,gold",299.3224202204888,5.701521320908751,0.0,,,,1,1
3351,2007-10-16,39.11904761904762,1,0,0,0,gold,295.72056770250293,5.689414980416879,0.0,,,,1,1
3352,2007-10-17,39.12301587301587,1,0,0,1,"gold,oil",295.1189597290592,5.6873785283738965,0.0,,,,1,1
3353,2007-10-18,39.12698412698413,1,1,1,0,"gas,gold,silver",296.84464213555816,5.693208911490494,0.0,,,,1,1
3354,2007-10-19,39.13095238095238,1,1,1,0,"gas,gold,silver",296.1351746163234,5.690816021082687,0.0,,,,1,1
3355,2007-10-22,39.13492063492063,1,0,1,1,"gas,gold,oil",303.87859224486243,5.716628254022153,0.0,,,,1,1
3356,2007-10-23,39.138888888888886,1,1,0,0,"gold,silver",299.16304418390024,5.7009887230435226,0.0,,,,1,1
3357,2007-10-24,39.142857142857146,1,1,0,0,"gold,silver",304.8954905265165,5.7199690638766905,0.0,,,,1,1
3358,2007-10-29,39.154761904761905,1,0,1,0,"gas,gold",296.98357591119554,5.693676837311296,0.0,,,,1,1
3359,2007-10-30,39.15873015873016,1,0,0,0,gold,295.4990916093116,5.688665762761264,0.0,,,,1,1
3360,2007-11-01,39.166666666666664,1,1,0,0,"gold,silver",299.8364183355858,5.70323705372653,0.0,,,,1,1
3361,2007-11-02,39.17063492063492,0,0,0,1,oil,,,,,,,1,1
3362,2007-11-07,39.182539682539684,0,1,1,1,"gas,oil,silver",,,,,,,1,1
3363,2007-11-16,39.21031746031746,1,0,0,0,gold,295.16448715289056,5.687532784516982,0.0,,,,1,1
3364,2007-11-19,39.214285714285715,1,0,0,0,gold,291.46789094804166,5.674929848601826,0.0,,,,1,1
3365,2007-11-20,39.21825396825397,0,1,0,0,silver,,,,,,,1,1
3366,2007-11-21,39.22222222222222,1,1,0,0,"gold,silver",293.0569152073113,5.680366840007312,0.0,,,,1,1
3367,2007-11-22,39.226190476190474,1,0,0,0,gold,295.01385480669944,5.6870223206834165,0.0,,,,1,1
3368,2007-11-23,39.23015873015873,1,1,1,0,"gas,gold,silver",293.4439912656936,5.681686790617139,0.0,,,,1,1
3369,2007-11-26,39.23412698412698,1,0,0,0,gold,293.6240332535808,5.682300150520973,0.0,,,,1,1
3370,2007-12-11,39.27777777777778,0,0,1,0,gas,,,,,,,1,1
3371,2007-12-12,39.28174603174603,1,0,0,0,gold,293.7106189773834,5.682594993415398,0.0,,,,1,1
3372,2007-12-13,39.285714285714285,1,0,0,0,gold,291.34922869165297,5.674522646225541,0.0,,,,1,1
3373,2007-12-14,39.28968253968254,1,0,0,1,"gold,oil",288.6990256007449,5.665384711535881,0.0,,,,1,1
3374,2007-12-19,39.301587301587304,1,1,0,0,"gold,silver",286.8174836172132,5.6588460678758326,0.0,,,,1,1
3375,2007-12-24,39.31349206349206,1,0,0,0,gold,290.1190875343592,5.670291485358455,0.0,,,,1,1
3376,2007-12-25,39.317460317460316,1,0,0,1,"gold,oil",289.57461921930434,5.668413015853561,0.0,,,,1,1
3377,2008-01-01,39.33730158730159,1,0,1,1,"gas,gold,oil",293.7907843365959,5.6828678961157415,0.0,,,,1,1
3378,2008-01-02,39.34126984126984,1,0,0,0,gold,293.2124996510792,5.680897600928749,0.0,,,,1,1
3379,2008-01-03,39.345238095238095,0,0,1,0,gas,,,,,,,1,1
3380,2008-01-09,39.361111111111114,1,0,0,0,gold,293.7276956336828,5.682653132817883,0.0,,,,1,1
3381,2008-01-14,39.37301587301587,0,1,0,0,silver,,,,,,,1,1
3382,2008-01-16,39.38095238095238,0,0,0,1,oil,,,,,,,1,1
3383,2008-01-17,39.38492063492063,1,1,0,0,"gold,silver",281.5092025301749,5.640165138093983,0.0,,,,1,1
3384,2008-01-23,39.40079365079365,1,0,0,0,gold,282.64530014463423,5.644192755155829,0.0,,,,1,1
3385,2008-01-25,39.40873015873016,1,0,0,0,gold,284.1232029046498,5.649407957136074,0.0,,,,1,1
3386,2008-02-01,39.42857142857143,1,0,0,0,gold,275.9205108017227,5.62011281989435,0.0,,,,1,1
3387,2008-02-06,39.44047619047619,1,0,0,0,gold,276.6792994987382,5.622859071918922,0.0,,,,1,1
3388,2008-02-13,39.46031746031746,0,1,0,0,silver,,,,,,,1,1
3389,2008-02-14,39.464285714285715,1,0,0,0,gold,278.62829496884547,5.629878617455204,0.0,,,,1,1
3390,2008-02-15,39.46825396825397,1,0,0,0,gold,276.0817632953877,5.620697065669481,0.0,,,,1,1
3391,2008-02-19,39.476190476190474,1,0,1,0,"gas,gold",274.8071581676505,5.616069608653951,0.0,,,,1,1
3392,2008-02-20,39.48015873015873,1,0,1,1,"gas,gold,oil",275.3242270030146,5.617949410466987,0.0,,,,1,1
3393,2008-02-28,39.50396825396825,1,0,0,0,gold,286.6623942625106,5.658305196732954,0.0,,,,1,1
3394,2008-02-29,39.507936507936506,1,0,0,0,gold,286.9766281526678,5.659400777435485,0.0,,,,1,1
3395,2008-03-03,39.51190476190476,1,0,0,0,gold,289.188369881285,5.66707827468097,0.0,,,,1,1
3396,2008-03-05,39.51984126984127,1,0,0,0,gold,289.17952730066867,5.667047696978922,0.0,,,,1,1
3397,2008-03-06,39.523809523809526,1,0,0,0,gold,290.1538174506134,5.6704111873676215,0.0,,,,1,1
3398,2008-03-11,39.535714285714285,1,1,1,1,"gas,gold,oil,silver",294.2060923348453,5.684280516093121,0.0,,,,1,1
3399,2008-03-12,39.53968253968254,1,1,0,0,"gold,silver",297.94614778098,5.696912758030635,0.0,,,,1,1
3400,2008-03-13,39.54365079365079,0,0,1,0,gas,,,,,,,1,1
3401,2008-03-20,39.56349206349206,1,0,1,0,"gas,gold",309.9339510137938,5.736359213532594,0.0,,,,1,1
3402,2008-03-21,39.567460317460316,1,0,1,0,"gas,gold",304.4929058770918,5.71864778926638,0.0,,,,1,1
3403,2008-03-24,39.57142857142857,1,1,1,1,"gas,gold,oil,silver",296.2753878550528,5.691289386178551,0.0,,,,1,1
3404,2008-03-26,39.57936507936508,0,0,0,1,oil,,,,,,,1,1
3405,2008-03-28,39.58730158730159,1,1,0,0,"gold,silver",301.5931090011046,5.709078787733205,0.0,,,,1,1
3406,2008-04-03,39.6031746031746,1,0,0,0,gold,313.98536179183947,5.749346366324251,0.0,,,,1,1
3407,2008-04-09,39.61904761904762,0,1,0,0,silver,,,,,,,1,1
3408,2008-04-28,39.67063492063492,1,0,0,0,gold,327.16312241381075,5.790458891817472,0.0,,,,1,1
3409,2008-04-30,39.67857142857143,1,0,0,1,"gold,oil",322.54480418725745,5.7762420542986925,0.0,,,,1,1
3410,2008-05-01,39.682539682539684,0,1,0,1,"oil,silver",,,,,,,1,1
3411,2008-05-05,39.69047619047619,1,1,1,1,"gas,gold,oil,silver",320.4268459131547,5.769654000426804,0.0,,,,1,1
3412,2008-05-07,39.698412698412696,1,1,1,0,"gas,gold,silver",326.8293112414303,5.789438050645033,0.0,,,,1,1
3413,2008-05-09,39.70634920634921,1,0,0,0,gold,325.7474659260744,5.786122436776153,0.0,,,,1,1
3414,2008-05-14,39.71825396825397,1,0,0,0,gold,330.478194347832,5.800540679347584,0.0,,,,1,1
3415,2008-05-15,39.72222222222222,0,0,0,1,oil,,,,,,,1,1
3416,2008-05-21,39.73809523809524,1,1,1,0,"gas,gold,silver",324.8349237260636,5.7833171262943965,0.0,,,,1,1
3417,2008-05-27,39.75396825396825,0,1,0,0,silver,,,,,,,1,1
3418,2008-06-03,39.773809523809526,1,1,0,0,"gold,silver",318.1869053745258,5.762638962871261,0.0,,,,1,1
3419,2008-06-04,39.77777777777778,1,0,0,0,gold,319.3536508859423,5.766299112182558,0.0,,,,1,1
3420,2008-06-09,39.78968253968254,1,1,0,0,"gold,silver",317.31771978745644,5.759903542562328,0.0,,,,1,1
3421,2008-06-11,39.79761904761905,1,1,0,1,"gold,oil,silver",321.31753041931523,5.772429825540097,0.0,,,,1,1
3422,2008-06-12,39.801587301587304,1,0,0,0,gold,324.91020406382194,5.78354884896495,0.0,,,,1,1
3423,2008-06-25,39.83730158730159,1,0,0,0,gold,340.4823342454111,5.8303632424387,0.0,,,,1,1
3424,2008-07-04,39.86507936507937,1,0,0,0,gold,345.703018513461,5.8455800784875525,0.0,,,,1,1
3425,2008-07-09,39.87698412698413,1,1,1,0,"gas,gold,silver",351.2555052614948,5.861513893867464,0.0,,,,1,1
3426,2008-07-14,39.888888888888886,1,0,0,0,gold,352.5863977516492,5.865295692224903,0.0,,,,1,1
3427,2008-07-17,39.90079365079365,1,1,0,1,"gold,oil,silver",359.444242519867,5.884559067830093,0.0,,,,1,1
3428,2008-07-18,39.904761904761905,1,0,1,0,"gas,gold",362.2245124439886,5.892264219702674,0.0,,,,1,1
3429,2008-07-24,39.92063492063492,1,1,0,0,"gold,silver",351.5287757155905,5.862291573378133,0.0,,,,1,1
3430,2008-07-31,39.94047619047619,1,0,0,1,"gold,oil",344.23819956841066,5.841333858352859,0.0,,,,1,1
3431,2008-08-01,39.94444444444444,1,1,0,0,"gold,silver",341.24759800648565,5.832608307665564,0.0,,,,1,1
3432,2008-08-05,39.95238095238095,1,1,0,0,"gold,silver",338.6977481544622,5.825108111305794,0.0,,,,1,1
3433,2008-08-13,39.976190476190474,1,0,1,0,"gas,gold",335.50747377362586,5.815644232687093,0.0,,,,1,1
3434,2008-08-18,39.98809523809524,0,0,1,1,"gas,oil",,,,,,,1,1
3435,2008-08-21,40.0,1,0,0,0,gold,337.3698236707203,5.821179728265949,0.0,,,,1,1
3436,2008-08-22,40.00396825396825,1,1,1,1,"gas,gold,oil,silver",339.8432753161266,5.828484556385245,0.0,,,,1,1
3437,2008-08-25,40.007936507936506,1,1,0,0,"gold,silver",343.1250689149012,5.83809501310866,0.0,,,,1,1
3438,2008-08-26,40.01190476190476,0,1,0,0,silver,,,,,,,1,1
3439,2008-08-29,40.023809523809526,0,0,0,1,oil,,,,,,,1,1
3440,2008-09-01,40.02777777777778,1,0,0,0,gold,335.7246450151548,5.816291315098759,0.0,,,,1,1
3441,2008-09-02,40.03174603174603,1,0,0,0,gold,340.3273444717769,5.829907932295037,0.0,,,,1,1
3442,2008-09-05,40.04365079365079,1,1,0,0,"gold,silver",348.4216609468428,5.853413415683031,0.0,,,,1,1
3443,2008-09-08,40.04761904761905,1,0,0,0,gold,355.8175663381281,5.874418145396168,0.0,,,,1,1
3444,2008-09-19,40.083333333333336,0,1,0,0,silver,,,,,,,1,1
3445,2008-09-25,40.09920634920635,1,1,0,1,"gold,oil,silver",355.5324767411572,5.873616600179412,0.0,,,,1,1
3446,2008-09-29,40.107142857142854,0,1,0,0,silver,,,,,,,1,1
3447,2008-10-01,40.11507936507937,1,0,0,1,"gold,oil",360.16948012686964,5.886574698799093,0.0,,,,1,1
3448,2008-10-06,40.12698412698413,1,1,1,1,"gas,gold,oil,silver",360.87647925712366,5.888535737059211,0.0,,,,1,1
3449,2008-10-07,40.13095238095238,1,1,0,1,"gold,oil,silver",362.6319992412971,5.893388543851426,0.0,,,,1,1
3450,2008-10-13,40.1468253968254,0,1,0,0,silver,,,,,,,1,1
3451,2008-10-14,40.15079365079365,0,1,0,0,silver,,,,,,,1,1
3452,2008-10-15,40.154761904761905,0,1,0,0,silver,,,,,,,1,1
3453,2008-10-17,40.16269841269841,0,0,1,0,gas,,,,,,,1,1
3454,2008-10-21,40.17063492063492,1,0,0,0,gold,362.0383210104983,5.89175006536811,0.0,,,,1,1
3455,2008-10-24,40.182539682539684,1,1,0,0,"gold,silver",374.47035048864245,5.925512628898238,0.0,,,,1,1
3456,2008-10-27,40.18650793650794,1,1,0,1,"gold,oil,silver",378.7808278455789,5.936957747162989,0.0,,,,1,1
3457,2008-10-28,40.19047619047619,1,0,0,1,"gold,oil",380.0556846362179,5.940317780501075,0.0,,,,1,1
3458,2008-10-31,40.20238095238095,0,1,0,0,silver,,,,,,,1,1
3459,2008-11-06,40.21825396825397,1,1,0,0,"gold,silver",374.67620689671895,5.926062204708814,0.0,,,,1,1
3460,2008-11-10,40.226190476190474,1,1,1,1,"gas,gold,oil,silver",378.8665394471681,5.937184004405223,0.0,,,,1,1
3461,2008-11-17,40.24603174603175,1,1,0,0,"gold,silver",383.5079017597074,5.949360224922835,0.0,,,,1,1
3462,2008-11-19,40.25396825396825,1,1,0,0,"gold,silver",377.2341147853577,5.932865988836564,0.0,,,,1,1
3463,2008-11-24,40.26587301587302,0,1,0,0,silver,,,,,,,1,1
3464,2008-11-25,40.26984126984127,0,1,0,0,silver,,,,,,,1,1
3465,2008-11-26,40.273809523809526,1,0,1,0,"gas,gold",373.15597869591096,5.921996505681149,0.0,,,,1,1
3466,2008-12-05,40.301587301587304,1,0,1,0,"gas,gold",383.4179404599128,5.949125622578632,0.0,,,,1,1
3467,2008-12-08,40.30555555555556,1,0,1,0,"gas,gold",375.7681545754254,5.928972343035919,0.0,,,,1,1
3468,2008-12-19,40.34126984126984,1,0,1,1,"gas,gold,oil",362.7394411895342,5.893684783661913,0.0,,,,1,1
3469,2008-12-23,40.34920634920635,0,0,0,1,oil,,,,,,,1,1
3470,2008-12-25,40.357142857142854,1,0,0,0,gold,345.1727500693912,5.844045016549325,0.0,,,,1,1
3471,2008-12-29,40.36507936507937,1,1,0,0,"gold,silver",351.89886130054333,5.863343808461387,0.0,,,,1,1
3472,2008-12-31,40.37301587301587,1,0,0,0,gold,354.22576930371633,5.869934476241895,0.0,,,,1,1
3473,2009-01-28,40.45238095238095,0,1,0,0,silver,,,,,,,1,1
3474,2009-01-30,40.46031746031746,1,1,0,0,"gold,silver",374.0182397025022,5.924304565483378,0.0,,,,1,1
3475,2009-02-13,40.5,1,0,0,0,gold,371.78452732317777,5.918314458830153,0.0,,,,1,1
3476,2009-02-16,40.50396825396825,0,1,1,0,"gas,silver",,,,,,,1,1
3477,2009-02-17,40.507936507936506,0,0,1,1,"gas,oil",,,,,,,1,1
3478,2009-02-20,40.51984126984127,1,1,1,0,"gas,gold,silver",378.0975009518214,5.935152101385019,0.0,,,,1,1
3479,2009-02-27,40.53968253968254,1,1,1,0,"gas,gold,silver",373.26814998492665,5.92229706212232,0.0,,,,1,1
3480,2009-03-09,40.56349206349206,1,0,0,0,gold,396.5501796295708,5.982802589510113,0.0,,,,1,1
3481,2009-03-17,40.58730158730159,1,0,0,0,gold,400.3901087726168,5.992439343770839,0.0,,,,1,1
3482,2009-03-18,40.59126984126984,1,0,1,0,"gas,gold",401.8031502459981,5.995962292683593,0.0,,,,1,1
3483,2009-03-19,40.595238095238095,1,0,0,0,gold,399.3073779506143,5.98973149111013,0.0,,,,1,1
3484,2009-03-30,40.62301587301587,1,0,0,0,gold,398.9570358943626,5.988853731629264,0.0,,,,1,1
3485,2009-03-31,40.62698412698413,1,0,0,0,gold,392.8192107540186,5.973349482499307,0.0,,,,1,1
3486,2009-04-06,40.642857142857146,1,0,0,0,gold,375.49083876319287,5.928234073471661,0.0,,,,1,1
3487,2009-04-08,40.65079365079365,1,0,0,0,gold,380.902759558529,5.9425441182956185,0.0,,,,1,1
3488,2009-04-10,40.65873015873016,1,1,0,0,"gold,silver",380.7859683496619,5.942237454417047,0.0,,,,1,1
3489,2009-04-13,40.66269841269841,1,0,1,0,"gas,gold",384.547820350724,5.952068151435313,0.0,,,,1,1
3490,2009-04-23,40.69444444444444,1,1,0,0,"gold,silver",395.6001057599343,5.980403867089104,0.0,,,,1,1
3491,2009-04-27,40.70238095238095,1,1,0,1,"gold,oil,silver",396.5168992692789,5.98271866127454,0.0,,,,1,1
3492,2009-04-28,40.70634920634921,1,1,0,0,"gold,silver",392.13184494124846,5.971598122376973,0.0,,,,1,1
3493,2009-04-29,40.71031746031746,1,1,0,0,"gold,silver",388.23652126495614,5.961614744787283,0.0,,,,1,1
3494,2009-05-04,40.72222222222222,1,1,1,1,"gas,gold,oil,silver",384.72848467533424,5.952537850883356,0.0,,,,1,1
3495,2009-05-07,40.73412698412698,0,0,1,0,gas,,,,,,,1,1
3496,2009-05-11,40.742063492063494,0,0,0,1,oil,,,,,,,1,1
3497,2009-05-13,40.75,1,1,0,1,"gold,oil,silver",405.9807180208761,6.006305665914507,0.0,,,,1,1
3498,2009-05-19,40.76587301587302,0,0,1,0,gas,,,,,,,1,1
3499,2009-05-20,40.76984126984127,1,1,1,0,"gas,gold,silver",377.5939981184448,5.933819539331581,0.0,,,,1,1
3500,2009-05-21,40.773809523809526,1,0,0,0,gold,375.9463873449978,5.929446546375013,0.0,,,,1,1
3501,2009-05-26,40.785714285714285,1,0,0,0,gold,378.2923493171722,5.935667307583493,0.0,,,,1,1
3502,2009-06-02,40.80555555555556,1,1,0,1,"gold,oil,silver",380.4371439596568,5.941320970382916,0.0,,,,1,1
3503,2009-06-03,40.80952380952381,0,1,0,0,silver,,,,,,,1,1
3504,2009-06-04,40.81349206349206,1,0,0,0,gold,390.44778408097113,5.967294244797333,0.0,,,,1,1
3505,2009-06-09,40.82539682539682,1,1,0,1,"gold,oil,silver",392.9856098547688,5.973772995053247,0.0,,,,1,1
3506,2009-06-10,40.82936507936508,1,0,0,1,"gold,oil",392.8245654047476,5.973363113742605,0.0,,,,1,1
3507,2009-06-11,40.833333333333336,1,1,0,0,"gold,silver",382.0809149259746,5.945632405354004,0.0,,,,1,1
3508,2009-06-18,40.8531746031746,1,0,0,0,gold,391.9296942419979,5.971082472281598,0.0,,,,1,1
3509,2009-06-26,40.87698412698413,1,0,1,0,"gas,gold",394.7267146340797,5.978193663768503,0.0,,,,1,1
3510,2009-07-06,40.90079365079365,1,1,0,0,"gold,silver",404.6467659676866,6.003014503737987,0.0,,,,1,1
3511,2009-07-10,40.916666666666664,1,1,0,0,"gold,silver",416.3032324506361,6.03141391888526,0.0,,,,1,1
3512,2009-07-14,40.92460317460318,1,0,1,1,"gas,gold,oil",409.6789923351458,6.015373907512395,0.0,,,,1,1
3513,2009-07-17,40.93650793650794,1,0,0,0,gold,395.64020754292096,5.980505231446674,0.0,,,,1,1
3514,2009-07-23,40.95238095238095,1,1,0,1,"gold,oil,silver",395.6331474833785,5.980487386641215,0.0,,,,1,1
3515,2009-07-27,40.96031746031746,0,1,0,1,"oil,silver",,,,,,,1,1
3516,2009-08-04,40.98412698412698,1,0,0,0,gold,409.1554799796428,6.014095230454864,0.0,,,,1,1
3517,2009-08-07,40.99603174603175,0,1,0,0,silver,,,,,,,1,1
3518,2009-08-12,41.007936507936506,1,0,0,0,gold,408.93565170386165,6.013557812867609,0.0,,,,1,1
3519,2009-08-17,41.01984126984127,1,0,0,0,gold,411.0419979110557,6.018695393974166,0.0,,,,1,1
3520,2009-08-18,41.023809523809526,1,0,0,0,gold,419.063071205138,6.038021436529835,0.0,,,,1,1
3521,2009-08-19,41.02777777777778,1,1,0,0,"gold,silver",415.5349370030303,6.029566695003775,0.0,,,,1,1
3522,2009-08-25,41.04365079365079,1,0,0,1,"gold,oil",404.6914944538231,6.00312503474429,0.0,,,,1,1
3523,2009-08-27,41.051587301587304,1,1,0,0,"gold,silver",394.461697274322,5.977522043745399,0.0,,,,1,1
3524,2009-08-31,41.05952380952381,1,0,0,1,"gold,oil",399.9970318613729,5.991457126733883,0.0,,,,1,1
3525,2009-09-01,41.06349206349206,1,0,0,0,gold,408.09654103277273,6.011503766592387,0.0,,,,1,1
3526,2009-09-02,41.067460317460316,0,0,0,1,oil,,,,,,,1,1
3527,2009-09-08,41.083333333333336,1,1,0,0,"gold,silver",402.5689428282121,5.997866368720475,0.0,,,,1,1
3528,2009-09-10,41.09126984126984,1,1,0,0,"gold,silver",392.1220922566599,5.971573251135334,0.0,,,,1,1
3529,2009-09-18,41.11507936507937,1,0,0,0,gold,394.6547422808158,5.978011312503894,0.0,,,,1,1
3530,2009-09-21,41.11904761904762,1,0,1,0,"gas,gold",397.63771493110255,5.9855413267503845,0.0,,,,1,1
3531,2009-09-22,41.12301587301587,1,0,0,0,gold,396.476716313017,5.982617316306544,0.0,,,,1,1
3532,2009-10-05,41.15873015873016,0,1,0,0,silver,,,,,,,1,1
3533,2009-10-07,41.166666666666664,1,1,1,1,"gas,gold,oil,silver",388.13240721278913,5.961346537111854,0.0,,,,1,1
3534,2009-10-12,41.17857142857143,1,1,0,0,"gold,silver",387.27548541909977,5.959136288413886,0.0,,,,1,1
3535,2009-10-13,41.182539682539684,1,0,1,0,"gas,gold",384.2436228993661,5.951276786052921,0.0,,,,1,1
3536,2009-10-20,41.20238095238095,0,1,1,1,"gas,oil,silver",,,,,,,1,1
3537,2009-10-22,41.21031746031746,0,0,1,0,gas,,,,,,,1,1
3538,2009-10-26,41.21825396825397,0,1,0,0,silver,,,,,,,1,1
3539,2009-10-27,41.22222222222222,1,0,0,0,gold,413.9588764915172,6.025766636745456,0.0,,,,1,1
3540,2009-10-29,41.23015873015873,1,1,0,0,"gold,silver",412.293147234053,6.021734618750213,0.0,,,,1,1
3541,2009-10-30,41.23412698412698,1,0,0,0,gold,408.2463189855024,6.011870715240427,0.0,,,,1,1
3542,2009-11-02,41.23809523809524,1,0,1,0,"gas,gold",409.45037552711005,6.014815712865881,0.0,,,,1,1
3543,2009-11-13,41.273809523809526,1,1,0,0,"gold,silver",417.5317309023713,6.034360543564261,0.0,,,,1,1
3544,2009-11-18,41.285714285714285,0,1,0,0,silver,,,,,,,1,1
3545,2009-11-19,41.28968253968254,0,1,0,0,silver,,,,,,,1,1
3546,2009-11-24,41.301587301587304,1,0,0,0,gold,431.54893175966896,6.067380903305562,0.0,,,,1,1
3547,2009-11-26,41.30952380952381,1,1,0,0,"gold,silver",428.97999650114417,6.061410289638427,0.0,,,,1,1
3548,2009-11-27,41.31349206349206,1,1,1,0,"gas,gold,silver",427.3052164499047,6.057498550508776,0.0,,,,1,1
3549,2009-12-07,41.33730158730159,1,0,0,0,gold,437.2562321104106,6.080519366765488,0.0,,,,1,1
3550,2009-12-10,41.34920634920635,1,0,0,1,"gold,oil",451.52362961659696,6.112627707293986,0.0,,,,1,1
3551,2009-12-15,41.361111111111114,1,0,1,0,"gas,gold",454.39518347626506,6.118967267606629,0.0,,,,1,1
3552,2009-12-24,41.388888888888886,1,0,1,1,"gas,gold,oil",460.6538188759208,6.132646825710355,0.0,,,,1,1
3553,2009-12-31,41.40873015873016,1,1,1,0,"gas,gold,silver",458.779359452835,6.1285693961282135,0.0,,,,1,1
3554,2010-01-05,41.42063492063492,1,1,0,0,"gold,silver",463.0861495948001,6.137913105016995,0.0,,,,1,1
3555,2010-01-13,41.44444444444444,1,0,0,0,gold,468.5819843597802,6.1497110796662255,0.0,,,,1,1
3556,2010-01-14,41.448412698412696,0,1,0,0,silver,,,,,,,1,1
3557,2010-01-21,41.46825396825397,0,0,1,0,gas,,,,,,,1,1
3558,2010-01-26,41.48015873015873,1,0,0,1,"gold,oil",590.5909994253512,6.381123729480441,0.0,,,,1,1
3559,2010-02-10,41.523809523809526,1,0,0,0,gold,564.7407416720484,6.336366761538743,0.0,,,,1,1
3560,2010-02-11,41.52777777777778,1,0,1,0,"gas,gold",570.9256562076025,6.347259001893187,0.0,,,,1,1
3561,2010-02-15,41.535714285714285,0,0,1,0,gas,,,,,,,1,1
3562,2010-02-17,41.54365079365079,1,0,0,0,gold,570.5966768115986,6.346682614737902,0.0,,,,1,1
3563,2010-02-25,41.56746031746032,0,0,1,0,gas,,,,,,,0,0
3564,2010-03-02,41.57936507936508,0,1,0,0,silver,,,,4.895310240828088,1.5882776531013922,0.0,0,0
3565,2010-03-05,41.59126984126984,0,1,1,0,"gas,silver",,,,5.147520128912848,1.638515070337193,0.0,0,0
3566,2010-03-10,41.6031746031746,1,0,0,0,gold,485.22514390363386,6.184612997457686,0.0,,,,0,0
3567,2010-03-12,41.61111111111112,1,0,1,0,"gas,gold",492.9972941696986,6.200503685528031,0.0,,,,0,0
3568,2010-03-17,41.62301587301587,0,1,1,1,"gas,oil,silver",,,,5.049088756651972,1.619207782777918,0.0,0,0
3569,2010-03-22,41.63492063492063,1,1,0,1,"gold,oil,silver",480.8577403112033,6.175571468171916,0.0,4.941914245479826,1.5977527552264352,0.0,0,0
3570,2010-03-23,41.638888888888886,1,0,0,0,gold,524.067148198631,6.261619821528354,0.0,,,,1,1
3571,2010-03-24,41.642857142857146,1,1,0,0,"gold,silver",528.8471416710421,6.270699432958552,0.0,,,,1,1
3572,2010-04-14,41.70238095238095,1,0,1,0,"gas,gold",529.8365118167612,6.272568490689783,0.0,,,,1,1
3573,2010-04-28,41.742063492063494,0,1,0,0,silver,,,,,,,1,1
3574,2010-04-29,41.74603174603175,1,0,0,1,"gold,oil",536.0248695409794,6.284180558391779,0.0,,,,1,1
3575,2010-04-30,41.75,1,0,0,0,gold,528.3699095941541,6.269796624762768,0.0,,,,1,1
3576,2010-05-04,41.757936507936506,1,1,0,0,"gold,silver",529.0267863529963,6.271039066404319,0.0,,,,1,1
3577,2010-05-12,41.78174603174603,1,0,1,0,"gas,gold",525.3333616077758,6.264033035571622,0.0,,,,1,1
3578,2010-05-13,41.785714285714285,1,0,0,0,gold,529.5688649856335,6.272063213214922,0.0,,,,1,1
3579,2010-05-14,41.78968253968254,0,1,0,0,silver,,,,,,,1,1
3580,2010-05-17,41.79365079365079,1,1,0,1,"gold,oil,silver",544.7988408385337,6.300416627150465,0.0,,,,1,1
3581,2010-05-19,41.801587301587304,1,1,1,0,"gas,gold,silver",538.1661963502233,6.288167427606438,0.0,,,,1,1
3582,2010-05-20,41.80555555555556,1,0,0,0,gold,528.9874420697035,6.270964692577855,0.0,,,,1,1
3583,2010-05-21,41.80952380952381,1,0,0,0,gold,529.2111388619992,6.271387480511346,0.0,,,,1,1
3584,2010-05-26,41.82142857142857,0,1,1,0,"gas,silver",,,,,,,1,1
3585,2010-05-28,41.82936507936508,1,0,0,0,gold,514.442053734479,6.243082922564863,0.0,,,,1,1
3586,2010-05-31,41.833333333333336,1,0,1,1,"gas,gold,oil",519.5874804002577,6.253035189818437,0.0,,,,1,1
3587,2010-06-09,41.861111111111114,1,0,0,0,gold,522.5821539192817,6.258782203860651,0.0,,,,1,1
3588,2010-06-10,41.86507936507937,0,1,0,0,silver,,,,,,,1,1
3589,2010-06-14,41.87301587301587,1,0,0,0,gold,525.8485249176849,6.2650131958231565,0.0,,,,1,1
3590,2010-06-16,41.88095238095238,1,1,0,0,"gold,silver",530.0169045259878,6.272908901369575,0.0,,,,1,1
3591,2010-06-22,41.8968253968254,1,1,1,0,"gas,gold,silver",531.0798816308463,6.274912446143829,0.0,6.2896653191128005,1.838907860888592,0.0,0,0
3592,2010-06-25,41.90873015873016,1,0,1,1,"gas,gold,oil",538.147831206628,6.288133301611372,0.0,,,,0,0
3593,2010-06-30,41.92063492063492,0,1,0,0,silver,,,,6.657256428450201,1.8957074519983923,0.0,0,0
3594,2010-07-05,41.93253968253968,0,1,0,1,"oil,silver",,,,6.578546715880052,1.8838138570951977,0.0,0,0
3595,2010-07-08,41.94444444444444,1,1,0,0,"gold,silver",546.4137548637831,6.303376481555731,0.0,6.829762689864746,1.921289927717684,0.0,0,0
3596,2010-07-12,41.95238095238095,0,1,1,1,"gas,oil,silver",,,,6.850909713242474,1.924381448309266,0.0,0,0
3597,2010-07-15,41.96428571428572,1,0,0,0,gold,566.6791927204521,6.339793345932688,0.0,,,,0,0
3598,2010-07-20,41.97619047619048,1,0,1,1,"gas,gold,oil",565.1405197262047,6.337074407703871,0.0,,,,0,0
3599,2010-07-23,41.98809523809524,0,1,0,0,silver,,,,7.3371789791367155,1.9929544334832183,0.0,0,0
3600,2010-07-28,42.0,1,0,0,0,gold,583.0206408535785,6.368222590275359,0.0,,,,0,0
3601,2010-08-02,42.01190476190476,0,1,0,1,"oil,silver",,,,7.581938479167964,2.025768902997384,0.0,0,0
3602,2010-08-05,42.023809523809526,0,1,0,0,silver,,,,7.300792801333151,1.9879829451798243,0.0,0,0
3603,2010-08-09,42.03174603174603,1,1,1,0,"gas,gold,silver",571.2990891815018,6.347912871438059,0.0,7.165785338805618,1.96931766292273,0.0,0,0
3604,2010-08-12,42.04365079365079,0,1,0,0,silver,,,,7.439594393478396,2.006816330353302,0.0,0,0
3605,2010-08-17,42.05555555555556,0,0,1,0,gas,,,,,,,0,0
3606,2010-08-20,42.06746031746032,0,1,0,0,silver,,,,7.572369481642139,2.02450602793607,0.0,0,0
3607,2010-08-25,42.07936507936508,0,1,0,0,silver,,,,7.404530937438839,2.002092101680877,0.0,0,0
3608,2010-08-30,42.09126984126984,1,0,0,1,"gold,oil",597.5996066998372,6.3929209756855885,0.0,,,,0,0
3609,2010-09-02,42.1031746031746,0,1,0,1,"oil,silver",,,,7.502502766488849,2.015236667074583,0.0,0,0
3610,2010-09-07,42.11507936507937,0,1,0,0,silver,,,,7.525064929264481,2.0182394390714,0.0,0,0
3611,2010-09-09,42.12301587301587,1,0,1,0,"gas,gold",617.1973319137782,6.42518879759207,0.0,,,,0,0
3612,2010-09-14,42.13492063492063,0,1,1,1,"gas,oil,silver",,,,7.750445602189989,2.047750338769136,0.0,0,0
3613,2010-09-17,42.1468253968254,0,1,1,0,"gas,silver",,,,7.821986929081306,2.0569386052863248,0.0,0,0
3614,2010-09-22,42.15873015873016,0,1,0,0,silver,,,,7.605161731284202,2.028827191926181,0.0,0,0
3615,2010-09-27,42.17063492063492,1,1,1,0,"gas,gold,silver",613.5273464160717,6.41922483759288,0.0,7.662817242274841,2.036379702333494,0.0,0,0
3616,2010-09-30,42.18253968253968,0,0,1,0,gas,,,,,,,0,0
3617,2010-10-05,42.19444444444444,0,1,0,1,"oil,silver",,,,7.761831148250314,2.0492182790706157,0.0,0,0
3618,2010-10-08,42.20634920634921,1,0,0,0,gold,611.1026903597566,6.4152650143780985,0.0,,,,0,0
3619,2010-10-12,42.21428571428572,1,0,0,0,gold,617.0317834400721,6.424920535447482,0.0,,,,0,0
3620,2010-10-15,42.22619047619048,0,1,0,0,silver,,,,7.322366160090044,1.990933521654456,0.0,0,0
3621,2010-10-20,42.23809523809524,0,1,0,0,silver,,,,7.65242257111747,2.035022273670263,0.0,0,0
3622,2010-10-25,42.25,0,0,1,0,gas,,,,,,,0,0
3623,2010-10-28,42.26190476190476,0,1,0,0,silver,,,,7.975056073413407,2.0763186797952065,0.0,0,0
3624,2010-11-02,42.273809523809526,1,0,0,0,gold,623.5642966980197,6.435451882013497,0.0,,,,0,0
3625,2010-11-05,42.285714285714285,0,1,0,1,"oil,silver",,,,7.746415801769065,2.047230259198608,0.0,0,0
3626,2010-11-09,42.29365079365079,0,1,1,1,"gas,oil,silver",,,,7.597846297523861,2.027864825227291,0.0,0,0
3627,2010-11-12,42.30555555555556,1,1,0,1,"gold,oil,silver",609.1528915548892,6.412069289657556,0.0,7.500653830722194,2.0149901941721597,0.0,0,0
3628,2010-11-17,42.31746031746032,0,1,0,0,silver,,,,7.133205590663223,1.9647607253483983,0.0,0,0
3629,2010-11-22,42.32936507936508,0,1,0,0,silver,,,,7.029923376327829,1.9501758062365488,0.0,0,0
3630,2010-11-25,42.34126984126984,0,1,1,0,"gas,silver",,,,6.720602252841461,1.9051777714778908,0.0,0,0
3631,2010-11-30,42.3531746031746,0,0,0,1,oil,,,,,,,0,0
3632,2010-12-03,42.36507936507937,1,1,0,1,"gold,oil,silver",574.958038750659,6.354297062048656,0.0,6.057831492652057,1.8013518965450326,0.0,0,0
3633,2010-12-08,42.37698412698413,1,0,1,1,"gas,gold,oil",559.9022433269483,6.3277622030032745,0.0,,,,0,0
3634,2010-12-10,42.38492063492063,1,1,0,0,"gold,silver",565.5881662917803,6.337866191965644,0.0,6.23640173231176,1.8304033705945395,0.0,0,0
3635,2010-12-15,42.3968253968254,1,1,1,0,"gas,gold,silver",579.5005965401505,6.362166692184196,0.0,6.5358376735122325,1.8773005214953469,0.0,0,0
3636,2010-12-20,42.40873015873016,1,0,0,0,gold,558.207240736297,6.324730292598702,0.0,,,,0,0
3637,2010-12-23,42.42063492063492,1,1,1,1,"gas,gold,oil,silver",564.0472333517586,6.335137995069054,0.0,6.182584553175524,1.82173639653108,0.0,0,0
3638,2010-12-28,42.43253968253968,0,0,0,1,oil,,,,,,,0,0
3639,2010-12-31,42.44444444444444,0,0,0,1,oil,,,,,,,0,0
3640,2011-01-05,42.45634920634921,1,0,0,0,gold,565.0906655473568,6.33698618826783,0.0,,,,0,0
3641,2011-01-10,42.46825396825397,0,1,1,0,"gas,silver",,,,5.819657581980096,1.7612414253011932,0.0,0,0
3642,2011-01-12,42.47619047619048,0,0,1,1,"gas,oil",,,,,,,0,0
3643,2011-01-17,42.48809523809524,1,1,1,1,"gas,gold,oil,silver",582.1936893856459,6.366803191997618,0.0,5.885189884318042,1.7724390060061606,0.0,0,0
3644,2011-01-20,42.5,0,1,1,1,"gas,oil,silver",,,,5.768545551946803,1.7524199780250531,0.0,0,0
3645,2011-01-25,42.51190476190476,0,0,0,1,oil,,,,,,,0,0
3646,2011-01-28,42.523809523809526,1,0,0,0,gold,585.1251457740022,6.371825748753299,0.0,,,,0,0
3647,2011-02-02,42.535714285714285,0,0,1,0,gas,,,,,,,0,0
3648,2011-02-07,42.54761904761905,1,0,1,1,"gas,gold,oil",579.0834416922667,6.361446580647795,0.0,,,,0,0
3649,2011-02-10,42.55952380952381,1,0,0,0,gold,575.5983858806143,6.355410170771293,0.0,,,,0,0
3650,2011-02-14,42.56746031746032,0,1,0,1,"oil,silver",,,,5.7668868008271925,1.7521323856608804,0.0,0,0
3651,2011-02-17,42.57936507936508,1,0,0,0,gold,580.4116964864696,6.36373767326471,0.0,,,,0,0
3652,2011-02-22,42.59126984126984,0,1,0,1,"oil,silver",,,,5.646528360028772,1.73104090675443,0.0,0,0
3653,2011-02-25,42.6031746031746,1,0,1,1,"gas,gold,oil",584.0396780151311,6.369968922327018,0.0,,,,0,0
3654,2011-03-02,42.61507936507937,0,1,0,0,silver,,,,5.808094430727281,1.7592525361243592,0.0,0,0
3655,2011-03-07,42.62698412698413,0,0,0,1,oil,,,,,,,0,0
3656,2011-03-10,42.638888888888886,1,0,0,0,gold,570.8816425278936,6.347181907133363,0.0,,,,0,0
3657,2011-03-14,42.6468253968254,1,1,0,1,"gold,oil,silver",576.0001364412792,6.356107897573084,0.0,5.573275828178825,1.717983001024718,0.0,0,0
3658,2011-03-17,42.65873015873016,0,0,0,1,oil,,,,,,,0,0
3659,2011-03-22,42.67063492063492,0,0,0,1,oil,,,,,,,0,0
3660,2011-03-25,42.68253968253968,1,1,0,1,"gold,oil,silver",572.6731729745085,6.350315175233859,0.0,5.552092952602439,1.714174965247791,0.0,0,0
3661,2011-03-30,42.69444444444444,0,1,1,0,"gas,silver",,,,5.566255241956072,1.7167225193925766,0.0,0,0
3662,2011-04-04,42.70634920634921,1,1,0,0,"gold,silver",567.3047170343038,6.340896579183029,0.0,5.580864188584096,1.7193436369078214,0.0,0,0
3663,2011-04-07,42.71825396825397,0,0,0,1,oil,,,,,,,0,0
3664,2011-04-12,42.73015873015873,1,1,0,1,"gold,oil,silver",569.1308031025565,6.344110290137214,0.0,5.828250728786481,1.7627169088191084,0.0,0,0
3665,2011-04-14,42.73809523809524,1,1,0,0,"gold,silver",567.1376291471344,6.340602006454957,0.0,5.718132814423743,1.7436423210566956,0.0,0,0
3666,2011-04-19,42.75,0,0,0,1,oil,,,,,,,0,0
3667,2011-04-22,42.76190476190476,1,0,0,0,gold,557.6006344297538,6.323642997232169,0.0,,,,0,0
3668,2011-04-27,42.773809523809526,1,0,1,1,"gas,gold,oil",572.6984104100502,6.350359243789272,0.0,,,,0,0
3669,2011-05-02,42.785714285714285,0,0,1,0,gas,,,,,,,0,0
3670,2011-05-05,42.79761904761905,0,0,1,0,gas,,,,,,,0,0
3671,2011-05-10,42.80952380952381,1,1,1,1,"gas,gold,oil,silver",564.5311341314604,6.335995535534649,0.0,5.606945152321252,1.7240060350928446,0.0,0,0
3672,2011-05-13,42.82142857142857,1,0,0,0,gold,559.9994678337092,6.327935833431796,0.0,,,,0,0
3673,2011-05-17,42.82936507936508,0,0,0,1,oil,,,,,,,0,0
3674,2011-05-20,42.84126984126984,0,0,1,0,gas,,,,,,,0,0
3675,2011-05-25,42.8531746031746,1,0,0,0,gold,533.5966097335039,6.279640141008336,0.0,,,,0,0
3676,2011-05-30,42.86507936507937,1,0,0,0,gold,539.7667120126915,6.291137031421733,0.0,,,,0,0
3677,2011-06-02,42.87698412698413,0,1,0,1,"oil,silver",,,,5.370518621716789,1.6809244814583488,0.0,0,0
3678,2011-06-07,42.888888888888886,0,1,0,1,"oil,silver",,,,5.351507136202653,1.6773782289371817,0.0,0,0
3679,2011-06-10,42.90079365079365,1,1,1,0,"gas,gold,silver",535.200913804287,6.282642216219674,0.0,5.396774667635774,1.6858014913540658,0.0,0,0
3680,2011-06-14,42.90873015873016,0,1,0,1,"oil,silver",,,,5.384270576612433,1.683481846765468,0.0,0,0
3681,2011-06-17,42.92063492063492,1,1,1,0,"gas,gold,silver",538.7657039892334,6.289280789929068,0.0,5.692504484662663,1.7391503067749754,0.0,0,0
3682,2011-06-22,42.93253968253968,0,0,1,0,gas,,,,,,,0,0
3683,2011-06-27,42.94444444444444,1,0,0,0,gold,542.004774309857,6.295274810090623,0.0,,,,0,0
3684,2011-06-30,42.95634920634921,0,0,1,1,"gas,oil",,,,,,,0,0
3685,2011-07-05,42.96825396825397,0,1,0,0,silver,,,,5.889017155304523,1.773089117068145,0.0,0,0
3686,2011-07-08,42.98015873015873,0,0,0,1,oil,,,,,,,0,0
3687,2011-07-13,42.99206349206349,0,0,0,1,oil,,,,,,,0,0
3688,2011-07-15,43.0,0,0,0,1,oil,,,,,,,0,0
3689,2011-07-20,43.01190476190476,0,0,1,0,gas,,,,,,,0,0
3690,2011-07-25,43.023809523809526,0,1,0,0,silver,,,,5.3404424989957615,1.6753085145194704,0.0,0,0
3691,2011-07-28,43.035714285714285,1,0,0,1,"gold,oil",521.116420402753,6.25597347245834,0.0,,,,0,0
3692,2011-08-02,43.04761904761905,1,0,1,1,"gas,gold,oil",523.0620888955217,6.25970017383608,0.0,,,,0,0
3693,2011-08-05,43.05952380952381,0,1,1,0,"gas,silver",,,,5.462462533262055,1.697899701498791,0.0,0,0
3694,2011-08-10,43.07142857142857,0,0,0,1,oil,,,,,,,0,0
3695,2011-08-15,43.083333333333336,1,0,0,1,"gold,oil",512.6543401169951,6.239601817123363,0.0,,,,0,0
3696,2011-08-17,43.09126984126984,1,1,1,1,"gas,gold,oil,silver",510.1235511623194,6.234652953559857,0.0,5.311896264226264,1.6699488834115848,0.0,0,0
3697,2011-08-22,43.1031746031746,1,0,0,1,"gold,oil",511.77830459002297,6.237891532420826,0.0,,,,0,0
3698,2011-08-25,43.11507936507937,1,1,0,0,"gold,silver",506.323933003702,6.227176648259013,0.0,5.202409554142919,1.6491218940586858,0.0,0,0
3699,2011-08-30,43.12698412698413,0,1,0,0,silver,,,,5.067890785476481,1.622924712399636,0.0,0,0
3700,2011-09-02,43.138888888888886,1,0,0,1,"gold,oil",508.2351801782264,6.2309442935555,0.0,,,,0,0
3701,2011-09-07,43.15079365079365,0,0,1,1,"gas,oil",,,,,,,0,0
3702,2011-09-12,43.16269841269841,0,0,1,1,"gas,oil",,,,,,,0,0
3703,2011-09-15,43.17460317460318,1,0,1,0,"gas,gold",512.5581194286567,6.239414108346075,0.0,,,,0,0
3704,2011-09-19,43.18253968253968,1,1,1,0,"gas,gold,silver",519.5829328075997,6.253026437466368,0.0,5.308762109632811,1.6693586837132035,0.0,0,0
3705,2011-09-22,43.19444444444444,1,1,1,1,"gas,gold,oil,silver",508.9812735307436,6.23241122516792,0.0,5.096974295321781,1.628647088245675,0.0,0,0
3706,2011-09-27,43.20634920634921,1,1,0,0,"gold,silver",503.87013245140287,6.222318561160261,0.0,5.008191484944611,1.6110748688784509,0.0,0,0
3707,2011-09-30,43.21825396825397,0,1,0,0,silver,,,,4.98115906943984,1.6056626088231143,0.0,0,0
3708,2011-10-05,43.23015873015873,0,0,0,1,oil,,,,,,,0,0
3709,2011-10-10,43.24206349206349,1,1,0,0,"gold,silver",519.6766059434468,6.25320670646099,0.0,5.327734484677172,1.672926098039348,0.0,0,0
3710,2011-10-13,43.25396825396825,0,1,0,0,silver,,,,5.278036976486882,1.6635542438328106,0.0,0,0
3711,2011-10-17,43.26190476190476,0,0,1,1,"gas,oil",,,,,,,0,0
3712,2011-10-20,43.273809523809526,0,0,1,1,"gas,oil",,,,,,,0,0
3713,2011-10-25,43.285714285714285,0,1,0,0,silver,,,,5.260615065568855,1.660247952531186,0.0,0,0
3714,2011-10-28,43.29761904761905,0,0,1,0,gas,,,,,,,0,0
3715,2011-11-02,43.30952380952381,0,0,1,0,gas,,,,,,,0,0
3716,2011-11-07,43.32142857142857,1,0,0,1,"gold,oil",534.7242657779767,6.281751222967175,0.0,,,,0,0
3717,2011-11-10,43.333333333333336,0,0,0,1,oil,,,,,,,0,0
3718,2011-11-15,43.345238095238095,1,0,0,0,gold,528.6931013649112,6.270408114858395,0.0,,,,0,0
3719,2011-11-17,43.3531746031746,1,0,0,0,gold,531.3538809611599,6.2754282417558205,0.0,,,,0,0
3720,2011-11-22,43.36507936507937,0,0,1,1,"gas,oil",,,,,,,0,0
3721,2011-11-25,43.37698412698413,1,0,0,0,gold,537.5744006326478,6.287067170204354,0.0,,,,0,0
3722,2011-11-30,43.388888888888886,1,0,0,0,gold,537.8361858148352,6.287554026463084,0.0,,,,0,0
3723,2011-12-05,43.40079365079365,0,1,0,0,silver,,,,5.387390292706274,1.6840610919197516,0.0,0,0
3724,2011-12-08,43.41269841269841,1,0,0,0,gold,538.9329502075391,6.289591166524597,0.0,,,,0,0
3725,2011-12-13,43.42460317460318,1,0,0,0,gold,532.9978255031978,6.278517344426186,0.0,,,,0,0
3726,2011-12-16,43.43650793650794,0,1,0,1,"oil,silver",,,,5.34684906212988,1.6765074270530849,0.0,0,0
3727,2011-12-20,43.44444444444444,0,1,1,0,"gas,silver",,,,5.268381013708911,1.6617231073303445,0.0,0,0
3728,2011-12-23,43.45634920634921,1,1,0,0,"gold,silver",523.9515454696708,6.2613992095676565,0.0,5.370562140422322,1.680932584684923,0.0,0,0
3729,2011-12-28,43.46825396825397,0,0,1,0,gas,,,,,,,0,0
3730,2012-01-02,43.48015873015873,1,0,1,0,"gas,gold",511.7750688367855,6.237885209832632,0.0,,,,0,0
3731,2012-01-05,43.49206349206349,1,0,0,1,"gold,oil",514.7773294401643,6.243734437145769,0.0,,,,0,0
3732,2012-01-10,43.50396825396825,1,0,0,0,gold,511.3297160580049,6.237014619031993,0.0,,,,0,0
3733,2012-01-13,43.51587301587302,0,0,0,1,oil,,,,,,,0,0
3734,2012-01-17,43.523809523809526,0,1,0,0,silver,,,,4.769296108133198,1.5621987275821545,0.0,0,0
3735,2012-01-20,43.535714285714285,0,0,1,0,gas,,,,,,,0,0
3736,2012-01-25,43.54761904761905,1,0,0,1,"gold,oil",478.7078768182403,6.171090550865637,0.0,,,,0,0
3737,2012-01-30,43.55952380952381,0,1,0,0,silver,,,,4.836008704778163,1.5760897327464107,0.0,0,0
3738,2012-02-02,43.57142857142857,1,0,1,0,"gas,gold",480.3595981885824,6.174534986312373,0.0,,,,0,0
3739,2012-02-07,43.583333333333336,0,0,1,0,gas,,,,,,,0,0
3740,2012-02-10,43.595238095238095,1,1,0,1,"gold,oil,silver",494.8593443473248,6.204273569355937,0.0,4.895334306109234,1.5882825690762357,0.0,0,0
3741,2012-02-15,43.60714285714285,0,1,1,0,"gas,silver",,,,4.767217466337399,1.5617627943005654,0.0,0,0
3742,2012-02-17,43.61507936507937,0,1,1,1,"gas,oil,silver",,,,4.711600216903894,1.5500275991386347,0.0,0,0
3743,2012-02-22,43.62698412698413,1,0,0,0,gold,501.60254313025183,6.217808059342246,0.0,,,,0,0
3744,2012-02-27,43.638888888888886,0,1,0,0,silver,,,,4.807423509340404,1.5701612876605977,0.0,0,0
3745,2012-03-01,43.65079365079365,0,0,1,0,gas,,,,,,,0,0
3746,2012-03-06,43.66269841269841,0,0,1,0,gas,,,,,,,0,0
3747,2012-03-09,43.67460317460318,0,1,0,0,silver,,,,4.952976577567871,1.599988724656472,0.0,0,0
3748,2012-03-14,43.68650793650794,0,0,1,0,gas,,,,,,,0,0
3749,2012-03-19,43.698412698412696,1,0,0,0,gold,512.8534102607387,6.239990054357398,0.0,,,,0,0
3750,2012-03-21,43.70634920634921,1,1,0,1,"gold,oil,silver",529.9502891204237,6.2727832080348165,0.0,5.543311248261012,1.7125920204508007,0.0,0,0
3751,2012-03-26,43.71825396825397,0,1,1,0,"gas,silver",,,,5.823368975794375,1.7618789560878094,0.0,0,0
3752,2012-03-29,43.73015873015873,0,1,1,0,"gas,silver",,,,5.68874470912297,1.7384896102885976,0.0,0,0
3753,2012-04-03,43.74206349206349,0,1,0,0,silver,,,,5.628752657088136,1.7278878646900528,0.0,0,0
3754,2012-04-06,43.75396825396825,0,1,1,0,"gas,silver",,,,5.584399767132181,1.7199769544326524,0.0,0,0
3755,2012-04-11,43.76587301587302,0,1,0,1,"oil,silver",,,,5.512380738390472,1.7069966057798316,0.0,0,0
3756,2012-04-16,43.77777777777778,1,0,0,1,"gold,oil",516.0705488014615,6.246243478619348,0.0,,,,0,0
3757,2012-04-19,43.78968253968254,1,1,1,0,"gas,gold,silver",527.436475457992,6.268028432426415,0.0,5.613913294984905,1.7252480333930829,0.0,0,0
3758,2012-04-23,43.79761904761905,0,0,1,0,gas,,,,,,,0,0
3759,2012-04-26,43.80952380952381,1,0,0,1,"gold,oil",532.2830379235199,6.277175374037928,0.0,,,,0,0
3760,2012-05-01,43.82142857142857,0,0,0,1,oil,,,,,,,0,0
3761,2012-05-04,43.833333333333336,1,1,0,1,"gold,oil,silver",540.674855467859,6.292818091640751,0.0,5.786154982819954,1.7554679920265184,0.0,0,0
3762,2012-05-09,43.845238095238095,0,0,0,1,oil,,,,,,,0,0
3763,2012-05-14,43.85714285714285,0,0,0,1,oil,,,,,,,0,0
3764,2012-05-17,43.86904761904762,0,0,0,1,oil,,,,,,,0,0
3765,2012-05-21,43.87698412698413,1,0,0,0,gold,559.6310244429135,6.327277681645761,0.0,,,,0,0
3766,2012-05-24,43.888888888888886,1,0,1,0,"gas,gold",554.8517871446844,6.318701027892425,0.0,,,,0,0
3767,2012-05-29,43.90079365079365,0,0,1,1,"gas,oil",,,,,,,0,0
3768,2012-06-01,43.91269841269841,1,1,0,0,"gold,silver",549.1999459514731,6.308462575480616,0.0,5.773472959170476,1.7532737987875602,0.0,0,0
3769,2012-06-06,43.92460317460318,0,1,1,0,"gas,silver",,,,5.741083631971098,1.7476479785713124,0.0,0,0
3770,2012-06-11,43.93650793650794,0,1,0,0,silver,,,,5.842087825488557,1.765088237315156,0.0,0,0
3771,2012-06-14,43.948412698412696,0,0,1,0,gas,,,,,,,0,0
3772,2012-06-19,43.96031746031746,1,0,0,1,"gold,oil",551.141641542872,6.3119918388092,0.0,,,,0,0
3773,2012-06-21,43.96825396825397,0,1,0,1,"oil,silver",,,,5.962314698231067,1.785458777866722,0.0,0,0
3774,2012-06-26,43.98015873015873,1,0,0,0,gold,572.1453619670987,6.349393088407523,0.0,,,,0,0
3775,2012-06-29,43.99206349206349,0,1,1,0,"gas,silver",,,,6.314024302663923,1.8427732391407337,0.0,0,0
3776,2012-07-04,44.00396825396825,0,1,0,0,silver,,,,6.383673112393058,1.8537436546374453,0.0,0,0
3777,2012-07-09,44.01587301587302,0,0,0,1,oil,,,,,,,0,0
3778,2012-07-12,44.02777777777778,1,1,1,1,"gas,gold,oil,silver",609.0569269664662,6.411911739476688,0.0,6.524696859303229,1.875594493785202,0.0,0,0
3779,2012-07-17,44.03968253968254,0,0,0,1,oil,,,,,,,0,0
3780,2012-07-20,44.0515873015873,0,1,0,1,"oil,silver",,,,6.133101273707927,1.813700539422548,0.0,0,0
3781,2012-07-24,44.05952380952381,0,1,1,0,"gas,silver",,,,6.155227146618606,1.8173016633614132,0.0,0,0
3782,2012-07-27,44.07142857142857,0,1,1,1,"gas,oil,silver",,,,6.451305859037647,1.8642825690811975,0.0,0,0
3783,2012-08-01,44.083333333333336,0,0,1,0,gas,,,,,,,0,0
3784,2012-08-06,44.095238095238095,0,0,0,1,oil,,,,,,,0,0
3785,2012-08-09,44.10714285714285,0,1,0,0,silver,,,,6.671230516311699,1.8978043281163823,0.0,0,0
3786,2012-08-14,44.11904761904762,1,0,0,1,"gold,oil",636.2170371481883,6.455539758504086,0.0,,,,0,0
3787,2012-08-17,44.13095238095238,1,0,0,0,gold,627.7985255015936,6.442219295729711,0.0,,,,0,0
3788,2012-08-21,44.138888888888886,1,0,1,0,"gas,gold",618.17544627316,6.426772310813405,0.0,,,,0,0
3789,2012-08-24,44.15079365079365,0,1,0,1,"oil,silver",,,,6.969700336772678,1.9415722305587653,0.0,0,0
3790,2012-08-29,44.16269841269841,0,0,0,1,oil,,,,,,,0,0
3791,2012-09-03,44.17460317460318,0,0,0,1,oil,,,,,,,0,0
3792,2012-09-06,44.18650793650794,0,0,0,1,oil,,,,,,,0,0
3793,2012-09-11,44.198412698412696,1,1,0,0,"gold,silver",591.462700420157,6.382598622123538,0.0,6.081218212105528,1.8052050397410695,0.0,0,0
3794,2012-09-14,44.21031746031746,1,0,1,1,"gas,gold,oil",591.2623832096333,6.382259883704591,0.0,,,,0,0
3795,2012-09-19,44.22222222222222,1,1,0,0,"gold,silver",585.2422660770727,6.372025891549955,0.0,5.610890433579859,1.7247094295027663,0.0,0,0
3796,2012-09-21,44.23015873015873,0,0,1,1,"gas,oil",,,,,,,0,0
3797,2012-09-26,44.24206349206349,1,0,1,0,"gas,gold",577.8493944856413,6.359313271546265,0.0,,,,0,0
3798,2012-10-01,44.25396825396825,0,1,1,1,"gas,oil,silver",,,,5.536225889425946,1.7113130212087042,0.0,0,0
3799,2012-10-04,44.26587301587302,0,1,0,0,silver,,,,5.5844604695653,1.7199878243749442,0.0,0,0
3800,2012-10-09,44.27777777777778,1,0,0,0,gold,592.2976788748842,6.384009344441684,0.0,,,,0,0
3801,2012-10-12,44.28968253968254,0,0,0,1,oil,,,,,,,0,0
3802,2012-10-17,44.3015873015873,1,0,1,0,"gas,gold",580.4518948041299,6.363806929149687,0.0,,,,0,0
3803,2012-10-22,44.31349206349206,1,0,0,0,gold,579.953718648463,6.362948304922956,0.0,,,,0,0
3804,2012-10-24,44.32142857142857,0,0,1,0,gas,,,,,,,0,0
3805,2012-10-29,44.333333333333336,0,0,1,0,gas,,,,,,,0,0
3806,2012-11-01,44.345238095238095,0,0,1,1,"gas,oil",,,,,,,0,0
3807,2012-11-06,44.35714285714285,0,0,0,1,oil,,,,,,,0,0
3808,2012-11-09,44.36904761904762,1,1,0,0,"gold,silver",601.0718192267528,6.398714426941051,0.0,5.9338299239697365,1.7806698601787736,0.0,0,0
3809,2012-11-14,44.38095238095238,1,1,1,1,"gas,gold,oil,silver",600.3064831928052,6.39744033012086,0.0,5.831584598131974,1.7632887641400234,0.0,0,0
3810,2012-11-19,44.392857142857146,0,0,0,1,oil,,,,,,,0,0
3811,2012-11-22,44.40476190476191,0,0,0,1,oil,,,,,,,0,0
3812,2012-11-26,44.41269841269841,0,0,0,1,oil,,,,,,,0,0
3813,2012-11-29,44.42460317460318,0,1,0,0,silver,,,,6.127363137295593,1.8127645003560096,0.0,0,0
3814,2012-12-04,44.43650793650794,0,1,0,1,"oil,silver",,,,6.185629093514045,1.822228713447166,0.0,0,0
3815,2012-12-07,44.448412698412696,1,1,0,0,"gold,silver",629.1396681356932,6.444353279961934,0.0,6.176360746287137,1.820729222008708,0.0,0,0
3816,2012-12-12,44.46031746031746,1,0,0,1,"gold,oil",629.9624821295685,6.445660265436989,0.0,,,,0,0
3817,2012-12-17,44.47222222222222,1,0,0,1,"gold,oil",628.2518203385907,6.44294107389438,0.0,,,,0,0
3818,2012-12-20,44.48412698412698,0,0,0,1,oil,,,,,,,0,0
3819,2012-12-26,44.5,1,0,0,0,gold,523.2035534245936,6.259970591833598,0.0,,,,1,1
3820,2012-12-28,44.507936507936506,1,0,0,0,gold,533.0069405998279,6.2785344458443415,0.0,,,,1,1
3821,2013-01-17,44.56349206349206,1,1,1,0,"gas,gold,silver",548.1505982221456,6.306550063467478,0.0,,,,1,1
3822,2013-01-23,44.57936507936508,1,0,0,0,gold,526.9466434897823,6.267099297665727,0.0,,,,1,1
3823,2013-01-28,44.59126984126984,1,0,0,1,"gold,oil",537.3338121651739,6.286619525524321,0.0,,,,1,1
3824,2013-02-01,44.607142857142854,1,1,0,0,"gold,silver",533.4822712264228,6.279425839123895,0.0,,,,1,1
3825,2013-02-07,44.62301587301587,1,0,0,0,gold,516.1073399009748,6.24631476691167,0.0,,,,1,1
3826,2013-02-08,44.62698412698413,1,0,0,0,gold,517.8060444057719,6.249600740493361,0.0,,,,1,1
3827,2013-02-19,44.654761904761905,0,0,0,1,oil,,,,,,,1,1
3828,2013-02-22,44.666666666666664,0,0,0,1,oil,,,,,,,1,1
3829,2013-02-27,44.67857142857143,1,1,0,0,"gold,silver",524.2919491647367,6.2620486840624165,0.0,,,,1,1
3830,2013-03-01,44.68650793650794,1,0,0,0,gold,518.130568877987,6.250227273967841,0.0,,,,1,1
3831,2013-03-12,44.714285714285715,0,0,1,0,gas,,,,,,,1,1
3832,2013-03-21,44.742063492063494,1,0,0,0,gold,518.905094714208,6.251721004622292,0.0,,,,1,1
3833,2013-03-22,44.74603174603175,1,1,0,0,"gold,silver",522.9507212991792,6.25948723648832,0.0,,,,1,1
3834,2013-03-28,44.76190476190476,1,0,0,0,gold,522.2825819188278,6.258208786080555,0.0,,,,1,1
3835,2013-03-29,44.76587301587302,1,1,0,0,"gold,silver",516.2076739647233,6.246509153436552,0.0,,,,1,1
3836,2013-04-04,44.78174603174603,1,1,0,1,"gold,oil,silver",496.6963702590305,6.20797891437376,0.0,,,,1,1
3837,2013-04-09,44.79365079365079,1,1,0,0,"gold,silver",493.81508932250335,6.202161134002941,0.0,,,,1,1
3838,2013-04-10,44.79761904761905,1,0,0,1,"gold,oil",490.76459434183454,6.195964571566819,0.0,,,,1,1
3839,2013-04-11,44.801587301587304,1,1,0,0,"gold,silver",488.1250558214288,6.190571634952825,0.0,,,,1,1
3840,2013-04-12,44.80555555555556,1,0,0,0,gold,478.466192377037,6.170585555057419,0.0,,,,1,1
3841,2013-04-24,44.83730158730159,0,0,1,0,gas,,,,,,,1,1
3842,2013-04-25,44.84126984126984,1,0,0,1,"gold,oil",494.3211051753586,6.203185316499049,0.0,,,,1,1
3843,2013-04-26,44.845238095238095,1,1,0,0,"gold,silver",499.0805723859207,6.212767550424267,0.0,,,,1,1
3844,2013-05-06,44.86904761904762,1,1,0,1,"gold,oil,silver",489.4765799970165,6.193336616080344,0.0,,,,1,1
3845,2013-05-07,44.87301587301587,0,0,1,0,gas,,,,,,,1,1
3846,2013-05-13,44.888888888888886,1,0,0,1,"gold,oil",481.09460359399225,6.176063931835166,0.0,,,,1,1
3847,2013-05-20,44.90873015873016,0,1,0,0,silver,,,,,,,1,1
3848,2013-05-28,44.932539682539684,1,0,0,0,gold,499.394892646583,6.213397150814168,0.0,,,,1,1
3849,2013-06-06,44.96031746031746,0,1,0,0,silver,,,,,,,1,1
3850,2013-06-12,44.976190476190474,0,0,0,1,oil,,,,,,,1,1
3851,2013-06-17,44.98809523809524,1,0,0,1,"gold,oil",507.40355932512665,6.229306661971336,0.0,,,,1,1
3852,2013-06-18,44.992063492063494,1,0,0,1,"gold,oil",513.0117469462892,6.24029874343938,0.0,,,,1,1
3853,2013-06-21,45.00396825396825,0,1,0,0,silver,,,,,,,1,1
3854,2013-06-26,45.01587301587302,1,0,1,0,"gas,gold",510.1098631178394,6.2346261203973885,0.0,,,,1,1
3855,2013-07-01,45.02777777777778,1,0,0,0,gold,513.979050610825,6.2421825070580645,0.0,,,,1,1
3856,2013-07-03,45.035714285714285,1,1,0,1,"gold,oil,silver",518.343211019726,6.250637592393346,0.0,,,,1,1
3857,2013-07-04,45.03968253968254,1,1,0,0,"gold,silver",515.8143122486745,6.245746840733232,0.0,,,,1,1
3858,2013-07-15,45.067460317460316,1,1,0,0,"gold,silver",533.1065681907355,6.278721344500772,0.0,,,,1,1
3859,2013-07-17,45.07539682539682,1,0,0,0,gold,527.3620731316497,6.267887358424057,0.0,,,,1,1
3860,2013-07-19,45.083333333333336,1,0,0,0,gold,520.8321782054489,6.255427875094449,0.0,,,,1,1
3861,2013-07-22,45.08730158730159,0,1,0,0,silver,,,,,,,1,1
3862,2013-07-24,45.095238095238095,1,1,0,0,"gold,silver",532.4740028113309,6.277534075380211,0.0,,,,1,1
3863,2013-08-12,45.1468253968254,0,1,0,0,silver,,,,,,,1,1
3864,2013-08-13,45.15079365079365,1,0,0,0,gold,530.1968526681931,6.2732483577154525,0.0,,,,1,1
3865,2013-08-14,45.154761904761905,1,0,1,0,"gas,gold",530.5480801285925,6.273910585669366,0.0,,,,1,1
3866,2013-08-15,45.15873015873016,1,0,0,0,gold,533.8687125112771,6.280149952012022,0.0,,,,1,1
3867,2013-08-16,45.16269841269841,1,1,0,0,"gold,silver",533.5823901180529,6.279613492029198,0.0,,,,1,1
3868,2013-08-23,45.182539682539684,1,0,0,0,gold,538.1126589441797,6.288067941481955,0.0,,,,1,1
3869,2013-08-27,45.19047619047619,1,0,0,0,gold,524.3832231874916,6.2622227589816895,0.0,,,,1,1
3870,2013-09-03,45.21031746031746,1,1,1,0,"gas,gold,silver",523.4136995851002,6.260372163970359,0.0,,,,1,1
3871,2013-09-05,45.21825396825397,0,0,1,0,gas,,,,,,,1,1
3872,2013-09-06,45.22222222222222,1,0,0,1,"gold,oil",528.7063540529914,6.270433181427161,0.0,,,,1,1
3873,2013-09-09,45.226190476190474,1,0,0,0,gold,519.623346856175,6.253104216150709,0.0,,,,1,1
3874,2013-09-10,45.23015873015873,1,0,0,0,gold,520.1183423512924,6.2540563671275375,0.0,,,,1,1
3875,2013-09-12,45.23809523809524,1,0,0,0,gold,530.0672187787533,6.273003826388631,0.0,,,,1,1
3876,2013-09-13,45.242063492063494,1,1,1,0,"gas,gold,silver",526.2307170760948,6.265739742189565,0.0,,,,1,1
3877,2013-09-16,45.24603174603175,1,1,1,1,"gas,gold,oil,silver",526.2304298885558,6.265739196444879,0.0,,,,1,1
3878,2013-09-17,45.25,1,0,1,0,"gas,gold",522.6035513765447,6.258823148655739,0.0,,,,1,1
3879,2013-09-27,45.28174603174603,0,1,0,0,silver,,,,,,,1,1
3880,2013-10-02,45.29365079365079,1,1,0,0,"gold,silver",508.6031705153168,6.231668086777706,0.0,,,,1,1
3881,2013-10-07,45.30555555555556,1,1,0,1,"gold,oil,silver",508.16331751569527,6.230802887083897,0.0,,,,1,1
3882,2013-10-10,45.317460317460316,1,0,1,0,"gas,gold",511.12369020634407,6.2366116161113965,0.0,,,,1,1
3883,2013-10-11,45.32142857142857,0,1,0,0,silver,,,,,,,1,1
3884,2013-10-23,45.3531746031746,1,0,1,0,"gas,gold",532.3234821417751,6.2772513536933445,0.0,,,,1,1
3885,2013-11-05,45.388888888888886,1,1,1,1,"gas,gold,oil,silver",527.5036674014041,6.268155817745777,0.0,,,,1,1
3886,2013-11-07,45.3968253968254,1,0,0,0,gold,515.5132146802002,6.245162937813612,0.0,,,,1,1
3887,2013-11-12,45.40873015873016,0,1,1,0,"gas,silver",,,,,,,1,1
3888,2013-11-15,45.42063492063492,1,1,1,1,"gas,gold,oil,silver",507.5106444152035,6.229517684913136,0.0,,,,1,1
3889,2013-11-18,45.42460317460318,0,1,0,0,silver,,,,,,,1,1
3890,2013-11-20,45.432539682539684,1,0,0,1,"gold,oil",492.308704735043,6.199105968377168,0.0,,,,1,1
3891,2013-11-25,45.44444444444444,0,1,0,0,silver,,,,,,,1,1
3892,2013-11-27,45.45238095238095,0,0,0,1,oil,,,,,,,1,1
3893,2013-12-03,45.46825396825397,1,0,0,0,gold,493.1513403180399,6.20081610526722,0.0,,,,1,1
3894,2013-12-04,45.47222222222222,1,0,0,0,gold,494.6664021133478,6.2038836002477815,0.0,,,,1,1
3895,2013-12-12,45.49603174603175,1,1,1,0,"gas,gold,silver",503.2419013788099,6.221070971750194,0.0,,,,1,1
3896,2013-12-17,45.507936507936506,1,1,0,1,"gold,oil,silver",496.9089214214567,6.208406752605798,0.0,,,,1,1
3897,2013-12-18,45.51190476190476,1,0,1,1,"gas,gold,oil",494.8246233662088,6.204203403561071,0.0,,,,1,1
3898,2013-12-23,45.523809523809526,1,0,0,1,"gold,oil",495.3294767986056,6.205223150842958,0.0,,,,1,1
3899,2013-12-25,45.53174603174603,1,1,1,1,"gas,gold,oil,silver",481.8980884082098,6.177732656857365,0.0,,,,1,1
3900,2013-12-31,45.54761904761905,1,0,0,0,gold,488.1510403921355,6.190624866965395,0.0,,,,1,1
3901,2014-01-08,45.57142857142857,1,0,0,0,gold,488.6889742686185,6.191726242672342,0.0,,,,1,1
3902,2014-01-17,45.59920634920635,1,0,1,1,"gas,gold,oil",500.1651234406101,6.2149382907839135,0.0,,,,1,1
3903,2014-01-20,45.6031746031746,1,1,1,1,"gas,gold,oil,silver",511.9092940074212,6.238147449203041,0.0,,,,1,1
3904,2014-01-27,45.62301587301587,1,0,0,0,gold,498.77480787446456,6.212154707066253,0.0,,,,1,1
3905,2014-01-28,45.62698412698413,1,0,0,0,gold,497.9741814127208,6.210548231127908,0.0,,,,1,1
3906,2014-01-30,45.63492063492063,1,0,0,0,gold,498.491460797918,6.211586459461632,0.0,,,,1,1
3907,2014-02-12,45.67063492063492,1,0,0,0,gold,494.0167613679458,6.202569446506944,0.0,,,,1,1
3908,2014-02-13,45.67460317460318,1,1,0,0,"gold,silver",496.024744831964,6.206625814254645,0.0,,,,1,1
3909,2014-02-24,45.70238095238095,1,0,0,1,"gold,oil",481.64884215144735,6.177215305279737,0.0,,,,1,1
3910,2014-02-26,45.71031746031746,1,1,1,1,"gas,gold,oil,silver",483.35760150297824,6.180756755492192,0.0,,,,1,1
3911,2014-02-27,45.714285714285715,0,1,0,0,silver,,,,,,,1,1
3912,2014-02-28,45.71825396825397,0,1,0,1,"oil,silver",,,,,,,1,1
3913,2014-03-03,45.72222222222222,1,0,0,1,"gold,oil",488.853244628881,6.192062331198511,0.0,,,,1,1
3914,2014-03-04,45.726190476190474,1,0,0,0,gold,486.1477472891372,6.186512584467572,0.0,,,,1,1
3915,2014-03-06,45.73412698412698,1,0,0,0,gold,491.4723833766669,6.1974057495582695,0.0,,,,1,1
3916,2014-03-11,45.74603174603175,0,1,1,0,"gas,silver",,,,,,,1,1
3917,2014-03-12,45.75,1,0,1,0,"gas,gold",496.6716442605109,6.207929132222204,0.0,,,,1,1
3918,2014-03-18,45.76587301587302,1,0,1,1,"gas,gold,oil",486.5471721571087,6.187333859221735,0.0,,,,1,1
3919,2014-03-19,45.76984126984127,0,1,0,0,silver,,,,,,,1,1
3920,2014-03-24,45.78174603174603,1,1,1,0,"gas,gold,silver",486.5627459479157,6.187365867508813,0.0,,,,1,1
3921,2014-03-26,45.78968253968254,1,0,0,0,gold,484.5446242685221,6.18320953084293,0.0,,,,1,1
3922,2014-03-31,45.801587301587304,1,1,1,0,"gas,gold,silver",489.9559509753941,6.194315491095204,0.0,,,,1,1
3923,2014-04-15,45.845238095238095,1,0,0,0,gold,507.4245515527994,6.229348032972889,0.0,,,,1,1
3924,2014-04-22,45.86507936507937,1,1,1,1,"gas,gold,oil,silver",521.3373997971942,6.256397432529221,0.0,,,,1,1
3925,2014-04-23,45.86904761904762,1,1,0,1,"gold,oil,silver",526.8030387907017,6.266826738247898,0.0,,,,1,1
3926,2014-04-24,45.87301587301587,1,1,0,0,"gold,silver",522.2825499586988,6.258208724887379,0.0,,,,1,1
3927,2014-04-28,45.88095238095238,1,1,1,0,"gas,gold,silver",520.1583424163287,6.254133269870128,0.0,,,,1,1
3928,2014-05-05,45.90079365079365,1,0,0,0,gold,523.6941240717421,6.260907781195272,0.0,,,,1,1
3929,2014-05-07,45.90873015873016,1,1,0,0,"gold,silver",530.9935107674953,6.27474980039042,0.0,,,,1,1
3930,2014-05-12,45.92063492063492,1,0,1,0,"gas,gold",532.3708366175738,6.277340307818478,0.0,,,,1,1
3931,2014-05-13,45.92460317460318,0,1,0,0,silver,,,,,,,1,1
3932,2014-05-14,45.92857142857143,0,0,1,0,gas,,,,,,,1,1
3933,2014-05-21,45.948412698412696,0,1,0,0,silver,,,,,,,1,1
3934,2014-05-22,45.95238095238095,1,1,0,0,"gold,silver",550.7000251935207,6.311190242016611,0.0,,,,1,1
3935,2014-05-23,45.95634920634921,1,0,0,0,gold,557.5509362722916,6.323553864671537,0.0,,,,1,1
3936,2014-05-28,45.96825396825397,1,0,0,0,gold,569.3528453794931,6.344500356836983,0.0,,,,1,1
3937,2014-06-04,45.98809523809524,1,0,0,1,"gold,oil",578.7815518340363,6.360925121122273,0.0,,,,1,1
3938,2014-06-06,45.99603174603175,0,1,0,0,silver,,,,,,,1,1
3939,2014-06-09,46.0,1,0,0,1,"gold,oil",576.9429853417861,6.357743449393243,0.0,,,,1,1
3940,2014-06-10,46.00396825396825,1,1,1,0,"gas,gold,silver",580.9702458323528,6.364699543548024,0.0,,,,1,1
3941,2014-06-12,46.01190476190476,1,0,0,1,"gold,oil",593.971527714819,6.38683138507378,0.0,,,,1,1
3942,2014-06-16,46.01984126984127,1,0,0,0,gold,597.0018340667075,6.391920185526422,0.0,,,,1,1
3943,2014-06-20,46.035714285714285,1,1,1,1,"gas,gold,oil,silver",598.6178901772654,6.394623481669737,0.0,,,,1,1
3944,2014-06-23,46.03968253968254,0,1,0,0,silver,,,,,,,1,1
3945,2014-06-24,46.04365079365079,0,0,0,1,oil,,,,,,,1,1
3946,2014-06-26,46.051587301587304,1,0,0,0,gold,611.2281780629809,6.415470339641343,0.0,,,,1,1
3947,2014-06-30,46.05952380952381,1,0,0,0,gold,609.5000381764082,6.412639011556941,0.0,,,,1,1
3948,2014-07-01,46.06349206349206,1,1,0,0,"gold,silver",604.9424501701542,6.405133329820601,0.0,,,,1,1
3949,2014-07-04,46.07539682539682,1,1,0,0,"gold,silver",602.0392754299346,6.400322684758646,0.0,,,,1,1
3950,2014-07-14,46.09920634920635,1,0,1,1,"gas,gold,oil",588.5394964843852,6.377644038270534,0.0,,,,0,0
3951,2014-07-17,46.11111111111112,1,0,0,1,"gold,oil",591.9179301589583,6.383367993785527,0.0,,,,0,0
3952,2014-07-22,46.12301587301587,1,0,0,0,gold,590.2935838441873,6.380620012873981,0.0,,,,0,0
3953,2014-07-25,46.13492063492063,0,0,1,0,gas,,,,,,,0,0
3954,2014-07-30,46.1468253968254,0,1,1,0,"gas,silver",,,,3.926463861372045,1.3677392400140571,0.0,0,0
3955,2014-08-04,46.15873015873016,0,1,0,0,silver,,,,3.86722530617061,1.352537274742374,0.0,0,0
3956,2014-08-07,46.17063492063492,0,1,0,0,silver,,,,3.988102660915364,1.38331559422447,0.0,0,0
3957,2014-08-12,46.18253968253968,0,0,1,1,"gas,oil",,,,,,,0,0
3958,2014-08-14,46.19047619047619,1,0,0,0,gold,589.6918078509932,6.379600040847886,0.0,,,,0,0
3959,2014-08-19,46.20238095238095,1,1,1,0,"gas,gold,silver",589.0599068147609,6.378527887842462,0.0,4.045941053902141,1.397714169658244,0.0,0,0
3960,2014-08-22,46.21428571428572,1,0,1,1,"gas,gold,oil",592.757136786422,6.384784765001961,0.0,,,,0,0
3961,2014-08-27,46.22619047619048,0,1,0,0,silver,,,,4.052708791525303,1.3993854949600433,0.0,0,0
3962,2014-09-01,46.23809523809524,0,1,1,0,"gas,silver",,,,4.217921547149798,1.4393424823458658,0.0,0,0
3963,2014-09-04,46.25,1,0,0,0,gold,619.8069554507293,6.429408067379628,0.0,,,,0,0
3964,2014-09-09,46.26190476190476,0,1,0,0,silver,,,,4.74733013748496,1.5575823837034828,0.0,0,0
3965,2014-09-12,46.273809523809526,1,1,1,0,"gas,gold,silver",626.5678149535427,6.440257012617882,0.0,4.823299612603381,1.5734582607836118,0.0,0,0
3966,2014-09-16,46.28174603174603,0,0,0,1,oil,,,,,,,0,0
3967,2014-09-19,46.29365079365079,1,0,0,1,"gold,oil",597.6855132364749,6.3930647180201206,0.0,,,,0,0
3968,2014-09-24,46.30555555555556,0,1,0,1,"oil,silver",,,,4.431247970062456,1.488681253202276,0.0,0,0
3969,2014-09-29,46.31746031746032,1,1,0,0,"gold,silver",576.9389230217001,6.357736408256613,0.0,4.31332306591696,1.461708620011617,0.0,0,0
3970,2014-10-02,46.32936507936508,1,1,0,0,"gold,silver",560.2773735138203,6.328431970949871,0.0,4.132287202687051,1.4188310557845516,0.0,0,0
3971,2014-10-07,46.34126984126984,1,0,1,1,"gas,gold,oil",576.8645470926464,6.357607485210213,0.0,,,,0,0
3972,2014-10-10,46.3531746031746,1,0,0,0,gold,570.0942449715062,6.345801689216379,0.0,,,,0,0
3973,2014-10-14,46.36111111111112,1,0,0,0,gold,570.8390786172287,6.347107346148533,0.0,,,,0,0
3974,2014-10-17,46.37301587301587,0,0,1,0,gas,,,,,,,0,0
3975,2014-10-22,46.38492063492063,1,0,0,0,gold,567.1804310246661,6.340677473608404,0.0,,,,0,0
3976,2014-10-27,46.3968253968254,0,1,0,1,"oil,silver",,,,3.985128013095266,1.3825694354640556,0.0,0,0
3977,2014-10-30,46.40873015873016,0,1,0,0,silver,,,,3.997813340452169,1.3857475467572056,0.0,0,0
3978,2014-11-04,46.42063492063492,0,1,0,1,"oil,silver",,,,4.153561001337168,1.4239660389201303,0.0,0,0
3979,2014-11-07,46.43253968253968,0,0,1,0,gas,,,,,,,0,0
3980,2014-11-12,46.44444444444444,1,1,0,0,"gold,silver",556.4077578208128,6.321501402836366,0.0,3.8091941659381527,1.3374176617651623,0.0,0,0
3981,2014-11-14,46.45238095238095,1,1,0,0,"gold,silver",550.5710219227677,6.310955961324894,0.0,3.741189180225477,1.31940352351417,0.0,0,0
3982,2014-11-19,46.46428571428572,1,0,0,1,"gold,oil",553.996260451266,6.317157936636535,0.0,,,,0,0
3983,2014-11-24,46.47619047619048,1,0,0,1,"gold,oil",557.9286339645757,6.3242310580810726,0.0,,,,0,0
3984,2014-11-27,46.48809523809524,0,1,0,0,silver,,,,3.771921500381327,1.3275845534150292,0.0,0,0
3985,2014-12-02,46.5,0,0,1,0,gas,,,,,,,0,0
3986,2014-12-05,46.51190476190476,0,1,1,0,"gas,silver",,,,4.141671077069877,1.4210993482001029,0.0,0,0
3987,2014-12-10,46.523809523809526,1,1,0,0,"gold,silver",567.170852399285,6.3406605853207605,0.0,4.044630098698125,1.3973900997772026,0.0,0,0
3988,2014-12-15,46.535714285714285,1,0,1,1,"gas,gold,oil",585.9320798666579,6.373203878195142,0.0,,,,0,0
3989,2014-12-17,46.54365079365079,0,0,1,0,gas,,,,,,,0,0
3990,2014-12-22,46.55555555555556,1,1,0,0,"gold,silver",600.8062867500175,6.398272564359921,0.0,4.545832532387469,1.5142108862976569,0.0,0,0
3991,2014-12-25,46.56746031746032,0,1,0,1,"oil,silver",,,,4.34040535790741,1.4679677441902594,0.0,0,0
3992,2014-12-30,46.57936507936508,1,0,0,0,gold,597.7227010348886,6.393126935759604,0.0,,,,0,0
3993,2015-01-02,46.59126984126984,0,0,0,1,oil,,,,,,,0,0
3994,2015-01-07,46.6031746031746,0,0,1,0,gas,,,,,,,0,0
3995,2015-01-12,46.61507936507937,1,0,1,0,"gas,gold",591.2235475996185,6.38219419901606,0.0,,,,0,0
3996,2015-01-15,46.62698412698413,0,1,1,0,"gas,silver",,,,4.076859037935991,1.4053268482911403,0.0,0,0
3997,2015-01-19,46.63492063492063,0,0,1,0,gas,,,,,,,0,0
3998,2015-01-22,46.6468253968254,0,1,1,0,"gas,silver",,,,3.87398702568701,1.354284215905115,0.0,0,0
3999,2015-01-27,46.65873015873016,1,0,0,0,gold,576.9108274898236,6.357687709486483,0.0,,,,0,0
4000,2015-01-30,46.67063492063492,1,1,1,0,"gas,gold,silver",595.7825855439434,6.389875811157728,0.0,3.973134764420474,1.3795553963227505,0.0,0,0
4001,2015-02-04,46.68253968253968,0,0,0,1,oil,,,,,,,0,0
4002,2015-02-09,46.69444444444444,1,0,0,1,"gold,oil",589.9480479953662,6.38003447877762,0.0,,,,0,0
4003,2015-02-12,46.70634920634921,0,0,0,1,oil,,,,,,,0,0
4004,2015-02-16,46.71428571428572,0,1,0,0,silver,,,,3.819504871315177,1.3401207993787958,0.0,0,0
4005,2015-02-19,46.72619047619048,1,0,0,0,gold,589.5586368039038,6.379374183739654,0.0,,,,0,0
4006,2015-02-24,46.73809523809524,0,0,0,1,oil,,,,,,,0,0
4007,2015-02-27,46.75,1,1,0,0,"gold,silver",576.0296200814856,6.356159083126315,0.0,3.6358655012247625,1.290847184768777,0.0,0,0
4008,2015-03-04,46.76190476190476,1,0,0,0,gold,583.8026853230834,6.369563058140651,0.0,,,,0,0
4009,2015-03-09,46.773809523809526,1,1,0,0,"gold,silver",598.3513944986819,6.394178197590357,0.0,3.97455401411436,1.3799125441045823,0.0,0,0
4010,2015-03-12,46.785714285714285,1,1,0,0,"gold,silver",615.4993663269851,6.422433916098365,0.0,4.083918347142953,1.4070569067487182,0.0,0,0
4011,2015-03-17,46.79761904761905,1,0,0,1,"gold,oil",612.8887506990768,6.418183436104085,0.0,,,,0,0
4012,2015-03-19,46.80555555555556,1,1,0,0,"gold,silver",607.5469114646417,6.4094293927512815,0.0,4.086455150817618,1.4076778829517806,0.0,0,0
4013,2015-03-24,46.81746031746032,1,0,0,0,gold,622.5065381592755,6.433754131350815,0.0,,,,0,0
4014,2015-03-27,46.82936507936508,1,0,0,0,gold,619.9113545808243,6.429576491334484,0.0,,,,0,0
4015,2015-04-01,46.84126984126984,0,0,1,0,gas,,,,,,,0,0
4016,2015-04-06,46.8531746031746,0,0,0,1,oil,,,,,,,0,0
4017,2015-04-09,46.86507936507937,0,0,1,0,gas,,,,,,,0,0
4018,2015-04-14,46.87698412698413,0,1,1,0,"gas,silver",,,,4.444888198402795,1.4917547164342015,0.0,0,0
4019,2015-04-17,46.888888888888886,1,0,1,0,"gas,gold",635.0765158605728,6.453745489051686,0.0,,,,0,0
4020,2015-04-21,46.8968253968254,0,1,0,0,silver,,,,4.6910385717311325,1.5456540018090272,0.0,0,0
4021,2015-04-24,46.90873015873016,1,0,0,0,gold,644.1177285652299,6.467881517728049,0.0,,,,0,0
4022,2015-04-29,46.92063492063492,1,0,0,0,gold,648.1355035903803,6.474099784970708,0.0,,,,0,0
4023,2015-05-04,46.93253968253968,0,1,1,1,"gas,oil,silver",,,,4.869110318565694,1.5829112342792149,0.0,0,0
4024,2015-05-07,46.94444444444444,0,0,1,0,gas,,,,,,,0,0
4025,2015-05-12,46.95634920634921,0,1,0,0,silver,,,,4.682965207223399,1.543931500582389,0.0,0,0
4026,2015-05-15,46.96825396825397,1,0,0,0,gold,680.0694454218767,6.522194918576093,0.0,,,,0,0
4027,2015-05-19,46.97619047619048,1,1,0,1,"gold,oil,silver",643.4930719840057,6.466911260830605,0.0,4.5790311072851,1.521487427118819,0.0,0,0
4028,2015-05-22,46.98809523809524,0,1,1,0,"gas,silver",,,,4.714411992084738,1.550624198252216,0.0,0,0
4029,2015-05-27,47.0,0,0,1,1,"gas,oil",,,,,,,0,0
4030,2015-06-01,47.01190476190476,0,0,1,0,gas,,,,,,,0,0
4031,2015-06-04,47.023809523809526,0,0,1,1,"gas,oil",,,,,,,0,0
4032,2015-06-09,47.035714285714285,0,1,0,0,silver,,,,5.228362895288275,1.654098207141832,0.0,0,0
4033,2015-06-12,47.04761904761905,1,0,1,0,"gas,gold",701.7356733369209,6.553556799411105,0.0,,,,0,0
4034,2015-06-18,47.06349206349206,1,0,0,0,gold,524.0284023341738,6.261545885779929,0.0,,,,1,1
4035,2015-06-19,47.067460317460316,1,1,0,0,"gold,silver",520.6443391368733,6.255067158232409,0.0,,,,1,1
4036,2015-06-22,47.07142857142857,1,0,0,0,gold,517.6304071698944,6.249261487925432,0.0,,,,1,1
4037,2015-06-24,47.07936507936508,1,0,0,0,gold,510.2738527922265,6.234947547862845,0.0,,,,1,1
4038,2015-06-26,47.08730158730159,1,0,0,0,gold,528.0288650808097,6.269150950925637,0.0,,,,1,1
4039,2015-07-02,47.1031746031746,0,1,0,0,silver,,,,,,,1,1
4040,2015-07-03,47.107142857142854,1,1,0,0,"gold,silver",527.9666170069911,6.2690330563419066,0.0,,,,1,1
4041,2015-07-08,47.11904761904762,1,0,0,0,gold,522.4277518585255,6.2584867003232665,0.0,,,,1,1
4042,2015-07-09,47.12301587301587,1,0,0,0,gold,526.521310660788,6.266291806843761,0.0,,,,1,1
4043,2015-07-13,47.13095238095238,1,0,0,1,"gold,oil",526.9952373828121,6.267191511276261,0.0,,,,1,1
4044,2015-07-15,47.138888888888886,1,0,1,0,"gas,gold",530.1793015925,6.27321525422548,0.0,,,,1,1
4045,2015-07-22,47.15873015873016,0,1,0,1,"oil,silver",,,,,,,1,1
4046,2015-07-31,47.18650793650794,1,1,1,0,"gas,gold,silver",537.7481339727271,6.287390298077155,0.0,,,,1,1
4047,2015-08-05,47.198412698412696,1,0,0,0,gold,556.2212618673461,6.321166168087113,0.0,,,,1,1
4048,2015-08-10,47.21031746031746,1,0,0,0,gold,555.1500426621084,6.319238424348166,0.0,,,,1,1
4049,2015-08-11,47.214285714285715,0,1,0,0,silver,,,,,,,1,1
4050,2015-08-12,47.21825396825397,1,0,0,0,gold,564.1039682730092,6.335238575418952,0.0,,,,1,1
4051,2015-08-17,47.23015873015873,1,0,0,0,gold,561.2003795797624,6.330078024599714,0.0,,,,1,1
4052,2015-08-21,47.24603174603175,0,1,1,0,"gas,silver",,,,,,,1,1
4053,2015-08-27,47.26190476190476,1,1,1,1,"gas,gold,oil,silver",580.8733568302838,6.364532758617468,0.0,,,,1,1
4054,2015-08-28,47.26587301587302,1,0,0,0,gold,584.1062554833286,6.370082910599135,0.0,,,,1,1
4055,2015-09-03,47.28174603174603,1,1,0,1,"gold,oil,silver",583.8551830871615,6.369652977911731,0.0,,,,1,1
4056,2015-09-04,47.285714285714285,1,0,0,1,"gold,oil",588.635067785399,6.3778064123212905,0.0,,,,1,1
4057,2015-09-07,47.28968253968254,1,0,0,0,gold,591.6901005434854,6.382983019009457,0.0,,,,1,1
4058,2015-09-09,47.29761904761905,1,0,0,0,gold,609.3440678625116,6.412383080033007,0.0,,,,1,1
4059,2015-09-14,47.30952380952381,1,0,1,1,"gas,gold,oil",621.4848014181979,6.43211145597467,0.0,,,,1,1
4060,2015-09-15,47.31349206349206,1,1,0,1,"gold,oil,silver",630.9469170472307,6.447221733879249,0.0,,,,1,1
4061,2015-09-30,47.357142857142854,1,0,0,1,"gold,oil",656.696413962477,6.487221832488363,0.0,,,,1,1
4062,2015-10-02,47.36507936507937,0,1,1,0,"gas,silver",,,,,,,1,1
4063,2015-10-07,47.37698412698413,0,0,0,1,oil,,,,,,,1,1
4064,2015-10-08,47.38095238095238,1,0,0,0,gold,669.4468697231766,6.506451803839076,0.0,,,,1,1
4065,2015-10-14,47.3968253968254,1,0,0,1,"gold,oil",670.2593505697574,6.507664727887473,0.0,,,,1,1
4066,2015-10-15,47.40079365079365,1,1,1,1,"gas,gold,oil,silver",657.2905002702053,6.488126082510602,0.0,,,,1,1
4067,2015-10-22,47.42063492063492,1,0,1,1,"gas,gold,oil",645.2244423113506,6.469598228843094,0.0,,,,1,1
4068,2015-10-23,47.42460317460318,1,0,0,0,gold,645.3371527566471,6.4697728976787605,0.0,,,,1,1
4069,2015-11-04,47.45634920634921,1,0,0,0,gold,672.4664596264342,6.510952236070801,0.0,,,,1,1
4070,2015-11-10,47.47222222222222,1,1,0,1,"gold,oil,silver",683.9402931441615,6.527870623087583,0.0,,,,1,1
4071,2015-11-11,47.476190476190474,0,1,0,0,silver,,,,,,,1,1
4072,2015-11-16,47.48809523809524,0,1,0,0,silver,,,,,,,1,1
4073,2015-11-18,47.49603174603175,1,0,0,0,gold,660.9077591948411,6.493614282753747,0.0,,,,1,1
4074,2015-11-20,47.50396825396825,1,0,0,0,gold,655.7593199558895,6.485793831312228,0.0,,,,1,1
4075,2015-11-23,47.507936507936506,1,0,0,0,gold,659.0183281775049,6.490751346221228,0.0,,,,1,1
4076,2015-11-24,47.51190476190476,1,0,0,0,gold,666.1899472431545,6.501574835947672,0.0,,,,1,1
4077,2015-11-26,47.51984126984127,0,0,1,1,"gas,oil",,,,,,,1,1
4078,2015-11-30,47.52777777777778,0,1,0,0,silver,,,,,,,1,1
4079,2015-12-02,47.535714285714285,0,1,0,0,silver,,,,,,,1,1
4080,2015-12-03,47.53968253968254,1,0,0,0,gold,673.6339849723578,6.512686914405357,0.0,,,,1,1
4081,2015-12-07,47.54761904761905,1,1,0,0,"gold,silver",681.133534268562,6.523758372490485,0.0,,,,1,1
4082,2015-12-08,47.551587301587304,1,0,0,0,gold,685.2971600187062,6.529852554440051,0.0,,,,1,1
4083,2015-12-10,47.55952380952381,1,1,1,0,"gas,gold,silver",698.1790488835178,6.548475586892603,0.0,,,,1,1
4084,2015-12-11,47.56349206349206,1,1,0,0,"gold,silver",695.4171243792587,6.544511844492392,0.0,,,,1,1
4085,2015-12-16,47.57539682539682,1,0,0,0,gold,688.6854261151788,6.534784600885159,0.0,,,,1,1
4086,2015-12-25,47.6031746031746,1,0,0,0,gold,668.5649126530087,6.505133493777062,0.0,,,,1,1
4087,2015-12-28,47.607142857142854,1,1,0,0,"gold,silver",666.8701737322596,6.502595384889825,0.0,,,,1,1
4088,2015-12-31,47.61904761904762,1,0,1,0,"gas,gold",667.2493224127587,6.503163772791812,0.0,,,,1,1
4089,2016-01-05,47.63095238095238,1,0,0,1,"gold,oil",660.1736263958242,6.492502870720252,0.0,,,,1,1
4090,2016-01-11,47.6468253968254,0,1,0,0,silver,,,,,,,1,1
4091,2016-01-20,47.67460317460318,1,0,1,0,"gas,gold",665.6297062623294,6.500733519313853,0.0,,,,1,1
4092,2016-01-27,47.69444444444444,1,1,0,0,"gold,silver",675.4866049049616,6.515433327307209,0.0,,,,1,1
4093,2016-01-29,47.70238095238095,1,0,0,0,gold,679.0622614741934,6.520712819193172,0.0,,,,1,1
4094,2016-02-02,47.71031746031746,0,0,1,0,gas,,,,,,,1,1
4095,2016-02-09,47.73015873015873,1,1,0,0,"gold,silver",696.5990098204393,6.546209936484493,0.0,,,,1,1
4096,2016-02-11,47.73809523809524,1,0,0,0,gold,709.2319092130201,6.564182566438056,0.0,,,,1,1
4097,2016-02-24,47.773809523809526,1,1,0,1,"gold,oil,silver",697.311955184321,6.547232879045317,0.0,,,,1,1
4098,2016-02-29,47.785714285714285,1,0,0,0,gold,712.0009836290417,6.5680792929124845,0.0,,,,1,1
4099,2016-03-01,47.78968253968254,0,0,0,1,oil,,,,,,,1,1
4100,2016-03-02,47.79365079365079,1,1,0,0,"gold,silver",706.8482884221048,6.560816057894116,0.0,,,,1,1
4101,2016-03-07,47.80555555555556,1,1,1,0,"gas,gold,silver",712.2267367077038,6.568396311149567,0.0,,,,1,1
4102,2016-03-08,47.80952380952381,0,1,0,0,silver,,,,,,,1,1
4103,2016-03-14,47.82539682539682,0,0,0,1,oil,,,,,,,1,1
4104,2016-03-18,47.84126984126984,0,1,1,0,"gas,silver",,,,,,,1,1
4105,2016-03-21,47.845238095238095,1,0,0,0,gold,724.3866765191992,6.585325333403891,0.0,,,,1,1
4106,2016-03-30,47.87301587301587,1,0,0,0,gold,741.8359192611681,6.609128085642656,0.0,,,,1,1
4107,2016-04-01,47.88095238095238,1,0,0,0,gold,737.4820744367621,6.603241782070125,0.0,,,,1,1
4108,2016-04-06,47.892857142857146,1,0,0,0,gold,721.6795508988816,6.581581205048669,0.0,,,,1,1
4109,2016-04-11,47.904761904761905,1,0,0,1,"gold,oil",729.0776937349216,6.591780302097932,0.0,,,,1,1
4110,2016-04-12,47.90873015873016,1,0,0,0,gold,729.0137852761053,6.591692641673635,0.0,,,,1,1
4111,2016-04-14,47.916666666666664,0,1,0,1,"oil,silver",,,,,,,1,1
4112,2016-04-20,47.932539682539684,1,0,1,1,"gas,gold,oil",710.9293610441075,6.566573073312144,0.0,,,,1,1
4113,2016-04-21,47.93650793650794,1,1,0,1,"gold,oil,silver",714.7125325724141,6.571880409503019,0.0,,,,1,1
4114,2016-04-22,47.94047619047619,1,1,0,1,"gold,oil,silver",718.7637995283916,6.577532791271104,0.0,,,,1,1
4115,2016-04-28,47.95634920634921,1,0,1,0,"gas,gold",716.5737241441349,6.574481136802739,0.0,,,,1,1
4116,2016-05-03,47.96825396825397,1,0,0,0,gold,723.2698285702633,6.583782359408901,0.0,,,,1,1
4117,2016-05-05,47.976190476190474,1,0,1,0,"gas,gold",753.7208381067752,6.625022058214048,0.0,,,,1,1
4118,2016-05-06,47.98015873015873,1,1,0,1,"gold,oil,silver",750.1504906987079,6.6202738406669255,0.0,,,,1,1
4119,2016-05-09,47.98412698412698,0,1,0,0,silver,,,,,,,1,1
4120,2016-05-13,48.0,0,1,0,0,silver,,,,,,,1,1
4121,2016-05-16,48.00396825396825,1,0,1,0,"gas,gold",748.7739551432574,6.61843714243141,0.0,,,,1,1
4122,2016-05-18,48.01190476190476,1,1,1,0,"gas,gold,silver",759.7818974438235,6.633031415046983,0.0,,,,1,1
4123,2016-05-19,48.01587301587302,1,0,0,0,gold,766.2052978243081,6.6414501466570375,0.0,,,,1,1
4124,2016-05-20,48.01984126984127,0,1,0,0,silver,,,,,,,1,1
4125,2016-05-25,48.03174603174603,1,0,0,0,gold,760.7555110568371,6.634312032992494,0.0,,,,1,1
4126,2016-05-26,48.035714285714285,1,0,1,0,"gas,gold",761.0281807580486,6.634670388395559,0.0,,,,1,1
4127,2016-06-08,48.07142857142857,1,0,1,0,"gas,gold",751.6397509358171,6.622257154559896,0.0,,,,1,1
4128,2016-06-09,48.07539682539682,1,1,0,0,"gold,silver",756.8001533617879,6.629099220382717,0.0,,,,1,1
4129,2016-06-10,48.07936507936508,1,0,0,0,gold,752.9608261434345,6.624013202732715,0.0,,,,1,1
4130,2016-06-14,48.08730158730159,0,0,0,1,oil,,,,,,,1,1
4131,2016-06-15,48.09126984126984,1,0,0,0,gold,759.1128294618169,6.632150421764922,0.0,,,,1,1
4132,2016-06-20,48.1031746031746,1,0,0,0,gold,755.8238724478908,6.627808376084594,0.0,,,,1,1
4133,2016-06-27,48.12301587301587,1,0,0,0,gold,758.9474965007332,6.63193260043212,0.0,,,,1,1
4134,2016-06-30,48.13492063492063,1,0,0,0,gold,762.4562834216596,6.636545173620459,0.0,,,,1,1
4135,2016-07-06,48.15079365079365,1,0,0,1,"gold,oil",786.1657047649605,6.667167590521382,0.0,,,,1,1
4136,2016-07-12,48.166666666666664,0,0,0,1,oil,,,,,,,1,1
4137,2016-07-20,48.19047619047619,1,0,0,1,"gold,oil",754.1291664889245,6.6255636616771065,0.0,,,,1,1
4138,2016-07-22,48.198412698412696,1,1,1,1,"gas,gold,oil,silver",771.1969277958651,6.647943759621214,0.0,,,,1,1
4139,2016-07-25,48.20238095238095,1,1,1,1,"gas,gold,oil,silver",778.1012620336394,6.656856672564301,0.0,,,,1,1
4140,2016-08-04,48.23412698412698,1,0,0,0,gold,786.7606883226744,6.66792412126396,0.0,,,,1,1
4141,2016-08-08,48.242063492063494,1,0,0,0,gold,789.666312442607,6.671610466916418,0.0,,,,1,1
4142,2016-08-19,48.27777777777778,1,1,1,1,"gas,gold,oil,silver",805.6935634199064,6.691703475946357,0.0,,,,1,1
4143,2016-08-24,48.28968253968254,0,1,0,1,"oil,silver",,,,,,,1,1
4144,2016-08-26,48.29761904761905,1,1,0,0,"gold,silver",828.1447400806805,6.719187945969046,0.0,,,,1,1
4145,2016-08-29,48.301587301587304,1,0,0,0,gold,829.7358542052829,6.721107402193577,0.0,,,,1,1
4146,2016-08-30,48.30555555555556,1,0,1,0,"gas,gold",820.6779397294496,6.710130754451623,0.0,,,,1,1
4147,2016-08-31,48.30952380952381,1,1,0,0,"gold,silver",809.747917390662,6.69672298613169,0.0,,,,1,1
4148,2016-09-02,48.317460317460316,1,0,0,0,gold,813.4638061588898,6.701301434162112,0.0,,,,1,1
4149,2016-09-12,48.34126984126984,1,1,1,0,"gas,gold,silver",814.462481831861,6.702528364159642,0.0,,,,1,1
4150,2016-09-13,48.345238095238095,1,0,0,0,gold,811.4471134413926,6.698819213470941,0.0,,,,1,1
4151,2016-09-15,48.3531746031746,1,0,1,1,"gas,gold,oil",807.3596097452373,6.69376918208114,0.0,,,,1,1
4152,2016-09-19,48.361111111111114,1,0,0,0,gold,811.0937264212633,6.698383616391305,0.0,,,,1,1
4153,2016-09-29,48.392857142857146,0,0,0,1,oil,,,,,,,1,1
4154,2016-10-03,48.40079365079365,0,1,0,0,silver,,,,,,,1,1
4155,2016-10-04,48.404761904761905,1,1,0,0,"gold,silver",819.7883351885009,6.709046179118678,0.0,,,,1,1
4156,2016-10-13,48.432539682539684,1,0,0,0,gold,787.9018088177106,6.669373473994293,0.0,,,,1,1
4157,2016-10-14,48.43650793650794,1,1,0,0,"gold,silver",797.6954053104043,6.681726826978726,0.0,,,,1,1
4158,2016-10-17,48.44047619047619,1,0,1,0,"gas,gold",799.1335074134793,6.683528024941038,0.0,,,,1,1
4159,2016-10-19,48.448412698412696,1,0,1,0,"gas,gold",810.8619192073676,6.698097779702615,0.0,,,,1,1
4160,2016-10-21,48.45634920634921,1,0,0,1,"gold,oil",792.1382829790895,6.674735976294741,0.0,,,,1,1
4161,2016-10-25,48.464285714285715,1,1,1,1,"gas,gold,oil,silver",807.8217291770266,6.694341401971579,0.0,,,,1,1
4162,2016-10-27,48.47222222222222,1,0,0,0,gold,805.9616136609158,6.6920361156416135,0.0,,,,1,1
4163,2016-11-04,48.49603174603175,1,1,0,0,"gold,silver",832.2653618079527,6.724151334449942,0.0,,,,1,1
4164,2016-11-07,48.5,1,0,0,0,gold,841.2633692575623,6.734904772966463,0.0,,,,1,1
4165,2016-11-10,48.51190476190476,1,0,0,0,gold,845.9939094128827,6.740512160304756,0.0,,,,1,1
4166,2016-11-14,48.51984126984127,1,0,0,0,gold,849.2722652548791,6.744379824247657,0.0,,,,1,1
4167,2016-11-16,48.52777777777778,1,0,1,0,"gas,gold",851.8311197796629,6.747388290960831,0.0,,,,1,1
4168,2016-11-17,48.53174603174603,1,1,0,1,"gold,oil,silver",860.3225152486698,6.757307336676991,0.0,,,,1,1
4169,2016-11-22,48.54365079365079,1,0,0,1,"gold,oil",869.720824996667,6.7681722693437285,0.0,,,,1,1
4170,2016-11-28,48.55952380952381,0,0,1,1,"gas,oil",,,,,,,1,1
4171,2016-11-29,48.56349206349206,1,1,0,0,"gold,silver",875.7948440777965,6.775131867249942,0.0,,,,1,1
4172,2016-12-01,48.57142857142857,1,1,0,0,"gold,silver",870.5045453241369,6.769072980704246,0.0,,,,1,1
4173,2016-12-02,48.57539682539682,1,0,0,0,gold,880.5109789899001,6.780502396898728,0.0,,,,1,1
4174,2016-12-05,48.57936507936508,1,1,0,1,"gold,oil,silver",870.1404732058228,6.768654662069777,0.0,,,,1,1
4175,2016-12-06,48.583333333333336,1,0,0,0,gold,874.9306607003878,6.774144638303728,0.0,,,,1,1
4176,2016-12-09,48.595238095238095,1,1,0,0,"gold,silver",892.6547188051112,6.794199853033142,0.0,,,,1,1
4177,2016-12-15,48.611111111111114,1,0,0,1,"gold,oil",874.9498775619235,6.77416660193052,0.0,,,,1,1
4178,2016-12-16,48.61507936507937,0,1,0,0,silver,,,,,,,1,1
4179,2016-12-22,48.63095238095238,1,0,0,1,"gold,oil",884.2967946156216,6.7847927468048175,0.0,,,,1,1
4180,2016-12-26,48.638888888888886,1,1,0,1,"gold,oil,silver",879.7766853496905,6.779668108619969,0.0,,,,1,1
4181,2016-12-27,48.642857142857146,0,1,0,0,silver,,,,,,,1,1
4182,2017-01-16,48.698412698412696,1,0,0,0,gold,882.6668518506901,6.782947838189398,0.0,,,,1,1
4183,2017-01-19,48.71031746031746,1,0,1,0,"gas,gold",880.768937422025,6.780795318462831,0.0,,,,1,1
4184,2017-01-23,48.71825396825397,1,0,0,0,gold,878.7621865221486,6.778514311048229,0.0,,,,1,1
4185,2017-01-24,48.72222222222222,1,1,1,0,"gas,gold,silver",881.1279672117972,6.781202867614881,0.0,,,,1,1
4186,2017-01-26,48.73015873015873,1,0,0,0,gold,886.2662730233594,6.787017439340229,0.0,,,,1,1
4187,2017-01-27,48.73412698412698,1,0,0,0,gold,897.0055910004345,6.799062095038741,0.0,,,,1,1
4188,2017-02-01,48.74603174603175,1,0,0,0,gold,905.1307685629166,6.808079428911067,0.0,,,,1,1
4189,2017-02-02,48.75,1,1,1,0,"gas,gold,silver",905.574960689968,6.808570057651878,0.0,,,,1,1
4190,2017-02-06,48.757936507936506,1,0,0,0,gold,892.5884040796691,6.794125560938555,0.0,,,,1,1
4191,2017-02-13,48.77777777777778,1,1,1,1,"gas,gold,oil,silver",899.2619070035978,6.801574323526268,0.0,,,,1,1
4192,2017-02-14,48.78174603174603,1,0,0,0,gold,907.3574664256784,6.810536492013625,0.0,,,,1,1
4193,2017-02-21,48.801587301587304,1,0,0,0,gold,955.7301242854044,6.862475576425577,0.0,,,,1,1
4194,2017-02-22,48.80555555555556,1,0,0,1,"gold,oil",955.640965783519,6.8623822837076816,0.0,,,,1,1
4195,2017-03-01,48.82539682539682,1,1,0,0,"gold,silver",974.0260593882,6.881438058303312,0.0,,,,1,1
4196,2017-03-07,48.84126984126984,0,0,1,1,"gas,oil",,,,,,,1,1
4197,2017-03-08,48.845238095238095,1,1,0,0,"gold,silver",958.0693558348366,6.864920171837665,0.0,,,,1,1
4198,2017-03-09,48.84920634920635,1,1,0,0,"gold,silver",953.3584889136898,6.8599910017700605,0.0,,,,1,1
4199,2017-03-14,48.861111111111114,1,0,0,0,gold,953.4493613170536,6.860086315415241,0.0,,,,1,1
4200,2017-03-16,48.86904761904762,0,0,1,0,gas,,,,,,,1,1
4201,2017-03-20,48.87698412698413,0,1,0,0,silver,,,,,,,1,1
4202,2017-03-22,48.88492063492063,1,1,0,1,"gold,oil,silver",960.198566684038,6.86714010336925,0.0,,,,1,1
4203,2017-03-23,48.888888888888886,1,0,0,0,gold,956.430403323431,6.863208024417493,0.0,,,,1,1
4204,2017-03-24,48.892857142857146,1,0,0,0,gold,965.0758270370044,6.872206675492375,0.0,,,,1,1
4205,2017-03-29,48.904761904761905,1,0,1,1,"gas,gold,oil",959.8208717873836,6.866746675163308,0.0,,,,1,1
4206,2017-04-03,48.916666666666664,0,1,0,0,silver,,,,,,,1,1
4207,2017-04-06,48.92857142857143,1,0,0,1,"gold,oil",910.0177831532972,6.813464141246655,0.0,,,,1,1
4208,2017-04-13,48.948412698412696,1,1,0,0,"gold,silver",925.6125575751532,6.830455742744171,0.0,,,,1,1
4209,2017-04-17,48.95634920634921,1,0,0,0,gold,897.2578211238159,6.799343246761881,0.0,,,,1,1
4210,2017-04-25,48.98015873015873,1,0,0,0,gold,932.0185815821786,6.83735275180678,0.0,,,,1,1
4211,2017-04-27,48.98809523809524,1,0,0,1,"gold,oil",937.2824274276312,6.84298465349991,0.0,,,,1,1
4212,2017-04-28,48.992063492063494,1,1,0,0,"gold,silver",927.520487151604,6.832514882810799,0.0,,,,1,1
4213,2017-05-01,48.99603174603175,0,0,0,1,oil,,,,,,,1,1
4214,2017-05-04,49.007936507936506,0,1,1,0,"gas,silver",,,,,,,1,1
4215,2017-05-05,49.01190476190476,1,0,1,0,"gas,gold",925.1835074762616,6.829992104297257,0.0,,,,1,1
4216,2017-05-08,49.01587301587302,1,0,0,0,gold,916.113827407366,6.8201406226823496,0.0,,,,1,1
4217,2017-05-09,49.01984126984127,1,1,0,1,"gold,oil,silver",908.8679041584418,6.812199763659801,0.0,,,,1,1
4218,2017-05-17,49.04365079365079,1,0,0,0,gold,935.389168016214,6.840962665169374,0.0,,,,1,1
4219,2017-05-18,49.04761904761905,1,0,0,0,gold,926.8971078525532,6.831842564640166,0.0,,,,1,1
4220,2017-05-22,49.05555555555556,1,1,0,0,"gold,silver",943.8468900568034,6.849963960254399,0.0,,,,1,1
4221,2017-06-01,49.08730158730159,1,1,0,1,"gold,oil,silver",941.3422115469272,6.847306741430568,0.0,,,,1,1
4222,2017-06-16,49.13095238095238,1,1,1,0,"gas,gold,silver",959.4693911493836,6.866380414104502,0.0,,,,1,1
4223,2017-06-26,49.154761904761905,0,0,1,0,gas,,,,,,,1,1
4224,2017-06-28,49.16269841269841,1,0,0,0,gold,940.1942094456996,6.846086459717309,0.0,,,,1,1
4225,2017-06-30,49.17063492063492,1,0,0,0,gold,950.933621599837,6.857444261581323,0.0,,,,1,1
4226,2017-07-03,49.17460317460318,1,0,0,0,gold,945.0814446156426,6.851271108558506,0.0,,,,1,1
4227,2017-07-05,49.182539682539684,1,1,1,1,"gas,gold,oil,silver",935.9573992333424,6.841569961802223,0.0,,,,1,1
4228,2017-07-07,49.19047619047619,1,0,0,0,gold,931.3237238792684,6.836606933142026,0.0,,,,1,1
4229,2017-07-12,49.20238095238095,1,0,1,0,"gas,gold",913.7104575781642,6.817513735247346,0.0,,,,1,1
4230,2017-07-19,49.22222222222222,1,1,0,0,"gold,silver",889.6449100772155,6.790822405672179,0.0,,,,1,1
4231,2017-07-28,49.25,0,0,0,1,oil,,,,,,,1,1
4232,2017-08-02,49.26190476190476,1,0,0,1,"gold,oil",890.5207536140515,6.7918064080326,0.0,,,,1,1
4233,2017-08-03,49.26587301587302,1,0,0,0,gold,879.7254486257207,6.7796098685951405,0.0,,,,1,1
4234,2017-08-04,49.26984126984127,1,1,0,1,"gold,oil,silver",887.4362202468841,6.78833665425664,0.0,,,,1,1
4235,2017-08-09,49.28174603174603,1,1,0,0,"gold,silver",866.4538298181578,6.7644088242024685,0.0,,,,1,1
4236,2017-08-11,49.28968253968254,1,1,0,1,"gold,oil,silver",860.046537847094,6.756986501559147,0.0,,,,1,1
4237,2017-08-23,49.32142857142857,1,1,0,0,"gold,silver",884.1110559624605,6.784582683663802,0.0,,,,1,1
4238,2017-08-24,49.32539682539682,1,1,0,0,"gold,silver",886.2259147440907,6.786971900883637,0.0,,,,1,1
4239,2017-08-25,49.32936507936508,1,0,0,0,gold,882.5580155832643,6.782824526684363,0.0,,,,1,1
4240,2017-08-31,49.345238095238095,1,1,0,0,"gold,silver",877.9703730192454,6.777612849351941,0.0,,,,1,1
4241,2017-09-08,49.36904761904762,1,0,0,0,gold,849.433515088556,6.744569674468957,0.0,,,,1,1
4242,2017-09-12,49.37698412698413,0,1,0,0,silver,,,,,,,1,1
4243,2017-09-13,49.38095238095238,0,0,0,1,oil,,,,,,,1,1
4244,2017-09-15,49.388888888888886,1,0,1,1,"gas,gold,oil",809.52671021384,6.696449768513842,0.0,,,,1,1
4245,2017-09-18,49.392857142857146,1,0,0,0,gold,826.1524562593582,6.716779328232274,0.0,,,,1,1
4246,2017-09-21,49.404761904761905,0,1,0,0,silver,,,,,,,1,1
4247,2017-10-10,49.45634920634921,1,1,0,0,"gold,silver",788.6914949871767,6.670375236761647,0.0,,,,1,1
4248,2017-10-16,49.47222222222222,1,1,0,1,"gold,oil,silver",821.4438779612735,6.7110636186022825,0.0,,,,1,1
4249,2017-10-19,49.48412698412698,0,1,0,0,silver,,,,,,,1,1
4250,2017-10-27,49.507936507936506,1,0,0,0,gold,802.7948172337304,6.688099161039025,0.0,,,,1,1
4251,2017-10-31,49.51587301587302,1,0,0,1,"gold,oil",791.389586302934,6.6737903702887245,0.0,,,,1,1
4252,2017-11-02,49.523809523809526,1,0,0,0,gold,778.2769003390868,6.657082373888618,0.0,,,,1,1
4253,2017-11-10,49.54761904761905,0,0,1,0,gas,,,,,,,0,0
4254,2017-11-14,49.55555555555556,1,1,1,1,"gas,gold,oil,silver",774.4849552867882,6.6521982346027775,0.0,4.64162679736812,1.535064907672396,0.0,0,0
4255,2017-11-17,49.56746031746032,0,1,1,1,"gas,oil,silver",,,,4.753690864097158,1.5589213403401292,0.0,0,0
4256,2017-11-22,49.57936507936508,0,0,1,1,"gas,oil",,,,,,,0,0
4257,2017-11-27,49.59126984126984,1,1,0,1,"gold,oil,silver",788.9023156270883,6.670642505357337,0.0,4.953700430610333,1.6001348590349629,0.0,0,0
4258,2017-11-30,49.6031746031746,0,0,1,1,"gas,oil",,,,,,,0,0
4259,2017-12-05,49.61507936507937,1,1,1,0,"gas,gold,silver",792.5299068026557,6.675230242329819,0.0,5.17423956619489,1.643692384623689,0.0,0,0
4260,2017-12-11,49.63095238095238,1,0,0,0,gold,687.0477347245793,6.532403772668177,0.0,,,,1,1
4261,2017-12-15,49.6468253968254,1,0,0,0,gold,681.9457303777422,6.524950080451081,0.0,,,,1,1
4262,2017-12-19,49.654761904761905,0,1,0,0,silver,,,,,,,1,1
4263,2017-12-21,49.66269841269841,1,1,0,0,"gold,silver",673.5999453997902,6.512636381870795,0.0,,,,1,1
4264,2017-12-28,49.682539682539684,1,0,0,0,gold,697.1342291312365,6.546977973469116,0.0,,,,1,1
4265,2018-01-01,49.69047619047619,1,0,1,0,"gas,gold",719.6277416462588,6.578734052815027,0.0,,,,1,1
4266,2018-01-04,49.70238095238095,1,0,1,0,"gas,gold",732.7897795977237,6.596858866207152,0.0,,,,1,1
4267,2018-01-05,49.70634920634921,1,1,1,0,"gas,gold,silver",743.2010625682377,6.610966617219056,0.0,,,,1,1
4268,2018-01-08,49.71031746031746,0,1,1,0,"gas,silver",,,,,,,1,1
4269,2018-01-16,49.73412698412698,1,0,0,0,gold,753.3243030850324,6.62449581647111,0.0,,,,1,1
4270,2018-01-18,49.742063492063494,1,1,0,1,"gold,oil,silver",766.1439960234168,6.641370136438519,0.0,,,,1,1
4271,2018-01-23,49.75396825396825,1,1,0,1,"gold,oil,silver",777.8896724726085,6.65658470496135,0.0,,,,1,1
4272,2018-01-30,49.773809523809526,1,0,0,0,gold,757.053611711889,6.629434072213609,0.0,,,,1,1
4273,2018-02-02,49.785714285714285,0,1,0,0,silver,,,,,,,1,1
4274,2018-02-07,49.79761904761905,1,0,0,0,gold,769.6792160609793,6.645973825526583,0.0,,,,1,1
4275,2018-02-12,49.80952380952381,0,0,0,1,oil,,,,,,,1,1
4276,2018-02-16,49.82539682539682,0,1,1,0,"gas,silver",,,,,,,1,1
4277,2018-02-19,49.82936507936508,1,1,0,0,"gold,silver",774.3794438467369,6.652061990990653,0.0,,,,1,1
4278,2018-02-22,49.84126984126984,1,0,0,0,gold,795.5331122054017,6.679012471305539,0.0,,,,1,1
4279,2018-02-23,49.845238095238095,1,0,0,0,gold,788.3750415222528,6.669973917651964,0.0,,,,1,1
4280,2018-03-01,49.861111111111114,1,1,0,0,"gold,silver",754.248879236976,6.62572239210764,0.0,,,,1,1
4281,2018-03-09,49.88492063492063,0,0,1,0,gas,,,,,,,1,1
4282,2018-03-14,49.8968253968254,1,1,0,0,"gold,silver",746.5896353053399,6.615515683857118,0.0,,,,1,1
4283,2018-03-15,49.90079365079365,1,0,0,1,"gold,oil",749.0697960621368,6.618832164839439,0.0,,,,1,1
4284,2018-03-20,49.91269841269841,1,0,0,1,"gold,oil",752.5779833992689,6.62350462367784,0.0,,,,1,1
4285,2018-03-22,49.92063492063492,1,1,1,0,"gas,gold,silver",755.9531277721403,6.627979373956033,0.0,,,,1,1
4286,2018-03-28,49.93650793650794,0,1,0,0,silver,,,,,,,1,1
4287,2018-04-05,49.96031746031746,0,1,0,0,silver,,,,,,,1,1
4288,2018-04-10,49.97222222222222,1,0,0,0,gold,815.7434075548986,6.704099853988,0.0,,,,1,1
4289,2018-04-13,49.98412698412698,0,0,1,0,gas,,,,,,,1,1
4290,2018-04-17,49.992063492063494,1,0,0,0,gold,807.1987154575984,6.693569877682333,0.0,,,,1,1
4291,2018-04-24,50.01190476190476,0,1,0,1,"oil,silver",,,,,,,1,1
4292,2018-04-27,50.023809523809526,0,1,0,1,"oil,silver",,,,,,,1,1
4293,2018-04-30,50.02777777777778,0,1,1,0,"gas,silver",,,,,,,1,1
4294,2018-05-02,50.035714285714285,1,0,0,0,gold,860.3041615725932,6.757286002966054,0.0,,,,1,1
4295,2018-05-11,50.06349206349206,0,1,0,0,silver,,,,,,,1,1
4296,2018-05-14,50.067460317460316,1,0,0,0,gold,906.4048866451252,6.809486100967054,0.0,,,,1,1
4297,2018-05-16,50.07539682539682,1,0,0,0,gold,925.5796915439936,6.830420234783095,0.0,,,,1,1
4298,2018-05-21,50.08730158730159,0,0,1,0,gas,,,,,,,1,1
4299,2018-05-28,50.107142857142854,1,0,0,0,gold,938.4757529764698,6.8442570197593735,0.0,,,,1,1
4300,2018-05-31,50.11904761904762,1,0,0,0,gold,926.2105627124376,6.831101598335367,0.0,,,,1,1
4301,2018-06-01,50.12301587301587,0,0,1,0,gas,,,,,,,1,1
4302,2018-06-05,50.13095238095238,1,0,0,0,gold,917.3373883999274,6.821475330869461,0.0,,,,1,1
4303,2018-06-06,50.13492063492063,0,0,0,1,oil,,,,,,,1,1
4304,2018-06-11,50.1468253968254,1,1,0,0,"gold,silver",909.5389988070444,6.8129378764309045,0.0,,,,1,1
4305,2018-06-14,50.15873015873016,1,0,0,0,gold,879.9495095045313,6.779864530263179,0.0,,,,1,1
4306,2018-06-15,50.16269841269841,1,0,0,0,gold,898.8570606884936,6.80112402370827,0.0,,,,1,1
4307,2018-06-20,50.17460317460318,1,0,0,1,"gold,oil",892.8602682267158,6.794430094082929,0.0,,,,1,1
4308,2018-06-26,50.19047619047619,1,0,0,0,gold,895.6616901426222,6.797562763708599,0.0,,,,1,1
4309,2018-06-29,50.20238095238095,1,1,1,0,"gas,gold,silver",892.9908078389665,6.794576287250134,0.0,,,,1,1
4310,2018-07-02,50.20634920634921,1,0,0,1,"gold,oil",897.3031739649615,6.799393791537209,0.0,,,,1,1
4311,2018-07-03,50.21031746031746,0,1,0,0,silver,,,,,,,1,1
4312,2018-07-05,50.21825396825397,1,0,0,0,gold,885.712977160426,6.786392944577259,0.0,,,,1,1
4313,2018-07-06,50.22222222222222,1,1,0,1,"gold,oil,silver",888.99019511142,6.790086206332071,0.0,5.625800249941439,1.727363204627799,0.0,0,0
4314,2018-07-11,50.23412698412698,1,1,1,0,"gas,gold,silver",886.9068067796422,6.787739911152417,0.0,5.556707341703094,1.71500572811035,0.0,0,0
4315,2018-07-13,50.24206349206349,0,0,1,0,gas,,,,,,,0,0
4316,2018-07-18,50.25396825396825,0,0,1,0,gas,,,,,,,0,0
4317,2018-07-23,50.26587301587302,1,0,0,0,gold,924.4217737100864,6.82916843254741,0.0,,,,0,0
4318,2018-07-26,50.27777777777778,1,1,1,0,"gas,gold,silver",946.0024761404898,6.852245186533114,0.0,5.931539280017296,1.780283754370936,0.0,0,0
4319,2018-07-31,50.28968253968254,1,1,1,1,"gas,gold,oil,silver",936.9762619009164,6.842657947766938,0.0,5.929747864866577,1.7799816935334474,0.0,0,0
4320,2018-08-03,50.3015873015873,1,0,0,0,gold,937.108949587878,6.842799550386039,0.0,,,,0,0
4321,2018-08-08,50.31349206349206,1,1,1,0,"gas,gold,silver",914.7777496664208,6.818681139231948,0.0,5.812411216378976,1.7599954961953503,0.0,0,0
4322,2018-08-13,50.32539682539682,1,0,0,0,gold,935.1128288161644,6.840667194539,0.0,,,,0,0
4323,2018-08-15,50.333333333333336,0,0,1,0,gas,,,,,,,0,0
4324,2018-08-20,50.345238095238095,0,1,1,0,"gas,silver",,,,5.818055140815493,1.760966037651936,0.0,0,0
4325,2018-08-23,50.35714285714285,1,1,1,0,"gas,gold,silver",902.7704262984112,6.8054682866514185,0.0,5.795702878348603,1.7571167599195532,0.0,0,0
4326,2018-08-28,50.36904761904762,0,0,1,0,gas,,,,,,,0,0
4327,2018-08-31,50.38095238095238,0,1,0,0,silver,,,,5.929438020722805,1.7799294396693404,0.0,0,0
4328,2018-09-05,50.392857142857146,0,1,0,0,silver,,,,5.909575705818608,1.776574036255112,0.0,0,0
4329,2018-09-10,50.40476190476191,0,1,0,0,silver,,,,5.866640504808891,1.7692821539584778,0.0,0,0
4330,2018-09-12,50.41269841269841,1,0,0,0,gold,903.7374365775436,6.806538871940712,0.0,,,,0,0
4331,2018-09-17,50.42460317460318,0,0,0,1,oil,,,,,,,0,0
4332,2018-09-20,50.43650793650794,0,0,0,1,oil,,,,,,,0,0
4333,2018-09-25,50.448412698412696,0,1,1,0,"gas,silver",,,,6.078363813712273,1.804735550174796,0.0,0,0
4334,2018-09-28,50.46031746031746,1,1,1,1,"gas,gold,oil,silver",921.828741735951,6.826359459813286,0.0,6.063535164145556,1.8022929904127372,0.0,0,0
4335,2018-10-03,50.47222222222222,0,1,0,0,silver,,,,6.328709686264851,1.8450963743452689,0.0,0,0
4336,2018-10-08,50.48412698412698,0,0,0,1,oil,,,,,,,0,0
4337,2018-10-11,50.49603174603175,0,0,1,1,"gas,oil",,,,,,,0,0
4338,2018-10-15,50.50396825396825,0,1,0,1,"oil,silver",,,,5.645035947517459,1.730776565609243,0.0,0,0
4339,2018-10-18,50.51587301587302,0,1,0,0,silver,,,,5.725961187826986,1.745010428418055,0.0,0,0
4340,2018-10-23,50.52777777777778,1,0,0,0,gold,920.05878501346,6.824437564755536,0.0,,,,0,0
4341,2018-10-26,50.53968253968254,0,0,1,1,"gas,oil",,,,,,,0,0
4342,2018-10-31,50.5515873015873,1,1,0,0,"gold,silver",937.3825860695764,6.843091508475406,0.0,5.857213692689735,1.7676740114497214,0.0,0,0
4343,2018-11-05,50.56349206349206,1,1,1,0,"gas,gold,silver",940.018237877357,6.845899277073022,0.0,5.972530137070668,1.7871706461775818,0.0,0,0
4344,2018-11-08,50.57539682539682,1,1,1,0,"gas,gold,silver",959.871193333079,6.866799101848422,0.0,6.09371547275227,1.8072579897380845,0.0,0,0
4345,2018-11-13,50.58730158730159,0,0,0,1,oil,,,,,,,0,0
4346,2018-11-15,50.595238095238095,0,0,1,0,gas,,,,,,,0,0
4347,2018-11-20,50.60714285714285,1,0,0,0,gold,921.4655418142116,6.825965382828747,0.0,,,,0,0
4348,2018-11-23,50.61904761904762,1,0,1,1,"gas,gold,oil",921.3796734228896,6.825872191723304,0.0,,,,0,0
4349,2018-11-28,50.63095238095238,0,0,1,0,gas,,,,,,,0,0
4350,2018-12-03,50.642857142857146,1,0,0,0,gold,939.968835029024,6.845846720489994,0.0,,,,0,0
4351,2018-12-06,50.65476190476191,1,0,0,1,"gold,oil",956.0548771558252,6.862815314286581,0.0,,,,0,0
4352,2018-12-11,50.66666666666666,0,0,0,1,oil,,,,,,,0,0
4353,2018-12-13,50.67460317460318,0,1,1,1,"gas,oil,silver",,,,6.332545972744488,1.845702362676972,0.0,0,0
4354,2018-12-18,50.68650793650794,1,0,0,1,"gold,oil",966.4858199907588,6.873666627036111,0.0,,,,0,0
4355,2018-12-21,50.698412698412696,1,1,1,0,"gas,gold,silver",989.2636284355492,6.89696085670392,0.0,6.610252029687949,1.8886217816825523,0.0,0,0
4356,2018-12-26,50.71031746031746,1,0,0,1,"gold,oil",987.985516644928,6.895668038374152,0.0,,,,0,0
4357,2018-12-31,50.72222222222222,0,0,1,1,"gas,oil",,,,,,,0,0
4358,2019-01-03,50.73412698412698,0,1,0,0,silver,,,,6.045280432269797,1.799277873771514,0.0,0,0
4359,2019-01-08,50.74603174603175,0,1,0,1,"oil,silver",,,,6.440454219535955,1.8625990686129128,0.0,0,0
4360,2019-01-11,50.757936507936506,0,1,1,1,"gas,oil,silver",,,,6.4527708061215225,1.8645096209080243,0.0,0,0
4361,2019-01-15,50.76587301587302,1,1,0,0,"gold,silver",1003.2053382008849,6.91095549103763,0.0,6.41733015109379,1.859002166890715,0.0,0,0
4362,2019-01-18,50.77777777777778,0,1,0,0,silver,,,,6.555752055928832,1.8803428407534812,0.0,0,0
4363,2019-01-23,50.78968253968254,1,1,0,0,"gold,silver",1029.6140838447768,6.936939335136279,0.0,6.684710045926003,1.899822835780176,0.0,0,0
4364,2019-01-28,50.8015873015873,1,0,0,1,"gold,oil",1037.0049082399576,6.944091941333039,0.0,,,,0,0
4365,2019-01-31,50.81349206349206,1,0,1,0,"gas,gold",1031.4797163996548,6.938749668139248,0.0,,,,0,0
4366,2019-02-05,50.82539682539682,1,1,1,0,"gas,gold,silver",1034.777062328898,6.9419412837817935,0.0,7.083346517517838,1.95774646799722,0.0,0,0
4367,2019-02-08,50.83730158730159,1,0,1,0,"gas,gold",1038.8717429389114,6.945890540687346,0.0,,,,0,0
4368,2019-02-13,50.84920634920635,0,0,0,1,oil,,,,,,,0,0
4369,2019-02-15,50.85714285714285,1,0,0,0,gold,1066.141487315734,6.971801323231371,0.0,,,,0,0
4370,2019-02-20,50.86904761904762,1,1,1,1,"gas,gold,oil,silver",1037.2076685637342,6.944287447161796,0.0,7.224810949132823,1.9775210674461647,0.0,0,0
4371,2019-02-25,50.88095238095238,1,0,0,0,gold,1018.2046707549182,6.925796228724379,0.0,,,,0,0
4372,2019-02-28,50.892857142857146,0,0,1,0,gas,,,,,,,0,0
4373,2019-03-05,50.90476190476191,0,0,1,0,gas,,,,,,,0,0
4374,2019-03-08,50.91666666666666,0,1,0,0,silver,,,,7.3316606621322,1.9922020471459505,0.0,0,0
4375,2019-03-13,50.92857142857143,0,1,0,0,silver,,,,7.399137015137324,2.0013633738334957,0.0,0,0
4376,2019-03-18,50.94047619047619,0,1,0,1,"oil,silver",,,,7.191437738975049,1.9728911154389928,0.0,0,0
4377,2019-03-20,50.948412698412696,0,0,0,1,oil,,,,,,,0,0
4378,2019-03-25,50.96031746031746,0,0,0,1,oil,,,,,,,0,0
4379,2019-03-28,50.97222222222222,1,0,0,0,gold,1046.2772078811138,6.952993626608796,0.0,,,,0,0
4380,2019-04-02,50.98412698412698,1,0,0,1,"gold,oil",1030.239361377612,6.937546443912383,0.0,,,,0,0
4381,2019-04-05,50.99603174603175,0,0,0,1,oil,,,,,,,0,0
4382,2019-04-10,51.007936507936506,0,1,0,0,silver,,,,7.086591593807829,1.958204490653526,0.0,0,0
4383,2019-04-15,51.01984126984127,0,1,0,0,silver,,,,7.119027665774055,1.9627711523024212,0.0,0,0
4384,2019-04-17,51.02777777777778,0,1,0,1,"oil,silver",,,,7.258005529618348,1.9821050706558885,0.0,0,0
4385,2019-04-22,51.03968253968254,0,1,0,0,silver,,,,6.839667534728664,1.9227391244193264,0.0,0,0
4386,2019-04-25,51.0515873015873,1,0,0,0,gold,986.5307251040732,6.894194470546915,0.0,,,,0,0
4387,2019-04-30,51.06349206349206,0,1,0,0,silver,,,,6.807347076304115,1.9180024813111247,0.0,0,0
4388,2019-05-03,51.07539682539682,0,1,1,0,"gas,silver",,,,6.7886045351595214,1.915245402799404,0.0,0,0
4389,2019-05-08,51.08730158730159,1,0,1,0,"gas,gold",1010.5236003653064,6.918223891707323,0.0,,,,0,0
4390,2019-05-13,51.09920634920635,0,0,1,1,"gas,oil",,,,,,,0,0
4391,2019-05-16,51.11111111111112,1,0,1,1,"gas,gold,oil",1008.89223695026,6.916608212816646,0.0,,,,0,0
4392,2019-05-20,51.11904761904762,1,0,0,0,gold,1005.7847426664866,6.913523354271533,0.0,,,,0,0
4393,2019-05-23,51.13095238095238,0,1,0,0,silver,,,,6.7777117773713655,1.913639549024799,0.0,0,0
4394,2019-05-28,51.142857142857146,0,0,0,1,oil,,,,,,,0,0
4395,2019-05-31,51.15476190476191,1,0,0,0,gold,993.008791964444,6.900739517948015,0.0,,,,0,0
4396,2019-06-05,51.16666666666666,0,1,0,0,silver,,,,6.282879189025179,1.837828345005033,0.0,0,0
4397,2019-06-10,51.17857142857143,0,0,1,1,"gas,oil",,,,,,,0,0
4398,2019-06-13,51.19047619047619,1,1,1,1,"gas,gold,oil,silver",1020.1189392391328,6.927674506577427,0.0,6.676338793774163,1.8985697525308496,0.0,0,0
4399,2019-06-18,51.20238095238095,0,1,0,0,silver,,,,6.6708204939371445,1.8977428649463843,0.0,0,0
4400,2019-06-20,51.21031746031746,0,0,1,0,gas,,,,,,,0,0
4401,2019-06-25,51.22222222222222,0,0,1,1,"gas,oil",,,,,,,0,0
4402,2019-06-28,51.23412698412698,0,0,0,1,oil,,,,,,,0,0
4403,2019-07-03,51.24603174603175,0,0,1,0,gas,,,,,,,0,0
4404,2019-07-08,51.257936507936506,0,1,0,0,silver,,,,6.941499608861575,1.9375178331448937,0.0,0,0
4405,2019-07-11,51.26984126984127,0,1,0,0,silver,,,,6.745947950668348,1.9089420210253985,0.0,0,0
4406,2019-07-16,51.28174603174603,0,1,1,1,"gas,oil,silver",,,,6.551385670852159,1.8796765800748785,0.0,0,0
4407,2019-07-18,51.28968253968254,0,0,0,1,oil,,,,,,,0,0
4408,2019-07-23,51.3015873015873,0,0,1,1,"gas,oil",,,,,,,0,0
4409,2019-07-26,51.31349206349206,1,0,1,0,"gas,gold",1001.1288427371716,6.90888348505543,0.0,,,,0,0
4410,2019-07-31,51.32539682539682,1,0,0,1,"gold,oil",1006.4038864144676,6.91413874763831,0.0,,,,0,0
4411,2019-08-05,51.33730158730159,0,1,1,0,"gas,silver",,,,6.512753849591356,1.8737623851438396,0.0,0,0
4412,2019-08-08,51.34920634920635,1,1,1,1,"gas,gold,oil,silver",990.261924112255,6.897969477946574,0.0,6.456663405760121,1.8651126837057712,0.0,0,0
4413,2019-08-13,51.36111111111112,1,1,1,0,"gas,gold,silver",977.2262232733724,6.884718174137501,0.0,6.268979124342559,1.835613522304242,0.0,0,0
4414,2019-08-16,51.37301587301587,1,0,0,0,gold,988.5812955973332,6.89627088060216,0.0,,,,0,0
4415,2019-08-20,51.38095238095238,0,0,1,0,gas,,,,,,,0,0
4416,2019-08-23,51.392857142857146,1,0,0,0,gold,1009.2049745938948,6.916918145999596,0.0,,,,0,0
4417,2019-08-28,51.40476190476191,1,1,0,1,"gold,oil,silver",1002.172891651465,6.909925813318713,0.0,6.154396178676577,1.8171666522532208,0.0,0,0
4418,2019-09-02,51.41666666666666,0,0,0,1,oil,,,,,,,0,0
4419,2019-09-05,51.42857142857143,1,0,0,0,gold,1017.7785232932024,6.9253776128250095,0.0,,,,0,0
4420,2019-09-10,51.44047619047619,0,1,0,0,silver,,,,6.335712203325266,1.8462022310255168,0.0,0,0
4421,2019-09-13,51.45238095238095,0,0,0,1,oil,,,,,,,0,0
4422,2019-09-18,51.46428571428572,1,0,0,0,gold,1004.584149582772,6.912328953352305,0.0,,,,0,0
4423,2019-09-20,51.47222222222222,0,1,1,0,"gas,silver",,,,5.894021345640706,1.7739385058971204,0.0,0,0
4424,2019-09-25,51.48412698412698,1,0,0,1,"gold,oil",999.666340477964,6.907421563783378,0.0,,,,0,0
4425,2019-09-30,51.49603174603175,1,0,0,0,gold,1030.3357147166391,6.937639964735977,0.0,,,,0,0
4426,2019-10-03,51.507936507936506,0,1,0,1,"oil,silver",,,,6.360197604211631,1.8500594467139693,0.0,0,0
4427,2019-10-08,51.51984126984127,1,0,0,0,gold,1048.6879547119909,6.955295094850863,0.0,,,,0,0
4428,2019-10-11,51.53174603174603,0,0,1,0,gas,,,,,,,0,0
4429,2019-10-16,51.54365079365079,0,0,1,0,gas,,,,,,,0,0
4430,2019-10-21,51.55555555555556,1,0,0,0,gold,1107.7242706927718,7.010062983172774,0.0,,,,0,0
4431,2019-10-23,51.56349206349206,1,0,0,1,"gold,oil",1082.685845989325,6.98720012734817,0.0,,,,0,0
4432,2019-10-28,51.57539682539682,1,0,0,0,gold,1074.254556698691,6.979382264394948,0.0,,,,0,0
4433,2019-10-31,51.58730158730159,0,1,0,0,silver,,,,6.0430145328575735,1.7989029822842864,0.0,0,0
4434,2019-11-05,51.59920634920635,1,0,1,0,"gas,gold",1104.6806770141468,7.007311592111369,0.0,,,,0,0
4435,2019-11-08,51.61111111111112,0,1,1,0,"gas,silver",,,,6.245546715714228,1.8318686842956569,0.0,0,0
4436,2019-11-13,51.62301587301587,0,1,0,1,"oil,silver",,,,6.529436379683822,1.8763206271104984,0.0,0,0
4437,2019-11-18,51.63492063492063,0,0,0,1,oil,,,,,,,0,0
4438,2019-11-20,51.642857142857146,1,1,0,0,"gold,silver",1170.031539889702,7.064785984599149,0.0,6.48958471226586,1.8701985398035792,0.0,0,0
4439,2019-11-25,51.65476190476191,1,0,1,1,"gas,gold,oil",1162.2884261183997,7.058146121859741,0.0,,,,0,0
4440,2019-11-28,51.66666666666666,0,1,0,0,silver,,,,6.507495498724529,1.872954666180548,0.0,0,0
4441,2019-12-03,51.67857142857143,0,0,1,0,gas,,,,,,,0,0
4442,2019-12-06,51.69047619047619,0,1,0,1,"oil,silver",,,,6.435088660978039,1.8617656188829403,0.0,0,0
4443,2019-12-11,51.70238095238095,1,0,0,0,gold,1160.221491341259,7.056366206684964,0.0,,,,0,0
4444,2019-12-16,51.71428571428572,1,1,0,1,"gold,oil,silver",1178.3708062559997,7.071888090788585,0.0,6.402522558060156,1.8566920624059384,0.0,0,0
4445,2019-12-19,51.72619047619048,0,1,0,0,silver,,,,6.28258109966393,1.837780899172655,0.0,0,0
4446,2019-12-23,51.73412698412698,0,0,1,0,gas,,,,,,,0,0
4447,2019-12-26,51.74603174603175,1,0,0,1,"gold,oil",1169.33992174854,7.064194699142647,0.0,,,,0,0
4448,2019-12-31,51.757936507936506,1,0,1,1,"gas,gold,oil",1185.3174568014438,7.07776591372647,0.0,,,,0,0
4449,2020-01-03,51.76984126984127,1,0,0,0,gold,1230.738809815987,7.1153699264304,0.0,,,,0,0
4450,2020-01-08,51.78174603174603,0,1,1,0,"gas,silver",,,,6.5312407739697615,1.8765969365661557,0.0,0,0
4451,2020-01-13,51.79365079365079,0,0,1,1,"gas,oil",,,,,,,0,0
4452,2020-01-16,51.80555555555556,1,0,0,0,gold,1261.0880260125969,7.139730140041324,0.0,,,,0,0
4453,2020-01-21,51.81746031746032,0,1,0,0,silver,,,,6.727041852300943,1.9061355005643177,0.0,0,0
4454,2020-01-23,51.82539682539682,0,1,0,0,silver,,,,6.736831615969434,1.9075897277474276,0.0,0,0
4455,2020-01-28,51.83730158730159,1,0,0,0,gold,1224.6060429506629,7.110374473663937,0.0,,,,0,0
4456,2020-01-31,51.84920634920635,1,0,1,0,"gas,gold",1259.9361403079365,7.138816316365844,0.0,,,,0,0
4457,2020-02-05,51.86111111111112,1,0,0,0,gold,1274.840591384458,7.150576423410948,0.0,,,,0,0
4458,2020-02-10,51.87301587301587,0,0,1,1,"gas,oil",,,,,,,0,0
4459,2020-02-13,51.88492063492063,1,0,0,0,gold,1280.279327697792,7.154833557870003,0.0,,,,0,0
4460,2020-02-18,51.8968253968254,0,0,1,0,gas,,,,,,,0,0
4461,2020-02-20,51.90476190476191,0,1,1,0,"gas,silver",,,,7.0931814599796095,1.959133964858961,0.0,0,0
4462,2020-02-25,51.91666666666666,1,0,1,0,"gas,gold",1259.0844991307229,7.138140147861047,0.0,,,,0,0
4463,2020-02-28,51.92857142857143,1,1,0,1,"gold,oil,silver",1242.419586506557,7.124816036767001,0.0,6.818376007011628,1.9196213213607352,0.0,0,0
4464,2020-03-04,51.94047619047619,1,1,0,1,"gold,oil,silver",1219.53552719604,7.106225349823708,0.0,6.666843782567441,1.8971465519180908,0.0,0,0
4465,2020-03-09,51.95238095238095,0,0,1,0,gas,,,,,,,0,0
4466,2020-03-12,51.96428571428572,1,1,1,0,"gas,gold,silver",1190.1020668273827,7.08179435287068,0.0,6.6071865494335285,1.8881579277684928,0.0,0,0
4467,2020-03-17,51.97619047619048,1,0,0,1,"gold,oil",1172.423527089602,7.06682827609496,0.0,,,,0,0
4468,2020-03-20,51.98809523809524,1,1,0,0,"gold,silver",1172.87265361886,7.067211278070099,0.0,6.480573983876842,1.8688090842001768,0.0,0,0
4469,2020-03-24,51.99603174603175,1,0,1,1,"gas,gold,oil",1185.053051795283,7.077542822014606,0.0,,,,0,0
4470,2020-03-27,52.007936507936506,0,1,0,0,silver,,,,6.830295722588436,1.9213679702425204,0.0,0,0
4471,2020-04-01,52.01984126984127,0,0,0,1,oil,,,,,,,0,0
4472,2020-04-06,52.03174603174603,1,0,0,1,"gold,oil",1216.0062310794317,7.103327186755937,0.0,,,,0,0
4473,2020-04-09,52.04365079365079,1,1,0,0,"gold,silver",1232.214433300814,7.116568181951906,0.0,7.449320684925365,2.00812284500253,0.0,0,0
4474,2020-04-14,52.05555555555556,1,0,0,1,"gold,oil",1235.4578552099176,7.119196913321089,0.0,,,,0,0
4475,2020-04-17,52.06746031746032,0,0,1,0,gas,,,,,,,0,0
4476,2020-04-22,52.07936507936508,0,1,1,0,"gas,silver",,,,8.211016536517512,2.1054767326714647,0.0,0,0
4477,2020-04-24,52.08730158730159,1,0,0,0,gold,1292.047075100441,7.1639831195150325,0.0,,,,0,0
4478,2020-04-29,52.09920634920635,0,0,1,0,gas,,,,,,,0,0
4479,2020-05-04,52.11111111111112,0,0,0,1,oil,,,,,,,0,0
4480,2020-05-07,52.12301587301587,0,1,0,0,silver,,,,8.791175096180924,2.173748388334312,0.0,0,0
4481,2020-05-12,52.13492063492063,1,0,0,0,gold,1338.4083735143963,7.199236406014666,0.0,,,,0,0
4482,2020-05-15,52.1468253968254,1,0,0,0,gold,1367.247351950811,7.220554765454709,0.0,,,,0,0
4483,2020-05-20,52.15873015873016,0,1,0,1,"oil,silver",,,,9.281992412090446,2.228076223332165,0.0,0,0
4484,2020-05-25,52.17063492063492,0,0,1,0,gas,,,,,,,0,0
4485,2020-05-27,52.17857142857143,0,1,1,0,"gas,silver",,,,8.784770885817945,2.173019641141648,0.0,0,0
4486,2020-06-01,52.19047619047619,1,1,1,1,"gas,gold,oil,silver",1353.3973764174366,7.210373285283934,0.0,8.704649154355634,2.163857268485542,0.0,0,0
4487,2020-06-04,52.20238095238095,0,0,1,0,gas,,,,,,,0,0
4488,2020-06-09,52.21428571428572,0,0,1,0,gas,,,,,,,0,0
4489,2020-06-12,52.22619047619048,0,1,0,1,"oil,silver",,,,8.506208437211662,2.1407963012586526,0.0,0,0
4490,2020-06-17,52.23809523809524,0,1,0,0,silver,,,,8.138306536231543,2.0965821161386646,0.0,0,0
4491,2020-06-22,52.25,1,1,1,1,"gas,gold,oil,silver",1274.3183142612602,7.150166659131955,0.0,7.904714078281044,2.0674593002768766,0.0,0,0
4492,2020-06-24,52.257936507936506,0,0,1,1,"gas,oil",,,,,,,0,0
4493,2020-06-29,52.26984126984127,0,1,0,1,"oil,silver",,,,8.328430444391335,2.119675016383232,0.0,0,0
4494,2020-07-02,52.28174603174603,0,1,0,0,silver,,,,7.69809191529151,2.040972494942455,0.0,0,0
4495,2020-07-07,52.29365079365079,0,1,1,0,"gas,silver",,,,7.41234587417058,2.003146971415677,0.0,0,0
4496,2020-07-10,52.30555555555556,0,1,0,1,"oil,silver",,,,7.302769598274134,1.988253673225347,0.0,0,0
4497,2020-07-15,52.31746031746032,1,0,0,0,gold,1214.0351057113485,7.101704888591252,0.0,,,,0,0
4498,2020-07-20,52.32936507936508,1,1,1,0,"gas,gold,silver",1210.7019027176552,7.098955555297208,0.0,7.533068311487897,2.0193024371003165,0.0,0,0
4499,2020-07-23,52.34126984126984,0,1,1,0,"gas,silver",,,,7.828157637587401,2.057727186989144,0.0,0,0
4500,2020-07-27,52.34920634920635,0,0,1,0,gas,,,,,,,0,0
4501,2020-07-30,52.36111111111112,1,0,1,0,"gas,gold",1244.434535986003,7.126436517761164,0.0,,,,0,0
4502,2020-08-04,52.37301587301587,0,1,0,0,silver,,,,7.790046990637984,2.0528468920387875,0.0,0,0
4503,2020-08-07,52.38492063492063,0,1,1,1,"gas,oil,silver",,,,7.833729906466006,2.0584387575578957,0.0,0,0
4504,2020-08-12,52.3968253968254,0,1,0,0,silver,,,,7.691725691961766,2.0401451656192187,0.0,0,0
4505,2020-08-17,52.40873015873016,0,0,0,1,oil,,,,,,,0,0
4506,2020-08-20,52.42063492063492,0,0,0,1,oil,,,,,,,0,0
4507,2020-08-25,52.43253968253968,0,0,0,1,oil,,,,,,,0,0
4508,2020-08-27,52.44047619047619,0,0,0,1,oil,,,,,,,0,0
4509,2020-09-01,52.45238095238095,0,1,0,0,silver,,,,8.206546188518969,2.104932151458785,0.0,0,0
4510,2020-09-04,52.46428571428572,1,1,0,1,"gold,oil,silver",1349.0938288189896,7.207188408139586,0.0,8.99963650688413,2.197184188396612,0.0,0,0
4511,2020-09-09,52.47619047619048,0,1,0,1,"oil,silver",,,,8.940990798313493,2.190646410596348,0.0,0,0
4512,2020-09-14,52.48809523809524,0,0,1,1,"gas,oil",,,,,,,0,0
4513,2020-09-17,52.5,0,0,1,0,gas,,,,,,,0,0
4514,2020-09-22,52.51190476190476,0,0,0,1,oil,,,,,,,0,0
4515,2020-09-24,52.51984126984127,0,1,0,0,silver,,,,8.761542923029841,2.170372022204709,0.0,0,0
4516,2020-09-29,52.53174603174603,0,0,1,0,gas,,,,,,,0,0
4517,2020-10-02,52.54365079365079,0,0,1,0,gas,,,,,,,0,0
4518,2020-10-07,52.55555555555556,1,0,0,0,gold,1366.9852524814537,7.220363048429804,0.0,,,,0,0
4519,2020-10-12,52.56746031746032,1,0,0,0,gold,1353.596694594908,7.210520546912591,0.0,,,,0,0
4520,2020-10-15,52.57936507936508,0,1,0,0,silver,,,,8.355033050312953,2.1228641177921306,0.0,0,0
4521,2020-10-20,52.59126984126984,0,1,1,0,"gas,silver",,,,8.567298826776266,2.147952493519397,0.0,0,0
4522,2020-10-23,52.6031746031746,0,1,1,1,"gas,oil,silver",,,,7.994034625599124,2.078695591728228,0.0,0,0
4523,2020-10-27,52.61111111111112,0,0,1,0,gas,,,,,,,0,0
4524,2020-10-30,52.62301587301587,0,1,1,0,"gas,silver",,,,7.921757844115021,2.069613131213597,0.0,0,0
4525,2020-11-04,52.63492063492063,1,0,0,0,gold,1385.0138311657174,7.233465404972815,0.0,,,,0,0
4526,2020-11-09,52.6468253968254,0,0,0,1,oil,,,,,,,0,0
4527,2020-11-12,52.65873015873016,0,0,0,1,oil,,,,,,,0,0
4528,2020-11-17,52.67063492063492,1,0,0,0,gold,1432.0995790432903,7.266896883540958,0.0,,,,0,0
4529,2020-11-20,52.68253968253968,1,0,1,1,"gas,gold,oil",1414.4885670392,7.25452330802193,0.0,,,,0,0
4530,2020-11-25,52.69444444444444,1,0,0,0,gold,1426.5903749348715,7.263042522964926,0.0,,,,0,0
4531,2020-11-27,52.70238095238095,0,1,0,1,"oil,silver",,,,8.38869911663144,2.1268854568043776,0.0,0,0
4532,2020-12-02,52.71428571428572,1,1,0,0,"gold,silver",1386.228347749579,7.234341919245627,0.0,8.360300313228242,2.123494349086365,0.0,0,0
4533,2020-12-07,52.72619047619048,1,0,0,1,"gold,oil",1397.099613067778,7.242153661702554,0.0,,,,0,0
4534,2020-12-10,52.73809523809524,0,1,1,0,"gas,silver",,,,8.229302180250857,2.107701221331165,0.0,0,0
4535,2020-12-15,52.75,1,1,0,1,"gold,oil,silver",1350.1071558873066,7.207939243013806,0.0,8.009412298367453,2.0806173873981546,0.0,0,0
4536,2020-12-18,52.76190476190476,0,1,0,0,silver,,,,7.780177834478924,2.0515791958312377,0.0,0,0
4537,2020-12-23,52.773809523809526,0,1,0,1,"oil,silver",,,,7.6294406588502754,2.03201453446375,0.0,0,0
4538,2020-12-28,52.785714285714285,1,1,1,1,"gas,gold,oil,silver",1309.4890807290783,7.177392325409052,0.0,7.912264312993794,2.068414000359212,0.0,0,0
4539,2020-12-30,52.79365079365079,0,0,1,0,gas,,,,,,,0,0
4540,2021-01-04,52.80555555555556,0,1,0,0,silver,,,,7.458629794922682,2.00937172374275,0.0,0,0
4541,2021-01-07,52.81746031746032,0,1,0,0,silver,,,,7.238747163948917,1.97944814777038,0.0,0,0
4542,2021-01-12,52.82936507936508,0,1,0,0,silver,,,,7.42802021866934,2.005259365440085,0.0,0,0
4543,2021-01-15,52.84126984126984,0,1,1,1,"gas,oil,silver",,,,7.375634180313015,1.9981818890798253,0.0,0,0
4544,2021-01-20,52.8531746031746,0,1,0,0,silver,,,,7.197983172701451,1.9738008718799265,0.0,0,0
4545,2021-01-25,52.86507936507937,0,0,1,0,gas,,,,,,,0,0
4546,2021-01-27,52.87301587301587,1,0,0,1,"gold,oil",1290.5680761648543,7.162837769541736,0.0,,,,0,0
4547,2021-02-01,52.88492063492063,1,0,0,1,"gold,oil",1304.836871092169,7.173833308948762,0.0,,,,0,0
4548,2021-02-04,52.8968253968254,0,1,0,0,silver,,,,7.630753054721878,2.0321865369821284,0.0,0,0
4549,2021-02-09,52.90873015873016,0,0,0,1,oil,,,,,,,0,0
4550,2021-02-12,52.92063492063492,1,0,1,1,"gas,gold,oil",1274.0672288980406,7.149969604675492,0.0,,,,0,0
4551,2021-02-17,52.93253968253968,0,0,1,1,"gas,oil",,,,,,,0,0
4552,2021-02-22,52.94444444444444,1,0,0,0,gold,1303.9241848251197,7.173133600324841,0.0,,,,0,0
4553,2021-02-25,52.95634920634921,0,0,0,1,oil,,,,,,,0,0
4554,2021-03-01,52.96428571428572,0,0,0,1,oil,,,,,,,0,0
4555,2021-03-04,52.97619047619048,0,1,0,0,silver,,,,7.942082023152169,2.072175460426085,0.0,0,0
4556,2021-03-09,52.98809523809524,0,0,1,0,gas,,,,,,,0,0
4557,2021-03-12,53.0,0,0,0,1,oil,,,,,,,0,0
4558,2021-03-17,53.01190476190476,1,0,1,1,"gas,gold,oil",1327.951123078884,7.191392524448583,0.0,,,,0,0
4559,2021-03-22,53.023809523809526,1,0,0,0,gold,1363.1937442150463,7.217585567020395,0.0,,,,0,0
4560,2021-03-25,53.035714285714285,1,0,0,0,gold,1369.7513303439985,7.222384491649299,0.0,,,,0,0
4561,2021-03-30,53.04761904761905,1,1,1,0,"gas,gold,silver",1384.8726355790695,7.233363454522163,0.0,9.255312756767465,2.225197738730274,0.0,0,0
4562,2021-04-01,53.05555555555556,0,1,0,1,"oil,silver",,,,9.497401439022545,2.2510182284551243,0.0,0,0
4563,2021-04-06,53.06746031746032,0,1,0,1,"oil,silver",,,,9.683316783491184,2.270404485522448,0.0,0,0
4564,2021-04-09,53.07936507936508,0,1,0,0,silver,,,,9.318247284520664,2.2319745514112888,0.0,0,0
4565,2021-04-14,53.09126984126984,0,1,0,0,silver,,,,9.249929036626812,2.2246158797788858,0.0,0,0
4566,2021-04-19,53.1031746031746,0,1,0,0,silver,,,,9.029046801391292,2.2004468027642607,0.0,0,0
4567,2021-04-22,53.11507936507937,0,1,1,0,"gas,silver",,,,9.330208676985414,2.2332573808455107,0.0,0,0
4568,2021-04-27,53.12698412698413,0,1,0,1,"oil,silver",,,,9.099228294393724,2.208189607112966,0.0,0,0
4569,2021-04-29,53.13492063492063,0,1,0,0,silver,,,,8.935507345433887,2.190032928805061,0.0,0,0
4570,2021-05-04,53.1468253968254,1,1,1,0,"gas,gold,silver",1321.6601252869225,7.186643896047044,0.0,8.702372945892726,2.163595740871827,0.0,0,0
4571,2021-05-07,53.15873015873016,0,0,1,0,gas,,,,,,,0,0
4572,2021-05-12,53.17063492063492,1,0,0,0,gold,1343.2174081805467,7.202823065909058,0.0,,,,0,0
4573,2021-05-17,53.18253968253968,1,1,0,1,"gold,oil,silver",1323.177256468192,7.187791135841924,0.0,8.04034572522372,2.08447208291609,0.0,0,0
4574,2021-05-20,53.19444444444444,1,0,0,0,gold,1340.4447188812428,7.200756717647172,0.0,,,,0,0
4575,2021-05-25,53.20634920634921,0,1,0,0,silver,,,,8.490862747918374,2.138990614467593,0.0,0,0
4576,2021-05-28,53.21825396825397,0,1,0,0,silver,,,,8.516126086689434,2.141961552779945,0.0,0,0
4577,2021-06-01,53.22619047619048,0,1,0,1,"oil,silver",,,,8.155324848531961,2.098671069556985,0.0,0,0
4578,2021-06-04,53.23809523809524,0,1,1,1,"gas,oil,silver",,,,8.35179195486812,2.1224761212117524,0.0,0,0
4579,2021-06-09,53.25,1,0,1,1,"gas,gold,oil",1378.3179814520188,7.228619180724282,0.0,,,,0,0
4580,2021-06-14,53.26190476190476,0,0,1,0,gas,,,,,,,0,0
4581,2021-06-17,53.273809523809526,1,0,0,0,gold,1431.4478679101103,7.266441706068606,0.0,,,,0,0
4582,2021-06-22,53.285714285714285,0,1,0,0,silver,,,,9.999339674975404,2.3025190583113444,0.0,0,0
4583,2021-06-25,53.29761904761905,1,0,0,0,gold,1468.3419480577434,7.291889116693638,0.0,,,,0,0
4584,2021-06-30,53.30952380952381,1,1,1,1,"gas,gold,oil,silver",1518.9180740850757,7.325753567030069,0.0,10.564457003629622,2.3574952539715017,0.0,0,0
4585,2021-07-02,53.31746031746032,0,0,1,0,gas,,,,,,,0,0
4586,2021-07-07,53.32936507936508,1,0,0,0,gold,1490.02314359428,7.306546931432486,0.0,,,,0,0
4587,2021-07-12,53.34126984126984,1,0,1,0,"gas,gold",1480.302340525795,7.300001630034048,0.0,,,,0,0
4588,2021-07-15,53.3531746031746,0,1,0,1,"oil,silver",,,,10.323780447189222,2.334450015375803,0.0,0,0
4589,2021-07-20,53.36507936507937,0,0,1,0,gas,,,,,,,0,0
4590,2021-07-23,53.37698412698413,0,1,0,1,"oil,silver",,,,10.374740733752398,2.3393740762866777,0.0,0,0
4591,2021-07-28,53.388888888888886,0,1,0,0,silver,,,,10.44250639183041,2.345884629486723,0.0,0,0
4592,2021-08-02,53.40079365079365,1,1,0,1,"gold,oil,silver",1450.2827005651125,7.279513782318212,0.0,10.591158016389038,2.360019503624563,0.0,0,0
4593,2021-08-04,53.40873015873016,1,1,0,0,"gold,silver",1373.7773857388363,7.225319440542852,0.0,9.795511254943266,2.2819242455364863,0.0,0,0
4594,2021-08-09,53.42063492063492,1,1,0,1,"gold,oil,silver",1327.4921079819244,7.19104680807539,0.0,9.257854168946205,2.2254722905889484,0.0,0,0
4595,2021-08-12,53.43253968253968,0,0,1,0,gas,,,,,,,0,0
4596,2021-08-17,53.44444444444444,0,1,0,1,"oil,silver",,,,8.681189372774226,2.1611585437984173,0.0,0,0
4597,2021-08-20,53.45634920634921,1,1,0,0,"gold,silver",1294.516654179617,7.165892664446507,0.0,8.621343061412507,2.154240880127318,0.0,0,0
4598,2021-08-25,53.46825396825397,0,0,0,1,oil,,,,,,,0,0
4599,2021-08-30,53.48015873015873,0,1,0,0,silver,,,,8.768926989691513,2.171214448806521,0.0,0,0
4600,2021-09-01,53.48809523809524,1,0,0,0,gold,1290.0025851006565,7.162399501307707,0.0,,,,0,0
4601,2021-09-03,53.49603174603175,1,0,0,1,"gold,oil",1663.036920556553,7.416400680123005,0.0,,,,1,1
4602,2021-09-08,53.507936507936506,1,1,0,0,"gold,silver",1644.0776928651874,7.404934832933293,0.0,,,,1,1
4603,2021-09-09,53.51190476190476,0,0,1,0,gas,,,,,,,1,1
4604,2021-09-14,53.523809523809526,1,0,0,0,gold,1679.6769651178067,7.42635677124065,0.0,,,,1,1
4605,2021-09-28,53.56349206349206,1,0,0,1,"gold,oil",1697.3431542960618,7.436819457105603,0.0,,,,1,1
4606,2021-09-29,53.567460317460316,0,1,0,0,silver,,,,,,,1,1
4607,2021-10-01,53.57539682539682,0,1,0,0,silver,,,,,,,1,1
4608,2021-10-05,53.583333333333336,1,0,0,0,gold,1684.2166293670282,7.429055826295531,0.0,,,,1,1
4609,2021-10-08,53.595238095238095,1,1,0,0,"gold,silver",1678.9954042594536,7.425950919884666,0.0,,,,1,1
4610,2021-10-12,53.6031746031746,1,1,0,0,"gold,silver",1694.134003007289,7.43492697657413,0.0,,,,1,1
4611,2021-10-15,53.61507936507937,0,1,0,0,silver,,,,,,,1,1
4612,2021-10-27,53.6468253968254,1,1,1,0,"gas,gold,silver",1813.2900404907923,7.50289817616753,0.0,,,,1,1
4613,2021-11-04,53.67063492063492,0,1,0,0,silver,,,,,,,1,1
4614,2021-11-09,53.682539682539684,1,0,0,0,gold,1857.9159308303283,7.527210671218954,0.0,,,,1,1
4615,2021-11-16,53.70238095238095,1,0,0,0,gold,1823.7708093280364,7.508661509958623,0.0,,,,1,1
4616,2021-11-17,53.70634920634921,1,0,0,0,gold,1845.438686884568,7.520472298880804,0.0,,,,1,1
4617,2021-11-22,53.71825396825397,1,0,0,1,"gold,oil",1878.5175472145809,7.53823820604816,0.0,,,,1,1
4618,2021-12-01,53.74603174603175,1,0,0,0,gold,1934.1513807473343,7.567423946345763,0.0,,,,1,1
4619,2021-12-02,53.75,1,0,0,1,"gold,oil",1928.8896691361383,7.5646998153841025,0.0,,,,1,1
4620,2021-12-06,53.757936507936506,1,0,0,1,"gold,oil",1919.1417874742497,7.55963337940345,0.0,,,,1,1
4621,2021-12-07,53.76190476190476,1,0,0,0,gold,1941.296174036008,7.571111159903657,0.0,,,,1,1
4622,2021-12-08,53.76587301587302,1,0,0,1,"gold,oil",1970.1155904790717,7.585847495380789,0.0,,,,1,1
4623,2021-12-14,53.78174603174603,1,1,0,1,"gold,oil,silver",1937.347333490242,7.569074962505025,0.0,,,,1,1
4624,2021-12-21,53.801587301587304,1,1,0,0,"gold,silver",1958.8376350019128,7.580106532938419,0.0,,,,1,1
4625,2021-12-22,53.80555555555556,1,1,0,1,"gold,oil,silver",1979.0332967638103,7.590363770505903,0.0,,,,1,1
4626,2021-12-27,53.817460317460316,1,0,0,1,"gold,oil",1953.0313273863208,7.577137971396427,0.0,,,,1,1
4627,2021-12-30,53.82936507936508,1,0,0,0,gold,1945.3178954543948,7.573180685090299,0.0,,,,1,1
4628,2022-01-11,53.861111111111114,1,0,0,0,gold,1919.4410561666564,7.559789306059303,0.0,,,,1,1
4629,2022-01-13,53.86904761904762,0,1,0,0,silver,,,,,,,1,1
4630,2022-01-19,53.88492063492063,1,0,0,1,"gold,oil",1898.12803250424,7.54862343343021,0.0,,,,1,1
4631,2022-01-24,53.8968253968254,0,1,0,0,silver,,,,,,,1,1
4632,2022-01-28,53.91269841269841,1,0,1,0,"gas,gold",1956.4068578594247,7.578864834005319,0.0,,,,1,1
4633,2022-01-31,53.916666666666664,0,0,1,0,gas,,,,,,,1,1
4634,2022-02-01,53.92063492063492,1,0,0,0,gold,1992.355040023152,7.597072655206289,0.0,,,,1,1
4635,2022-02-07,53.93650793650794,0,1,0,0,silver,,,,,,,1,1
4636,2022-02-08,53.94047619047619,0,1,0,0,silver,,,,,,,1,1
4637,2022-02-15,53.96031746031746,1,1,0,0,"gold,silver",1987.8022486981677,7.594784909782972,0.0,,,,1,1
4638,2022-02-21,53.976190476190474,1,0,0,0,gold,1979.8999245466684,7.590801579252984,0.0,,,,1,1
4639,2022-02-24,53.98809523809524,1,1,0,0,"gold,silver",2038.8905679067911,7.620161099642677,0.0,,,,1,1
4640,2022-03-01,54.0,1,0,0,0,gold,2007.6376735224485,7.604714023057214,0.0,,,,1,1
4641,2022-03-02,54.00396825396825,0,1,0,0,silver,,,,,,,1,1
4642,2022-03-04,54.01190476190476,1,0,0,0,gold,2049.3990211508662,7.625301868738328,0.0,,,,1,1
4643,2022-03-08,54.01984126984127,1,0,1,0,"gas,gold",1997.7949651741571,7.599799333909749,0.0,,,,1,1
4644,2022-03-11,54.03174603174603,0,0,0,1,oil,,,,,,,1,1
4645,2022-03-23,54.06349206349206,0,1,0,0,silver,,,,,,,1,1
4646,2022-03-29,54.07936507936508,1,0,0,0,gold,2037.921743169904,7.619685814208274,0.0,,,,1,1
4647,2022-04-07,54.107142857142854,1,1,1,0,"gas,gold,silver",2121.588850436472,7.659920544715891,0.0,,,,1,1
4648,2022-04-18,54.13492063492063,0,0,0,1,oil,,,,,,,1,1
4649,2022-04-19,54.138888888888886,1,0,0,0,gold,2151.6655152936946,7.673997479504989,0.0,,,,1,1
4650,2022-04-21,54.1468253968254,1,0,0,0,gold,2138.2015868204426,7.667720374708224,0.0,,,,1,1
4651,2022-05-04,54.182539682539684,1,0,0,0,gold,2133.4817487258065,7.665510547975015,0.0,,,,1,1
4652,2022-05-12,54.20634920634921,0,1,0,0,silver,,,,,,,1,1
4653,2022-05-18,54.22222222222222,1,0,0,1,"gold,oil",2090.9572741042502,7.645377265984219,0.0,,,,1,1
4654,2022-05-19,54.226190476190474,1,0,0,0,gold,2123.3521405850515,7.660751317277264,0.0,,,,1,1
4655,2022-05-23,54.23412698412698,1,0,0,0,gold,2096.90272902512,7.648216644048823,0.0,,,,1,1
4656,2022-05-24,54.23809523809524,1,0,0,0,gold,2081.0421555520293,7.640624083541667,0.0,,,,1,1
4657,2022-05-26,54.24603174603175,1,0,0,0,gold,2054.469833723554,7.627773105189897,0.0,,,,1,1
4658,2022-05-30,54.25396825396825,0,0,1,0,gas,,,,,,,1,1
4659,2022-05-31,54.257936507936506,1,1,0,1,"gold,oil,silver",2103.325123797113,7.651274763751979,0.0,,,,1,1
4660,2022-06-01,54.26190476190476,1,1,1,1,"gas,gold,oil,silver",2126.1106179910867,7.6620495885883475,0.0,,,,1,1
4661,2022-06-07,54.27777777777778,0,1,0,0,silver,,,,,,,1,1
4662,2022-06-09,54.285714285714285,1,0,0,0,gold,2023.604644122753,7.612635677395753,0.0,,,,1,1
4663,2022-06-10,54.28968253968254,1,1,0,0,"gold,silver",2014.6241981356131,7.608187954821143,0.0,,,,1,1
4664,2022-06-14,54.29761904761905,1,0,1,0,"gas,gold",2038.426797405769,7.619933611585472,0.0,,,,1,1
4665,2022-06-15,54.301587301587304,1,0,1,0,"gas,gold",2030.3314935748813,7.6159543560318035,0.0,,,,1,1
4666,2022-06-22,54.32142857142857,1,1,0,0,"gold,silver",2014.701583535212,7.60822636591213,0.0,,,,1,1
4667,2022-06-23,54.32539682539682,1,0,1,0,"gas,gold",2014.9212353833584,7.60833538447701,0.0,,,,1,1
4668,2022-06-24,54.32936507936508,1,0,0,0,gold,1997.692535831984,7.59974806139686,0.0,,,,1,1
4669,2022-06-27,54.333333333333336,1,1,0,1,"gold,oil,silver",2009.963887528033,7.60587203448776,0.0,,,,1,1
4670,2022-07-01,54.34920634920635,1,0,0,0,gold,1948.891221648921,7.575015885558468,0.0,,,,1,1
4671,2022-07-04,54.3531746031746,1,0,0,0,gold,1970.0089498669377,7.585793364801378,0.0,,,,1,1
4672,2022-07-05,54.357142857142854,1,1,0,0,"gold,silver",1955.5779284820612,7.578441044325634,0.0,,,,1,1
4673,2022-07-12,54.37698412698413,1,0,0,0,gold,1963.566047940365,7.582517511313473,0.0,,,,1,1
4674,2022-07-18,54.392857142857146,1,0,0,0,gold,1898.514921324762,7.548827239174688,0.0,,,,1,1
4675,2022-07-20,54.40079365079365,1,0,0,0,gold,1917.5807004652763,7.558819618647999,0.0,,,,1,1
4676,2022-07-21,54.404761904761905,1,0,0,0,gold,1928.8471989652276,7.564677797204862,0.0,,,,1,1
4677,2022-07-25,54.41269841269841,0,1,0,0,silver,,,,,,,1,1
4678,2022-07-29,54.42857142857143,1,1,1,0,"gas,gold,silver",2014.2729090466676,7.608013570079865,0.0,,,,1,1
4679,2022-08-01,54.432539682539684,0,0,1,0,gas,,,,,,,1,1
4680,2022-08-04,54.44444444444444,1,0,0,0,gold,2044.7643461025543,7.623037827657254,0.0,,,,1,1
4681,2022-08-05,54.448412698412696,0,1,0,0,silver,,,,,,,1,1
4682,2022-08-08,54.45238095238095,1,0,0,0,gold,2027.8320095439603,7.61472252574943,0.0,,,,1,1
4683,2022-08-10,54.46031746031746,1,0,0,0,gold,1994.238975138,7.598017790451023,0.0,,,,1,1
4684,2022-08-11,54.464285714285715,1,0,0,0,gold,1987.814214075675,7.594790929165184,0.0,,,,1,1
4685,2022-08-16,54.476190476190474,1,0,0,0,gold,1971.0975894883663,7.5863458186050226,0.0,,,,1,1
4686,2022-08-17,54.48015873015873,1,0,0,0,gold,1959.1648135694552,7.580273545885755,0.0,,,,1,1
4687,2022-08-19,54.48809523809524,1,0,0,1,"gold,oil",1974.0070404658643,7.587820786585782,0.0,,,,1,1
4688,2022-08-26,54.507936507936506,1,0,1,0,"gas,gold",1920.7003327099487,7.560445155134069,0.0,,,,1,1
4689,2022-09-12,54.551587301587304,1,0,0,0,gold,1876.9266143607692,7.53739093851839,0.0,,,,1,1
4690,2022-09-21,54.57936507936508,1,0,0,0,gold,1806.402801080343,7.499092744036546,0.0,,,,1,1
4691,2022-09-23,54.58730158730159,1,1,1,1,"gas,gold,oil,silver",1881.0323175904612,7.539576010222263,0.0,,,,1,1
4692,2022-09-26,54.59126984126984,1,0,0,0,gold,1884.1314346100255,7.541222216296374,0.0,,,,1,1
4693,2022-09-28,54.59920634920635,0,0,0,1,oil,,,,,,,1,1
4694,2022-09-29,54.6031746031746,0,0,0,1,oil,,,,,,,1,1
4695,2022-09-30,54.607142857142854,1,0,1,0,"gas,gold",1868.1966241173895,7.532728872412916,0.0,,,,1,1
4696,2022-10-03,54.611111111111114,1,0,0,0,gold,1875.780118357383,7.536779914998188,0.0,,,,1,1
4697,2022-10-07,54.62698412698413,0,1,0,0,silver,,,,,,,1,1
4698,2022-10-10,54.63095238095238,1,0,1,0,"gas,gold",1885.451243584472,7.541922457750692,0.0,,,,1,1
4699,2022-10-11,54.63492063492063,0,0,0,1,oil,,,,,,,1,1
4700,2022-10-12,54.638888888888886,1,0,1,0,"gas,gold",1896.9414336271643,7.547998096304588,0.0,,,,1,1
4701,2022-10-13,54.642857142857146,1,0,0,1,"gold,oil",1948.3614065610805,7.574743993976552,0.0,,,,1,1
4702,2022-10-27,54.682539682539684,0,0,0,1,oil,,,,,,,1,1
4703,2022-11-01,54.69444444444444,1,0,1,1,"gas,gold,oil",1914.6270085094689,7.557278109019602,0.0,,,,1,1
4704,2022-11-03,54.70238095238095,1,1,0,0,"gold,silver",1924.0750582459095,7.562200642027044,0.0,,,,1,1
4705,2022-11-10,54.72222222222222,0,0,1,0,gas,,,,,,,1,1
4706,2022-11-16,54.73809523809524,1,0,1,1,"gas,gold,oil",1905.2706554429296,7.5523793538169075,0.0,,,,1,1
4707,2022-11-17,54.742063492063494,1,0,0,0,gold,1911.639083305227,7.555716311831486,0.0,,,,1,1
4708,2022-11-18,54.74603174603175,1,0,0,1,"gold,oil",1898.9602015509904,7.549061753010256,0.0,,,,1,1
4709,2022-11-21,54.75,1,0,0,0,gold,1939.213993726716,7.57003801208592,0.0,,,,1,1
4710,2022-11-25,54.76587301587302,1,0,1,0,"gas,gold",1924.0529748328704,7.562189164543525,0.0,,,,1,1
4711,2022-11-28,54.76984126984127,1,0,1,0,"gas,gold",1897.8738567640623,7.5484895158253345,0.0,,,,1,1
4712,2022-12-01,54.78174603174603,0,1,0,0,silver,,,,,,,1,1
4713,2022-12-02,54.785714285714285,1,1,0,0,"gold,silver",1926.7708456201565,7.563600743657657,0.0,,,,1,1
4714,2022-12-15,54.82142857142857,1,1,0,1,"gold,oil,silver",1950.2453403354557,7.575710459200323,0.0,,,,1,1
4715,2022-12-19,54.82936507936508,1,0,1,0,"gas,gold",1964.203241770238,7.582841967150088,0.0,,,,1,1
4716,2022-12-20,54.833333333333336,0,1,1,0,"gas,silver",,,,,,,1,1
4717,2022-12-22,54.84126984126984,1,1,0,0,"gold,silver",1978.4139606606825,7.590050772723293,0.0,,,,1,1
4718,2022-12-23,54.845238095238095,1,0,0,0,gold,1972.5848911714952,7.58710008914325,0.0,,,,1,1
4719,2022-12-28,54.857142857142854,1,0,0,1,"gold,oil",1972.7131840928948,7.587165125000616,0.0,,,,1,1
4720,2022-12-29,54.861111111111114,0,0,1,0,gas,,,,,,,1,1
4721,2022-12-30,54.86507936507937,1,0,0,0,gold,2016.5315123174703,7.609134241425373,0.0,,,,1,1
4722,2023-01-02,54.86904761904762,1,0,1,0,"gas,gold",2015.3936799610665,7.608569829968142,0.0,,,,1,1
4723,2023-01-03,54.87301587301587,0,0,1,0,gas,,,,,,,1,1
4724,2023-01-04,54.87698412698413,1,0,1,1,"gas,gold,oil",2017.764837096145,7.609745661465091,0.0,,,,1,1
4725,2023-01-10,54.892857142857146,1,0,0,0,gold,1987.4556656711716,7.594610539699149,0.0,,,,1,1
4726,2023-01-25,54.93650793650794,1,1,0,1,"gold,oil,silver",1791.5179192260582,7.490818539053935,0.0,,,,1,1
4727,2023-01-26,54.94047619047619,1,0,0,1,"gold,oil",1789.9928799047736,7.489966921120059,0.0,,,,1,1
4728,2023-01-27,54.94444444444444,0,1,0,0,silver,,,,,,,1,1
4729,2023-02-01,54.95634920634921,0,1,0,0,silver,,,,,,,1,1
4730,2023-02-07,54.97222222222222,1,0,0,0,gold,1756.1625737572483,7.47088635177594,0.0,,,,1,1
4731,2023-02-10,54.98412698412698,1,0,1,0,"gas,gold",1812.9619362780047,7.502717215651943,0.0,,,,1,1
4732,2023-02-22,55.01587301587302,1,0,1,0,"gas,gold",1733.2037078880337,7.457726829194203,0.0,,,,1,1
4733,2023-02-27,55.02777777777778,1,0,0,0,gold,1734.7308424783969,7.458607546328218,0.0,,,,1,1
4734,2023-02-28,55.03174603174603,1,0,0,0,gold,1769.951318190508,7.478707321342466,0.0,,,,1,1
4735,2023-03-03,55.04365079365079,1,0,0,1,"gold,oil",1725.1314822264485,7.453058548141293,0.0,,,,1,1
4736,2023-03-15,55.07539682539682,1,1,0,0,"gold,silver",1829.258559365905,7.511666004920012,0.0,,,,1,1
4737,2023-03-20,55.08730158730159,1,1,0,0,"gold,silver",1793.7520164859384,7.492064803680645,0.0,,,,1,1
4738,2023-03-29,55.11507936507937,1,0,0,0,gold,1766.7294205641335,7.476885331315283,0.0,,,,1,1
4739,2023-03-30,55.11904761904762,1,1,0,0,"gold,silver",1746.881078741978,7.465587236118148,0.0,,,,1,1
4740,2023-03-31,55.12301587301587,1,0,0,1,"gold,oil",1740.244741182766,7.461781038169632,0.0,,,,1,1
4741,2023-04-04,55.13095238095238,1,1,0,0,"gold,silver",1724.4953261467126,7.452689722107472,0.0,,,,1,1
4742,2023-04-11,55.15079365079365,1,1,0,1,"gold,oil,silver",1756.9551196074756,7.471337544097318,0.0,,,,1,1
4743,2023-04-18,55.17063492063492,0,1,0,0,silver,,,,,,,1,1
4744,2023-04-24,55.18650793650794,0,1,0,0,silver,,,,,,,1,1
4745,2023-04-25,55.19047619047619,1,1,1,0,"gas,gold,silver",1789.0101940622326,7.489417781682665,0.0,,,,1,1
4746,2023-05-01,55.20634920634921,1,0,1,0,"gas,gold",1726.3092701310352,7.453741038750178,0.0,,,,1,1
4747,2023-05-02,55.21031746031746,1,0,0,0,gold,1736.1505172890493,7.45942559496928,0.0,,,,1,1
4748,2023-05-08,55.226190476190474,0,1,0,0,silver,,,,,,,1,1
4749,2023-05-11,55.23809523809524,0,0,0,1,oil,,,,,,,1,1
4750,2023-05-18,55.257936507936506,1,1,1,1,"gas,gold,oil,silver",1747.1877452289773,7.465762771577372,0.0,,,,1,1
4751,2023-05-22,55.26587301587302,1,0,1,0,"gas,gold",1764.182909498547,7.4754429213832,0.0,,,,1,1
4752,2023-05-24,55.273809523809526,0,0,1,0,gas,,,,,,,1,1
4753,2023-05-29,55.285714285714285,0,0,1,0,gas,,,,,,,1,1
4754,2023-05-31,55.29365079365079,1,0,0,0,gold,1767.1621126070534,7.477130212654181,0.0,,,,1,1
4755,2023-06-02,55.301587301587304,1,1,0,0,"gold,silver",1747.1523441161175,7.465742509604034,0.0,,,,1,1
4756,2023-06-05,55.30555555555556,1,0,0,0,gold,1755.8160116415752,7.470688991736082,0.0,,,,1,1
4757,2023-06-13,55.32936507936508,1,0,0,0,gold,1760.7634692326903,7.473502783309559,0.0,,,,1,1
4758,2023-06-14,55.333333333333336,0,1,1,0,"gas,silver",,,,,,,1,1
4759,2023-06-15,55.33730158730159,1,0,1,0,"gas,gold",1745.5566410060103,7.464828775749923,0.0,,,,1,1
4760,2023-06-19,55.345238095238095,1,1,0,0,"gold,silver",1712.767368185305,7.445865685357242,0.0,,,,1,1
4761,2023-06-20,55.34920634920635,1,1,1,0,"gas,gold,silver",1746.0700469909452,7.465122854146335,0.0,,,,1,1
4762,2023-06-21,55.3531746031746,1,0,0,0,gold,1742.5021439349248,7.463077373012645,0.0,,,,1,1
4763,2023-06-28,55.37301587301587,1,0,0,1,"gold,oil",1727.985821632427,7.454711744256512,0.0,,,,1,1
4764,2023-07-11,55.40873015873016,1,0,0,0,gold,1731.729704697149,7.456876017300129,0.0,,,,1,1
4765,2023-07-12,55.41269841269841,1,1,0,1,"gold,oil,silver",1707.1644903235335,7.442589080380097,0.0,,,,1,1
4766,2023-07-13,55.416666666666664,1,0,0,0,gold,1691.1911581145323,7.433188386929726,0.0,,,,1,1
4767,2023-07-19,55.432539682539684,1,0,1,0,"gas,gold",1714.931796531498,7.447128590022943,0.0,,,,1,1
4768,2023-07-20,55.43650793650794,1,1,0,0,"gold,silver",1765.5629241986217,7.476224855740748,0.0,,,,1,1
4769,2023-07-25,55.448412698412696,1,0,0,0,gold,1720.3615139138965,7.450289730230329,0.0,,,,1,1
4770,2023-07-31,55.464285714285715,1,0,0,1,"gold,oil",1710.4340463257213,7.444502445548419,0.0,,,,1,1
4771,2023-08-01,55.46825396825397,1,0,1,0,"gas,gold",1706.6635193565726,7.442295585236735,0.0,,,,1,1
4772,2023-08-02,55.47222222222222,1,0,0,0,gold,1720.010607822175,7.450085737126955,0.0,,,,1,1
4773,2023-08-04,55.48015873015873,1,1,1,1,"gas,gold,oil,silver",1713.238433179459,7.446140679052195,0.0,,,,1,1
4774,2023-08-08,55.48809523809524,1,1,0,0,"gold,silver",1721.1394431296549,7.450741817408986,0.0,,,,1,1
4775,2023-08-09,55.492063492063494,1,1,0,0,"gold,silver",1719.6652428157608,7.449884924595442,0.0,,,,1,1
4776,2023-08-10,55.49603174603175,1,1,0,0,"gold,silver",1729.8010459783077,7.455761678553872,0.0,,,,1,1
4777,2023-08-15,55.507936507936506,1,0,0,0,gold,1734.4944920794198,7.458471290895636,0.0,,,,1,1
4778,2023-08-16,55.51190476190476,0,0,1,0,gas,,,,,,,1,1
4779,2023-08-21,55.523809523809526,1,1,1,0,"gas,gold,silver",1740.320635220228,7.461824648347443,0.0,,,,1,1
4780,2023-08-23,55.53174603174603,1,0,1,1,"gas,gold,oil",1781.0582228773387,7.484962973871174,0.0,,,,1,1
4781,2023-08-25,55.53968253968254,1,0,0,0,gold,1780.7711687281603,7.4848017903229245,0.0,,,,1,1
4782,2023-08-28,55.54365079365079,1,0,0,0,gold,1766.385665864679,7.476690741163459,0.0,,,,1,1
4783,2023-09-01,55.55952380952381,1,0,0,0,gold,1723.9284287762289,7.452360935730924,0.0,,,,1,1
4784,2023-09-08,55.57936507936508,1,1,1,0,"gas,gold,silver",1658.4278238316808,7.413625338496314,0.0,,,,1,1
4785,2023-09-11,55.583333333333336,1,0,1,0,"gas,gold",1671.7934282538572,7.42165223831694,0.0,,,,1,1
4786,2023-09-18,55.6031746031746,0,1,0,0,silver,,,,,,,1,1
4787,2023-09-22,55.61904761904762,1,0,0,0,gold,1699.1492003494122,7.437882934384507,0.0,,,,1,1
4788,2023-09-25,55.62301587301587,0,0,0,1,oil,,,,,,,1,1
4789,2023-09-26,55.62698412698413,0,1,0,0,silver,,,,,,,1,1
4790,2023-10-03,55.6468253968254,0,1,0,0,silver,,,,,,,1,1
4791,2023-10-11,55.67063492063492,1,1,0,0,"gold,silver",1792.8282306089277,7.491549669020999,0.0,,,,1,1
4792,2023-10-12,55.67460317460318,1,0,0,0,gold,1782.5008399821731,7.485772623526586,0.0,,,,1,1
4793,2023-10-18,55.69047619047619,1,1,0,0,"gold,silver",1784.211356449801,7.486731779468843,0.0,,,,1,1
4794,2023-10-24,55.70634920634921,1,0,0,0,gold,1763.4126319990874,7.475006206061026,0.0,,,,1,1
4795,2023-10-25,55.71031746031746,1,0,1,0,"gas,gold",1756.9367844734215,7.471327108298748,0.0,,,,1,1
4796,2023-10-27,55.71825396825397,0,0,1,0,gas,,,,,,,1,1
4797,2023-10-31,55.726190476190474,1,0,0,1,"gold,oil",1726.7413726785655,7.453991311679529,0.0,,,,1,1
4798,2023-11-01,55.73015873015873,1,1,0,0,"gold,silver",1721.9393979091417,7.451206491516559,0.0,,,,1,1
4799,2023-11-02,55.73412698412698,1,0,0,0,gold,1730.396294696056,7.456105733337467,0.0,,,,1,1
4800,2023-11-07,55.74603174603175,1,0,0,0,gold,1697.6535309027422,7.437002300646451,0.0,,,,1,1
4801,2023-11-08,55.75,0,0,0,1,oil,,,,,,,1,1
4802,2023-11-14,55.76587301587302,1,1,1,0,"gas,gold,silver",1742.1339788942073,7.462866065416035,0.0,,,,1,1
4803,2023-11-15,55.76984126984127,1,1,1,0,"gas,gold,silver",1767.5158535492844,7.477330367206759,0.0,,,,1,1
4804,2023-11-16,55.773809523809526,0,1,0,0,silver,,,,,,,1,1
4805,2023-11-17,55.77777777777778,0,1,0,0,silver,,,,,,,1,1
4806,2023-11-20,55.78174603174603,0,0,1,0,gas,,,,,,,1,1
4807,2023-11-28,55.80555555555556,1,1,0,1,"gold,oil,silver",1785.4168022215515,7.487407169601367,0.0,,,,1,1
4808,2023-12-06,55.82936507936508,1,1,0,0,"gold,silver",1800.789702945345,7.495980571531608,0.0,,,,1,1
4809,2023-12-07,55.833333333333336,0,0,1,0,gas,,,,,,,1,1
4810,2023-12-08,55.83730158730159,1,1,0,1,"gold,oil,silver",1789.8557578626187,7.489890313388226,0.0,,,,1,1
4811,2023-12-13,55.84920634920635,1,1,0,0,"gold,silver",1792.070410673311,7.491126884433353,0.0,,,,1,1
4812,2023-12-15,55.857142857142854,1,0,0,1,"gold,oil",1810.1347435043856,7.501156565414135,0.0,,,,1,1
4813,2023-12-19,55.86507936507937,1,0,0,0,gold,1815.437301364447,7.504081655069079,0.0,,,,1,1
4814,2023-12-21,55.87301587301587,1,1,0,0,"gold,silver",1808.8350732865035,7.500438311137613,0.0,,,,1,1
4815,2023-12-22,55.87698412698413,1,0,0,0,gold,1784.3443271422348,7.486806303004013,0.0,,,,1,1
4816,2023-12-26,55.88492063492063,1,0,0,0,gold,1773.180213788837,7.480529944331785,0.0,,,,1,1
4817,2023-12-27,55.888888888888886,1,1,0,0,"gold,silver",1803.090259279357,7.497257282560064,0.0,,,,1,1
4818,2023-12-29,55.8968253968254,1,1,0,0,"gold,silver",1798.93296038799,7.494948968324544,0.0,,,,1,1
4819,2024-01-08,55.92063492063492,1,0,0,0,gold,1783.597143203278,7.486387471049459,0.0,,,,0,0
4820,2024-01-11,55.93253968253968,1,0,1,0,"gas,gold",1749.778269687934,7.467244355854586,0.0,,,,0,0
4821,2024-01-16,55.94444444444444,1,0,1,1,"gas,gold,oil",1736.7018642624826,7.459743113203568,0.0,,,,0,0
4822,2024-01-19,55.95634920634921,1,0,0,0,gold,1775.5046878800254,7.481839992695075,0.0,,,,0,0
4823,2024-01-24,55.96825396825397,0,0,0,1,oil,,,,,,,0,0
4824,2024-01-29,55.98015873015873,1,1,0,0,"gold,silver",1762.8616156777518,7.47469368565727,0.0,16.19343934752161,2.784606181664331,0.0,0,0
4825,2024-02-01,55.99206349206349,0,0,1,0,gas,,,,,,,0,0
4826,2024-02-05,56.0,0,1,0,1,"oil,silver",,,,16.389023582867882,2.79661181702555,0.0,0,0
4827,2024-02-08,56.01190476190476,0,0,0,1,oil,,,,,,,0,0
4828,2024-02-13,56.023809523809526,0,0,0,1,oil,,,,,,,0,0
4829,2024-02-16,56.035714285714285,0,1,0,1,"oil,silver",,,,15.332826189621189,2.7299960326840864,0.0,0,0
4830,2024-02-21,56.04761904761905,1,1,0,0,"gold,silver",1686.105524516022,7.430176725284125,0.0,15.57522139628931,2.7456812794225227,0.0,0,0
4831,2024-02-26,56.05952380952381,0,1,0,0,silver,,,,16.020120567718692,2.773845467686717,0.0,0,0
4832,2024-02-29,56.07142857142857,0,1,0,0,silver,,,,16.575193711803465,2.807907222990268,0.0,0,0
4833,2024-03-05,56.083333333333336,0,0,1,1,"gas,oil",,,,,,,0,0
4834,2024-03-07,56.09126984126984,1,1,0,0,"gold,silver",1746.809828026464,7.465546447898798,0.0,16.158966733206817,2.782475111271909,0.0,0,0
4835,2024-03-12,56.1031746031746,0,0,0,1,oil,,,,,,,0,0
4836,2024-03-15,56.11507936507937,0,0,0,1,oil,,,,,,,0,0
4837,2024-03-20,56.12698412698413,1,0,0,1,"gold,oil",1660.436237099778,7.414835640260044,0.0,,,,0,0
4838,2024-03-25,56.138888888888886,0,1,1,1,"gas,oil,silver",,,,14.046626878446377,2.6423822871300997,0.0,0,0
4839,2024-03-28,56.15079365079365,0,0,0,1,oil,,,,,,,0,0
4840,2024-04-02,56.16269841269841,0,0,1,1,"gas,oil",,,,,,,0,0
4841,2024-04-04,56.17063492063492,0,1,0,0,silver,,,,14.91317623891112,2.70224513351482,0.0,0,0
4842,2024-04-09,56.18253968253968,1,1,0,1,"gold,oil,silver",1790.691643841723,7.490357217411836,0.0,15.616163139743431,2.7483064765771967,0.0,0,0
4843,2024-04-12,56.19444444444444,0,0,1,0,gas,,,,,,,0,0
4844,2024-04-17,56.20634920634921,0,1,0,1,"oil,silver",,,,14.80840296288276,2.6951947874132847,0.0,0,0
4845,2024-04-22,56.21825396825397,0,0,0,1,oil,,,,,,,0,0
4846,2024-04-25,56.23015873015873,0,0,1,0,gas,,,,,,,0,0
4847,2024-04-30,56.24206349206349,1,0,0,0,gold,1666.953957835857,7.41875326259483,0.0,,,,0,0
4848,2024-05-03,56.25396825396825,0,0,1,0,gas,,,,,,,0,0
4849,2024-05-07,56.26190476190476,0,0,1,1,"gas,oil",,,,,,,0,0
4850,2024-05-10,56.273809523809526,1,1,0,0,"gold,silver",1669.858451767445,7.420494142397827,0.0,14.052282973550051,2.642784871800456,0.0,0,0
4851,2024-05-15,56.285714285714285,1,0,0,0,gold,1642.0376737477452,7.403693233566309,0.0,,,,0,0
4852,2024-05-20,56.29761904761905,0,1,0,0,silver,,,,13.627170697484948,2.6120656451062647,0.0,0,0
4853,2024-05-23,56.30952380952381,0,1,0,1,"oil,silver",,,,14.363163362741306,2.6646668292443163,0.0,0,0
4854,2024-05-28,56.32142857142857,0,0,1,0,gas,,,,,,,0,0
4855,2024-05-31,56.333333333333336,1,1,0,0,"gold,silver",1578.667389114942,7.364336345527558,0.0,12.996454407673692,2.564676582390545,0.0,0,0
4856,2024-06-05,56.345238095238095,0,0,1,0,gas,,,,,,,0,0
4857,2024-06-07,56.3531746031746,0,0,1,0,gas,,,,,,,0,0
4858,2024-06-12,56.36507936507937,0,1,1,0,"gas,silver",,,,12.61170097996124,2.534625032232801,0.0,0,0
4859,2024-06-17,56.37698412698413,1,0,1,1,"gas,gold,oil",1538.7726404222476,7.338740390906097,0.0,,,,0,0
4860,2024-06-20,56.388888888888886,0,0,0,1,oil,,,,,,,0,0
4861,2024-06-25,56.40079365079365,0,0,0,1,oil,,,,,,,0,0
4862,2024-06-28,56.41269841269841,0,1,0,0,silver,,,,11.914091757716347,2.477721880848514,0.0,0,0
4863,2024-07-03,56.42460317460318,0,0,1,0,gas,,,,,,,0,0
4864,2024-07-08,56.43650793650794,0,1,0,0,silver,,,,11.318564366761487,2.426444242008105,0.0,0,0
4865,2024-07-10,56.44444444444444,0,0,1,1,"gas,oil",,,,,,,0,0
4866,2024-07-15,56.45634920634921,0,1,1,0,"gas,silver",,,,10.799723425838264,2.379520525083586,0.0,0,0
4867,2024-07-18,56.46825396825397,1,0,1,0,"gas,gold",1556.5159527155265,7.350205238923601,0.0,,,,0,0
4868,2024-07-23,56.48015873015873,0,1,0,0,silver,,,,11.5724456979281,2.4486269015751096,0.0,0,0
4869,2024-07-26,56.49206349206349,1,0,0,1,"gold,oil",1556.0235874927148,7.349888863680454,0.0,,,,0,0
4870,2024-07-31,56.50396825396825,1,0,0,0,gold,1530.9112643891683,7.333618434728581,0.0,,,,0,0
4871,2024-08-05,56.51587301587302,0,0,1,0,gas,,,,,,,0,0
4872,2024-08-07,56.523809523809526,1,0,0,0,gold,1527.9929187732398,7.33171033540502,0.0,,,,0,0
4873,2024-08-12,56.535714285714285,1,0,0,0,gold,1551.7719895561636,7.347152776004482,0.0,,,,0,0
4874,2024-08-15,56.54761904761905,0,0,1,0,gas,,,,,,,0,0
4875,2024-08-20,56.55952380952381,0,0,0,1,oil,,,,,,,0,0
4876,2024-08-23,56.57142857142857,0,0,1,0,gas,,,,,,,0,0
4877,2024-08-28,56.583333333333336,0,1,0,1,"oil,silver",,,,12.48455220742516,2.524492056642798,0.0,0,0
4878,2024-09-02,56.595238095238095,1,0,0,0,gold,1590.8274854599144,7.372009590943841,0.0,,,,0,0
4879,2024-09-05,56.60714285714285,0,0,0,1,oil,,,,,,,0,0
4880,2024-09-09,56.61507936507937,1,1,0,0,"gold,silver",1610.6802569212157,7.384411888568984,0.0,12.581632256901434,2.532237993006619,0.0,0,0
4881,2024-09-12,56.62698412698413,0,1,1,0,"gas,silver",,,,12.351486699685744,2.513776436370186,0.0,0,0
4882,2024-09-17,56.638888888888886,1,0,1,0,"gas,gold",1566.5417553900438,7.356625765249287,0.0,,,,0,0
4883,2024-09-20,56.65079365079365,1,0,0,1,"gold,oil",1587.72054328071,7.370054646018911,0.0,,,,0,0
4884,2024-09-25,56.66269841269841,0,1,0,1,"oil,silver",,,,12.200605946170608,2.501485618224713,0.0,0,0
4885,2024-09-30,56.67460317460318,1,0,0,0,gold,1598.4179839750925,7.376769659066663,0.0,,,,0,0
4886,2024-10-03,56.68650793650794,1,0,0,1,"gold,oil",1632.378008785976,7.397793131734202,0.0,,,,0,0
4887,2024-10-08,56.698412698412696,0,0,1,1,"gas,oil",,,,,,,0,0
4888,2024-10-10,56.70634920634921,0,0,1,0,gas,,,,,,,0,0
4889,2024-10-15,56.71825396825397,1,0,0,0,gold,1664.3889199165485,7.417213319982896,0.0,,,,0,0
4890,2024-10-18,56.73015873015873,0,1,1,0,"gas,silver",,,,12.026149434703044,2.4870833985091627,0.0,0,0
4891,2024-10-23,56.74206349206349,0,0,0,1,oil,,,,,,,0,0
4892,2024-10-28,56.75396825396825,0,0,0,1,oil,,,,,,,0,0
4893,2024-10-31,56.76587301587302,1,0,0,0,gold,1648.614438468685,7.407690479858903,0.0,,,,0,0
4894,2024-11-05,56.77777777777778,0,1,0,1,"oil,silver",,,,11.88513185735918,2.475288195185548,0.0,0,0
4895,2024-11-07,56.785714285714285,0,0,1,0,gas,,,,,,,0,0
4896,2024-11-12,56.79761904761905,1,1,0,0,"gold,silver",1626.171400185136,7.393983696720264,0.0,11.88803400735428,2.47553234861686,0.0,0,0
4897,2024-11-15,56.80952380952381,1,0,1,0,"gas,gold",1589.8840338672817,7.371416357879749,0.0,,,,0,0
4898,2024-11-20,56.82142857142857,0,0,0,1,oil,,,,,,,0,0
4899,2024-11-25,56.833333333333336,0,0,1,0,gas,,,,,,,0,0
4900,2024-11-28,56.845238095238095,0,1,0,0,silver,,,,11.322654007877723,2.426805498287961,0.0,0,0
4901,2024-12-03,56.85714285714285,1,0,0,0,gold,1505.9473820890837,7.317177468897593,0.0,,,,0,0
4902,2024-12-06,56.86904761904762,0,1,0,0,silver,,,,11.16090525665458,2.412417069851111,0.0,0,0
4903,2024-12-10,56.87698412698413,0,1,1,0,"gas,silver",,,,11.170549172145286,2.4132807767915594,0.0,0,0
4904,2024-12-13,56.888888888888886,0,0,0,1,oil,,,,,,,0,0
4905,2024-12-18,56.90079365079365,0,1,1,0,"gas,silver",,,,10.990244074360122,2.397007976936901,0.0,0,0
4906,2024-12-23,56.91269841269841,1,0,1,0,"gas,gold",1530.8067216066636,7.333550144452976,0.0,,,,0,0
4907,2024-12-26,56.92460317460318,0,1,0,0,silver,,,,11.06118000355349,2.4034416815019672,0.0,0,0
4908,2024-12-31,56.93650793650794,1,1,0,0,"gold,silver",1523.7951614860383,7.328959318739235,0.0,11.095188703048056,2.406511564175756,0.0,0,0
4909,2025-01-03,56.948412698412696,1,0,1,0,"gas,gold",1493.093613466387,7.308605497158516,0.0,,,,0,0
4910,2025-01-08,56.96031746031746,0,1,0,0,silver,,,,11.499872143985105,2.442335917393061,0.0,0,0
4911,2025-01-10,56.96825396825397,1,1,0,0,"gold,silver",1578.513785033646,7.364239040955572,0.0,11.596751485922768,2.450725014575584,0.0,0,0
4912,2025-01-15,56.98015873015873,0,0,1,0,gas,,,,,,,0,0
4913,2025-01-20,56.99206349206349,1,1,0,1,"gold,oil,silver",1582.9671440883649,7.367056304193956,0.0,11.850108070226996,2.472336987389934,0.0,0,0
4914,2025-01-23,57.00396825396825,0,1,0,0,silver,,,,11.784125848917974,2.4667533587467148,0.0,0,0
4915,2025-01-28,57.01587301587302,1,1,0,0,"gold,silver",1618.0893635417528,7.389001326959618,0.0,12.238799822786396,2.5046112185826805,0.0,0,0
4916,2025-01-31,57.02777777777778,0,0,1,1,"gas,oil",,,,,,,0,0
4917,2025-02-05,57.03968253968254,0,1,0,0,silver,,,,12.065533035083131,2.490352878381484,0.0,0,0
4918,2025-02-10,57.0515873015873,0,1,0,1,"oil,silver",,,,12.293990492258503,2.5091105651201544,0.0,0,0
4919,2025-02-12,57.05952380952381,0,0,1,0,gas,,,,,,,0,0
4920,2025-02-17,57.07142857142857,0,0,1,0,gas,,,,,,,0,0
4921,2025-02-20,57.083333333333336,0,1,0,0,silver,,,,12.266096673239058,2.5068390885716463,0.0,0,0
4922,2025-02-25,57.095238095238095,0,0,0,1,oil,,,,,,,0,0
4923,2025-02-28,57.10714285714285,0,0,1,0,gas,,,,,,,0,0
4924,2025-03-05,57.11904761904762,0,0,1,1,"gas,oil",,,,,,,0,0
4925,2025-03-10,57.13095238095238,1,0,0,0,gold,1543.0950130355304,7.341545427288858,0.0,,,,0,0
4926,2025-03-12,57.138888888888886,1,1,0,0,"gold,silver",1561.4635800867638,7.353378852779511,0.0,11.41266403114675,2.434723618755081,0.0,0,0
4927,2025-03-17,57.15079365079365,1,0,0,0,gold,1594.2017185382974,7.3741283999874065,0.0,,,,0,0
4928,2025-03-20,57.16269841269841,0,0,0,1,oil,,,,,,,0,0
4929,2025-03-25,57.17460317460318,0,1,0,0,silver,,,,12.51500907125103,2.526928649713761,0.0,0,0
4930,2025-03-28,57.18650793650794,0,1,1,0,"gas,silver",,,,13.401294887281946,2.595351335667411,0.0,0,0
4931,2025-04-02,57.198412698412696,0,0,1,0,gas,,,,,,,0,0
4932,2025-04-07,57.21031746031746,0,0,1,0,gas,,,,,,,0,0
4933,2025-04-10,57.22222222222222,1,0,0,0,gold,1689.9262386847918,7.432440161215972,0.0,,,,0,0
4934,2025-04-14,57.23015873015873,1,1,0,1,"gold,oil,silver",1653.5654300557278,7.410689102280455,0.0,12.54125484847802,2.529023597860064,0.0,0,0
4935,2025-04-17,57.24206349206349,1,0,1,0,"gas,gold",1642.6629725986113,7.40407396771882,0.0,,,,0,0
4936,2025-04-22,57.25396825396825,0,0,0,1,oil,,,,,,,0,0
4937,2025-04-25,57.26587301587302,0,0,0,1,oil,,,,,,,0,0
4938,2025-04-30,57.27777777777778,1,0,0,0,gold,1613.0429269398196,7.385877690876988,0.0,,,,0,0
4939,2025-05-05,57.28968253968254,0,0,0,1,oil,,,,,,,0,0
4940,2025-05-08,57.3015873015873,0,1,0,1,"oil,silver",,,,10.944565622888732,2.392843042922646,0.0,0,0
4941,2025-05-13,57.31349206349206,0,1,0,0,silver,,,,11.027659924876364,2.4004066552610004,0.0,0,0
4942,2025-05-15,57.32142857142857,1,0,0,0,gold,1559.8476744591796,7.352343450898592,0.0,,,,0,0
4943,2025-05-20,57.333333333333336,1,0,0,0,gold,1586.2212787440535,7.369109912477947,0.0,,,,0,0
4944,2025-05-23,57.345238095238095,0,1,0,0,silver,,,,10.970070414565065,2.395170693096535,0.0,0,0
4945,2025-05-28,57.35714285714285,0,0,1,0,gas,,,,,,,0,0
4946,2025-06-02,57.36904761904762,1,1,0,1,"gold,oil,silver",1591.6186229711109,7.372506779270391,0.0,10.753365808701677,2.375218804052447,0.0,0,0
4947,2025-06-05,57.38095238095238,1,1,1,1,"gas,gold,oil,silver",1592.661832055476,7.37316200366813,0.0,10.816536565612664,2.381076126577235,0.0,0,0
4948,2025-06-10,57.392857142857146,0,0,1,0,gas,,,,,,,0,0
4949,2025-06-12,57.40079365079365,0,1,0,0,silver,,,,11.114799364996973,2.4082774964207605,0.0,0,0
4950,2025-06-17,57.41269841269841,0,1,1,0,"gas,silver",,,,11.066497631582283,2.403922312883068,0.0,0,0
4951,2025-06-20,57.42460317460318,1,0,0,1,"gold,oil",1687.4067521679451,7.430948163245356,0.0,,,,0,0
4952,2025-06-25,57.43650793650794,1,1,0,1,"gold,oil,silver",1644.6279492383892,7.405269466943277,0.0,11.064279214797004,2.403721830377812,0.0,0,0
4953,2025-06-30,57.448412698412696,0,1,1,1,"gas,oil,silver",,,,10.705757789900607,2.370781707943608,0.0,0,0
4954,2025-07-03,57.46031746031746,0,0,1,0,gas,,,,,,,0,0
4955,2025-07-08,57.47222222222222,1,0,0,0,gold,1636.2165291258932,7.400141861171276,0.0,,,,0,0
4956,2025-07-11,57.48412698412698,1,1,1,1,"gas,gold,oil,silver",1637.6168853178435,7.400997345308726,0.0,10.467990983675776,2.3483221233450005,0.0,0,0
4957,2025-07-15,57.49206349206349,1,0,0,0,gold,1660.0688452570096,7.414614353536997,0.0,,,,0,0
4958,2025-07-18,57.50396825396825,1,0,0,0,gold,1648.5768084598412,7.407667654365308,0.0,,,,0,0
4959,2025-07-23,57.51587301587302,0,0,0,1,oil,,,,,,,0,0
4960,2025-07-28,57.52777777777778,1,0,0,0,gold,1622.106278415802,7.391480755596511,0.0,,,,0,0
4961,2025-07-31,57.53968253968254,1,0,0,0,gold,1637.23425922586,7.400763669897639,0.0,,,,0,0
4962,2025-08-05,57.5515873015873,0,1,0,0,silver,,,,10.225485012700156,2.3248831348088137,0.0,0,0
4963,2025-08-08,57.56349206349206,1,0,0,0,gold,1680.854203698205,7.427057397760338,0.0,,,,0,0
4964,2025-08-13,57.57539682539682,1,0,0,0,gold,1738.3674259152292,7.460701690797972,0.0,,,,0,0
4965,2025-08-15,57.583333333333336,1,0,0,0,gold,1765.4949705981044,7.476186366651897,0.0,,,,0,0
4966,2025-08-20,57.595238095238095,1,0,1,0,"gas,gold",1821.3554188680475,7.507336238534645,0.0,,,,0,0
4967,2025-08-25,57.60714285714285,0,0,0,1,oil,,,,,,,0,0
4968,2025-08-28,57.61904761904762,1,0,1,0,"gas,gold",1826.288248069335,7.510040906346944,0.0,,,,0,0
4969,2025-09-02,57.63095238095238,0,0,0,1,oil,,,,,,,0,0
4970,2025-09-05,57.642857142857146,0,0,1,0,gas,,,,,,,0,0
4971,2025-09-10,57.65476190476191,0,0,0,1,oil,,,,,,,0,0
4972,2025-09-15,57.66666666666666,0,1,0,0,silver,,,,12.61579167632578,2.5349493368679163,0.0,0,0
4973,2025-09-17,57.67460317460318,0,1,0,0,silver,,,,12.712224369274937,2.542564079273345,0.0,0,0
4974,2025-09-22,57.68650793650794,0,1,0,0,silver,,,,12.386753745939249,2.5166276553340268,0.0,0,0
4975,2025-09-25,57.698412698412696,1,0,0,0,gold,1869.689676029672,7.533527747430398,0.0,,,,0,0
4976,2025-09-30,57.71031746031746,0,1,0,1,"oil,silver",,,,12.644050407850528,2.5371867810466684,0.0,0,0
4977,2025-10-03,57.72222222222222,0,1,0,1,"oil,silver",,,,12.856124712350224,2.5538203290999077,0.0,0,0
4978,2025-10-08,57.73412698412698,1,1,1,1,"gas,gold,oil,silver",1890.7153376128133,7.54471052195554,0.0,13.936214063899897,2.634490780490159,0.0,0,0
4979,2025-10-13,57.74603174603175,0,0,1,0,gas,,,,,,,0,0
4980,2025-10-15,57.75396825396825,1,0,0,1,"gold,oil",1942.5877429656236,7.571776251345536,0.0,,,,0,0
4981,2025-10-20,57.76587301587302,0,0,1,0,gas,,,,,,,0,0
4982,2025-10-23,57.77777777777778,0,0,1,0,gas,,,,,,,0,0
4983,2025-10-28,57.78968253968254,0,1,0,1,"oil,silver",,,,14.757907348055346,2.6917790305337563,0.0,0,0
4984,2025-10-31,57.8015873015873,1,1,0,0,"gold,silver",1942.8877774177092,7.571930690333047,0.0,14.214461720383186,2.654259877371089,0.0,0,0
4985,2025-11-05,57.81349206349206,1,0,0,1,"gold,oil",1951.6257774591104,7.576418036226614,0.0,,,,0,0
4986,2025-11-10,57.82539682539682,1,0,1,1,"gas,gold,oil",1997.8018632285357,7.599802786737786,0.0,,,,0,0
4987,2025-11-13,57.83730158730159,1,1,1,1,"gas,gold,oil,silver",1961.743034317447,7.581588660251921,0.0,14.115949117489702,2.6473053012081778,0.0,0,0
4988,2025-11-17,57.845238095238095,0,0,1,0,gas,,,,,,,0,0
4989,2025-11-20,57.85714285714285,1,1,1,0,"gas,gold,silver",2011.305907939708,7.606539495528554,0.0,14.186859490916628,2.6523161482078224,0.0,0,0
4990,2025-11-25,57.86904761904762,1,0,1,0,"gas,gold",2039.108512689369,7.620267987740726,0.0,,,,0,0
4991,2025-11-28,57.88095238095238,1,0,1,0,"gas,gold",2071.473206384377,7.636015327030899,0.0,,,,0,0
4992,2025-12-03,57.892857142857146,1,1,1,0,"gas,gold,silver",2031.0458821650695,7.6163061522484385,0.0,14.293008919090344,2.6597705309448583,0.0,0,0
4993,2025-12-08,57.90476190476191,1,0,0,1,"gold,oil",2081.644685699679,7.640913574524215,0.0,,,,0,0
4994,2025-12-11,57.91666666666666,0,0,1,1,"gas,oil",,,,,,,0,0
4995,2025-12-16,57.92857142857143,0,1,0,0,silver,,,,14.855160256789665,2.698347296927041,0.0,0,0
4996,2025-12-18,57.93650793650794,0,0,0,1,oil,,,,,,,0,0
4997,2025-12-23,57.948412698412696,0,1,1,0,"gas,silver",,,,15.012354268901587,2.708873480041856,0.0,0,0
4998,2025-12-26,57.96031746031746,0,1,1,0,"gas,silver",,,,14.650033701804352,2.684442635924891,0.0,0,0
4999,2025-12-31,57.97222222222222,0,0,1,0,gas,,,,,,,0,0
