obs_id,date,t_years,gold,silver,gas,oil,commodity_topics,price_gold,log_price_gold,dev_gold,sigma_gold,price_silver,log_price_silver,dev_silver,sigma_silver,var_spike,label,IN
0,1970-01-01,0.0,0,1,0,1,"oil,silver",,,,,1.5562537978060949,0.44228152158523304,0.0,0.018,0.0,0,0
1,1970-01-06,0.011904761904761904,1,0,0,0,gold,35.07514948901256,3.557492887961269,0.0,0.01,,,,,0.0,0,0
2,1970-01-09,0.023809523809523808,1,1,1,1,"gas,gold,oil,silver",34.75804894045297,3.548411169375758,0.0,0.01,1.5598629805963165,0.4445979844528269,0.0,0.018,0.0,0,0
3,1970-01-14,0.03571428571428571,1,1,1,1,"gas,gold,oil,silver",34.84193263369292,3.550821622136187,0.0,0.01,1.5375681638578764,0.4302020539323085,0.0,0.018,0.0,0,0
4,1970-01-16,0.04365079365079365,1,1,1,1,"gas,gold,oil,silver",35.264961413278876,3.5628898764664028,0.0,0.01,1.5859571581105183,0.46118811030715423,0.0,0.018,0.0,0,0
5,1970-01-21,0.05555555555555555,1,1,1,1,"gas,gold,oil,silver",34.72642317413504,3.547500871936939,0.0,0.01,1.581278582349432,0.4582337491244353,0.0,0.018,0.0,0,0
6,1970-01-26,0.06746031746031746,1,1,1,1,"gas,gold,oil,silver",34.13035652630922,3.5301872089909003,0.0,0.01,1.5294422110418744,0.42490310098680706,0.0,0.018,0.0,0,0
7,1970-01-29,0.07936507936507936,1,0,0,1,"gold,oil",33.89042665768986,3.523132575025988,0.0,0.01,,,,,0.0,0,0
8,1970-02-03,0.09126984126984126,1,1,1,1,"gas,gold,oil,silver",33.823165372752875,3.5211459337906903,0.0,0.01,1.4924824891631732,0.4004408336618054,0.0,0.018,0.0,0,0
9,1970-02-06,0.10317460317460317,1,1,1,1,"gas,gold,oil,silver",34.30635712026137,3.535330675781914,0.0,0.01,1.5034662577301499,0.40777328071383223,0.0,0.018,0.0,0,0
10,1970-02-11,0.11507936507936507,1,1,1,1,"gas,gold,oil,silver",33.19892352554154,3.502517451467304,0.0,0.01,1.4198591994546865,0.35055771138335523,0.0,0.018,0.0,0,0
11,1970-02-16,0.12698412698412698,1,0,1,1,"gas,gold,oil",32.42350580306691,3.4788836475082388,0.0,0.01,,,,,0.0,0,0
12,1970-02-18,0.1349206349206349,1,0,0,1,"gold,oil",32.830747453344955,3.491365498642234,0.0,0.01,,,,,0.0,0,0
13,1970-02-23,0.14682539682539683,0,0,1,1,"gas,oil",,,,,,,,,0.0,0,0
14,1970-02-26,0.15873015873015872,0,0,1,0,gas,,,,,,,,,0.0,0,0
15,1970-03-03,0.17063492063492064,1,1,1,0,"gas,gold,silver",33.20926202739512,3.50282881374444,0.0,0.01,1.3704627438786547,0.3151484520633333,0.0,0.018,0.0,0,0
16,1970-03-06,0.18253968253968253,1,1,1,1,"gas,gold,oil,silver",32.98376014643128,3.496015323562469,0.0,0.01,1.3400103114502957,0.2926773090453738,0.0,0.018,0.0,0,0
17,1970-03-11,0.19444444444444445,1,1,1,1,"gas,gold,oil,silver",32.8307393355376,3.4913652513798663,0.0,0.01,1.3115789848309527,0.27123174331573696,0.0,0.018,0.0,0,0
18,1970-03-16,0.20634920634920634,0,1,1,1,"gas,oil,silver",,,,,1.2924563746616682,0.2565445741512523,0.0,0.018,0.0,0,0
19,1970-03-19,0.21825396825396826,1,1,1,1,"gas,gold,oil,silver",32.633829866220346,3.4853494762649704,0.0,0.01,1.280021096653747,0.24687655955644294,0.0,0.018,0.0,0,0
20,1970-03-23,0.2261904761904762,1,1,1,0,"gas,gold,silver",32.71675273765101,3.4878872628502173,0.0,0.01,1.2735876694492856,0.24183785441011335,0.0,0.018,0.0,0,0
21,1970-03-26,0.23809523809523808,1,0,1,0,"gas,gold",33.2128394404589,3.502936531295923,0.0,0.01,,,,,0.0,0,0
22,1970-03-31,0.25,1,1,1,0,"gas,gold,silver",33.28719448079368,3.5051727729017212,0.0,0.01,1.3282273031404754,0.2838451984110677,0.0,0.018,0.0,0,0
23,1970-04-03,0.2619047619047619,1,1,1,1,"gas,gold,oil,silver",33.030623942058796,3.497435129386522,0.0,0.01,1.3576309982951666,0.30574126783510813,0.0,0.018,0.0,0,0
24,1970-04-08,0.27380952380952384,1,0,0,1,"gold,oil",33.47120052349968,3.5106853832235227,0.0,0.01,,,,,0.0,0,0
25,1970-04-13,0.2857142857142857,1,1,1,1,"gas,gold,oil,silver",33.22374614086765,3.5032648654633487,0.0,0.01,1.3449741728833433,0.29637481055221876,0.0,0.018,0.0,0,0
26,1970-04-16,0.2976190476190476,1,0,1,1,"gas,gold,oil",32.9755800130424,3.4957672879268475,0.0,0.01,,,,,0.0,0,0
27,1970-04-20,0.3055555555555556,1,1,1,1,"gas,gold,oil,silver",32.405052075287315,3.4783143388923463,0.0,0.01,1.269857964321811,0.23890505509935545,0.0,0.018,0.0,0,0
28,1970-04-23,0.31746031746031744,1,1,0,0,"gold,silver",31.77848828870914,3.458789591969283,0.0,0.01,1.2185951572444986,0.19769868479227332,0.0,0.018,0.0,0,0
29,1970-04-28,0.32936507936507936,1,1,1,1,"gas,gold,oil,silver",32.63967467402459,3.4855285629513997,0.0,0.01,1.2430749152537182,0.2175880804257973,0.0,0.018,0.0,0,0
30,1970-05-01,0.3412698412698413,1,1,0,1,"gold,oil,silver",32.8068708421867,3.4906379703488124,0.0,0.01,1.2414317778596695,0.21626537307454213,0.0,0.018,0.0,0,0
31,1970-05-06,0.3531746031746032,1,1,1,1,"gas,gold,oil,silver",32.70944627834279,3.487663913199818,0.0,0.01,1.222959916810747,0.20127408168776606,0.0,0.018,0.0,0,0
32,1970-05-11,0.36507936507936506,0,1,1,1,"gas,oil,silver",,,,,1.1482801701688372,0.13826531879157322,0.0,0.018,0.0,0,0
33,1970-05-14,0.376984126984127,1,1,1,1,"gas,gold,oil,silver",31.930775942074412,3.463570307780444,0.0,0.01,1.1394096020204143,0.13051023528897399,0.0,0.018,0.0,0,0
34,1970-05-19,0.3888888888888889,1,0,1,1,"gas,gold,oil",31.81773754898035,3.460023918841277,0.0,0.01,,,,,0.0,0,0
35,1970-05-21,0.3968253968253968,1,1,1,1,"gas,gold,oil,silver",31.221886914372096,3.4411193525425237,0.0,0.01,1.129649000386739,0.12190696534535622,0.0,0.018,0.0,0,0
36,1970-05-26,0.4087301587301587,1,1,0,1,"gold,oil,silver",31.6456996572429,3.4546022675497037,0.0,0.01,1.1624098979203057,0.15049534831021028,0.0,0.018,0.0,0,0
37,1970-05-29,0.42063492063492064,1,1,1,1,"gas,gold,oil,silver",31.902928273696666,3.4626978009915463,0.0,0.01,1.131031127806125,0.12312971913024967,0.0,0.018,0.0,0,0
38,1970-06-03,0.43253968253968256,0,0,1,1,"gas,oil",,,,,,,,,0.0,0,0
39,1970-06-08,0.4444444444444444,1,1,1,1,"gas,gold,oil,silver",31.80737734195632,3.459698254765594,0.0,0.01,1.1692231712281564,0.1563395720778717,0.0,0.018,0.0,0,0
40,1970-06-11,0.45634920634920634,1,1,0,1,"gold,oil,silver",32.05581952774227,3.4674787434122765,0.0,0.01,1.180879812208745,0.1662597642200564,0.0,0.018,0.0,0,0
41,1970-06-16,0.46825396825396826,1,0,1,1,"gas,gold,oil",32.35068099074287,3.4766350714438277,0.0,0.01,,,,,0.0,0,0
42,1970-06-19,0.4801587301587302,1,1,0,1,"gold,oil,silver",32.41249930872919,3.4785441295374917,0.0,0.01,1.216292403581154,0.19580721810861246,0.0,0.018,0.0,0,0
43,1970-06-23,0.4880952380952381,1,1,1,1,"gas,gold,oil,silver",32.23512918171693,3.47305682625314,0.0,0.01,1.204488142265427,0.18605469849583567,0.0,0.018,0.0,0,0
44,1970-06-26,0.5,0,0,1,1,"gas,oil",,,,,,,,,0.0,0,0
45,1970-07-01,0.5119047619047619,1,1,0,0,"gold,silver",31.56441363898406,3.452030335343675,0.0,0.01,1.1674641379895427,0.15483399316369573,0.0,0.018,0.0,0,0
46,1970-07-06,0.5238095238095238,1,1,1,1,"gas,gold,oil,silver",31.330175554887887,3.44458170836008,0.0,0.01,1.179558560147571,0.1651402669142692,0.0,0.018,0.0,0,0
47,1970-07-09,0.5357142857142857,0,1,1,1,"gas,oil,silver",,,,,1.1940244882235311,0.1773295241600379,0.0,0.018,0.0,0,0
48,1970-07-14,0.5476190476190477,1,1,0,0,"gold,silver",32.260808960778405,3.473853148662212,0.0,0.01,1.2113388855535798,0.19172626485638322,0.0,0.018,0.0,0,0
49,1970-07-17,0.5595238095238095,1,1,1,1,"gas,gold,oil,silver",32.33935916790541,3.476285038488977,0.0,0.01,1.2153021434384619,0.19499272360446007,0.0,0.018,0.0,0,0
50,1970-07-22,0.5714285714285714,0,1,1,0,"gas,silver",,,,,1.2206260694227826,0.19936389877563826,0.0,0.018,0.0,0,0
51,1970-07-24,0.5793650793650794,1,1,1,1,"gas,gold,oil,silver",32.6905709794315,3.4870866870697093,0.0,0.01,1.2570537893499445,0.22877072053818553,0.0,0.018,0.0,0,0
52,1970-07-29,0.5912698412698413,1,0,0,1,"gold,oil",31.74232800855254,3.4576510586137457,0.0,0.01,,,,,0.0,0,0
53,1970-08-03,0.6031746031746031,1,1,1,1,"gas,gold,oil,silver",31.879309522116625,3.461957195033655,0.0,0.01,1.1771275147402107,0.16307716118664778,0.0,0.018,0.0,0,0
54,1970-08-06,0.6150793650793651,1,1,1,1,"gas,gold,oil,silver",31.80940532899778,3.4597620111190905,0.0,0.01,1.1898519169212591,0.17382885981822632,0.0,0.018,0.0,0,0
55,1970-08-11,0.626984126984127,0,1,1,1,"gas,oil,silver",,,,,1.1940518026236056,0.17735239981118867,0.0,0.018,0.0,0,0
56,1970-08-14,0.6388888888888888,1,1,1,0,"gas,gold,silver",32.60052980818853,3.4843285400255275,0.0,0.01,1.2047281686530553,0.1862539553141916,0.0,0.018,0.0,0,0
57,1970-08-19,0.6507936507936508,0,1,1,0,"gas,silver",,,,,1.1927206640038273,0.17623696985177223,0.0,0.018,0.0,0,0
58,1970-08-21,0.6587301587301587,1,1,0,1,"gold,oil,silver",32.05591875775806,3.4674818389457447,0.0,0.01,1.1615098910879584,0.14972078898023683,0.0,0.018,0.0,0,0
59,1970-08-26,0.6706349206349206,1,1,0,0,"gold,silver",31.736899471466042,3.457480025117743,0.0,0.01,1.1510757934834512,0.1406969776876656,0.0,0.018,0.0,0,0
60,1970-08-31,0.6825396825396826,1,1,1,1,"gas,gold,oil,silver",32.78599726700003,3.490001511645511,0.0,0.01,1.1861109658166784,0.1706798592819842,0.0,0.018,0.0,0,0
61,1970-09-03,0.6944444444444444,1,1,1,1,"gas,gold,oil,silver",34.09878305452081,3.529261696101946,0.0,0.01,1.2310707991186198,0.20788435904857594,0.0,0.018,0.0,0,0
62,1970-09-08,0.7063492063492064,0,1,0,0,silver,,,,,1.2103532675537352,0.1909122736535782,0.0,0.018,0.0,0,0
63,1970-09-11,0.7182539682539683,1,1,1,1,"gas,gold,oil,silver",33.594435681633826,3.514360448541905,0.0,0.01,1.1823697555123502,0.16752069198779268,0.0,0.018,0.0,0,0
64,1970-09-16,0.7301587301587301,1,1,1,1,"gas,gold,oil,silver",32.993465488879146,3.496309526370314,0.0,0.01,1.1421222713228532,0.1328881732107582,0.0,0.018,0.0,0,0
65,1970-09-21,0.7420634920634921,0,0,0,1,oil,,,,,,,,,0.0,0,0
66,1970-09-23,0.75,1,1,0,1,"gold,oil,silver",33.23221352550642,3.503519692411213,0.0,0.01,1.1237621176779058,0.11668208999619328,0.0,0.018,0.0,0,0
67,1970-09-28,0.7619047619047619,1,1,1,1,"gas,gold,oil,silver",32.947960181893194,3.4949293525646503,0.0,0.01,1.1100704190674986,0.10442345391332297,0.0,0.018,0.0,0,0
68,1970-10-01,0.7738095238095238,0,1,0,0,silver,,,,,1.094957763411139,0.09071579029726634,0.0,0.018,0.0,0,0
69,1970-10-06,0.7857142857142857,1,1,0,1,"gold,oil,silver",33.266584150933234,3.5045534142133636,0.0,0.01,1.0653526709575918,0.06330589078356103,0.0,0.018,0.0,0,0
70,1970-10-09,0.7976190476190477,1,1,1,1,"gas,gold,oil,silver",32.306777453298544,3.475277036493234,0.0,0.01,1.0082843213244574,0.008250194682387746,0.0,0.018,0.0,0,0
71,1970-10-14,0.8095238095238095,0,1,1,1,"gas,oil,silver",,,,,0.9698915727773314,-0.03057099437455646,0.0,0.018,0.0,0,0
72,1970-10-19,0.8214285714285714,1,1,1,1,"gas,gold,oil,silver",33.04640294227563,3.4979127235296232,0.0,0.01,1.0005283254691815,0.0005281859544180589,0.0,0.018,0.0,0,0
73,1970-10-22,0.8333333333333334,1,1,1,1,"gas,gold,oil,silver",32.75467833525732,3.4890458018107022,0.0,0.01,0.9736972041256629,-0.02665490239349433,0.0,0.018,0.0,0,0
74,1970-10-26,0.8412698412698413,1,1,1,1,"gas,gold,oil,silver",32.5896136801166,3.4839936388398622,0.0,0.01,0.9530266779433507,-0.04811238207510049,0.0,0.018,0.0,0,0
75,1970-10-29,0.8531746031746031,1,0,0,0,gold,33.60071800112073,3.514547435821817,0.0,0.01,,,,,0.0,0,0
76,1970-11-03,0.8650793650793651,0,0,1,0,gas,,,,,,,,,0.0,0,0
77,1970-11-06,0.876984126984127,1,0,1,0,"gas,gold",33.06888763007979,3.498592889599419,0.0,0.01,,,,,0.0,0,0
78,1970-11-11,0.8888888888888888,1,1,0,1,"gold,oil,silver",33.33567060870434,3.5066280131229415,0.0,0.01,0.9198349178280175,-0.08356106218328052,0.0,0.018,0.0,0,0
79,1970-11-16,0.9007936507936508,1,1,1,0,"gas,gold,silver",32.89349304381402,3.4932748583870357,0.0,0.01,0.8842643507657628,-0.12299922172005562,0.0,0.018,0.0,0,0
80,1970-11-19,0.9126984126984127,0,1,1,1,"gas,oil,silver",,,,,0.8754255515945832,-0.13304516617224127,0.0,0.018,0.0,0,0
81,1970-11-23,0.9206349206349206,1,0,1,1,"gas,gold,oil",32.98822730652477,3.4961507495295434,0.0,0.01,,,,,0.0,0,0
82,1970-11-26,0.9325396825396826,0,1,1,1,"gas,oil,silver",,,,,0.8115430319737199,-0.20881786573936167,0.0,0.018,0.0,0,0
83,1970-12-01,0.9444444444444444,1,0,1,1,"gas,gold,oil",31.934903837846022,3.46369957582524,0.0,0.01,,,,,0.0,0,0
84,1970-12-04,0.9563492063492064,1,1,1,1,"gas,gold,oil,silver",31.984389133608612,3.4652479441925563,0.0,0.01,0.7847289203621783,-0.24241694521731283,0.0,0.018,0.0,0,0
85,1970-12-09,0.9682539682539683,1,1,1,1,"gas,gold,oil,silver",32.29566036651814,3.47493286722454,0.0,0.01,0.7803955058692338,-0.2479544290026665,0.0,0.018,0.0,0,0
86,1970-12-14,0.9801587301587301,0,1,0,1,"oil,silver",,,,,0.7885731385817578,-0.23753012027730092,0.0,0.018,0.0,0,0
87,1970-12-17,0.9920634920634921,1,1,1,1,"gas,gold,oil,silver",33.019183845932396,3.497088721225047,0.0,0.01,0.808959398113665,-0.2120065509288711,0.0,0.018,0.0,0,0
88,1970-12-22,1.003968253968254,1,1,1,1,"gas,gold,oil,silver",32.61538409778098,3.4847840819004983,0.0,0.01,0.7690618189374205,-0.2625839239722271,0.0,0.018,0.0,0,0
89,1970-12-24,1.0119047619047619,1,1,1,1,"gas,gold,oil,silver",32.62875649343455,3.485194000575789,0.0,0.01,0.7612584118181569,-0.27278241001165016,0.0,0.018,0.0,0,0
90,1970-12-29,1.0238095238095237,1,1,1,0,"gas,gold,silver",33.19507836471091,3.502401622906728,0.0,0.01,0.7834154021291674,-0.2440921973243636,0.0,0.018,0.0,0,0
91,1971-01-01,1.0357142857142858,1,1,1,1,"gas,gold,oil,silver",33.459474342429424,3.510334985406267,0.0,0.01,0.7901885600160204,-0.23548367843687723,0.0,0.018,0.0,0,0
92,1971-01-06,1.0476190476190477,1,1,1,1,"gas,gold,oil,silver",33.803302417703975,3.520558502381981,0.0,0.01,0.8140967611059088,-0.20567604890673052,0.0,0.018,0.0,0,0
93,1971-01-11,1.0595238095238095,0,1,1,1,"gas,oil,silver",,,,,0.7979270885782409,-0.22573805340305053,0.0,0.018,0.0,0,0
94,1971-01-14,1.0714285714285714,1,1,1,1,"gas,gold,oil,silver",31.933451655721978,3.463654101595848,0.0,0.01,0.7347130882997931,-0.3082752120327614,0.0,0.018,0.0,0,0
95,1971-01-19,1.0833333333333333,0,0,1,0,gas,,,,,,,,,0.0,0,0
96,1971-01-22,1.0952380952380953,0,1,1,1,"gas,oil,silver",,,,,0.7675676894019746,-0.26452860874915196,0.0,0.018,0.0,0,0
97,1971-01-26,1.1031746031746033,1,1,0,1,"gold,oil,silver",32.82965417560317,3.491332197665854,0.0,0.01,0.7711884311327032,-0.259822536922926,0.0,0.018,0.0,0,0
98,1971-01-29,1.1150793650793651,1,1,0,1,"gold,oil,silver",33.173764433621386,3.501759335624817,0.0,0.01,0.8092985216885805,-0.21158742913656592,0.0,0.018,0.0,0,0
99,1971-02-03,1.126984126984127,1,1,1,0,"gas,gold,silver",32.811550339390884,3.4907805978954025,0.0,0.01,0.8129145132822237,-0.20712932467730716,0.0,0.018,0.0,0,0
100,1971-02-08,1.1388888888888888,1,1,1,1,"gas,gold,oil,silver",32.670342461242775,3.4864677079958337,0.0,0.01,0.7851170349121226,-0.2419224832523692,0.0,0.018,0.0,0,0
101,1971-02-11,1.1507936507936507,1,0,1,1,"gas,gold,oil",33.55031613764656,3.513046286253968,0.0,0.01,,,,,0.0,0,0
102,1971-02-16,1.1626984126984128,1,1,1,1,"gas,gold,oil,silver",33.42882601627988,3.509418582145008,0.0,0.01,0.8089833445658636,-0.2119769498168309,0.0,0.018,0.0,0,0
103,1971-02-19,1.1746031746031746,1,1,1,1,"gas,gold,oil,silver",33.881836113717505,3.5228790629351394,0.0,0.01,0.808628266111725,-0.21241596553296183,0.0,0.018,0.0,0,0
104,1971-02-24,1.1865079365079365,1,1,1,1,"gas,gold,oil,silver",34.5524381006689,3.542478115037061,0.0,0.01,0.8617232750502856,-0.14882108648231995,0.0,0.018,0.0,0,0
105,1971-02-26,1.1944444444444444,1,1,1,1,"gas,gold,oil,silver",34.76800693527282,3.5486976229869263,0.0,0.01,0.8692190136519379,-0.1401601559519332,0.0,0.018,0.0,0,0
106,1971-03-03,1.2063492063492063,0,1,1,1,"gas,oil,silver",,,,,0.8366444253203682,-0.17835611916018734,0.0,0.018,0.0,0,0
107,1971-03-08,1.2182539682539681,1,1,1,1,"gas,gold,oil,silver",34.99184747901703,3.555115105186259,0.0,0.01,0.8406336133193948,-0.1735993699165218,0.0,0.018,0.0,0,0
108,1971-03-11,1.2301587301587302,1,1,0,1,"gold,oil,silver",35.03666838687109,3.556395181264415,0.0,0.01,0.8295804468553901,-0.1868351917088652,0.0,0.018,0.0,0,0
109,1971-03-16,1.242063492063492,1,1,1,1,"gas,gold,oil,silver",34.30918426670033,3.5354130812073734,0.0,0.01,0.8221387689181584,-0.19584607953899014,0.0,0.018,0.0,0,0
110,1971-03-19,1.253968253968254,1,1,1,1,"gas,gold,oil,silver",34.83856788776697,3.550725045736667,0.0,0.01,0.854162522575698,-0.15763379583404724,0.0,0.018,0.0,0,0
111,1971-03-24,1.2658730158730158,1,0,1,0,"gas,gold",36.225832274820945,3.589772463093158,0.0,0.01,,,,,0.0,0,0
112,1971-03-26,1.2738095238095237,0,1,1,1,"gas,oil,silver",,,,,0.9133589520472114,-0.09062631897478812,0.0,0.018,0.0,0,0
113,1971-03-31,1.2857142857142858,1,1,1,1,"gas,gold,oil,silver",35.33093953889941,3.5647590542498238,0.0,0.01,0.9022607148081739,-0.10285175987647188,0.0,0.018,0.0,0,0
114,1971-04-05,1.2976190476190477,1,1,0,1,"gold,oil,silver",34.095913171345245,3.5291775287594374,0.0,0.01,0.8603507365569203,-0.1504151396702198,0.0,0.018,0.0,0,0
115,1971-04-08,1.3095238095238095,1,1,1,1,"gas,gold,oil,silver",34.27642035532303,3.5344576645700148,0.0,0.01,0.8686545681798049,-0.14080973771424488,0.0,0.018,0.0,0,0
116,1971-04-13,1.3214285714285714,1,0,1,0,"gas,gold",34.04157165687131,3.527582473522742,0.0,0.01,,,,,0.0,0,0
117,1971-04-16,1.3333333333333333,1,1,1,0,"gas,gold,silver",33.885752731819,3.5229946526491185,0.0,0.01,0.8117182374899404,-0.20860199720335115,0.0,0.018,0.0,0,0
118,1971-04-21,1.3452380952380953,1,1,1,1,"gas,gold,oil,silver",34.42603883290852,3.538813220859731,0.0,0.01,0.8533844620435964,-0.15854511551421824,0.0,0.018,0.0,0,0
119,1971-04-26,1.3571428571428572,0,1,1,1,"gas,oil,silver",,,,,0.8540365763258985,-0.15778125668929388,0.0,0.018,0.0,0,0
120,1971-04-28,1.3650793650793651,1,1,0,0,"gold,silver",33.61585277220494,3.5149977643990074,0.0,0.01,0.8315942025812615,-0.184410694425584,0.0,0.018,0.0,0,0
121,1971-05-03,1.376984126984127,1,1,0,0,"gold,silver",34.5867465403548,3.543470560715442,0.0,0.01,0.860920200131302,-0.1497534616240498,0.0,0.018,0.0,0,0
122,1971-05-06,1.3888888888888888,1,1,1,1,"gas,gold,oil,silver",35.18465833748149,3.560610144911837,0.0,0.01,0.8856946901344661,-0.12138298129073943,0.0,0.018,0.0,0,0
123,1971-05-11,1.4007936507936507,0,1,1,1,"gas,oil,silver",,,,,0.8709237053381379,-0.13820090029673782,0.0,0.018,0.0,0,0
124,1971-05-14,1.4126984126984128,1,1,0,1,"gold,oil,silver",36.586400349960584,3.5996765962184845,0.0,0.01,0.896770719006006,-0.10895505828576624,0.0,0.018,0.0,0,0
125,1971-05-19,1.4246031746031746,1,1,1,1,"gas,gold,oil,silver",35.91264213734262,3.5810893821769385,0.0,0.01,0.8450825427570379,-0.16832097265956925,0.0,0.018,0.0,0,0
126,1971-05-24,1.4365079365079365,1,1,1,1,"gas,gold,oil,silver",35.75522073418093,3.5766962930005572,0.0,0.01,0.842748163353469,-0.171087104219533,0.0,0.018,0.0,0,0
127,1971-05-27,1.4484126984126984,1,1,1,1,"gas,gold,oil,silver",34.86478759764935,3.5514773685175847,0.0,0.01,0.7911002439380135,-0.2343305886018906,0.0,0.018,0.0,0,0
128,1971-05-31,1.4563492063492063,1,0,1,0,"gas,gold",35.25697500021724,3.562663382030715,0.0,0.01,,,,,0.0,0,0
129,1971-06-03,1.4682539682539681,1,1,1,1,"gas,gold,oil,silver",36.09792012771971,3.5862352494884844,0.0,0.01,0.8392917246644879,-0.17519692774836415,0.0,0.018,0.0,0,0
130,1971-06-08,1.4801587301587302,1,1,1,1,"gas,gold,oil,silver",35.03898800698601,3.556461384571958,0.0,0.01,0.8166641889430227,-0.20252729806339553,0.0,0.018,0.0,0,0
131,1971-06-11,1.492063492063492,1,1,1,1,"gas,gold,oil,silver",34.48389027720435,3.540492266496089,0.0,0.01,0.7791611755349296,-0.24953735395403964,0.0,0.018,0.0,0,0
132,1971-06-16,1.503968253968254,1,1,1,1,"gas,gold,oil,silver",34.727004226787905,3.5475176040889616,0.0,0.01,0.7836321513216808,-0.2438155634807787,0.0,0.018,0.0,0,0
133,1971-06-21,1.5158730158730158,1,1,1,1,"gas,gold,oil,silver",35.78057389440358,3.5774051174825052,0.0,0.01,0.7935605422439023,-0.23122544420231217,0.0,0.018,0.0,0,0
134,1971-06-24,1.5277777777777777,0,1,1,1,"gas,oil,silver",,,,,0.7476098995585138,-0.290873961703337,0.0,0.018,0.0,0,0
135,1971-06-28,1.5357142857142858,1,1,1,1,"gas,gold,oil,silver",34.69748093169637,3.5466670886892766,0.0,0.01,0.7292967503158992,-0.315674564896709,0.0,0.018,0.0,0,0
136,1971-07-01,1.5476190476190477,0,1,1,1,"gas,oil,silver",,,,,0.7127279924377162,-0.33865542863874776,0.0,0.018,0.0,0,0
137,1971-07-06,1.5595238095238095,1,1,1,0,"gas,gold,silver",34.715027772816185,3.5471726702284276,0.0,0.01,0.7143330417096984,-0.3364059804226257,0.0,0.018,0.0,0,0
138,1971-07-09,1.5714285714285714,0,1,0,1,"oil,silver",,,,,0.7463818836535366,-0.2925179013760174,0.0,0.018,0.0,0,0
139,1971-07-14,1.5833333333333333,1,1,1,1,"gas,gold,oil,silver",36.141633030725835,3.5874454703835537,0.0,0.01,0.7628847813434676,-0.2706482665139892,0.0,0.018,0.0,0,0
140,1971-07-19,1.5952380952380953,1,1,1,1,"gas,gold,oil,silver",36.02905349563451,3.584325654518592,0.0,0.01,0.7600244229210569,-0.27440471079564865,0.0,0.018,0.0,0,0
141,1971-07-22,1.6071428571428572,1,1,1,1,"gas,gold,oil,silver",36.95997428678301,3.6098355510693185,0.0,0.01,0.7988760419607137,-0.22454948672749875,0.0,0.018,0.0,0,0
142,1971-07-27,1.619047619047619,1,1,1,1,"gas,gold,oil,silver",36.880328764835916,3.6076783130964882,0.0,0.01,0.8159005806268835,-0.20346276890787163,0.0,0.018,0.0,0,0
143,1971-07-29,1.626984126984127,1,1,1,1,"gas,gold,oil,silver",36.64123450001365,3.601174231924306,0.0,0.01,0.8113168377380288,-0.20909662577450394,0.0,0.018,0.0,0,0
144,1971-08-03,1.6388888888888888,1,1,1,1,"gas,gold,oil,silver",36.26831941436166,3.5909446168025347,0.0,0.01,0.7944814837109123,-0.23006559886421796,0.0,0.018,0.0,0,0
145,1971-08-06,1.6507936507936507,1,1,0,1,"gold,oil,silver",37.03034548975733,3.6117377248781444,0.0,0.01,0.8202442066773669,-0.19815317004015431,0.0,0.018,0.0,0,0
146,1971-08-11,1.6626984126984128,1,1,0,0,"gold,silver",38.1435222712648,3.641355947016321,0.0,0.01,0.8692155417881222,-0.14016415019353956,0.0,0.018,0.0,0,0
147,1971-08-16,1.6746031746031746,1,1,1,1,"gas,gold,oil,silver",37.73240763050362,3.630519344039535,0.0,0.01,0.8707788694643344,-0.13836721557494058,0.0,0.018,0.0,0,0
148,1971-08-19,1.6865079365079365,1,1,0,0,"gold,silver",37.690355967136675,3.62940425183876,0.0,0.01,0.860665862267279,-0.15004893086770643,0.0,0.018,0.0,0,0
149,1971-08-24,1.6984126984126984,1,1,0,0,"gold,silver",38.52170498431316,3.6512218482638032,0.0,0.01,0.8910904243399349,-0.11530937030837918,0.0,0.018,0.0,0,0
150,1971-08-27,1.7103174603174602,1,1,1,1,"gas,gold,oil,silver",39.21025808754894,3.6689383984694928,0.0,0.01,0.8934715528939582,-0.11264078272501421,0.0,0.018,0.0,0,0
151,1971-08-31,1.7182539682539681,0,1,0,1,"oil,silver",,,,,0.8779059050131698,-0.1302158607789745,0.0,0.018,0.0,0,0
152,1971-09-03,1.7301587301587302,1,1,1,1,"gas,gold,oil,silver",39.29038031436897,3.670979713196948,0.0,0.01,0.9061089299235471,-0.09859574846271535,0.0,0.018,0.0,0,0
153,1971-09-08,1.742063492063492,1,1,1,1,"gas,gold,oil,silver",38.871673931465494,3.660265808806059,0.0,0.01,0.8902568502973628,-0.11624526205198693,0.0,0.018,0.0,0,0
154,1971-09-13,1.753968253968254,1,1,1,1,"gas,gold,oil,silver",38.83864604441744,3.6594157829910325,0.0,0.01,0.9017673375485016,-0.1033987328255106,0.0,0.018,0.0,0,0
155,1971-09-16,1.7658730158730158,1,1,1,1,"gas,gold,oil,silver",40.57692614186002,3.703199583422673,0.0,0.01,0.9558546002137024,-0.04514946932454167,0.0,0.018,0.0,0,0
156,1971-09-21,1.7777777777777777,1,1,0,1,"gold,oil,silver",40.84690495711325,3.709831052391881,0.0,0.01,0.9798571487672804,-0.020348484506497178,0.0,0.018,0.0,0,0
157,1971-09-24,1.7896825396825398,1,1,1,0,"gas,gold,silver",41.344599533327816,3.7219418091513545,0.0,0.01,1.0135375417574553,0.013446727918469459,0.0,0.018,0.0,0,0
158,1971-09-29,1.8015873015873016,1,1,0,1,"gold,oil,silver",39.95253343462265,3.6876920853361135,0.0,0.01,0.9699430649752723,-0.030517905109161525,0.0,0.018,0.0,0,0
159,1971-10-01,1.8095238095238095,0,1,1,1,"gas,oil,silver",,,,,0.9384817571947176,-0.06349186140265817,0.0,0.018,0.0,0,0
160,1971-10-06,1.8214285714285714,1,1,1,0,"gas,gold,silver",40.624291238949056,3.7043661940718415,0.0,0.01,0.9717053875015831,-0.02870261974377486,0.0,0.018,0.0,0,0
161,1971-10-11,1.8333333333333333,1,1,0,1,"gold,oil,silver",40.95820841274281,3.712552239851363,0.0,0.01,0.9835889027188276,-0.016547251014819353,0.0,0.018,0.0,0,0
162,1971-10-14,1.8452380952380953,0,1,0,1,"oil,silver",,,,,0.9856450948732125,-0.014458933522672024,0.0,0.018,0.0,0,0
163,1971-10-19,1.8571428571428572,0,1,1,0,"gas,silver",,,,,1.0346256877764664,0.03403970698238168,0.0,0.018,0.0,0,0
164,1971-10-22,1.869047619047619,0,1,0,1,"oil,silver",,,,,1.0433238822442248,0.042411657291062,0.0,0.018,0.0,0,0
165,1971-10-27,1.880952380952381,1,1,1,1,"gas,gold,oil,silver",42.10849886798311,3.7402495936634206,0.0,0.01,0.9921879858026703,-0.007842687833257589,0.0,0.018,0.0,0,0
166,1971-10-29,1.8888888888888888,1,1,1,1,"gas,gold,oil,silver",41.94966984011065,3.73647056256307,0.0,0.01,0.969597332804772,-0.030874414491031454,0.0,0.018,0.0,0,0
167,1971-11-03,1.9007936507936507,0,1,1,1,"gas,oil,silver",,,,,0.9099240491640938,-0.09439414541146585,0.0,0.018,0.0,0,0
168,1971-11-08,1.9126984126984128,1,1,0,1,"gold,oil,silver",41.48485700680932,3.725328469245401,0.0,0.01,0.9120696132454043,-0.0920389615078725,0.0,0.018,0.0,0,0
169,1971-11-11,1.9246031746031746,0,1,0,1,"oil,silver",,,,,0.9366414010325453,-0.06545477967286617,0.0,0.018,0.0,0,0
170,1971-11-16,1.9365079365079365,1,1,0,1,"gold,oil,silver",43.58337317940511,3.7746757285267174,0.0,0.01,0.9580252056766742,-0.042881190630180366,0.0,0.018,0.0,0,0
171,1971-11-19,1.9484126984126984,0,1,1,1,"gas,oil,silver",,,,,0.9543856468628876,-0.046687447222991896,0.0,0.018,0.0,0,0
172,1971-11-24,1.9603174603174602,1,1,1,1,"gas,gold,oil,silver",44.00951417294374,3.784405841746931,0.0,0.01,0.9501484429185098,-0.05113705089050691,0.0,0.018,0.0,0,0
173,1971-11-29,1.9722222222222223,0,0,1,1,"gas,oil",,,,,,,,,0.0,0,0
174,1971-12-01,1.9801587301587302,1,0,1,1,"gas,gold,oil",43.68923566984721,3.777101748414509,0.0,0.01,,,,,0.0,0,0
175,1971-12-06,1.992063492063492,0,1,1,0,"gas,silver",,,,,0.9551801778264458,-0.045855288415858175,0.0,0.018,0.0,0,0
176,1971-12-09,2.003968253968254,1,1,1,1,"gas,gold,oil,silver",45.16982319414558,3.8104292354269633,0.0,0.01,0.9165760954054906,-0.08711018688335859,0.0,0.018,0.0,0,0
177,1971-12-14,2.015873015873016,1,1,1,1,"gas,gold,oil,silver",44.73594848559774,3.800777395090603,0.0,0.01,0.9000683881137205,-0.10528453175165364,0.0,0.018,0.0,0,0
178,1971-12-17,2.0277777777777777,1,1,1,1,"gas,gold,oil,silver",45.351459838954796,3.814442366538187,0.0,0.01,0.8932350892078721,-0.11290547496031988,0.0,0.018,0.0,0,0
179,1971-12-22,2.0396825396825395,1,1,1,1,"gas,gold,oil,silver",45.034104463234016,3.807420079687352,0.0,0.01,0.8994936195529224,-0.10592331894308571,0.0,0.018,0.0,0,0
180,1971-12-27,2.0515873015873014,0,1,1,1,"gas,oil,silver",,,,,0.9588872442830488,-0.0419817873585252,0.0,0.018,0.0,0,0
181,1971-12-30,2.0634920634920637,1,1,0,0,"gold,silver",46.83156298635795,3.846557398388182,0.0,0.01,0.9495450034311392,-0.051772352874441485,0.0,0.018,0.0,0,0
182,1972-01-03,2.0714285714285716,1,1,0,1,"gold,oil,silver",46.63253144365763,3.8422983972226907,0.0,0.01,0.9230269352073754,-0.08009686266523475,0.0,0.018,0.0,0,0
183,1972-01-06,2.0833333333333335,1,1,0,1,"gold,oil,silver",46.93124566250386,3.8486836724437086,0.0,0.01,0.9466829765065476,-0.0547910079393078,0.0,0.018,0.0,0,0
184,1972-01-11,2.0952380952380953,1,1,1,1,"gas,gold,oil,silver",47.912738337899434,3.869381405135197,0.0,0.01,0.9618531848029857,-0.03889345451312698,0.0,0.018,0.0,0,0
185,1972-01-14,2.107142857142857,1,1,1,1,"gas,gold,oil,silver",46.94227642915171,3.848918685820278,0.0,0.01,0.9404655480031577,-0.06138026248759443,0.0,0.018,0.0,0,0
186,1972-01-19,2.119047619047619,0,1,0,0,silver,,,,,0.8898387096994959,-0.1167150577359426,0.0,0.018,0.0,0,0
187,1972-01-24,2.130952380952381,1,1,1,1,"gas,gold,oil,silver",46.403691758627666,3.8373790198307085,0.0,0.01,0.8973191663714275,-0.10834366485784963,0.0,0.018,0.0,0,0
188,1972-01-27,2.142857142857143,1,1,1,0,"gas,gold,silver",47.72354485897197,3.865424879025909,0.0,0.01,0.9660434581778281,-0.034546458019811266,0.0,0.018,0.0,0,0
189,1972-01-31,2.1507936507936507,1,1,1,1,"gas,gold,oil,silver",47.48770320326384,3.860470797594114,0.0,0.01,0.9389753472229411,-0.06296605440719172,0.0,0.018,0.0,0,0
190,1972-02-03,2.1626984126984126,1,1,1,1,"gas,gold,oil,silver",48.57073924067827,3.8830212763505023,0.0,0.01,0.9609684227472252,-0.03981372929548721,0.0,0.018,0.0,0,0
191,1972-02-08,2.1746031746031744,1,0,1,1,"gas,gold,oil",47.80140629950113,3.8670550595562916,0.0,0.01,,,,,0.0,0,0
192,1972-02-11,2.1865079365079363,1,1,1,1,"gas,gold,oil,silver",47.63427077659923,3.863552476478518,0.0,0.01,0.9274887788899895,-0.07527458280554833,0.0,0.018,0.0,0,0
193,1972-02-16,2.1984126984126986,1,1,1,0,"gas,gold,silver",47.3034845182355,3.856583961246138,0.0,0.01,0.8840800435892928,-0.12320767339691863,0.0,0.018,0.0,0,0
194,1972-02-21,2.2103174603174605,1,1,1,1,"gas,gold,oil,silver",46.984806194568876,3.849824276990273,0.0,0.01,0.8693880736013962,-0.1399656784863451,0.0,0.018,0.0,0,0
195,1972-02-24,2.2222222222222223,1,1,1,1,"gas,gold,oil,silver",46.66639567503899,3.843024326960884,0.0,0.01,0.8382148645680825,-0.17648080973277824,0.0,0.018,0.0,0,0
196,1972-02-29,2.234126984126984,0,0,1,0,gas,,,,,,,,,0.0,0,0
197,1972-03-02,2.242063492063492,1,1,1,1,"gas,gold,oil,silver",47.94153037466153,3.869982151205554,0.0,0.01,0.9045426041985686,-0.10032587277009486,0.0,0.018,0.0,0,0
198,1972-03-07,2.253968253968254,1,1,1,1,"gas,gold,oil,silver",46.27346990732917,3.8345687927012078,0.0,0.01,0.8486788347094918,-0.16407445080045868,0.0,0.018,0.0,0,0
199,1972-03-10,2.265873015873016,1,1,1,1,"gas,gold,oil,silver",46.6813092690177,3.8433438547760463,0.0,0.01,0.8589740359529459,-0.1520165833534758,0.0,0.018,0.0,0,0
200,1972-03-15,2.2777777777777777,1,1,1,1,"gas,gold,oil,silver",47.18495702104342,3.854075134612299,0.0,0.01,0.8721713223958246,-0.13676940373357194,0.0,0.018,0.0,0,0
201,1972-03-20,2.2896825396825395,1,0,1,1,"gas,gold,oil",46.37380479913376,3.8367347480700644,0.0,0.01,,,,,0.0,0,0
202,1972-03-23,2.3015873015873014,1,1,0,1,"gold,oil,silver",46.398687216252185,3.8372711660787764,0.0,0.01,0.8426703149679066,-0.17117948292146268,0.0,0.018,0.0,0,0
203,1972-03-28,2.3134920634920637,1,1,1,1,"gas,gold,oil,silver",47.960966540261126,3.8703874830058917,0.0,0.01,0.9123285659396514,-0.09175508411867028,0.0,0.018,0.0,0,0
204,1972-03-31,2.3253968253968256,0,1,1,1,"gas,oil,silver",,,,,0.9007735914669707,-0.10450133878159473,0.0,0.018,0.0,0,0
205,1972-04-04,2.3333333333333335,1,1,0,1,"gold,oil,silver",47.76789853789466,3.8663538351822835,0.0,0.01,0.9133095181697686,-0.09068044360469318,0.0,0.018,0.0,0,0
206,1972-04-07,2.3452380952380953,1,1,1,0,"gas,gold,silver",48.09835652976117,3.8732480087475505,0.0,0.01,0.9046169322417659,-0.10024370418104345,0.0,0.018,0.0,0,0
207,1972-04-12,2.357142857142857,1,1,1,1,"gas,gold,oil,silver",47.700997683673336,3.864952313475843,0.0,0.01,0.90918663401574,-0.09520488793039483,0.0,0.018,0.0,0,0
208,1972-04-17,2.369047619047619,1,1,1,1,"gas,gold,oil,silver",47.31071620401488,3.8567368280618646,0.0,0.01,0.8974785131289451,-0.10816609970969249,0.0,0.018,0.0,0,0
209,1972-04-20,2.380952380952381,1,1,0,1,"gold,oil,silver",46.91247570115052,3.8482836464999184,0.0,0.01,0.8873938692085228,-0.11946634877369844,0.0,0.018,0.0,0,0
210,1972-04-25,2.392857142857143,1,1,1,1,"gas,gold,oil,silver",46.558625850034566,3.840712289457464,0.0,0.01,0.9146168168121223,-0.08925008085951813,0.0,0.018,0.0,0,0
211,1972-04-28,2.4047619047619047,1,0,1,0,"gas,gold",47.25543870258913,3.855567752132402,0.0,0.01,,,,,0.0,0,0
212,1972-05-03,2.4166666666666665,0,1,0,0,silver,,,,,1.0096198343900826,0.009573858402329494,0.0,0.018,0.0,0,0
213,1972-05-05,2.4246031746031744,1,1,0,1,"gold,oil,silver",48.26577621007884,3.8767227424271153,0.0,0.01,0.965603483889454,-0.03500200120050434,0.0,0.018,0.0,0,0
214,1972-05-10,2.4365079365079363,1,1,1,1,"gas,gold,oil,silver",50.55603738225817,3.9230823722073884,0.0,0.01,1.0412287627471706,0.04040151836983108,0.0,0.018,0.0,0,0
215,1972-05-15,2.4484126984126986,1,1,1,0,"gas,gold,silver",50.3287019226346,3.918575529131101,0.0,0.01,1.03303006939155,0.03249629851496172,0.0,0.018,0.0,0,0
216,1972-05-18,2.4603174603174605,0,0,1,1,"gas,oil",,,,,,,,,0.0,0,0
217,1972-05-23,2.4722222222222223,1,1,1,1,"gas,gold,oil,silver",50.3280930845934,3.9185634318247806,0.0,0.01,1.039467109806551,0.038708187417624496,0.0,0.018,0.0,0,0
218,1972-05-26,2.484126984126984,1,1,1,1,"gas,gold,oil,silver",50.87337241626652,3.929339651433153,0.0,0.01,1.0330810376204504,0.03254563587028403,0.0,0.018,0.0,0,0
219,1972-05-31,2.496031746031746,1,1,1,1,"gas,gold,oil,silver",51.804988445996315,3.947486446674954,0.0,0.01,1.0623333080335795,0.06046772295182057,0.0,0.018,0.0,0,0
220,1972-06-02,2.503968253968254,1,1,1,0,"gas,gold,silver",52.40317365731233,3.9589671554721946,0.0,0.01,1.0979673503622978,0.09346060709176573,0.0,0.018,0.0,0,0
221,1972-06-07,2.515873015873016,1,1,1,1,"gas,gold,oil,silver",51.95515287970104,3.950380901840961,0.0,0.01,1.1022032618143223,0.09731114182963252,0.0,0.018,0.0,0,0
222,1972-06-12,2.5277777777777777,1,0,1,1,"gas,gold,oil",51.97105943423013,3.950687014308627,0.0,0.01,,,,,0.0,0,0
223,1972-06-15,2.5396825396825395,1,1,1,1,"gas,gold,oil,silver",51.12610863992982,3.934295299016455,0.0,0.01,1.033134592066573,0.032597474066999976,0.0,0.018,0.0,0,0
224,1972-06-20,2.5515873015873014,0,1,1,1,"gas,oil,silver",,,,,1.01788509269394,0.017727036211179215,0.0,0.018,0.0,0,0
225,1972-06-23,2.5634920634920637,1,1,1,1,"gas,gold,oil,silver",52.0803565329316,3.9527878437473034,0.0,0.01,1.033596659280096,0.033044621920326867,0.0,0.018,0.0,0,0
226,1972-06-28,2.5753968253968256,1,1,1,1,"gas,gold,oil,silver",51.00065284995275,3.9318384336218597,0.0,0.01,0.9810678698055058,-0.01911363750255246,0.0,0.018,0.0,0,0
227,1972-07-03,2.5873015873015874,1,1,1,1,"gas,gold,oil,silver",51.28736902810913,3.9374445040845005,0.0,0.01,0.9826390629300731,-0.017513405376607172,0.0,0.018,0.0,0,0
228,1972-07-05,2.5952380952380953,1,1,1,1,"gas,gold,oil,silver",50.8683804990627,3.9292415222567865,0.0,0.01,0.9533036700720944,-0.04782177962943168,0.0,0.018,0.0,0,0
229,1972-07-10,2.607142857142857,1,1,1,1,"gas,gold,oil,silver",52.948580501333154,3.9693212634035184,0.0,0.01,0.9843631552341828,-0.01576038981850658,0.0,0.018,0.0,0,0
230,1972-07-13,2.619047619047619,1,0,1,1,"gas,gold,oil",53.41435806963878,3.9780795875336077,0.0,0.01,,,,,0.0,0,0
231,1972-07-18,2.630952380952381,1,0,0,1,"gold,oil",55.61036653984342,4.018369632435499,0.0,0.01,,,,,0.0,0,0
232,1972-07-21,2.642857142857143,1,1,1,1,"gas,gold,oil,silver",56.68661719256583,4.037538154524823,0.0,0.01,1.0940669287441513,0.08990188013959854,0.0,0.018,0.0,0,0
233,1972-07-26,2.6547619047619047,1,0,1,1,"gas,gold,oil",55.46532228038032,4.015758001691732,0.0,0.01,,,,,0.0,0,0
234,1972-07-31,2.6666666666666665,1,1,0,0,"gold,silver",56.13682610266941,4.027792033936003,0.0,0.01,1.0700162065239098,0.06767379464313894,0.0,0.018,0.0,0,0
235,1972-08-03,2.6785714285714284,0,1,1,1,"gas,oil,silver",,,,,1.0724195773273446,0.06991738283346105,0.0,0.018,0.0,0,0
236,1972-08-07,2.6865079365079363,1,1,1,1,"gas,gold,oil,silver",55.72372716633105,4.020406037671111,0.0,0.01,1.0372486616596808,0.03657168995252491,0.0,0.018,0.0,0,0
237,1972-08-10,2.6984126984126986,1,1,1,1,"gas,gold,oil,silver",56.00727463698024,4.025481586530115,0.0,0.01,1.0731817408286513,0.07062782566076031,0.0,0.018,0.0,0,0
238,1972-08-15,2.7103174603174605,1,1,1,1,"gas,gold,oil,silver",56.37882627105592,4.032093667290051,0.0,0.01,1.088600936965123,0.08489332772411717,0.0,0.018,0.0,0,0
239,1972-08-18,2.7222222222222223,1,1,1,1,"gas,gold,oil,silver",55.877237769714654,4.0231571017016075,0.0,0.01,1.0292066829481619,0.028788294746929455,0.0,0.018,0.0,0,0
240,1972-08-23,2.734126984126984,1,1,1,1,"gas,gold,oil,silver",54.68053085612208,4.0015077202234375,0.0,0.01,1.0001534986346772,0.0001534868549670776,0.0,0.018,0.0,0,0
241,1972-08-28,2.746031746031746,1,1,1,1,"gas,gold,oil,silver",54.64778553292251,4.000908692903521,0.0,0.01,1.0386492101056506,0.03792103249728118,0.0,0.018,0.0,0,0
242,1972-08-31,2.757936507936508,1,1,1,1,"gas,gold,oil,silver",55.23011576743008,4.011508380007768,0.0,0.01,1.0431648039962405,0.04225917312055916,0.0,0.018,0.0,0,0
243,1972-09-04,2.765873015873016,1,1,1,1,"gas,gold,oil,silver",54.33556222309681,3.9951789338082366,0.0,0.01,1.0118170150481602,0.011747739346438135,0.0,0.018,0.0,0,0
244,1972-09-07,2.7777777777777777,1,0,1,1,"gas,gold,oil",56.61736654946138,4.036315767642378,0.0,0.01,,,,,0.0,0,0
245,1972-09-12,2.7896825396825395,1,1,1,1,"gas,gold,oil,silver",55.585498653132895,4.0179223516471,0.0,0.01,1.0399234823800783,0.039147135811995026,0.0,0.018,0.0,0,0
246,1972-09-15,2.8015873015873014,1,1,1,1,"gas,gold,oil,silver",55.14252023675801,4.009921110694755,0.0,0.01,1.0185501392411926,0.01838018398672936,0.0,0.018,0.0,0,0
247,1972-09-20,2.8134920634920637,0,1,1,1,"gas,oil,silver",,,,,1.0217034652829426,0.02147129829290173,0.0,0.018,0.0,0,0
248,1972-09-25,2.8253968253968256,0,0,1,1,"gas,oil",,,,,,,,,0.0,0,0
249,1972-09-28,2.8373015873015874,1,0,1,0,"gas,gold",55.07161027197853,4.008634343304106,0.0,0.01,,,,,0.0,0,0
250,1972-10-03,2.8492063492063493,1,1,1,1,"gas,gold,oil,silver",55.172406392882905,4.010462944112392,0.0,0.01,1.0767343913629126,0.07393274878285117,0.0,0.018,0.0,0,0
251,1972-10-05,2.857142857142857,1,1,1,1,"gas,gold,oil,silver",56.58146993230278,4.0356815452514505,0.0,0.01,1.11126308566844,0.1054972834062875,0.0,0.018,0.0,0,0
252,1972-10-10,2.869047619047619,1,0,1,1,"gas,gold,oil",58.28964572882376,4.065424474303936,0.0,0.01,,,,,0.0,0,0
253,1972-10-13,2.880952380952381,1,0,1,1,"gas,gold,oil",58.101765897028926,4.062196057492858,0.0,0.01,,,,,0.0,0,0
254,1972-10-18,2.892857142857143,1,0,1,1,"gas,gold,oil",60.06950990654309,4.095502390122996,0.0,0.01,,,,,0.0,0,0
255,1972-10-23,2.9047619047619047,1,1,1,0,"gas,gold,silver",60.78658571911007,4.107369135009926,0.0,0.01,1.2527304602490503,0.22532553724976506,0.0,0.018,0.0,0,0
256,1972-10-26,2.9166666666666665,0,0,1,1,"gas,oil",,,,,,,,,0.0,0,0
257,1972-10-31,2.9285714285714284,1,1,1,1,"gas,gold,oil,silver",60.8898435030115,4.109066387458065,0.0,0.01,1.2581925615209812,0.22967621613582445,0.0,0.018,0.0,0,0
258,1972-11-03,2.9404761904761907,1,1,0,1,"gold,oil,silver",62.91444141135108,4.141775730539145,0.0,0.01,1.2883035866886008,0.2533263038591269,0.0,0.018,0.0,0,0
259,1972-11-07,2.9484126984126986,0,0,1,0,gas,,,,,,,,,0.0,0,0
260,1972-11-10,2.9603174603174605,1,1,1,1,"gas,gold,oil,silver",61.0678345485957,4.111985288093123,0.0,0.01,1.2501126427509939,0.2232336614549641,0.0,0.018,0.0,0,0
261,1972-11-15,2.9722222222222223,1,1,1,1,"gas,gold,oil,silver",61.88497124946554,4.125277359411859,0.0,0.01,1.2787448852777417,0.24587903849289783,0.0,0.018,0.0,0,0
262,1972-11-20,2.984126984126984,1,1,1,1,"gas,gold,oil,silver",61.613356612200235,4.120878675155788,0.0,0.01,1.2789142632658714,0.24601148615581164,0.0,0.018,0.0,0,0
263,1972-11-23,2.996031746031746,0,1,0,1,"oil,silver",,,,,1.278429882786198,0.24563267090232793,0.0,0.018,0.0,0,0
264,1972-11-28,3.007936507936508,0,1,1,1,"gas,oil,silver",,,,,1.2622066273698527,0.23286148080376012,0.0,0.018,0.0,0,0
265,1972-12-01,3.0198412698412698,1,1,1,1,"gas,gold,oil,silver",62.701895690218606,4.138391681475586,0.0,0.01,1.3303665928601218,0.2854545379830798,0.0,0.018,0.0,0,0
266,1972-12-06,3.0317460317460316,0,0,1,0,gas,,,,,,,,,0.0,0,0
267,1972-12-08,3.0396825396825395,0,1,1,1,"gas,oil,silver",,,,,1.2385074333877433,0.2139069718571972,0.0,0.018,0.0,0,0
268,1972-12-13,3.0515873015873014,1,1,0,1,"gold,oil,silver",59.2232128431089,4.081313573871679,0.0,0.01,1.2017896309343876,0.18381180493437843,0.0,0.018,0.0,0,0
269,1972-12-18,3.0634920634920637,1,1,0,0,"gold,silver",59.53150262942778,4.086505628396002,0.0,0.01,1.2113107242842023,0.19170301653416255,0.0,0.018,0.0,0,0
270,1972-12-21,3.0753968253968256,1,1,1,1,"gas,gold,oil,silver",57.78657260253297,4.056756440776014,0.0,0.01,1.1479656525776416,0.13799137809232664,0.0,0.018,0.0,0,0
271,1972-12-26,3.0873015873015874,1,1,0,1,"gold,oil,silver",57.58713709046384,4.053299228361802,0.0,0.01,1.1254602473252264,0.11819206072775723,0.0,0.018,0.0,0,0
272,1972-12-29,3.0992063492063493,1,1,1,1,"gas,gold,oil,silver",57.80277081577123,4.057036712518465,0.0,0.01,1.135577281914947,0.12714114005812172,0.0,0.018,0.0,0,0
273,1973-01-03,3.111111111111111,1,1,0,1,"gold,oil,silver",57.703334623539696,4.055314964279832,0.0,0.01,1.138688722273385,0.1298773567486553,0.0,0.018,0.0,0,0
274,1973-01-05,3.119047619047619,1,1,0,1,"gold,oil,silver",56.85005637756039,4.04041721188577,0.0,0.01,1.1060611741002477,0.10080521269192078,0.0,0.018,0.0,0,0
275,1973-01-10,3.130952380952381,1,1,1,1,"gas,gold,oil,silver",56.06057274568822,4.026432762339612,0.0,0.01,1.0993927397826246,0.09475797262293129,0.0,0.018,0.0,0,0
276,1973-01-15,3.142857142857143,1,1,1,1,"gas,gold,oil,silver",58.49942182240802,4.069016870811329,0.0,0.01,1.1781625087571521,0.16395602881928395,0.0,0.018,0.0,0,0
277,1973-01-18,3.1547619047619047,1,0,1,1,"gas,gold,oil",58.694448032618475,4.072345140293057,0.0,0.01,,,,,0.0,0,0
278,1973-01-23,3.1666666666666665,1,1,0,0,"gold,silver",58.87770516301713,4.075462498848195,0.0,0.01,1.1410622318904997,0.13195961092678354,0.0,0.018,0.0,0,0
279,1973-01-26,3.1785714285714284,0,1,1,1,"gas,oil,silver",,,,,1.1037332767130987,0.09869832148543911,0.0,0.018,0.0,0,0
280,1973-01-31,3.1904761904761907,1,1,1,1,"gas,gold,oil,silver",59.295502352193054,4.082533457464403,0.0,0.01,1.132311528020764,0.12426114335179372,0.0,0.018,0.0,0,0
281,1973-02-05,3.2023809523809526,1,1,1,0,"gas,gold,silver",57.478995327239325,4.05141958240879,0.0,0.01,1.0657533220275714,0.06368189373791311,0.0,0.018,0.0,0,0
282,1973-02-07,3.2103174603174605,0,1,1,1,"gas,oil,silver",,,,,1.0341268026389687,0.03355740168053434,0.0,0.018,0.0,0,0
283,1973-02-12,3.2222222222222223,0,1,1,1,"gas,oil,silver",,,,,0.981986365978686,-0.01817785465614541,0.0,0.018,0.0,0,0
284,1973-02-15,3.234126984126984,1,1,0,1,"gold,oil,silver",55.9484279423564,4.024430336818176,0.0,0.01,0.9601272937777537,-0.04068940562539103,0.0,0.018,0.0,0,0
285,1973-02-20,3.246031746031746,1,1,1,1,"gas,gold,oil,silver",54.10760092436097,3.9909746736612135,0.0,0.01,0.9218140243413361,-0.08141178472886712,0.0,0.018,0.0,0,0
286,1973-02-23,3.257936507936508,1,1,1,0,"gas,gold,silver",54.6042244918425,4.000111251403295,0.0,0.01,0.9661511190539144,-0.03443501906074742,0.0,0.018,0.0,0,0
287,1973-02-28,3.2698412698412698,1,1,1,1,"gas,gold,oil,silver",56.19323982872516,4.028796461919391,0.0,0.01,0.9984225899937195,-0.0015786554273098385,0.0,0.018,0.0,0,0
288,1973-03-05,3.2817460317460316,1,1,1,1,"gas,gold,oil,silver",55.54763668879057,4.017240971324468,0.0,0.01,0.9982686128779821,-0.0017328877050112323,0.0,0.018,0.0,0,0
289,1973-03-08,3.2936507936507935,1,1,1,1,"gas,gold,oil,silver",54.79145962150319,4.003534335485735,0.0,0.01,0.9454919522135447,-0.05604990259246212,0.0,0.018,0.0,0,0
290,1973-03-12,3.3015873015873014,1,1,1,0,"gas,gold,silver",55.67940044079511,4.019610248022699,0.0,0.01,0.9431092323559921,-0.058573168108999374,0.0,0.018,0.0,0,0
291,1973-03-15,3.3134920634920637,1,1,1,1,"gas,gold,oil,silver",56.226996632286635,4.029397008682833,0.0,0.01,0.9668953836934943,-0.033664975841094846,0.0,0.018,0.0,0,0
292,1973-03-20,3.3253968253968256,0,0,1,1,"gas,oil",,,,,,,,,0.0,0,0
293,1973-03-23,3.3373015873015874,1,1,1,0,"gas,gold,silver",57.11557103094259,4.045076777051411,0.0,0.01,0.9936897259164651,-0.006330268018894358,0.0,0.018,0.0,0,0
294,1973-03-28,3.3492063492063493,0,0,1,0,gas,,,,,,,,,0.0,0,0
295,1973-04-02,3.361111111111111,0,1,1,1,"gas,oil,silver",,,,,1.0181309550106596,0.017968549354645647,0.0,0.018,0.0,0,0
296,1973-04-05,3.373015873015873,1,1,1,1,"gas,gold,oil,silver",58.179991051377904,4.063541499257795,0.0,0.01,1.0190540582521723,0.018874803130008555,0.0,0.018,0.0,0,0
297,1973-04-09,3.380952380952381,1,1,1,1,"gas,gold,oil,silver",58.07830134914132,4.061792123345412,0.0,0.01,0.9967127216996707,-0.0032926932699056666,0.0,0.018,0.0,0,0
298,1973-04-12,3.392857142857143,1,1,0,1,"gold,oil,silver",58.06694444559142,4.061596559532044,0.0,0.01,1.0084266059341587,0.00839130028955648,0.0,0.018,0.0,0,0
299,1973-04-17,3.4047619047619047,1,1,1,1,"gas,gold,oil,silver",58.69360517484998,4.072330780096333,0.0,0.01,1.032713697670116,0.03218999554655677,0.0,0.018,0.0,0,0
300,1973-04-20,3.4166666666666665,1,0,0,1,"gold,oil",58.547658036408656,4.069841089865569,0.0,0.01,,,,,0.0,0,0
301,1973-04-25,3.4285714285714284,1,1,1,1,"gas,gold,oil,silver",56.315726066574854,4.030973822368244,0.0,0.01,0.9280743568887535,-0.07464342344814101,0.0,0.018,0.0,0,0
302,1973-04-30,3.4404761904761907,1,1,1,1,"gas,gold,oil,silver",55.23189949692623,4.01154067580632,0.0,0.01,0.9077927546055341,-0.09673917025893441,0.0,0.018,0.0,0,0
303,1973-05-03,3.4523809523809526,1,1,1,1,"gas,gold,oil,silver",54.67186870880575,4.001349293936151,0.0,0.01,0.9185404870504911,-0.08496929576605072,0.0,0.018,0.0,0,0
304,1973-05-08,3.4642857142857144,1,1,1,0,"gas,gold,silver",54.9395141279867,4.006232836943761,0.0,0.01,0.9348882788305293,-0.06732824471448262,0.0,0.018,0.0,0,0
305,1973-05-10,3.4722222222222223,1,1,1,0,"gas,gold,silver",55.23475673373659,4.011592406109536,0.0,0.01,0.9558367110499811,-0.04516818486048235,0.0,0.018,0.0,0,0
306,1973-05-15,3.484126984126984,1,1,1,1,"gas,gold,oil,silver",56.006338887126965,4.0254648787421266,0.0,0.01,0.9689203600828356,-0.03157285820597977,0.0,0.018,0.0,0,0
307,1973-05-18,3.496031746031746,1,1,1,1,"gas,gold,oil,silver",54.48943922923722,3.998006907281953,0.0,0.01,0.9312536687797598,-0.07122356966685583,0.0,0.018,0.0,0,0
308,1973-05-23,3.507936507936508,1,1,1,1,"gas,gold,oil,silver",54.8113619088933,4.003897506567117,0.0,0.01,0.9226420322860266,-0.08051395038107956,0.0,0.018,0.0,0,0
309,1973-05-28,3.5198412698412698,1,0,0,1,"gold,oil",53.35130191252565,3.9768983806838536,0.0,0.01,,,,,0.0,0,0
310,1973-05-31,3.5317460317460316,1,1,1,1,"gas,gold,oil,silver",54.230490638140374,3.993243308168494,0.0,0.01,0.9146892079769715,-0.08917093481844451,0.0,0.018,0.0,0,0
311,1973-06-05,3.5436507936507935,1,1,1,1,"gas,gold,oil,silver",54.92048438184337,4.005886400632241,0.0,0.01,0.9608924377002283,-0.039892803747337835,0.0,0.018,0.0,0,0
312,1973-06-08,3.5555555555555554,1,1,1,1,"gas,gold,oil,silver",55.931434267738446,4.02412655248357,0.0,0.01,0.9875954897067883,-0.012482088444598638,0.0,0.018,0.0,0,0
313,1973-06-12,3.5634920634920637,0,1,1,1,"gas,oil,silver",,,,,1.026517962592604,0.026172456196230987,0.0,0.018,0.0,0,0
314,1973-06-15,3.5753968253968256,1,1,0,1,"gold,oil,silver",56.840967704463175,4.040257328144904,0.0,0.01,1.012791230942938,0.012710114138595796,0.0,0.018,0.0,0,0
315,1973-06-20,3.5873015873015874,1,1,1,1,"gas,gold,oil,silver",58.889045145189435,4.075655082615305,0.0,0.01,1.0650528723365846,0.06302444331556145,0.0,0.018,0.0,0,0
316,1973-06-25,3.5992063492063493,1,1,1,1,"gas,gold,oil,silver",59.767481100402435,4.090461718739186,0.0,0.01,1.0832446477201605,0.07996084067959675,0.0,0.018,0.0,0,0
317,1973-06-28,3.611111111111111,1,1,1,1,"gas,gold,oil,silver",59.76360908534085,4.090396931995303,0.0,0.01,1.0481445962067513,0.047021549861109735,0.0,0.018,0.0,0,0
318,1973-07-03,3.623015873015873,0,1,1,1,"gas,oil,silver",,,,,1.108041404076066,0.10259395592661302,0.0,0.018,0.0,0,0
319,1973-07-06,3.634920634920635,1,1,1,1,"gas,gold,oil,silver",61.55744965781357,4.119970879551959,0.0,0.01,1.1225518286803857,0.11560451211212674,0.0,0.018,0.0,0,0
320,1973-07-11,3.6468253968253967,1,1,1,1,"gas,gold,oil,silver",61.423514140975115,4.11779272830555,0.0,0.01,1.1041995770910504,0.09912070786741733,0.0,0.018,0.0,0,0
321,1973-07-13,3.6547619047619047,1,1,1,1,"gas,gold,oil,silver",60.744399535361545,4.106674889252688,0.0,0.01,1.1070456046988784,0.10169484953456098,0.0,0.018,0.0,0,0
322,1973-07-18,3.6666666666666665,1,1,1,0,"gas,gold,silver",61.78319856410535,4.123631459606134,0.0,0.01,1.1645937759775369,0.15237233606308165,0.0,0.018,0.0,0,0
323,1973-07-23,3.6785714285714284,1,1,0,1,"gold,oil,silver",64.2467904040872,4.162731767727347,0.0,0.01,1.2254304388833346,0.20329216095793234,0.0,0.018,0.0,0,0
324,1973-07-26,3.6904761904761907,1,1,1,0,"gas,gold,silver",65.90629798722952,4.18823400579227,0.0,0.01,1.266258703970601,0.2360666503739931,0.0,0.018,0.0,0,0
325,1973-07-31,3.7023809523809526,0,1,0,1,"oil,silver",,,,,1.2528435326207485,0.22541579391119004,0.0,0.018,0.0,0,0
326,1973-08-03,3.7142857142857144,1,1,0,1,"gold,oil,silver",66.59205831251523,4.198585325879318,0.0,0.01,1.2511054403335338,0.22402751277196248,0.0,0.018,0.0,0,0
327,1973-08-08,3.7261904761904763,1,0,1,1,"gas,gold,oil",64.49265336049959,4.166551315926868,0.0,0.01,,,,,0.0,0,0
328,1973-08-10,3.734126984126984,1,1,1,1,"gas,gold,oil,silver",63.93049982724378,4.157796553100079,0.0,0.01,1.1860206498282808,0.1706037117462863,0.0,0.018,0.0,0,0
329,1973-08-15,3.746031746031746,1,0,1,1,"gas,gold,oil",63.4223005516417,4.149815543312608,0.0,0.01,,,,,0.0,0,0
330,1973-08-20,3.757936507936508,0,0,1,0,gas,,,,,,,,,0.0,0,0
331,1973-08-23,3.7698412698412698,1,1,1,1,"gas,gold,oil,silver",62.5871377779256,4.1365597901885565,0.0,0.01,1.1519231827291787,0.14143287839167973,0.0,0.018,0.0,0,0
332,1973-08-28,3.7817460317460316,1,1,1,1,"gas,gold,oil,silver",62.37577460678824,4.1331769725402765,0.0,0.01,1.1306025004039544,0.12275067682918384,0.0,0.018,0.0,0,0
333,1973-08-31,3.7936507936507935,1,1,1,1,"gas,gold,oil,silver",64.08413337659647,4.160196804059945,0.0,0.01,1.1696333956379854,0.1566903626477999,0.0,0.018,0.0,0,0
334,1973-09-05,3.8055555555555554,1,1,1,1,"gas,gold,oil,silver",65.07654831416387,4.1755642433623015,0.0,0.01,1.2187555092546334,0.197830263733761,0.0,0.018,0.0,0,0
335,1973-09-10,3.8174603174603177,1,1,1,1,"gas,gold,oil,silver",64.06118193816857,4.159838594497357,0.0,0.01,1.2256378391126566,0.20346139347722103,0.0,0.018,0.0,0,0
336,1973-09-12,3.8253968253968256,0,1,0,1,"oil,silver",,,,,1.1913524062515497,0.17508913766527268,0.0,0.018,0.0,0,0
337,1973-09-17,3.8373015873015874,1,1,1,0,"gas,gold,silver",62.66760085416915,4.137844581298108,0.0,0.01,1.144436821432255,0.13491265699274946,0.0,0.018,0.0,0,0
338,1973-09-20,3.8492063492063493,1,0,1,0,"gas,gold",62.41719303560944,4.133840766840941,0.0,0.01,,,,,0.0,0,0
339,1973-09-25,3.861111111111111,1,1,1,1,"gas,gold,oil,silver",62.06684750096666,4.128211989720022,0.0,0.01,1.0943805324304405,0.09018847937855623,0.0,0.018,0.0,0,0
340,1973-09-28,3.873015873015873,1,0,1,1,"gas,gold,oil",62.43854264225185,4.134182755244351,0.0,0.01,,,,,0.0,0,0
341,1973-10-03,3.884920634920635,1,1,1,1,"gas,gold,oil,silver",64.25540874084217,4.1628659029690045,0.0,0.01,1.1504402553223962,0.14014469982930466,0.0,0.018,0.0,0,0
342,1973-10-08,3.8968253968253967,1,1,1,1,"gas,gold,oil,silver",64.45638583580612,4.165988806490957,0.0,0.01,1.1365573790450103,0.12800385053711882,0.0,0.018,0.0,0,0
343,1973-10-11,3.9087301587301586,1,1,1,1,"gas,gold,oil,silver",63.32718336585727,4.148314674027783,0.0,0.01,1.102889736553128,0.09793376841408119,0.0,0.018,0.0,0,0
344,1973-10-15,3.9166666666666665,1,1,0,0,"gold,silver",64.23596324744778,4.162563229050251,0.0,0.01,1.1286211196408247,0.12099663950985795,0.0,0.018,0.0,0,0
345,1973-10-18,3.9285714285714284,1,1,1,0,"gas,gold,silver",63.592086894349315,4.152489042705111,0.0,0.01,1.1152767417078007,0.10910257295692216,0.0,0.018,0.0,0,0
346,1973-10-23,3.9404761904761907,0,1,1,1,"gas,oil,silver",,,,,1.1793077434239503,0.16492760821107233,0.0,0.018,0.0,0,0
347,1973-10-26,3.9523809523809526,1,1,1,1,"gas,gold,oil,silver",66.38371821562777,4.195451818818123,0.0,0.01,1.1800853071606952,0.16558673006845226,0.0,0.018,0.0,0,0
348,1973-10-31,3.9642857142857144,1,0,0,1,"gold,oil",66.92709898025487,4.2036039520861355,0.0,0.01,,,,,0.0,0,0
349,1973-11-05,3.9761904761904763,1,1,1,1,"gas,gold,oil,silver",66.66706889627018,4.199711111305779,0.0,0.01,1.1271787440024101,0.11971782408103437,0.0,0.018,0.0,0,0
350,1973-11-08,3.988095238095238,1,1,1,1,"gas,gold,oil,silver",65.32812085148137,4.179422584494095,0.0,0.01,1.128272361036402,0.12068757874984903,0.0,0.018,0.0,0,0
351,1973-11-12,3.996031746031746,1,1,1,1,"gas,gold,oil,silver",65.7458624606528,4.1857967407227115,0.0,0.01,1.139708076878818,0.13077215670081976,0.0,0.018,0.0,0,0
352,1973-11-15,4.007936507936508,1,1,1,1,"gas,gold,oil,silver",65.45993635615623,4.181438296817081,0.0,0.01,1.174336585374409,0.1607033799529035,0.0,0.018,0.0,0,0
353,1973-11-20,4.01984126984127,1,0,1,1,"gas,gold,oil",64.15747370300006,4.161340587829804,0.0,0.01,,,,,0.0,0,0
354,1973-11-23,4.031746031746032,1,1,1,1,"gas,gold,oil,silver",66.5002157084551,4.197205191392714,0.0,0.01,1.1996530777212484,0.1820324130969848,0.0,0.018,0.0,0,0
355,1973-11-28,4.0436507936507935,0,1,1,1,"gas,oil,silver",,,,,1.2103371082208754,0.1908989226417993,0.0,0.018,0.0,0,0
356,1973-12-03,4.055555555555555,1,1,1,1,"gas,gold,oil,silver",68.70263804997062,4.22978759805395,0.0,0.01,1.2375965300994556,0.21317121653931725,0.0,0.018,0.0,0,0
357,1973-12-06,4.067460317460317,1,1,0,1,"gold,oil,silver",69.81493211233472,4.245847913999998,0.0,0.01,1.2690876409067635,0.23829824931580634,0.0,0.018,0.0,0,0
358,1973-12-11,4.079365079365079,1,1,1,1,"gas,gold,oil,silver",70.29121466818702,4.252646821849244,0.0,0.01,1.2776962561945169,0.24505865649776704,0.0,0.018,0.0,0,0
359,1973-12-13,4.087301587301587,0,1,0,1,"oil,silver",,,,,1.236597505033478,0.21236366053838596,0.0,0.018,0.0,0,0
360,1973-12-18,4.099206349206349,1,1,1,1,"gas,gold,oil,silver",71.13310750419569,4.264552875464359,0.0,0.01,1.2808821025852115,0.24754898322646895,0.0,0.018,0.0,0,0
361,1973-12-21,4.111111111111111,1,1,1,1,"gas,gold,oil,silver",70.30069132980533,4.252781632762652,0.0,0.01,1.299293659988047,0.2618207783349216,0.0,0.018,0.0,0,0
362,1973-12-26,4.123015873015873,1,1,0,0,"gold,silver",70.1987819519101,4.251330959768842,0.0,0.01,1.2951244585168902,0.25860679749637233,0.0,0.018,0.0,0,0
363,1973-12-31,4.134920634920635,1,1,1,1,"gas,gold,oil,silver",71.80994768249363,4.274023013567353,0.0,0.01,1.3353827541954586,0.28921795802205563,0.0,0.018,0.0,0,0
364,1974-01-03,4.146825396825397,1,1,1,1,"gas,gold,oil,silver",74.93938109074502,4.316679534601054,0.0,0.01,1.408853164706838,0.34277601507074906,0.0,0.018,0.0,0,0
365,1974-01-08,4.158730158730159,0,1,1,1,"gas,oil,silver",,,,,1.3690767066911076,0.3141365759207782,0.0,0.018,0.0,0,0
366,1974-01-11,4.170634920634921,1,1,0,1,"gold,oil,silver",73.04498730523055,4.291075515790644,0.0,0.01,1.3557239107230523,0.3043355631262914,0.0,0.018,0.0,0,0
367,1974-01-15,4.178571428571429,1,1,0,1,"gold,oil,silver",71.76011521798088,4.273328823350992,0.0,0.01,1.3021044016152428,0.2639817261440694,0.0,0.018,0.0,0,0
368,1974-01-18,4.190476190476191,0,1,1,1,"gas,oil,silver",,,,,1.2559155273324507,0.22786481047570895,0.0,0.018,0.0,0,0
369,1974-01-23,4.2023809523809526,0,1,1,1,"gas,oil,silver",,,,,1.225047053652254,0.20297925440369824,0.0,0.018,0.0,0,0
370,1974-01-28,4.214285714285714,1,0,1,1,"gas,gold,oil",71.05087755315496,4.263396205672393,0.0,0.01,,,,,0.0,0,0
371,1974-01-31,4.226190476190476,1,0,1,1,"gas,gold,oil",69.35226137570093,4.239198754386393,0.0,0.01,,,,,0.0,0,0
372,1974-02-05,4.238095238095238,1,1,0,1,"gold,oil,silver",68.10495178859895,4.2210499240009405,0.0,0.01,1.1837035447048203,0.16864812057052403,0.0,0.018,0.0,0,0
373,1974-02-08,4.25,1,1,1,1,"gas,gold,oil,silver",67.68466221282824,4.2148595990487765,0.0,0.01,1.1793769804361787,0.1649863163644325,0.0,0.018,0.0,0,0
374,1974-02-13,4.261904761904762,1,1,1,1,"gas,gold,oil,silver",66.7918646106303,4.201581285859915,0.0,0.01,1.163835989250123,0.15172143667544746,0.0,0.018,0.0,0,0
375,1974-02-15,4.26984126984127,1,1,1,1,"gas,gold,oil,silver",67.40277365652167,4.210686169245446,0.0,0.01,1.1596094039475928,0.1480832276802837,0.0,0.018,0.0,0,0
376,1974-02-20,4.281746031746032,1,0,0,1,"gold,oil",68.18114431558861,4.222168050311778,0.0,0.01,,,,,0.0,0,0
377,1974-02-25,4.2936507936507935,1,1,1,1,"gas,gold,oil,silver",68.26448100085771,4.223389587395703,0.0,0.01,1.1784622442210704,0.16421040573283852,0.0,0.018,0.0,0,0
378,1974-02-28,4.305555555555555,1,1,1,1,"gas,gold,oil,silver",69.03366010126973,4.234594213202715,0.0,0.01,1.1748423294049355,0.1611339508516616,0.0,0.018,0.0,0,0
379,1974-03-05,4.317460317460317,1,1,1,1,"gas,gold,oil,silver",69.4335798891855,4.240370610564939,0.0,0.01,1.191156047289942,0.17492430386435964,0.0,0.018,0.0,0,0
380,1974-03-08,4.329365079365079,1,1,1,1,"gas,gold,oil,silver",69.5552227532111,4.242121009054189,0.0,0.01,1.22569589187318,0.2035087577016843,0.0,0.018,0.0,0,0
381,1974-03-13,4.341269841269841,1,1,1,1,"gas,gold,oil,silver",72.01749498925749,4.276909075461657,0.0,0.01,1.280460818591431,0.24722002766640194,0.0,0.018,0.0,0,0
382,1974-03-15,4.349206349206349,1,1,0,1,"gold,oil,silver",71.35992487128199,4.267736435458447,0.0,0.01,1.2512263180500138,0.2241241248348268,0.0,0.018,0.0,0,0
383,1974-03-20,4.361111111111111,1,1,1,1,"gas,gold,oil,silver",71.79109813359439,4.273760486941584,0.0,0.01,1.2905718065611622,0.2550853810626147,0.0,0.018,0.0,0,0
384,1974-03-25,4.373015873015873,1,1,1,1,"gas,gold,oil,silver",70.98673169110808,4.262492981987496,0.0,0.01,1.2546530116936712,0.22685904964856607,0.0,0.018,0.0,0,0
385,1974-03-28,4.384920634920635,1,1,1,1,"gas,gold,oil,silver",71.83281625671269,4.274341422567363,0.0,0.01,1.2585526962201694,0.22996240696148595,0.0,0.018,0.0,0,0
386,1974-04-02,4.396825396825397,1,1,1,0,"gas,gold,silver",71.27684938412806,4.26657158162631,0.0,0.01,1.246059351512389,0.21998605286836714,0.0,0.018,0.0,0,0
387,1974-04-05,4.408730158730159,0,1,0,1,"oil,silver",,,,,1.2338828727222009,0.21016600422159037,0.0,0.018,0.0,0,0
388,1974-04-10,4.420634920634921,1,0,0,1,"gold,oil",69.79419432413432,4.245550830437021,0.0,0.01,,,,,0.0,0,0
389,1974-04-15,4.432539682539683,1,1,1,1,"gas,gold,oil,silver",71.95642721455425,4.276060758246557,0.0,0.01,1.2681295113185735,0.2375429890631361,0.0,0.018,0.0,0,0
390,1974-04-17,4.440476190476191,1,1,1,0,"gas,gold,silver",70.88241967108601,4.261022443285907,0.0,0.01,1.2374352056775453,0.21304085504147718,0.0,0.018,0.0,0,0
391,1976-03-09,6.400793650793651,0,1,1,1,"gas,oil,silver",,,,,1.9898356987406074,0.6880520718809211,0.0,0.018,0.0,0,0
392,1976-03-12,6.412698412698413,1,1,0,1,"gold,oil,silver",108.64260251328083,4.688063618910802,0.0,0.01,1.8995813794680902,0.6416335353011826,0.0,0.018,0.0,0,0
393,1976-03-17,6.424603174603175,0,1,0,1,"oil,silver",,,,,1.8633186905536132,0.6223591400889225,0.0,0.018,0.0,0,0
394,1976-03-22,6.436507936507937,1,1,1,1,"gas,gold,oil,silver",108.66242793678349,4.6882460852211,0.0,0.01,1.8569604911135331,0.6189410064918603,0.0,0.018,0.0,0,0
395,1976-03-25,6.448412698412699,1,1,1,1,"gas,gold,oil,silver",108.2878798632996,4.6847932351246815,0.0,0.01,1.8627013392802334,0.6220277670559887,0.0,0.018,0.0,0,0
396,1976-03-30,6.4603174603174605,1,1,1,0,"gas,gold,silver",107.70593651252841,4.679404703465237,0.0,0.01,1.8654514581169306,0.6235030924972846,0.0,0.018,0.0,0,0
397,1976-04-02,6.472222222222222,1,1,0,1,"gold,oil,silver",106.85537991350529,4.6714763306474225,0.0,0.01,1.8072039309889738,0.5917808613513258,0.0,0.018,0.0,0,0
398,1976-04-06,6.48015873015873,1,1,1,1,"gas,gold,oil,silver",105.9998151499588,4.6634373502422335,0.0,0.01,1.7763779681663021,0.5745764418404915,0.0,0.018,0.0,0,0
399,1976-04-09,6.492063492063492,0,0,0,1,oil,,,,,,,,,0.0,0,0
400,1976-04-14,6.503968253968254,1,1,0,1,"gold,oil,silver",110.84641771938773,4.708145619070919,0.0,0.01,1.866122082648472,0.6238625250698631,0.0,0.018,0.0,0,0
401,1976-04-19,6.515873015873016,1,1,0,1,"gold,oil,silver",109.21948272167081,4.693359460599176,0.0,0.01,1.8674563628982452,0.6245772711645474,0.0,0.018,0.0,0,0
402,1976-04-22,6.527777777777778,1,1,0,0,"gold,silver",108.84949818746625,4.689966177541002,0.0,0.01,1.8748673002111722,0.6285378836971234,0.0,0.018,0.0,0,0
403,1976-04-27,6.5396825396825395,1,1,1,1,"gas,gold,oil,silver",109.43670705903591,4.69534636441421,0.0,0.01,1.9118508537275463,0.64807180621401,0.0,0.018,0.0,0,0
404,1976-04-30,6.551587301587301,1,0,1,0,"gas,gold",111.59112823306357,4.714841550667725,0.0,0.01,,,,,0.0,0,0
405,1976-05-04,6.559523809523809,1,1,1,1,"gas,gold,oil,silver",110.96922481163332,4.709252908921103,0.0,0.01,2.0020423116979686,0.6941678153839639,0.0,0.018,0.0,0,0
406,1976-05-07,6.571428571428571,0,1,1,0,"gas,silver",,,,,1.9984088939838052,0.692351310931617,0.0,0.018,0.0,0,0
407,1976-05-12,6.583333333333333,1,0,1,1,"gas,gold,oil",109.65008548546928,4.697294254484836,0.0,0.01,,,,,0.0,0,0
408,1976-05-17,6.595238095238095,1,1,1,1,"gas,gold,oil,silver",108.58354495699456,4.6875198762865455,0.0,0.01,2.042997153704787,0.7144179226405776,0.0,0.018,0.0,0,0
409,1976-05-20,6.607142857142857,0,1,1,0,"gas,silver",,,,,1.8957719237676165,0.6396261032254918,0.0,0.018,0.0,0,0
410,1976-05-25,6.619047619047619,1,1,0,1,"gold,oil,silver",99.44551115671636,4.599609867596689,0.0,0.01,1.8008869947775719,0.58827931840488,0.0,0.018,0.0,0,0
411,1976-05-28,6.630952380952381,1,1,1,1,"gas,gold,oil,silver",98.66671700429586,4.591747675834495,0.0,0.01,1.8086975179256273,0.5926069828829548,0.0,0.018,0.0,0,0
412,1976-06-02,6.642857142857143,1,0,0,1,"gold,oil",100.46464132509077,4.609805837982239,0.0,0.01,,,,,0.0,0,0
413,1976-06-04,6.650793650793651,1,1,1,1,"gas,gold,oil,silver",98.6696165182744,4.591777062353713,0.0,0.01,1.8187032260799703,0.5981237339877017,0.0,0.018,0.0,0,0
414,1976-06-09,6.662698412698413,0,1,1,0,"gas,silver",,,,,1.8408706911118125,0.6102386613874836,0.0,0.018,0.0,0,0
415,1976-06-14,6.674603174603175,1,1,1,1,"gas,gold,oil,silver",99.46833285562721,4.599839330750692,0.0,0.01,1.7880933259062601,0.5811498710861879,0.0,0.018,0.0,0,0
416,1976-06-17,6.686507936507937,1,1,1,0,"gas,gold,silver",101.66722445583952,4.621704974375132,0.0,0.01,1.8287034412215597,0.6036072136824071,0.0,0.018,0.0,0,0
417,1976-06-22,6.698412698412699,1,0,1,1,"gas,gold,oil",104.05239401741967,4.6448945609115215,0.0,0.01,,,,,0.0,0,0
418,1976-06-25,6.7103174603174605,1,1,1,0,"gas,gold,silver",102.37624855695074,4.628654738015355,0.0,0.01,1.838283634999024,0.6088323292198918,0.0,0.018,0.0,0,0
419,1976-06-30,6.722222222222222,1,0,1,1,"gas,gold,oil",101.41175208382624,4.619188982703984,0.0,0.01,,,,,0.0,0,0
420,1976-07-05,6.734126984126984,0,1,1,1,"gas,oil,silver",,,,,1.81292701949689,0.5949426769618877,0.0,0.018,0.0,0,0
421,1976-07-07,6.742063492063492,1,1,1,1,"gas,gold,oil,silver",102.63881924915704,4.631216216433311,0.0,0.01,1.8754179711287502,0.6288315525151964,0.0,0.018,0.0,0,0
422,1976-07-12,6.753968253968254,1,0,1,1,"gas,gold,oil",105.48233370689938,4.658543485879128,0.0,0.01,,,,,0.0,0,0
423,1976-07-15,6.765873015873016,0,1,1,1,"gas,oil,silver",,,,,1.9420976987944238,0.6637686769427553,0.0,0.018,0.0,0,0
424,1976-07-20,6.777777777777778,0,0,0,1,oil,,,,,,,,,0.0,0,0
425,1976-07-23,6.7896825396825395,1,1,1,1,"gas,gold,oil,silver",102.01775593387555,4.6251468759175856,0.0,0.01,1.8146739535071008,0.595905811638636,0.0,0.018,0.0,0,0
426,1976-07-28,6.801587301587301,1,1,1,1,"gas,gold,oil,silver",102.00360821671448,4.6250081873322735,0.0,0.01,1.8377725339093267,0.6085542588806444,0.0,0.018,0.0,0,0
427,1976-08-02,6.813492063492063,1,1,0,1,"gold,oil,silver",102.1129360870531,4.626079417311855,0.0,0.01,1.838736580619462,0.6090786948073342,0.0,0.018,0.0,0,0
428,1976-08-05,6.825396825396825,1,1,1,0,"gas,gold,silver",103.48082879012695,4.6393863664675,0.0,0.01,1.8159610350029018,0.5966148234527082,0.0,0.018,0.0,0,0
429,1976-08-09,6.833333333333333,1,1,0,1,"gold,oil,silver",101.93477212345901,4.62433311973828,0.0,0.01,1.7671429664280436,0.5693640991919515,0.0,0.018,0.0,0,0
430,1976-08-12,6.845238095238095,1,1,1,1,"gas,gold,oil,silver",102.11222196564283,4.626072423840364,0.0,0.01,1.760820278050932,0.5657797675489291,0.0,0.018,0.0,0,0
431,1976-08-17,6.857142857142857,1,1,1,1,"gas,gold,oil,silver",102.08110741986668,4.625767668086485,0.0,0.01,1.7534358383512705,0.5615771993106048,0.0,0.018,0.0,0,0
432,1976-08-20,6.869047619047619,1,1,1,1,"gas,gold,oil,silver",100.79971398939635,4.613135518226461,0.0,0.01,1.7276507251432962,0.5467625232983337,0.0,0.018,0.0,0,0
433,1976-08-25,6.880952380952381,1,1,0,1,"gold,oil,silver",99.01695860489318,4.59529113450391,0.0,0.01,1.6921883436098617,0.5260225691792924,0.0,0.018,0.0,0,0
434,1976-08-30,6.892857142857143,1,1,1,1,"gas,gold,oil,silver",98.98179825970251,4.59493597726841,0.0,0.01,1.6984072244352173,0.5296908850690926,0.0,0.018,0.0,0,0
435,1976-09-02,6.904761904761905,1,1,1,1,"gas,gold,oil,silver",97.5461074822061,4.58032516347653,0.0,0.01,1.6208941345686987,0.4829779319031876,0.0,0.018,0.0,0,0
436,1976-09-06,6.912698412698413,1,1,1,1,"gas,gold,oil,silver",96.8860336983596,4.573535377428958,0.0,0.01,1.6179459304374895,0.4811574005485581,0.0,0.018,0.0,0,0
437,1976-09-09,6.924603174603175,1,1,1,1,"gas,gold,oil,silver",94.9962815704109,4.553837749470402,0.0,0.01,1.5392273210763716,0.4312805509513278,0.0,0.018,0.0,0,0
438,1976-09-14,6.936507936507937,1,1,1,0,"gas,gold,silver",97.35026147260311,4.5783154177170475,0.0,0.01,1.5730501387659293,0.45301649818095285,0.0,0.018,0.0,0,0
439,1976-09-17,6.948412698412699,1,0,1,1,"gas,gold,oil",97.89077069827188,4.583852272347586,0.0,0.01,,,,,0.0,0,0
440,1976-09-22,6.9603174603174605,1,1,1,1,"gas,gold,oil,silver",98.92970768382645,4.594409574552907,0.0,0.01,1.6573530659420574,0.5052217911496557,0.0,0.018,0.0,0,0
441,1976-09-27,6.972222222222222,1,1,1,1,"gas,gold,oil,silver",95.32078470086529,4.557247884475982,0.0,0.01,1.5763629151476706,0.45512024103514187,0.0,0.018,0.0,0,0
442,1976-09-30,6.984126984126984,1,1,0,0,"gold,silver",97.86985014760421,4.583638536299376,0.0,0.01,1.6291434139811176,0.4880543637933547,0.0,0.018,0.0,0,0
443,1976-10-05,6.996031746031746,1,1,1,1,"gas,gold,oil,silver",98.27084775310354,4.587727419111355,0.0,0.01,1.6843494986752905,0.5213794350675778,0.0,0.018,0.0,0,0
444,1976-10-07,7.003968253968254,1,1,1,1,"gas,gold,oil,silver",98.25519970134494,4.587568172517894,0.0,0.01,1.7033174171694994,0.5325777713763512,0.0,0.018,0.0,0,0
445,1976-10-12,7.015873015873016,1,1,1,1,"gas,gold,oil,silver",98.73213241482507,4.592410449838662,0.0,0.01,1.6583995831856742,0.505853030804183,0.0,0.018,0.0,0,0
446,1976-10-15,7.027777777777778,1,0,1,1,"gas,gold,oil",98.27697285765571,4.587789745974457,0.0,0.01,,,,,0.0,0,0
447,1976-10-20,7.0396825396825395,1,1,1,1,"gas,gold,oil,silver",94.03871055204877,4.543706511881231,0.0,0.01,1.5080830136608623,0.41083931691735787,0.0,0.018,0.0,0,0
448,1976-10-25,7.051587301587301,1,1,1,1,"gas,gold,oil,silver",93.49660802776806,4.537925157858705,0.0,0.01,1.4652072757919612,0.38199671764317233,0.0,0.018,0.0,0,0
449,1976-10-28,7.063492063492063,1,1,1,0,"gas,gold,silver",95.44534005044557,4.558553728136037,0.0,0.01,1.519880264034097,0.41863155809359887,0.0,0.018,0.0,0,0
450,1976-11-02,7.075396825396825,1,1,1,1,"gas,gold,oil,silver",96.41378285411221,4.568649167061518,0.0,0.01,1.5181168683544992,0.41747066438580815,0.0,0.018,0.0,0,0
451,1976-11-05,7.087301587301587,1,1,1,1,"gas,gold,oil,silver",98.40486974897912,4.589090292152545,0.0,0.01,1.5596276612728293,0.44444711410189525,0.0,0.018,0.0,0,0
452,1976-11-09,7.095238095238095,1,0,1,0,"gas,gold",100.0025537917616,4.60519572357962,0.0,0.01,,,,,0.0,0,0
453,1976-11-12,7.107142857142857,1,1,1,1,"gas,gold,oil,silver",99.63916044547258,4.601555264480045,0.0,0.01,1.534017194615455,0.42788991188840764,0.0,0.018,0.0,0,0
454,1976-11-17,7.119047619047619,1,1,0,1,"gold,oil,silver",101.23065560862713,4.617401632015917,0.0,0.01,1.563323450313743,0.44681397200916395,0.0,0.018,0.0,0,0
455,1976-11-22,7.130952380952381,1,1,1,1,"gas,gold,oil,silver",104.29360107644887,4.647210008988033,0.0,0.01,1.625850074268792,0.4860308016277084,0.0,0.018,0.0,0,0
456,1976-11-25,7.142857142857143,1,1,1,1,"gas,gold,oil,silver",105.93901654762648,4.662863612966123,0.0,0.01,1.6600145084304205,0.5068263423485837,0.0,0.018,0.0,0,0
457,1976-11-30,7.154761904761905,1,1,1,1,"gas,gold,oil,silver",108.63144531719873,4.68796091731157,0.0,0.01,1.7622663175020645,0.5666006610995791,0.0,0.018,0.0,0,0
458,1976-12-03,7.166666666666667,1,1,1,1,"gas,gold,oil,silver",108.31330149179789,4.685027967257313,0.0,0.01,1.6930572631360805,0.5265359260498071,0.0,0.018,0.0,0,0
459,1976-12-07,7.174603174603175,1,1,1,1,"gas,gold,oil,silver",110.66780003639552,4.706532921488668,0.0,0.01,1.7708704704224467,0.5714712168952019,0.0,0.018,0.0,0,0
460,1976-12-10,7.186507936507937,1,1,1,1,"gas,gold,oil,silver",108.04041087792336,4.682505331933875,0.0,0.01,1.7020290140374221,0.5318210770313959,0.0,0.018,0.0,0,0
461,1976-12-15,7.198412698412699,1,1,1,1,"gas,gold,oil,silver",107.68881647246062,4.679245739146315,0.0,0.01,1.7048998165296734,0.5335063503755013,0.0,0.018,0.0,0,0
462,1979-01-03,9.321428571428571,1,1,1,1,"gas,gold,oil,silver",92.46374192180738,4.526816588450738,0.0,0.01,1.130124855594703,0.1223281182972219,0.0,0.018,0.0,0,0
463,1979-01-08,9.333333333333334,1,1,0,1,"gold,oil,silver",91.35633537515612,4.514767633185027,0.0,0.01,1.1384865256554744,0.1296997712785638,0.0,0.018,0.0,0,0
464,1979-01-11,9.345238095238095,1,1,1,0,"gas,gold,silver",89.86566378234346,4.498315930615749,0.0,0.01,1.130192259845653,0.12238775970816329,0.0,0.018,0.0,0,0
465,1979-01-16,9.357142857142858,1,1,1,1,"gas,gold,oil,silver",90.39610795269945,4.504201212850716,0.0,0.01,1.183797567500847,0.168727548449642,0.0,0.018,0.0,0,0
466,1979-01-19,9.369047619047619,0,1,1,1,"gas,oil,silver",,,,,1.2052273538871936,0.18666822457070575,0.0,0.018,0.0,0,0
467,1979-01-23,9.376984126984127,1,1,1,1,"gas,gold,oil,silver",91.63684057341976,4.517833380489654,0.0,0.01,1.188359594135959,0.17257386380611306,0.0,0.018,0.0,0,0
468,1979-01-26,9.38888888888889,1,1,1,1,"gas,gold,oil,silver",93.88519089469764,4.542072662324889,0.0,0.01,1.276398906172934,0.2440427584589815,0.0,0.018,0.0,0,0
469,1979-01-31,9.40079365079365,1,1,1,1,"gas,gold,oil,silver",94.11644485166474,4.544532790639013,0.0,0.01,1.2771286263176487,0.2446142973637272,0.0,0.018,0.0,0,0
470,1979-02-05,9.412698412698413,1,1,1,1,"gas,gold,oil,silver",93.86483510524819,4.541855823052343,0.0,0.01,1.2663326234282795,0.2361250249383373,0.0,0.018,0.0,0,0
471,1979-02-08,9.424603174603174,0,1,0,0,silver,,,,,1.2840792032238146,0.2500418881190929,0.0,0.018,0.0,0,0
472,1979-02-13,9.436507936507937,1,1,1,1,"gas,gold,oil,silver",92.95371224878294,4.532101651495638,0.0,0.01,1.2244652102064923,0.2025041855785371,0.0,0.018,0.0,0,0
473,1979-02-16,9.448412698412698,1,0,1,1,"gas,gold,oil",93.04644731457742,4.53309880196794,0.0,0.01,,,,,0.0,0,0
474,1979-02-21,9.46031746031746,1,1,1,1,"gas,gold,oil,silver",92.67166507717097,4.529062763249536,0.0,0.01,1.2284391318132775,0.2057443649980769,0.0,0.018,0.0,0,0
475,1979-02-23,9.468253968253968,1,1,0,1,"gold,oil,silver",93.01301590499797,4.532739439328053,0.0,0.01,1.2094233861450787,0.19014370565123118,0.0,0.018,0.0,0,0
476,1979-02-28,9.48015873015873,1,1,0,1,"gold,oil,silver",93.32033703407811,4.536038058742058,0.0,0.01,1.2149790723167184,0.19472685221348507,0.0,0.018,0.0,0,0
477,1979-03-05,9.492063492063492,1,1,0,1,"gold,oil,silver",96.5777222409241,4.570348095997934,0.0,0.01,1.3194955145305367,0.2772494775848967,0.0,0.018,0.0,0,0
478,1979-03-08,9.503968253968255,1,1,1,1,"gas,gold,oil,silver",95.03387560008818,4.554233413303211,0.0,0.01,1.2449708065618936,0.2191120810970858,0.0,0.018,0.0,0,0
479,1979-03-13,9.515873015873016,1,1,1,1,"gas,gold,oil,silver",96.40206933074491,4.568527667472672,0.0,0.01,1.2986014562589328,0.26128788249846857,0.0,0.018,0.0,0,0
480,1979-03-16,9.527777777777779,0,1,1,0,"gas,silver",,,,,1.3320045074490265,0.2866849560832124,0.0,0.018,0.0,0,0
481,1979-03-21,9.53968253968254,0,0,1,1,"gas,oil",,,,,,,,,0.0,0,0
482,1979-03-26,9.551587301587302,1,0,0,1,"gold,oil",102.65658745591858,4.631389315355406,0.0,0.01,,,,,0.0,0,0
483,1979-03-28,9.55952380952381,1,1,1,1,"gas,gold,oil,silver",102.88904883629661,4.63365121187319,0.0,0.01,1.4659329738785287,0.38249188200896933,0.0,0.018,0.0,0,0
484,1979-04-02,9.571428571428571,1,1,1,0,"gas,gold,silver",103.30234675281129,4.637660093706959,0.0,0.01,1.4984765830943527,0.4044489807551508,0.0,0.018,0.0,0,0
485,1979-04-05,9.583333333333334,1,1,1,1,"gas,gold,oil,silver",100.3285411394934,4.608450212210789,0.0,0.01,1.4290496502969674,0.3570096431285862,0.0,0.018,0.0,0,0
486,1979-04-10,9.595238095238095,1,1,1,1,"gas,gold,oil,silver",101.25296317641504,4.617621971498311,0.0,0.01,1.4861575682836459,0.3961939758583839,0.0,0.018,0.0,0,0
487,1979-04-13,9.607142857142858,1,1,1,1,"gas,gold,oil,silver",100.2519768615724,4.607686785309686,0.0,0.01,1.4790965842025028,0.39143148531688865,0.0,0.018,0.0,0,0
488,1979-04-18,9.619047619047619,1,1,0,0,"gold,silver",100.75134724484857,4.612655572894692,0.0,0.01,1.5082737322375896,0.41096577316444516,0.0,0.018,0.0,0,0
489,1979-04-23,9.630952380952381,1,1,1,1,"gas,gold,oil,silver",101.25031450432728,4.617595812197402,0.0,0.01,1.5167302060588277,0.4165568375219374,0.0,0.018,0.0,0,0
490,1979-04-25,9.63888888888889,1,1,1,1,"gas,gold,oil,silver",100.07370880271951,4.605907002499319,0.0,0.01,1.4954609982147449,0.40243451931933605,0.0,0.018,0.0,0,0
491,1979-04-30,9.65079365079365,1,0,1,1,"gas,gold,oil",99.81908172904313,4.603359364730898,0.0,0.01,,,,,0.0,0,0
492,1979-05-03,9.662698412698413,1,1,1,1,"gas,gold,oil,silver",96.5608552801188,4.570173434249208,0.0,0.01,1.4309820886157325,0.3583609838053663,0.0,0.018,0.0,0,0
493,1979-05-08,9.674603174603174,0,1,1,1,"gas,oil,silver",,,,,1.4213017974567936,0.35157321041888834,0.0,0.018,0.0,0,0
494,1979-05-11,9.686507936507937,1,1,1,1,"gas,gold,oil,silver",94.15874893294753,4.544982176255295,0.0,0.01,1.3703702626176804,0.3150809680095509,0.0,0.018,0.0,0,0
495,1979-05-16,9.698412698412698,1,1,1,1,"gas,gold,oil,silver",95.28517897546119,4.5568742788958465,0.0,0.01,1.350471224504616,0.30045358673335265,0.0,0.018,0.0,0,0
496,1979-05-21,9.71031746031746,1,1,1,0,"gas,gold,silver",93.65451304766074,4.5396126183073005,0.0,0.01,1.3484873596008098,0.2989834898798619,0.0,0.018,0.0,0,0
497,1979-05-24,9.722222222222221,0,0,1,1,"gas,oil",,,,,,,,,0.0,0,0
498,1979-05-28,9.73015873015873,1,1,1,0,"gas,gold,silver",93.93784963624222,4.542633389515498,0.0,0.01,1.3427273959126949,0.2947029154876113,0.0,0.018,0.0,0,0
499,1979-05-31,9.742063492063492,1,1,1,1,"gas,gold,oil,silver",95.73552530720622,4.561589444906852,0.0,0.01,1.3937590971959242,0.33200448334107935,0.0,0.018,0.0,0,0
500,1979-06-05,9.753968253968255,1,1,0,1,"gold,oil,silver",97.83883726203595,4.583321607232626,0.0,0.01,1.4168656785008,0.3484471633437145,0.0,0.018,0.0,0,0
501,1979-06-08,9.765873015873016,1,1,1,1,"gas,gold,oil,silver",96.74895482317395,4.572119528990289,0.0,0.01,1.4032582612337157,0.3387968620373196,0.0,0.018,0.0,0,0
502,1979-06-13,9.777777777777779,1,1,0,0,"gold,silver",96.07629739624687,4.565142640353972,0.0,0.01,1.4013815361653494,0.337458561589458,0.0,0.018,0.0,0,0
503,1979-06-18,9.78968253968254,0,1,0,1,"oil,silver",,,,,1.4584958775705992,0.37740568383593953,0.0,0.018,0.0,0,0
504,1979-06-21,9.801587301587302,0,0,1,0,gas,,,,,,,,,0.0,0,0
505,1979-06-26,9.813492063492063,1,1,1,1,"gas,gold,oil,silver",96.6088763069431,4.570670624232535,0.0,0.01,1.4032858112595317,0.3388164947422444,0.0,0.018,0.0,0,0
506,1979-06-28,9.821428571428571,0,1,0,1,"oil,silver",,,,,1.3872110597559417,0.3272952997314629,0.0,0.018,0.0,0,0
507,1979-07-03,9.833333333333334,1,1,1,0,"gas,gold,silver",97.65295198277988,4.581419887104165,0.0,0.01,1.3845062745560879,0.32534359562011805,0.0,0.018,0.0,0,0
508,1979-07-06,9.845238095238095,1,0,1,1,"gas,gold,oil",98.73077591839275,4.592396710585617,0.0,0.01,,,,,0.0,0,0
509,1979-07-11,9.857142857142858,0,0,1,1,"gas,oil",,,,,,,,,0.0,0,0
510,1979-07-16,9.869047619047619,1,0,1,0,"gas,gold",101.41189833878245,4.619190424892367,0.0,0.01,,,,,0.0,0,0
511,1979-07-19,9.880952380952381,1,1,0,1,"gold,oil,silver",102.84701286184865,4.633242572039356,0.0,0.01,1.6123707907502318,0.47770563670993116,0.0,0.018,0.0,0,0
512,1979-07-24,9.892857142857142,1,1,1,1,"gas,gold,oil,silver",104.12688426248322,4.6456101964815755,0.0,0.01,1.6296503301069698,0.4883654703988958,0.0,0.018,0.0,0,0
513,1979-07-26,9.90079365079365,1,1,1,1,"gas,gold,oil,silver",104.61107217393642,4.650249398552132,0.0,0.01,1.64050537539016,0.4950043500915906,0.0,0.018,0.0,0,0
514,1979-07-31,9.912698412698413,1,1,1,1,"gas,gold,oil,silver",105.3562486704742,4.657347451927146,0.0,0.01,1.6310137856697802,0.48920177588383107,0.0,0.018,0.0,0,0
515,1979-08-03,9.924603174603174,1,1,0,0,"gold,silver",105.57599714510474,4.659431045673389,0.0,0.01,1.6107931743984323,0.47672671258764454,0.0,0.018,0.0,0,0
516,1979-08-08,9.936507936507937,1,0,1,1,"gas,gold,oil",106.56995496468927,4.668801623643766,0.0,0.01,,,,,0.0,0,0
517,1979-08-13,9.948412698412698,0,1,1,1,"gas,oil,silver",,,,,1.7262136261566121,0.5459303545021988,0.0,0.018,0.0,0,0
518,1979-08-16,9.96031746031746,1,0,1,1,"gas,gold,oil",106.15921858992421,4.664940029314159,0.0,0.01,,,,,0.0,0,0
519,1979-08-21,9.972222222222221,1,1,1,1,"gas,gold,oil,silver",106.71516420709307,4.670163268238602,0.0,0.01,1.640073431564845,0.49474101617813904,0.0,0.018,0.0,0,0
520,1979-08-24,9.984126984126984,1,1,0,1,"gold,oil,silver",106.9526104499999,4.672385843365182,0.0,0.01,1.6224026287322082,0.48390815468721127,0.0,0.018,0.0,0,0
521,1979-08-28,9.992063492063492,0,1,0,1,"oil,silver",,,,,1.667053229874012,0.5110575347969558,0.0,0.018,0.0,0,0
522,1979-08-31,10.003968253968255,1,0,1,1,"gas,gold,oil",109.49464514950472,4.695875645316528,0.0,0.01,,,,,0.0,0,0
523,1979-09-05,10.015873015873016,1,1,1,1,"gas,gold,oil,silver",107.19914201896405,4.674688245050233,0.0,0.01,1.693772304975264,0.5269581745482493,0.0,0.018,0.0,0,0
524,1979-09-10,10.027777777777779,1,1,1,1,"gas,gold,oil,silver",109.25276437457549,4.693664136855355,0.0,0.01,1.6790402485802327,0.5182223495652226,0.0,0.018,0.0,0,0
525,1979-09-13,10.03968253968254,0,0,1,1,"gas,oil",,,,,,,,,0.0,0,0
526,1979-09-18,10.051587301587302,1,1,0,1,"gold,oil,silver",103.86949044514866,4.643135211529686,0.0,0.01,1.6353138397281124,0.49183473683304335,0.0,0.018,0.0,0,0
527,1979-09-21,10.063492063492063,0,1,1,1,"gas,oil,silver",,,,,1.5691956954383897,0.45056319219272356,0.0,0.018,0.0,0,0
528,1979-09-26,10.075396825396826,1,1,1,1,"gas,gold,oil,silver",100.31200924038414,4.608285421004671,0.0,0.01,1.4930459947189554,0.40081832499408776,0.0,0.018,0.0,0,0
529,1979-09-28,10.083333333333334,1,1,1,1,"gas,gold,oil,silver",99.10289416053266,4.596158645354835,0.0,0.01,1.454476609277897,0.374646117199812,0.0,0.018,0.0,0,0
530,1979-10-03,10.095238095238095,1,1,1,1,"gas,gold,oil,silver",99.17692115251353,4.596905337551451,0.0,0.01,1.5087790130500904,0.41130072310392773,0.0,0.018,0.0,0,0
531,1979-10-08,10.107142857142858,1,1,1,1,"gas,gold,oil,silver",100.1270381107084,4.606439760843855,0.0,0.01,1.5484858686655152,0.4372775945680496,0.0,0.018,0.0,0,0
532,1979-10-11,10.119047619047619,1,0,1,1,"gas,gold,oil",99.52868001531591,4.600445843990946,0.0,0.01,,,,,0.0,0,0
533,1979-10-16,10.130952380952381,1,1,1,1,"gas,gold,oil,silver",104.24794554367284,4.6467721534695965,0.0,0.01,1.62226666585368,0.48382434776190475,0.0,0.018,0.0,0,0
534,1979-10-19,10.142857142857142,1,0,1,1,"gas,gold,oil",103.92459576752788,4.643665595475403,0.0,0.01,,,,,0.0,0,0
535,1979-10-24,10.154761904761905,1,1,1,0,"gas,gold,silver",105.78219918260517,4.661382255576809,0.0,0.01,1.6680021196249084,0.511626574694086,0.0,0.018,0.0,0,0
536,1979-10-29,10.166666666666666,1,0,1,0,"gas,gold",105.01566569975708,4.654109536169281,0.0,0.01,,,,,0.0,0,0
537,1979-10-31,10.174603174603174,1,1,1,1,"gas,gold,oil,silver",105.59916783174793,4.659650490859936,0.0,0.01,1.6367816182605166,0.49273188586166905,0.0,0.018,0.0,0,0
538,1979-11-05,10.186507936507937,1,1,1,1,"gas,gold,oil,silver",106.70811254495295,4.670097186766609,0.0,0.01,1.6728114436831243,0.5145057101437532,0.0,0.018,0.0,0,0
539,1979-11-08,10.198412698412698,1,1,1,1,"gas,gold,oil,silver",108.37756513073754,4.685621103847012,0.0,0.01,1.724609392074605,0.545000585465016,0.0,0.018,0.0,0,0
540,1979-11-13,10.21031746031746,1,1,1,1,"gas,gold,oil,silver",109.1400091832719,4.692631545900211,0.0,0.01,1.730343319608524,0.5483198394617294,0.0,0.018,0.0,0,0
541,1982-06-24,12.916666666666666,1,0,1,0,"gas,gold",148.68738327855232,5.00184600305103,0.0,0.01,,,,,0.0,0,0
542,1982-06-29,12.928571428571429,1,1,1,1,"gas,gold,oil,silver",152.96657096013064,5.030219407063256,0.0,0.01,1.6168579061262454,0.48048470173450597,0.0,0.018,0.0,0,0
543,1982-07-02,12.94047619047619,1,1,1,1,"gas,gold,oil,silver",150.64159517945976,5.014903473641342,0.0,0.01,1.594622791507488,0.4666372139149366,0.0,0.018,0.0,0,0
544,1982-07-06,12.948412698412698,1,1,1,1,"gas,gold,oil,silver",151.3401860373356,5.019530190533068,0.0,0.01,1.6713809652748999,0.5136502100286059,0.0,0.018,0.0,0,0
545,1982-07-09,12.96031746031746,1,1,1,1,"gas,gold,oil,silver",155.3326660987033,5.0455690499464,0.0,0.01,1.6865530120392402,0.5226868081943912,0.0,0.018,0.0,0,0
546,1982-07-14,12.972222222222221,1,1,1,1,"gas,gold,oil,silver",156.75565584039475,5.054688260778487,0.0,0.01,1.7309175284732754,0.5486516311961415,0.0,0.018,0.0,0,0
547,1982-07-19,12.984126984126984,1,1,1,1,"gas,gold,oil,silver",155.01925204066896,5.043549315920225,0.0,0.01,1.7334410934027078,0.5501085042576359,0.0,0.018,0.0,0,0
548,1982-07-22,12.996031746031745,1,1,0,1,"gold,oil,silver",155.10718289325376,5.044116380478651,0.0,0.01,1.7074586761573132,0.535006110797952,0.0,0.018,0.0,0,0
549,1982-07-27,13.007936507936508,1,1,1,1,"gas,gold,oil,silver",156.40442316352826,5.052445108808036,0.0,0.01,1.7617111608154479,0.5662855871840249,0.0,0.018,0.0,0,0
550,1982-07-30,13.01984126984127,1,1,1,1,"gas,gold,oil,silver",152.18343131470706,5.025086578231774,0.0,0.01,1.6722051743493183,0.5141432190654271,0.0,0.018,0.0,0,0
551,1982-08-04,13.031746031746032,1,1,1,1,"gas,gold,oil,silver",150.43879849511,5.013556346965018,0.0,0.01,1.5989883915133039,0.4693711739838783,0.0,0.018,0.0,0,0
552,1982-08-06,13.03968253968254,1,1,1,1,"gas,gold,oil,silver",145.19950837228083,4.978108716519129,0.0,0.01,1.5269156669799522,0.4232497968004103,0.0,0.018,0.0,0,0
553,1982-08-11,13.051587301587302,1,1,1,1,"gas,gold,oil,silver",147.26597586585402,4.992240311491066,0.0,0.01,1.573127435121168,0.45306563485772267,0.0,0.018,0.0,0,0
554,1982-08-16,13.063492063492063,1,1,1,0,"gas,gold,silver",147.41238312410817,4.993233986566512,0.0,0.01,1.5941372640531333,0.4663326896173118,0.0,0.018,0.0,0,0
555,1982-08-19,13.075396825396826,0,1,1,1,"gas,oil,silver",,,,,1.5916273858558738,0.46475700591662117,0.0,0.018,0.0,0,0
556,1982-08-24,13.087301587301587,1,1,1,1,"gas,gold,oil,silver",149.76339987020742,5.009056714596375,0.0,0.01,1.6185346896582082,0.4815212273693076,0.0,0.018,0.0,0,0
557,1982-08-27,13.09920634920635,1,1,1,1,"gas,gold,oil,silver",147.13176000528978,4.991328511884552,0.0,0.01,1.5532695568936514,0.44036210083276395,0.0,0.018,0.0,0,0
558,1982-09-01,13.11111111111111,1,1,1,1,"gas,gold,oil,silver",142.18464395335045,4.957126522461603,0.0,0.01,1.5118850250635887,0.4133572332414197,0.0,0.018,0.0,0,0
559,1982-09-06,13.123015873015873,1,1,1,0,"gas,gold,silver",141.3132723276779,4.950979215411509,0.0,0.01,1.513577938761234,0.4144763438665189,0.0,0.018,0.0,0,0
560,1982-09-08,13.130952380952381,1,1,1,1,"gas,gold,oil,silver",140.66500043366275,4.946381180039425,0.0,0.01,1.5154773581155896,0.4157304771966517,0.0,0.018,0.0,0,0
561,1982-09-13,13.142857142857142,1,1,1,0,"gas,gold,silver",142.43422375400453,4.958880305453117,0.0,0.01,1.4772751762428966,0.39019929374042417,0.0,0.018,0.0,0,0
562,1982-09-16,13.154761904761905,1,1,1,1,"gas,gold,oil,silver",150.00587468411453,5.010674457890108,0.0,0.01,1.6279211453085403,0.48730382986459564,0.0,0.018,0.0,0,0
563,1982-09-21,13.166666666666666,0,0,1,1,"gas,oil",,,,,,,,,0.0,0,0
564,1982-09-24,13.178571428571429,0,1,1,1,"gas,oil,silver",,,,,1.618603593239228,0.48156379804439686,0.0,0.018,0.0,0,0
565,1982-09-29,13.19047619047619,1,0,1,0,"gas,gold",149.50014732322168,5.0072973782698655,0.0,0.01,,,,,0.0,0,0
566,1982-10-04,13.202380952380953,1,1,1,1,"gas,gold,oil,silver",147.21899803980597,4.991921260737314,0.0,0.01,1.5406694796120834,0.43221704897995694,0.0,0.018,0.0,0,0
567,1982-10-06,13.21031746031746,1,1,0,1,"gold,oil,silver",146.105093324386,4.98432618005444,0.0,0.01,1.554916257736142,0.4414216906351538,0.0,0.018,0.0,0,0
568,1982-10-11,13.222222222222221,0,1,1,1,"gas,oil,silver",,,,,1.469873812150582,0.3851765550315692,0.0,0.018,0.0,0,0
569,1984-07-18,15.055555555555555,1,1,1,1,"gas,gold,oil,silver",95.42137823328973,4.5583026438454155,0.0,0.01,0.7154686443491722,-0.33481750435726476,0.0,0.018,0.0,0,0
570,1984-07-23,15.067460317460318,1,1,1,1,"gas,gold,oil,silver",96.24613425531926,4.566908808780217,0.0,0.01,0.7442673889826512,-0.29535491492163923,0.0,0.018,0.0,0,0
571,1984-07-26,15.079365079365079,1,0,0,1,"gold,oil",97.71673316073755,4.5820728152201795,0.0,0.01,,,,,0.0,0,0
572,1984-07-31,15.091269841269842,1,1,0,1,"gold,oil,silver",96.33244631906172,4.567805191641326,0.0,0.01,0.7591066751407215,-0.2756129645048331,0.0,0.018,0.0,0,0
573,1984-08-03,15.103174603174603,0,1,0,1,"oil,silver",,,,,0.7664216003206722,-0.2660228685881627,0.0,0.018,0.0,0,0
574,1984-08-08,15.115079365079366,1,1,1,1,"gas,gold,oil,silver",99.47587040370993,4.599915106249177,0.0,0.01,0.7752587693553116,-0.25455840941729746,0.0,0.018,0.0,0,0
575,1984-08-10,15.123015873015873,1,1,1,1,"gas,gold,oil,silver",100.70969993436242,4.612242120153702,0.0,0.01,0.7894683172667103,-0.23639557621617135,0.0,0.018,0.0,0,0
576,1984-08-15,15.134920634920634,1,1,1,1,"gas,gold,oil,silver",102.01011022619788,4.625071928236907,0.0,0.01,0.8127647876962097,-0.20731352532050562,0.0,0.018,0.0,0,0
577,1984-08-20,15.146825396825397,1,1,1,0,"gas,gold,silver",99.89433728332914,4.6041130001973585,0.0,0.01,0.7939649248760384,-0.2307159939298502,0.0,0.018,0.0,0,0
578,1984-08-23,15.158730158730158,0,1,1,1,"gas,oil,silver",,,,,0.7879911699632909,-0.23826839481738293,0.0,0.018,0.0,0,0
579,1984-08-28,15.170634920634921,1,1,1,1,"gas,gold,oil,silver",100.99271211227413,4.615048356933579,0.0,0.01,0.7733431545775903,-0.25703240318571896,0.0,0.018,0.0,0,0
580,1984-08-31,15.182539682539682,1,1,1,1,"gas,gold,oil,silver",99.72934669707719,4.602459983676159,0.0,0.01,0.7587593584753646,-0.27607060261481986,0.0,0.018,0.0,0,0
581,1984-09-05,15.194444444444445,1,1,1,1,"gas,gold,oil,silver",98.21325805455754,4.587141216986166,0.0,0.01,0.7595635115169938,-0.2750113376419825,0.0,0.018,0.0,0,0
582,1984-09-10,15.206349206349206,0,1,0,0,silver,,,,,0.7462254427596501,-0.29272752234154664,0.0,0.018,0.0,0,0
583,1984-09-12,15.214285714285714,1,0,1,0,"gas,gold",97.32630543517146,4.5780693065601366,0.0,0.01,,,,,0.0,0,0
584,1984-09-17,15.226190476190476,1,1,1,0,"gas,gold,silver",96.2181324271057,4.566617826678512,0.0,0.01,0.7578052285129717,-0.2773288808265961,0.0,0.018,0.0,0,0
585,1984-09-20,15.238095238095237,1,1,1,1,"gas,gold,oil,silver",94.35311077602613,4.547044241870152,0.0,0.01,0.714626657947354,-0.3359950293764089,0.0,0.018,0.0,0,0
586,1984-09-25,15.25,1,1,1,1,"gas,gold,oil,silver",94.76124175367448,4.551360483401375,0.0,0.01,0.7144597541657867,-0.33622861046837293,0.0,0.018,0.0,0,0
587,1984-09-28,15.261904761904763,1,0,0,0,gold,94.83478731706809,4.552136296770915,0.0,0.01,,,,,0.0,0,0
588,1984-10-03,15.273809523809524,1,1,1,1,"gas,gold,oil,silver",95.82311716180986,4.562503962357795,0.0,0.01,0.7283050526083986,-0.3170352902450555,0.0,0.018,0.0,0,0
589,1984-10-08,15.285714285714286,1,1,1,1,"gas,gold,oil,silver",97.73520586679575,4.5822618407801725,0.0,0.01,0.7291276451812913,-0.31590646603040895,0.0,0.018,0.0,0,0
590,1984-10-11,15.297619047619047,1,1,1,1,"gas,gold,oil,silver",98.84419783687129,4.593544851251233,0.0,0.01,0.7656635906521672,-0.26701238240217373,0.0,0.018,0.0,0,0
591,1984-10-15,15.305555555555555,1,0,1,1,"gas,gold,oil",99.1362165085677,4.596494828747067,0.0,0.01,,,,,0.0,0,0
592,1984-10-18,15.317460317460318,1,1,1,1,"gas,gold,oil,silver",97.22629025335436,4.577041150751948,0.0,0.01,0.7342937837596372,-0.3088460800926982,0.0,0.018,0.0,0,0
593,1984-10-23,15.329365079365079,1,1,1,1,"gas,gold,oil,silver",98.04064214956918,4.585382108511668,0.0,0.01,0.7263540149646269,-0.31971775908903033,0.0,0.018,0.0,0,0
594,1984-10-26,15.341269841269842,1,1,1,1,"gas,gold,oil,silver",98.58872388549517,4.59095689285266,0.0,0.01,0.7373199466582429,-0.3047333606996303,0.0,0.018,0.0,0,0
595,1984-10-31,15.353174603174603,1,1,1,1,"gas,gold,oil,silver",96.35576104244255,4.5680471859368135,0.0,0.01,0.7125051676040886,-0.33896811408796457,0.0,0.018,0.0,0,0
596,1984-11-05,15.365079365079366,1,1,1,1,"gas,gold,oil,silver",94.58086995720844,4.5494552352830535,0.0,0.01,0.7145879357646713,-0.3360492160364983,0.0,0.018,0.0,0,0
597,1984-11-08,15.376984126984127,1,1,1,1,"gas,gold,oil,silver",94.08223113918184,4.544169199209056,0.0,0.01,0.6916968974921611,-0.36860742872299834,0.0,0.018,0.0,0,0
598,1984-11-12,15.384920634920634,1,1,1,1,"gas,gold,oil,silver",96.43087299584168,4.568826409637403,0.0,0.01,0.725617928968692,-0.32073167132345004,0.0,0.018,0.0,0,0
599,1984-11-15,15.396825396825397,1,0,1,1,"gas,gold,oil",97.11536213235541,4.575899572179532,0.0,0.01,,,,,0.0,0,0
600,1984-11-20,15.408730158730158,1,1,1,1,"gas,gold,oil,silver",100.68917689324135,4.612038315231695,0.0,0.01,0.7772890647839085,-0.2519429710503651,0.0,0.018,0.0,0,0
601,1984-11-23,15.420634920634921,0,0,1,0,gas,,,,,,,,,0.0,0,0
602,1984-11-28,15.432539682539682,0,1,1,1,"gas,oil,silver",,,,,0.7987918212139072,-0.22465491633377144,0.0,0.018,0.0,0,0
603,1984-12-03,15.444444444444445,1,0,1,1,"gas,gold,oil",98.97786009742569,4.594896189744931,0.0,0.01,,,,,0.0,0,0
604,1984-12-06,15.456349206349206,1,1,1,1,"gas,gold,oil,silver",100.95821189660988,4.614706687627839,0.0,0.01,0.7838053628302154,-0.24359455114991935,0.0,0.018,0.0,0,0
605,1984-12-11,15.468253968253968,1,1,0,1,"gold,oil,silver",101.9617190543776,4.624597439451874,0.0,0.01,0.7902273581767223,-0.2354345797657451,0.0,0.018,0.0,0,0
606,1984-12-13,15.476190476190476,1,1,1,1,"gas,gold,oil,silver",100.08388515289775,4.60600868587776,0.0,0.01,0.7867191605954995,-0.23988394228635945,0.0,0.018,0.0,0,0
607,1984-12-18,15.488095238095237,1,1,0,1,"gold,oil,silver",100.27745003100166,4.607940844476572,0.0,0.01,0.8191237283583434,-0.19952013406275526,0.0,0.018,0.0,0,0
608,1984-12-21,15.5,0,1,1,1,"gas,oil,silver",,,,,0.7931931190893012,-0.23168855724893245,0.0,0.018,0.0,0,0
609,1984-12-26,15.511904761904763,1,1,0,1,"gold,oil,silver",98.80662859612063,4.593164693557171,0.0,0.01,0.783023261271127,-0.24459287555121612,0.0,0.018,0.0,0,0
610,1984-12-31,15.523809523809524,1,1,1,1,"gas,gold,oil,silver",97.77412273127337,4.582659948279908,0.0,0.01,0.7540349233203388,-0.2823165946458188,0.0,0.018,0.0,0,0
611,1985-01-03,15.535714285714286,1,0,1,1,"gas,gold,oil",99.23099565968558,4.59745042173337,0.0,0.01,,,,,0.0,0,0
612,1985-01-08,15.547619047619047,1,1,0,1,"gold,oil,silver",101.18442826762835,4.61694487414079,0.0,0.01,0.7945119933783774,-0.23002719761473678,0.0,0.018,0.0,0,0
613,1985-01-11,15.55952380952381,1,1,1,1,"gas,gold,oil,silver",103.8701928954612,4.643141974323402,0.0,0.01,0.8332469216822883,-0.18242525615180116,0.0,0.018,0.0,0,0
614,1985-01-15,15.567460317460318,1,0,1,0,"gas,gold",102.81493168320299,4.6329305923099335,0.0,0.01,,,,,0.0,0,0
615,1985-01-18,15.579365079365079,1,1,0,1,"gold,oil,silver",100.76729882289733,4.6128138865633606,0.0,0.01,0.8028181113253015,-0.21962710211849035,0.0,0.018,0.0,0,0
616,1985-01-23,15.591269841269842,0,1,1,0,"gas,silver",,,,,0.7917881691481763,-0.23346138613911815,0.0,0.018,0.0,0,0
617,1985-01-28,15.603174603174603,1,1,1,1,"gas,gold,oil,silver",103.28934360809907,4.637534211153729,0.0,0.01,0.8026723361109775,-0.21980869798529512,0.0,0.018,0.0,0,0
618,1985-01-31,15.615079365079366,1,0,1,1,"gas,gold,oil",107.13238050727479,4.674065270761976,0.0,0.01,,,,,0.0,0,0
619,1985-02-05,15.626984126984127,1,1,0,1,"gold,oil,silver",109.4050315712681,4.695056881355016,0.0,0.01,0.8977103736732688,-0.10790778645105159,0.0,0.018,0.0,0,0
620,1985-02-08,15.63888888888889,1,0,1,1,"gas,gold,oil",108.96699510124753,4.691045039140543,0.0,0.01,,,,,0.0,0,0
621,1985-02-12,15.646825396825397,1,0,0,1,"gold,oil",108.67612535512262,4.688372132055863,0.0,0.01,,,,,0.0,0,0
622,1985-02-15,15.658730158730158,1,1,1,1,"gas,gold,oil,silver",110.62987256889103,4.706190148178589,0.0,0.01,0.948296855161352,-0.053087687388841065,0.0,0.018,0.0,0,0
623,1985-02-20,15.670634920634921,0,0,1,1,"gas,oil",,,,,,,,,0.0,0,0
624,1985-02-25,15.682539682539682,1,1,0,0,"gold,silver",109.8856567079391,4.699440340680461,0.0,0.01,0.9849953315483052,-0.015118377366147628,0.0,0.018,0.0,0,0
625,1985-02-28,15.694444444444445,0,1,1,1,"gas,oil,silver",,,,,1.0289737452506118,0.028561941706784832,0.0,0.018,0.0,0,0
626,1985-03-05,15.706349206349206,1,1,1,1,"gas,gold,oil,silver",114.74133938714336,4.742680372341983,0.0,0.01,1.0588539086158786,0.057187104898908325,0.0,0.018,0.0,0,0
627,1985-03-08,15.718253968253968,1,0,1,0,"gas,gold",115.03978533531703,4.745278027970622,0.0,0.01,,,,,0.0,0,0
628,1985-03-13,15.73015873015873,1,1,1,1,"gas,gold,oil,silver",117.72646544314263,4.7683638440720415,0.0,0.01,1.0746373311432054,0.07198323828037334,0.0,0.018,0.0,0,0
629,1985-03-15,15.738095238095237,1,1,1,0,"gas,gold,silver",115.91142091480401,4.752826286602187,0.0,0.01,1.0640075927658519,0.062042526952122534,0.0,0.018,0.0,0,0
630,1985-03-20,15.75,1,0,1,0,"gas,gold",115.92366076386394,4.75293187760233,0.0,0.01,,,,,0.0,0,0
631,1985-03-25,15.761904761904763,0,1,1,1,"gas,oil,silver",,,,,1.0164409509567698,0.016307261849774157,0.0,0.018,0.0,0,0
632,1985-03-28,15.773809523809524,1,1,1,1,"gas,gold,oil,silver",115.50554737908166,4.749318558064599,0.0,0.01,1.019709537200006,0.01951781929125551,0.0,0.018,0.0,0,0
633,1985-04-02,15.785714285714286,1,0,1,0,"gas,gold",119.92382666629365,4.786856763444444,0.0,0.01,,,,,0.0,0,0
634,1985-04-05,15.797619047619047,1,1,0,1,"gold,oil,silver",119.02347934815761,4.779320779096072,0.0,0.01,1.0406157602933954,0.03981261514991541,0.0,0.018,0.0,0,0
635,1985-04-10,15.80952380952381,1,1,1,1,"gas,gold,oil,silver",116.50668926513988,4.757948689942263,0.0,0.01,1.0119661185765756,0.011895090637401795,0.0,0.018,0.0,0,0
636,1985-04-15,15.821428571428571,1,1,1,1,"gas,gold,oil,silver",119.54367572983331,4.783681791876299,0.0,0.01,1.0553444433605985,0.05386720024060199,0.0,0.018,0.0,0,0
637,1985-04-17,15.829365079365079,1,1,1,1,"gas,gold,oil,silver",119.63917168091423,4.784480310308444,0.0,0.01,1.0369277266215284,0.03626223214312474,0.0,0.018,0.0,0,0
638,1985-04-22,15.841269841269842,0,1,1,1,"gas,oil,silver",,,,,1.1003913698846473,0.09566590733001035,0.0,0.018,0.0,0,0
639,1985-04-25,15.853174603174603,1,1,1,1,"gas,gold,oil,silver",126.6935174286648,4.841770921287785,0.0,0.01,1.114087548348982,0.10803572759933444,0.0,0.018,0.0,0,0
640,1985-04-30,15.865079365079366,1,0,0,0,gold,124.08338560592688,4.820953804165982,0.0,0.01,,,,,0.0,0,0
641,1985-05-03,15.876984126984127,1,1,1,0,"gas,gold,silver",126.71224423287448,4.8419187222227045,0.0,0.01,1.1166450613777497,0.11032870896176439,0.0,0.018,0.0,0,0
642,1985-05-08,15.88888888888889,1,1,0,1,"gold,oil,silver",127.23370573799124,4.846025598021347,0.0,0.01,1.1248597022262052,0.11765831874729105,0.0,0.018,0.0,0,0
643,1985-05-13,15.90079365079365,0,0,1,1,"gas,oil",,,,,,,,,0.0,0,0
644,1985-05-16,15.912698412698413,1,1,1,1,"gas,gold,oil,silver",125.18541879478592,4.829795988583189,0.0,0.01,1.0688410438486327,0.06657492486739791,0.0,0.018,0.0,0,0
645,1985-05-20,15.920634920634921,1,1,1,1,"gas,gold,oil,silver",124.42851862251453,4.8237314034085825,0.0,0.01,1.0726147648764635,0.07009937297302882,0.0,0.018,0.0,0,0
646,1985-05-23,15.932539682539682,1,1,1,1,"gas,gold,oil,silver",126.61936288209607,4.841185443371336,0.0,0.01,1.1067160367662077,0.10139710480095232,0.0,0.018,0.0,0,0
647,1985-05-28,15.944444444444445,0,1,1,1,"gas,oil,silver",,,,,1.2151216432588372,0.19484418968955652,0.0,0.018,0.0,0,0
648,1985-05-31,15.956349206349206,0,1,0,1,"oil,silver",,,,,1.3022090508780573,0.2640620922480579,0.0,0.018,0.0,0,0
649,1985-06-05,15.968253968253968,1,1,1,1,"gas,gold,oil,silver",141.432526295241,4.951822757386069,0.0,0.01,1.3829177575507325,0.32419558421211647,0.0,0.018,0.0,0,0
650,1985-06-10,15.98015873015873,1,1,1,1,"gas,gold,oil,silver",139.43353337750773,4.937588024473069,0.0,0.01,1.3620539372487748,0.30899380844744173,0.0,0.018,0.0,0,0
651,1985-06-13,15.992063492063492,1,1,1,1,"gas,gold,oil,silver",138.4300433456969,4.930365095823173,0.0,0.01,1.3508416469631006,0.30072784038587774,0.0,0.018,0.0,0,0
652,1985-06-17,16.0,1,1,1,1,"gas,gold,oil,silver",137.90461487664925,4.9265622496247214,0.0,0.01,1.3523581927189527,0.30184987797458773,0.0,0.018,0.0,0,0
653,1985-06-20,16.011904761904763,1,1,1,1,"gas,gold,oil,silver",135.4259445738537,4.908424956405026,0.0,0.01,1.3025294119741004,0.2643080755605689,0.0,0.018,0.0,0,0
654,1985-06-25,16.023809523809526,1,1,1,1,"gas,gold,oil,silver",138.67250847381544,4.932115099122715,0.0,0.01,1.3728427033942194,0.3168835560525882,0.0,0.018,0.0,0,0
655,1985-06-28,16.035714285714285,1,1,1,1,"gas,gold,oil,silver",141.3738737247551,4.9514079678245695,0.0,0.01,1.3991676031884615,0.3358774906437825,0.0,0.018,0.0,0,0
656,1985-07-03,16.047619047619047,0,0,1,0,gas,,,,,,,,,0.0,0,0
657,1985-07-08,16.05952380952381,0,0,0,1,oil,,,,,,,,,0.0,0,0
658,1985-07-11,16.071428571428573,1,1,1,1,"gas,gold,oil,silver",142.79168915230366,4.961386848998284,0.0,0.01,1.393540268953328,0.3318474652283474,0.0,0.018,0.0,0,0
659,1985-07-16,16.083333333333332,0,1,0,0,silver,,,,,1.3831645205119723,0.32437400476298106,0.0,0.018,0.0,0,0
660,1985-07-18,16.091269841269842,0,1,1,1,"gas,oil,silver",,,,,1.41918493083691,0.35008271444811223,0.0,0.018,0.0,0,0
661,1985-07-23,16.103174603174605,1,0,1,1,"gas,gold,oil",138.5002904398069,4.930872422663511,0.0,0.01,,,,,0.0,0,0
662,1985-07-26,16.115079365079364,0,0,0,1,oil,,,,,,,,,0.0,0,0
663,1985-07-31,16.126984126984127,1,1,1,1,"gas,gold,oil,silver",140.25012081223446,4.943427405808741,0.0,0.01,1.401263122142532,0.33737405995808856,0.0,0.018,0.0,0,0
664,1985-08-05,16.13888888888889,1,1,1,1,"gas,gold,oil,silver",140.79909201100833,4.947333994917696,0.0,0.01,1.4405951776642556,0.3650563460180265,0.0,0.018,0.0,0,0
665,1985-08-08,16.150793650793652,1,0,1,0,"gas,gold",143.74685319737455,4.96805378863698,0.0,0.01,,,,,0.0,0,0
666,1985-08-13,16.16269841269841,1,1,1,1,"gas,gold,oil,silver",140.12486055557483,4.942533886248741,0.0,0.01,1.4361698104414757,0.3619797160313398,0.0,0.018,0.0,0,0
667,1985-08-16,16.174603174603174,1,0,1,1,"gas,gold,oil",141.32569883024377,4.9510671473942995,0.0,0.01,,,,,0.0,0,0
668,1985-08-20,16.182539682539684,0,1,0,0,silver,,,,,1.5745667563960026,0.4539801591333201,0.0,0.018,0.0,0,0
669,1985-08-23,16.194444444444443,1,0,1,1,"gas,gold,oil",144.25753532553105,4.971600141982475,0.0,0.01,,,,,0.0,0,0
670,1985-08-28,16.206349206349206,1,1,1,1,"gas,gold,oil,silver",145.8913055727734,4.9828618620654455,0.0,0.01,1.583039796121305,0.45934692026784685,0.0,0.018,0.0,0,0
671,1985-09-02,16.21825396825397,1,0,1,0,"gas,gold",147.98375399147872,4.997102497411065,0.0,0.01,,,,,0.0,0,0
672,1985-09-05,16.23015873015873,0,1,1,1,"gas,oil,silver",,,,,1.600726216495355,0.4704574115805533,0.0,0.018,0.0,0,0
673,1985-09-10,16.24206349206349,0,1,0,1,"oil,silver",,,,,1.6481092935256807,0.49962874817522196,0.0,0.018,0.0,0,0
674,1985-09-13,16.253968253968253,0,1,1,1,"gas,oil,silver",,,,,1.6280391625323227,0.4873763229005519,0.0,0.018,0.0,0,0
675,1985-09-17,16.261904761904763,1,0,1,1,"gas,gold,oil",147.2049221582971,4.991825644311107,0.0,0.01,,,,,0.0,0,0
676,1985-09-20,16.273809523809526,0,1,1,1,"gas,oil,silver",,,,,1.774802308651544,0.5736890413170971,0.0,0.018,0.0,0,0
677,1985-09-25,16.285714285714285,1,1,1,1,"gas,gold,oil,silver",147.84905225072384,4.996191836069783,0.0,0.01,1.7083204518248747,0.5355106959327379,0.0,0.018,0.0,0,0
678,1985-09-30,16.297619047619047,1,1,1,0,"gas,gold,silver",147.8580024101498,4.996252370029238,0.0,0.01,1.6885509277063924,0.5238707218967158,0.0,0.018,0.0,0,0
679,1985-10-03,16.30952380952381,1,1,1,1,"gas,gold,oil,silver",146.80971851387298,4.989137316399711,0.0,0.01,1.6565179818997555,0.5047177980564288,0.0,0.018,0.0,0,0
680,1985-10-08,16.321428571428573,0,0,1,1,"gas,oil",,,,,,,,,0.0,0,0
681,1985-10-11,16.333333333333332,0,1,0,1,"oil,silver",,,,,1.646748953942335,0.4988030133129193,0.0,0.018,0.0,0,0
682,1985-10-16,16.345238095238095,1,1,1,1,"gas,gold,oil,silver",142.98340534480434,4.962728576986157,0.0,0.01,1.5675412267489965,0.4495082941353723,0.0,0.018,0.0,0,0
683,1985-10-18,16.353174603174605,1,1,1,1,"gas,gold,oil,silver",138.35728834052594,4.929839385297309,0.0,0.01,1.5170237250747747,0.4167503397132988,0.0,0.018,0.0,0,0
684,1985-10-23,16.365079365079364,0,1,1,1,"gas,oil,silver",,,,,1.480738170814208,0.3925407274982251,0.0,0.018,0.0,0,0
685,1985-10-28,16.376984126984127,1,1,1,1,"gas,gold,oil,silver",131.48807808203,4.878916186534709,0.0,0.01,1.4506455845030766,0.3720086880384852,0.0,0.018,0.0,0,0
686,1985-10-31,16.38888888888889,1,0,1,1,"gas,gold,oil",131.99728071129525,4.8827813217021685,0.0,0.01,,,,,0.0,0,0
687,1985-11-05,16.400793650793652,1,1,1,1,"gas,gold,oil,silver",128.42384598396592,4.855336090398735,0.0,0.01,1.39892664719723,0.33570526199795037,0.0,0.018,0.0,0,0
688,1985-11-08,16.41269841269841,1,1,1,1,"gas,gold,oil,silver",127.1499049087448,4.845366744001115,0.0,0.01,1.4041948279745369,0.3394640623400884,0.0,0.018,0.0,0,0
689,1985-11-13,16.424603174603174,1,1,1,1,"gas,gold,oil,silver",127.08300524257876,4.844840457552438,0.0,0.01,1.423071592279373,0.3528176286498803,0.0,0.018,0.0,0,0
690,1985-11-18,16.436507936507937,1,1,1,1,"gas,gold,oil,silver",129.7624964298495,4.865705829006403,0.0,0.01,1.5049458734158088,0.4087569330463323,0.0,0.018,0.0,0,0
691,1985-11-20,16.444444444444443,1,1,1,1,"gas,gold,oil,silver",130.26120699866863,4.869541719148323,0.0,0.01,1.5081056531620476,0.41085432891009876,0.0,0.018,0.0,0,0
692,1985-11-25,16.456349206349206,1,0,1,1,"gas,gold,oil",129.65927444975767,4.864910043940338,0.0,0.01,,,,,0.0,0,0
693,1985-11-28,16.46825396825397,0,0,1,1,"gas,oil",,,,,,,,,0.0,0,0
694,1985-12-03,16.48015873015873,1,1,0,1,"gold,oil,silver",128.78147442972573,4.858116971258083,0.0,0.01,1.5196589066489128,0.4184859061554955,0.0,0.018,0.0,0,0
695,1985-12-06,16.49206349206349,1,1,1,0,"gas,gold,silver",128.97239269136756,4.859598371313796,0.0,0.01,1.5245674560987668,0.42171073448219176,0.0,0.018,0.0,0,0
696,1985-12-11,16.503968253968253,1,1,1,1,"gas,gold,oil,silver",135.18019534750778,4.906608668762951,0.0,0.01,1.6496522171231205,0.5005644881946507,0.0,0.018,0.0,0,0
697,1985-12-16,16.515873015873016,0,1,0,1,"oil,silver",,,,,1.62887407771892,0.4878890262753719,0.0,0.018,0.0,0,0
698,1985-12-19,16.52777777777778,1,1,1,0,"gas,gold,silver",134.22961028621214,4.8995518431668055,0.0,0.01,1.636694657152965,0.49267875512220094,0.0,0.018,0.0,0,0
699,1985-12-23,16.535714285714285,0,1,1,0,"gas,silver",,,,,1.6055775466268265,0.4734835339894199,0.0,0.018,0.0,0,0
700,1985-12-26,16.547619047619047,1,1,1,1,"gas,gold,oil,silver",135.95244618095523,4.912305164156436,0.0,0.01,1.6065831944133881,0.47410968436014667,0.0,0.018,0.0,0,0
701,1985-12-31,16.55952380952381,1,1,0,1,"gold,oil,silver",131.8051790157956,4.881324915801676,0.0,0.01,1.5634530394161834,0.44689686191379274,0.0,0.018,0.0,0,0
702,1986-01-03,16.571428571428573,1,1,1,1,"gas,gold,oil,silver",133.02180402469102,4.8905130548203255,0.0,0.01,1.5658085735818184,0.4484023510047346,0.0,0.018,0.0,0,0
703,1986-01-08,16.583333333333332,1,1,1,1,"gas,gold,oil,silver",134.79685899906036,4.9037688970128155,0.0,0.01,1.5209700126631696,0.4193482975424796,0.0,0.018,0.0,0,0
704,1986-01-13,16.595238095238095,1,1,1,0,"gas,gold,silver",136.13429674915582,4.913641874598993,0.0,0.01,1.5958726864699246,0.4674207254635381,0.0,0.018,0.0,0,0
705,1986-01-16,16.607142857142858,1,1,1,1,"gas,gold,oil,silver",135.7862941646044,4.911082283408219,0.0,0.01,1.5345315145970322,0.4282251322385682,0.0,0.018,0.0,0,0
706,1986-01-20,16.615079365079364,1,1,0,1,"gold,oil,silver",136.04484145421847,4.912984547966623,0.0,0.01,1.531791874129445,0.4264382096937034,0.0,0.018,0.0,0,0
707,1986-01-23,16.626984126984127,1,1,1,1,"gas,gold,oil,silver",135.7809415450469,4.911042863192122,0.0,0.01,1.4863890293217439,0.39634970834631345,0.0,0.018,0.0,0,0
708,1986-01-28,16.63888888888889,1,1,1,1,"gas,gold,oil,silver",137.74036994699063,4.92537053594851,0.0,0.01,1.570067928589067,0.4511188850414838,0.0,0.018,0.0,0,0
709,1988-05-13,19.011904761904763,1,1,1,1,"gas,gold,oil,silver",184.32252507884016,5.2166870768431615,0.0,0.01,1.729920890966776,0.5480756796992721,0.0,0.018,0.0,0,0
710,1988-05-18,19.023809523809526,1,0,1,0,"gas,gold",185.8321308226457,5.224843743735698,0.0,0.01,,,,,0.0,0,0
711,1988-05-23,19.035714285714285,1,1,0,1,"gold,oil,silver",187.54367051560092,5.234011727707816,0.0,0.01,1.7566930882941068,0.5634331145466838,0.0,0.018,0.0,0,0
712,1988-05-26,19.047619047619047,1,1,1,1,"gas,gold,oil,silver",193.4539836792847,5.265039673745476,0.0,0.01,1.8688281359481567,0.6253115691613795,0.0,0.018,0.0,0,0
713,1988-05-31,19.05952380952381,1,1,1,1,"gas,gold,oil,silver",194.7239712540784,5.271583023721462,0.0,0.01,1.8970302769077387,0.6402896512407661,0.0,0.018,0.0,0,0
714,1988-06-02,19.067460317460316,1,1,0,1,"gold,oil,silver",192.05329580638738,5.25777291583387,0.0,0.01,1.895770218682063,0.6396252038101673,0.0,0.018,0.0,0,0
715,1988-06-07,19.07936507936508,1,1,0,0,"gold,silver",188.39091427507776,5.238519135263218,0.0,0.01,1.839737119712336,0.609622691692487,0.0,0.018,0.0,0,0
716,1988-06-10,19.091269841269842,1,1,1,1,"gas,gold,oil,silver",187.14735473750304,5.231896299799587,0.0,0.01,1.800120891515772,0.5878538246000626,0.0,0.018,0.0,0,0
717,1988-06-15,19.103174603174605,1,1,1,1,"gas,gold,oil,silver",191.92537742483933,5.257106637234573,0.0,0.01,1.9207170467246728,0.6526985781559438,0.0,0.018,0.0,0,0
718,1988-06-20,19.115079365079364,1,1,1,1,"gas,gold,oil,silver",191.36517358225834,5.254183506257268,0.0,0.01,1.8913663791058672,0.6372995197755711,0.0,0.018,0.0,0,0
719,1988-06-23,19.126984126984127,1,1,1,1,"gas,gold,oil,silver",190.32186703483714,5.248716675923661,0.0,0.01,1.8456244137958169,0.6128176558977494,0.0,0.018,0.0,0,0
720,1988-06-28,19.13888888888889,1,1,1,0,"gas,gold,silver",192.5713425465998,5.260466695700369,0.0,0.01,1.9105411512588193,0.6473865271959123,0.0,0.018,0.0,0,0
721,1988-07-01,19.150793650793652,1,1,1,1,"gas,gold,oil,silver",194.89150436127233,5.272443015831656,0.0,0.01,1.8794567586819353,0.6309827769375014,0.0,0.018,0.0,0,0
722,1988-07-05,19.158730158730158,1,1,0,1,"gold,oil,silver",195.47335450821328,5.2754240760609035,0.0,0.01,1.8797722781603388,0.6311506408670742,0.0,0.018,0.0,0,0
723,1988-07-08,19.17063492063492,1,1,1,1,"gas,gold,oil,silver",194.4776478785234,5.270317235521543,0.0,0.01,1.868175940086031,0.6249625217129542,0.0,0.018,0.0,0,0
724,1988-07-13,19.182539682539684,1,1,1,1,"gas,gold,oil,silver",194.896094134202,5.272466565954582,0.0,0.01,1.8396099054488548,0.6095535412358097,0.0,0.018,0.0,0,0
725,1988-07-18,19.194444444444443,0,1,1,1,"gas,oil,silver",,,,,1.8475914812784486,0.6138828888678887,0.0,0.018,0.0,0,0
726,1988-07-21,19.206349206349206,1,1,1,0,"gas,gold,silver",196.02414516868726,5.278237841279457,0.0,0.01,1.8683988636726951,0.625081841463601,0.0,0.018,0.0,0,0
727,1988-07-26,19.21825396825397,1,1,1,1,"gas,gold,oil,silver",201.32432261424177,5.304917153037884,0.0,0.01,1.9333962608683466,0.6592781770795726,0.0,0.018,0.0,0,0
728,1988-07-29,19.23015873015873,1,1,1,1,"gas,gold,oil,silver",203.59954114644836,5.31615503097269,0.0,0.01,1.9544548394489116,0.6701113000483476,0.0,0.018,0.0,0,0
729,1988-08-02,19.238095238095237,1,1,0,1,"gold,oil,silver",204.77274608057283,5.321900808531533,0.0,0.01,1.980150209697163,0.6831727053123711,0.0,0.018,0.0,0,0
730,1988-08-05,19.25,1,1,1,1,"gas,gold,oil,silver",202.1976241364992,5.309245556450569,0.0,0.01,1.9789732973166856,0.6825781735110472,0.0,0.018,0.0,0,0
731,1988-08-10,19.261904761904763,1,1,0,0,"gold,silver",200.24451092290482,5.299539174451203,0.0,0.01,1.9907961875355964,0.6885346529590362,0.0,0.018,0.0,0,0
732,1988-08-15,19.273809523809526,1,1,1,1,"gas,gold,oil,silver",201.87015032772422,5.3076246705439605,0.0,0.01,1.9566058551042562,0.6712112655258564,0.0,0.018,0.0,0,0
733,1988-08-18,19.285714285714285,1,1,1,1,"gas,gold,oil,silver",202.91666442562473,5.312795374684541,0.0,0.01,2.048226961878158,0.716974522266612,0.0,0.018,0.0,0,0
734,1988-08-23,19.297619047619047,1,1,1,1,"gas,gold,oil,silver",207.17420332561971,5.333560001310166,0.0,0.01,2.079115384789141,0.731942507474877,0.0,0.018,0.0,0,0
735,1988-08-26,19.30952380952381,1,1,0,1,"gold,oil,silver",203.86158924213217,5.317441279462515,0.0,0.01,2.0248542353602645,0.7054977154294944,0.0,0.018,0.0,0,0
736,1988-08-31,19.321428571428573,1,1,1,1,"gas,gold,oil,silver",204.46494750143168,5.320396554930223,0.0,0.01,2.042118620472705,0.7139878083945241,0.0,0.018,0.0,0,0
737,1988-09-02,19.32936507936508,1,1,1,1,"gas,gold,oil,silver",199.38408323491575,5.295233031046382,0.0,0.01,1.9987789870388495,0.6925364876444049,0.0,0.018,0.0,0,0
738,1988-09-07,19.341269841269842,0,1,1,1,"gas,oil,silver",,,,,2.1112952110771563,0.7473016032751387,0.0,0.018,0.0,0,0
739,1988-09-12,19.353174603174605,1,1,0,1,"gold,oil,silver",196.25727806060317,5.279426441633986,0.0,0.01,2.029300610133544,0.7076912066628134,0.0,0.018,0.0,0,0
740,1988-09-15,19.365079365079364,0,1,0,0,silver,,,,,2.0590492245150585,0.7222443347608842,0.0,0.018,0.0,0,0
741,1988-09-20,19.376984126984127,1,1,1,1,"gas,gold,oil,silver",198.44042395028762,5.290488923846045,0.0,0.01,2.072103313713204,0.7285641849848739,0.0,0.018,0.0,0,0
742,1988-09-23,19.38888888888889,1,1,1,1,"gas,gold,oil,silver",194.23954241023435,5.269092152072613,0.0,0.01,2.048767619783627,0.717238451299385,0.0,0.018,0.0,0,0
743,1988-09-28,19.400793650793652,1,0,1,1,"gas,gold,oil",190.81475811479197,5.2513031046329575,0.0,0.01,,,,,0.0,0,0
744,1988-10-03,19.41269841269841,1,1,1,1,"gas,gold,oil,silver",193.6421914407514,5.2660120820945835,0.0,0.01,2.058473579160682,0.7219647271494278,0.0,0.018,0.0,0,0
745,1988-10-05,19.42063492063492,1,1,1,1,"gas,gold,oil,silver",197.7966655491186,5.287239561357533,0.0,0.01,2.151373373863844,0.766106416748722,0.0,0.018,0.0,0,0
746,1988-10-10,19.432539682539684,1,1,1,1,"gas,gold,oil,silver",196.67836576969,5.281569733426902,0.0,0.01,2.1353223620472153,0.7586176245321397,0.0,0.018,0.0,0,0
747,1988-10-13,19.444444444444443,1,1,1,1,"gas,gold,oil,silver",199.0775102412403,5.293694247589265,0.0,0.01,2.1520762889892873,0.7664330919450242,0.0,0.018,0.0,0,0
748,1988-10-18,19.456349206349206,0,1,1,1,"gas,oil,silver",,,,,2.1064993079752843,0.745027473918145,0.0,0.018,0.0,0,0
749,1988-10-21,19.46825396825397,0,1,1,1,"gas,oil,silver",,,,,2.0499154131071458,0.717798530400068,0.0,0.018,0.0,0,0
750,1988-10-26,19.48015873015873,1,1,1,1,"gas,gold,oil,silver",190.67211354323098,5.250555269838072,0.0,0.01,2.097558282676856,0.7407739457082723,0.0,0.018,0.0,0,0
751,1988-10-31,19.49206349206349,0,1,1,1,"gas,oil,silver",,,,,2.2001688224570306,0.7885340949005687,0.0,0.018,0.0,0,0
752,1988-11-03,19.503968253968253,1,0,1,1,"gas,gold,oil",188.01248251401833,5.23650835697697,0.0,0.01,,,,,0.0,0,0
753,1988-11-07,19.511904761904763,1,1,1,1,"gas,gold,oil,silver",182.11644676288603,5.204646299859416,0.0,0.01,2.080338246776771,0.7325304991349266,0.0,0.018,0.0,0,0
754,1988-11-10,19.523809523809526,1,1,1,1,"gas,gold,oil,silver",182.42162694458034,5.206320639386621,0.0,0.01,2.072910613368319,0.7289537130682648,0.0,0.018,0.0,0,0
755,1988-11-15,19.535714285714285,0,1,1,1,"gas,oil,silver",,,,,2.038461592623533,0.7121954021006747,0.0,0.018,0.0,0,0
756,1988-11-18,19.547619047619047,1,1,1,1,"gas,gold,oil,silver",188.04482448261714,5.236680362509515,0.0,0.01,2.1751520562642943,0.7770985730231049,0.0,0.018,0.0,0,0
757,1988-11-23,19.55952380952381,1,1,1,1,"gas,gold,oil,silver",186.9940988268745,5.231077059281114,0.0,0.01,2.197211708914259,0.7871891514882675,0.0,0.018,0.0,0,0
758,1988-11-28,19.571428571428573,1,1,0,1,"gold,oil,silver",184.5315282698048,5.217820333812607,0.0,0.01,2.1862919854602887,0.7822069514934501,0.0,0.018,0.0,0,0
759,1988-12-01,19.583333333333332,1,1,1,0,"gas,gold,silver",181.3584314787031,5.200475357500113,0.0,0.01,2.109096204439488,0.7462595165963612,0.0,0.018,0.0,0,0
760,1988-12-05,19.591269841269842,1,1,1,1,"gas,gold,oil,silver",180.51715955521533,5.195825840042271,0.0,0.01,2.085623563748651,0.7350678818801242,0.0,0.018,0.0,0,0
761,1988-12-08,19.603174603174605,1,1,1,1,"gas,gold,oil,silver",178.68452830847832,5.185621839281649,0.0,0.01,2.0513639089950813,0.7185048933831286,0.0,0.018,0.0,0,0
762,1988-12-13,19.615079365079364,1,1,1,1,"gas,gold,oil,silver",177.86009198514643,5.1809972411486145,0.0,0.01,2.0492189990589504,0.7174587444916924,0.0,0.018,0.0,0,0
763,1988-12-16,19.626984126984127,1,1,1,1,"gas,gold,oil,silver",175.65342324253515,5.1685128675201355,0.0,0.01,1.9980226979843128,0.6921580405143424,0.0,0.018,0.0,0,0
764,1988-12-21,19.63888888888889,1,1,1,1,"gas,gold,oil,silver",176.20753953718616,5.171662502241487,0.0,0.01,2.0386996735998095,0.7123121897188243,0.0,0.018,0.0,0,0
765,1988-12-26,19.650793650793652,1,1,1,0,"gas,gold,silver",168.81219485664985,5.128786823963788,0.0,0.01,1.9474999832338378,0.666546490153697,0.0,0.018,0.0,0,0
766,1988-12-29,19.66269841269841,1,1,1,1,"gas,gold,oil,silver",171.35637454334906,5.143745449515713,0.0,0.01,1.9693595666076278,0.6777083968031077,0.0,0.018,0.0,0,0
767,1989-01-03,19.674603174603174,1,1,1,1,"gas,gold,oil,silver",167.3396969009311,5.120025859588957,0.0,0.01,1.856346093941205,0.6186100900087412,0.0,0.018,0.0,0,0
768,1989-01-05,19.682539682539684,0,0,0,1,oil,,,,,,,,,0.0,0,0
769,1989-01-10,19.694444444444443,1,0,1,0,"gas,gold",165.44498354655406,5.108638713850866,0.0,0.01,,,,,0.0,0,0
770,1989-01-13,19.706349206349206,1,0,1,1,"gas,gold,oil",165.4768555721276,5.108831339552192,0.0,0.01,,,,,0.0,0,0
771,1989-01-18,19.71825396825397,1,1,1,1,"gas,gold,oil,silver",164.40503561218833,5.102333112397438,0.0,0.01,1.829390378478162,0.6039827848397008,0.0,0.018,0.0,0,0
772,1989-01-23,19.73015873015873,1,1,1,0,"gas,gold,silver",164.93317065698176,5.105540365533943,0.0,0.01,1.8168148674225917,0.5970848950774634,0.0,0.018,0.0,0,0
773,1989-01-26,19.74206349206349,1,1,0,0,"gold,silver",167.6020900075979,5.121592658182628,0.0,0.01,1.884996616180805,0.6339260257688164,0.0,0.018,0.0,0,0
774,1989-01-31,19.753968253968253,1,1,1,0,"gas,gold,silver",170.84793848888387,5.140773912283551,0.0,0.01,1.9425833856923649,0.6640187293356847,0.0,0.018,0.0,0,0
775,1989-02-03,19.765873015873016,0,1,1,1,"gas,oil,silver",,,,,1.982358431453299,0.6842872628741128,0.0,0.018,0.0,0,0
776,1989-02-07,19.773809523809526,1,1,1,1,"gas,gold,oil,silver",169.545905582657,5.133123719549051,0.0,0.01,1.9646584932973543,0.6753184354575492,0.0,0.018,0.0,0,0
777,1989-02-10,19.785714285714285,1,1,1,0,"gas,gold,silver",172.64492410864077,5.151237023511785,0.0,0.01,2.0463719678710315,0.7160684534838768,0.0,0.018,0.0,0,0
778,1989-02-15,19.797619047619047,1,1,1,1,"gas,gold,oil,silver",171.8268611467951,5.146487348590474,0.0,0.01,2.0006352003179213,0.6934647302946517,0.0,0.018,0.0,0,0
779,1989-02-20,19.80952380952381,1,1,1,1,"gas,gold,oil,silver",172.36767012776286,5.1496298123827335,0.0,0.01,2.029692635951314,0.7078843707284928,0.0,0.018,0.0,0,0
780,1991-08-02,22.345238095238095,1,1,1,1,"gas,gold,oil,silver",199.5242253107165,5.295935659086782,0.0,0.01,2.6381069939896786,0.9700616122253601,0.0,0.018,0.0,0,0
781,1991-08-07,22.357142857142858,1,1,1,1,"gas,gold,oil,silver",201.78313226223557,5.307193518014848,0.0,0.01,2.6597874292198904,0.9782462057732189,0.0,0.018,0.0,0,0
782,1991-08-12,22.36904761904762,1,1,0,1,"gold,oil,silver",202.54270620999563,5.310950759175574,0.0,0.01,2.632515076706979,0.9679396921537452,0.0,0.018,0.0,0,0
783,1991-08-14,22.376984126984127,1,1,1,1,"gas,gold,oil,silver",202.21102544548634,5.3093118325255535,0.0,0.01,2.6515538058136485,0.9751458099834037,0.0,0.018,0.0,0,0
784,1991-08-19,22.38888888888889,1,0,1,1,"gas,gold,oil",199.9891638712737,5.298263184436581,0.0,0.01,,,,,0.0,0,0
785,1991-08-22,22.400793650793652,0,1,1,1,"gas,oil,silver",,,,,2.5271380236126917,0.9270874464683583,0.0,0.018,0.0,0,0
786,1991-08-27,22.41269841269841,1,0,1,0,"gas,gold",192.63785805593946,5.260812043162978,0.0,0.01,,,,,0.0,0,0
787,1991-08-30,22.424603174603174,1,1,1,1,"gas,gold,oil,silver",186.0474100147145,5.226001533785842,0.0,0.01,2.3475220715734726,0.8533603342173046,0.0,0.018,0.0,0,0
788,1991-09-04,22.436507936507937,1,1,1,1,"gas,gold,oil,silver",184.8388274535152,5.219484242406502,0.0,0.01,2.29792260891066,0.8320055012748921,0.0,0.018,0.0,0,0
789,1991-09-09,22.4484126984127,0,0,1,1,"gas,oil",,,,,,,,,0.0,0,0
790,1991-09-12,22.46031746031746,1,1,1,1,"gas,gold,oil,silver",182.7739786862668,5.208250300344136,0.0,0.01,2.3184673357353507,0.8409063362167508,0.0,0.018,0.0,0,0
791,1991-09-16,22.46825396825397,1,0,1,1,"gas,gold,oil",182.94728266532718,5.209198038473398,0.0,0.01,,,,,0.0,0,0
792,1991-09-19,22.48015873015873,1,1,1,0,"gas,gold,silver",184.60175829397096,5.218200846909474,0.0,0.01,2.412884020393661,0.8808227210010884,0.0,0.018,0.0,0,0
793,1991-09-24,22.49206349206349,1,0,1,1,"gas,gold,oil",185.51950173082236,5.223160007146032,0.0,0.01,,,,,0.0,0,0
794,1991-09-27,22.503968253968253,1,0,0,0,gold,189.7398389632812,5.245653865241282,0.0,0.01,,,,,0.0,0,0
795,1991-10-02,22.515873015873016,1,1,1,1,"gas,gold,oil,silver",193.9389535961683,5.267543437358948,0.0,0.01,2.5691651612831605,0.9435810061675557,0.0,0.018,0.0,0,0
796,1991-10-07,22.52777777777778,0,1,1,1,"gas,oil,silver",,,,,2.409523802972542,0.8794291358510913,0.0,0.018,0.0,0,0
797,1991-10-10,22.53968253968254,0,1,0,0,silver,,,,,2.4483087227359803,0.8953974689273512,0.0,0.018,0.0,0,0
798,1991-10-15,22.5515873015873,1,1,0,1,"gold,oil,silver",190.1828800735535,5.247986135931605,0.0,0.01,2.486937107178153,0.9110518758718922,0.0,0.018,0.0,0,0
799,1991-10-17,22.55952380952381,1,0,1,1,"gas,gold,oil",187.25908005544508,5.232493112839513,0.0,0.01,,,,,0.0,0,0
800,1991-10-22,22.571428571428573,1,1,0,1,"gold,oil,silver",186.11752951532745,5.226378353276314,0.0,0.01,2.3322962110144623,0.846853280582444,0.0,0.018,0.0,0,0
801,1991-10-25,22.583333333333332,1,1,1,1,"gas,gold,oil,silver",189.59339601591225,5.2448817580746,0.0,0.01,2.396094959880112,0.8738403121390146,0.0,0.018,0.0,0,0
802,1991-10-30,22.595238095238095,1,1,1,1,"gas,gold,oil,silver",189.66057495751926,5.245236026968013,0.0,0.01,2.3999162938624794,0.8754338591883635,0.0,0.018,0.0,0,0
803,1991-11-04,22.607142857142858,1,1,1,0,"gas,gold,silver",190.13294753882167,5.247723551356399,0.0,0.01,2.4056391251220606,0.87781561674435,0.0,0.018,0.0,0,0
804,1991-11-07,22.61904761904762,1,1,1,1,"gas,gold,oil,silver",190.67475370467832,5.250569116347243,0.0,0.01,2.4515740076139063,0.8967302703599491,0.0,0.018,0.0,0,0
805,1991-11-12,22.63095238095238,0,1,1,1,"gas,oil,silver",,,,,2.406113500638176,0.8780127904374087,0.0,0.018,0.0,0,0
806,1991-11-15,22.642857142857142,0,1,1,1,"gas,oil,silver",,,,,2.399217483541677,0.875142635664222,0.0,0.018,0.0,0,0
807,1991-11-19,22.650793650793652,1,1,1,1,"gas,gold,oil,silver",190.46202379626726,5.249452824543045,0.0,0.01,2.387683034795054,0.8703234542227345,0.0,0.018,0.0,0,0
808,1991-11-22,22.66269841269841,0,0,1,1,"gas,oil",,,,,,,,,0.0,0,0
809,1991-11-27,22.674603174603174,1,1,1,1,"gas,gold,oil,silver",189.13481061939666,5.242460044494237,0.0,0.01,2.413755168287573,0.881183695944239,0.0,0.018,0.0,0,0
810,1991-12-02,22.686507936507937,1,1,1,0,"gas,gold,silver",187.2083439619764,5.232222135496625,0.0,0.01,2.375350208148646,0.8651448826786157,0.0,0.018,0.0,0,0
811,1991-12-05,22.6984126984127,1,1,1,1,"gas,gold,oil,silver",183.94569296937152,5.214640567138976,0.0,0.01,2.2489643591592126,0.8104698254346272,0.0,0.018,0.0,0,0
812,1991-12-10,22.71031746031746,1,1,1,1,"gas,gold,oil,silver",183.60649718697385,5.212794865288875,0.0,0.01,2.1829950396719657,0.7806978053123466,0.0,0.018,0.0,0,0
813,1991-12-13,22.72222222222222,0,1,0,1,"oil,silver",,,,,2.237033788130833,0.8051507866097645,0.0,0.018,0.0,0,0
814,1991-12-17,22.73015873015873,1,1,1,1,"gas,gold,oil,silver",182.0291382665172,5.204166774627579,0.0,0.01,2.150932430810847,0.7659014368730184,0.0,0.018,0.0,0,0
815,1991-12-20,22.74206349206349,1,0,1,1,"gas,gold,oil",186.7694356933328,5.22987489192208,0.0,0.01,,,,,0.0,0,0
816,1991-12-25,22.753968253968253,1,1,1,1,"gas,gold,oil,silver",198.18964590972064,5.28922437991435,0.0,0.01,2.574058629772896,0.9454838866040751,0.0,0.018,0.0,0,0
817,1991-12-30,22.765873015873016,0,1,0,0,silver,,,,,2.606266233756838,0.957918635325178,0.0,0.018,0.0,0,0
818,1992-01-02,22.77777777777778,0,1,1,0,"gas,silver",,,,,2.529006920457427,0.9278267041243478,0.0,0.018,0.0,0,0
819,1992-01-07,22.78968253968254,1,1,1,1,"gas,gold,oil,silver",193.60737262062798,5.265832255835506,0.0,0.01,2.517541447100298,0.9232828090700114,0.0,0.018,0.0,0,0
820,1992-01-10,22.8015873015873,1,1,0,1,"gold,oil,silver",196.3874116747174,5.280089298523592,0.0,0.01,2.576033492031288,0.9462508097225286,0.0,0.018,0.0,0,0
821,1992-01-15,22.813492063492063,0,1,1,1,"gas,oil,silver",,,,,2.5092482474001816,0.9199832052558872,0.0,0.018,0.0,0,0
822,1992-01-17,22.821428571428573,1,1,0,1,"gold,oil,silver",197.24788517457486,5.284461238120091,0.0,0.01,2.536398908116027,0.9307453223579296,0.0,0.018,0.0,0,0
823,1992-01-22,22.833333333333332,0,1,1,1,"gas,oil,silver",,,,,2.481790898996982,0.90898043625398,0.0,0.018,0.0,0,0
824,1992-01-27,22.845238095238095,1,1,1,1,"gas,gold,oil,silver",192.42164734636606,5.259689044097834,0.0,0.01,2.4351592093039893,0.8900121380948691,0.0,0.018,0.0,0,0
825,1992-01-30,22.857142857142858,1,0,0,1,"gold,oil",191.33434193127871,5.254022379055396,0.0,0.01,,,,,0.0,0,0
826,1992-02-04,22.86904761904762,1,1,1,1,"gas,gold,oil,silver",185.7785845355555,5.224555558894692,0.0,0.01,2.405900658981042,0.8779243278310185,0.0,0.018,0.0,0,0
827,1992-02-07,22.88095238095238,1,1,1,1,"gas,gold,oil,silver",184.97469202922974,5.220219015878372,0.0,0.01,2.330417929089521,0.8460476202009148,0.0,0.018,0.0,0,0
828,1992-02-12,22.892857142857142,1,1,1,1,"gas,gold,oil,silver",184.72636018025182,5.218875595918691,0.0,0.01,2.2687264199776855,0.8192186255787468,0.0,0.018,0.0,0,0
829,1992-02-17,22.904761904761905,1,1,1,0,"gas,gold,silver",185.23112600024555,5.22160437504638,0.0,0.01,2.2065053002328017,0.7914099518241953,0.0,0.018,0.0,0,0
830,1992-02-19,22.91269841269841,0,1,0,0,silver,,,,,2.149550475676894,0.7652587391985608,0.0,0.018,0.0,0,0
831,1992-02-24,22.924603174603174,0,1,1,1,"gas,oil,silver",,,,,2.18402970130228,0.7811716572875673,0.0,0.018,0.0,0,0
832,1992-02-27,22.936507936507937,0,1,1,1,"gas,oil,silver",,,,,2.1406217672206886,0.7610963322638389,0.0,0.018,0.0,0,0
833,1992-03-03,22.9484126984127,1,1,1,1,"gas,gold,oil,silver",186.70923217314223,5.229552498565287,0.0,0.01,2.213986504919149,0.7947947389287306,0.0,0.018,0.0,0,0
834,1992-03-06,22.96031746031746,1,0,1,1,"gas,gold,oil",180.06627241690668,5.193324963222477,0.0,0.01,,,,,0.0,0,0
835,1993-01-06,23.825396825396826,1,1,0,1,"gold,oil,silver",168.27049543702088,5.125572776482,0.0,0.01,1.8887524903513369,0.6359165531221889,0.0,0.018,0.0,0,0
836,1993-01-11,23.83730158730159,1,0,1,1,"gas,gold,oil",165.16208897596397,5.106927349133373,0.0,0.01,,,,,0.0,0,0
837,1993-01-13,23.845238095238095,0,1,0,0,silver,,,,,1.889026437690655,0.6360615840226287,0.0,0.018,0.0,0,0
838,1993-01-18,23.857142857142858,1,1,1,1,"gas,gold,oil,silver",166.03394711558195,5.112192268145403,0.0,0.01,1.9225339333640419,0.6536440728863864,0.0,0.018,0.0,0,0
839,1993-01-21,23.86904761904762,1,1,0,1,"gold,oil,silver",162.21889580040408,5.088946631815951,0.0,0.01,1.8370304071215229,0.6081503586934498,0.0,0.018,0.0,0,0
840,1993-01-26,23.88095238095238,1,1,1,1,"gas,gold,oil,silver",162.87308882473178,5.092971301376053,0.0,0.01,1.8446062117988427,0.6122658193725463,0.0,0.018,0.0,0,0
841,1993-01-29,23.892857142857142,1,1,1,1,"gas,gold,oil,silver",163.56296172476272,5.097198003211945,0.0,0.01,1.8866708013579365,0.6348137950770556,0.0,0.018,0.0,0,0
842,1993-02-03,23.904761904761905,1,1,1,1,"gas,gold,oil,silver",164.52619212615252,5.103069780182229,0.0,0.01,1.8705190245384058,0.6262159455848175,0.0,0.018,0.0,0,0
843,1993-02-08,23.916666666666668,1,1,1,1,"gas,gold,oil,silver",164.10562278308998,5.1005102618788705,0.0,0.01,1.8802295240578377,0.6313938566546216,0.0,0.018,0.0,0,0
844,1993-02-11,23.928571428571427,1,1,1,1,"gas,gold,oil,silver",163.59815339379708,5.097413136780966,0.0,0.01,1.8940660114735812,0.6387258470992936,0.0,0.018,0.0,0,0
845,1993-02-15,23.936507936507937,0,1,1,1,"gas,oil,silver",,,,,1.8993006285896494,0.6414857281945885,0.0,0.018,0.0,0,0
846,1993-02-18,23.9484126984127,1,1,0,1,"gold,oil,silver",160.24448729858608,5.076700694576216,0.0,0.01,1.8014724788029097,0.588604374266066,0.0,0.018,0.0,0,0
847,1993-02-23,23.96031746031746,1,1,0,1,"gold,oil,silver",164.16837508583467,5.100892578504107,0.0,0.01,1.901849919351697,0.6428270542547427,0.0,0.018,0.0,0,0
848,1993-02-26,23.97222222222222,1,1,1,1,"gas,gold,oil,silver",165.64327347483913,5.109836521068657,0.0,0.01,1.9286154024472777,0.6568023373980842,0.0,0.018,0.0,0,0
849,1993-03-03,23.984126984126984,1,1,1,1,"gas,gold,oil,silver",167.68070177943005,5.122061586354299,0.0,0.01,1.9144864138614814,0.6494493954678706,0.0,0.018,0.0,0,0
850,1993-03-08,23.996031746031747,1,0,1,1,"gas,gold,oil",165.76179026437754,5.11055175935291,0.0,0.01,,,,,0.0,0,0
851,1993-03-11,24.00793650793651,1,1,1,1,"gas,gold,oil,silver",164.62160348722884,5.103649528034229,0.0,0.01,1.7955281095890026,0.5852991901387312,0.0,0.018,0.0,0,0
852,1993-03-16,24.01984126984127,1,1,1,1,"gas,gold,oil,silver",155.54964487852655,5.046964940335746,0.0,0.01,1.6079562400037102,0.47496395645842804,0.0,0.018,0.0,0,0
853,1993-03-18,24.02777777777778,1,1,0,1,"gold,oil,silver",153.79235528158594,5.0356033502548145,0.0,0.01,1.6040138973372702,0.4725091735821445,0.0,0.018,0.0,0,0
854,1993-03-23,24.03968253968254,1,1,1,1,"gas,gold,oil,silver",154.4757662554193,5.040037231319394,0.0,0.01,1.6061486286080486,0.47383915707562463,0.0,0.018,0.0,0,0
855,1993-03-26,24.0515873015873,1,1,1,1,"gas,gold,oil,silver",153.5815602193084,5.034231762851371,0.0,0.01,1.6407168465297393,0.49513324787757984,0.0,0.018,0.0,0,0
856,1993-03-31,24.063492063492063,1,1,1,1,"gas,gold,oil,silver",158.96112059743825,5.068659647774817,0.0,0.01,1.6723301794987517,0.5142179709435006,0.0,0.018,0.0,0,0
857,1993-04-05,24.075396825396826,0,1,1,0,"gas,silver",,,,,1.7303456281299112,0.5483211736015043,0.0,0.018,0.0,0,0
858,1993-04-08,24.08730158730159,1,1,1,0,"gas,gold,silver",165.8929294666573,5.111342577039573,0.0,0.01,1.7317037910874968,0.5491057742023624,0.0,0.018,0.0,0,0
859,1993-04-13,24.099206349206348,1,1,1,1,"gas,gold,oil,silver",173.60320075549512,5.1567722395879345,0.0,0.01,1.8202221391160749,0.5989585481000463,0.0,0.018,0.0,0,0
860,1993-04-15,24.107142857142858,1,1,1,1,"gas,gold,oil,silver",178.48073927185845,5.184480692158832,0.0,0.01,1.8948899118384115,0.6391607428301975,0.0,0.018,0.0,0,0
861,1993-04-20,24.11904761904762,0,1,1,1,"gas,oil,silver",,,,,1.885911479253406,0.6344112474010584,0.0,0.018,0.0,0,0
862,1993-04-23,24.13095238095238,1,1,1,1,"gas,gold,oil,silver",178.13637165460128,5.1825493898531105,0.0,0.01,1.9194148052675346,0.6520203506589473,0.0,0.018,0.0,0,0
863,1993-04-28,24.142857142857142,1,1,1,1,"gas,gold,oil,silver",181.53752312928555,5.2014623713416706,0.0,0.01,1.9336259831897014,0.6593969880442512,0.0,0.018,0.0,0,0
864,1993-05-03,24.154761904761905,1,0,1,1,"gas,gold,oil",179.92973904204467,5.19256643603294,0.0,0.01,,,,,0.0,0,0
865,1993-05-06,24.166666666666668,1,1,0,1,"gold,oil,silver",175.78723970375987,5.16927439845153,0.0,0.01,1.826984878543204,0.6026670007021784,0.0,0.018,0.0,0,0
866,1993-05-11,24.178571428571427,1,1,0,0,"gold,silver",173.91710142176387,5.158578757075806,0.0,0.01,1.7802843715091845,0.5767731108186627,0.0,0.018,0.0,0,0
867,1993-05-14,24.19047619047619,1,0,1,0,"gas,gold",171.29068455175147,5.143362022950921,0.0,0.01,,,,,0.0,0,0
868,1993-05-18,24.1984126984127,1,1,1,1,"gas,gold,oil,silver",168.90697154445672,5.129348099128031,0.0,0.01,1.7364997324552993,0.5518714391307442,0.0,0.018,0.0,0,0
869,1993-05-21,24.21031746031746,1,1,1,1,"gas,gold,oil,silver",173.41731428994194,5.155700911091358,0.0,0.01,1.8061509871398058,0.5911980545676971,0.0,0.018,0.0,0,0
870,1993-05-26,24.22222222222222,1,1,1,1,"gas,gold,oil,silver",171.56784392948373,5.144978779805897,0.0,0.01,1.835208139613386,0.6071579026563385,0.0,0.018,0.0,0,0
871,1993-05-31,24.234126984126984,0,1,1,1,"gas,oil,silver",,,,,1.8690051188985657,0.6254062673132095,0.0,0.018,0.0,0,0
872,1993-06-03,24.246031746031747,0,1,1,0,"gas,silver",,,,,1.8193696033818376,0.5984900693199267,0.0,0.018,0.0,0,0
873,1993-06-08,24.25793650793651,1,1,1,1,"gas,gold,oil,silver",174.02447553137426,5.159195953295695,0.0,0.01,1.7961714263077104,0.5856574142714337,0.0,0.018,0.0,0,0
874,1993-06-11,24.26984126984127,0,1,1,1,"gas,oil,silver",,,,,1.872428234690794,0.6272361097419599,0.0,0.018,0.0,0,0
875,1993-06-16,24.28174603174603,1,1,1,1,"gas,gold,oil,silver",173.47144322731123,5.156012993490315,0.0,0.01,1.8712828646804966,0.6266242195529834,0.0,0.018,0.0,0,0
876,1993-06-18,24.28968253968254,1,1,1,1,"gas,gold,oil,silver",170.07653797931627,5.136248559137856,0.0,0.01,1.8462894373574228,0.6131779154247103,0.0,0.018,0.0,0,0
877,1993-06-23,24.3015873015873,1,1,1,1,"gas,gold,oil,silver",171.45764767623987,5.144336283783116,0.0,0.01,1.906275627016429,0.6451514049639688,0.0,0.018,0.0,0,0
878,1993-06-28,24.313492063492063,1,1,1,1,"gas,gold,oil,silver",169.00608955957483,5.129934747170797,0.0,0.01,1.8097024914957471,0.5931624624282479,0.0,0.018,0.0,0,0
879,1993-07-01,24.325396825396826,1,1,0,0,"gold,silver",169.61526240108594,5.133532709881335,0.0,0.01,1.8276496848480386,0.6030308161812017,0.0,0.018,0.0,0,0
880,1993-07-06,24.33730158730159,1,1,1,0,"gas,gold,silver",169.22511645040797,5.131229878533941,0.0,0.01,1.7857405761714207,0.5798332178005605,0.0,0.018,0.0,0,0
881,1993-07-09,24.349206349206348,1,1,1,1,"gas,gold,oil,silver",171.59711720549248,5.145149387410957,0.0,0.01,1.8133171538632296,0.5951578496580403,0.0,0.018,0.0,0,0
882,1993-07-14,24.36111111111111,1,1,1,1,"gas,gold,oil,silver",168.4588079012993,5.126691256412573,0.0,0.01,1.78971957992655,0.5820589483214096,0.0,0.018,0.0,0,0
883,1993-07-19,24.373015873015873,0,1,1,0,"gas,silver",,,,,1.8094105323375709,0.5930011194931768,0.0,0.018,0.0,0,0
884,1993-07-21,24.38095238095238,1,1,1,0,"gas,gold,silver",165.62919930717462,5.109751550726541,0.0,0.01,1.7387691868916846,0.5531774990712297,0.0,0.018,0.0,0,0
885,1993-07-26,24.392857142857142,0,1,1,1,"gas,oil,silver",,,,,1.8136500111762894,0.5953413954685471,0.0,0.018,0.0,0,0
886,1993-07-29,24.404761904761905,1,1,1,1,"gas,gold,oil,silver",169.0932591847078,5.13045039221648,0.0,0.01,1.8044883653440638,0.5902770975011251,0.0,0.018,0.0,0,0
887,1993-08-03,24.416666666666668,0,1,1,0,"gas,silver",,,,,1.797245002597352,0.5862549382950608,0.0,0.018,0.0,0,0
888,1993-08-06,24.428571428571427,0,1,1,1,"gas,oil,silver",,,,,1.787563340454774,0.5808534301776671,0.0,0.018,0.0,0,0
889,1993-08-11,24.44047619047619,1,1,0,0,"gold,silver",169.24898338360362,5.131370905178207,0.0,0.01,1.8167493627077471,0.5970488397275628,0.0,0.018,0.0,0,0
890,1993-08-16,24.452380952380953,1,1,1,1,"gas,gold,oil,silver",172.40226265073161,5.1498304825676655,0.0,0.01,1.8843388253372584,0.6335770035815211,0.0,0.018,0.0,0,0
891,1993-08-18,24.46031746031746,1,1,1,1,"gas,gold,oil,silver",172.91398215722046,5.15279425788238,0.0,0.01,1.9586451002490377,0.6722529588182857,0.0,0.018,0.0,0,0
892,1993-08-23,24.47222222222222,1,1,1,1,"gas,gold,oil,silver",173.3931519083747,5.1555615705352835,0.0,0.01,1.9236646235531176,0.6542320249668188,0.0,0.018,0.0,0,0
893,1993-08-26,24.484126984126984,1,1,1,0,"gas,gold,silver",170.35663325987278,5.13789408235605,0.0,0.01,1.9040184908522118,0.6439666479040604,0.0,0.018,0.0,0,0
894,1993-08-31,24.496031746031747,1,1,1,1,"gas,gold,oil,silver",171.63355435828046,5.145361706157174,0.0,0.01,1.9621755283536557,0.674053821134196,0.0,0.018,0.0,0,0
895,1993-09-03,24.50793650793651,1,1,1,1,"gas,gold,oil,silver",168.35863597430426,5.1260964420300645,0.0,0.01,1.8454856691915913,0.6127424781863446,0.0,0.018,0.0,0,0
896,1993-09-08,24.51984126984127,0,0,1,0,gas,,,,,,,,,0.0,0,0
897,1993-09-13,24.53174603174603,1,1,1,1,"gas,gold,oil,silver",170.65025882889324,5.13961619207523,0.0,0.01,1.8707273165914717,0.6263272946029195,0.0,0.018,0.0,0,0
898,1993-09-16,24.543650793650794,1,1,1,1,"gas,gold,oil,silver",169.33946077148488,5.131905343914062,0.0,0.01,1.8613738550074692,0.621314846795396,0.0,0.018,0.0,0,0
899,1993-09-20,24.5515873015873,1,1,0,0,"gold,silver",169.19738794510303,5.131066009376265,0.0,0.01,1.847215333154483,0.6136792797786146,0.0,0.018,0.0,0,0
900,1993-09-23,24.563492063492063,1,1,1,0,"gas,gold,silver",171.95890489680752,5.147255523247763,0.0,0.01,1.853172673810298,0.6168991290438595,0.0,0.018,0.0,0,0
901,1993-09-28,24.575396825396826,0,0,1,1,"gas,oil",,,,,,,,,0.0,0,0
902,1993-10-01,24.58730158730159,0,1,1,1,"gas,oil,silver",,,,,1.8655058687100639,0.6235322595921458,0.0,0.018,0.0,0,0
903,1993-10-06,24.599206349206348,1,1,1,1,"gas,gold,oil,silver",176.98632201257956,5.176072452822739,0.0,0.01,1.8150246712181346,0.5960990605820806,0.0,0.018,0.0,0,0
904,1993-10-11,24.61111111111111,1,0,1,1,"gas,gold,oil",176.28900339484915,5.172124713067362,0.0,0.01,,,,,0.0,0,0
905,1993-10-14,24.623015873015873,0,1,1,1,"gas,oil,silver",,,,,1.855126348700605,0.6179528062469117,0.0,0.018,0.0,0,0
906,1993-10-19,24.634920634920636,1,1,1,1,"gas,gold,oil,silver",180.28047401818955,5.194513827163286,0.0,0.01,1.888834140116884,0.6359597816559313,0.0,0.018,0.0,0,0
907,1993-10-21,24.642857142857142,1,0,1,1,"gas,gold,oil",178.77939360178618,5.186152607785659,0.0,0.01,,,,,0.0,0,0
908,1993-10-26,24.654761904761905,0,1,1,1,"gas,oil,silver",,,,,2.0307655415981913,0.7084128360518294,0.0,0.018,0.0,0,0
909,1993-10-29,24.666666666666668,1,1,1,0,"gas,gold,silver",195.45836314403655,5.275347380497422,0.0,0.01,2.119404209023449,0.7511350157071075,0.0,0.018,0.0,0,0
910,1993-11-03,24.678571428571427,1,1,1,1,"gas,gold,oil,silver",193.2797491277716,5.264138616772572,0.0,0.01,2.056893375673384,0.7211967744578203,0.0,0.018,0.0,0,0
911,1993-11-08,24.69047619047619,1,1,1,1,"gas,gold,oil,silver",188.17740077931035,5.237385139065916,0.0,0.01,1.9306919455996456,0.6578784596995704,0.0,0.018,0.0,0,0
912,1993-11-11,24.702380952380953,1,1,1,1,"gas,gold,oil,silver",183.9054111715764,5.214421555710152,0.0,0.01,1.9010105391032002,0.642385607469462,0.0,0.018,0.0,0,0
913,1993-11-16,24.714285714285715,0,0,1,1,"gas,oil",,,,,,,,,0.0,0,0
914,1993-11-18,24.72222222222222,1,1,1,1,"gas,gold,oil,silver",180.60214744442354,5.196296531523618,0.0,0.01,1.915597988688588,0.6500298395215711,0.0,0.018,0.0,0,0
915,1993-11-23,24.734126984126984,0,1,1,1,"gas,oil,silver",,,,,1.993584122491218,0.6899340853393234,0.0,0.018,0.0,0,0
916,1993-11-26,24.746031746031747,1,1,1,1,"gas,gold,oil,silver",185.8420008631342,5.224896854994456,0.0,0.01,2.0731118219366107,0.7290507740811221,0.0,0.018,0.0,0,0
917,1993-12-01,24.75793650793651,0,1,1,1,"gas,oil,silver",,,,,1.9293798402831612,0.6571986250022892,0.0,0.018,0.0,0,0
918,1993-12-06,24.76984126984127,1,0,0,1,"gold,oil",183.56872614925175,5.212589126799703,0.0,0.01,,,,,0.0,0,0
919,1993-12-09,24.78174603174603,0,1,0,0,silver,,,,,2.0939359049561155,0.7390455030764043,0.0,0.018,0.0,0,0
920,1993-12-14,24.793650793650794,1,1,1,1,"gas,gold,oil,silver",194.5571671186982,5.270726038221028,0.0,0.01,2.135403137277388,0.7586554519364974,0.0,0.018,0.0,0,0
921,1993-12-17,24.805555555555557,0,1,1,1,"gas,oil,silver",,,,,2.1625182658393873,0.7712734064191553,0.0,0.018,0.0,0,0
922,1993-12-21,24.813492063492063,0,1,1,1,"gas,oil,silver",,,,,2.21012587371656,0.793049470340538,0.0,0.018,0.0,0,0
923,1993-12-24,24.825396825396826,1,1,1,1,"gas,gold,oil,silver",197.11575216411276,5.2837911306208385,0.0,0.01,2.2323987135290126,0.8030766636593596,0.0,0.018,0.0,0,0
924,1993-12-29,24.83730158730159,1,0,0,1,"gold,oil",199.31080921285655,5.294865461637934,0.0,0.01,,,,,0.0,0,0
925,1994-01-03,24.849206349206348,1,1,1,0,"gas,gold,silver",198.9200033374905,5.292902750624592,0.0,0.01,2.1948049749853467,0.7860931929147792,0.0,0.018,0.0,0,0
926,1994-01-06,24.86111111111111,1,0,1,0,"gas,gold",197.40030633775353,5.285233678861164,0.0,0.01,,,,,0.0,0,0
927,1994-01-11,24.873015873015873,1,0,1,1,"gas,gold,oil",198.43474437690926,5.290460302386039,0.0,0.01,,,,,0.0,0,0
928,1994-01-14,24.884920634920636,1,1,1,1,"gas,gold,oil,silver",197.175342989791,5.284093398802212,0.0,0.01,2.149925325081974,0.7654331090163713,0.0,0.018,0.0,0,0
929,1994-01-19,24.896825396825395,1,1,1,1,"gas,gold,oil,silver",196.74928628423592,5.281930259764813,0.0,0.01,2.216870963286783,0.7960967256415972,0.0,0.018,0.0,0,0
930,1994-01-21,24.904761904761905,1,1,1,1,"gas,gold,oil,silver",197.5458803626321,5.285970862995981,0.0,0.01,2.2072253099006436,0.7917362108272146,0.0,0.018,0.0,0,0
931,1994-01-26,24.916666666666668,1,1,1,1,"gas,gold,oil,silver",197.64457857584154,5.286470359950066,0.0,0.01,2.2014544797882754,0.7891182690924634,0.0,0.018,0.0,0,0
932,1994-01-31,24.928571428571427,1,1,1,0,"gas,gold,silver",203.81392733760325,5.317207456714728,0.0,0.01,2.31177649302304,0.8380162735691479,0.0,0.018,0.0,0,0
933,1994-02-03,24.94047619047619,1,1,0,1,"gold,oil,silver",207.98613253196973,5.337471406959364,0.0,0.01,2.354594666907172,0.8563685966917445,0.0,0.018,0.0,0,0
934,1994-02-08,24.952380952380953,1,1,0,1,"gold,oil,silver",207.2435367829719,5.3338946079222325,0.0,0.01,2.3585274463177157,0.8580374608666304,0.0,0.018,0.0,0,0
935,1994-02-11,24.964285714285715,1,1,1,1,"gas,gold,oil,silver",205.39804710543473,5.324949789686039,0.0,0.01,2.353353526261017,0.8558413433643997,0.0,0.018,0.0,0,0
936,1994-02-16,24.976190476190474,1,1,1,1,"gas,gold,oil,silver",210.29196034030338,5.348496852497639,0.0,0.01,2.4292605339156164,0.8875869040110667,0.0,0.018,0.0,0,0
937,1994-02-21,24.988095238095237,1,1,1,0,"gas,gold,silver",216.27749603603385,5.37656228702878,0.0,0.01,2.565643696314009,0.9422094008677715,0.0,0.018,0.0,0,0
938,1994-02-23,24.996031746031747,1,1,1,1,"gas,gold,oil,silver",213.91025990896046,5.365556580851826,0.0,0.01,2.4980614887364734,0.9155150265871759,0.0,0.018,0.0,0,0
939,1994-02-28,25.00793650793651,1,1,1,1,"gas,gold,oil,silver",222.54302963155757,5.4051204745110555,0.0,0.01,2.6584604328676473,0.9777471705968999,0.0,0.018,0.0,0,0
940,1994-03-03,25.01984126984127,1,1,1,1,"gas,gold,oil,silver",222.65297736099146,5.405614404060927,0.0,0.01,2.6787189013004626,0.9853386583310599,0.0,0.018,0.0,0,0
941,1994-03-08,25.03174603174603,1,1,1,1,"gas,gold,oil,silver",223.34760433578148,5.408729321686345,0.0,0.01,2.7240930643393937,1.002135552292287,0.0,0.018,0.0,0,0
942,1994-03-11,25.043650793650794,1,1,1,1,"gas,gold,oil,silver",228.1024151618716,5.42979471740558,0.0,0.01,2.773168595274907,1.0199905636584925,0.0,0.018,0.0,0,0
943,1994-03-16,25.055555555555557,1,1,1,1,"gas,gold,oil,silver",235.19763439867108,5.460426158145112,0.0,0.01,2.916996165230056,1.070554376256697,0.0,0.018,0.0,0,0
944,1994-03-21,25.067460317460316,0,0,1,0,gas,,,,,,,,,0.0,0,0
945,1994-03-23,25.075396825396826,1,1,1,1,"gas,gold,oil,silver",232.92738889264393,5.450726769343331,0.0,0.01,2.8672673822792722,1.0533594445962933,0.0,0.018,0.0,0,0
946,1994-03-28,25.08730158730159,1,1,1,1,"gas,gold,oil,silver",231.76493628797388,5.445723652371197,0.0,0.01,2.868692290341839,1.053856277967936,0.0,0.018,0.0,0,0
947,1994-03-31,25.099206349206348,1,1,0,0,"gold,silver",239.755305739496,5.479618843818972,0.0,0.01,2.9255628923462504,1.0734869039970445,0.0,0.018,0.0,0,0
948,1994-04-05,25.11111111111111,1,1,1,0,"gas,gold,silver",245.58571240111308,5.5036460203182305,0.0,0.01,3.004479583517447,1.100104369467525,0.0,0.018,0.0,0,0
949,1994-04-08,25.123015873015873,1,1,1,1,"gas,gold,oil,silver",244.6943339344344,5.500009815029068,0.0,0.01,2.8880674633187073,1.0605875806326408,0.0,0.018,0.0,0,0
950,1994-04-13,25.134920634920636,1,1,1,1,"gas,gold,oil,silver",242.78821652448207,5.492189526395134,0.0,0.01,2.9150291970401483,1.0698798358895667,0.0,0.018,0.0,0,0
951,1994-04-18,25.146825396825395,1,1,1,0,"gas,gold,silver",247.4317225793465,5.511134675583791,0.0,0.01,2.9617518903886118,1.085780948119975,0.0,0.018,0.0,0,0
952,1994-04-21,25.158730158730158,1,1,1,1,"gas,gold,oil,silver",249.48142713955824,5.519384472098343,0.0,0.01,3.0714527703085404,1.1221506647523731,0.0,0.018,0.0,0,0
953,1994-04-25,25.166666666666668,1,1,1,1,"gas,gold,oil,silver",250.21118078851012,5.522305284438476,0.0,0.01,3.0799392875950033,1.1249098849713985,0.0,0.018,0.0,0,0
954,1994-04-28,25.178571428571427,1,1,0,1,"gold,oil,silver",250.4074042775508,5.523089208587291,0.0,0.01,3.0879031430944144,1.127492266092386,0.0,0.018,0.0,0,0
955,1994-05-03,25.19047619047619,1,1,1,1,"gas,gold,oil,silver",250.87594117810914,5.524958558691365,0.0,0.01,3.085641483373992,1.1267595720054573,0.0,0.018,0.0,0,0
956,1994-05-06,25.202380952380953,1,1,1,1,"gas,gold,oil,silver",253.0761271198309,5.533690341173726,0.0,0.01,3.2760008252224653,1.1866234178902006,0.0,0.018,0.0,0,0
957,1994-05-11,25.214285714285715,1,1,1,1,"gas,gold,oil,silver",259.90073134724736,5.560299755599805,0.0,0.01,3.48048752487931,1.2471723773303487,0.0,0.018,0.0,0,0
958,1994-05-16,25.226190476190474,1,1,1,1,"gas,gold,oil,silver",261.14405520403113,5.5650721907098655,0.0,0.01,3.458239599756961,1.2407596733966066,0.0,0.018,0.0,0,0
959,1994-05-19,25.238095238095237,1,1,1,1,"gas,gold,oil,silver",262.7223278655052,5.571097686857821,0.0,0.01,3.533755097956223,1.2623610726722978,0.0,0.018,0.0,0,0
960,1994-05-24,25.25,1,1,0,0,"gold,silver",265.57155852157155,5.5818843279887655,0.0,0.01,3.6891427338676923,1.3053941096165587,0.0,0.018,0.0,0,0
961,1994-05-26,25.25793650793651,1,0,1,1,"gas,gold,oil",276.1958672215853,5.621110277871157,0.0,0.01,,,,,0.0,0,0
962,1994-05-31,25.26984126984127,1,1,1,1,"gas,gold,oil,silver",275.89384959884063,5.620016188835733,0.0,0.01,3.7983169438271784,1.334558059099784,0.0,0.018,0.0,0,0
963,1994-06-03,25.28174603174603,1,0,1,1,"gas,gold,oil",281.0328147828302,5.638471441102242,0.0,0.01,,,,,0.0,0,0
964,1994-06-08,25.293650793650794,1,0,1,1,"gas,gold,oil",277.6198935870075,5.6262528888424,0.0,0.01,,,,,0.0,0,0
965,1994-06-13,25.305555555555557,1,1,1,0,"gas,gold,silver",276.3039368117798,5.621501480151353,0.0,0.01,3.817083435349933,1.3394866324054937,0.0,0.018,0.0,0,0
966,1994-06-16,25.317460317460316,1,1,0,1,"gold,oil,silver",278.8138836819548,5.630544475644893,0.0,0.01,3.981412658195588,1.3816366955654364,0.0,0.018,0.0,0,0
967,1994-06-21,25.32936507936508,1,1,1,1,"gas,gold,oil,silver",276.3404357336589,5.621633568429983,0.0,0.01,3.917847729815231,1.365542454503518,0.0,0.018,0.0,0,0
968,1994-06-23,25.33730158730159,1,0,0,0,gold,273.66211670903107,5.611894194735136,0.0,0.01,,,,,0.0,0,0
969,1994-06-28,25.349206349206348,1,1,0,1,"gold,oil,silver",278.61834118606095,5.6298428925817285,0.0,0.01,4.092923533858405,1.4092595151609182,0.0,0.018,0.0,0,0
970,1994-07-01,25.36111111111111,1,1,1,1,"gas,gold,oil,silver",274.00403781666455,5.613142842836658,0.0,0.01,3.903946684890132,1.3619880119233048,0.0,0.018,0.0,0,0
971,1994-07-06,25.373015873015873,1,1,1,1,"gas,gold,oil,silver",281.6271577906094,5.64058406065154,0.0,0.01,4.072133696428167,1.4041671118202697,0.0,0.018,0.0,0,0
972,1994-07-11,25.384920634920636,1,1,0,1,"gold,oil,silver",280.0302258683128,5.634897546872807,0.0,0.01,3.9533009680817655,1.3745509180420972,0.0,0.018,0.0,0,0
973,1994-07-14,25.396825396825395,1,1,0,1,"gold,oil,silver",282.01564107865994,5.6419625342179405,0.0,0.01,4.035719873570881,1.3951846931378122,0.0,0.018,0.0,0,0
974,1994-07-19,25.408730158730158,1,1,1,1,"gas,gold,oil,silver",281.1630536023116,5.638934762976824,0.0,0.01,4.055443260632358,1.40005999370973,0.0,0.018,0.0,0,0
975,1994-07-22,25.42063492063492,1,1,1,1,"gas,gold,oil,silver",287.4527302530556,5.661058430208418,0.0,0.01,4.188144475954145,1.4322577900145381,0.0,0.018,0.0,0,0
976,1994-07-26,25.428571428571427,1,1,1,1,"gas,gold,oil,silver",290.71497421248307,5.672343317117045,0.0,0.01,4.279921402304558,1.453934645477553,0.0,0.018,0.0,0,0
977,1994-07-29,25.44047619047619,1,1,1,1,"gas,gold,oil,silver",289.33905222121746,5.667599191538436,0.0,0.01,4.098224148916223,1.4105537454697812,0.0,0.018,0.0,0,0
978,1994-08-03,25.452380952380953,0,0,1,1,"gas,oil",,,,,,,,,0.0,0,0
979,1994-08-08,25.464285714285715,1,1,1,1,"gas,gold,oil,silver",283.6642625622365,5.6477913647656015,0.0,0.01,3.8055080753717547,1.3364495107495338,0.0,0.018,0.0,0,0
980,1994-08-11,25.476190476190474,1,0,0,1,"gold,oil",283.53642476966985,5.647340597347344,0.0,0.01,,,,,0.0,0,0
981,1994-08-16,25.488095238095237,0,1,1,1,"gas,oil,silver",,,,,3.693201089595381,1.306493585943743,0.0,0.018,0.0,0,0
982,1994-08-19,25.5,1,1,1,1,"gas,gold,oil,silver",286.84321476544466,5.658935776472992,0.0,0.01,3.698495792260194,1.3079261943569387,0.0,0.018,0.0,0,0
983,1994-08-24,25.511904761904763,1,1,1,1,"gas,gold,oil,silver",282.13675268798494,5.642391892003261,0.0,0.01,3.629412633778931,1.2890708263079633,0.0,0.018,0.0,0,0
984,1994-08-26,25.51984126984127,1,1,1,1,"gas,gold,oil,silver",279.54857866144806,5.633176083079289,0.0,0.01,3.5423142068604565,1.264780244308358,0.0,0.018,0.0,0,0
985,1994-08-31,25.53174603174603,1,0,0,0,gold,277.4800539801335,5.625749053054106,0.0,0.01,,,,,0.0,0,0
986,1994-09-05,25.543650793650794,1,1,1,1,"gas,gold,oil,silver",279.784928065287,5.634021193965955,0.0,0.01,3.5175952412430247,1.2577775860415608,0.0,0.018,0.0,0,0
987,1994-09-08,25.555555555555557,0,0,1,1,"gas,oil",,,,,,,,,0.0,0,0
988,1994-09-13,25.567460317460316,1,1,1,1,"gas,gold,oil,silver",278.1026048213357,5.627990127687732,0.0,0.01,3.4734506081467282,1.245148511428777,0.0,0.018,0.0,0,0
989,1994-09-16,25.57936507936508,1,1,1,1,"gas,gold,oil,silver",278.5488098108379,5.629593303655104,0.0,0.01,3.553181508056706,1.2678434015929616,0.0,0.018,0.0,0,0
990,1994-09-21,25.591269841269842,1,1,0,1,"gold,oil,silver",278.9988928603783,5.6312078135711205,0.0,0.01,3.5504554272402506,1.2670758846223986,0.0,0.018,0.0,0,0
991,1994-09-26,25.603174603174605,1,1,1,0,"gas,gold,silver",275.34435761944025,5.618022523831347,0.0,0.01,3.551696095383901,1.2674252627375566,0.0,0.018,0.0,0,0
992,1994-09-28,25.61111111111111,1,1,1,1,"gas,gold,oil,silver",274.6081850393716,5.615345300025013,0.0,0.01,3.505587827622721,1.2543582175865833,0.0,0.018,0.0,0,0
993,1994-10-03,25.623015873015873,1,1,1,1,"gas,gold,oil,silver",269.08518035587326,5.595027985075078,0.0,0.01,3.431725004857347,1.2330630516255758,0.0,0.018,0.0,0,0
994,1994-10-06,25.634920634920636,1,1,1,1,"gas,gold,oil,silver",258.72446162723827,5.5557636406833435,0.0,0.01,3.2614577981501767,1.1821742727713036,0.0,0.018,0.0,0,0
995,1994-10-11,25.646825396825395,1,1,1,1,"gas,gold,oil,silver",253.6425386726203,5.535925947741765,0.0,0.01,3.0970092668405003,1.1304368931856528,0.0,0.018,0.0,0,0
996,1994-10-14,25.658730158730158,1,1,1,1,"gas,gold,oil,silver",256.6224105837732,5.547605785015509,0.0,0.01,3.168471497679331,1.1532492942160673,0.0,0.018,0.0,0,0
997,1994-10-19,25.67063492063492,0,0,1,1,"gas,oil",,,,,,,,,0.0,0,0
998,1994-10-24,25.682539682539684,1,1,1,1,"gas,gold,oil,silver",258.3600443157086,5.55435413269123,0.0,0.01,3.16192475259392,1.15118094109549,0.0,0.018,0.0,0,0
999,1994-10-26,25.69047619047619,1,1,1,1,"gas,gold,oil,silver",263.66822780382114,5.5746915999561795,0.0,0.01,3.216903299181654,1.1684191884894801,0.0,0.018,0.0,0,0
1000,1994-10-31,25.702380952380953,1,1,0,1,"gold,oil,silver",258.5302306038677,5.555012633354007,0.0,0.01,3.089214463492181,1.127916839655974,0.0,0.018,0.0,0,0
1001,1994-11-03,25.714285714285715,0,0,1,0,gas,,,,,,,,,0.0,0,0
1002,1994-11-08,25.726190476190474,1,1,0,0,"gold,silver",260.19724347074805,5.561439972135848,0.0,0.01,3.0347419989924638,1.1101264123288237,0.0,0.018,0.0,0,0
1003,1994-11-11,25.738095238095237,0,1,0,1,"oil,silver",,,,,2.960558071042438,1.0853777880793427,0.0,0.018,0.0,0,0
1004,1994-11-16,25.75,0,1,1,1,"gas,oil,silver",,,,,2.8833998734583846,1.0589701095094146,0.0,0.018,0.0,0,0
1005,1994-11-21,25.761904761904763,1,1,1,1,"gas,gold,oil,silver",260.6592227147747,5.563213894109233,0.0,0.01,2.96969314657512,1.0884586298254972,0.0,0.018,0.0,0,0
1006,1994-11-24,25.773809523809526,1,1,1,0,"gas,gold,silver",260.5009271498399,5.562606420303556,0.0,0.01,2.9207391957276907,1.0718367334651446,0.0,0.018,0.0,0,0
1007,1994-11-28,25.78174603174603,1,1,1,0,"gas,gold,silver",264.240903370569,5.5768611998269515,0.0,0.01,3.0194276585824906,1.1050672964004922,0.0,0.018,0.0,0,0
1008,1994-12-01,25.793650793650794,0,0,1,1,"gas,oil",,,,,,,,,0.0,0,0
1009,1994-12-06,25.805555555555557,1,1,1,1,"gas,gold,oil,silver",261.89053063145724,5.5679265944318175,0.0,0.01,3.074351457876953,1.1230939710067647,0.0,0.018,0.0,0,0
1010,1994-12-09,25.817460317460316,1,1,0,1,"gold,oil,silver",262.5360334975878,5.570388343077951,0.0,0.01,3.114495312103048,1.136067120526486,0.0,0.018,0.0,0,0
1011,1994-12-14,25.82936507936508,1,1,1,1,"gas,gold,oil,silver",260.33147593897735,5.5619557264687005,0.0,0.01,3.0765325489681654,1.1238031670118274,0.0,0.018,0.0,0,0
1012,1994-12-19,25.841269841269842,1,1,1,1,"gas,gold,oil,silver",260.203343447784,5.56146341552615,0.0,0.01,3.046660106958704,1.1140459437186192,0.0,0.018,0.0,0,0
1013,1994-12-22,25.853174603174605,0,1,1,1,"gas,oil,silver",,,,,3.1139909161885733,1.1359051563197462,0.0,0.018,0.0,0,0
1014,1994-12-27,25.865079365079364,1,1,1,1,"gas,gold,oil,silver",259.7998123366978,5.5599113818986625,0.0,0.01,3.0484251055426856,1.114625098421722,0.0,0.018,0.0,0,0
1015,1994-12-29,25.873015873015873,1,1,1,1,"gas,gold,oil,silver",256.850804762624,5.548495390109163,0.0,0.01,2.99068338003998,1.0955019164851527,0.0,0.018,0.0,0,0
1016,1995-01-03,25.884920634920636,1,1,1,1,"gas,gold,oil,silver",258.919082340622,5.5565155894899,0.0,0.01,3.0873567118585044,1.127315291762505,0.0,0.018,0.0,0,0
1017,1995-01-06,25.896825396825395,1,1,1,1,"gas,gold,oil,silver",265.35921653308156,5.581084442166401,0.0,0.01,3.1676454356603525,1.1529885471268486,0.0,0.018,0.0,0,0
1018,1995-01-11,25.908730158730158,1,0,1,0,"gas,gold",269.74623330117186,5.5974816403750305,0.0,0.01,,,,,0.0,0,0
1019,1995-01-16,25.92063492063492,1,1,1,1,"gas,gold,oil,silver",267.1314790282056,5.587740968013232,0.0,0.01,3.1586976584550803,1.1501598092482186,0.0,0.018,0.0,0,0
1020,1995-01-19,25.932539682539684,1,1,1,1,"gas,gold,oil,silver",261.78587917427535,5.567526914566101,0.0,0.01,3.0473189605302604,1.1142621747121382,0.0,0.018,0.0,0,0
1021,1995-01-24,25.944444444444443,1,1,0,1,"gold,oil,silver",260.0489384211211,5.560869838000102,0.0,0.01,3.00727373275122,1.1010339317060187,0.0,0.018,0.0,0,0
1022,1995-01-26,25.952380952380953,1,1,1,1,"gas,gold,oil,silver",257.02432446241676,5.5491707281300915,0.0,0.01,2.88282436985032,1.058770497567287,0.0,0.018,0.0,0,0
1023,1995-01-31,25.964285714285715,1,1,1,1,"gas,gold,oil,silver",259.1061030749551,5.557237642192061,0.0,0.01,2.9275324285394517,1.074159893640835,0.0,0.018,0.0,0,0
1024,1995-02-03,25.976190476190474,0,1,1,1,"gas,oil,silver",,,,,2.867832881093551,1.0535566508490672,0.0,0.018,0.0,0,0
1025,1995-02-08,25.988095238095237,1,1,1,1,"gas,gold,oil,silver",257.9641400603592,5.552820583247221,0.0,0.01,2.9656263827095604,1.087088269061631,0.0,0.018,0.0,0,0
1026,1995-02-13,26.0,1,0,1,1,"gas,gold,oil",260.5989520911347,5.562982643543499,0.0,0.01,,,,,0.0,0,0
1027,1995-02-16,26.011904761904763,1,1,1,1,"gas,gold,oil,silver",258.7762055306992,5.555963616864698,0.0,0.01,2.9446501506710283,1.0799900157077342,0.0,0.018,0.0,0,0
1028,1995-02-21,26.023809523809526,1,0,1,1,"gas,gold,oil",249.90891346081023,5.5210965053153,0.0,0.01,,,,,0.0,0,0
1029,1995-02-24,26.035714285714285,1,1,1,1,"gas,gold,oil,silver",247.68657056487257,5.512164118492935,0.0,0.01,2.790202073777159,1.02611402108762,0.0,0.018,0.0,0,0
1030,1995-02-28,26.043650793650794,1,1,1,0,"gas,gold,silver",239.78308966624664,5.479734721617488,0.0,0.01,2.7169469642921924,0.9995088103023477,0.0,0.018,0.0,0,0
1031,1995-03-03,26.055555555555557,1,1,1,1,"gas,gold,oil,silver",231.2366022720226,5.443441438593189,0.0,0.01,2.665811308566147,0.9805084422697679,0.0,0.018,0.0,0,0
1032,1995-03-08,26.067460317460316,1,1,1,1,"gas,gold,oil,silver",230.10747193845464,5.438546469084522,0.0,0.01,2.55666227612777,0.938702609419269,0.0,0.018,0.0,0,0
1033,1995-03-13,26.07936507936508,1,1,1,1,"gas,gold,oil,silver",232.5934858851789,5.449292234039685,0.0,0.01,2.603468563337538,0.9568446187783897,0.0,0.018,0.0,0,0
1034,1995-03-16,26.091269841269842,1,0,1,1,"gas,gold,oil",235.0877458643403,5.459958831109476,0.0,0.01,,,,,0.0,0,0
1035,1995-03-21,26.103174603174605,1,1,1,0,"gas,gold,silver",234.55867458058134,5.457705768019725,0.0,0.01,2.5166846422173212,0.9229424171702245,0.0,0.018,0.0,0,0
1036,1995-03-24,26.115079365079364,0,1,0,1,"oil,silver",,,,,2.4802863336951857,0.9083740106473843,0.0,0.018,0.0,0,0
1037,1995-03-29,26.126984126984127,0,1,1,1,"gas,oil,silver",,,,,2.4762272177807767,0.9067361186978522,0.0,0.018,0.0,0,0
1038,1995-03-31,26.134920634920636,1,1,1,1,"gas,gold,oil,silver",237.88987309087807,5.471807848478862,0.0,0.01,2.4734960249674782,0.9056325446366205,0.0,0.018,0.0,0,0
1039,1995-04-05,26.146825396825395,1,1,1,0,"gas,gold,silver",244.24343542979463,5.498165414122798,0.0,0.01,2.5742656948346965,0.9455643263933566,0.0,0.018,0.0,0,0
1040,1995-04-10,26.158730158730158,1,1,1,0,"gas,gold,silver",249.5524536903717,5.519669128327195,0.0,0.01,2.6861203868762953,0.9880979172293027,0.0,0.018,0.0,0,0
1041,1995-04-13,26.17063492063492,1,1,1,1,"gas,gold,oil,silver",248.76014128374516,5.51648914418755,0.0,0.01,2.6820472386056657,0.9865803979055938,0.0,0.018,0.0,0,0
1042,1995-04-18,26.182539682539684,1,1,1,1,"gas,gold,oil,silver",244.88050980846003,5.500770376505539,0.0,0.01,2.6375677240104443,0.9698571758224588,0.0,0.018,0.0,0,0
1043,1995-04-21,26.194444444444443,0,1,1,1,"gas,oil,silver",,,,,2.7100641706173634,0.9969723138058608,0.0,0.018,0.0,0,0
1044,1995-04-26,26.206349206349206,1,1,1,1,"gas,gold,oil,silver",260.8390081480159,5.563903389987546,0.0,0.01,2.8706096686019635,1.054524435296187,0.0,0.018,0.0,0,0
1045,1995-05-01,26.21825396825397,1,1,1,1,"gas,gold,oil,silver",254.00881717579148,5.537368979706562,0.0,0.01,2.7793854769597948,1.022229851813761,0.0,0.018,0.0,0,0
1046,1995-05-03,26.226190476190474,1,1,1,1,"gas,gold,oil,silver",257.31756259729724,5.550310974234986,0.0,0.01,2.786366599394114,1.024738452987371,0.0,0.018,0.0,0,0
1047,1995-05-08,26.238095238095237,1,1,0,1,"gold,oil,silver",254.99130392460617,5.541229442320485,0.0,0.01,2.7500790817686727,1.0116296682717951,0.0,0.018,0.0,0,0
1048,1995-05-11,26.25,1,1,1,1,"gas,gold,oil,silver",257.45403763275914,5.550841209541667,0.0,0.01,2.7690122246768674,1.018490659013629,0.0,0.018,0.0,0,0
1049,1995-05-16,26.261904761904763,1,1,1,1,"gas,gold,oil,silver",255.51540296859227,5.543282693418015,0.0,0.01,2.7098421168247704,0.996890373720206,0.0,0.018,0.0,0,0
1050,1995-05-19,26.273809523809526,1,0,1,0,"gas,gold",262.72354642683064,5.571102325057054,0.0,0.01,,,,,0.0,0,0
1051,1995-05-24,26.285714285714285,1,1,1,0,"gas,gold,silver",263.40202317523404,5.573681470279052,0.0,0.01,2.8466182247624348,1.0461317019252003,0.0,0.018,0.0,0,0
1052,1995-05-29,26.297619047619047,0,1,1,1,"gas,oil,silver",,,,,2.8457172270226723,1.0458151366929092,0.0,0.018,0.0,0,0
1053,1995-05-31,26.305555555555557,0,0,1,1,"gas,oil",,,,,,,,,0.0,0,0
1054,1995-06-05,26.317460317460316,1,1,1,1,"gas,gold,oil,silver",258.8254306474708,5.556153821506567,0.0,0.01,2.811090847136356,1.0335726098427045,0.0,0.018,0.0,0,0
1055,1995-06-08,26.32936507936508,1,1,1,1,"gas,gold,oil,silver",250.13417922291828,5.521997490772924,0.0,0.01,2.6813236011343973,0.9863105536239725,0.0,0.018,0.0,0,0
1056,1995-06-13,26.341269841269842,1,1,1,0,"gas,gold,silver",242.78769854049324,5.492187392912098,0.0,0.01,2.525896554308765,0.9265960707179011,0.0,0.018,0.0,0,0
1057,1995-06-16,26.353174603174605,1,0,1,1,"gas,gold,oil",245.22405290918212,5.502172294312968,0.0,0.01,,,,,0.0,0,0
1058,1995-06-21,26.365079365079364,1,1,1,1,"gas,gold,oil,silver",244.62509426505704,5.499726811061315,0.0,0.01,2.6345043735269043,0.9686950707633408,0.0,0.018,0.0,0,0
1059,1995-06-26,26.376984126984127,1,1,1,1,"gas,gold,oil,silver",250.16494795320156,5.522120492108129,0.0,0.01,2.7918356678568146,1.02669932495044,0.0,0.018,0.0,0,0
1060,1995-06-29,26.38888888888889,1,1,1,1,"gas,gold,oil,silver",251.14569240354913,5.526033218560011,0.0,0.01,2.880038564585316,1.0578036845392154,0.0,0.018,0.0,0,0
1061,1995-07-03,26.396825396825395,0,1,1,1,"gas,oil,silver",,,,,2.826639527027558,1.0390885598021888,0.0,0.018,0.0,0,0
1062,1995-07-06,26.408730158730158,1,1,1,1,"gas,gold,oil,silver",243.83718995312316,5.4965007482895025,0.0,0.01,2.807053190197259,1.0321352463264186,0.0,0.018,0.0,0,0
1063,1995-07-11,26.42063492063492,1,1,1,1,"gas,gold,oil,silver",242.4723092651599,5.490887515260245,0.0,0.01,2.7365270768561603,1.0066896262563954,0.0,0.018,0.0,0,0
1064,1995-07-14,26.432539682539684,1,1,1,1,"gas,gold,oil,silver",242.75869546222702,5.492067927177581,0.0,0.01,2.7380088384204213,1.0072309549181768,0.0,0.018,0.0,0,0
1065,1995-07-19,26.444444444444443,1,1,1,1,"gas,gold,oil,silver",245.083673711247,5.501599677590248,0.0,0.01,2.7616839344798545,1.0158406148691503,0.0,0.018,0.0,0,0
1066,1995-07-24,26.456349206349206,1,1,1,1,"gas,gold,oil,silver",246.60466299074054,5.507786499678559,0.0,0.01,2.7507433065331783,1.0118711684406232,0.0,0.018,0.0,0,0
1067,1995-07-27,26.46825396825397,1,0,0,1,"gold,oil",249.15177019985742,5.5180622296584545,0.0,0.01,,,,,0.0,0,0
1068,1995-08-01,26.48015873015873,1,1,1,1,"gas,gold,oil,silver",251.41827389472573,5.5271179820376375,0.0,0.01,2.7254703078351925,1.0026410032545248,0.0,0.018,0.0,0,0
1069,1995-08-03,26.488095238095237,1,1,1,1,"gas,gold,oil,silver",251.28610410803446,5.526592146992151,0.0,0.01,2.61663968022048,0.9618909297814888,0.0,0.018,0.0,0,0
1070,1995-08-08,26.5,1,1,1,1,"gas,gold,oil,silver",252.95098994669317,5.533195754336506,0.0,0.01,2.7104436076855496,0.9971123143682896,0.0,0.018,0.0,0,0
1071,1995-08-11,26.511904761904763,1,1,0,0,"gold,silver",254.07729853312517,5.53763854565466,0.0,0.01,2.644905563197412,0.9726353607777452,0.0,0.018,0.0,0,0
1072,1995-08-16,26.523809523809526,1,1,1,1,"gas,gold,oil,silver",252.47327855438385,5.531305415607898,0.0,0.01,2.5596701028979885,0.9398783841320544,0.0,0.018,0.0,0,0
1073,1995-08-21,26.535714285714285,1,0,1,1,"gas,gold,oil",256.32001140834757,5.546426708388216,0.0,0.01,,,,,0.0,0,0
1074,1995-08-24,26.547619047619047,1,0,1,1,"gas,gold,oil",249.6964893151023,5.520246137575766,0.0,0.01,,,,,0.0,0,0
1075,1995-08-29,26.55952380952381,1,1,1,1,"gas,gold,oil,silver",256.11358425480944,5.5456210345742765,0.0,0.01,2.532875024705769,0.9293550309573981,0.0,0.018,0.0,0,0
1076,1995-08-31,26.567460317460316,1,0,0,1,"gold,oil",265.37202952893097,5.581132726475821,0.0,0.01,,,,,0.0,0,0
1077,1995-09-05,26.57936507936508,1,1,1,1,"gas,gold,oil,silver",260.1262767633432,5.5611671929702515,0.0,0.01,2.6098725692348226,0.9593013960947088,0.0,0.018,0.0,0,0
1078,1995-09-08,26.591269841269842,1,1,1,1,"gas,gold,oil,silver",260.1237286699984,5.561157397320782,0.0,0.01,2.626849263418846,0.9657851293155335,0.0,0.018,0.0,0,0
1079,1995-09-13,26.603174603174605,1,0,1,1,"gas,gold,oil",263.5489582868538,5.574239150672853,0.0,0.01,,,,,0.0,0,0
1080,1995-09-18,26.615079365079364,1,0,1,0,"gas,gold",266.79670276292416,5.586486955505298,0.0,0.01,,,,,0.0,0,0
1081,1995-09-21,26.626984126984127,1,0,1,1,"gas,gold,oil",265.26078576295725,5.580713439298709,0.0,0.01,,,,,0.0,0,0
1082,1995-09-26,26.63888888888889,1,1,0,1,"gold,oil,silver",267.5163778327138,5.5891807900047095,0.0,0.01,2.7862773252069837,1.0247064128325196,0.0,0.018,0.0,0,0
1083,1995-09-29,26.650793650793652,0,1,1,1,"gas,oil,silver",,,,,2.8841823507104873,1.0592414458255661,0.0,0.018,0.0,0,0
1084,1995-10-03,26.658730158730158,1,0,0,0,gold,268.5652420032931,5.593093871409248,0.0,0.01,,,,,0.0,0,0
1085,1995-10-06,26.67063492063492,0,1,1,1,"gas,oil,silver",,,,,2.7963234155914685,1.0283054884946106,0.0,0.018,0.0,0,0
1086,1995-10-11,26.682539682539684,1,1,0,1,"gold,oil,silver",263.0051855131656,5.572173748763489,0.0,0.01,2.7116619728137605,0.9975617210169165,0.0,0.018,0.0,0,0
1087,1995-10-16,26.694444444444443,1,1,1,1,"gas,gold,oil,silver",264.6055409248398,5.578240192220632,0.0,0.01,2.7744019172446444,1.0204351986522338,0.0,0.018,0.0,0,0
1088,1995-10-19,26.706349206349206,1,1,0,1,"gold,oil,silver",266.364292450205,5.5848648923333455,0.0,0.01,2.803786847262001,1.0309709489012788,0.0,0.018,0.0,0,0
1089,1995-10-24,26.71825396825397,0,0,1,1,"gas,oil",,,,,,,,,0.0,0,0
1090,1995-10-27,26.73015873015873,1,1,1,1,"gas,gold,oil,silver",267.4591280616004,5.588966762369047,0.0,0.01,2.771392142953468,1.0193497726324416,0.0,0.018,0.0,0,0
1091,1995-11-01,26.74206349206349,1,1,1,1,"gas,gold,oil,silver",267.5431751893488,5.5892809558890715,0.0,0.01,2.796530741382277,1.0283796280251918,0.0,0.018,0.0,0,0
1092,1995-11-03,26.75,1,1,1,1,"gas,gold,oil,silver",264.5907540515946,5.578184307954664,0.0,0.01,2.818841463019366,1.0363259718202478,0.0,0.018,0.0,0,0
1093,1995-11-08,26.761904761904763,1,1,1,0,"gas,gold,silver",269.4390464948631,5.596342192207376,0.0,0.01,2.9854969428637306,1.0937662130096548,0.0,0.018,0.0,0,0
1094,1995-11-13,26.773809523809526,1,1,0,1,"gold,oil,silver",263.9287551014632,5.575679199685742,0.0,0.01,2.9221631760754607,1.0723241557376215,0.0,0.018,0.0,0,0
1095,1995-11-16,26.785714285714285,1,1,1,1,"gas,gold,oil,silver",254.07492919591775,5.537629220349848,0.0,0.01,2.7388622685177455,1.0075426036999604,0.0,0.018,0.0,0,0
1096,1995-11-21,26.797619047619047,0,1,1,1,"gas,oil,silver",,,,,2.6683622148288952,0.9814648815179547,0.0,0.018,0.0,0,0
1097,1995-11-24,26.80952380952381,1,1,1,1,"gas,gold,oil,silver",260.4114485130649,5.562262874471913,0.0,0.01,2.8067807056907172,1.0320381702419426,0.0,0.018,0.0,0,0
1098,1995-11-29,26.821428571428573,1,1,1,1,"gas,gold,oil,silver",254.03839332917252,5.537485410435057,0.0,0.01,2.754719446724879,1.013315603199777,0.0,0.018,0.0,0,0
1099,1995-12-04,26.833333333333332,0,1,0,0,silver,,,,,2.6442417637322384,0.9723843564371102,0.0,0.018,0.0,0,0
1100,1996-04-22,27.23015873015873,1,1,1,1,"gas,gold,oil,silver",257.9466566995263,5.5527528065658665,0.0,0.01,3.1975728342512704,1.1623920327106592,0.0,0.018,0.0,0,0
1101,1996-04-25,27.24206349206349,1,1,1,1,"gas,gold,oil,silver",255.5019285315024,5.543229957683775,0.0,0.01,3.0884378374710733,1.127665408857553,0.0,0.018,0.0,0,0
1102,1996-04-30,27.253968253968253,1,1,1,1,"gas,gold,oil,silver",256.67151327573083,5.547797108893798,0.0,0.01,3.1789732258321255,1.1565582596950628,0.0,0.018,0.0,0,0
1103,1996-05-03,27.265873015873016,1,1,1,1,"gas,gold,oil,silver",260.1628469250492,5.5613077692771595,0.0,0.01,3.2105953289018316,1.1664563806632933,0.0,0.018,0.0,0,0
1104,1996-05-08,27.27777777777778,1,0,0,1,"gold,oil",265.4660079418762,5.58148680213466,0.0,0.01,,,,,0.0,0,0
1105,1996-05-13,27.28968253968254,1,0,1,1,"gas,gold,oil",255.82916828390555,5.54450991033722,0.0,0.01,,,,,0.0,0,0
1106,1996-05-16,27.3015873015873,1,1,0,1,"gold,oil,silver",256.16059639318223,5.545804577451434,0.0,0.01,3.0754350367818937,1.1234463666280095,0.0,0.018,0.0,0,0
1107,1996-05-20,27.30952380952381,1,1,0,1,"gold,oil,silver",256.0921819836887,5.545537465537987,0.0,0.01,2.989283064643809,1.095033580940223,0.0,0.018,0.0,0,0
1108,1996-05-23,27.321428571428573,1,1,1,1,"gas,gold,oil,silver",258.103945669395,5.55336239397461,0.0,0.01,3.03524642635895,1.1102926160617799,0.0,0.018,0.0,0,0
1109,1996-05-28,27.333333333333332,1,0,0,1,"gold,oil",255.82492915926065,5.544493340061848,0.0,0.01,,,,,0.0,0,0
1110,1996-05-31,27.345238095238095,1,0,1,1,"gas,gold,oil",252.92332453268526,5.533086377705815,0.0,0.01,,,,,0.0,0,0
1111,1996-06-05,27.357142857142858,1,1,1,1,"gas,gold,oil,silver",255.12416883227039,5.5417503632404115,0.0,0.01,2.858153957907328,1.05017594716362,0.0,0.018,0.0,0,0
1112,1996-06-10,27.36904761904762,1,1,1,1,"gas,gold,oil,silver",252.78907335873038,5.532555438865208,0.0,0.01,2.7927444841300995,1.0270247983993201,0.0,0.018,0.0,0,0
1113,1996-06-13,27.38095238095238,1,1,1,1,"gas,gold,oil,silver",254.15070245825328,5.537927407840511,0.0,0.01,2.812262020532647,1.0339891490287687,0.0,0.018,0.0,0,0
1114,1996-06-18,27.392857142857142,1,1,0,1,"gold,oil,silver",260.6860756248821,5.563316908024259,0.0,0.01,2.920869140486238,1.0718812228424153,0.0,0.018,0.0,0,0
1115,1996-06-20,27.400793650793652,0,1,1,1,"gas,oil,silver",,,,,2.988866237162389,1.0948941305983022,0.0,0.018,0.0,0,0
1116,1996-06-25,27.41269841269841,1,1,1,1,"gas,gold,oil,silver",262.0570097710613,5.568562074636873,0.0,0.01,2.9171182870656804,1.0705962409944016,0.0,0.018,0.0,0,0
1117,1996-06-28,27.424603174603174,0,0,1,1,"gas,oil",,,,,,,,,0.0,0,0
1118,1996-07-03,27.436507936507937,1,1,1,0,"gas,gold,silver",269.003226056649,5.594723372305573,0.0,0.01,3.1010538634291596,1.1317420096640614,0.0,0.018,0.0,0,0
1119,1996-07-08,27.4484126984127,1,1,1,1,"gas,gold,oil,silver",269.4880365286119,5.596523998004216,0.0,0.01,3.1373805641754884,1.1433882365382648,0.0,0.018,0.0,0,0
1120,1996-07-11,27.46031746031746,1,1,1,1,"gas,gold,oil,silver",275.11324221341704,5.617182802771364,0.0,0.01,3.257266356057565,1.1808883025197388,0.0,0.018,0.0,0,0
1121,1996-07-16,27.47222222222222,1,1,1,1,"gas,gold,oil,silver",279.7161516321193,5.6337753448120935,0.0,0.01,3.3036558667017815,1.1950296936668023,0.0,0.018,0.0,0,0
1122,1996-07-19,27.484126984126984,1,1,1,1,"gas,gold,oil,silver",280.128172723773,5.635247258156989,0.0,0.01,3.363450297585392,1.2129673213817433,0.0,0.018,0.0,0,0
1123,1996-07-23,27.49206349206349,0,1,1,1,"gas,oil,silver",,,,,3.456270144976607,1.2401900148361822,0.0,0.018,0.0,0,0
1124,1996-07-26,27.503968253968253,1,1,1,1,"gas,gold,oil,silver",280.19180812230286,5.635474397652201,0.0,0.01,3.4389569567739304,1.2351682151676515,0.0,0.018,0.0,0,0
1125,1996-07-31,27.515873015873016,0,1,1,1,"gas,oil,silver",,,,,3.4496706119785006,1.2382787516964202,0.0,0.018,0.0,0,0
1126,1996-08-05,27.52777777777778,1,1,1,0,"gas,gold,silver",284.4245702744992,5.650468087567644,0.0,0.01,3.4381663811657415,1.2349383005441024,0.0,0.018,0.0,0,0
1127,1996-08-08,27.53968253968254,1,1,1,1,"gas,gold,oil,silver",287.17905149898587,5.660105894050643,0.0,0.01,3.496045113920435,1.2516323621495111,0.0,0.018,0.0,0,0
1128,1996-08-13,27.5515873015873,1,1,1,0,"gas,gold,silver",282.1321968026581,5.642375744081845,0.0,0.01,3.4140439433676493,1.227897495808934,0.0,0.018,0.0,0,0
1129,1996-08-16,27.563492063492063,1,1,1,1,"gas,gold,oil,silver",278.56593102948926,5.62965476754181,0.0,0.01,3.264157956538776,1.1830018294783498,0.0,0.018,0.0,0,0
1130,1996-08-20,27.571428571428573,0,1,1,1,"gas,oil,silver",,,,,3.0980653145727484,1.1307778245912716,0.0,0.018,0.0,0,0
1131,1996-08-23,27.583333333333332,1,1,1,1,"gas,gold,oil,silver",263.44377100773465,5.573839952449922,0.0,0.01,2.9895740189288595,1.0951309086673164,0.0,0.018,0.0,0,0
1132,1996-08-28,27.595238095238095,1,1,1,1,"gas,gold,oil,silver",262.7308259104241,5.571130032443183,0.0,0.01,2.984067551248244,1.093287319903059,0.0,0.018,0.0,0,0
1133,1996-09-02,27.607142857142858,1,1,1,1,"gas,gold,oil,silver",267.10231013435845,5.587631769027815,0.0,0.01,3.087261612593222,1.1272844884770894,0.0,0.018,0.0,0,0
1134,1996-09-05,27.61904761904762,0,1,1,1,"gas,oil,silver",,,,,3.0474932556216663,1.1143193692852513,0.0,0.018,0.0,0,0
1135,1996-09-10,27.63095238095238,1,1,0,1,"gold,oil,silver",270.59567732417224,5.600625741197315,0.0,0.01,3.117919539942347,1.1371659652809318,0.0,0.018,0.0,0,0
1136,1996-09-13,27.642857142857142,1,1,0,1,"gold,oil,silver",271.8094421919352,5.6051012405983185,0.0,0.01,3.2568505096505747,1.180760627067754,0.0,0.018,0.0,0,0
1137,1996-09-18,27.654761904761905,1,1,1,1,"gas,gold,oil,silver",269.9824409461387,5.598356923350783,0.0,0.01,3.305683737728839,1.195643331703901,0.0,0.018,0.0,0,0
1138,1996-09-20,27.66269841269841,1,1,1,1,"gas,gold,oil,silver",266.9733901222961,5.587148990970306,0.0,0.01,3.248287809908175,1.1781280297986019,0.0,0.018,0.0,0,0
1139,1996-09-25,27.674603174603174,0,0,1,1,"gas,oil",,,,,,,,,0.0,0,0
1140,1996-09-30,27.686507936507937,1,1,1,1,"gas,gold,oil,silver",269.7131260625222,5.597358898084563,0.0,0.01,3.285839865596732,1.1896222861076948,0.0,0.018,0.0,0,0
1141,1996-10-03,27.6984126984127,0,1,1,1,"gas,oil,silver",,,,,3.3892445207166912,1.220607041310625,0.0,0.018,0.0,0,0
1142,1996-10-08,27.71031746031746,1,1,1,0,"gas,gold,silver",273.3954260577824,5.6109191942954135,0.0,0.01,3.4240855105317545,1.2308344318379092,0.0,0.018,0.0,0,0
1143,1996-10-11,27.72222222222222,1,1,1,1,"gas,gold,oil,silver",269.1739386047571,5.595357782552025,0.0,0.01,3.3519820275754437,1.209551820903626,0.0,0.018,0.0,0,0
1144,1996-10-16,27.734126984126984,0,0,0,1,oil,,,,,,,,,0.0,0,0
1145,1996-10-21,27.746031746031747,1,1,1,0,"gas,gold,silver",262.23261829232115,5.5692319659275915,0.0,0.01,3.259396683576216,1.1815421118640554,0.0,0.018,0.0,0,0
1146,1996-10-23,27.753968253968253,1,1,1,1,"gas,gold,oil,silver",262.83308237671815,5.5715191629217875,0.0,0.01,3.170748720479737,1.1539677494266425,0.0,0.018,0.0,0,0
1147,1996-10-28,27.765873015873016,1,1,1,1,"gas,gold,oil,silver",262.2524903704356,5.569307743400758,0.0,0.01,3.1822964945370207,1.157603104247586,0.0,0.018,0.0,0,0
1148,1996-10-31,27.77777777777778,1,1,1,1,"gas,gold,oil,silver",260.091747284175,5.5610344429399845,0.0,0.01,3.0913030097889,1.128592688040918,0.0,0.018,0.0,0,0
1149,1996-11-05,27.78968253968254,1,1,1,1,"gas,gold,oil,silver",263.8706188438293,5.5754589028807855,0.0,0.01,3.236666660395817,1.1745439916976832,0.0,0.018,0.0,0,0
1150,1996-11-08,27.8015873015873,1,0,0,1,"gold,oil",265.24121070724806,5.580639641062893,0.0,0.01,,,,,0.0,0,0
1151,1996-11-13,27.813492063492063,1,1,1,1,"gas,gold,oil,silver",271.11155998762445,5.602530396641715,0.0,0.01,3.3985209788522366,1.2233403307595319,0.0,0.018,0.0,0,0
1152,1996-11-18,27.825396825396826,1,1,1,1,"gas,gold,oil,silver",275.5560502939097,5.618791057242643,0.0,0.01,3.529124978608232,1.2610499588034312,0.0,0.018,0.0,0,0
1153,1996-11-21,27.83730158730159,1,1,1,1,"gas,gold,oil,silver",272.5950902070992,5.607987508121139,0.0,0.01,3.432542181926527,1.23330114756526,0.0,0.018,0.0,0,0
1154,1996-11-25,27.845238095238095,0,1,0,1,"oil,silver",,,,,3.4279855702797524,1.2319727913567067,0.0,0.018,0.0,0,0
1155,1996-11-28,27.857142857142858,0,1,0,1,"oil,silver",,,,,3.4248905251168638,1.2310695077338172,0.0,0.018,0.0,0,0
1156,1996-12-03,27.86904761904762,1,0,1,1,"gas,gold,oil",270.1746438294229,5.599068578892526,0.0,0.01,,,,,0.0,0,0
1157,1996-12-06,27.88095238095238,1,1,1,1,"gas,gold,oil,silver",270.4015510375736,5.599908080238059,0.0,0.01,3.468964419305488,1.2438561111767206,0.0,0.018,0.0,0,0
1158,1996-12-11,27.892857142857142,1,1,1,1,"gas,gold,oil,silver",268.8506035311329,5.594155848115109,0.0,0.01,3.405044328543228,1.2252579581784746,0.0,0.018,0.0,0,0
1159,1996-12-16,27.904761904761905,1,1,1,1,"gas,gold,oil,silver",272.6147462171706,5.608059612506522,0.0,0.01,3.541507093485338,1.2645523691702396,0.0,0.018,0.0,0,0
1160,1996-12-19,27.916666666666668,1,1,1,0,"gas,gold,silver",263.4071015682157,5.573700750100692,0.0,0.01,3.3527438922758934,1.2097790829014574,0.0,0.018,0.0,0,0
1161,1996-12-23,27.924603174603174,1,1,1,1,"gas,gold,oil,silver",258.6023669353363,5.5552916191780675,0.0,0.01,3.247092882264386,1.1777600982749856,0.0,0.018,0.0,0,0
1162,1996-12-26,27.936507936507937,0,1,1,1,"gas,oil,silver",,,,,3.2257618197818445,1.1711691455396005,0.0,0.018,0.0,0,0
1163,1996-12-31,27.9484126984127,1,0,1,1,"gas,gold,oil",262.78313582068137,5.571329113397218,0.0,0.01,,,,,0.0,0,0
1164,1997-01-03,27.96031746031746,1,1,0,1,"gold,oil,silver",270.2262970917081,5.599259745334074,0.0,0.01,3.397225123744361,1.2229589583232996,0.0,0.018,0.0,0,0
1165,1997-01-08,27.97222222222222,1,1,1,1,"gas,gold,oil,silver",272.4566149732029,5.607479390320353,0.0,0.01,3.441945932293592,1.2360369894421466,0.0,0.018,0.0,0,0
1166,1997-01-13,27.984126984126984,1,1,0,1,"gold,oil,silver",268.14330181847623,5.5915215458832215,0.0,0.01,3.343537149017683,1.2070292732674837,0.0,0.018,0.0,0,0
1167,1997-01-16,27.996031746031747,1,1,1,1,"gas,gold,oil,silver",265.1723047112204,5.580379821151023,0.0,0.01,3.30695040993291,1.1960264384027681,0.0,0.018,0.0,0,0
1168,1997-01-21,28.00793650793651,0,1,1,1,"gas,oil,silver",,,,,3.439508012984232,1.2353284416757178,0.0,0.018,0.0,0,0
1169,1997-01-23,28.015873015873016,1,1,1,1,"gas,gold,oil,silver",271.6993387178461,5.604696082560537,0.0,0.01,3.4752124444954253,1.2456556122546782,0.0,0.018,0.0,0,0
1170,1997-01-28,28.02777777777778,1,1,1,0,"gas,gold,silver",275.6293239127731,5.61905693374345,0.0,0.01,3.46771112718282,1.2434947587888494,0.0,0.018,0.0,0,0
1171,1997-01-31,28.03968253968254,1,1,1,0,"gas,gold,silver",279.5254546457733,5.633093360526245,0.0,0.01,3.545439990507396,1.2656622680813456,0.0,0.018,0.0,0,0
1172,1997-02-05,28.0515873015873,1,1,1,1,"gas,gold,oil,silver",275.3919054862502,5.6181951940189245,0.0,0.01,3.3803012226694533,1.2179648246570278,0.0,0.018,0.0,0,0
1173,1997-02-10,28.063492063492063,1,0,1,1,"gas,gold,oil",277.27389889790356,5.625005822327582,0.0,0.01,,,,,0.0,0,0
1174,1997-02-13,28.075396825396826,1,0,1,1,"gas,gold,oil",276.4690329262877,5.622098818040342,0.0,0.01,,,,,0.0,0,0
1175,1997-02-18,28.08730158730159,1,1,1,1,"gas,gold,oil,silver",277.57191236122765,5.626080043258638,0.0,0.01,3.3449441713839048,1.207450003271673,0.0,0.018,0.0,0,0
1176,1997-02-21,28.099206349206348,1,1,1,0,"gas,gold,silver",281.585344896168,5.640435580657511,0.0,0.01,3.362801542266835,1.212774418904698,0.0,0.018,0.0,0,0
1177,1997-02-25,28.107142857142858,1,1,1,1,"gas,gold,oil,silver",277.73263869818476,5.626658919628871,0.0,0.01,3.337358751515103,1.205179701187367,0.0,0.018,0.0,0,0
1178,1997-02-28,28.11904761904762,1,1,1,1,"gas,gold,oil,silver",274.0190961546871,5.613197797954765,0.0,0.01,3.2006976295031486,1.1633687952648581,0.0,0.018,0.0,0,0
1179,1997-03-05,28.13095238095238,1,1,1,1,"gas,gold,oil,silver",265.2611169581377,5.580714687862354,0.0,0.01,3.036396411389186,1.1106714212961188,0.0,0.018,0.0,0,0
1180,1997-03-10,28.142857142857142,1,1,1,1,"gas,gold,oil,silver",263.9688244696198,5.575831007043018,0.0,0.01,2.9818295106956176,1.0925370419031624,0.0,0.018,0.0,0,0
1181,1997-03-13,28.154761904761905,1,1,0,1,"gold,oil,silver",269.1502656046838,5.5952698318342104,0.0,0.01,3.1002401569970224,1.1314795784894947,0.0,0.018,0.0,0,0
1182,1997-03-18,28.166666666666668,1,1,1,1,"gas,gold,oil,silver",270.29297016404496,5.599506445411995,0.0,0.01,3.2581788446993376,1.1811684026877618,0.0,0.018,0.0,0,0
1183,1997-03-21,28.178571428571427,1,1,1,1,"gas,gold,oil,silver",270.71023935227856,5.601049021365839,0.0,0.01,3.237255438477269,1.1747258839336672,0.0,0.018,0.0,0,0
1184,1997-03-25,28.186507936507937,1,1,0,1,"gold,oil,silver",268.8680662005644,5.594220799065933,0.0,0.01,3.2885108804035696,1.1904348423758324,0.0,0.018,0.0,0,0
1185,1997-03-28,28.1984126984127,1,1,1,1,"gas,gold,oil,silver",267.8154362169376,5.590298072435849,0.0,0.01,3.4045978846953577,1.2251268370903088,0.0,0.018,0.0,0,0
1186,1997-04-02,28.21031746031746,1,1,0,1,"gold,oil,silver",267.15444912879707,5.587826952312631,0.0,0.01,3.4373625543679087,1.2347044780094198,0.0,0.018,0.0,0,0
1187,1997-04-07,28.22222222222222,1,1,1,1,"gas,gold,oil,silver",274.43164714569036,5.614702221365082,0.0,0.01,3.439899969528954,1.2354423923372115,0.0,0.018,0.0,0,0
1188,1997-04-10,28.234126984126984,1,0,0,1,"gold,oil",265.6422406925642,5.582150443709081,0.0,0.01,,,,,0.0,0,0
1189,1997-04-15,28.246031746031747,1,1,1,1,"gas,gold,oil,silver",264.9473749700725,5.579531221247012,0.0,0.01,3.204399340462501,1.164524659536341,0.0,0.018,0.0,0,0
1190,1997-04-18,28.25793650793651,1,1,1,1,"gas,gold,oil,silver",266.76044694114904,5.586351053205606,0.0,0.01,3.2539765360608057,1.1798777979720791,0.0,0.018,0.0,0,0
1191,1997-04-23,28.26984126984127,1,1,1,1,"gas,gold,oil,silver",263.1798928633757,5.572837801636934,0.0,0.01,3.0651517198146334,1.120097068918235,0.0,0.018,0.0,0,0
1192,1997-04-25,28.27777777777778,1,1,1,1,"gas,gold,oil,silver",263.6766889838209,5.574723689693773,0.0,0.01,3.1025472316579075,1.1322234617222142,0.0,0.018,0.0,0,0
1193,1997-04-30,28.28968253968254,1,0,1,0,"gas,gold",265.1396921612598,5.580256827327787,0.0,0.01,,,,,0.0,0,0
1194,1997-05-05,28.3015873015873,1,0,1,1,"gas,gold,oil",266.84179918576064,5.58665597038252,0.0,0.01,,,,,0.0,0,0
1195,1997-05-08,28.313492063492063,1,1,1,1,"gas,gold,oil,silver",270.6727995491993,5.600910709669872,0.0,0.01,3.376310164600366,1.2167834459141906,0.0,0.018,0.0,0,0
1196,1997-05-13,28.325396825396826,1,1,1,1,"gas,gold,oil,silver",266.4185877387681,5.585068710026331,0.0,0.01,3.370534534175114,1.2150713472683945,0.0,0.018,0.0,0,0
1197,1997-05-16,28.33730158730159,1,1,1,1,"gas,gold,oil,silver",267.09944631809464,5.587621047175147,0.0,0.01,3.4514519572085525,1.238794999669632,0.0,0.018,0.0,0,0
1198,1997-05-21,28.349206349206348,1,1,1,1,"gas,gold,oil,silver",267.639239267857,5.589639951539694,0.0,0.01,3.486083741619407,1.2487789690753368,0.0,0.018,0.0,0,0
1199,1997-05-26,28.36111111111111,1,1,1,1,"gas,gold,oil,silver",267.57699184283047,5.589407344897037,0.0,0.01,3.433470030351039,1.2335714204402488,0.0,0.018,0.0,0,0
1200,1997-05-28,28.36904761904762,1,1,0,1,"gold,oil,silver",262.12531375492057,5.5688226861881605,0.0,0.01,3.4303676779926926,1.232667450182958,0.0,0.018,0.0,0,0
1201,1997-06-02,28.38095238095238,0,0,0,1,oil,,,,,,,,,0.0,0,0
1202,1997-06-05,28.392857142857142,1,0,1,0,"gas,gold",267.2907149519913,5.5883368861105405,0.0,0.01,,,,,0.0,0,0
1203,1997-06-10,28.404761904761905,0,0,1,1,"gas,oil",,,,,,,,,0.0,0,0
1204,1997-06-13,28.416666666666668,1,1,1,1,"gas,gold,oil,silver",266.85579217895827,5.586708408292779,0.0,0.01,3.711243232584017,1.3113669236072092,0.0,0.018,0.0,0,0
1205,1997-06-18,28.428571428571427,1,1,1,1,"gas,gold,oil,silver",266.41428131640697,5.585052545774419,0.0,0.01,3.6958157126846714,1.3072012912497075,0.0,0.018,0.0,0,0
1206,1997-06-23,28.44047619047619,1,1,1,1,"gas,gold,oil,silver",270.88267030382883,5.601685776221015,0.0,0.01,3.8227926964555126,1.3409812278858046,0.0,0.018,0.0,0,0
1207,1997-06-26,28.452380952380953,1,0,1,1,"gas,gold,oil",267.7423197594561,5.5900250245446745,0.0,0.01,,,,,0.0,0,0
1208,1997-06-30,28.46031746031746,1,1,1,1,"gas,gold,oil,silver",271.22321283618385,5.602942145457139,0.0,0.01,3.933524656981053,1.3695358832258973,0.0,0.018,0.0,0,0
1209,1997-07-03,28.47222222222222,1,1,1,1,"gas,gold,oil,silver",263.20011119130737,5.5729146219104475,0.0,0.01,3.6206141007965993,1.2866436525542877,0.0,0.018,0.0,0,0
1210,1997-07-08,28.484126984126984,1,1,1,1,"gas,gold,oil,silver",262.3370744485831,5.569630220569779,0.0,0.01,3.627061434546221,1.2884227982731762,0.0,0.018,0.0,0,0
1211,1997-07-11,28.496031746031747,1,1,1,1,"gas,gold,oil,silver",267.51218104305565,5.589165101908855,0.0,0.01,3.7664644138304064,1.3261367401652784,0.0,0.018,0.0,0,0
1212,1997-07-16,28.50793650793651,1,1,1,1,"gas,gold,oil,silver",256.7074950773943,5.547937285259161,0.0,0.01,3.5559637988681185,1.268626137304034,0.0,0.018,0.0,0,0
1213,1997-07-21,28.51984126984127,1,1,1,1,"gas,gold,oil,silver",259.7081928038057,5.559558665355566,0.0,0.01,3.5191883136383955,1.2582303703030526,0.0,0.018,0.0,0,0
1214,1997-07-24,28.53174603174603,0,1,1,0,"gas,silver",,,,,3.530476924843836,1.2614329680072418,0.0,0.018,0.0,0,0
1215,1997-07-28,28.53968253968254,1,1,1,1,"gas,gold,oil,silver",263.00316188101,5.572166054466751,0.0,0.01,3.6195961985355676,1.2863624722499443,0.0,0.018,0.0,0,0
1216,1997-07-31,28.5515873015873,0,1,1,1,"gas,oil,silver",,,,,3.557932225927076,1.2691795406999602,0.0,0.018,0.0,0,0
1217,1997-08-05,28.563492063492063,1,1,1,1,"gas,gold,oil,silver",261.4223946845237,5.566137469611234,0.0,0.01,3.4492085686577094,1.2381448043379046,0.0,0.018,0.0,0,0
1218,1997-08-08,28.575396825396826,1,1,1,1,"gas,gold,oil,silver",263.6217238464073,5.574515211396569,0.0,0.01,3.4383434613822934,1.2349898034781912,0.0,0.018,0.0,0,0
1219,1997-08-13,28.58730158730159,0,1,1,1,"gas,oil,silver",,,,,3.192108681554447,1.1606817271139684,0.0,0.018,0.0,0,0
1220,1997-08-18,28.599206349206348,1,1,1,1,"gas,gold,oil,silver",251.65236301690197,5.528048623271276,0.0,0.01,3.1905351145224023,1.1601886502279004,0.0,0.018,0.0,0,0
1221,1997-08-21,28.61111111111111,1,1,1,1,"gas,gold,oil,silver",250.69562182490324,5.524239541210012,0.0,0.01,3.0514651227372136,1.1156218433900569,0.0,0.018,0.0,0,0
1222,1997-08-26,28.623015873015873,1,1,1,1,"gas,gold,oil,silver",253.59593971542037,5.535742211849018,0.0,0.01,3.1103481695050528,1.1347346715343707,0.0,0.018,0.0,0,0
1223,1997-08-28,28.63095238095238,1,1,1,1,"gas,gold,oil,silver",249.97058019862067,5.521343231731988,0.0,0.01,3.0579422557118385,1.1177422243043325,0.0,0.018,0.0,0,0
1224,1997-09-02,28.642857142857142,0,1,1,1,"gas,oil,silver",,,,,3.0833601278384895,1.1260199529282457,0.0,0.018,0.0,0,0
1225,1997-09-05,28.654761904761905,1,0,1,1,"gas,gold,oil",251.45258853669534,5.527254457004021,0.0,0.01,,,,,0.0,0,0
1226,1997-09-10,28.666666666666668,0,1,1,1,"gas,oil,silver",,,,,3.0911584865161754,1.1285459353768417,0.0,0.018,0.0,0,0
1227,1997-09-15,28.678571428571427,1,1,1,1,"gas,gold,oil,silver",246.42963984371497,5.507076515998432,0.0,0.01,3.142745195442287,1.1450966840366088,0.0,0.018,0.0,0,0
1228,1997-09-18,28.69047619047619,1,1,1,1,"gas,gold,oil,silver",246.24041541926712,5.506308357139451,0.0,0.01,3.0811172384093117,1.125292270954611,0.0,0.018,0.0,0,0
1229,1997-09-23,28.702380952380953,1,1,1,1,"gas,gold,oil,silver",252.06744324333826,5.529696683622399,0.0,0.01,3.0629823019181144,1.1193890498117822,0.0,0.018,0.0,0,0
1230,1997-09-26,28.714285714285715,1,1,1,1,"gas,gold,oil,silver",254.6540941379545,5.539906130711501,0.0,0.01,3.1680054490306673,1.1531021939730068,0.0,0.018,0.0,0,0
1231,1997-09-30,28.72222222222222,1,1,0,1,"gold,oil,silver",249.11221985104854,5.517903477070743,0.0,0.01,3.057396271139422,1.1175636619658877,0.0,0.018,0.0,0,0
1232,1997-10-03,28.734126984126984,1,1,1,1,"gas,gold,oil,silver",245.3494494672772,5.502683518666581,0.0,0.01,2.997552158277567,1.0977960083611602,0.0,0.018,0.0,0,0
1233,1997-10-08,28.746031746031747,0,1,1,1,"gas,oil,silver",,,,,2.9934953290042934,1.0964417110026614,0.0,0.018,0.0,0,0
1234,1997-10-13,28.75793650793651,1,1,1,1,"gas,gold,oil,silver",245.79253547614675,5.504487828388249,0.0,0.01,2.9785434242367352,1.0914343972103897,0.0,0.018,0.0,0,0
1235,1997-10-16,28.76984126984127,1,1,1,1,"gas,gold,oil,silver",239.44458430538538,5.478322009307476,0.0,0.01,2.7812553779878413,1.0229024005890934,0.0,0.018,0.0,0,0
1236,1997-10-21,28.78174603174603,1,1,1,1,"gas,gold,oil,silver",240.79340271833723,5.483939315710254,0.0,0.01,2.8121314490397626,1.0339427186025851,0.0,0.018,0.0,0,0
1237,1997-10-24,28.793650793650794,0,0,1,1,"gas,oil",,,,,,,,,0.0,0,0
1238,1997-10-28,28.8015873015873,1,1,0,1,"gold,oil,silver",240.15704020265972,5.481293043536471,0.0,0.01,2.7466933717812854,1.01039777794191,0.0,0.018,0.0,0,0
1239,1997-10-31,28.813492063492063,1,1,1,1,"gas,gold,oil,silver",236.85525650741596,5.467449222526134,0.0,0.01,2.6634081508033147,0.9796065623813355,0.0,0.018,0.0,0,0
1240,1997-11-05,28.825396825396826,1,1,1,1,"gas,gold,oil,silver",240.36454508856784,5.48215670879172,0.0,0.01,2.8448801634316223,1.0455209448744927,0.0,0.018,0.0,0,0
1241,1997-11-10,28.83730158730159,1,0,0,1,"gold,oil",233.11574422038427,5.451535086533792,0.0,0.01,,,,,0.0,0,0
1242,1997-11-13,28.849206349206348,1,1,1,1,"gas,gold,oil,silver",224.94435024230816,5.415853039356345,0.0,0.01,2.644200522028337,0.9723687595177628,0.0,0.018,0.0,0,0
1243,1997-11-18,28.86111111111111,1,0,1,0,"gas,gold",224.18843694432297,5.412486934572636,0.0,0.01,,,,,0.0,0,0
1244,1997-11-21,28.873015873015873,1,1,1,1,"gas,gold,oil,silver",226.11509857115314,5.421044155343399,0.0,0.01,2.6407797427648063,0.9710742306567821,0.0,0.018,0.0,0,0
1245,1997-11-26,28.884920634920636,0,1,1,1,"gas,oil,silver",,,,,2.5595017418250348,0.9398126074485902,0.0,0.018,0.0,0,0
1246,1997-11-28,28.892857142857142,1,1,1,1,"gas,gold,oil,silver",222.79890845402977,5.406269608822231,0.0,0.01,2.601965363676629,0.9562670685784371,0.0,0.018,0.0,0,0
1247,1997-12-03,28.904761904761905,0,1,0,1,"oil,silver",,,,,2.6125436130035062,0.9603243111242206,0.0,0.018,0.0,0,0
1248,1997-12-08,28.916666666666668,1,1,1,1,"gas,gold,oil,silver",228.85070131951025,5.433069831632907,0.0,0.01,2.7081976650725132,0.9962833453966977,0.0,0.018,0.0,0,0
1249,1997-12-11,28.928571428571427,1,1,1,1,"gas,gold,oil,silver",230.2509422710212,5.439169767509328,0.0,0.01,2.693809352025067,0.9909563078615564,0.0,0.018,0.0,0,0
1250,1997-12-16,28.94047619047619,1,1,1,1,"gas,gold,oil,silver",222.75733460566423,5.4060829933314425,0.0,0.01,2.525576582619147,0.92646938621167,0.0,0.018,0.0,0,0
1251,1997-12-19,28.952380952380953,1,1,1,1,"gas,gold,oil,silver",219.12922542492987,5.389661626226866,0.0,0.01,2.46526409025173,0.9022989377607602,0.0,0.018,0.0,0,0
1252,1997-12-24,28.964285714285715,1,1,1,1,"gas,gold,oil,silver",221.73012474761393,5.401460988075192,0.0,0.01,2.514932576438254,0.9222459946190875,0.0,0.018,0.0,0,0
1253,1997-12-29,28.976190476190474,1,0,1,1,"gas,gold,oil",217.875310085424,5.383922927065444,0.0,0.01,,,,,0.0,0,0
1254,1997-12-31,28.984126984126984,1,1,1,1,"gas,gold,oil,silver",218.8530191136696,5.3884003588977905,0.0,0.01,2.3956965663409933,0.8736740304726038,0.0,0.018,0.0,0,0
1255,1998-01-05,28.996031746031747,1,1,1,1,"gas,gold,oil,silver",221.2448408700659,5.399269965514771,0.0,0.01,2.3844339312194234,0.8689617507687664,0.0,0.018,0.0,0,0
1256,1998-01-08,29.00793650793651,0,1,1,1,"gas,oil,silver",,,,,2.4072116679724793,0.8784690934358093,0.0,0.018,0.0,0,0
1257,1998-01-13,29.01984126984127,1,1,1,1,"gas,gold,oil,silver",225.5008883415803,5.418324098365485,0.0,0.01,2.516684557707016,0.92294238359021,0.0,0.018,0.0,0,0
1258,1998-01-16,29.03174603174603,1,1,1,1,"gas,gold,oil,silver",230.58509772648148,5.440619981837297,0.0,0.01,2.5277239912045526,0.9273192896295634,0.0,0.018,0.0,0,0
1259,1998-01-21,29.043650793650794,1,1,1,1,"gas,gold,oil,silver",237.1355979599684,5.468632120814568,0.0,0.01,2.634861533706236,0.9688306317344961,0.0,0.018,0.0,0,0
1260,1998-01-26,29.055555555555557,1,1,1,0,"gas,gold,silver",240.58644507230997,5.483079463933208,0.0,0.01,2.6641161593654736,0.9798723550929616,0.0,0.018,0.0,0,0
1261,1998-01-29,29.067460317460316,1,1,0,1,"gold,oil,silver",245.89775121017448,5.504915804040738,0.0,0.01,2.7622612451523234,1.0160496360146531,0.0,0.018,0.0,0,0
1262,1998-02-02,29.075396825396826,0,1,1,1,"gas,oil,silver",,,,,2.7765104926018913,1.0211949207674396,0.0,0.018,0.0,0,0
1263,1998-02-05,29.08730158730159,0,1,1,1,"gas,oil,silver",,,,,2.8268887792576547,1.0391767356162132,0.0,0.018,0.0,0,0
1264,1998-02-10,29.099206349206348,1,0,1,0,"gas,gold",271.62422739446635,5.604419594189544,0.0,0.01,,,,,0.0,0,0
1265,1998-02-13,29.11111111111111,1,1,1,1,"gas,gold,oil,silver",260.90660344646295,5.564162502080961,0.0,0.01,2.8216009217245017,1.0373044266069689,0.0,0.018,0.0,0,0
1266,1998-02-18,29.123015873015873,1,1,0,1,"gold,oil,silver",259.0614750635587,5.557065388992943,0.0,0.01,2.779432371092252,1.0222467237940056,0.0,0.018,0.0,0,0
1267,1998-02-23,29.134920634920636,1,1,1,1,"gas,gold,oil,silver",265.7391453259832,5.582515170954118,0.0,0.01,2.880416044786769,1.05793474370992,0.0,0.018,0.0,0,0
1268,1998-02-26,29.146825396825395,1,1,1,1,"gas,gold,oil,silver",262.76487138975625,5.571259607164936,0.0,0.01,2.7752982931115495,1.020758234434609,0.0,0.018,0.0,0,0
1269,1998-03-02,29.154761904761905,1,1,1,1,"gas,gold,oil,silver",263.5979833053651,5.574425152012459,0.0,0.01,2.7967336580172892,1.0284521855231434,0.0,0.018,0.0,0,0
1270,1998-03-05,29.166666666666668,1,0,1,1,"gas,gold,oil",266.05481597162,5.583702362632424,0.0,0.01,,,,,0.0,0,0
1271,1998-03-10,29.178571428571427,1,1,1,0,"gas,gold,silver",261.5615510985731,5.566669632858138,0.0,0.01,2.750248594782049,1.011691305695381,0.0,0.018,0.0,0,0
1272,1998-03-13,29.19047619047619,1,1,1,1,"gas,gold,oil,silver",255.61587908207557,5.543675845307973,0.0,0.01,2.655155633024032,0.9765032718173283,0.0,0.018,0.0,0,0
1273,1998-03-18,29.202380952380953,1,0,1,1,"gas,gold,oil",260.36370336857834,5.562079512633516,0.0,0.01,,,,,0.0,0,0
1274,1998-03-23,29.214285714285715,1,1,0,1,"gold,oil,silver",254.6881508555961,5.5400398589385516,0.0,0.01,2.6735346454812796,0.9834014341711148,0.0,0.018,0.0,0,0
1275,1998-03-26,29.226190476190474,1,1,0,1,"gold,oil,silver",248.90070492537748,5.517054041532563,0.0,0.01,2.5885893328518668,0.9511130682002285,0.0,0.018,0.0,0,0
1276,1998-03-31,29.238095238095237,1,1,1,1,"gas,gold,oil,silver",253.24625619246717,5.534362359969047,0.0,0.01,2.657337757018578,0.9773247783894994,0.0,0.018,0.0,0,0
1277,1998-04-02,29.246031746031747,1,0,0,1,"gold,oil",255.47811851414542,5.543136764152983,0.0,0.01,,,,,0.0,0,0
1278,1998-04-07,29.25793650793651,1,1,1,1,"gas,gold,oil,silver",261.59258531885536,5.5667882755989995,0.0,0.01,2.7854687704912013,1.0244161789605626,0.0,0.018,0.0,0,0
1279,1998-04-10,29.26984126984127,1,1,1,0,"gas,gold,silver",256.28549280318157,5.546292029361422,0.0,0.01,2.646670085924729,0.9733022785012069,0.0,0.018,0.0,0,0
1280,1998-04-15,29.28174603174603,1,1,1,1,"gas,gold,oil,silver",248.94556842891618,5.517234271881011,0.0,0.01,2.530080138536605,0.928250977548688,0.0,0.018,0.0,0,0
1281,1998-04-20,29.293650793650794,1,1,0,0,"gold,silver",258.98131128960205,5.556755901913079,0.0,0.01,2.67460736033015,0.9838025883895669,0.0,0.018,0.0,0,0
1282,1998-04-23,29.305555555555557,0,1,1,1,"gas,oil,silver",,,,,2.5655677348693873,0.9421797932612068,0.0,0.018,0.0,0,0
1283,1998-04-28,29.317460317460316,1,1,1,1,"gas,gold,oil,silver",256.37506000910145,5.546641450460197,0.0,0.01,2.5540630965152578,0.9376854622837507,0.0,0.018,0.0,0,0
1284,1998-05-01,29.32936507936508,1,0,1,1,"gas,gold,oil",261.5884393904047,5.566772426673848,0.0,0.01,,,,,0.0,0,0
1285,1998-05-05,29.33730158730159,1,1,1,1,"gas,gold,oil,silver",260.617878456999,5.563055267314503,0.0,0.01,2.55284336762548,0.9372077840957771,0.0,0.018,0.0,0,0
1286,1998-05-08,29.349206349206348,1,1,1,1,"gas,gold,oil,silver",257.1049202785262,5.549484251694814,0.0,0.01,2.5358754174281217,0.9305389097484509,0.0,0.018,0.0,0,0
1287,1998-05-13,29.36111111111111,1,1,1,1,"gas,gold,oil,silver",263.3490089024656,5.573480182498985,0.0,0.01,2.6501820875770803,0.9746283499307873,0.0,0.018,0.0,0,0
1288,1998-05-18,29.373015873015873,1,1,1,1,"gas,gold,oil,silver",262.343858950145,5.569656082007199,0.0,0.01,2.6155258441904072,0.9614651649459911,0.0,0.018,0.0,0,0
1289,1998-05-21,29.384920634920636,1,0,1,0,"gas,gold",261.5364624742382,5.56657370963265,0.0,0.01,,,,,0.0,0,0
1290,1998-05-26,29.396825396825395,1,1,1,1,"gas,gold,oil,silver",255.99892972135524,5.545173263694867,0.0,0.01,2.6373107849238617,0.9697597559154978,0.0,0.018,0.0,0,0
1291,1998-05-29,29.408730158730158,1,1,0,0,"gold,silver",259.49103144837477,5.558722141116119,0.0,0.01,2.733255759037926,1.0054934843595709,0.0,0.018,0.0,0,0
1292,1998-06-02,29.416666666666668,1,1,0,1,"gold,oil,silver",256.86078812305755,5.548534257678332,0.0,0.01,2.6874438516929104,0.9885905008421965,0.0,0.018,0.0,0,0
1293,1998-06-05,29.428571428571427,1,1,1,1,"gas,gold,oil,silver",259.8343065471904,5.560044145353908,0.0,0.01,2.783615639936782,1.0237506725734282,0.0,0.018,0.0,0,0
1294,1998-06-10,29.44047619047619,0,0,1,1,"gas,oil",,,,,,,,,0.0,0,0
1295,1998-06-15,29.452380952380953,1,1,1,1,"gas,gold,oil,silver",261.25689695253635,5.565504202748873,0.0,0.01,2.676003912189262,0.9843246042190472,0.0,0.018,0.0,0,0
1296,1998-06-18,29.464285714285715,0,1,1,0,"gas,silver",,,,,2.642033429865474,0.9715488592621235,0.0,0.018,0.0,0,0
1297,1998-06-23,29.476190476190474,1,1,1,1,"gas,gold,oil,silver",258.26874599010654,5.554000693903978,0.0,0.01,2.5698246274801346,0.9438376582442094,0.0,0.018,0.0,0,0
1298,1998-06-26,29.488095238095237,0,1,1,1,"gas,oil,silver",,,,,2.725106726177837,1.0025075929181049,0.0,0.018,0.0,0,0
1299,1998-07-01,29.5,1,1,1,1,"gas,gold,oil,silver",269.18320534257066,5.5953922085382635,0.0,0.01,2.832886579578076,1.0412961845997373,0.0,0.018,0.0,0,0
1300,1998-07-03,29.50793650793651,1,1,0,1,"gold,oil,silver",271.02237127322724,5.602201368296286,0.0,0.01,2.929595567456451,1.074864381916911,0.0,0.018,0.0,0,0
1301,1998-07-08,29.51984126984127,1,1,1,1,"gas,gold,oil,silver",279.9877296108198,5.634745779390501,0.0,0.01,3.099724861508178,1.1313133531999993,0.0,0.018,0.0,0,0
1302,1999-07-21,30.591269841269842,1,1,1,0,"gas,gold,silver",312.90997011765927,5.745915513758316,0.0,0.01,3.98627638689435,1.382857558798265,0.0,0.018,0.0,0,0
1303,1999-07-26,30.603174603174605,0,1,1,1,"gas,oil,silver",,,,,3.9969925451105963,1.3855422146062553,0.0,0.018,0.0,0,0
1304,1999-07-29,30.615079365079364,1,1,1,1,"gas,gold,oil,silver",325.1181606990284,5.784188687635304,0.0,0.01,4.054129063563852,1.3997358836266152,0.0,0.018,0.0,0,0
1305,1999-08-03,30.626984126984127,1,1,1,1,"gas,gold,oil,silver",333.396869966252,5.809333582049025,0.0,0.01,4.141091606575724,1.4209594261675078,0.0,0.018,0.0,0,0
1306,1999-08-06,30.63888888888889,1,1,1,1,"gas,gold,oil,silver",326.5084163319055,5.788455725817348,0.0,0.01,3.9672260336664094,1.3780671183981184,0.0,0.018,0.0,0,0
1307,1999-08-11,30.650793650793652,1,1,1,1,"gas,gold,oil,silver",331.2160205743414,5.802770792640591,0.0,0.01,4.204255295446841,1.4360971779660647,0.0,0.018,0.0,0,0
1308,1999-08-13,30.658730158730158,1,0,0,1,"gold,oil",329.5385673054568,5.7976933950609855,0.0,0.01,,,,,0.0,0,0
1309,1999-08-18,30.67063492063492,1,1,1,1,"gas,gold,oil,silver",337.34069882559123,5.821093395404148,0.0,0.01,4.346651536629131,1.4694057869874828,0.0,0.018,0.0,0,0
1310,1999-08-23,30.682539682539684,0,0,1,1,"gas,oil",,,,,,,,,0.0,0,0
1311,1999-08-26,30.694444444444443,1,1,1,1,"gas,gold,oil,silver",338.74121154443833,5.825236428077109,0.0,0.01,4.4437165014022995,1.4914910761786486,0.0,0.018,0.0,0,0
1312,1999-08-31,30.706349206349206,1,0,0,0,gold,336.7417563060782,5.819316334830705,0.0,0.01,,,,,0.0,0,0
1313,1999-09-03,30.71825396825397,1,1,1,1,"gas,gold,oil,silver",340.5735347061897,5.830631063231329,0.0,0.01,4.4678584863097575,1.4969092079904478,0.0,0.018,0.0,0,0
1314,1999-09-08,30.73015873015873,1,0,1,1,"gas,gold,oil",335.05997586750135,5.814309548240974,0.0,0.01,,,,,0.0,0,0
1315,1999-09-13,30.74206349206349,1,1,1,1,"gas,gold,oil,silver",343.02228491466377,5.8377954156521294,0.0,0.01,4.547455125887765,1.5145677634972998,0.0,0.018,0.0,0,0
1316,1999-09-15,30.75,1,1,1,0,"gas,gold,silver",344.27429512458804,5.841438709191409,0.0,0.01,4.678451408771135,1.542967159609816,0.0,0.018,0.0,0,0
1317,1999-09-20,30.761904761904763,1,1,1,1,"gas,gold,oil,silver",356.2692640773075,5.87568680472385,0.0,0.01,5.0374094926635555,1.616891960394486,0.0,0.018,0.0,0,0
1318,1999-09-23,30.773809523809526,1,0,1,1,"gas,gold,oil",352.3266249288296,5.864558657083769,0.0,0.01,,,,,0.0,0,0
1319,1999-09-28,30.785714285714285,1,1,1,0,"gas,gold,silver",349.276627083654,5.855864235985807,0.0,0.01,4.792014208395615,1.5669508258328793,0.0,0.018,0.0,0,0
1320,1999-10-01,30.797619047619047,1,0,1,1,"gas,gold,oil",341.58778877928376,5.8336047141422265,0.0,0.01,,,,,0.0,0,0
1321,1999-10-06,30.80952380952381,1,1,1,0,"gas,gold,silver",356.54706110559533,5.876466239853315,0.0,0.01,4.883178034014577,1.5857962443809974,0.0,0.018,0.0,0,0
1322,1999-10-11,30.821428571428573,0,0,1,0,gas,,,,,,,,,0.0,0,0
1323,1999-10-13,30.82936507936508,1,1,1,1,"gas,gold,oil,silver",342.5502444877869,5.836418346177414,0.0,0.01,4.701055500356349,1.5477870580468287,0.0,0.018,0.0,0,0
1324,1999-10-18,30.841269841269842,1,1,0,1,"gold,oil,silver",339.37718507169865,5.8271121291844485,0.0,0.01,4.57234735824913,1.520026718166708,0.0,0.018,0.0,0,0
1325,1999-10-21,30.853174603174605,1,1,1,1,"gas,gold,oil,silver",344.8442002061131,5.843092721426789,0.0,0.01,4.7138069416885156,1.5504958494301737,0.0,0.018,0.0,0,0
1326,1999-10-26,30.865079365079364,1,1,1,1,"gas,gold,oil,silver",347.22715046756514,5.849979178080146,0.0,0.01,4.858206775689619,1.580669393628385,0.0,0.018,0.0,0,0
1327,1999-10-29,30.876984126984127,1,1,1,1,"gas,gold,oil,silver",357.8778226601557,5.880191650666688,0.0,0.01,5.195459981226688,1.6477851636972574,0.0,0.018,0.0,0,0
1328,1999-11-03,30.88888888888889,1,1,1,1,"gas,gold,oil,silver",367.3075891555688,5.906199614620248,0.0,0.01,5.422743954569823,1.6906019520236066,0.0,0.018,0.0,0,0
1329,1999-11-08,30.900793650793652,1,1,1,1,"gas,gold,oil,silver",380.4387785413099,5.941325266961648,0.0,0.01,5.758060155858161,1.7506006394883393,0.0,0.018,0.0,0,0
1330,1999-11-11,30.91269841269841,0,1,0,1,"oil,silver",,,,,5.796880511622137,1.7573199300392703,0.0,0.018,0.0,0,0
1331,1999-11-15,30.92063492063492,1,1,1,1,"gas,gold,oil,silver",372.95445168788154,5.921456298750048,0.0,0.01,5.589546948998405,1.7208982371917432,0.0,0.018,0.0,0,0
1332,1999-11-18,30.932539682539684,1,0,1,0,"gas,gold",378.87657493634134,5.937210492245187,0.0,0.01,,,,,0.0,0,0
1333,1999-11-23,30.944444444444443,1,1,1,1,"gas,gold,oil,silver",376.94468007818614,5.932098439487915,0.0,0.01,5.531809508010937,1.7105149786490605,0.0,0.018,0.0,0,0
1334,1999-11-26,30.956349206349206,1,0,0,1,"gold,oil",379.161288562775,5.937961678046138,0.0,0.01,,,,,0.0,0,0
1335,1999-12-01,30.96825396825397,1,1,1,1,"gas,gold,oil,silver",369.94398035760054,5.913351589736544,0.0,0.01,5.385639643803659,1.6837360860619117,0.0,0.018,0.0,0,0
1336,1999-12-06,30.98015873015873,1,1,1,1,"gas,gold,oil,silver",376.7692938010947,5.93163304734624,0.0,0.01,5.370407014640832,1.680903699808845,0.0,0.018,0.0,0,0
1337,1999-12-09,30.99206349206349,1,1,0,0,"gold,silver",374.7263452342618,5.926196013534192,0.0,0.01,5.2652408343557955,1.6611268870575018,0.0,0.018,0.0,0,0
1338,1999-12-14,31.003968253968253,1,0,1,1,"gas,gold,oil",379.5851181422609,5.939078861916328,0.0,0.01,,,,,0.0,0,0
1339,1999-12-16,31.011904761904763,1,0,1,1,"gas,gold,oil",387.3629084200908,5.959362001474476,0.0,0.01,,,,,0.0,0,0
1340,1999-12-21,31.023809523809526,1,1,1,1,"gas,gold,oil,silver",387.9496936485926,5.960875675672402,0.0,0.01,5.61848216729513,1.7260615504344914,0.0,0.018,0.0,0,0
1341,1999-12-24,31.035714285714285,0,1,1,0,"gas,silver",,,,,5.754541692744739,1.7499894026421012,0.0,0.018,0.0,0,0
1342,1999-12-29,31.047619047619047,0,1,1,1,"gas,oil,silver",,,,,5.8018470187408475,1.7581763183644974,0.0,0.018,0.0,0,0
1343,2000-01-03,31.05952380952381,1,1,1,1,"gas,gold,oil,silver",403.8822186598434,6.00112329748501,0.0,0.01,5.770231929540402,1.7527122754730817,0.0,0.018,0.0,0,0
1344,2000-01-06,31.071428571428573,0,1,1,1,"gas,oil,silver",,,,,5.909278547451409,1.7765237507771978,0.0,0.018,0.0,0,0
1345,2000-01-11,31.083333333333332,1,0,1,1,"gas,gold,oil",404.4996452269809,6.002650859432602,0.0,0.01,,,,,0.0,0,0
1346,2000-01-13,31.091269841269842,1,0,1,1,"gas,gold,oil",399.0221587960916,5.98901695117761,0.0,0.01,,,,,0.0,0,0
1347,2000-01-18,31.103174603174605,1,1,0,1,"gold,oil,silver",395.4765796478282,5.980091568381813,0.0,0.01,5.747587395995057,1.7487801834543464,0.0,0.018,0.0,0,0
1348,2000-01-21,31.115079365079364,1,1,1,1,"gas,gold,oil,silver",387.74370771845304,5.960344574248519,0.0,0.01,5.664423840394344,1.734205184169848,0.0,0.018,0.0,0,0
1349,2000-01-26,31.126984126984127,1,0,1,1,"gas,gold,oil",392.5114998964658,5.972565835892529,0.0,0.01,,,,,0.0,0,0
1350,2000-01-31,31.13888888888889,1,1,0,1,"gold,oil,silver",388.13421116285866,5.961351184870825,0.0,0.01,5.879089561394353,1.7714019134245684,0.0,0.018,0.0,0,0
1351,2000-02-03,31.150793650793652,1,1,1,1,"gas,gold,oil,silver",378.470420531729,5.936137920634077,0.0,0.01,5.724316624454301,1.7447231754079613,0.0,0.018,0.0,0,0
1352,2000-02-08,31.16269841269841,1,1,1,1,"gas,gold,oil,silver",375.7416241706396,5.928901737421602,0.0,0.01,5.8061148106208025,1.75891163988519,0.0,0.018,0.0,0,0
1353,2000-02-11,31.174603174603174,1,1,1,1,"gas,gold,oil,silver",372.6386291310215,5.920609127326724,0.0,0.01,5.636189830042429,1.7292082751658877,0.0,0.018,0.0,0,0
1354,2000-02-15,31.182539682539684,1,1,1,0,"gas,gold,silver",369.77443369666804,5.912893181075409,0.0,0.01,5.568962939432924,1.7172088497879245,0.0,0.018,0.0,0,0
1355,2000-02-18,31.194444444444443,1,1,1,1,"gas,gold,oil,silver",368.77702415393543,5.910192190809934,0.0,0.01,5.59358330928836,1.7216201031401863,0.0,0.018,0.0,0,0
1356,2000-02-23,31.206349206349206,0,1,1,0,"gas,silver",,,,,5.683029684625798,1.7374844857090141,0.0,0.018,0.0,0,0
1357,2000-02-28,31.21825396825397,1,1,1,1,"gas,gold,oil,silver",370.73313791461044,5.915482498971235,0.0,0.01,5.575943719326754,1.7184615800297294,0.0,0.018,0.0,0,0
1358,2000-03-02,31.23015873015873,0,1,0,1,"oil,silver",,,,,5.574163089507378,1.7181421876032636,0.0,0.018,0.0,0,0
1359,2000-03-07,31.24206349206349,1,1,1,1,"gas,gold,oil,silver",369.8053172330502,5.912976697522043,0.0,0.01,5.428954284240176,1.691746534228471,0.0,0.018,0.0,0,0
1360,2000-03-10,31.253968253968253,1,1,1,1,"gas,gold,oil,silver",380.3438494567668,5.941075710566583,0.0,0.01,5.7945691574769285,1.7569211267416975,0.0,0.018,0.0,0,0
1361,2000-03-15,31.265873015873016,1,1,1,1,"gas,gold,oil,silver",375.41497041003083,5.928032001913569,0.0,0.01,5.910823203122251,1.776785111586475,0.0,0.018,0.0,0,0
1362,2000-03-17,31.273809523809526,1,1,1,1,"gas,gold,oil,silver",375.4330982968143,5.928080288344719,0.0,0.01,5.8784214190899355,1.7712882597258826,0.0,0.018,0.0,0,0
1363,2000-03-22,31.285714285714285,1,1,0,1,"gold,oil,silver",379.41741291932163,5.938636952386899,0.0,0.01,5.957376382546608,1.7846301798882114,0.0,0.018,0.0,0,0
1364,2000-03-27,31.297619047619047,1,1,1,1,"gas,gold,oil,silver",387.3953119524885,5.959445649589629,0.0,0.01,6.045144665309393,1.799255415179808,0.0,0.018,0.0,0,0
1365,2000-03-30,31.30952380952381,1,1,1,1,"gas,gold,oil,silver",385.09819087498914,5.953498343004036,0.0,0.01,6.107037845550318,1.8094418512989725,0.0,0.018,0.0,0,0
1366,2000-04-04,31.321428571428573,1,1,1,1,"gas,gold,oil,silver",384.41553429611224,5.951724088080103,0.0,0.01,6.287158565079186,1.838509230186613,0.0,0.018,0.0,0,0
1367,2000-04-07,31.333333333333332,1,1,1,0,"gas,gold,silver",380.74374474584516,5.942126562870377,0.0,0.01,6.086879163896721,1.8061354978110014,0.0,0.018,0.0,0,0
1368,2000-04-12,31.345238095238095,1,1,1,1,"gas,gold,oil,silver",375.82433854707523,5.9291218495098885,0.0,0.01,5.879994933245702,1.7715559002172565,0.0,0.018,0.0,0,0
1369,2000-04-17,31.357142857142858,1,1,1,1,"gas,gold,oil,silver",381.30706568967986,5.943604997218134,0.0,0.01,6.017657170011812,1.7946980091560705,0.0,0.018,0.0,0,0
1370,2000-04-19,31.365079365079364,0,0,1,1,"gas,oil",,,,,,,,,0.0,0,0
1371,2000-04-24,31.376984126984127,1,1,1,0,"gas,gold,silver",378.9777240514764,5.937477427765302,0.0,0.01,5.926361840524624,1.7794105071125808,0.0,0.018,0.0,0,0
1372,2000-04-27,31.38888888888889,1,1,1,1,"gas,gold,oil,silver",377.2420553363366,5.932887038012916,0.0,0.01,5.860341638204314,1.7682079019244061,0.0,0.018,0.0,0,0
1373,2000-05-02,31.400793650793652,1,1,1,1,"gas,gold,oil,silver",380.4157403850842,5.941264708324853,0.0,0.01,5.617154971601834,1.7258253029154478,0.0,0.018,0.0,0,0
1374,2000-05-05,31.41269841269841,1,1,1,1,"gas,gold,oil,silver",374.52550702528066,5.925659910184735,0.0,0.01,5.340405894762283,1.6753016603385795,0.0,0.018,0.0,0,0
1375,2000-05-10,31.424603174603174,1,0,1,1,"gas,gold,oil",366.99887772760036,5.905358790086953,0.0,0.01,,,,,0.0,0,0
1376,2000-05-15,31.436507936507937,1,1,0,1,"gold,oil,silver",362.1327489254508,5.8920108543430025,0.0,0.01,4.8743971252520035,1.5839964301874905,0.0,0.018,0.0,0,0
1377,2000-05-17,31.444444444444443,1,1,1,1,"gas,gold,oil,silver",362.47928084504935,5.8929673163717275,0.0,0.01,4.7118717594069475,1.550085230233376,0.0,0.018,0.0,0,0
1378,2000-05-22,31.456349206349206,1,1,1,1,"gas,gold,oil,silver",357.00968692382247,5.877762915651911,0.0,0.01,4.729763859080998,1.5538752771732374,0.0,0.018,0.0,0,0
1379,2000-05-25,31.46825396825397,1,0,0,1,"gold,oil",346.68476504373444,5.848415908961504,0.0,0.01,,,,,0.0,0,0
1380,2000-05-30,31.48015873015873,1,0,1,1,"gas,gold,oil",348.3787217480396,5.85329016891129,0.0,0.01,,,,,0.0,0,0
1381,2000-06-02,31.49206349206349,1,1,1,1,"gas,gold,oil,silver",342.03288816642254,5.834906896668428,0.0,0.01,4.5302437483855,1.5107757456379842,0.0,0.018,0.0,0,0
1382,2000-06-07,31.503968253968253,1,0,1,1,"gas,gold,oil",340.80329747514514,5.831305470598331,0.0,0.01,,,,,0.0,0,0
1383,2000-06-12,31.515873015873016,1,1,1,1,"gas,gold,oil,silver",345.31474427400553,5.844456303380091,0.0,0.01,4.6899287157487,1.5454173831419755,0.0,0.018,0.0,0,0
1384,2000-06-15,31.52777777777778,1,1,1,1,"gas,gold,oil,silver",351.91665773832693,5.863394379775335,0.0,0.01,4.640500063600174,1.5348221327587677,0.0,0.018,0.0,0,0
1385,2000-06-19,31.535714285714285,0,1,1,1,"gas,oil,silver",,,,,4.62403443852786,1.5312675791208583,0.0,0.018,0.0,0,0
1386,2000-06-22,31.547619047619047,0,0,1,0,gas,,,,,,,,,0.0,0,0
1387,2000-06-27,31.55952380952381,1,1,1,1,"gas,gold,oil,silver",352.9460788791124,5.866315294214994,0.0,0.01,4.6319908073359475,1.5329867556694043,0.0,0.018,0.0,0,0
1388,2000-06-30,31.571428571428573,0,0,0,1,oil,,,,,,,,,0.0,0,0
1389,2000-07-05,31.583333333333332,0,1,1,0,"gas,silver",,,,,4.598668638212221,1.5257668351275195,0.0,0.018,0.0,0,0
1390,2000-07-10,31.595238095238095,1,1,1,1,"gas,gold,oil,silver",342.0301147533941,5.8348987880204914,0.0,0.01,4.4068115285542016,1.4831514185632686,0.0,0.018,0.0,0,0
1391,2000-07-13,31.607142857142858,0,0,1,0,gas,,,,,,,,,0.0,0,0
1392,2000-07-18,31.61904761904762,0,0,1,0,gas,,,,,,,,,0.0,0,0
1393,2000-07-20,31.626984126984127,1,1,1,1,"gas,gold,oil,silver",352.6616727031983,5.865509163072931,0.0,0.01,4.460307757113045,1.4952177674883231,0.0,0.018,0.0,0,0
1394,2000-07-25,31.63888888888889,1,1,1,1,"gas,gold,oil,silver",351.8609356145378,5.863236028260789,0.0,0.01,4.400026991966108,1.481610675443151,0.0,0.018,0.0,0,0
1395,2000-07-28,31.650793650793652,1,1,1,1,"gas,gold,oil,silver",355.0991410624259,5.872397021085024,0.0,0.01,4.383008767699038,1.477735421822314,0.0,0.018,0.0,0,0
1396,2000-08-02,31.66269841269841,1,1,1,1,"gas,gold,oil,silver",363.0600137029657,5.894568147605263,0.0,0.01,4.346590159974693,1.4693916664426776,0.0,0.018,0.0,0,0
1397,2000-08-07,31.674603174603174,1,1,1,1,"gas,gold,oil,silver",361.0149722246428,5.888919431779335,0.0,0.01,4.331367082001852,1.46588321551034,0.0,0.018,0.0,0,0
1398,2000-08-10,31.686507936507937,1,1,1,1,"gas,gold,oil,silver",352.63749400118996,5.86544060010516,0.0,0.01,4.161731634745241,1.4259312460139197,0.0,0.018,0.0,0,0
1399,2000-08-15,31.6984126984127,1,1,1,1,"gas,gold,oil,silver",346.87626788688067,5.848968139663405,0.0,0.01,4.121642479017969,1.4162517438734858,0.0,0.018,0.0,0,0
1400,2000-08-17,31.706349206349206,1,1,0,1,"gold,oil,silver",346.4444971487561,5.847722624410678,0.0,0.01,3.991004335792996,1.384042912458639,0.0,0.018,0.0,0,0
1401,2000-08-22,31.71825396825397,1,1,1,1,"gas,gold,oil,silver",335.96499525102865,5.817006973735498,0.0,0.01,3.7792440193419203,1.329523994746763,0.0,0.018,0.0,0,0
1402,2000-08-25,31.73015873015873,0,1,1,1,"gas,oil,silver",,,,,3.785646491646093,1.3312166759094457,0.0,0.018,0.0,0,0
1403,2000-08-30,31.74206349206349,1,1,0,0,"gold,silver",345.94767505875876,5.8462875354677175,0.0,0.01,3.7965532103645327,1.3340936052095809,0.0,0.018,0.0,0,0
1404,2000-09-04,31.753968253968253,1,1,1,1,"gas,gold,oil,silver",343.84612147206224,5.840194235993234,0.0,0.01,3.7639382278583917,1.3254658102862324,0.0,0.018,0.0,0,0
1405,2000-09-07,31.765873015873016,1,0,0,0,gold,336.8470087502985,5.819628847302816,0.0,0.01,,,,,0.0,0,0
1406,2000-09-12,31.77777777777778,0,1,1,0,"gas,silver",,,,,3.6197295756860646,1.2863993201981294,0.0,0.018,0.0,0,0
1407,2000-09-15,31.78968253968254,1,1,1,1,"gas,gold,oil,silver",328.4285910504276,5.794319435452535,0.0,0.01,3.494167222915441,1.251095070588202,0.0,0.018,0.0,0,0
1408,2000-09-19,31.797619047619047,1,1,1,1,"gas,gold,oil,silver",330.95322241247374,5.80197704337347,0.0,0.01,3.5232841803660553,1.2593935604164566,0.0,0.018,0.0,0,0
1409,2000-09-22,31.80952380952381,1,1,1,1,"gas,gold,oil,silver",328.37776134856784,5.7941646571018826,0.0,0.01,3.426534123756243,1.231549290773153,0.0,0.018,0.0,0,0
1410,2000-09-27,31.821428571428573,1,1,1,1,"gas,gold,oil,silver",335.2526432854592,5.814884406651091,0.0,0.01,3.5504040075838716,1.2670614019652353,0.0,0.018,0.0,0,0
1411,2000-10-02,31.833333333333332,1,1,1,0,"gas,gold,silver",338.51597046308234,5.824571271337116,0.0,0.01,3.5140130592537613,1.2567587061079604,0.0,0.018,0.0,0,0
1412,2000-10-05,31.845238095238095,1,1,1,1,"gas,gold,oil,silver",340.96239911002215,5.83177220466419,0.0,0.01,3.5660001153168075,1.2714445517788078,0.0,0.018,0.0,0,0
1413,2000-10-10,31.857142857142858,1,1,1,1,"gas,gold,oil,silver",339.63217570725675,5.8278631958479545,0.0,0.01,3.4233046811792334,1.2306063655720636,0.0,0.018,0.0,0,0
1414,2000-10-13,31.86904761904762,1,1,1,1,"gas,gold,oil,silver",342.6451807471757,5.83669545328146,0.0,0.01,3.496888890550525,1.2518736847856595,0.0,0.018,0.0,0,0
1415,2000-10-18,31.88095238095238,1,1,1,1,"gas,gold,oil,silver",343.25001597316674,5.838459091183161,0.0,0.01,3.5645988064794842,1.271051510781626,0.0,0.018,0.0,0,0
1416,2000-10-20,31.88888888888889,1,1,0,1,"gold,oil,silver",343.0237728491391,5.837799753362283,0.0,0.01,3.619000904045965,1.2861979943870356,0.0,0.018,0.0,0,0
1417,2000-10-25,31.900793650793652,1,1,1,0,"gas,gold,silver",355.4259355974772,5.873316888852762,0.0,0.01,3.9256902435861867,1.3675421940116432,0.0,0.018,0.0,0,0
1418,2000-10-30,31.91269841269841,0,1,1,1,"gas,oil,silver",,,,,3.8601696521745,1.3507111338514517,0.0,0.018,0.0,0,0
1419,2000-11-02,31.924603174603174,1,1,1,1,"gas,gold,oil,silver",356.68617470647666,5.876856332730821,0.0,0.01,4.0271169089704495,1.39305071272938,0.0,0.018,0.0,0,0
1420,2000-11-07,31.936507936507937,1,1,1,1,"gas,gold,oil,silver",355.1393377547347,5.8725102131847216,0.0,0.01,4.002530336965325,1.3869267453641496,0.0,0.018,0.0,0,0
1421,2000-11-10,31.9484126984127,1,1,1,1,"gas,gold,oil,silver",349.1046859938842,5.855371837091323,0.0,0.01,3.794007755452203,1.333422915646791,0.0,0.018,0.0,0,0
1422,2000-11-15,31.96031746031746,0,1,1,1,"gas,oil,silver",,,,,3.7902329252877753,1.3324274750654495,0.0,0.018,0.0,0,0
1423,2000-11-20,31.97222222222222,1,1,0,1,"gold,oil,silver",352.8559448619359,5.866059885432829,0.0,0.01,3.8210428898809785,1.3405233931808753,0.0,0.018,0.0,0,0
1424,2000-11-22,31.98015873015873,1,1,1,1,"gas,gold,oil,silver",356.4277304025997,5.876131499535617,0.0,0.01,3.9651778979113894,1.3775507211449778,0.0,0.018,0.0,0,0
1425,2000-11-27,31.99206349206349,1,1,1,1,"gas,gold,oil,silver",353.977639848539,5.869233746869164,0.0,0.01,3.9363403343032832,1.3702514425005456,0.0,0.018,0.0,0,0
1426,2000-11-30,32.00396825396825,1,1,1,1,"gas,gold,oil,silver",342.6334213406976,5.836661133206549,0.0,0.01,3.7052742794237914,1.3097572855420863,0.0,0.018,0.0,0,0
1427,2000-12-05,32.01587301587302,0,1,1,1,"gas,oil,silver",,,,,3.8726187248769723,1.353930951296504,0.0,0.018,0.0,0,0
1428,2000-12-08,32.02777777777778,0,1,1,1,"gas,oil,silver",,,,,3.8865125417396444,1.357512236683997,0.0,0.018,0.0,0,0
1429,2000-12-13,32.03968253968254,1,1,0,1,"gold,oil,silver",351.8587478678594,5.863229810595631,0.0,0.01,3.7456936891655985,1.320606830567914,0.0,0.018,0.0,0,0
1430,2000-12-18,32.051587301587304,1,1,1,1,"gas,gold,oil,silver",347.5056690983627,5.850780978823899,0.0,0.01,3.6711687882245756,1.3005100822712632,0.0,0.018,0.0,0,0
1431,2000-12-20,32.05952380952381,1,0,1,1,"gas,gold,oil",337.7691123480228,5.822362562502145,0.0,0.01,,,,,0.0,0,0
1432,2000-12-25,32.07142857142857,0,1,1,1,"gas,oil,silver",,,,,3.5555005503596133,1.2684958551324834,0.0,0.018,0.0,0,0
1433,2000-12-28,32.083333333333336,1,1,1,1,"gas,gold,oil,silver",332.4062339920632,5.806357817294188,0.0,0.01,3.562884765530941,1.2705705441222803,0.0,0.018,0.0,0,0
1434,2001-01-02,32.095238095238095,1,1,0,1,"gold,oil,silver",322.77025465039867,5.776940784226737,0.0,0.01,3.4318415285454784,1.2330970058933972,0.0,0.018,0.0,0,0
1435,2001-01-05,32.107142857142854,1,1,1,1,"gas,gold,oil,silver",320.44630945899536,5.769714741138701,0.0,0.01,3.410410860732032,1.2268327710556388,0.0,0.018,0.0,0,0
1436,2001-01-10,32.11904761904762,1,1,0,1,"gold,oil,silver",331.2441213528231,5.802855630283553,0.0,0.01,3.514668954023386,1.2569453398951453,0.0,0.018,0.0,0,0
1437,2001-01-15,32.13095238095238,1,1,1,0,"gas,gold,silver",336.492532080729,5.818575955913491,0.0,0.01,3.6882036230146404,1.3051395164843687,0.0,0.018,0.0,0,0
1438,2001-01-18,32.142857142857146,0,0,1,1,"gas,oil",,,,,,,,,0.0,0,0
1439,2001-01-22,32.15079365079365,1,1,1,1,"gas,gold,oil,silver",340.9710669042781,5.831797625895699,0.0,0.01,3.745831109908646,1.3206435175566775,0.0,0.018,0.0,0,0
1440,2001-01-25,32.16269841269841,1,1,1,1,"gas,gold,oil,silver",332.52655557277365,5.806719723291041,0.0,0.01,3.575172549426367,1.2740134405550345,0.0,0.018,0.0,0,0
1441,2001-01-30,32.17460317460318,0,1,1,0,"gas,silver",,,,,3.501051425778397,1.2530633307473664,0.0,0.018,0.0,0,0
1442,2001-02-02,32.18650793650794,1,1,1,1,"gas,gold,oil,silver",337.60145306776,5.821866066823203,0.0,0.01,3.627376210209725,1.288509579821,0.0,0.018,0.0,0,0
1443,2001-02-07,32.198412698412696,1,1,0,1,"gold,oil,silver",345.8938058907914,5.846131808557552,0.0,0.01,3.7849058971184855,1.3310210245244638,0.0,0.018,0.0,0,0
1444,2001-02-12,32.21031746031746,1,1,1,1,"gas,gold,oil,silver",346.4608621182111,5.847769860210601,0.0,0.01,3.8388102825008628,1.3451624963294015,0.0,0.018,0.0,0,0
1445,2001-02-15,32.22222222222222,1,1,1,1,"gas,gold,oil,silver",348.98349368776866,5.8550246250603495,0.0,0.01,3.9260398196674466,1.3676312383569467,0.0,0.018,0.0,0,0
1446,2001-02-20,32.23412698412698,1,0,0,0,gold,350.5127769309599,5.859397159250919,0.0,0.01,,,,,0.0,0,0
1447,2001-02-22,32.242063492063494,1,0,0,1,"gold,oil",355.9447328050374,5.874775473870619,0.0,0.01,,,,,0.0,0,0
1448,2001-02-27,32.25396825396825,1,1,1,1,"gas,gold,oil,silver",352.52579108934435,5.865123785786713,0.0,0.01,3.813037057162929,1.3384259994652137,0.0,0.018,0.0,0,0
1449,2001-03-02,32.26587301587302,1,1,1,1,"gas,gold,oil,silver",354.8384632077941,5.8716626526989035,0.0,0.01,3.874540367808045,1.3544270410108092,0.0,0.018,0.0,0,0
1450,2002-02-28,33.29365079365079,1,1,1,0,"gas,gold,silver",374.47409015455946,5.9255226153958045,0.0,0.01,5.06465206804306,1.6222854419636679,0.0,0.018,0.0,0,0
1451,2002-03-05,33.30555555555556,1,1,1,0,"gas,gold,silver",367.7593568228155,5.907428802591765,0.0,0.01,5.16514095378767,1.6419323923807747,0.0,0.018,0.0,0,0
1452,2002-03-08,33.317460317460316,1,1,1,1,"gas,gold,oil,silver",372.92597962486644,5.921379953904859,0.0,0.01,5.28298749957163,1.664491752018416,0.0,0.018,0.0,0,0
1453,2002-03-13,33.32936507936508,1,1,1,1,"gas,gold,oil,silver",365.4151585919387,5.901034128009371,0.0,0.01,5.220233840699096,1.6525421979599808,0.0,0.018,0.0,0,0
1454,2002-03-15,33.33730158730159,1,1,1,1,"gas,gold,oil,silver",374.19440777922335,5.924775469258045,0.0,0.01,5.388874931034188,1.6843366304864966,0.0,0.018,0.0,0,0
1455,2002-03-20,33.34920634920635,0,0,1,0,gas,,,,,,,,,0.0,0,0
1456,2002-03-25,33.361111111111114,1,1,1,1,"gas,gold,oil,silver",396.4619964098473,5.9825801888389725,0.0,0.01,5.952128786753119,1.7837489348560298,0.0,0.018,0.0,0,0
1457,2002-03-28,33.37301587301587,0,1,1,1,"gas,oil,silver",,,,,6.096414098134285,1.8077007455612129,0.0,0.018,0.0,0,0
1458,2002-04-02,33.38492063492063,0,1,1,1,"gas,oil,silver",,,,,5.861387128110555,1.7683862868588909,0.0,0.018,0.0,0,0
1459,2002-04-05,33.3968253968254,1,0,1,1,"gas,gold,oil",412.05273318460854,6.0211513343256255,0.0,0.01,,,,,0.0,0,0
1460,2002-04-10,33.40873015873016,1,1,1,1,"gas,gold,oil,silver",420.0624482087129,6.040403386435936,0.0,0.01,6.428235485331625,1.8607000815122152,0.0,0.018,0.0,0,0
1461,2002-04-15,33.42063492063492,0,0,1,0,gas,,,,,,,,,0.0,0,0
1462,2002-04-17,33.42857142857143,1,0,1,1,"gas,gold,oil",414.5935282687811,6.027298590301414,0.0,0.01,,,,,0.0,0,0
1463,2002-04-22,33.44047619047619,1,1,1,1,"gas,gold,oil,silver",427.5726701165281,6.058124262507068,0.0,0.01,6.681656699554806,1.8993659657148174,0.0,0.018,0.0,0,0
1464,2002-04-25,33.45238095238095,1,1,1,1,"gas,gold,oil,silver",424.85836375157334,6.0517558516193715,0.0,0.01,6.792018739857181,1.9157482081125987,0.0,0.018,0.0,0,0
1465,2002-04-30,33.464285714285715,1,1,1,1,"gas,gold,oil,silver",419.1105951776256,6.0381348353979805,0.0,0.01,6.64526124148494,1.8939040053856528,0.0,0.018,0.0,0,0
1466,2002-05-03,33.476190476190474,1,1,1,1,"gas,gold,oil,silver",417.4991775208701,6.034282574279078,0.0,0.01,6.646306842201906,1.8940613383222242,0.0,0.018,0.0,0,0
1467,2002-05-08,33.48809523809524,1,0,1,0,"gas,gold",417.91388282756117,6.035275389355687,0.0,0.01,,,,,0.0,0,0
1468,2002-05-13,33.5,1,0,1,0,"gas,gold",414.53436194243125,6.027155870879842,0.0,0.01,,,,,0.0,0,0
1469,2002-05-16,33.51190476190476,1,1,1,1,"gas,gold,oil,silver",412.39502971264517,6.0219816999669895,0.0,0.01,7.08496499943172,1.9579749330361182,0.0,0.018,0.0,0,0
1470,2002-05-20,33.51984126984127,1,1,1,1,"gas,gold,oil,silver",414.58019448053136,6.027266428673796,0.0,0.01,7.092784750335357,1.9590780349859478,0.0,0.018,0.0,0,0
1471,2002-05-23,33.53174603174603,1,1,1,1,"gas,gold,oil,silver",418.61327547728445,6.036947523501579,0.0,0.01,7.405864113501479,2.00227213415964,0.0,0.018,0.0,0,0
1472,2002-05-28,33.54365079365079,0,1,1,0,"gas,silver",,,,,7.24918595230142,1.9808891801212547,0.0,0.018,0.0,0,0
1473,2002-05-31,33.55555555555556,1,1,1,1,"gas,gold,oil,silver",422.8966583665358,6.0471278427365025,0.0,0.01,7.3371351122954085,1.9929484547586207,0.0,0.018,0.0,0,0
1474,2002-06-05,33.567460317460316,1,1,1,1,"gas,gold,oil,silver",426.6099900537153,6.055870223610491,0.0,0.01,7.350468080574371,1.9947639956288652,0.0,0.018,0.0,0,0
1475,2002-06-10,33.57936507936508,1,0,1,1,"gas,gold,oil",425.1735289463456,6.052497388994431,0.0,0.01,,,,,0.0,0,0
1476,2002-06-13,33.59126984126984,1,1,0,1,"gold,oil,silver",437.7714021766483,6.081696861293831,0.0,0.01,7.575631478721274,2.024936711448448,0.0,0.018,0.0,0,0
1477,2002-06-18,33.6031746031746,1,1,1,1,"gas,gold,oil,silver",434.40642783191896,6.073980565545055,0.0,0.01,7.164116457430275,1.9690847399890465,0.0,0.018,0.0,0,0
1478,2002-06-20,33.611111111111114,1,0,1,1,"gas,gold,oil",426.8952148398128,6.056538584611876,0.0,0.01,,,,,0.0,0,0
1479,2002-06-25,33.62301587301587,1,1,0,1,"gold,oil,silver",440.9643945273943,6.088964134154236,0.0,0.01,7.33686874199524,1.9929121496979376,0.0,0.018,0.0,0,0
1480,2002-06-28,33.63492063492063,1,1,1,1,"gas,gold,oil,silver",444.28316093529656,6.09646210901048,0.0,0.01,7.295571735178633,1.9872675524717114,0.0,0.018,0.0,0,0
1481,2002-07-03,33.6468253968254,1,1,1,1,"gas,gold,oil,silver",457.015212266859,6.124716677576212,0.0,0.01,7.697991770894167,2.0409594858682794,0.0,0.018,0.0,0,0
1482,2002-07-08,33.65873015873016,1,1,1,1,"gas,gold,oil,silver",450.3559013422191,6.110038162045793,0.0,0.01,7.25663638881963,1.9819164141515844,0.0,0.018,0.0,0,0
1483,2002-07-11,33.67063492063492,1,1,1,1,"gas,gold,oil,silver",443.7226042565787,6.095199601997242,0.0,0.01,7.064252050443971,1.955047143645285,0.0,0.018,0.0,0,0
1484,2002-07-16,33.682539682539684,1,1,0,1,"gold,oil,silver",451.7800519790249,6.113195450732965,0.0,0.01,7.21813861469657,1.9765971100673143,0.0,0.018,0.0,0,0
1485,2002-07-18,33.69047619047619,1,1,0,1,"gold,oil,silver",458.7490197848895,6.1285032626578095,0.0,0.01,7.48386582951023,2.012749480606864,0.0,0.018,0.0,0,0
1486,2002-07-23,33.70238095238095,0,1,0,1,"oil,silver",,,,,7.393532572742575,2.0006056414134465,0.0,0.018,0.0,0,0
1487,2002-07-26,33.714285714285715,1,0,1,0,"gas,gold",451.9176220934006,6.113499911216565,0.0,0.01,,,,,0.0,0,0
1488,2002-07-31,33.726190476190474,1,1,1,1,"gas,gold,oil,silver",444.8986411623963,6.097846483553334,0.0,0.01,7.006406350477802,1.946824923447008,0.0,0.018,0.0,0,0
1489,2002-08-05,33.73809523809524,1,1,1,1,"gas,gold,oil,silver",440.97134943471747,6.088979906068167,0.0,0.01,6.86003948717414,1.9257131978690611,0.0,0.018,0.0,0,0
1490,2002-08-08,33.75,1,1,1,1,"gas,gold,oil,silver",426.1475390941128,6.054785622210609,0.0,0.01,6.4744003941215995,1.8678560000731947,0.0,0.018,0.0,0,0
1491,2002-08-13,33.76190476190476,1,1,1,1,"gas,gold,oil,silver",420.927166060105,6.042459816483239,0.0,0.01,6.415808340538535,1.8587649980074556,0.0,0.018,0.0,0,0
1492,2002-08-16,33.773809523809526,1,1,1,1,"gas,gold,oil,silver",408.66155716879194,6.012887324900274,0.0,0.01,6.143861353621228,1.8154534294483735,0.0,0.018,0.0,0,0
1493,2002-08-20,33.78174603174603,1,1,1,1,"gas,gold,oil,silver",410.9735704091495,6.018528906854697,0.0,0.01,6.1496350735547,1.8163927424244974,0.0,0.018,0.0,0,0
1494,2002-08-23,33.79365079365079,0,1,1,1,"gas,oil,silver",,,,,6.165730154475103,1.8190065650413578,0.0,0.018,0.0,0,0
1495,2002-08-28,33.80555555555556,0,1,1,1,"gas,oil,silver",,,,,6.342330166739822,1.8472462351110819,0.0,0.018,0.0,0,0
1496,2002-09-02,33.817460317460316,1,0,1,0,"gas,gold",419.1178378781483,6.038152116368745,0.0,0.01,,,,,0.0,0,0
1497,2002-09-05,33.82936507936508,1,1,1,1,"gas,gold,oil,silver",421.45793406673147,6.043719971908079,0.0,0.01,6.430024055478289,1.8609782793744567,0.0,0.018,0.0,0,0
1498,2002-09-10,33.84126984126984,1,1,1,1,"gas,gold,oil,silver",414.48951846817477,6.027047687085961,0.0,0.01,6.3585802065608785,1.8498051144686019,0.0,0.018,0.0,0,0
1499,2002-09-13,33.8531746031746,1,1,1,0,"gas,gold,silver",405.99347669910344,6.0063370922290655,0.0,0.01,6.237584327026781,1.8305929803492622,0.0,0.018,0.0,0,0
1500,2002-09-18,33.86507936507937,0,0,1,1,"gas,oil",,,,,,,,,0.0,0,0
1501,2002-09-20,33.87301587301587,1,1,1,0,"gas,gold,silver",399.27064793990604,5.989639502576654,0.0,0.01,6.230104278101139,1.8293930707172499,0.0,0.018,0.0,0,0
1502,2002-09-25,33.88492063492063,1,1,0,1,"gold,oil,silver",395.51613756179836,5.980191589312835,0.0,0.01,6.095360732698677,1.8075279462021623,0.0,0.018,0.0,0,0
1503,2002-09-30,33.8968253968254,0,1,1,1,"gas,oil,silver",,,,,6.225601929700543,1.8286701332102833,0.0,0.018,0.0,0,0
1504,2002-10-03,33.90873015873016,1,1,1,1,"gas,gold,oil,silver",404.5507976550754,6.002777309961398,0.0,0.01,6.355537817189071,1.8493265300439183,0.0,0.018,0.0,0,0
1505,2002-10-08,33.92063492063492,1,0,1,0,"gas,gold",410.81306604976083,6.018138283901466,0.0,0.01,,,,,0.0,0,0
1506,2002-10-11,33.932539682539684,0,1,1,1,"gas,oil,silver",,,,,6.03216446072803,1.7971058950435335,0.0,0.018,0.0,0,0
1507,2002-10-16,33.94444444444444,1,1,1,1,"gas,gold,oil,silver",387.63672292095436,5.960068619906753,0.0,0.01,5.9867423782633,1.7895474208291988,0.0,0.018,0.0,0,0
1508,2002-10-18,33.95238095238095,1,1,1,1,"gas,gold,oil,silver",394.0971002034808,5.976597326151763,0.0,0.01,6.215408719937609,1.8270314862657764,0.0,0.018,0.0,0,0
1509,2002-10-23,33.964285714285715,1,1,1,1,"gas,gold,oil,silver",386.2533034399846,5.956493380770811,0.0,0.01,6.000790135080291,1.7918911497378447,0.0,0.018,0.0,0,0
1510,2002-10-28,33.976190476190474,1,1,1,0,"gas,gold,silver",390.18408509341765,5.966618640820615,0.0,0.01,6.1004589757712155,1.808364010278441,0.0,0.018,0.0,0,0
1511,2002-10-31,33.98809523809524,1,1,1,1,"gas,gold,oil,silver",391.45902324418114,5.969880843910025,0.0,0.01,6.066889206004624,1.802845987050315,0.0,0.018,0.0,0,0
1512,2002-11-05,34.0,1,1,1,1,"gas,gold,oil,silver",393.9945766834409,5.976337144440358,0.0,0.01,6.056074635695666,1.8010618403154242,0.0,0.018,0.0,0,0
1513,2002-11-08,34.01190476190476,0,1,1,0,"gas,silver",,,,,5.860521163480829,1.7682385353819539,0.0,0.018,0.0,0,0
1514,2002-11-13,34.023809523809526,0,0,0,1,oil,,,,,,,,,0.0,0,0
1515,2002-11-18,34.035714285714285,1,1,1,1,"gas,gold,oil,silver",383.5458831640946,5.9494592568425375,0.0,0.01,5.509773195455194,1.7065234599683008,0.0,0.018,0.0,0,0
1516,2002-11-20,34.04365079365079,1,1,1,0,"gas,gold,silver",386.53147743262434,5.957213306968996,0.0,0.01,5.591762024219464,1.721294447555904,0.0,0.018,0.0,0,0
1517,2002-11-25,34.05555555555556,1,1,1,1,"gas,gold,oil,silver",395.26230144418554,5.97954959880371,0.0,0.01,5.76736209718205,1.7522148004517055,0.0,0.018,0.0,0,0
1518,2002-11-28,34.067460317460316,1,0,1,1,"gas,gold,oil",401.8548015844849,5.996090833285824,0.0,0.01,,,,,0.0,0,0
1519,2002-12-03,34.07936507936508,1,1,1,1,"gas,gold,oil,silver",399.86336156784284,5.991122892670358,0.0,0.01,5.816855510479258,1.7607598254382906,0.0,0.018,0.0,0,0
1520,2002-12-06,34.09126984126984,1,1,1,1,"gas,gold,oil,silver",398.72655364224687,5.9882758527270195,0.0,0.01,5.850456197331758,1.7665196406531651,0.0,0.018,0.0,0,0
1521,2002-12-11,34.1031746031746,1,1,1,1,"gas,gold,oil,silver",402.07127396716766,5.996629371329303,0.0,0.01,5.810603822608075,1.7596844936234004,0.0,0.018,0.0,0,0
1522,2002-12-16,34.11507936507937,1,1,1,1,"gas,gold,oil,silver",401.4459050440126,5.995072792165199,0.0,0.01,5.96011347000487,1.7850895194874479,0.0,0.018,0.0,0,0
1523,2002-12-19,34.12698412698413,1,1,1,1,"gas,gold,oil,silver",396.37219254686573,5.982353650012528,0.0,0.01,6.064724214027148,1.8024890696436189,0.0,0.018,0.0,0,0
1524,2002-12-23,34.13492063492063,1,1,1,1,"gas,gold,oil,silver",393.63912478839285,5.975434562647541,0.0,0.01,5.942046509381682,1.7820536042365895,0.0,0.018,0.0,0,0
1525,2002-12-26,34.1468253968254,1,1,1,1,"gas,gold,oil,silver",383.4451701909954,5.949196638463255,0.0,0.01,5.644158013213629,1.730621030270112,0.0,0.018,0.0,0,0
1526,2002-12-31,34.15873015873016,1,0,1,1,"gas,gold,oil",379.43599767822514,5.938685933543596,0.0,0.01,,,,,0.0,0,0
1527,2003-01-03,34.17063492063492,1,1,1,0,"gas,gold,silver",380.91515244755925,5.942576653338011,0.0,0.01,5.512654617918305,1.7070462889815698,0.0,0.018,0.0,0,0
1528,2003-01-08,34.182539682539684,1,0,1,1,"gas,gold,oil",387.6236547269856,5.960034906861829,0.0,0.01,,,,,0.0,0,0
1529,2003-01-13,34.19444444444444,1,1,1,1,"gas,gold,oil,silver",392.3376975826758,5.972122942360397,0.0,0.01,5.7946871842592325,1.756941495051592,0.0,0.018,0.0,0,0
1530,2003-01-16,34.20634920634921,1,0,0,1,"gold,oil",389.35472471294275,5.964490816822728,0.0,0.01,,,,,0.0,0,0
1531,2003-01-21,34.21825396825397,0,1,1,0,"gas,silver",,,,,5.756073783540094,1.7502556074871087,0.0,0.018,0.0,0,0
1532,2003-01-23,34.226190476190474,1,1,0,1,"gold,oil,silver",386.100385901112,5.956097402754571,0.0,0.01,5.5381117769317685,1.7116536081730662,0.0,0.018,0.0,0,0
1533,2003-01-28,34.23809523809524,1,1,0,0,"gold,silver",385.631153976813,5.954881352981103,0.0,0.01,5.519299759613762,1.7082509970997755,0.0,0.018,0.0,0,0
1534,2003-01-31,34.25,0,0,1,0,gas,,,,,,,,,0.0,0,0
1535,2003-02-05,34.26190476190476,1,1,1,1,"gas,gold,oil,silver",373.69708896684995,5.923445546701531,0.0,0.01,5.459705102691566,1.697394777802144,0.0,0.018,0.0,0,0
1536,2003-02-10,34.273809523809526,1,1,1,1,"gas,gold,oil,silver",378.71405121460884,5.936781438034072,0.0,0.01,5.678478348980807,1.7366833005362385,0.0,0.018,0.0,0,0
1537,2003-02-13,34.285714285714285,0,0,1,0,gas,,,,,,,,,0.0,0,0
1538,2003-02-18,34.29761904761905,1,1,1,1,"gas,gold,oil,silver",373.67650228751353,5.923390455968911,0.0,0.01,5.828788457589541,1.762809167032338,0.0,0.018,0.0,0,0
1539,2003-02-20,34.30555555555556,1,0,1,1,"gas,gold,oil",370.5007317919554,5.914855419881169,0.0,0.01,,,,,0.0,0,0
1540,2003-02-25,34.317460317460316,1,1,1,1,"gas,gold,oil,silver",372.50069932317825,5.920238915195512,0.0,0.01,5.8731282778322935,1.770387418262057,0.0,0.018,0.0,0,0
1541,2003-02-28,34.32936507936508,1,1,1,1,"gas,gold,oil,silver",384.21773822859717,5.951209418525839,0.0,0.01,6.3313496961720075,1.8455134355715512,0.0,0.018,0.0,0,0
1542,2003-03-05,34.34126984126984,1,1,1,1,"gas,gold,oil,silver",398.5670317437111,5.987875694231859,0.0,0.01,6.7572911634855295,1.9106220942862575,0.0,0.018,0.0,0,0
1543,2003-03-10,34.3531746031746,1,1,1,1,"gas,gold,oil,silver",401.51058891234766,5.995233906419736,0.0,0.01,7.122697812466252,1.9632865599023013,0.0,0.018,0.0,0,0
1544,2003-03-13,34.36507936507937,1,1,1,1,"gas,gold,oil,silver",406.5697923852645,6.007755605235316,0.0,0.01,7.176503312761056,1.970812260641545,0.0,0.018,0.0,0,0
1545,2003-03-18,34.37698412698413,1,1,1,1,"gas,gold,oil,silver",404.8475248034825,6.003510514252701,0.0,0.01,6.99434733970045,1.9451022999331276,0.0,0.018,0.0,0,0
1546,2003-03-21,34.388888888888886,0,1,0,1,"oil,silver",,,,,6.902203651154766,1.931840730348131,0.0,0.018,0.0,0,0
1547,2003-03-25,34.3968253968254,0,1,1,1,"gas,oil,silver",,,,,6.887959075819807,1.9297748257343486,0.0,0.018,0.0,0,0
1548,2003-03-28,34.40873015873016,1,1,1,1,"gas,gold,oil,silver",395.56121443638716,5.98030555256693,0.0,0.01,6.6877236085321465,1.9002735484529816,0.0,0.018,0.0,0,0
1549,2003-04-02,34.42063492063492,1,1,1,1,"gas,gold,oil,silver",396.8288785126165,5.983505151272109,0.0,0.01,6.691642189597663,1.9008593133145881,0.0,0.018,0.0,0,0
1550,2003-04-07,34.432539682539684,1,1,1,1,"gas,gold,oil,silver",392.2111148450932,5.9718002530983,0.0,0.01,6.535038563224476,1.8771782480877683,0.0,0.018,0.0,0,0
1551,2003-04-10,34.44444444444444,1,1,1,1,"gas,gold,oil,silver",393.9405371257794,5.976199976907654,0.0,0.01,6.538187191436212,1.8776599391916635,0.0,0.018,0.0,0,0
1552,2003-04-15,34.45634920634921,0,1,1,0,"gas,silver",,,,,6.4865339444718755,1.869728327110416,0.0,0.018,0.0,0,0
1553,2003-04-18,34.46825396825397,0,1,1,0,"gas,silver",,,,,6.424153098064954,1.86006480856237,0.0,0.018,0.0,0,0
1554,2003-04-23,34.48015873015873,0,0,1,0,gas,,,,,,,,,0.0,0,0
1555,2003-04-25,34.48809523809524,1,0,1,1,"gas,gold,oil",392.2302207094319,5.971848965126788,0.0,0.01,,,,,0.0,0,0
1556,2003-04-30,34.5,1,0,0,0,gold,381.45244206343716,5.943986182569585,0.0,0.01,,,,,0.0,0,0
1557,2003-05-05,34.51190476190476,1,1,1,1,"gas,gold,oil,silver",375.1356072733646,5.927287579997515,0.0,0.01,6.091596679280502,1.8069102278643325,0.0,0.018,0.0,0,0
1558,2003-05-08,34.523809523809526,1,1,1,1,"gas,gold,oil,silver",374.64896767230675,5.925989501360926,0.0,0.01,6.004487027462132,1.7925070276469746,0.0,0.018,0.0,0,0
1559,2003-05-13,34.535714285714285,1,1,1,1,"gas,gold,oil,silver",365.48598187622997,5.901227925174519,0.0,0.01,5.943532002662635,1.782303569905014,0.0,0.018,0.0,0,0
1560,2003-05-16,34.54761904761905,1,1,1,1,"gas,gold,oil,silver",373.9164702467352,5.924032430883816,0.0,0.01,6.069593755504276,1.803291676226166,0.0,0.018,0.0,0,0
1561,2003-05-21,34.55952380952381,1,1,1,1,"gas,gold,oil,silver",371.8680035415224,5.918538962116918,0.0,0.01,6.046189608671042,1.7994282568762778,0.0,0.018,0.0,0,0
1562,2003-05-23,34.567460317460316,1,1,1,1,"gas,gold,oil,silver",374.159316767017,5.9246816873710015,0.0,0.01,6.140899506304372,1.8149712308271684,0.0,0.018,0.0,0,0
1563,2003-05-28,34.57936507936508,1,1,1,1,"gas,gold,oil,silver",363.8472924181495,5.896734253287187,0.0,0.01,6.201744117355056,1.824830561741833,0.0,0.018,0.0,0,0
1564,2003-06-02,34.59126984126984,1,1,1,1,"gas,gold,oil,silver",355.5931448570407,5.87378722577407,0.0,0.01,5.967826577277827,1.7863828037121254,0.0,0.018,0.0,0,0
1565,2003-06-05,34.6031746031746,1,1,1,1,"gas,gold,oil,silver",350.0429761793602,5.858055936029383,0.0,0.01,5.926278262470939,1.7793964042539838,0.0,0.018,0.0,0,0
1566,2003-06-10,34.61507936507937,0,1,1,1,"gas,oil,silver",,,,,5.9008224796187205,1.77509174452114,0.0,0.018,0.0,0,0
1567,2003-06-13,34.62698412698413,1,0,1,1,"gas,gold,oil",350.08201645143305,5.8581674597502165,0.0,0.01,,,,,0.0,0,0
1568,2003-06-18,34.638888888888886,1,1,0,1,"gold,oil,silver",357.3345089177034,5.8786723428388585,0.0,0.01,6.105042742783464,1.809115108813092,0.0,0.018,0.0,0,0
1569,2003-06-23,34.65079365079365,1,1,1,1,"gas,gold,oil,silver",347.9664886859979,5.852106178258316,0.0,0.01,5.8879517789233775,1.7729081916721454,0.0,0.018,0.0,0,0
1570,2003-06-25,34.65873015873016,1,1,1,1,"gas,gold,oil,silver",343.7117742921415,5.839803440738149,0.0,0.01,5.754735420225916,1.7500230672205617,0.0,0.018,0.0,0,0
1571,2003-06-30,34.67063492063492,1,1,0,1,"gold,oil,silver",342.0554520326267,5.8349728643655405,0.0,0.01,5.686135627854498,1.738030865890954,0.0,0.018,0.0,0,0
1572,2003-07-03,34.682539682539684,1,1,1,1,"gas,gold,oil,silver",342.36135462647945,5.83586677173674,0.0,0.01,5.660631039640127,1.7335353771029165,0.0,0.018,0.0,0,0
1573,2003-07-08,34.69444444444444,0,1,1,1,"gas,oil,silver",,,,,5.575855248792047,1.7184457134354765,0.0,0.018,0.0,0,0
1574,2003-07-11,34.70634920634921,1,1,1,1,"gas,gold,oil,silver",348.45618624720595,5.853512501342104,0.0,0.01,5.828463860445214,1.7627534768687292,0.0,0.018,0.0,0,0
1575,2003-07-16,34.71825396825397,0,0,1,1,"gas,oil",,,,,,,,,0.0,0,0
1576,2003-07-21,34.73015873015873,1,1,1,1,"gas,gold,oil,silver",363.4551218300164,5.895655828086175,0.0,0.01,6.1970518955742975,1.8240736782509086,0.0,0.018,0.0,0,0
1577,2003-07-24,34.742063492063494,1,1,1,1,"gas,gold,oil,silver",353.73221895683423,5.868540183261171,0.0,0.01,5.930533335540229,1.7801141475050737,0.0,0.018,0.0,0,0
1578,2003-07-28,34.75,1,1,1,1,"gas,gold,oil,silver",347.32414715977654,5.850258485578881,0.0,0.01,5.803938193168713,1.7585366859591605,0.0,0.018,0.0,0,0
1579,2003-07-31,34.76190476190476,1,1,1,1,"gas,gold,oil,silver",341.53409769503895,5.833447520864077,0.0,0.01,5.668912711285747,1.7349973376730405,0.0,0.018,0.0,0,0
1580,2003-08-05,34.773809523809526,1,1,1,1,"gas,gold,oil,silver",336.98231745232107,5.820030458507849,0.0,0.01,5.611140370721084,1.7247539735154545,0.0,0.018,0.0,0,0
1581,2003-08-08,34.785714285714285,1,1,1,0,"gas,gold,silver",332.3784842234235,5.806274332316584,0.0,0.01,5.645056011811505,1.7307801199282191,0.0,0.018,0.0,0,0
1582,2003-08-13,34.79761904761905,1,1,1,1,"gas,gold,oil,silver",327.2684235261521,5.790780701222607,0.0,0.01,5.535568371827907,1.7111942477591082,0.0,0.018,0.0,0,0
1583,2003-08-18,34.80952380952381,1,0,1,1,"gas,gold,oil",320.26760557140915,5.769156913727659,0.0,0.01,,,,,0.0,0,0
1584,2003-08-21,34.82142857142857,0,0,1,1,"gas,oil",,,,,,,,,0.0,0,0
1585,2003-08-26,34.833333333333336,1,1,1,1,"gas,gold,oil,silver",320.99564811794903,5.771427565773159,0.0,0.01,5.094146965546268,1.628092226856888,0.0,0.018,0.0,0,0
1586,2003-08-28,34.84126984126984,1,1,0,1,"gold,oil,silver",318.5499662676221,5.763779342668981,0.0,0.01,5.003385877222346,1.6101148586987357,0.0,0.018,0.0,0,0
1587,2003-09-02,34.8531746031746,0,1,0,1,"oil,silver",,,,,4.969963211278218,1.603412437923841,0.0,0.018,0.0,0,0
1588,2003-09-05,34.86507936507937,1,1,1,1,"gas,gold,oil,silver",322.9617904622696,5.777534020442712,0.0,0.01,5.157114327455129,1.6403771841958072,0.0,0.018,0.0,0,0
1589,2003-09-10,34.87698412698413,0,1,1,0,"gas,silver",,,,,5.06261068376885,1.6218822956541692,0.0,0.018,0.0,0,0
1590,2003-09-15,34.888888888888886,1,1,1,1,"gas,gold,oil,silver",316.89456950217016,5.758569130236289,0.0,0.01,5.089314499583873,1.6271431455760914,0.0,0.018,0.0,0,0
1591,2003-09-18,34.90079365079365,1,1,1,1,"gas,gold,oil,silver",314.7211916505591,5.751687141016903,0.0,0.01,5.007051559033713,1.610847230685186,0.0,0.018,0.0,0,0
1592,2003-09-23,34.91269841269841,1,0,1,1,"gas,gold,oil",319.7589746733706,5.767567507847297,0.0,0.01,,,,,0.0,0,0
1593,2003-09-25,34.92063492063492,1,1,1,1,"gas,gold,oil,silver",312.46223192021995,5.744483604017261,0.0,0.01,4.969114742209113,1.6032417039633797,0.0,0.018,0.0,0,0
1594,2003-09-30,34.932539682539684,0,1,1,0,"gas,silver",,,,,4.835611453345383,1.5760075848897934,0.0,0.018,0.0,0,0
1595,2003-10-03,34.94444444444444,0,0,1,1,"gas,oil",,,,,,,,,0.0,0,0
1596,2003-10-08,34.95634920634921,1,0,1,0,"gas,gold",301.92604981730705,5.710182119235156,0.0,0.01,,,,,0.0,0,0
1597,2003-10-13,34.96825396825397,1,1,1,1,"gas,gold,oil,silver",307.3684591520538,5.728047220609424,0.0,0.01,4.894603600640223,1.588133292241729,0.0,0.018,0.0,0,0
1598,2003-10-16,34.98015873015873,1,0,1,1,"gas,gold,oil",313.1143630901234,5.746568501090867,0.0,0.01,,,,,0.0,0,0
1599,2003-10-21,34.992063492063494,1,0,1,0,"gas,gold",311.5343760156398,5.741509688529186,0.0,0.01,,,,,0.0,0,0
1600,2003-10-24,35.00396825396825,0,0,1,1,"gas,oil",,,,,,,,,0.0,0,0
1601,2003-10-28,35.01190476190476,1,1,1,1,"gas,gold,oil,silver",318.93325299566385,5.764981842633359,0.0,0.01,5.020971720011303,1.6136234846948034,0.0,0.018,0.0,0,0
1602,2003-10-31,35.023809523809526,1,0,1,0,"gas,gold",327.49007670883384,5.79145775449055,0.0,0.01,,,,,0.0,0,0
1603,2003-11-05,35.035714285714285,1,1,0,1,"gold,oil,silver",335.687253749949,5.816179934096089,0.0,0.01,5.343532202229935,1.6758868953948856,0.0,0.018,0.0,0,0
1604,2003-11-10,35.04761904761905,1,1,1,1,"gas,gold,oil,silver",342.2285270434899,5.835478721640725,0.0,0.01,5.60158016256953,1.72304872982552,0.0,0.018,0.0,0,0
1605,2003-11-13,35.05952380952381,1,1,1,1,"gas,gold,oil,silver",341.0586709942658,5.832054518185291,0.0,0.01,5.683084588730547,1.737494146724807,0.0,0.018,0.0,0,0
1606,2003-11-18,35.07142857142857,1,1,1,1,"gas,gold,oil,silver",333.95895656539335,5.811018100891027,0.0,0.01,5.444384655538699,1.6945847390783595,0.0,0.018,0.0,0,0
1607,2003-11-21,35.083333333333336,1,1,1,0,"gas,gold,silver",338.3045629993943,5.823946563722287,0.0,0.01,5.4915249174296346,1.7032059796901502,0.0,0.018,0.0,0,0
1608,2003-11-26,35.095238095238095,1,1,0,0,"gold,silver",342.47962572605906,5.836212169001648,0.0,0.01,5.5562755854864765,1.7149280250814398,0.0,0.018,0.0,0,0
1609,2003-11-28,35.1031746031746,1,1,1,1,"gas,gold,oil,silver",350.1285525141362,5.858300379945467,0.0,0.01,5.724054263707603,1.744677341682044,0.0,0.018,0.0,0,0
1610,2003-12-03,35.11507936507937,1,1,1,1,"gas,gold,oil,silver",350.41362445843254,5.859114240893179,0.0,0.01,5.681220574274605,1.7371660994846245,0.0,0.018,0.0,0,0
1611,2003-12-08,35.12698412698413,0,1,1,1,"gas,oil,silver",,,,,5.422858053648154,1.690622992640485,0.0,0.018,0.0,0,0
1612,2003-12-11,35.138888888888886,1,1,1,1,"gas,gold,oil,silver",335.9984723830521,5.817106613473857,0.0,0.01,5.323103074855827,1.6720564180564603,0.0,0.018,0.0,0,0
1613,2003-12-16,35.15079365079365,1,0,1,1,"gas,gold,oil",336.4971399708199,5.818589649704888,0.0,0.01,,,,,0.0,0,0
1614,2003-12-19,35.16269841269841,1,1,1,1,"gas,gold,oil,silver",328.88143949120285,5.7956973195297,0.0,0.01,5.127971885186181,1.6347102369953403,0.0,0.018,0.0,0,0
1615,2003-12-24,35.17460317460318,0,0,1,1,"gas,oil",,,,,,,,,0.0,0,0
1616,2003-12-26,35.182539682539684,1,1,1,1,"gas,gold,oil,silver",321.95777821184197,5.774420413381254,0.0,0.01,4.904936558750794,1.590242158937921,0.0,0.018,0.0,0,0
1617,2003-12-31,35.19444444444444,1,0,1,1,"gas,gold,oil",320.79721496755417,5.770809194432088,0.0,0.01,,,,,0.0,0,0
1618,2004-01-05,35.20634920634921,1,1,1,1,"gas,gold,oil,silver",324.2316989767129,5.7814583805141435,0.0,0.01,4.916324088061575,1.5925611146857386,0.0,0.018,0.0,0,0
1619,2004-01-08,35.21825396825397,1,1,1,1,"gas,gold,oil,silver",329.4755762319321,5.797502227468198,0.0,0.01,5.1872706452793755,1.6462076716212024,0.0,0.018,0.0,0,0
1620,2004-01-13,35.23015873015873,1,1,0,1,"gold,oil,silver",328.66354602721646,5.795034571043252,0.0,0.01,5.119671133326839,1.633090205216366,0.0,0.018,0.0,0,0
1621,2004-01-16,35.242063492063494,1,1,1,1,"gas,gold,oil,silver",345.60058032658486,5.845283716114211,0.0,0.01,5.389120269038837,1.6843821562081427,0.0,0.018,0.0,0,0
1622,2004-01-21,35.25396825396825,1,1,1,1,"gas,gold,oil,silver",349.1068389829426,5.855378004245492,0.0,0.01,5.468953075646268,1.6990872042668042,0.0,0.018,0.0,0,0
1623,2004-01-26,35.26587301587302,1,1,1,1,"gas,gold,oil,silver",341.5877827302171,5.833604696433553,0.0,0.01,5.314282127334607,1.6703979372596418,0.0,0.018,0.0,0,0
1624,2004-01-28,35.273809523809526,0,1,1,1,"gas,oil,silver",,,,,5.436281516287947,1.6930952823445817,0.0,0.018,0.0,0,0
1625,2004-02-02,35.285714285714285,1,1,1,1,"gas,gold,oil,silver",356.24449063165406,5.875617266569675,0.0,0.01,5.792058190725762,1.7564877017742735,0.0,0.018,0.0,0,0
1626,2004-02-05,35.29761904761905,1,1,1,1,"gas,gold,oil,silver",348.40974407471134,5.853379212654732,0.0,0.01,5.6010877649764454,1.7229608226240236,0.0,0.018,0.0,0,0
1627,2004-02-10,35.30952380952381,1,1,1,1,"gas,gold,oil,silver",344.07898891089354,5.8408712499420234,0.0,0.01,5.565156148708587,1.7165250434009913,0.0,0.018,0.0,0,0
1628,2004-02-13,35.32142857142857,1,1,0,1,"gold,oil,silver",342.5000261310047,5.836271733997181,0.0,0.01,5.237207533123501,1.6557884427580194,0.0,0.018,0.0,0,0
1629,2004-02-18,35.333333333333336,1,1,1,1,"gas,gold,oil,silver",335.186178298833,5.81468613356575,0.0,0.01,4.93248561985863,1.5958430435243989,0.0,0.018,0.0,0,0
1630,2004-02-23,35.345238095238095,1,0,1,1,"gas,gold,oil",336.97030278701646,5.819994804175645,0.0,0.01,,,,,0.0,0,0
1631,2004-02-26,35.357142857142854,1,1,1,1,"gas,gold,oil,silver",335.5494793582105,5.815769424995864,0.0,0.01,4.680546424269258,1.5434148604364406,0.0,0.018,0.0,0,0
1632,2004-03-01,35.36507936507937,1,1,1,1,"gas,gold,oil,silver",332.50184868814983,5.806645420044813,0.0,0.01,4.605790355704796,1.527314284883865,0.0,0.018,0.0,0,0
1633,2004-03-04,35.37698412698413,0,0,1,0,gas,,,,,,,,,0.0,0,0
1634,2004-03-09,35.388888888888886,0,0,0,1,oil,,,,,,,,,0.0,0,0
1635,2004-03-12,35.40079365079365,1,1,0,1,"gold,oil,silver",318.4406725679968,5.763436186289485,0.0,0.01,4.6834964264138295,1.5440449306506003,0.0,0.018,0.0,0,0
1636,2004-03-17,35.41269841269841,1,1,0,1,"gold,oil,silver",323.7940979086264,5.780107813494416,0.0,0.01,4.876214310011,1.5843691626652638,0.0,0.018,0.0,0,0
1637,2004-03-22,35.42460317460318,1,1,1,1,"gas,gold,oil,silver",326.9054250730267,5.789670909104932,0.0,0.01,4.936162121356672,1.5965881307469922,0.0,0.018,0.0,0,0
1638,2004-03-25,35.43650793650794,1,0,1,0,"gas,gold",336.5354981674373,5.818703635846081,0.0,0.01,,,,,0.0,0,0
1639,2004-03-30,35.448412698412696,0,1,1,1,"gas,oil,silver",,,,,5.036115630208896,1.6166350766430697,0.0,0.018,0.0,0,0
1640,2004-04-01,35.45634920634921,1,1,1,1,"gas,gold,oil,silver",328.39452447020926,5.794215704084245,0.0,0.01,4.843313880688056,1.5775991725305287,0.0,0.018,0.0,0,0
1641,2004-04-06,35.46825396825397,0,1,0,1,"oil,silver",,,,,4.8675295269927155,1.582586524397378,0.0,0.018,0.0,0,0
1642,2004-04-09,35.48015873015873,0,0,1,1,"gas,oil",,,,,,,,,0.0,0,0
1643,2004-04-14,35.492063492063494,1,1,1,1,"gas,gold,oil,silver",328.55792025093956,5.794713139737046,0.0,0.01,4.748316011464933,1.557790031285975,0.0,0.018,0.0,0,0
1644,2004-04-19,35.50396825396825,1,1,1,1,"gas,gold,oil,silver",320.0867500620588,5.7685920529983825,0.0,0.01,4.618977049766674,1.5301732627776863,0.0,0.018,0.0,0,0
1645,2004-04-22,35.51587301587302,1,1,1,1,"gas,gold,oil,silver",323.620893232331,5.7795727480949495,0.0,0.01,4.806221059565528,1.569911132836893,0.0,0.018,0.0,0,0
1646,2004-04-27,35.52777777777778,1,1,1,1,"gas,gold,oil,silver",325.7270762015066,5.786059841161878,0.0,0.01,4.770881302985088,1.5625310473699667,0.0,0.018,0.0,0,0
1647,2004-04-29,35.535714285714285,1,1,1,1,"gas,gold,oil,silver",327.9209566856119,5.792772593627823,0.0,0.01,4.8349994828688745,1.5758810219494865,0.0,0.018,0.0,0,0
1648,2004-05-04,35.54761904761905,1,1,0,1,"gold,oil,silver",327.39170764082826,5.791157336701886,0.0,0.01,4.8041797971924245,1.569486330077003,0.0,0.018,0.0,0,0
1649,2004-05-07,35.55952380952381,1,1,1,1,"gas,gold,oil,silver",331.02893064306005,5.802205775313046,0.0,0.01,4.903668142457465,1.5899835255565098,0.0,0.018,0.0,0,0
1650,2004-05-12,35.57142857142857,1,1,1,1,"gas,gold,oil,silver",328.66196328230535,5.7950297553320445,0.0,0.01,4.661280182682278,1.5392901277234563,0.0,0.018,0.0,0,0
1651,2004-05-17,35.583333333333336,1,1,1,0,"gas,gold,silver",319.383776399641,5.766393440501001,0.0,0.01,4.436496668195727,1.4898650262946025,0.0,0.018,0.0,0,0
1652,2004-05-20,35.595238095238095,0,1,1,1,"gas,oil,silver",,,,,4.409549283890443,1.4837724810362056,0.0,0.018,0.0,0,0
1653,2004-05-25,35.607142857142854,1,1,0,0,"gold,silver",322.33142367848,5.775580282295494,0.0,0.01,4.572941941365652,1.5201567486332972,0.0,0.018,0.0,0,0
1654,2004-05-28,35.61904761904762,1,1,1,1,"gas,gold,oil,silver",319.66310538498465,5.767267645543213,0.0,0.01,4.4627299073047455,1.4957606656228566,0.0,0.018,0.0,0,0
1655,2004-06-01,35.62698412698413,1,1,1,1,"gas,gold,oil,silver",325.72662761959043,5.7860584639898285,0.0,0.01,4.6321123667885304,1.533012998782268,0.0,0.018,0.0,0,0
1656,2004-06-04,35.638888888888886,0,1,1,1,"gas,oil,silver",,,,,4.523932986329565,1.5093817452196623,0.0,0.018,0.0,0,0
1657,2004-06-09,35.65079365079365,1,1,0,0,"gold,silver",324.53115279178724,5.782381533976228,0.0,0.01,4.830642842159087,1.5749795524230297,0.0,0.018,0.0,0,0
1658,2004-06-14,35.66269841269841,1,1,1,1,"gas,gold,oil,silver",328.8472197572585,5.795593265271172,0.0,0.01,4.881236780508119,1.5853986263836246,0.0,0.018,0.0,0,0
1659,2004-06-17,35.67460317460318,1,1,1,0,"gas,gold,silver",334.75767701662375,5.813406917890458,0.0,0.01,5.034086858886203,1.616232151011269,0.0,0.018,0.0,0,0
1660,2004-06-22,35.68650793650794,1,1,1,1,"gas,gold,oil,silver",346.1998809504549,5.847016298866992,0.0,0.01,5.27717194299394,1.663390337367012,0.0,0.018,0.0,0,0
1661,2004-06-25,35.698412698412696,0,1,1,1,"gas,oil,silver",,,,,5.006794381670871,1.610795866331386,0.0,0.018,0.0,0,0
1662,2004-06-30,35.71031746031746,1,1,1,1,"gas,gold,oil,silver",344.47359865138725,5.842017450801113,0.0,0.01,5.016529255575236,1.6127383112364018,0.0,0.018,0.0,0,0
1663,2004-07-02,35.71825396825397,1,1,0,1,"gold,oil,silver",345.04577045011007,5.843677076203076,0.0,0.01,5.166417055430935,1.642179422237959,0.0,0.018,0.0,0,0
1664,2004-07-07,35.73015873015873,1,1,1,1,"gas,gold,oil,silver",342.05342540943684,5.834966939509844,0.0,0.01,4.917054504157823,1.592709673208273,0.0,0.018,0.0,0,0
1665,2004-07-12,35.742063492063494,1,1,1,1,"gas,gold,oil,silver",351.1893527646885,5.8613255445721535,0.0,0.01,5.254034145637282,1.6589961902215373,0.0,0.018,0.0,0,0
1666,2004-07-15,35.75396825396825,1,1,1,1,"gas,gold,oil,silver",356.0298849225423,5.875014673740363,0.0,0.01,5.2076158295938555,1.6501221367464964,0.0,0.018,0.0,0,0
1667,2004-07-20,35.76587301587302,1,1,1,1,"gas,gold,oil,silver",352.47155474458583,5.864969923236205,0.0,0.01,5.112891376716432,1.6317650713418657,0.0,0.018,0.0,0,0
1668,2004-07-23,35.77777777777778,1,1,1,1,"gas,gold,oil,silver",358.5040340171123,5.881939912464825,0.0,0.01,5.252644608132305,1.6587316846540516,0.0,0.018,0.0,0,0
1669,2004-07-28,35.78968253968254,1,1,1,1,"gas,gold,oil,silver",351.0154156792156,5.860830141815446,0.0,0.01,5.082050158248007,1.6257147546343917,0.0,0.018,0.0,0,0
1670,2004-07-30,35.79761904761905,1,0,1,1,"gas,gold,oil",354.3317333778172,5.870233574267079,0.0,0.01,,,,,0.0,0,0
1671,2004-08-04,35.80952380952381,1,1,0,1,"gold,oil,silver",348.66896059552397,5.854122935080978,0.0,0.01,5.039086802242921,1.617224875635214,0.0,0.018,0.0,0,0
1672,2004-08-09,35.82142857142857,1,1,1,1,"gas,gold,oil,silver",362.7344558859376,5.893671040083772,0.0,0.01,5.253101225251931,1.6588186117751063,0.0,0.018,0.0,0,0
1673,2004-08-12,35.833333333333336,1,1,0,0,"gold,silver",353.26851393445776,5.867228430479893,0.0,0.01,5.0320276869873055,1.6158230215664893,0.0,0.018,0.0,0,0
1674,2004-08-17,35.845238095238095,1,0,1,1,"gas,gold,oil",342.532466653192,5.836366446357699,0.0,0.01,,,,,0.0,0,0
1675,2004-08-20,35.857142857142854,0,0,0,1,oil,,,,,,,,,0.0,0,0
1676,2004-08-25,35.86904761904762,1,1,1,1,"gas,gold,oil,silver",330.2748541074152,5.799925199033687,0.0,0.01,4.72464931660981,1.552793339484443,0.0,0.018,0.0,0,0
1677,2004-08-30,35.88095238095238,1,1,1,1,"gas,gold,oil,silver",331.07155201647885,5.802334521249936,0.0,0.01,4.692041563562757,1.5458677891413282,0.0,0.018,0.0,0,0
1678,2004-09-01,35.888888888888886,0,1,1,1,"gas,oil,silver",,,,,4.6555487618071725,1.5380597903131124,0.0,0.018,0.0,0,0
1679,2004-09-06,35.90079365079365,1,0,0,0,gold,325.2842587234456,5.784699442279099,0.0,0.01,,,,,0.0,0,0
1680,2004-09-09,35.91269841269841,1,1,0,1,"gold,oil,silver",333.09892062834956,5.808439504811164,0.0,0.01,4.713251258103945,1.5503779582336972,0.0,0.018,0.0,0,0
1681,2004-09-14,35.92460317460318,1,1,0,1,"gold,oil,silver",327.47334586216664,5.791406665082824,0.0,0.01,4.604965104102747,1.5271350918507074,0.0,0.018,0.0,0,0
1682,2004-09-17,35.93650793650794,0,1,1,1,"gas,oil,silver",,,,,4.678499989041621,1.5429775433915458,0.0,0.018,0.0,0,0
1683,2004-09-22,35.948412698412696,1,1,1,1,"gas,gold,oil,silver",326.6048314328286,5.788750973546447,0.0,0.01,4.6343121425192875,1.5334877829387397,0.0,0.018,0.0,0,0
1684,2004-09-27,35.96031746031746,1,1,1,1,"gas,gold,oil,silver",307.97200203323223,5.730008876352187,0.0,0.01,4.335614662164177,1.4668633907611428,0.0,0.018,0.0,0,0
1685,2004-09-30,35.97222222222222,0,1,1,1,"gas,oil,silver",,,,,4.412779434463788,1.4845047481780915,0.0,0.018,0.0,0,0
1686,2004-10-04,35.98015873015873,1,1,1,1,"gas,gold,oil,silver",310.11792985244244,5.736952644017123,0.0,0.01,4.211559781980179,1.4378330736102471,0.0,0.018,0.0,0,0
1687,2004-10-07,35.992063492063494,1,1,0,1,"gold,oil,silver",310.4530506627641,5.7380326843458525,0.0,0.01,4.151884100792757,1.4235622314067278,0.0,0.018,0.0,0,0
1688,2007-04-27,38.63492063492063,1,1,0,0,"gold,silver",324.77575699907044,5.783134965720649,0.0,0.01,4.579205294696562,1.5215254666285756,0.0,0.018,0.0,0,0
1689,2007-05-02,38.6468253968254,1,1,1,1,"gas,gold,oil,silver",321.66167612228213,5.773500297904768,0.0,0.01,4.604729205797104,1.527083863591059,0.0,0.018,0.0,0,0
1690,2007-05-07,38.65873015873016,1,1,1,1,"gas,gold,oil,silver",322.13315445695747,5.774964983225524,0.0,0.01,4.490202550689756,1.5018978122488644,0.0,0.018,0.0,0,0
1691,2007-05-10,38.67063492063492,1,1,1,1,"gas,gold,oil,silver",321.0904776668191,5.771722945304818,0.0,0.01,4.501616528811493,1.5044365608938959,0.0,0.018,0.0,0,0
1692,2007-05-15,38.682539682539684,1,0,1,1,"gas,gold,oil",318.88968434860783,5.764845225887322,0.0,0.01,,,,,0.0,0,0
1693,2007-05-17,38.69047619047619,1,1,1,1,"gas,gold,oil,silver",312.166850343325,5.743537821608786,0.0,0.01,4.231734499900849,1.4426119562696682,0.0,0.018,0.0,0,0
1694,2007-05-22,38.70238095238095,0,1,1,0,"gas,silver",,,,,4.286494127005404,1.4554691790215168,0.0,0.018,0.0,0,0
1695,2007-05-25,38.714285714285715,1,1,1,1,"gas,gold,oil,silver",324.90226913676935,5.7835244267589125,0.0,0.01,4.433779101418989,1.4892522906971204,0.0,0.018,0.0,0,0
1696,2007-05-30,38.726190476190474,1,1,1,1,"gas,gold,oil,silver",326.96757396409765,5.789861003791055,0.0,0.01,4.514310807772499,1.507252530205885,0.0,0.018,0.0,0,0
1697,2007-06-04,38.73809523809524,1,0,1,1,"gas,gold,oil",339.00079805018646,5.826002461508023,0.0,0.01,,,,,0.0,0,0
1698,2007-06-07,38.75,1,1,0,1,"gold,oil,silver",325.20946042476,5.784469468347566,0.0,0.01,4.640007283886337,1.5347159360400218,0.0,0.018,0.0,0,0
1699,2007-06-12,38.76190476190476,1,1,1,1,"gas,gold,oil,silver",328.6276797355,5.794925437404018,0.0,0.01,4.703142319450117,1.548230863923312,0.0,0.018,0.0,0,0
1700,2007-06-15,38.773809523809526,1,1,1,1,"gas,gold,oil,silver",325.5221644395277,5.78543055284658,0.0,0.01,4.7801155284911845,1.5644647153517108,0.0,0.018,0.0,0,0
1701,2007-06-19,38.78174603174603,0,1,1,0,"gas,silver",,,,,4.961833688127117,1.601775367603327,0.0,0.018,0.0,0,0
1702,2007-06-22,38.79365079365079,1,0,1,1,"gas,gold,oil",322.7138912620317,5.776766145116335,0.0,0.01,,,,,0.0,0,0
1703,2007-06-27,38.80555555555556,0,1,1,0,"gas,silver",,,,,4.584431471255756,1.5226661004750055,0.0,0.018,0.0,0,0
1704,2007-07-02,38.817460317460316,0,0,0,1,oil,,,,,,,,,0.0,0,0
1705,2010-02-25,41.567460317460316,1,1,1,0,"gas,gold,silver",498.88762922957784,6.212380878467316,0.0,0.01,4.925237801388985,1.5943725580043777,0.0,0.018,0.0,0,0
1706,2010-03-02,41.57936507936508,1,1,0,0,"gold,silver",489.43100201131796,6.193243495980818,0.0,0.01,4.8953102408280875,1.5882776531013922,0.0,0.018,0.0,0,0
1707,2010-03-05,41.59126984126984,1,1,1,1,"gas,gold,oil,silver",495.081262087592,6.204721914928474,0.0,0.01,5.147520128912848,1.638515070337193,0.0,0.018,0.0,0,0
1708,2010-03-10,41.6031746031746,1,1,0,1,"gold,oil,silver",485.22514390363386,6.184612997457686,0.0,0.01,4.9759882998540155,1.6046240041186026,0.0,0.018,0.0,0,0
1709,2010-03-12,41.611111111111114,1,1,1,1,"gas,gold,oil,silver",492.9972941696986,6.200503685528031,0.0,0.01,5.015165792369214,1.6124664801634074,0.0,0.018,0.0,0,0
1710,2010-03-17,41.62301587301587,1,1,1,1,"gas,gold,oil,silver",485.6313317878394,6.1854497594674696,0.0,0.01,5.0490887566519715,1.6192077827779179,0.0,0.018,0.0,0,0
1711,2010-03-22,41.63492063492063,1,1,1,1,"gas,gold,oil,silver",480.8577403112033,6.175571468171916,0.0,0.01,4.941914245479826,1.5977527552264352,0.0,0.018,0.0,0,0
1712,2010-06-22,41.8968253968254,1,1,1,1,"gas,gold,oil,silver",531.0798816308463,6.274912446143829,0.0,0.01,6.2896653191128005,1.8389078608885918,0.0,0.018,0.0,0,0
1713,2010-06-25,41.90873015873016,1,1,1,1,"gas,gold,oil,silver",538.147831206628,6.288133301611372,0.0,0.01,6.526024082414455,1.8757978883902555,0.0,0.018,0.0,0,0
1714,2010-06-30,41.92063492063492,1,1,1,0,"gas,gold,silver",541.9131639729615,6.295105774531974,0.0,0.01,6.657256428450201,1.8957074519983923,0.0,0.018,0.0,0,0
1715,2010-07-05,41.932539682539684,0,1,1,1,"gas,oil,silver",,,,,6.578546715880052,1.8838138570951979,0.0,0.018,0.0,0,0
1716,2010-07-08,41.94444444444444,1,1,1,1,"gas,gold,oil,silver",546.4137548637831,6.303376481555731,0.0,0.01,6.829762689864746,1.921289927717684,0.0,0.018,0.0,0,0
1717,2010-07-12,41.95238095238095,0,1,1,1,"gas,oil,silver",,,,,6.850909713242474,1.924381448309266,0.0,0.018,0.0,0,0
1718,2010-07-15,41.964285714285715,0,1,0,1,"oil,silver",,,,,7.097350003804165,1.9597214754754728,0.0,0.018,0.0,0,0
1719,2010-07-20,41.976190476190474,1,1,1,1,"gas,gold,oil,silver",565.1405197262047,6.337074407703871,0.0,0.01,6.9317674249628976,1.9361148203619079,0.0,0.018,0.0,0,0
1720,2010-07-23,41.98809523809524,1,1,1,1,"gas,gold,oil,silver",582.2406293352541,6.366883814749591,0.0,0.01,7.3371789791367155,1.9929544334832185,0.0,0.018,0.0,0,0
1721,2010-07-28,42.0,1,1,1,1,"gas,gold,oil,silver",583.0206408535785,6.368222590275359,0.0,0.01,7.472853715060185,2.011276949627451,0.0,0.018,0.0,0,0
1722,2010-08-02,42.01190476190476,1,1,1,1,"gas,gold,oil,silver",583.4394123573666,6.368940611472273,0.0,0.01,7.581938479167964,2.0257689029973838,0.0,0.018,0.0,0,0
1723,2010-08-05,42.023809523809526,1,1,1,0,"gas,gold,silver",574.7451470985392,6.35392672010793,0.0,0.01,7.300792801333151,1.9879829451798245,0.0,0.018,0.0,0,0
1724,2010-08-09,42.03174603174603,1,1,1,0,"gas,gold,silver",571.2990891815018,6.347912871438059,0.0,0.01,7.165785338805618,1.96931766292273,0.0,0.018,0.0,0,0
1725,2010-08-12,42.04365079365079,0,1,1,0,"gas,silver",,,,,7.439594393478396,2.0068163303533026,0.0,0.018,0.0,0,0
1726,2010-08-17,42.05555555555556,0,1,1,1,"gas,oil,silver",,,,,7.576796666416011,2.0250905069571115,0.0,0.018,0.0,0,0
1727,2010-08-20,42.067460317460316,0,1,1,1,"gas,oil,silver",,,,,7.572369481642139,2.02450602793607,0.0,0.018,0.0,0,0
1728,2010-08-25,42.07936507936508,0,0,0,1,oil,,,,,,,,,0.0,0,0
1729,2010-08-30,42.09126984126984,1,1,0,1,"gold,oil,silver",597.5996066998372,6.3929209756855885,0.0,0.01,7.360457611367153,1.9961221062654648,0.0,0.018,0.0,0,0
1730,2010-09-02,42.1031746031746,1,1,1,0,"gas,gold,silver",608.3534751371511,6.410756086614859,0.0,0.01,7.502502766488849,2.015236667074583,0.0,0.018,0.0,0,0
1731,2010-09-07,42.11507936507937,1,0,1,0,"gas,gold",616.6222346618435,6.424256574908685,0.0,0.01,,,,,0.0,0,0
1732,2010-09-09,42.12301587301587,1,1,1,1,"gas,gold,oil,silver",617.1973319137782,6.42518879759207,0.0,0.01,7.3713592244232595,1.9976021158484722,0.0,0.018,0.0,0,0
1733,2010-09-14,42.13492063492063,1,1,1,1,"gas,gold,oil,silver",630.7871645839788,6.446968507044163,0.0,0.01,7.7504456021899895,2.047750338769136,0.0,0.018,0.0,0,0
1734,2010-09-17,42.1468253968254,1,0,1,1,"gas,gold,oil",636.0742199072906,6.455315254498882,0.0,0.01,,,,,0.0,0,0
1735,2010-09-22,42.15873015873016,1,1,1,0,"gas,gold,silver",619.9698460423075,6.429670841440764,0.0,0.01,7.605161731284202,2.028827191926181,0.0,0.018,0.0,0,0
1736,2010-09-27,42.17063492063492,1,1,1,1,"gas,gold,oil,silver",613.5273464160717,6.41922483759288,0.0,0.01,7.662817242274841,2.0363797023334946,0.0,0.018,0.0,0,0
1737,2010-09-30,42.182539682539684,1,1,1,1,"gas,gold,oil,silver",609.1799392194705,6.412113690766846,0.0,0.01,7.624210248037926,2.0313287431015024,0.0,0.018,0.0,0,0
1738,2010-10-05,42.19444444444444,1,1,1,1,"gas,gold,oil,silver",616.1508586834981,6.423491834010521,0.0,0.01,7.761831148250314,2.0492182790706153,0.0,0.018,0.0,0,0
1739,2010-10-08,42.20634920634921,0,1,1,1,"gas,oil,silver",,,,,7.750071757568802,2.0477021023635267,0.0,0.018,0.0,0,0
1740,2010-10-12,42.214285714285715,1,0,1,0,"gas,gold",617.0317834400721,6.424920535447482,0.0,0.01,,,,,0.0,0,0
1741,2010-10-15,42.226190476190474,1,1,1,1,"gas,gold,oil,silver",600.5179110792237,6.397792468018144,0.0,0.01,7.322366160090044,1.990933521654456,0.0,0.018,0.0,0,0
1742,2010-10-20,42.23809523809524,1,1,1,1,"gas,gold,oil,silver",621.3607733280849,6.431911868683948,0.0,0.01,7.65242257111747,2.035022273670263,0.0,0.018,0.0,0,0
1743,2010-10-25,42.25,1,1,1,1,"gas,gold,oil,silver",608.5676842030941,6.411108137471254,0.0,0.01,7.561537582424516,2.023074553430323,0.0,0.018,0.0,0,0
1744,2010-10-28,42.26190476190476,0,1,1,1,"gas,oil,silver",,,,,7.975056073413407,2.0763186797952065,0.0,0.018,0.0,0,0
1745,2010-11-02,42.273809523809526,1,1,1,1,"gas,gold,oil,silver",623.5642966980197,6.435451882013497,0.0,0.01,7.881274237087395,2.0644895960110454,0.0,0.018,0.0,0,0
1746,2010-11-05,42.285714285714285,1,1,1,1,"gas,gold,oil,silver",614.4321770456099,6.420698551955629,0.0,0.01,7.746415801769065,2.0472302591986073,0.0,0.018,0.0,0,0
1747,2010-11-09,42.29365079365079,1,1,1,0,"gas,gold,silver",610.8484530584452,6.4148488974059115,0.0,0.01,7.597846297523861,2.027864825227291,0.0,0.018,0.0,0,0
1748,2010-11-12,42.30555555555556,0,0,1,1,"gas,oil",,,,,,,,,0.0,0,0
1749,2010-11-17,42.317460317460316,0,0,1,1,"gas,oil",,,,,,,,,0.0,0,0
1750,2010-11-22,42.32936507936508,1,1,1,1,"gas,gold,oil,silver",605.8338680034226,6.406605803275774,0.0,0.01,7.029923376327829,1.9501758062365486,0.0,0.018,0.0,0,0
1751,2010-11-25,42.34126984126984,1,1,1,1,"gas,gold,oil,silver",598.4663149712611,6.394370240993497,0.0,0.01,6.720602252841461,1.9051777714778908,0.0,0.018,0.0,0,0
1752,2010-11-30,42.3531746031746,0,1,1,1,"gas,oil,silver",,,,,6.185950869171044,1.8222807319699483,0.0,0.018,0.0,0,0
1753,2010-12-03,42.36507936507937,1,0,1,1,"gas,gold,oil",574.958038750659,6.354297062048656,0.0,0.01,,,,,0.0,0,0
1754,2010-12-08,42.37698412698413,1,1,1,0,"gas,gold,silver",559.9022433269483,6.3277622030032745,0.0,0.01,6.102494037883021,1.808697546288683,0.0,0.018,0.0,0,0
1755,2010-12-10,42.38492063492063,1,1,1,1,"gas,gold,oil,silver",565.5881662917803,6.337866191965644,0.0,0.01,6.23640173231176,1.8304033705945395,0.0,0.018,0.0,0,0
1756,2010-12-15,42.3968253968254,1,0,1,1,"gas,gold,oil",579.5005965401505,6.3621666921841955,0.0,0.01,,,,,0.0,0,0
1757,2010-12-20,42.40873015873016,1,1,0,1,"gold,oil,silver",558.207240736297,6.324730292598702,0.0,0.01,6.102857382528087,1.8087570848685497,0.0,0.018,0.0,0,0
1758,2010-12-23,42.42063492063492,1,1,1,0,"gas,gold,silver",564.0472333517586,6.335137995069054,0.0,0.01,6.1825845531755235,1.82173639653108,0.0,0.018,0.0,0,0
1759,2010-12-28,42.432539682539684,1,0,1,1,"gas,gold,oil",570.3225157237148,6.346202017873629,0.0,0.01,,,,,0.0,0,0
1760,2010-12-31,42.44444444444444,1,0,1,0,"gas,gold",564.5939628771099,6.336106823018881,0.0,0.01,,,,,0.0,0,0
1761,2011-01-05,42.45634920634921,1,1,1,0,"gas,gold,silver",565.0906655473568,6.33698618826783,0.0,0.01,5.932065244341217,1.780372422924104,0.0,0.018,0.0,0,0
1762,2011-01-10,42.46825396825397,1,1,1,1,"gas,gold,oil,silver",562.417603489186,6.332244640663047,0.0,0.01,5.8196575819800955,1.7612414253011932,0.0,0.018,0.0,0,0
1763,2011-01-12,42.476190476190474,1,0,1,1,"gas,gold,oil",566.4746981669628,6.339432416040722,0.0,0.01,,,,,0.0,0,0
1764,2011-01-17,42.48809523809524,1,1,1,1,"gas,gold,oil,silver",582.1936893856459,6.366803191997618,0.0,0.01,5.885189884318042,1.7724390060061606,0.0,0.018,0.0,0,0
1765,2011-01-20,42.5,1,1,1,1,"gas,gold,oil,silver",577.2134486651127,6.3582121264638864,0.0,0.01,5.768545551946803,1.7524199780250531,0.0,0.018,0.0,0,0
1766,2011-01-25,42.51190476190476,0,1,1,1,"gas,oil,silver",,,,,5.84617411185776,1.7657874493207713,0.0,0.018,0.0,0,0
1767,2011-01-28,42.523809523809526,1,1,1,1,"gas,gold,oil,silver",585.1251457740022,6.371825748753299,0.0,0.01,6.076513769789228,1.804431138398598,0.0,0.018,0.0,0,0
1768,2011-02-02,42.535714285714285,1,1,1,1,"gas,gold,oil,silver",584.1233062508537,6.37011210138164,0.0,0.01,5.970343903338642,1.7868045309947458,0.0,0.018,0.0,0,0
1769,2011-02-07,42.54761904761905,1,0,0,1,"gold,oil",579.0834416922667,6.361446580647795,0.0,0.01,,,,,0.0,0,0
1770,2011-02-10,42.55952380952381,0,1,0,1,"oil,silver",,,,,5.75882920575759,1.7507341911577918,0.0,0.018,0.0,0,0
1771,2011-02-14,42.567460317460316,0,1,1,1,"gas,oil,silver",,,,,5.7668868008271925,1.7521323856608804,0.0,0.018,0.0,0,0
1772,2011-02-17,42.57936507936508,1,1,1,1,"gas,gold,oil,silver",580.4116964864696,6.36373767326471,0.0,0.01,5.736118049865413,1.7467826836060127,0.0,0.018,0.0,0,0
1773,2011-02-22,42.59126984126984,1,1,0,0,"gold,silver",586.2573323197652,6.373758826837525,0.0,0.01,5.646528360028772,1.73104090675443,0.0,0.018,0.0,0,0
1774,2011-02-25,42.6031746031746,1,1,0,1,"gold,oil,silver",584.0396780151311,6.369968922327018,0.0,0.01,5.655388645815003,1.7326088332569554,0.0,0.018,0.0,0,0
1775,2011-03-02,42.61507936507937,0,0,0,1,oil,,,,,,,,,0.0,0,0
1776,2011-03-07,42.62698412698413,1,1,1,1,"gas,gold,oil,silver",586.9077109370718,6.37486758589521,0.0,0.01,5.62919261073635,1.7279660234726675,0.0,0.018,0.0,0,0
1777,2011-03-10,42.638888888888886,1,1,1,1,"gas,gold,oil,silver",570.8816425278936,6.347181907133363,0.0,0.01,5.489510880905841,1.7028391588212697,0.0,0.018,0.0,0,0
1778,2011-03-14,42.6468253968254,1,1,1,1,"gas,gold,oil,silver",576.0001364412792,6.356107897573084,0.0,0.01,5.573275828178825,1.717983001024718,0.0,0.018,0.0,0,0
1779,2011-03-17,42.65873015873016,1,0,1,0,"gas,gold",572.1496715863838,6.3494006207644045,0.0,0.01,,,,,0.0,0,0
1780,2011-03-22,42.67063492063492,1,1,0,1,"gold,oil,silver",572.4923490462602,6.349999371227758,0.0,0.01,5.558002936605264,1.715238859676643,0.0,0.018,0.0,0,0
1781,2011-03-25,42.682539682539684,1,1,1,1,"gas,gold,oil,silver",572.6731729745085,6.350315175233859,0.0,0.01,5.552092952602439,1.714174965247791,0.0,0.018,0.0,0,0
1782,2011-03-30,42.69444444444444,1,1,1,1,"gas,gold,oil,silver",571.238260081057,6.3478063907168085,0.0,0.01,5.566255241956072,1.7167225193925766,0.0,0.018,0.0,0,0
1783,2011-04-04,42.70634920634921,1,1,0,1,"gold,oil,silver",567.3047170343038,6.340896579183029,0.0,0.01,5.580864188584096,1.7193436369078214,0.0,0.018,0.0,0,0
1784,2011-04-07,42.71825396825397,1,1,0,0,"gold,silver",569.4034810520881,6.344589288369486,0.0,0.01,5.734556594276558,1.7465104318602451,0.0,0.018,0.0,0,0
1785,2011-04-12,42.73015873015873,0,1,1,1,"gas,oil,silver",,,,,5.828250728786481,1.7627169088191084,0.0,0.018,0.0,0,0
1786,2011-04-14,42.73809523809524,1,1,0,1,"gold,oil,silver",567.1376291471344,6.340602006454957,0.0,0.01,5.718132814423743,1.7436423210566956,0.0,0.018,0.0,0,0
1787,2011-04-19,42.75,1,1,1,1,"gas,gold,oil,silver",563.9817453137937,6.335021884509349,0.0,0.01,5.665803585551341,1.734448735355883,0.0,0.018,0.0,0,0
1788,2011-04-22,42.76190476190476,1,1,0,1,"gold,oil,silver",557.6006344297538,6.323642997232169,0.0,0.01,5.627199943652759,1.7276119727242099,0.0,0.018,0.0,0,0
1789,2011-04-27,42.773809523809526,1,1,1,1,"gas,gold,oil,silver",572.6984104100502,6.350359243789272,0.0,0.01,5.815751478135924,1.7605700085988272,0.0,0.018,0.0,0,0
1790,2011-05-02,42.785714285714285,0,0,1,1,"gas,oil",,,,,,,,,0.0,0,0
1791,2011-05-05,42.79761904761905,1,1,1,0,"gas,gold,silver",562.9767054147877,6.333238251466259,0.0,0.01,5.40442345349063,1.6872177762972018,0.0,0.018,0.0,0,0
1792,2011-05-10,42.80952380952381,1,1,1,1,"gas,gold,oil,silver",564.5311341314604,6.335995535534649,0.0,0.01,5.606945152321252,1.7240060350928446,0.0,0.018,0.0,0,0
1793,2011-05-13,42.82142857142857,1,1,1,1,"gas,gold,oil,silver",559.9994678337092,6.327935833431796,0.0,0.01,5.594330247792162,1.7217536291101718,0.0,0.018,0.0,0,0
1794,2011-05-17,42.82936507936508,1,1,0,1,"gold,oil,silver",551.646303060503,6.312907085580493,0.0,0.01,5.498968521463386,1.7045605330981977,0.0,0.018,0.0,0,0
1795,2011-05-20,42.84126984126984,1,0,1,1,"gas,gold,oil",541.979705682787,6.295228557348933,0.0,0.01,,,,,0.0,0,0
1796,2011-05-25,42.8531746031746,0,1,0,1,"oil,silver",,,,,5.29721670749938,1.667181533090349,0.0,0.018,0.0,0,0
1797,2011-05-30,42.86507936507937,1,1,1,1,"gas,gold,oil,silver",539.7667120126915,6.291137031421733,0.0,0.01,5.498429425117735,1.7044624923891678,0.0,0.018,0.0,0,0
1798,2011-06-02,42.87698412698413,1,1,1,1,"gas,gold,oil,silver",528.6953667360457,6.2704123997001595,0.0,0.01,5.370518621716789,1.6809244814583488,0.0,0.018,0.0,0,0
1799,2011-06-07,42.888888888888886,1,1,1,1,"gas,gold,oil,silver",531.2832295598795,6.275295268042245,0.0,0.01,5.351507136202653,1.6773782289371817,0.0,0.018,0.0,0,0
1800,2011-06-10,42.90079365079365,0,1,1,1,"gas,oil,silver",,,,,5.396774667635774,1.6858014913540658,0.0,0.018,0.0,0,0
1801,2011-06-14,42.90873015873016,1,1,1,1,"gas,gold,oil,silver",528.7207788689187,6.270460464282838,0.0,0.01,5.384270576612433,1.683481846765468,0.0,0.018,0.0,0,0
1802,2011-06-17,42.92063492063492,1,1,1,1,"gas,gold,oil,silver",538.7657039892334,6.289280789929068,0.0,0.01,5.692504484662663,1.7391503067749754,0.0,0.018,0.0,0,0
1803,2011-06-22,42.932539682539684,0,1,1,1,"gas,oil,silver",,,,,5.575178844552093,1.7183243965719244,0.0,0.018,0.0,0,0
1804,2011-06-27,42.94444444444444,1,1,1,1,"gas,gold,oil,silver",542.004774309857,6.295274810090623,0.0,0.01,5.7715865932652415,1.7529470155581703,0.0,0.018,0.0,0,0
1805,2011-06-30,42.95634920634921,1,1,1,1,"gas,gold,oil,silver",530.2485058327637,6.273345775586534,0.0,0.01,5.7471600038550354,1.7487058204213275,0.0,0.018,0.0,0,0
1806,2011-07-05,42.96825396825397,1,1,1,1,"gas,gold,oil,silver",536.7165800565424,6.285470171302118,0.0,0.01,5.889017155304523,1.7730891170681453,0.0,0.018,0.0,0,0
1807,2011-07-08,42.98015873015873,1,1,1,1,"gas,gold,oil,silver",540.3707428285645,6.292255464776915,0.0,0.01,5.9186565601533685,1.778109490736334,0.0,0.018,0.0,0,0
1808,2011-07-13,42.992063492063494,1,1,1,1,"gas,gold,oil,silver",522.0502270503714,6.257763803656763,0.0,0.01,5.561335329265115,1.7158382465609952,0.0,0.018,0.0,0,0
1809,2011-07-15,43.0,1,1,1,1,"gas,gold,oil,silver",523.2805739234717,6.260117790433184,0.0,0.01,5.601152430386853,1.722972367709521,0.0,0.018,0.0,0,0
1810,2011-07-20,43.01190476190476,1,1,1,1,"gas,gold,oil,silver",513.5349629865707,6.2413181146584895,0.0,0.01,5.457094398188355,1.6969164866046609,0.0,0.018,0.0,0,0
1811,2011-07-25,43.023809523809526,1,1,1,0,"gas,gold,silver",515.9814325306645,6.246070781366438,0.0,0.01,5.3404424989957615,1.6753085145194704,0.0,0.018,0.0,0,0
1812,2011-07-28,43.035714285714285,1,1,1,1,"gas,gold,oil,silver",521.116420402753,6.25597347245834,0.0,0.01,5.467075167711399,1.6987437691710752,0.0,0.018,0.0,0,0
1813,2011-08-02,43.04761904761905,0,1,1,1,"gas,oil,silver",,,,,5.4214492198180055,1.6903631634411553,0.0,0.018,0.0,0,0
1814,2011-08-05,43.05952380952381,1,1,1,0,"gas,gold,silver",522.6768438019257,6.258963383612482,0.0,0.01,5.462462533262055,1.6978997014987913,0.0,0.018,0.0,0,0
1815,2011-08-10,43.07142857142857,1,1,0,1,"gold,oil,silver",520.4791289309629,6.254749789135728,0.0,0.01,5.494323427447634,1.703715455151795,0.0,0.018,0.0,0,0
1816,2011-08-15,43.083333333333336,1,1,1,1,"gas,gold,oil,silver",512.6543401169951,6.239601817123363,0.0,0.01,5.32482868540011,1.672380539322119,0.0,0.018,0.0,0,0
1817,2011-08-17,43.09126984126984,1,1,0,1,"gold,oil,silver",510.1235511623194,6.234652953559857,0.0,0.01,5.311896264226264,1.6699488834115848,0.0,0.018,0.0,0,0
1818,2011-08-22,43.1031746031746,1,0,1,1,"gas,gold,oil",511.77830459002297,6.237891532420826,0.0,0.01,,,,,0.0,0,0
1819,2011-08-25,43.11507936507937,1,1,1,1,"gas,gold,oil,silver",506.323933003702,6.227176648259013,0.0,0.01,5.202409554142919,1.6491218940586858,0.0,0.018,0.0,0,0
1820,2011-08-30,43.12698412698413,1,1,1,1,"gas,gold,oil,silver",508.50422488743544,6.231473523983962,0.0,0.01,5.067890785476481,1.622924712399636,0.0,0.018,0.0,0,0
1821,2011-09-02,43.138888888888886,1,1,1,1,"gas,gold,oil,silver",508.23518017822636,6.2309442935555,0.0,0.01,5.08005105300372,1.6253213113437734,0.0,0.018,0.0,0,0
1822,2011-09-07,43.15079365079365,1,1,1,1,"gas,gold,oil,silver",523.7153728748905,6.26094835520804,0.0,0.01,5.279255395739365,1.6637850642392054,0.0,0.018,0.0,0,0
1823,2011-09-12,43.16269841269841,1,1,1,1,"gas,gold,oil,silver",516.1676396438074,6.246431595749133,0.0,0.01,5.163249112587025,1.6415660543146007,0.0,0.018,0.0,0,0
1824,2011-09-15,43.17460317460318,1,1,1,1,"gas,gold,oil,silver",512.5581194286567,6.239414108346075,0.0,0.01,5.199804237812735,1.6486209783042576,0.0,0.018,0.0,0,0
1825,2011-09-19,43.182539682539684,1,0,1,1,"gas,gold,oil",519.5829328075997,6.253026437466368,0.0,0.01,,,,,0.0,0,0
1826,2011-09-22,43.19444444444444,1,1,1,0,"gas,gold,silver",508.9812735307436,6.23241122516792,0.0,0.01,5.096974295321781,1.628647088245675,0.0,0.018,0.0,0,0
1827,2011-09-27,43.20634920634921,1,1,1,1,"gas,gold,oil,silver",503.87013245140287,6.222318561160261,0.0,0.01,5.008191484944611,1.6110748688784509,0.0,0.018,0.0,0,0
1828,2011-09-30,43.21825396825397,1,1,0,1,"gold,oil,silver",497.33528142378765,6.209264409159884,0.0,0.01,4.9811590694398395,1.6056626088231145,0.0,0.018,0.0,0,0
1829,2011-10-05,43.23015873015873,1,1,1,1,"gas,gold,oil,silver",507.4368739491598,6.22937231687225,0.0,0.01,5.10748110503109,1.630706348247308,0.0,0.018,0.0,0,0
1830,2011-10-10,43.242063492063494,1,1,1,1,"gas,gold,oil,silver",519.6766059434468,6.25320670646099,0.0,0.01,5.327734484677172,1.6729260980393479,0.0,0.018,0.0,0,0
1831,2011-10-13,43.25396825396825,1,1,0,1,"gold,oil,silver",519.0954933282125,6.252087861092959,0.0,0.01,5.278036976486882,1.6635542438328106,0.0,0.018,0.0,0,0
1832,2011-10-17,43.26190476190476,1,1,0,1,"gold,oil,silver",525.4806240154824,6.264313318115793,0.0,0.01,5.338372049415598,1.6749207468329503,0.0,0.018,0.0,0,0
1833,2011-10-20,43.273809523809526,0,0,0,1,oil,,,,,,,,,0.0,0,0
1834,2011-10-25,43.285714285714285,1,1,1,0,"gas,gold,silver",524.7240028093091,6.262872415423583,0.0,0.01,5.260615065568855,1.660247952531186,0.0,0.018,0.0,0,0
1835,2011-10-28,43.29761904761905,1,1,0,1,"gold,oil,silver",529.7400272027198,6.2723863714926225,0.0,0.01,5.446185292604845,1.6949154172873289,0.0,0.018,0.0,0,0
1836,2011-11-02,43.30952380952381,0,1,1,1,"gas,oil,silver",,,,,5.6249747378251795,1.7272164570270976,0.0,0.018,0.0,0,0
1837,2011-11-07,43.32142857142857,0,0,1,0,gas,,,,,,,,,0.0,0,0
1838,2011-11-10,43.333333333333336,1,1,1,1,"gas,gold,oil,silver",526.1850068555673,6.265652874957317,0.0,0.01,5.493315951082095,1.7035320715634454,0.0,0.018,0.0,0,0
1839,2011-11-15,43.345238095238095,0,1,0,0,silver,,,,,5.440563847627435,1.6938827039576463,0.0,0.018,0.0,0,0
1840,2011-11-17,43.3531746031746,1,1,1,1,"gas,gold,oil,silver",531.3538809611599,6.2754282417558205,0.0,0.01,5.470080150422046,1.6992932690545188,0.0,0.018,0.0,0,0
1841,2011-11-22,43.36507936507937,1,1,1,1,"gas,gold,oil,silver",537.1357632131951,6.286250880457471,0.0,0.01,5.661483735282303,1.7336860019041553,0.0,0.018,0.0,0,0
1842,2011-11-25,43.37698412698413,1,1,1,1,"gas,gold,oil,silver",537.5744006326478,6.287067170204354,0.0,0.01,5.582520830832462,1.7196404361775135,0.0,0.018,0.0,0,0
1843,2011-11-30,43.388888888888886,0,1,1,0,"gas,silver",,,,,5.5955248298881965,1.7219671407405335,0.0,0.018,0.0,0,0
1844,2011-12-05,43.40079365079365,1,1,1,1,"gas,gold,oil,silver",529.78642640125,6.272473956278074,0.0,0.01,5.387390292706274,1.6840610919197516,0.0,0.018,0.0,0,0
1845,2011-12-08,43.41269841269841,1,1,1,1,"gas,gold,oil,silver",538.9329502075391,6.289591166524597,0.0,0.01,5.532450512218165,1.7106308479809043,0.0,0.018,0.0,0,0
1846,2011-12-13,43.42460317460318,1,1,1,1,"gas,gold,oil,silver",532.9978255031978,6.278517344426186,0.0,0.01,5.48119746110011,1.701323591888333,0.0,0.018,0.0,0,0
1847,2011-12-16,43.43650793650794,1,1,1,1,"gas,gold,oil,silver",529.9674429432977,6.272815576250493,0.0,0.01,5.34684906212988,1.6765074270530849,0.0,0.018,0.0,0,0
1848,2011-12-20,43.44444444444444,0,1,1,1,"gas,oil,silver",,,,,5.268381013708911,1.6617231073303445,0.0,0.018,0.0,0,0
1849,2011-12-23,43.45634920634921,1,1,1,1,"gas,gold,oil,silver",523.9515454696708,6.2613992095676565,0.0,0.01,5.370562140422322,1.680932584684923,0.0,0.018,0.0,0,0
1850,2011-12-28,43.46825396825397,1,1,1,1,"gas,gold,oil,silver",516.003466659494,6.246113483791348,0.0,0.01,5.270101572374753,1.6620496360629349,0.0,0.018,0.0,0,0
1851,2012-01-02,43.48015873015873,1,1,1,1,"gas,gold,oil,silver",511.77506883678547,6.237885209832632,0.0,0.01,5.172270136249425,1.6433116900656421,0.0,0.018,0.0,0,0
1852,2012-01-05,43.492063492063494,0,0,1,0,gas,,,,,,,,,0.0,0,0
1853,2012-01-10,43.50396825396825,1,0,1,1,"gas,gold,oil",511.3297160580049,6.237014619031993,0.0,0.01,,,,,0.0,0,0
1854,2012-01-13,43.51587301587302,1,0,0,1,"gold,oil",507.08514943055434,6.2286789370843465,0.0,0.01,,,,,0.0,0,0
1855,2012-01-17,43.523809523809526,0,1,0,1,"oil,silver",,,,,4.769296108133198,1.5621987275821543,0.0,0.018,0.0,0,0
1856,2012-01-20,43.535714285714285,1,1,1,0,"gas,gold,silver",491.2839724681097,6.197022315943732,0.0,0.01,4.7016894755074,1.5479219069986272,0.0,0.018,0.0,0,0
1857,2012-01-25,43.54761904761905,0,1,1,0,"gas,silver",,,,,4.709962072349482,1.5496798554161764,0.0,0.018,0.0,0,0
1858,2012-01-30,43.55952380952381,1,1,1,1,"gas,gold,oil,silver",488.3667628623,6.191066686813338,0.0,0.01,4.836008704778163,1.5760897327464107,0.0,0.018,0.0,0,0
1859,2012-02-02,43.57142857142857,1,0,1,1,"gas,gold,oil",480.3595981885824,6.174534986312373,0.0,0.01,,,,,0.0,0,0
1860,2012-02-07,43.583333333333336,1,0,1,1,"gas,gold,oil",496.45056117833235,6.207483903861344,0.0,0.01,,,,,0.0,0,0
1861,2012-02-10,43.595238095238095,1,1,1,1,"gas,gold,oil,silver",494.8593443473248,6.204273569355937,0.0,0.01,4.895334306109234,1.5882825690762357,0.0,0.018,0.0,0,0
1862,2012-02-15,43.607142857142854,1,1,1,1,"gas,gold,oil,silver",492.14922549518894,6.198781974357003,0.0,0.01,4.767217466337399,1.5617627943005654,0.0,0.018,0.0,0,0
1863,2012-02-17,43.61507936507937,1,1,1,0,"gas,gold,silver",495.58301843685484,6.205734884512684,0.0,0.01,4.711600216903894,1.5500275991386347,0.0,0.018,0.0,0,0
1864,2012-02-22,43.62698412698413,1,1,0,1,"gold,oil,silver",501.60254313025183,6.217808059342246,0.0,0.01,4.72588546704743,1.553054943821757,0.0,0.018,0.0,0,0
1865,2012-02-27,43.638888888888886,1,1,1,1,"gas,gold,oil,silver",498.3972808661144,6.211397511732266,0.0,0.01,4.807423509340404,1.5701612876605975,0.0,0.018,0.0,0,0
1866,2012-03-01,43.65079365079365,1,1,1,1,"gas,gold,oil,silver",489.6125570812935,6.193614378502582,0.0,0.01,4.6891486276496455,1.5452510366939631,0.0,0.018,0.0,0,0
1867,2012-03-06,43.66269841269841,1,1,1,1,"gas,gold,oil,silver",500.2022091959273,6.21501243505897,0.0,0.01,4.935851668770993,1.5965252352542627,0.0,0.018,0.0,0,0
1868,2012-03-09,43.67460317460318,1,1,1,1,"gas,gold,oil,silver",503.84669924575616,6.222272053639668,0.0,0.01,4.9529765775678705,1.599988724656472,0.0,0.018,0.0,0,0
1869,2012-03-14,43.68650793650794,1,1,1,1,"gas,gold,oil,silver",512.456647232598,6.2392161166689,0.0,0.01,5.14936553271333,1.6388735095548133,0.0,0.018,0.0,0,0
1870,2012-03-19,43.698412698412696,1,0,0,0,gold,512.8534102607387,6.239990054357398,0.0,0.01,,,,,0.0,0,0
1871,2012-03-21,43.70634920634921,1,1,1,1,"gas,gold,oil,silver",529.9502891204237,6.2727832080348165,0.0,0.01,5.543311248261012,1.7125920204508007,0.0,0.018,0.0,0,0
1872,2012-03-26,43.71825396825397,1,1,1,1,"gas,gold,oil,silver",544.3755337749258,6.299639328134279,0.0,0.01,5.823368975794375,1.7618789560878094,0.0,0.018,0.0,0,0
1873,2012-03-29,43.73015873015873,1,0,0,1,"gold,oil",538.9430524042122,6.28960991116062,0.0,0.01,,,,,0.0,0,0
1874,2012-04-03,43.742063492063494,1,1,1,1,"gas,gold,oil,silver",536.953359735938,6.28591123735875,0.0,0.01,5.628752657088136,1.7278878646900528,0.0,0.018,0.0,0,0
1875,2012-04-06,43.75396825396825,1,1,1,1,"gas,gold,oil,silver",536.736109409699,6.285506557354993,0.0,0.01,5.584399767132181,1.7199769544326524,0.0,0.018,0.0,0,0
1876,2012-04-11,43.76587301587302,1,0,0,1,"gold,oil",528.9084457095536,6.270815346387536,0.0,0.01,,,,,0.0,0,0
1877,2012-04-16,43.77777777777778,1,0,1,1,"gas,gold,oil",516.0705488014615,6.246243478619348,0.0,0.01,,,,,0.0,0,0
1878,2012-04-19,43.78968253968254,1,0,1,1,"gas,gold,oil",527.436475457992,6.268028432426415,0.0,0.01,,,,,0.0,0,0
1879,2012-04-23,43.79761904761905,0,1,1,1,"gas,oil,silver",,,,,5.629578979062765,1.728034657661306,0.0,0.018,0.0,0,0
1880,2012-04-26,43.80952380952381,0,1,1,1,"gas,oil,silver",,,,,5.585457723778321,1.7201663850767164,0.0,0.018,0.0,0,0
1881,2012-05-01,43.82142857142857,0,1,0,1,"oil,silver",,,,,5.667538710181869,1.7347549335803447,0.0,0.018,0.0,0,0
1882,2012-05-04,43.833333333333336,1,1,1,1,"gas,gold,oil,silver",540.674855467859,6.292818091640751,0.0,0.01,5.786154982819954,1.7554679920265184,0.0,0.018,0.0,0,0
1883,2012-05-09,43.845238095238095,1,1,1,0,"gas,gold,silver",539.9990772738292,6.291567430804692,0.0,0.01,5.7481718215624795,1.7488818601782348,0.0,0.018,0.0,0,0
1884,2012-05-14,43.857142857142854,1,0,0,1,"gold,oil",555.1234094941211,6.319190448477103,0.0,0.01,,,,,0.0,0,0
1885,2012-05-17,43.86904761904762,1,1,1,1,"gas,gold,oil,silver",562.4147195284093,6.332239512857386,0.0,0.01,6.06230639239593,1.8020903204787617,0.0,0.018,0.0,0,0
1886,2012-05-21,43.87698412698413,0,1,1,1,"gas,oil,silver",,,,,5.926702790581802,1.779468036547859,0.0,0.018,0.0,0,0
1887,2012-05-24,43.888888888888886,1,1,1,1,"gas,gold,oil,silver",554.8517871446844,6.318701027892425,0.0,0.01,5.956055093165196,1.7844083648067173,0.0,0.018,0.0,0,0
1888,2012-05-29,43.90079365079365,1,0,0,1,"gold,oil",549.6020862935733,6.30919453692272,0.0,0.01,,,,,0.0,0,0
1889,2012-06-01,43.91269841269841,1,1,1,1,"gas,gold,oil,silver",549.1999459514731,6.308462575480616,0.0,0.01,5.773472959170476,1.7532737987875602,0.0,0.018,0.0,0,0
1890,2012-06-06,43.92460317460318,0,0,1,1,"gas,oil",,,,,,,,,0.0,0,0
1891,2012-06-11,43.93650793650794,1,1,1,1,"gas,gold,oil,silver",551.4884446340556,6.312620885861275,0.0,0.01,5.842087825488557,1.765088237315156,0.0,0.018,0.0,0,0
1892,2012-06-14,43.948412698412696,1,1,1,1,"gas,gold,oil,silver",562.8053727196659,6.332933871604877,0.0,0.01,6.126222670703966,1.8125783562161981,0.0,0.018,0.0,0,0
1893,2012-06-19,43.96031746031746,1,0,1,0,"gas,gold",551.141641542872,6.3119918388092,0.0,0.01,,,,,0.0,0,0
1894,2012-06-21,43.96825396825397,1,1,1,1,"gas,gold,oil,silver",556.9930180549283,6.322552704938359,0.0,0.01,5.962314698231067,1.7854587778667221,0.0,0.018,0.0,0,0
1895,2012-06-26,43.98015873015873,1,1,1,1,"gas,gold,oil,silver",572.1453619670987,6.349393088407523,0.0,0.01,6.118021880994022,1.8112388222169258,0.0,0.018,0.0,0,0
1896,2012-06-29,43.992063492063494,1,1,0,1,"gold,oil,silver",583.1684242890552,6.368476037063165,0.0,0.01,6.314024302663923,1.8427732391407339,0.0,0.018,0.0,0,0
1897,2012-07-04,44.00396825396825,0,1,1,0,"gas,silver",,,,,6.383673112393058,1.8537436546374455,0.0,0.018,0.0,0,0
1898,2012-07-09,44.01587301587302,1,1,1,1,"gas,gold,oil,silver",601.4138469336881,6.399283294788352,0.0,0.01,6.611982499408582,1.8888835331628646,0.0,0.018,0.0,0,0
1899,2012-07-12,44.02777777777778,0,1,1,0,"gas,silver",,,,,6.524696859303229,1.875594493785202,0.0,0.018,0.0,0,0
1900,2012-07-17,44.03968253968254,1,1,1,1,"gas,gold,oil,silver",591.297002712651,6.382318433834825,0.0,0.01,6.131335057316634,1.8134125169882782,0.0,0.018,0.0,0,0
1901,2012-07-20,44.051587301587304,1,0,0,1,"gold,oil",592.4079261656825,6.384195462057145,0.0,0.01,,,,,0.0,0,0
1902,2012-07-24,44.05952380952381,1,1,1,1,"gas,gold,oil,silver",590.4505059294817,6.380885814900987,0.0,0.01,6.155227146618606,1.8173016633614134,0.0,0.018,0.0,0,0
1903,2012-07-27,44.07142857142857,1,0,1,1,"gas,gold,oil",609.7985752491218,6.413128698128207,0.0,0.01,,,,,0.0,0,0
1904,2012-08-01,44.083333333333336,1,1,1,1,"gas,gold,oil,silver",605.18547895364,6.405534987828658,0.0,0.01,6.409519401613494,1.857784291774363,0.0,0.018,0.0,0,0
1905,2012-08-06,44.095238095238095,0,1,1,1,"gas,oil,silver",,,,,6.345446851895957,1.8477375245172947,0.0,0.018,0.0,0,0
1906,2012-08-09,44.107142857142854,1,1,1,0,"gas,gold,silver",619.8175815391148,6.429425211422955,0.0,0.01,6.671230516311699,1.8978043281163826,0.0,0.018,0.0,0,0
1907,2012-08-14,44.11904761904762,1,1,1,1,"gas,gold,oil,silver",636.2170371481883,6.455539758504086,0.0,0.01,6.936151525682008,1.9367470855028799,0.0,0.018,0.0,0,0
1908,2012-08-17,44.13095238095238,1,1,1,1,"gas,gold,oil,silver",627.7985255015936,6.442219295729711,0.0,0.01,7.026369023032586,1.9496700749569176,0.0,0.018,0.0,0,0
1909,2012-08-21,44.138888888888886,1,1,1,1,"gas,gold,oil,silver",618.17544627316,6.426772310813405,0.0,0.01,6.653995197617601,1.8952174558673802,0.0,0.018,0.0,0,0
1910,2012-08-24,44.15079365079365,1,1,1,1,"gas,gold,oil,silver",635.2080424122748,6.453952571081166,0.0,0.01,6.969700336772678,1.9415722305587653,0.0,0.018,0.0,0,0
1911,2012-08-29,44.16269841269841,1,1,1,1,"gas,gold,oil,silver",635.4083587475739,6.45426787684422,0.0,0.01,6.951152848184329,1.9389075232571542,0.0,0.018,0.0,0,0
1912,2012-09-03,44.17460317460318,1,1,1,1,"gas,gold,oil,silver",619.0852926008483,6.428243054146815,0.0,0.01,6.694372090896334,1.9012671869772502,0.0,0.018,0.0,0,0
1913,2012-09-06,44.18650793650794,1,0,1,0,"gas,gold",589.2727221394445,6.378889102191905,0.0,0.01,,,,,0.0,0,0
1914,2012-09-11,44.198412698412696,1,1,0,1,"gold,oil,silver",591.462700420157,6.382598622123538,0.0,0.01,6.081218212105528,1.8052050397410697,0.0,0.018,0.0,0,0
1915,2012-09-14,44.21031746031746,1,0,1,1,"gas,gold,oil",591.2623832096333,6.382259883704591,0.0,0.01,,,,,0.0,0,0
1916,2012-09-19,44.22222222222222,1,0,1,1,"gas,gold,oil",585.2422660770727,6.372025891549955,0.0,0.01,,,,,0.0,0,0
1917,2012-09-21,44.23015873015873,0,1,1,1,"gas,oil,silver",,,,,5.261264146920722,1.660371329988688,0.0,0.018,0.0,0,0
1918,2012-09-26,44.242063492063494,0,1,0,0,silver,,,,,5.495779528145582,1.7039804391491882,0.0,0.018,0.0,0,0
1919,2012-10-01,44.25396825396825,1,1,1,1,"gas,gold,oil,silver",574.8076649042371,6.3540354890224275,0.0,0.01,5.536225889425946,1.7113130212087042,0.0,0.018,0.0,0,0
1920,2012-10-04,44.26587301587302,1,1,1,0,"gas,gold,silver",577.5882963182269,6.358861324766379,0.0,0.01,5.5844604695652995,1.7199878243749442,0.0,0.018,0.0,0,0
1921,2012-10-09,44.27777777777778,1,1,1,1,"gas,gold,oil,silver",592.2976788748842,6.384009344441684,0.0,0.01,5.689504178074286,1.7386231051628922,0.0,0.018,0.0,0,0
1922,2012-10-12,44.28968253968254,0,1,1,1,"gas,oil,silver",,,,,5.685700426490313,1.7379543256801528,0.0,0.018,0.0,0,0
1923,2012-10-17,44.301587301587304,1,1,1,1,"gas,gold,oil,silver",580.4518948041299,6.363806929149687,0.0,0.01,5.596256315643288,1.7220978591215705,0.0,0.018,0.0,0,0
1924,2012-10-22,44.31349206349206,1,1,1,1,"gas,gold,oil,silver",579.953718648463,6.362948304922956,0.0,0.01,5.695336074969578,1.739647607444131,0.0,0.018,0.0,0,0
1925,2012-10-24,44.32142857142857,1,1,1,1,"gas,gold,oil,silver",585.4211286288667,6.372331466242039,0.0,0.01,5.587455574113785,1.720524008966474,0.0,0.018,0.0,0,0
1926,2012-10-29,44.333333333333336,0,1,1,1,"gas,oil,silver",,,,,5.448138121340188,1.6952739211947416,0.0,0.018,0.0,0,0
1927,2012-11-01,44.345238095238095,0,1,0,0,silver,,,,,5.59688685710656,1.722210524787364,0.0,0.018,0.0,0,0
1928,2012-11-06,44.357142857142854,1,1,1,1,"gas,gold,oil,silver",605.552051345918,6.406140523536118,0.0,0.01,5.897739336219167,1.774569114133156,0.0,0.018,0.0,0,0
1929,2012-11-09,44.36904761904762,1,1,1,0,"gas,gold,silver",601.0718192267528,6.398714426941051,0.0,0.01,5.9338299239697365,1.7806698601787736,0.0,0.018,0.0,0,0
1930,2012-11-14,44.38095238095238,1,1,1,1,"gas,gold,oil,silver",600.3064831928052,6.39744033012086,0.0,0.01,5.831584598131974,1.7632887641400234,0.0,0.018,0.0,0,0
1931,2012-11-19,44.392857142857146,0,1,1,1,"gas,oil,silver",,,,,5.776942517260219,1.7538745664744326,0.0,0.018,0.0,0,0
1932,2012-11-22,44.404761904761905,1,0,1,1,"gas,gold,oil",620.1015578334378,6.429883267582055,0.0,0.01,,,,,0.0,0,0
1933,2012-11-26,44.41269841269841,1,0,1,1,"gas,gold,oil",637.8480786397288,6.458100133735079,0.0,0.01,,,,,0.0,0,0
1934,2012-11-29,44.42460317460318,1,1,1,0,"gas,gold,silver",614.0303566433679,6.420044367712231,0.0,0.01,6.127363137295593,1.8127645003560098,0.0,0.018,0.0,0,0
1935,2012-12-04,44.43650793650794,0,1,1,1,"gas,oil,silver",,,,,6.185629093514045,1.822228713447166,0.0,0.018,0.0,0,0
1936,2012-12-07,44.448412698412696,1,1,0,1,"gold,oil,silver",629.1396681356932,6.444353279961934,0.0,0.01,6.176360746287137,1.8207292220087077,0.0,0.018,0.0,0,0
1937,2012-12-12,44.46031746031746,0,1,1,1,"gas,oil,silver",,,,,6.164738470622484,1.818845714081851,0.0,0.018,0.0,0,0
1938,2012-12-17,44.47222222222222,1,1,1,1,"gas,gold,oil,silver",628.2518203385907,6.44294107389438,0.0,0.01,6.243483221449149,1.8315382352064582,0.0,0.018,0.0,0,0
1939,2012-12-20,44.48412698412698,1,1,1,1,"gas,gold,oil,silver",624.4803000755276,6.436919783952827,0.0,0.01,6.338578612123966,1.8466545496426778,0.0,0.018,0.0,0,0
1940,2014-07-14,46.09920634920635,1,0,0,1,"gold,oil",588.5394964843852,6.377644038270534,0.0,0.01,,,,,0.0,0,0
1941,2014-07-17,46.111111111111114,1,1,1,0,"gas,gold,silver",591.9179301589583,6.3833679937855266,0.0,0.01,3.8138141974364133,1.338629790059846,0.0,0.018,0.0,0,0
1942,2014-07-22,46.12301587301587,1,1,1,1,"gas,gold,oil,silver",590.2935838441873,6.380620012873981,0.0,0.01,3.8712095818921166,1.3535670116675282,0.0,0.018,0.0,0,0
1943,2014-07-25,46.13492063492063,1,1,1,1,"gas,gold,oil,silver",594.7811635071886,6.388193545468514,0.0,0.01,3.9336608341304053,1.3695705022518552,0.0,0.018,0.0,0,0
1944,2014-07-30,46.1468253968254,1,1,1,0,"gas,gold,silver",595.8307345366676,6.3899566242737595,0.0,0.01,3.9264638613720444,1.3677392400140573,0.0,0.018,0.0,0,0
1945,2014-08-04,46.15873015873016,1,1,1,0,"gas,gold,silver",579.840695515385,6.362753402909193,0.0,0.01,3.86722530617061,1.352537274742374,0.0,0.018,0.0,0,0
1946,2014-08-07,46.17063492063492,1,1,1,1,"gas,gold,oil,silver",585.6009924411101,6.3726386573879985,0.0,0.01,3.988102660915364,1.3833155942244701,0.0,0.018,0.0,0,0
1947,2014-08-12,46.182539682539684,1,1,1,1,"gas,gold,oil,silver",596.8890273784867,6.39173121232594,0.0,0.01,4.1021961897208925,1.411522486327268,0.0,0.018,0.0,0,0
1948,2014-08-14,46.19047619047619,1,1,0,1,"gold,oil,silver",589.6918078509932,6.379600040847886,0.0,0.01,4.022139902236156,1.3918140749911903,0.0,0.018,0.0,0,0
1949,2014-08-19,46.20238095238095,1,1,1,1,"gas,gold,oil,silver",589.0599068147609,6.378527887842462,0.0,0.01,4.045941053902141,1.397714169658244,0.0,0.018,0.0,0,0
1950,2014-08-22,46.214285714285715,1,1,1,0,"gas,gold,silver",592.757136786422,6.384784765001961,0.0,0.01,3.9752144386955663,1.3800786934928686,0.0,0.018,0.0,0,0
1951,2014-08-27,46.226190476190474,1,1,1,1,"gas,gold,oil,silver",588.2355960969824,6.377127541284705,0.0,0.01,4.052708791525303,1.3993854949600433,0.0,0.018,0.0,0,0
1952,2014-09-01,46.23809523809524,1,1,1,1,"gas,gold,oil,silver",598.1593339990562,6.393857163274991,0.0,0.01,4.217921547149798,1.4393424823458658,0.0,0.018,0.0,0,0
1953,2014-09-04,46.25,1,1,1,0,"gas,gold,silver",619.8069554507293,6.429408067379628,0.0,0.01,4.6150135063987285,1.5293147945808099,0.0,0.018,0.0,0,0
1954,2014-09-09,46.26190476190476,1,1,1,1,"gas,gold,oil,silver",621.7649583727981,6.4325621408947935,0.0,0.01,4.74733013748496,1.5575823837034828,0.0,0.018,0.0,0,0
1955,2014-09-12,46.273809523809526,1,1,1,1,"gas,gold,oil,silver",626.5678149535427,6.440257012617882,0.0,0.01,4.823299612603381,1.5734582607836118,0.0,0.018,0.0,0,0
1956,2014-09-16,46.28174603174603,1,1,1,1,"gas,gold,oil,silver",623.6658110476886,6.435614665687917,0.0,0.01,4.779187245603921,1.5642704997457992,0.0,0.018,0.0,0,0
1957,2014-09-19,46.29365079365079,1,1,1,1,"gas,gold,oil,silver",597.6855132364749,6.3930647180201206,0.0,0.01,4.469221095766699,1.4972141419355884,0.0,0.018,0.0,0,0
1958,2014-09-24,46.30555555555556,0,1,1,1,"gas,oil,silver",,,,,4.431247970062456,1.488681253202276,0.0,0.018,0.0,0,0
1959,2014-09-29,46.317460317460316,1,1,0,0,"gold,silver",576.9389230217001,6.357736408256613,0.0,0.01,4.31332306591696,1.461708620011617,0.0,0.018,0.0,0,0
1960,2014-10-02,46.32936507936508,1,1,1,1,"gas,gold,oil,silver",560.2773735138203,6.328431970949871,0.0,0.01,4.132287202687051,1.4188310557845516,0.0,0.018,0.0,0,0
1961,2014-10-07,46.34126984126984,1,1,1,1,"gas,gold,oil,silver",576.8645470926464,6.357607485210213,0.0,0.01,4.306304761238728,1.4600801723872139,0.0,0.018,0.0,0,0
1962,2014-10-10,46.3531746031746,1,1,1,0,"gas,gold,silver",570.0942449715062,6.345801689216379,0.0,0.01,4.155519386248299,1.424437423202396,0.0,0.018,0.0,0,0
1963,2014-10-14,46.361111111111114,1,1,1,1,"gas,gold,oil,silver",570.8390786172287,6.347107346148533,0.0,0.01,4.167135847549254,1.4272289527126785,0.0,0.018,0.0,0,0
1964,2014-10-17,46.37301587301587,1,1,1,1,"gas,gold,oil,silver",568.1335353857082,6.342356488600112,0.0,0.01,4.0516995304185555,1.3991364302357914,0.0,0.018,0.0,0,0
1965,2014-10-22,46.38492063492063,1,0,1,1,"gas,gold,oil",567.1804310246661,6.3406774736084035,0.0,0.01,,,,,0.0,0,0
1966,2014-10-27,46.3968253968254,1,1,1,1,"gas,gold,oil,silver",561.2038713626381,6.330084246569869,0.0,0.01,3.9851280130952667,1.3825694354640556,0.0,0.018,0.0,0,0
1967,2014-10-30,46.40873015873016,0,1,1,1,"gas,oil,silver",,,,,3.9978133404521685,1.3857475467572056,0.0,0.018,0.0,0,0
1968,2014-11-04,46.42063492063492,0,0,0,1,oil,,,,,,,,,0.0,0,0
1969,2014-11-07,46.432539682539684,0,1,1,0,"gas,silver",,,,,4.103247656182094,1.4117787714196295,0.0,0.018,0.0,0,0
1970,2014-11-12,46.44444444444444,1,1,1,1,"gas,gold,oil,silver",556.4077578208128,6.321501402836366,0.0,0.01,3.8091941659381527,1.3374176617651625,0.0,0.018,0.0,0,0
1971,2014-11-14,46.45238095238095,1,1,1,1,"gas,gold,oil,silver",550.5710219227677,6.310955961324894,0.0,0.01,3.741189180225477,1.3194035235141701,0.0,0.018,0.0,0,0
1972,2014-11-19,46.464285714285715,1,1,1,1,"gas,gold,oil,silver",553.996260451266,6.3171579366365345,0.0,0.01,3.752009898078409,1.322291669221098,0.0,0.018,0.0,0,0
1973,2014-11-24,46.476190476190474,0,1,0,0,silver,,,,,3.697073828836888,1.3075416496866343,0.0,0.018,0.0,0,0
1974,2014-11-27,46.48809523809524,1,1,1,1,"gas,gold,oil,silver",555.0924456912588,6.319134668688469,0.0,0.01,3.771921500381327,1.3275845534150292,0.0,0.018,0.0,0,0
1975,2014-12-02,46.5,1,1,0,0,"gold,silver",561.9304286433025,6.331378049781134,0.0,0.01,3.9698640997236216,1.3787318623055254,0.0,0.018,0.0,0,0
1976,2014-12-05,46.51190476190476,1,1,1,0,"gas,gold,silver",571.6061327488726,6.348450175089956,0.0,0.01,4.141671077069877,1.4210993482001029,0.0,0.018,0.0,0,0
1977,2014-12-10,46.523809523809526,0,0,1,1,"gas,oil",,,,,,,,,0.0,0,0
1978,2014-12-15,46.535714285714285,0,1,1,0,"gas,silver",,,,,4.289587949334197,1.4561906792206671,0.0,0.018,0.0,0,0
1979,2014-12-17,46.54365079365079,1,1,1,1,"gas,gold,oil,silver",588.5960283110875,6.377740088089022,0.0,0.01,4.3243077695050625,1.4642520742803202,0.0,0.018,0.0,0,0
1980,2014-12-22,46.55555555555556,0,1,1,0,"gas,silver",,,,,4.545832532387469,1.5142108862976567,0.0,0.018,0.0,0,0
1981,2014-12-25,46.567460317460316,1,1,0,1,"gold,oil,silver",599.9717309707376,6.396882539057427,0.0,0.01,4.34040535790741,1.4679677441902594,0.0,0.018,0.0,0,0
1982,2014-12-30,46.57936507936508,1,1,1,1,"gas,gold,oil,silver",597.7227010348886,6.393126935759604,0.0,0.01,4.192121089064488,1.4332068323516722,0.0,0.018,0.0,0,0
1983,2015-01-02,46.59126984126984,1,1,1,1,"gas,gold,oil,silver",598.8266215143293,6.394972109664003,0.0,0.01,4.221861003851175,1.4402760270109507,0.0,0.018,0.0,0,0
1984,2015-01-07,46.6031746031746,1,0,1,1,"gas,gold,oil",606.6587326935276,6.407966413339512,0.0,0.01,,,,,0.0,0,0
1985,2015-01-12,46.61507936507937,1,0,1,0,"gas,gold",591.2235475996185,6.38219419901606,0.0,0.01,,,,,0.0,0,0
1986,2015-01-15,46.62698412698413,1,1,1,1,"gas,gold,oil,silver",599.7616841510982,6.396532383232578,0.0,0.01,4.076859037935991,1.4053268482911405,0.0,0.018,0.0,0,0
1987,2015-01-19,46.63492063492063,0,0,0,1,oil,,,,,,,,,0.0,0,0
1988,2015-01-22,46.6468253968254,0,1,1,1,"gas,oil,silver",,,,,3.87398702568701,1.354284215905115,0.0,0.018,0.0,0,0
1989,2015-01-27,46.65873015873016,0,1,1,1,"gas,oil,silver",,,,,3.866174746150956,1.3522655805279253,0.0,0.018,0.0,0,0
1990,2015-01-30,46.67063492063492,1,1,1,1,"gas,gold,oil,silver",595.7825855439434,6.389875811157728,0.0,0.01,3.973134764420474,1.3795553963227505,0.0,0.018,0.0,0,0
1991,2015-02-04,46.682539682539684,1,1,1,1,"gas,gold,oil,silver",606.3111467836395,6.407393297839642,0.0,0.01,3.8195017625689207,1.3401199854650487,0.0,0.018,0.0,0,0
1992,2015-02-09,46.69444444444444,0,1,1,1,"gas,oil,silver",,,,,3.7437314360543197,1.320082824219397,0.0,0.018,0.0,0,0
1993,2015-02-12,46.70634920634921,1,1,0,1,"gold,oil,silver",580.6087477891141,6.364077118285697,0.0,0.01,3.742829441941955,1.3198418606764757,0.0,0.018,0.0,0,0
1994,2015-02-16,46.714285714285715,0,1,1,1,"gas,oil,silver",,,,,3.819504871315177,1.3401207993787958,0.0,0.018,0.0,0,0
1995,2015-02-19,46.726190476190474,1,1,1,1,"gas,gold,oil,silver",589.5586368039038,6.379374183739654,0.0,0.01,3.8168206693725164,1.339417790572032,0.0,0.018,0.0,0,0
1996,2015-02-24,46.73809523809524,1,1,1,1,"gas,gold,oil,silver",575.8727086771726,6.355886644393679,0.0,0.01,3.6851318408930283,1.3043063027198891,0.0,0.018,0.0,0,0
1997,2015-02-27,46.75,1,1,0,1,"gold,oil,silver",576.0296200814856,6.356159083126315,0.0,0.01,3.6358655012247625,1.290847184768777,0.0,0.018,0.0,0,0
1998,2015-03-04,46.76190476190476,0,1,1,0,"gas,silver",,,,,3.672336650720268,1.3008281490352216,0.0,0.018,0.0,0,0
1999,2015-03-09,46.773809523809526,1,1,0,0,"gold,silver",598.3513944986819,6.394178197590357,0.0,0.01,3.9745540141143594,1.3799125441045823,0.0,0.018,0.0,0,0
2000,2015-03-12,46.785714285714285,1,1,1,1,"gas,gold,oil,silver",615.4993663269851,6.422433916098365,0.0,0.01,4.083918347142953,1.4070569067487182,0.0,0.018,0.0,0,0
2001,2015-03-17,46.79761904761905,1,1,1,1,"gas,gold,oil,silver",612.8887506990768,6.418183436104085,0.0,0.01,4.084681785267679,1.4072438269344474,0.0,0.018,0.0,0,0
2002,2015-03-19,46.80555555555556,1,1,1,1,"gas,gold,oil,silver",607.5469114646417,6.4094293927512815,0.0,0.01,4.086455150817618,1.4076778829517806,0.0,0.018,0.0,0,0
2003,2015-03-24,46.817460317460316,1,1,1,1,"gas,gold,oil,silver",622.5065381592755,6.433754131350815,0.0,0.01,4.255313611179826,1.4481684634643903,0.0,0.018,0.0,0,0
2004,2015-03-27,46.82936507936508,1,1,1,1,"gas,gold,oil,silver",619.9113545808243,6.429576491334484,0.0,0.01,4.266358339637958,1.450760615498929,0.0,0.018,0.0,0,0
2005,2015-04-01,46.84126984126984,1,1,1,0,"gas,gold,silver",618.2071966389068,6.426823670909627,0.0,0.01,4.3158189636735536,1.4622871011207788,0.0,0.018,0.0,0,0
2006,2015-04-06,46.8531746031746,0,1,1,1,"gas,oil,silver",,,,,4.315342050305107,1.462176591452807,0.0,0.018,0.0,0,0
2007,2015-04-09,46.86507936507937,1,0,1,1,"gas,gold,oil",610.2345085010778,6.413843323454872,0.0,0.01,,,,,0.0,0,0
2008,2015-04-14,46.87698412698413,0,1,0,1,"oil,silver",,,,,4.444888198402795,1.4917547164342015,0.0,0.018,0.0,0,0
2009,2015-04-17,46.888888888888886,1,1,1,1,"gas,gold,oil,silver",635.0765158605728,6.453745489051686,0.0,0.01,4.639141361598586,1.5345292977344298,0.0,0.018,0.0,0,0
2010,2015-04-21,46.8968253968254,1,1,1,1,"gas,gold,oil,silver",641.5572719290215,6.463898458214082,0.0,0.01,4.6910385717311325,1.5456540018090272,0.0,0.018,0.0,0,0
2011,2015-04-24,46.90873015873016,1,1,0,0,"gold,silver",644.1177285652299,6.467881517728049,0.0,0.01,4.595794944181202,1.5251417428426157,0.0,0.018,0.0,0,0
2012,2015-04-29,46.92063492063492,1,1,1,1,"gas,gold,oil,silver",648.1355035903803,6.474099784970708,0.0,0.01,4.533385940425333,1.511469108512153,0.0,0.018,0.0,0,0
2013,2015-05-04,46.932539682539684,0,1,0,1,"oil,silver",,,,,4.869110318565694,1.5829112342792147,0.0,0.018,0.0,0,0
2014,2015-05-07,46.94444444444444,1,0,0,1,"gold,oil",648.5914834371324,6.47480306310112,0.0,0.01,,,,,0.0,0,0
2015,2015-05-12,46.95634920634921,1,1,1,1,"gas,gold,oil,silver",648.7478942788127,6.475044188661825,0.0,0.01,4.682965207223399,1.543931500582389,0.0,0.018,0.0,0,0
2016,2015-05-15,46.96825396825397,1,1,1,1,"gas,gold,oil,silver",680.0694454218767,6.522194918576093,0.0,0.01,5.038182016817666,1.6170453060625587,0.0,0.018,0.0,0,0
2017,2015-05-19,46.976190476190474,1,1,1,1,"gas,gold,oil,silver",643.4930719840057,6.466911260830605,0.0,0.01,4.5790311072851,1.521487427118819,0.0,0.018,0.0,0,0
2018,2015-05-22,46.98809523809524,1,1,1,1,"gas,gold,oil,silver",663.4434788955361,6.497443663852123,0.0,0.01,4.714411992084738,1.550624198252216,0.0,0.018,0.0,0,0
2019,2015-05-27,47.0,1,1,1,1,"gas,gold,oil,silver",671.1283890260307,6.508960458498701,0.0,0.01,4.863154312400889,1.5816872628534038,0.0,0.018,0.0,0,0
2020,2015-06-01,47.01190476190476,1,1,1,1,"gas,gold,oil,silver",683.553824249889,6.527305401051677,0.0,0.01,5.012742702812004,1.6119832109741177,0.0,0.018,0.0,0,0
2021,2015-06-04,47.023809523809526,1,1,1,0,"gas,gold,silver",680.9608464325372,6.523504810271307,0.0,0.01,4.996862098432772,1.6088101351096988,0.0,0.018,0.0,0,0
2022,2015-06-09,47.035714285714285,1,1,1,1,"gas,gold,oil,silver",700.3535273911637,6.5515852466843,0.0,0.01,5.228362895288275,1.654098207141832,0.0,0.018,0.0,0,0
2023,2015-06-12,47.04761904761905,0,1,1,0,"gas,silver",,,,,5.198587254323577,1.6483869068143286,0.0,0.018,0.0,0,0
2024,2017-11-10,49.54761904761905,0,1,0,0,silver,,,,,4.9052764571283145,1.5903114537385754,0.0,0.018,0.0,0,0
2025,2017-11-14,49.55555555555556,1,0,1,1,"gas,gold,oil",774.4849552867882,6.6521982346027775,0.0,0.01,,,,,0.0,0,0
2026,2017-11-17,49.567460317460316,1,1,1,1,"gas,gold,oil,silver",779.8253706778523,6.659070010871587,0.0,0.01,4.753690864097158,1.5589213403401292,0.0,0.018,0.0,0,0
2027,2017-11-22,49.57936507936508,1,1,1,1,"gas,gold,oil,silver",786.8931200893107,6.668092432446815,0.0,0.01,4.9240040708799775,1.5941220350643466,0.0,0.018,0.0,0,0
2028,2017-11-27,49.59126984126984,1,1,1,1,"gas,gold,oil,silver",788.9023156270883,6.670642505357337,0.0,0.01,4.953700430610333,1.6001348590349629,0.0,0.018,0.0,0,0
2029,2017-11-30,49.6031746031746,1,1,1,1,"gas,gold,oil,silver",792.3167927267533,6.674961302656032,0.0,0.01,5.036996936795475,1.6168100586226646,0.0,0.018,0.0,0,0
2030,2017-12-05,49.61507936507937,1,0,1,1,"gas,gold,oil",792.5299068026557,6.675230242329819,0.0,0.01,,,,,0.0,0,0
2031,2018-07-06,50.22222222222222,1,1,0,1,"gold,oil,silver",888.99019511142,6.790086206332071,0.0,0.01,5.625800249941439,1.7273632046277987,0.0,0.018,0.0,0,0
2032,2018-07-11,50.23412698412698,1,1,1,1,"gas,gold,oil,silver",886.9068067796422,6.787739911152417,0.0,0.01,5.556707341703094,1.71500572811035,0.0,0.018,0.0,0,0
2033,2018-07-13,50.242063492063494,1,1,1,1,"gas,gold,oil,silver",903.5105708607778,6.806287809865088,0.0,0.01,5.764700464125788,1.7517531947173672,0.0,0.018,0.0,0,0
2034,2018-07-18,50.25396825396825,1,1,1,1,"gas,gold,oil,silver",902.8781341144394,6.805587587625614,0.0,0.01,5.623120853381752,1.7268868217665894,0.0,0.018,0.0,0,0
2035,2018-07-23,50.26587301587302,1,1,1,1,"gas,gold,oil,silver",924.4217737100864,6.82916843254741,0.0,0.01,5.914240147934166,1.7773630272907002,0.0,0.018,0.0,0,0
2036,2018-07-26,50.27777777777778,1,0,1,1,"gas,gold,oil",946.0024761404898,6.852245186533114,0.0,0.01,,,,,0.0,0,0
2037,2018-07-31,50.28968253968254,1,1,1,1,"gas,gold,oil,silver",936.9762619009165,6.842657947766938,0.0,0.01,5.929747864866577,1.7799816935334474,0.0,0.018,0.0,0,0
2038,2018-08-03,50.301587301587304,1,1,0,1,"gold,oil,silver",937.1089495878779,6.842799550386039,0.0,0.01,6.028807277838603,1.7965491931377666,0.0,0.018,0.0,0,0
2039,2018-08-08,50.31349206349206,1,1,1,1,"gas,gold,oil,silver",914.7777496664208,6.818681139231948,0.0,0.01,5.812411216378976,1.7599954961953503,0.0,0.018,0.0,0,0
2040,2018-08-13,50.32539682539682,0,1,1,1,"gas,oil,silver",,,,,6.155103130900953,1.817281515125767,0.0,0.018,0.0,0,0
2041,2018-08-15,50.333333333333336,1,1,1,0,"gas,gold,silver",919.5425034038996,6.823876267450119,0.0,0.01,6.052916076240235,1.8005401519927215,0.0,0.018,0.0,0,0
2042,2018-08-20,50.345238095238095,1,1,1,1,"gas,gold,oil,silver",896.7296487500518,6.798754421702738,0.0,0.01,5.818055140815493,1.760966037651936,0.0,0.018,0.0,0,0
2043,2018-08-23,50.357142857142854,1,1,1,0,"gas,gold,silver",902.7704262984112,6.8054682866514185,0.0,0.01,5.795702878348603,1.7571167599195532,0.0,0.018,0.0,0,0
2044,2018-08-28,50.36904761904762,1,1,1,1,"gas,gold,oil,silver",925.61028403272,6.830453286484036,0.0,0.01,6.0190214233792245,1.794924691851412,0.0,0.018,0.0,0,0
2045,2018-08-31,50.38095238095238,0,1,0,1,"oil,silver",,,,,5.929438020722805,1.7799294396693404,0.0,0.018,0.0,0,0
2046,2018-09-05,50.392857142857146,1,1,1,1,"gas,gold,oil,silver",913.7904673684368,6.817601297217062,0.0,0.01,5.909575705818608,1.776574036255112,0.0,0.018,0.0,0,0
2047,2018-09-10,50.404761904761905,1,1,1,1,"gas,gold,oil,silver",902.8572544571023,6.805564461693132,0.0,0.01,5.866640504808891,1.7692821539584778,0.0,0.018,0.0,0,0
2048,2018-09-12,50.41269841269841,0,1,1,1,"gas,oil,silver",,,,,5.762301941273716,1.7513370374542152,0.0,0.018,0.0,0,0
2049,2018-09-17,50.42460317460318,1,1,1,1,"gas,gold,oil,silver",915.0916591815724,6.819024234227376,0.0,0.01,6.054821132534706,1.8008548361120318,0.0,0.018,0.0,0,0
2050,2018-09-20,50.43650793650794,0,0,0,1,oil,,,,,,,,,0.0,0,0
2051,2018-09-25,50.448412698412696,1,1,1,1,"gas,gold,oil,silver",921.19291647595,6.825669478464024,0.0,0.01,6.078363813712273,1.804735550174796,0.0,0.018,0.0,0,0
2052,2018-09-28,50.46031746031746,1,1,1,1,"gas,gold,oil,silver",921.828741735951,6.826359459813286,0.0,0.01,6.063535164145556,1.8022929904127374,0.0,0.018,0.0,0,0
2053,2018-10-03,50.47222222222222,1,1,1,1,"gas,gold,oil,silver",943.8106476171619,6.849925560874297,0.0,0.01,6.328709686264851,1.8450963743452689,0.0,0.018,0.0,0,0
2054,2018-10-08,50.48412698412698,1,1,1,1,"gas,gold,oil,silver",942.4238960080838,6.848455169120931,0.0,0.01,6.069273332062492,1.8032388832530577,0.0,0.018,0.0,0,0
2055,2018-10-11,50.49603174603175,1,1,1,1,"gas,gold,oil,silver",931.0966552887872,6.836363090673219,0.0,0.01,5.815075044139517,1.760453691156404,0.0,0.018,0.0,0,0
2056,2018-10-15,50.50396825396825,0,1,1,1,"gas,oil,silver",,,,,5.645035947517459,1.730776565609243,0.0,0.018,0.0,0,0
2057,2018-10-18,50.51587301587302,1,1,1,1,"gas,gold,oil,silver",914.0925801563168,6.817931857524014,0.0,0.01,5.725961187826986,1.745010428418055,0.0,0.018,0.0,0,0
2058,2018-10-23,50.52777777777778,1,1,1,1,"gas,gold,oil,silver",920.05878501346,6.824437564755536,0.0,0.01,5.698783559207534,1.7402527413998632,0.0,0.018,0.0,0,0
2059,2018-10-26,50.53968253968254,1,1,1,1,"gas,gold,oil,silver",934.2737919618748,6.839769534417434,0.0,0.01,5.828543218903185,1.762767092449029,0.0,0.018,0.0,0,0
2060,2018-10-31,50.551587301587304,1,1,0,0,"gold,silver",937.3825860695765,6.843091508475406,0.0,0.01,5.857213692689735,1.7676740114497214,0.0,0.018,0.0,0,0
2061,2018-11-05,50.56349206349206,1,1,1,0,"gas,gold,silver",940.018237877357,6.845899277073022,0.0,0.01,5.972530137070668,1.7871706461775818,0.0,0.018,0.0,0,0
2062,2018-11-08,50.57539682539682,1,1,1,0,"gas,gold,silver",959.871193333079,6.866799101848422,0.0,0.01,6.09371547275227,1.8072579897380845,0.0,0.018,0.0,0,0
2063,2018-11-13,50.58730158730159,1,1,1,1,"gas,gold,oil,silver",939.220901057188,6.8450507029331,0.0,0.01,6.0167428433847645,1.7945460569810074,0.0,0.018,0.0,0,0
2064,2018-11-15,50.595238095238095,0,1,0,0,silver,,,,,5.953599115308931,1.7839959300125432,0.0,0.018,0.0,0,0
2065,2018-11-20,50.607142857142854,1,1,1,1,"gas,gold,oil,silver",921.4655418142117,6.825965382828747,0.0,0.01,5.916903880288884,1.7778133188928262,0.0,0.018,0.0,0,0
2066,2018-11-23,50.61904761904762,1,1,1,1,"gas,gold,oil,silver",921.3796734228896,6.825872191723304,0.0,0.01,5.876617237774109,1.7709812966638872,0.0,0.018,0.0,0,0
2067,2018-11-28,50.63095238095238,0,1,1,1,"gas,oil,silver",,,,,5.987104326569758,1.7896078773083055,0.0,0.018,0.0,0,0
2068,2018-12-03,50.642857142857146,1,1,1,1,"gas,gold,oil,silver",939.9688350290241,6.845846720489994,0.0,0.01,6.152690857938906,1.8168895240028864,0.0,0.018,0.0,0,0
2069,2018-12-06,50.654761904761905,1,1,1,1,"gas,gold,oil,silver",956.0548771558251,6.862815314286581,0.0,0.01,6.232111482648331,1.8297151971517591,0.0,0.018,0.0,0,0
2070,2018-12-11,50.666666666666664,0,1,0,1,"oil,silver",,,,,6.262518017439666,1.8345823434431185,0.0,0.018,0.0,0,0
2071,2018-12-13,50.67460317460318,1,1,1,0,"gas,gold,silver",948.6205623740013,6.855008889757148,0.0,0.01,6.332545972744488,1.845702362676972,0.0,0.018,0.0,0,0
2072,2018-12-18,50.68650793650794,1,1,0,1,"gold,oil,silver",966.4858199907587,6.873666627036111,0.0,0.01,6.471921226502983,1.8674730082518003,0.0,0.018,0.0,0,0
2073,2018-12-21,50.698412698412696,1,1,1,1,"gas,gold,oil,silver",989.2636284355493,6.89696085670392,0.0,0.01,6.610252029687949,1.8886217816825523,0.0,0.018,0.0,0,0
2074,2018-12-26,50.71031746031746,1,1,1,1,"gas,gold,oil,silver",987.9855166449279,6.895668038374152,0.0,0.01,6.549968569292036,1.8794602510542788,0.0,0.018,0.0,0,0
2075,2018-12-31,50.72222222222222,1,1,1,1,"gas,gold,oil,silver",997.8243696732173,6.905577278533398,0.0,0.01,6.590803789082824,1.8856753121058147,0.0,0.018,0.0,0,0
2076,2019-01-03,50.73412698412698,1,1,1,1,"gas,gold,oil,silver",945.1133274943318,6.851304843577947,0.0,0.01,6.045280432269797,1.799277873771514,0.0,0.018,0.0,0,0
2077,2019-01-08,50.74603174603175,1,1,0,0,"gold,silver",986.8562061822568,6.894524341061384,0.0,0.01,6.440454219535955,1.8625990686129132,0.0,0.018,0.0,0,0
2078,2019-01-11,50.757936507936506,0,1,1,1,"gas,oil,silver",,,,,6.4527708061215225,1.8645096209080245,0.0,0.018,0.0,0,0
2079,2019-01-15,50.76587301587302,1,1,1,0,"gas,gold,silver",1003.2053382008847,6.91095549103763,0.0,0.01,6.41733015109379,1.859002166890715,0.0,0.018,0.0,0,0
2080,2019-01-18,50.77777777777778,0,1,1,1,"gas,oil,silver",,,,,6.555752055928832,1.8803428407534815,0.0,0.018,0.0,0,0
2081,2019-01-23,50.78968253968254,1,1,0,1,"gold,oil,silver",1029.6140838447768,6.936939335136279,0.0,0.01,6.684710045926003,1.899822835780176,0.0,0.018,0.0,0,0
2082,2019-01-28,50.801587301587304,1,1,0,0,"gold,silver",1037.0049082399576,6.944091941333039,0.0,0.01,6.812439226142776,1.9187502390164002,0.0,0.018,0.0,0,0
2083,2019-01-31,50.81349206349206,1,1,1,1,"gas,gold,oil,silver",1031.4797163996548,6.938749668139248,0.0,0.01,6.7777280661564445,1.913641952308686,0.0,0.018,0.0,0,0
2084,2019-02-05,50.82539682539682,1,1,0,1,"gold,oil,silver",1034.777062328898,6.9419412837817935,0.0,0.01,7.083346517517838,1.9577464679972199,0.0,0.018,0.0,0,0
2085,2019-02-08,50.83730158730159,1,1,1,1,"gas,gold,oil,silver",1038.8717429389114,6.945890540687346,0.0,0.01,7.47106757009687,2.0110379032703753,0.0,0.018,0.0,0,0
2086,2019-02-13,50.84920634920635,1,1,1,1,"gas,gold,oil,silver",1052.5119154486183,6.958934886583777,0.0,0.01,7.499030674921441,2.0147737688458163,0.0,0.018,0.0,0,0
2087,2019-02-15,50.857142857142854,1,1,1,1,"gas,gold,oil,silver",1066.1414873157341,6.971801323231371,0.0,0.01,7.670124027814628,2.0373327857588053,0.0,0.018,0.0,0,0
2088,2019-02-20,50.86904761904762,1,1,0,1,"gold,oil,silver",1037.2076685637342,6.944287447161796,0.0,0.01,7.224810949132823,1.9775210674461647,0.0,0.018,0.0,0,0
2089,2019-02-25,50.88095238095238,1,1,1,1,"gas,gold,oil,silver",1018.2046707549182,6.925796228724379,0.0,0.01,7.038975807346622,1.9514626776754402,0.0,0.018,0.0,0,0
2090,2019-02-28,50.892857142857146,1,1,1,1,"gas,gold,oil,silver",1038.1315296972757,6.945177770242806,0.0,0.01,7.3007181188559365,1.9879727157621123,0.0,0.018,0.0,0,0
2091,2019-03-05,50.904761904761905,1,1,1,0,"gas,gold,silver",1012.6492231957469,6.920325169055262,0.0,0.01,6.981121060163047,1.943209514216367,0.0,0.018,0.0,0,0
2092,2019-03-08,50.916666666666664,1,1,1,1,"gas,gold,oil,silver",1036.3798020228392,6.943488959905652,0.0,0.01,7.3316606621322,1.9922020471459503,0.0,0.018,0.0,0,0
2093,2019-03-13,50.92857142857143,1,1,1,1,"gas,gold,oil,silver",1035.242779302921,6.942391247567178,0.0,0.01,7.399137015137324,2.0013633738334953,0.0,0.018,0.0,0,0
2094,2019-03-18,50.94047619047619,1,1,1,0,"gas,gold,silver",1027.7337616530513,6.935111425753437,0.0,0.01,7.191437738975049,1.9728911154389928,0.0,0.018,0.0,0,0
2095,2019-03-20,50.948412698412696,1,1,1,1,"gas,gold,oil,silver",1063.0747209344158,6.968920668378051,0.0,0.01,7.78438717794352,2.0521200838758262,0.0,0.018,0.0,0,0
2096,2019-03-25,50.96031746031746,1,1,1,1,"gas,gold,oil,silver",1049.823537884763,6.956377369870678,0.0,0.01,7.307255530335624,1.9888677628197144,0.0,0.018,0.0,0,0
2097,2019-03-28,50.97222222222222,1,1,1,1,"gas,gold,oil,silver",1046.2772078811138,6.952993626608796,0.0,0.01,7.291384861024475,1.9866934951978004,0.0,0.018,0.0,0,0
2098,2019-04-02,50.98412698412698,1,1,1,1,"gas,gold,oil,silver",1030.2393613776119,6.937546443912383,0.0,0.01,7.188504885879036,1.9724832065601896,0.0,0.018,0.0,0,0
2099,2019-04-05,50.99603174603175,1,1,1,1,"gas,gold,oil,silver",1011.7447976762157,6.919431641836371,0.0,0.01,7.167515145227832,1.9695590318150573,0.0,0.018,0.0,0,0
2100,2019-04-10,51.007936507936506,1,1,0,1,"gold,oil,silver",1010.3744633605435,6.918076296924874,0.0,0.01,7.086591593807829,1.958204490653526,0.0,0.018,0.0,0,0
2101,2019-04-15,51.01984126984127,1,1,1,1,"gas,gold,oil,silver",1011.7165515578691,6.919403723222201,0.0,0.01,7.1190276657740545,1.9627711523024214,0.0,0.018,0.0,0,0
2102,2019-04-17,51.02777777777778,1,0,1,1,"gas,gold,oil",1023.1853732091389,6.930675955018925,0.0,0.01,,,,,0.0,0,0
2103,2019-04-22,51.03968253968254,1,1,1,1,"gas,gold,oil,silver",987.8734463168427,6.895554598771118,0.0,0.01,6.839667534728664,1.9227391244193266,0.0,0.018,0.0,0,0
2104,2019-04-25,51.051587301587304,1,1,0,1,"gold,oil,silver",986.5307251040731,6.894194470546915,0.0,0.01,6.791690992362685,1.9156999521499758,0.0,0.018,0.0,0,0
2105,2019-04-30,51.06349206349206,1,1,1,1,"gas,gold,oil,silver",983.9028129246562,6.891527124821446,0.0,0.01,6.807347076304115,1.9180024813111247,0.0,0.018,0.0,0,0
2106,2019-05-03,51.07539682539682,1,1,1,1,"gas,gold,oil,silver",975.312352924591,6.882757781666847,0.0,0.01,6.7886045351595214,1.9152454027994037,0.0,0.018,0.0,0,0
2107,2019-05-08,51.08730158730159,0,1,1,1,"gas,oil,silver",,,,,7.033182192000848,1.950639262294034,0.0,0.018,0.0,0,0
2108,2019-05-13,51.09920634920635,1,1,1,0,"gas,gold,silver",1003.5821231223359,6.9113310015818605,0.0,0.01,6.810417728105166,1.91845345867741,0.0,0.018,0.0,0,0
2109,2019-05-16,51.111111111111114,1,1,1,1,"gas,gold,oil,silver",1008.89223695026,6.916608212816646,0.0,0.01,6.884215171650299,1.929231134637437,0.0,0.018,0.0,0,0
2110,2019-05-20,51.11904761904762,0,0,1,1,"gas,oil",,,,,,,,,0.0,0,0
2111,2019-05-23,51.13095238095238,1,1,1,1,"gas,gold,oil,silver",1015.381874038879,6.923020051299086,0.0,0.01,6.7777117773713655,1.913639549024799,0.0,0.018,0.0,0,0
2112,2019-05-28,51.142857142857146,1,1,1,1,"gas,gold,oil,silver",1009.9473637006488,6.917653493329391,0.0,0.01,6.6802121979018185,1.8991497531969876,0.0,0.018,0.0,0,0
2113,2019-05-31,51.154761904761905,1,1,1,1,"gas,gold,oil,silver",993.008791964444,6.900739517948015,0.0,0.01,6.302605023125059,1.8409630436658213,0.0,0.018,0.0,0,0
2114,2019-06-05,51.166666666666664,1,1,1,0,"gas,gold,silver",995.044898002514,6.90278785976117,0.0,0.01,6.282879189025179,1.837828345005033,0.0,0.018,0.0,0,0
2115,2019-06-10,51.17857142857143,1,0,1,1,"gas,gold,oil",984.3107275432395,6.891941627227853,0.0,0.01,,,,,0.0,0,0
2116,2019-06-13,51.19047619047619,0,1,1,1,"gas,oil,silver",,,,,6.676338793774163,1.8985697525308496,0.0,0.018,0.0,0,0
2117,2019-06-18,51.20238095238095,0,1,0,1,"oil,silver",,,,,6.6708204939371445,1.8977428649463843,0.0,0.018,0.0,0,0
2118,2019-06-20,51.21031746031746,0,1,0,1,"oil,silver",,,,,6.6888091261260865,1.9004358502419214,0.0,0.018,0.0,0,0
2119,2019-06-25,51.22222222222222,1,1,1,0,"gas,gold,silver",1018.3216976652561,6.925911156684342,0.0,0.01,6.663500977520616,1.8966450187354078,0.0,0.018,0.0,0,0
2120,2019-06-28,51.23412698412698,0,0,0,1,oil,,,,,,,,,0.0,0,0
2121,2019-07-03,51.24603174603175,1,1,1,1,"gas,gold,oil,silver",1047.568314698774,6.954226866565968,0.0,0.01,7.083778036606378,1.957807386370179,0.0,0.018,0.0,0,0
2122,2019-07-08,51.257936507936506,1,1,0,1,"gold,oil,silver",1046.6408049888453,6.953341081319543,0.0,0.01,6.941499608861575,1.9375178331448937,0.0,0.018,0.0,0,0
2123,2019-07-11,51.26984126984127,1,1,1,1,"gas,gold,oil,silver",1038.381477512775,6.945418508264517,0.0,0.01,6.745947950668348,1.9089420210253985,0.0,0.018,0.0,0,0
2124,2019-07-16,51.28174603174603,1,1,1,1,"gas,gold,oil,silver",1007.5796168616827,6.915306314878922,0.0,0.01,6.551385670852159,1.8796765800748785,0.0,0.018,0.0,0,0
2125,2019-07-18,51.28968253968254,1,1,0,1,"gold,oil,silver",1001.9687144257791,6.909722058029393,0.0,0.01,6.713003188096423,1.9040464198703142,0.0,0.018,0.0,0,0
2126,2019-07-23,51.301587301587304,0,1,0,1,"oil,silver",,,,,6.505077734731709,1.8725830618902561,0.0,0.018,0.0,0,0
2127,2019-07-26,51.31349206349206,0,1,1,1,"gas,oil,silver",,,,,6.624013909296188,1.8907015169141157,0.0,0.018,0.0,0,0
2128,2019-07-31,51.32539682539682,1,1,1,1,"gas,gold,oil,silver",1006.4038864144675,6.91413874763831,0.0,0.01,6.645476578588199,1.893936409471294,0.0,0.018,0.0,0,0
2129,2019-08-05,51.33730158730159,1,1,0,1,"gold,oil,silver",986.3601364460295,6.894021537860375,0.0,0.01,6.512753849591356,1.8737623851438394,0.0,0.018,0.0,0,0
2130,2019-08-08,51.34920634920635,1,1,1,1,"gas,gold,oil,silver",990.261924112255,6.897969477946574,0.0,0.01,6.456663405760121,1.8651126837057712,0.0,0.018,0.0,0,0
2131,2019-08-13,51.361111111111114,1,1,1,1,"gas,gold,oil,silver",977.2262232733725,6.884718174137501,0.0,0.01,6.268979124342559,1.835613522304242,0.0,0.018,0.0,0,0
2132,2019-08-16,51.37301587301587,1,0,0,1,"gold,oil",988.5812955973333,6.8962708806021595,0.0,0.01,,,,,0.0,0,0
2133,2019-08-20,51.38095238095238,1,1,1,1,"gas,gold,oil,silver",998.460049625339,6.9062141416651865,0.0,0.01,6.388106584092209,1.8544379152624464,0.0,0.018,0.0,0,0
2134,2019-08-23,51.392857142857146,1,1,1,0,"gas,gold,silver",1009.2049745938949,6.916918145999596,0.0,0.01,6.415806778223679,1.8587647544972128,0.0,0.018,0.0,0,0
2135,2019-08-28,51.404761904761905,0,1,1,1,"gas,oil,silver",,,,,6.154396178676577,1.8171666522532206,0.0,0.018,0.0,0,0
2136,2019-09-02,51.416666666666664,1,0,0,0,gold,998.5886314968805,6.906342913560368,0.0,0.01,,,,,0.0,0,0
2137,2019-09-05,51.42857142857143,1,0,0,1,"gold,oil",1017.7785232932025,6.9253776128250095,0.0,0.01,,,,,0.0,0,0
2138,2019-09-10,51.44047619047619,1,1,1,0,"gas,gold,silver",1020.5060280576051,6.92805388919728,0.0,0.01,6.335712203325266,1.8462022310255168,0.0,0.018,0.0,0,0
2139,2019-09-13,51.45238095238095,1,0,1,1,"gas,gold,oil",1020.3664665586474,6.927917122692225,0.0,0.01,,,,,0.0,0,0
2140,2019-09-18,51.464285714285715,1,1,1,1,"gas,gold,oil,silver",1004.584149582772,6.912328953352305,0.0,0.01,6.173772457113746,1.820310070381975,0.0,0.018,0.0,0,0
2141,2019-09-20,51.47222222222222,0,1,1,1,"gas,oil,silver",,,,,5.894021345640706,1.7739385058971204,0.0,0.018,0.0,0,0
2142,2019-09-25,51.48412698412698,1,1,0,1,"gold,oil,silver",999.6663404779639,6.907421563783378,0.0,0.01,5.89801358904876,1.7746156144000538,0.0,0.018,0.0,0,0
2143,2019-09-30,51.49603174603175,1,0,1,1,"gas,gold,oil",1030.3357147166391,6.937639964735977,0.0,0.01,,,,,0.0,0,0
2144,2019-10-03,51.507936507936506,1,1,1,0,"gas,gold,silver",1053.5564561091207,6.959926820901063,0.0,0.01,6.360197604211631,1.8500594467139693,0.0,0.018,0.0,0,0
2145,2019-10-08,51.51984126984127,1,0,1,1,"gas,gold,oil",1048.6879547119909,6.955295094850863,0.0,0.01,,,,,0.0,0,0
2146,2019-10-11,51.53174603174603,1,1,1,1,"gas,gold,oil,silver",1064.8163189815884,6.970557592828966,0.0,0.01,6.148887399008639,1.8162711547218038,0.0,0.018,0.0,0,0
2147,2019-10-16,51.54365079365079,1,1,1,1,"gas,gold,oil,silver",1077.9732169314254,6.982837906013196,0.0,0.01,6.200296549663421,1.824597121498074,0.0,0.018,0.0,0,0
2148,2019-10-21,51.55555555555556,1,0,1,0,"gas,gold",1107.7242706927718,7.010062983172774,0.0,0.01,,,,,0.0,0,0
2149,2019-10-23,51.56349206349206,1,1,1,1,"gas,gold,oil,silver",1082.685845989325,6.98720012734817,0.0,0.01,6.12823754173477,1.812907195024931,0.0,0.018,0.0,0,0
2150,2019-10-28,51.57539682539682,1,1,1,1,"gas,gold,oil,silver",1074.254556698691,6.979382264394948,0.0,0.01,6.021177948121908,1.7952829126248733,0.0,0.018,0.0,0,0
2151,2019-10-31,51.58730158730159,0,0,1,1,"gas,oil",,,,,,,,,0.0,0,0
2152,2019-11-05,51.59920634920635,1,1,1,1,"gas,gold,oil,silver",1104.6806770141468,7.007311592111369,0.0,0.01,6.11171885145763,1.8102080513719248,0.0,0.018,0.0,0,0
2153,2019-11-08,51.611111111111114,1,1,0,1,"gold,oil,silver",1130.8030278214958,7.030683303408259,0.0,0.01,6.2455467157142275,1.8318686842956569,0.0,0.018,0.0,0,0
2154,2019-11-13,51.62301587301587,1,1,1,1,"gas,gold,oil,silver",1157.423009170043,7.053951268992282,0.0,0.01,6.529436379683822,1.8763206271104984,0.0,0.018,0.0,0,0
2155,2019-11-18,51.63492063492063,1,1,1,1,"gas,gold,oil,silver",1175.3962899632684,7.0693606377700196,0.0,0.01,6.489246426962464,1.8701464110255954,0.0,0.018,0.0,0,0
2156,2019-11-20,51.642857142857146,1,1,1,0,"gas,gold,silver",1170.0315398897021,7.064785984599149,0.0,0.01,6.48958471226586,1.8701985398035792,0.0,0.018,0.0,0,0
2157,2019-11-25,51.654761904761905,1,1,0,0,"gold,silver",1162.2884261183995,7.058146121859741,0.0,0.01,6.499228819425039,1.8716835266975558,0.0,0.018,0.0,0,0
2158,2019-11-28,51.666666666666664,0,1,1,1,"gas,oil,silver",,,,,6.507495498724529,1.8729546661805476,0.0,0.018,0.0,0,0
2159,2019-12-03,51.67857142857143,1,1,1,0,"gas,gold,silver",1176.3940303190768,7.070209132133708,0.0,0.01,6.391857789528799,1.855024960020108,0.0,0.018,0.0,0,0
2160,2019-12-06,51.69047619047619,1,1,1,1,"gas,gold,oil,silver",1173.1189138493446,7.0674212193459365,0.0,0.01,6.435088660978039,1.8617656188829403,0.0,0.018,0.0,0,0
2161,2019-12-11,51.70238095238095,1,1,1,1,"gas,gold,oil,silver",1160.221491341259,7.056366206684964,0.0,0.01,6.200024953384202,1.824553316782334,0.0,0.018,0.0,0,0
2162,2019-12-16,51.714285714285715,1,1,1,1,"gas,gold,oil,silver",1178.3708062559995,7.071888090788585,0.0,0.01,6.402522558060156,1.8566920624059386,0.0,0.018,0.0,0,0
2163,2019-12-19,51.726190476190474,1,1,1,1,"gas,gold,oil,silver",1180.8841345296246,7.074018703450192,0.0,0.01,6.28258109966393,1.837780899172655,0.0,0.018,0.0,0,0
2164,2019-12-23,51.73412698412698,0,1,1,1,"gas,oil,silver",,,,,6.3563410373421485,1.8494529032045406,0.0,0.018,0.0,0,0
2165,2019-12-26,51.74603174603175,1,1,0,1,"gold,oil,silver",1169.33992174854,7.0641946991426465,0.0,0.01,6.154305010229917,1.8171518385949375,0.0,0.018,0.0,0,0
2166,2019-12-31,51.757936507936506,1,1,1,1,"gas,gold,oil,silver",1185.3174568014438,7.07776591372647,0.0,0.01,6.21046472124385,1.8262357274842222,0.0,0.018,0.0,0,0
2167,2020-01-03,51.76984126984127,0,0,0,1,oil,,,,,,,,,0.0,0,0
2168,2020-01-08,51.78174603174603,1,1,0,1,"gold,oil,silver",1243.5246973756716,7.125705124224895,0.0,0.01,6.5312407739697615,1.8765969365661554,0.0,0.018,0.0,0,0
2169,2020-01-13,51.79365079365079,1,1,1,1,"gas,gold,oil,silver",1274.4930637131242,7.150303781442101,0.0,0.01,6.6636671169428325,1.896669951177326,0.0,0.018,0.0,0,0
2170,2020-01-16,51.80555555555556,1,1,1,1,"gas,gold,oil,silver",1261.0880260125969,7.139730140041324,0.0,0.01,6.546962313431554,1.8790011731313365,0.0,0.018,0.0,0,0
2171,2020-01-21,51.817460317460316,0,0,0,1,oil,,,,,,,,,0.0,0,0
2172,2020-01-23,51.82539682539682,1,1,1,1,"gas,gold,oil,silver",1258.0761807519223,7.137338992463387,0.0,0.01,6.736831615969434,1.9075897277474274,0.0,0.018,0.0,0,0
2173,2020-01-28,51.83730158730159,1,1,1,1,"gas,gold,oil,silver",1224.6060429506629,7.110374473663937,0.0,0.01,6.335550483261439,1.8461767055403564,0.0,0.018,0.0,0,0
2174,2020-01-31,51.84920634920635,1,1,1,0,"gas,gold,silver",1259.9361403079363,7.138816316365844,0.0,0.01,6.6265335281418345,1.8910818210318,0.0,0.018,0.0,0,0
2175,2020-02-05,51.861111111111114,1,1,1,1,"gas,gold,oil,silver",1274.840591384458,7.150576423410948,0.0,0.01,6.83692219265027,1.9223376585319978,0.0,0.018,0.0,0,0
2176,2020-02-10,51.87301587301587,1,0,1,1,"gas,gold,oil",1268.112681742794,7.145284996776602,0.0,0.01,,,,,0.0,0,0
2177,2020-02-13,51.88492063492063,0,1,0,1,"oil,silver",,,,,7.0223105874298986,1.9490923073904107,0.0,0.018,0.0,0,0
2178,2020-02-18,51.8968253968254,1,1,1,1,"gas,gold,oil,silver",1255.4204062599647,7.135225780538614,0.0,0.01,6.964606802347579,1.9408411522782152,0.0,0.018,0.0,0,0
2179,2020-02-20,51.904761904761905,1,1,1,0,"gas,gold,silver",1267.9434303640858,7.1451515207244345,0.0,0.01,7.0931814599796095,1.959133964858961,0.0,0.018,0.0,0,0
2180,2020-02-25,51.916666666666664,1,1,1,1,"gas,gold,oil,silver",1259.0844991307229,7.138140147861047,0.0,0.01,6.994306304744236,1.94509643304168,0.0,0.018,0.0,0,0
2181,2020-02-28,51.92857142857143,1,1,1,1,"gas,gold,oil,silver",1242.419586506557,7.124816036767001,0.0,0.01,6.8183760070116275,1.9196213213607352,0.0,0.018,0.0,0,0
2182,2020-03-04,51.94047619047619,0,1,1,1,"gas,oil,silver",,,,,6.666843782567441,1.8971465519180908,0.0,0.018,0.0,0,0
2183,2020-03-09,51.95238095238095,1,1,1,1,"gas,gold,oil,silver",1217.8591872647798,7.104849831787483,0.0,0.01,6.887427703372596,1.9296976776359334,0.0,0.018,0.0,0,0
2184,2020-03-12,51.964285714285715,1,0,1,1,"gas,gold,oil",1190.1020668273827,7.08179435287068,0.0,0.01,,,,,0.0,0,0
2185,2020-03-17,51.976190476190474,1,1,1,1,"gas,gold,oil,silver",1172.423527089602,7.06682827609496,0.0,0.01,6.415958340054014,1.858788377409407,0.0,0.018,0.0,0,0
2186,2020-03-20,51.98809523809524,1,1,1,1,"gas,gold,oil,silver",1172.8726536188599,7.067211278070099,0.0,0.01,6.480573983876842,1.8688090842001772,0.0,0.018,0.0,0,0
2187,2020-03-24,51.99603174603175,1,1,1,1,"gas,gold,oil,silver",1185.053051795283,7.077542822014606,0.0,0.01,6.549518171502752,1.87939148533874,0.0,0.018,0.0,0,0
2188,2020-03-27,52.007936507936506,0,0,0,1,oil,,,,,,,,,0.0,0,0
2189,2020-04-01,52.01984126984127,1,0,1,1,"gas,gold,oil",1204.6580448307616,7.093951025428094,0.0,0.01,,,,,0.0,0,0
2190,2020-04-06,52.03174603174603,1,1,1,1,"gas,gold,oil,silver",1216.0062310794317,7.103327186755937,0.0,0.01,6.88535690665324,1.9293969691309223,0.0,0.018,0.0,0,0
2191,2020-04-09,52.04365079365079,1,1,0,0,"gold,silver",1232.214433300814,7.116568181951906,0.0,0.01,7.449320684925365,2.00812284500253,0.0,0.018,0.0,0,0
2192,2020-04-14,52.05555555555556,1,0,1,1,"gas,gold,oil",1235.4578552099176,7.119196913321089,0.0,0.01,,,,,0.0,0,0
2193,2020-04-17,52.067460317460316,1,1,1,1,"gas,gold,oil,silver",1265.6829757354521,7.143367157234255,0.0,0.01,7.9474104153484255,2.0728461416849875,0.0,0.018,0.0,0,0
2194,2020-04-22,52.07936507936508,1,1,1,1,"gas,gold,oil,silver",1281.4794479130653,7.155770508151579,0.0,0.01,8.211016536517512,2.1054767326714647,0.0,0.018,0.0,0,0
2195,2020-04-24,52.08730158730159,1,1,1,1,"gas,gold,oil,silver",1292.0470751004407,7.1639831195150325,0.0,0.01,8.200947856078747,2.1042497397946685,0.0,0.018,0.0,0,0
2196,2020-04-29,52.09920634920635,1,1,1,1,"gas,gold,oil,silver",1307.7465778761514,7.1760607654445066,0.0,0.01,8.656588180204752,2.1583206703737727,0.0,0.018,0.0,0,0
2197,2020-05-04,52.111111111111114,1,1,0,1,"gold,oil,silver",1309.0265040555616,7.177039013264555,0.0,0.01,8.883416945319075,2.1841862741304894,0.0,0.018,0.0,0,0
2198,2020-05-07,52.12301587301587,1,1,1,1,"gas,gold,oil,silver",1315.1296743887165,7.181690551452497,0.0,0.01,8.791175096180924,2.173748388334312,0.0,0.018,0.0,0,0
2199,2020-05-12,52.13492063492063,1,1,0,0,"gold,silver",1338.4083735143963,7.199236406014666,0.0,0.01,9.043778164389519,2.2020770256307642,0.0,0.018,0.0,0,0
2200,2020-05-15,52.1468253968254,1,1,1,0,"gas,gold,silver",1367.247351950811,7.220554765454709,0.0,0.01,9.081361548510008,2.2062241316482156,0.0,0.018,0.0,0,0
2201,2020-05-20,52.15873015873016,1,0,1,1,"gas,gold,oil",1386.627511346068,7.23462982717848,0.0,0.01,,,,,0.0,0,0
2202,2020-05-25,52.17063492063492,1,1,1,1,"gas,gold,oil,silver",1372.7440472614169,7.224566969789294,0.0,0.01,8.953238811185166,2.1920153451692994,0.0,0.018,0.0,0,0
2203,2020-05-27,52.17857142857143,0,1,1,1,"gas,oil,silver",,,,,8.784770885817945,2.1730196411416474,0.0,0.018,0.0,0,0
2204,2020-06-01,52.19047619047619,0,0,1,1,"gas,oil",,,,,,,,,0.0,0,0
2205,2020-06-04,52.20238095238095,1,1,1,1,"gas,gold,oil,silver",1321.1202382494264,7.186235321008077,0.0,0.01,8.387041599286633,2.126687847962149,0.0,0.018,0.0,0,0
2206,2020-06-09,52.214285714285715,1,0,1,1,"gas,gold,oil",1294.0452978419676,7.165528480508401,0.0,0.01,,,,,0.0,0,0
2207,2020-06-12,52.226190476190474,1,1,1,0,"gas,gold,silver",1303.5919017123836,7.1728787346952485,0.0,0.01,8.506208437211662,2.1407963012586526,0.0,0.018,0.0,0,0
2208,2020-06-17,52.23809523809524,1,1,1,1,"gas,gold,oil,silver",1296.8069286313155,7.167660313275265,0.0,0.01,8.138306536231543,2.0965821161386646,0.0,0.018,0.0,0,0
2209,2020-06-22,52.25,1,1,0,0,"gold,silver",1274.3183142612602,7.150166659131955,0.0,0.01,7.904714078281044,2.0674593002768766,0.0,0.018,0.0,0,0
2210,2020-06-24,52.257936507936506,1,1,1,1,"gas,gold,oil,silver",1272.8664543084572,7.149026686776634,0.0,0.01,7.899185298695194,2.0667596274076034,0.0,0.018,0.0,0,0
2211,2020-06-29,52.26984126984127,1,1,1,1,"gas,gold,oil,silver",1320.4582606489748,7.185734122490157,0.0,0.01,8.328430444391335,2.1196750163832316,0.0,0.018,0.0,0,0
2212,2020-07-02,52.28174603174603,1,1,1,0,"gas,gold,silver",1272.427062457297,7.148681428477243,0.0,0.01,7.69809191529151,2.040972494942455,0.0,0.018,0.0,0,0
2213,2020-07-07,52.29365079365079,1,1,1,1,"gas,gold,oil,silver",1237.9531697220614,7.121214625164013,0.0,0.01,7.41234587417058,2.003146971415677,0.0,0.018,0.0,0,0
2214,2020-07-10,52.30555555555556,1,1,1,0,"gas,gold,silver",1225.5648154707624,7.111157090570623,0.0,0.01,7.302769598274134,1.988253673225347,0.0,0.018,0.0,0,0
2215,2020-07-15,52.317460317460316,1,1,1,1,"gas,gold,oil,silver",1214.0351057113483,7.101704888591252,0.0,0.01,7.3825826205210925,1.9991235259747522,0.0,0.018,0.0,0,0
2216,2020-07-20,52.32936507936508,1,1,1,0,"gas,gold,silver",1210.7019027176552,7.098955555297208,0.0,0.01,7.533068311487897,2.0193024371003165,0.0,0.018,0.0,0,0
2217,2020-07-23,52.34126984126984,1,1,1,1,"gas,gold,oil,silver",1229.3514617154817,7.114242042414409,0.0,0.01,7.828157637587401,2.0577271869891436,0.0,0.018,0.0,0,0
2218,2020-07-27,52.34920634920635,1,1,1,1,"gas,gold,oil,silver",1220.3683409986318,7.106908011010315,0.0,0.01,7.6487712000199775,2.0345450074881053,0.0,0.018,0.0,0,0
2219,2020-07-30,52.361111111111114,1,1,1,1,"gas,gold,oil,silver",1244.434535986003,7.126436517761164,0.0,0.01,7.723867411404135,2.0443151986245445,0.0,0.018,0.0,0,0
2220,2020-08-04,52.37301587301587,0,0,0,1,oil,,,,,,,,,0.0,0,0
2221,2020-08-07,52.38492063492063,0,1,1,0,"gas,silver",,,,,7.833729906466006,2.0584387575578953,0.0,0.018,0.0,0,0
2222,2020-08-12,52.3968253968254,1,1,1,1,"gas,gold,oil,silver",1229.7369822664998,7.11455558994469,0.0,0.01,7.691725691961766,2.0401451656192187,0.0,0.018,0.0,0,0
2223,2020-08-17,52.40873015873016,1,1,1,0,"gas,gold,silver",1247.1111867735842,7.12858510511627,0.0,0.01,7.808223573156991,2.055177482558047,0.0,0.018,0.0,0,0
2224,2020-08-20,52.42063492063492,1,1,0,1,"gold,oil,silver",1230.039429158398,7.114801504079013,0.0,0.01,7.753697278149453,2.0481697977527427,0.0,0.018,0.0,0,0
2225,2020-08-25,52.432539682539684,1,0,1,1,"gas,gold,oil",1213.614549988688,7.101358417076402,0.0,0.01,,,,,0.0,0,0
2226,2020-08-27,52.44047619047619,0,1,1,0,"gas,silver",,,,,8.215015881082259,2.1059636846684047,0.0,0.018,0.0,0,0
2227,2020-09-01,52.45238095238095,1,1,1,1,"gas,gold,oil,silver",1248.8399660505213,7.1299703722529575,0.0,0.01,8.206546188518969,2.104932151458785,0.0,0.018,0.0,0,0
2228,2020-09-04,52.464285714285715,1,1,1,1,"gas,gold,oil,silver",1349.0938288189896,7.2071884081395865,0.0,0.01,8.99963650688413,2.1971841883966117,0.0,0.018,0.0,0,0
2229,2020-09-09,52.476190476190474,0,1,0,0,silver,,,,,8.940990798313493,2.190646410596348,0.0,0.018,0.0,0,0
2230,2020-09-14,52.48809523809524,1,1,1,1,"gas,gold,oil,silver",1387.0841349989005,7.234959078171502,0.0,0.01,9.103934618072476,2.2087066956877646,0.0,0.018,0.0,0,0
2231,2020-09-17,52.5,1,1,1,1,"gas,gold,oil,silver",1448.007202888026,7.277943547303473,0.0,0.01,9.352897131229968,2.2356861489133637,0.0,0.018,0.0,0,0
2232,2020-09-22,52.51190476190476,1,1,1,0,"gas,gold,silver",1405.9761126006604,7.248487082610823,0.0,0.01,8.91042439528938,2.187221871693991,0.0,0.018,0.0,0,0
2233,2020-09-24,52.51984126984127,0,0,1,0,gas,,,,,,,,,0.0,0,0
2234,2020-09-29,52.53174603174603,1,1,1,1,"gas,gold,oil,silver",1346.4831138560842,7.205251371405163,0.0,0.01,8.306458071710768,2.117033293183522,0.0,0.018,0.0,0,0
2235,2020-10-02,52.54365079365079,1,1,1,1,"gas,gold,oil,silver",1381.5537895358784,7.230964079208742,0.0,0.01,8.844592453352055,2.1798062500495785,0.0,0.018,0.0,0,0
2236,2020-10-07,52.55555555555556,1,1,1,1,"gas,gold,oil,silver",1366.9852524814535,7.220363048429804,0.0,0.01,8.600366146897201,2.151804777573768,0.0,0.018,0.0,0,0
2237,2020-10-12,52.567460317460316,1,1,1,1,"gas,gold,oil,silver",1353.596694594908,7.2105205469125915,0.0,0.01,8.411989683350532,2.129658031419175,0.0,0.018,0.0,0,0
2238,2020-10-15,52.57936507936508,1,1,1,0,"gas,gold,silver",1356.8051462250376,7.212888057943946,0.0,0.01,8.355033050312953,2.1228641177921306,0.0,0.018,0.0,0,0
2239,2020-10-20,52.59126984126984,1,0,1,1,"gas,gold,oil",1398.2562137305351,7.242981177625694,0.0,0.01,,,,,0.0,0,0
2240,2020-10-23,52.6031746031746,1,1,1,1,"gas,gold,oil,silver",1344.8047321861056,7.20400410096545,0.0,0.01,7.994034625599124,2.078695591728228,0.0,0.018,0.0,0,0
2241,2020-10-27,52.611111111111114,1,1,0,1,"gold,oil,silver",1373.0392003182758,7.224781956211296,0.0,0.01,8.042355517578,2.0847220151052666,0.0,0.018,0.0,0,0
2242,2020-10-30,52.62301587301587,1,1,0,1,"gold,oil,silver",1356.3118446973763,7.212524416025999,0.0,0.01,7.921757844115021,2.069613131213597,0.0,0.018,0.0,0,0
2243,2020-11-04,52.63492063492063,1,1,1,1,"gas,gold,oil,silver",1385.0138311657174,7.233465404972815,0.0,0.01,8.3591576035366,2.1233576568922627,0.0,0.018,0.0,0,0
2244,2020-11-09,52.6468253968254,1,1,1,1,"gas,gold,oil,silver",1351.8617596757122,7.209238002614581,0.0,0.01,8.163699850755213,2.0996974792981113,0.0,0.018,0.0,0,0
2245,2020-11-12,52.65873015873016,1,1,1,1,"gas,gold,oil,silver",1400.2321928640126,7.244393353897143,0.0,0.01,8.508949645114381,2.141118509011666,0.0,0.018,0.0,0,0
2246,2020-11-17,52.67063492063492,1,1,1,1,"gas,gold,oil,silver",1432.0995790432903,7.266896883540958,0.0,0.01,8.934004450482671,2.189864721080986,0.0,0.018,0.0,0,0
2247,2020-11-20,52.682539682539684,1,1,0,1,"gold,oil,silver",1414.4885670392,7.25452330802193,0.0,0.01,8.660970425418315,2.1588267746586665,0.0,0.018,0.0,0,0
2248,2020-11-25,52.69444444444444,1,0,1,1,"gas,gold,oil",1426.5903749348715,7.263042522964926,0.0,0.01,,,,,0.0,0,0
2249,2020-11-27,52.70238095238095,1,0,1,1,"gas,gold,oil",1409.3514853715526,7.250884938114821,0.0,0.01,,,,,0.0,0,0
2250,2020-12-02,52.714285714285715,1,1,1,1,"gas,gold,oil,silver",1386.228347749579,7.234341919245627,0.0,0.01,8.360300313228242,2.123494349086365,0.0,0.018,0.0,0,0
2251,2020-12-07,52.726190476190474,1,1,1,1,"gas,gold,oil,silver",1397.099613067778,7.242153661702554,0.0,0.01,8.477618669983624,2.137429593148361,0.0,0.018,0.0,0,0
2252,2020-12-10,52.73809523809524,1,1,1,1,"gas,gold,oil,silver",1373.9226079762743,7.225425145123341,0.0,0.01,8.229302180250857,2.1077012213311654,0.0,0.018,0.0,0,0
2253,2020-12-15,52.75,1,1,1,1,"gas,gold,oil,silver",1350.1071558873066,7.207939243013806,0.0,0.01,8.009412298367453,2.0806173873981546,0.0,0.018,0.0,0,0
2254,2020-12-18,52.76190476190476,0,1,0,1,"oil,silver",,,,,7.780177834478924,2.0515791958312377,0.0,0.018,0.0,0,0
2255,2020-12-23,52.773809523809526,1,0,1,1,"gas,gold,oil",1304.5887126055766,7.173643107328228,0.0,0.01,,,,,0.0,0,0
2256,2020-12-28,52.785714285714285,1,0,1,1,"gas,gold,oil",1309.4890807290785,7.177392325409052,0.0,0.01,,,,,0.0,0,0
2257,2020-12-30,52.79365079365079,1,1,1,1,"gas,gold,oil,silver",1310.7300727760125,7.1783395684196725,0.0,0.01,7.861296717731352,2.0619515696445423,0.0,0.018,0.0,0,0
2258,2021-01-04,52.80555555555556,1,1,1,0,"gas,gold,silver",1275.934507739395,7.151434136364455,0.0,0.01,7.4586297949226825,2.00937172374275,0.0,0.018,0.0,0,0
2259,2021-01-07,52.817460317460316,1,1,1,0,"gas,gold,silver",1265.7278373240677,7.143402601175941,0.0,0.01,7.238747163948917,1.97944814777038,0.0,0.018,0.0,0,0
2260,2021-01-12,52.82936507936508,1,1,1,1,"gas,gold,oil,silver",1291.2675037126196,7.16337957597614,0.0,0.01,7.42802021866934,2.0052593654400854,0.0,0.018,0.0,0,0
2261,2021-01-15,52.84126984126984,1,1,1,1,"gas,gold,oil,silver",1275.4691843298654,7.151069377611353,0.0,0.01,7.375634180313015,1.9981818890798253,0.0,0.018,0.0,0,0
2262,2021-01-20,52.8531746031746,0,1,1,1,"gas,oil,silver",,,,,7.197983172701451,1.9738008718799263,0.0,0.018,0.0,0,0
2263,2021-01-25,52.86507936507937,1,1,1,1,"gas,gold,oil,silver",1261.6399840550282,7.140167728278372,0.0,0.01,7.182491377601737,1.971646311397456,0.0,0.018,0.0,0,0
2264,2021-01-27,52.87301587301587,1,0,1,0,"gas,gold",1290.5680761648543,7.162837769541736,0.0,0.01,,,,,0.0,0,0
2265,2021-02-01,52.88492063492063,1,1,1,0,"gas,gold,silver",1304.836871092169,7.173833308948762,0.0,0.01,7.503250771358501,2.0153363628170706,0.0,0.018,0.0,0,0
2266,2021-02-04,52.8968253968254,1,1,0,1,"gold,oil,silver",1309.7915434400406,7.177623276388123,0.0,0.01,7.630753054721878,2.0321865369821284,0.0,0.018,0.0,0,0
2267,2021-02-09,52.90873015873016,0,1,0,1,"oil,silver",,,,,7.6059972784051135,2.0289370516839047,0.0,0.018,0.0,0,0
2268,2021-02-12,52.92063492063492,1,0,0,1,"gold,oil",1274.0672288980406,7.149969604675492,0.0,0.01,,,,,0.0,0,0
2269,2021-02-17,52.932539682539684,1,1,1,1,"gas,gold,oil,silver",1318.0065133565283,7.1838756568988975,0.0,0.01,7.733124003866079,2.045512921172204,0.0,0.018,0.0,0,0
2270,2021-02-22,52.94444444444444,0,1,1,1,"gas,oil,silver",,,,,7.756361474068689,2.0485133420278485,0.0,0.018,0.0,0,0
2271,2021-02-25,52.95634920634921,1,1,1,1,"gas,gold,oil,silver",1309.5557111632995,7.177443206886483,0.0,0.01,8.074471756311873,2.0887074497939233,0.0,0.018,0.0,0,0
2272,2021-03-01,52.964285714285715,1,1,1,1,"gas,gold,oil,silver",1269.7337780279342,7.1465625338784875,0.0,0.01,7.727586529861,2.04479659261411,0.0,0.018,0.0,0,0
2273,2021-03-04,52.976190476190474,1,1,1,1,"gas,gold,oil,silver",1274.819544895068,7.150559914160095,0.0,0.01,7.942082023152169,2.072175460426085,0.0,0.018,0.0,0,0
2274,2021-03-09,52.98809523809524,1,0,0,1,"gold,oil",1273.9684849581024,7.14989209874459,0.0,0.01,,,,,0.0,0,0
2275,2021-03-12,53.0,1,1,1,1,"gas,gold,oil,silver",1321.7523044127518,7.186713638569876,0.0,0.01,8.335921001101976,2.12057400813093,0.0,0.018,0.0,0,0
2276,2021-03-17,53.01190476190476,1,1,1,1,"gas,gold,oil,silver",1327.951123078884,7.191392524448583,0.0,0.01,8.620032263946865,2.1540888275858667,0.0,0.018,0.0,0,0
2277,2021-03-22,53.023809523809526,1,1,1,1,"gas,gold,oil,silver",1363.1937442150463,7.217585567020395,0.0,0.01,9.086374166955812,2.2067759470919786,0.0,0.018,0.0,0,0
2278,2021-03-25,53.035714285714285,1,1,1,1,"gas,gold,oil,silver",1369.7513303439985,7.222384491649299,0.0,0.01,9.276096950813054,2.2274408711296374,0.0,0.018,0.0,0,0
2279,2021-03-30,53.04761904761905,1,1,1,1,"gas,gold,oil,silver",1384.8726355790695,7.233363454522163,0.0,0.01,9.255312756767465,2.225197738730274,0.0,0.018,0.0,0,0
2280,2021-04-01,53.05555555555556,0,0,1,1,"gas,oil",,,,,,,,,0.0,0,0
2281,2021-04-06,53.067460317460316,1,1,1,1,"gas,gold,oil,silver",1416.6131798658907,7.256024217148817,0.0,0.01,9.683316783491183,2.270404485522448,0.0,0.018,0.0,0,0
2282,2021-04-09,53.07936507936508,1,1,1,1,"gas,gold,oil,silver",1388.8522170736883,7.236232941898645,0.0,0.01,9.318247284520664,2.2319745514112888,0.0,0.018,0.0,0,0
2283,2021-04-14,53.09126984126984,1,1,1,1,"gas,gold,oil,silver",1390.0843762039049,7.2371197265873946,0.0,0.01,9.249929036626812,2.2246158797788858,0.0,0.018,0.0,0,0
2284,2021-04-19,53.1031746031746,1,1,1,1,"gas,gold,oil,silver",1368.964348782676,7.221809783154378,0.0,0.01,9.029046801391292,2.2004468027642607,0.0,0.018,0.0,0,0
2285,2021-04-22,53.11507936507937,1,1,1,1,"gas,gold,oil,silver",1401.5479089535615,7.245332554075923,0.0,0.01,9.330208676985414,2.2332573808455107,0.0,0.018,0.0,0,0
2286,2021-04-27,53.12698412698413,1,1,1,1,"gas,gold,oil,silver",1376.7929921891066,7.227512154957812,0.0,0.01,9.099228294393725,2.208189607112966,0.0,0.018,0.0,0,0
2287,2021-04-29,53.13492063492063,0,0,1,1,"gas,oil",,,,,,,,,0.0,0,0
2288,2021-05-04,53.1468253968254,1,0,1,0,"gas,gold",1321.6601252869223,7.186643896047044,0.0,0.01,,,,,0.0,0,0
2289,2021-05-07,53.15873015873016,1,1,1,1,"gas,gold,oil,silver",1333.4950871602136,7.195558659445964,0.0,0.01,8.561015708725611,2.1472188406758024,0.0,0.018,0.0,0,0
2290,2021-05-12,53.17063492063492,0,1,1,1,"gas,oil,silver",,,,,8.474997032318559,2.137120303097551,0.0,0.018,0.0,0,0
2291,2021-05-17,53.182539682539684,1,1,1,1,"gas,gold,oil,silver",1323.177256468192,7.187791135841924,0.0,0.01,8.04034572522372,2.08447208291609,0.0,0.018,0.0,0,0
2292,2021-05-20,53.19444444444444,1,1,1,1,"gas,gold,oil,silver",1340.4447188812428,7.200756717647172,0.0,0.01,8.333024110054687,2.1202264287181793,0.0,0.018,0.0,0,0
2293,2021-05-25,53.20634920634921,1,0,1,0,"gas,gold",1348.9757497662185,7.207100879594153,0.0,0.01,,,,,0.0,0,0
2294,2021-05-28,53.21825396825397,1,1,1,1,"gas,gold,oil,silver",1368.2113138915176,7.2212595554723,0.0,0.01,8.516126086689434,2.141961552779945,0.0,0.018,0.0,0,0
2295,2021-06-01,53.226190476190474,1,1,1,1,"gas,gold,oil,silver",1338.6839038250416,7.199442248983884,0.0,0.01,8.155324848531961,2.0986710695569846,0.0,0.018,0.0,0,0
2296,2021-06-04,53.23809523809524,1,1,1,0,"gas,gold,silver",1343.6075356740093,7.203113466291931,0.0,0.01,8.35179195486812,2.1224761212117524,0.0,0.018,0.0,0,0
2297,2021-06-09,53.25,1,1,1,0,"gas,gold,silver",1378.3179814520188,7.228619180724282,0.0,0.01,8.760431045830353,2.170245109882735,0.0,0.018,0.0,0,0
2298,2021-06-14,53.26190476190476,1,1,1,1,"gas,gold,oil,silver",1368.0020069431419,7.22110656524512,0.0,0.01,8.872425847368136,2.1829482479232163,0.0,0.018,0.0,0,0
2299,2021-06-17,53.273809523809526,0,1,1,1,"gas,oil,silver",,,,,9.414331824535038,2.2422331903432062,0.0,0.018,0.0,0,0
2300,2021-06-22,53.285714285714285,1,1,0,0,"gold,silver",1472.4920685523505,7.29471152912913,0.0,0.01,9.999339674975404,2.3025190583113444,0.0,0.018,0.0,0,0
2301,2021-06-25,53.29761904761905,1,0,1,1,"gas,gold,oil",1468.3419480577434,7.291889116693638,0.0,0.01,,,,,0.0,0,0
2302,2021-06-30,53.30952380952381,1,1,1,1,"gas,gold,oil,silver",1518.9180740850757,7.325753567030069,0.0,0.01,10.564457003629622,2.3574952539715017,0.0,0.018,0.0,0,0
2303,2021-07-02,53.317460317460316,1,1,1,1,"gas,gold,oil,silver",1480.8582466800367,7.300377095088645,0.0,0.01,10.168921443669127,2.319336151699914,0.0,0.018,0.0,0,0
2304,2021-07-07,53.32936507936508,1,1,1,1,"gas,gold,oil,silver",1490.02314359428,7.306546931432486,0.0,0.01,10.26480085785157,2.328720650170834,0.0,0.018,0.0,0,0
2305,2021-07-12,53.34126984126984,1,1,0,1,"gold,oil,silver",1480.302340525795,7.300001630034048,0.0,0.01,10.24685876398662,2.326971196565241,0.0,0.018,0.0,0,0
2306,2021-07-15,53.3531746031746,0,1,1,0,"gas,silver",,,,,10.323780447189222,2.334450015375803,0.0,0.018,0.0,0,0
2307,2021-07-20,53.36507936507937,1,0,0,1,"gold,oil",1467.2982680757668,7.2911780758649885,0.0,0.01,,,,,0.0,0,0
2308,2021-07-23,53.37698412698413,1,1,1,1,"gas,gold,oil,silver",1487.7989925304564,7.305053120603131,0.0,0.01,10.374740733752398,2.3393740762866777,0.0,0.018,0.0,0,0
2309,2021-07-28,53.388888888888886,1,1,1,1,"gas,gold,oil,silver",1456.9521832188673,7.284101987001113,0.0,0.01,10.44250639183041,2.345884629486723,0.0,0.018,0.0,0,0
2310,2021-08-02,53.40079365079365,1,1,1,0,"gas,gold,silver",1450.2827005651125,7.279513782318212,0.0,0.01,10.591158016389038,2.360019503624563,0.0,0.018,0.0,0,0
2311,2021-08-04,53.40873015873016,1,1,1,1,"gas,gold,oil,silver",1373.7773857388363,7.225319440542852,0.0,0.01,9.795511254943266,2.2819242455364863,0.0,0.018,0.0,0,0
2312,2021-08-09,53.42063492063492,0,1,0,1,"oil,silver",,,,,9.257854168946203,2.2254722905889484,0.0,0.018,0.0,0,0
2313,2021-08-12,53.432539682539684,1,1,1,1,"gas,gold,oil,silver",1326.5464656164215,7.190334201698883,0.0,0.01,9.232926666521113,2.2227760802181833,0.0,0.018,0.0,0,0
2314,2021-08-17,53.44444444444444,1,1,1,1,"gas,gold,oil,silver",1298.935272894813,7.1693001870186635,0.0,0.01,8.681189372774226,2.1611585437984173,0.0,0.018,0.0,0,0
2315,2021-08-20,53.45634920634921,1,1,0,0,"gold,silver",1294.516654179617,7.165892664446507,0.0,0.01,8.621343061412507,2.154240880127318,0.0,0.018,0.0,0,0
2316,2021-08-25,53.46825396825397,1,1,1,1,"gas,gold,oil,silver",1270.6358528757764,7.147272725714182,0.0,0.01,8.607287001476502,2.152609170234731,0.0,0.018,0.0,0,0
2317,2021-08-30,53.48015873015873,1,1,1,1,"gas,gold,oil,silver",1278.8244553576098,7.153696540679411,0.0,0.01,8.768926989691513,2.171214448806521,0.0,0.018,0.0,0,0
2318,2021-09-01,53.48809523809524,1,1,1,0,"gas,gold,silver",1290.0025851006565,7.162399501307707,0.0,0.01,8.936446282367253,2.190138002593163,0.0,0.018,0.0,0,0
2319,2024-01-08,55.92063492063492,1,1,1,1,"gas,gold,oil,silver",1783.597143203278,7.486387471049459,0.0,0.01,16.63415995734964,2.8114584096891644,0.0,0.018,0.0,0,0
2320,2024-01-11,55.932539682539684,1,1,1,1,"gas,gold,oil,silver",1749.778269687934,7.467244355854586,0.0,0.01,15.91660051317293,2.767362622009548,0.0,0.018,0.0,0,0
2321,2024-01-16,55.94444444444444,1,1,1,1,"gas,gold,oil,silver",1736.7018642624826,7.459743113203568,0.0,0.01,15.711537840284494,2.7543953367373186,0.0,0.018,0.0,0,0
2322,2024-01-19,55.95634920634921,1,1,1,0,"gas,gold,silver",1775.5046878800254,7.481839992695075,0.0,0.01,15.943426387220557,2.7690466055460905,0.0,0.018,0.0,0,0
2323,2024-01-24,55.96825396825397,1,0,1,1,"gas,gold,oil",1825.5055947956218,7.50961226589276,0.0,0.01,,,,,0.0,0,0
2324,2024-01-29,55.98015873015873,1,1,1,1,"gas,gold,oil,silver",1762.8616156777518,7.47469368565727,0.0,0.01,16.19343934752161,2.784606181664331,0.0,0.018,0.0,0,0
2325,2024-02-01,55.992063492063494,1,1,0,1,"gold,oil,silver",1831.1612123584848,7.512705586871039,0.0,0.01,16.973861595834702,2.8316746076220953,0.0,0.018,0.0,0,0
2326,2024-02-05,56.0,1,1,1,1,"gas,gold,oil,silver",1776.0299162134677,7.482135768125035,0.0,0.01,16.389023582867882,2.79661181702555,0.0,0.018,0.0,0,0
2327,2024-02-08,56.01190476190476,1,1,1,1,"gas,gold,oil,silver",1735.2508696089747,7.458907275362904,0.0,0.01,15.872889919423589,2.7646126174828076,0.0,0.018,0.0,0,0
2328,2024-02-13,56.023809523809526,1,1,1,1,"gas,gold,oil,silver",1718.8305041402327,7.449399399090479,0.0,0.01,15.837804049362628,2.762399743528494,0.0,0.018,0.0,0,0
2329,2024-02-16,56.035714285714285,1,1,1,1,"gas,gold,oil,silver",1686.7759178910944,7.43057424496891,0.0,0.01,15.332826189621187,2.7299960326840864,0.0,0.018,0.0,0,0
2330,2024-02-21,56.04761904761905,0,1,0,1,"oil,silver",,,,,15.57522139628931,2.7456812794225227,0.0,0.018,0.0,0,0
2331,2024-02-26,56.05952380952381,1,0,0,0,gold,1699.6024537970156,7.438149651989329,0.0,0.01,,,,,0.0,0,0
2332,2024-02-29,56.07142857142857,1,1,1,1,"gas,gold,oil,silver",1729.6273420145226,7.455661255047762,0.0,0.01,16.575193711803465,2.807907222990268,0.0,0.018,0.0,0,0
2333,2024-03-05,56.083333333333336,1,1,1,1,"gas,gold,oil,silver",1756.4670099198545,7.471059689815785,0.0,0.01,16.396344298674528,2.7970584013649273,0.0,0.018,0.0,0,0
2334,2024-03-07,56.09126984126984,0,1,1,1,"gas,oil,silver",,,,,16.158966733206817,2.782475111271909,0.0,0.018,0.0,0,0
2335,2024-03-12,56.1031746031746,1,1,1,1,"gas,gold,oil,silver",1723.2103266424963,7.451944299096851,0.0,0.01,15.746864466411946,2.756641263954636,0.0,0.018,0.0,0,0
2336,2024-03-15,56.11507936507937,1,1,1,1,"gas,gold,oil,silver",1715.6969193309724,7.447574644012185,0.0,0.01,15.09881330112412,2.714616151403047,0.0,0.018,0.0,0,0
2337,2024-03-20,56.12698412698413,1,1,1,0,"gas,gold,silver",1660.436237099778,7.414835640260044,0.0,0.01,14.348799208160145,2.6636662598305003,0.0,0.018,0.0,0,0
2338,2024-03-25,56.138888888888886,1,1,1,1,"gas,gold,oil,silver",1633.3893053988534,7.398412463454996,0.0,0.01,14.046626878446377,2.6423822871300993,0.0,0.018,0.0,0,0
2339,2024-03-28,56.15079365079365,0,1,1,1,"gas,oil,silver",,,,,14.023320953275347,2.640721726115438,0.0,0.018,0.0,0,0
2340,2024-04-02,56.16269841269841,1,1,1,1,"gas,gold,oil,silver",1684.9408473585963,7.429485736745087,0.0,0.01,14.437277049540267,2.669813545706691,0.0,0.018,0.0,0,0
2341,2024-04-04,56.17063492063492,1,1,1,1,"gas,gold,oil,silver",1730.2843873110178,7.456041059710883,0.0,0.01,14.91317623891112,2.70224513351482,0.0,0.018,0.0,0,0
2342,2024-04-09,56.182539682539684,1,1,1,1,"gas,gold,oil,silver",1790.691643841723,7.490357217411836,0.0,0.01,15.616163139743431,2.7483064765771967,0.0,0.018,0.0,0,0
2343,2024-04-12,56.19444444444444,1,1,1,1,"gas,gold,oil,silver",1748.016877324866,7.4662372113890445,0.0,0.01,14.999465682459261,2.7080145792983785,0.0,0.018,0.0,0,0
2344,2024-04-17,56.20634920634921,0,0,1,1,"gas,oil",,,,,,,,,0.0,0,0
2345,2024-04-22,56.21825396825397,1,1,1,1,"gas,gold,oil,silver",1718.755398659281,7.449355702448075,0.0,0.01,14.499430645066715,2.674109382798137,0.0,0.018,0.0,0,0
2346,2024-04-25,56.23015873015873,1,1,1,1,"gas,gold,oil,silver",1702.8816514352523,7.440077184081828,0.0,0.01,14.195355238881014,2.6529148152462483,0.0,0.018,0.0,0,0
2347,2024-04-30,56.242063492063494,0,1,1,0,"gas,silver",,,,,13.96204107483077,2.6363422954455276,0.0,0.018,0.0,0,0
2348,2024-05-03,56.25396825396825,1,1,1,1,"gas,gold,oil,silver",1669.696255139107,7.4203970057178195,0.0,0.01,13.924873985865736,2.6336767362834053,0.0,0.018,0.0,0,0
2349,2024-05-07,56.26190476190476,1,0,1,1,"gas,gold,oil",1627.4967497116374,7.3947983769757455,0.0,0.01,,,,,0.0,0,0
2350,2024-05-10,56.273809523809526,0,1,1,1,"gas,oil,silver",,,,,14.052282973550053,2.6427848718004556,0.0,0.018,0.0,0,0
2351,2024-05-15,56.285714285714285,1,1,1,0,"gas,gold,silver",1642.0376737477452,7.403693233566309,0.0,0.01,13.85268321783044,2.6284789480086945,0.0,0.018,0.0,0,0
2352,2024-05-20,56.29761904761905,0,1,1,1,"gas,oil,silver",,,,,13.627170697484948,2.6120656451062647,0.0,0.018,0.0,0,0
2353,2024-05-23,56.30952380952381,0,1,1,1,"gas,oil,silver",,,,,14.363163362741306,2.6646668292443163,0.0,0.018,0.0,0,0
2354,2024-05-28,56.32142857142857,1,1,1,1,"gas,gold,oil,silver",1627.1695023167622,7.394597282687952,0.0,0.01,13.553771814720363,2.606664871299989,0.0,0.018,0.0,0,0
2355,2024-05-31,56.333333333333336,0,1,0,1,"oil,silver",,,,,12.996454407673692,2.564676582390545,0.0,0.018,0.0,0,0
2356,2024-06-05,56.345238095238095,1,1,1,1,"gas,gold,oil,silver",1574.4649629775818,7.361670787500584,0.0,0.01,12.714549544085848,2.542746971119972,0.0,0.018,0.0,0,0
2357,2024-06-07,56.3531746031746,0,0,0,1,oil,,,,,,,,,0.0,0,0
2358,2024-06-12,56.36507936507937,1,1,1,1,"gas,gold,oil,silver",1562.3537642698166,7.353948786363341,0.0,0.01,12.61170097996124,2.5346250322328006,0.0,0.018,0.0,0,0
2359,2024-06-17,56.37698412698413,1,1,1,1,"gas,gold,oil,silver",1538.7726404222476,7.338740390906097,0.0,0.01,12.206919182855058,2.5020029371082844,0.0,0.018,0.0,0,0
2360,2024-06-20,56.388888888888886,1,1,0,1,"gold,oil,silver",1516.2044622713536,7.323965426680367,0.0,0.01,11.927519063154707,2.478848256659181,0.0,0.018,0.0,0,0
2361,2024-06-25,56.40079365079365,1,1,1,1,"gas,gold,oil,silver",1550.6973982659435,7.346460043088302,0.0,0.01,11.986364252737873,2.4837696914238787,0.0,0.018,0.0,0,0
2362,2024-06-28,56.41269841269841,1,1,1,1,"gas,gold,oil,silver",1569.520593041506,7.358525496961466,0.0,0.01,11.914091757716347,2.477721880848514,0.0,0.018,0.0,0,0
2363,2024-07-03,56.42460317460318,1,1,1,0,"gas,gold,silver",1561.707433635742,7.353535010446448,0.0,0.01,11.539056256213867,2.445737477511667,0.0,0.018,0.0,0,0
2364,2024-07-08,56.43650793650794,1,1,1,1,"gas,gold,oil,silver",1554.3907250996722,7.348838931176973,0.0,0.01,11.318564366761489,2.426444242008105,0.0,0.018,0.0,0,0
2365,2024-07-10,56.44444444444444,0,0,1,1,"gas,oil",,,,,,,,,0.0,0,0
2366,2024-07-15,56.45634920634921,1,1,1,1,"gas,gold,oil,silver",1498.4554619089645,7.312190164532544,0.0,0.01,10.799723425838263,2.379520525083586,0.0,0.018,0.0,0,0
2367,2024-07-18,56.46825396825397,1,1,1,1,"gas,gold,oil,silver",1556.5159527155263,7.350205238923601,0.0,0.01,11.230055536180819,2.4185937140792473,0.0,0.018,0.0,0,0
2368,2024-07-23,56.48015873015873,1,1,1,0,"gas,gold,silver",1574.9751238853344,7.361994756776483,0.0,0.01,11.572445697928101,2.4486269015751096,0.0,0.018,0.0,0,0
2369,2024-07-26,56.492063492063494,0,0,1,0,gas,,,,,,,,,0.0,0,0
2370,2024-07-31,56.50396825396825,0,1,1,1,"gas,oil,silver",,,,,11.374870522049026,2.431406582095222,0.0,0.018,0.0,0,0
2371,2024-08-05,56.51587301587302,1,1,1,1,"gas,gold,oil,silver",1538.6859469196816,7.338684049935047,0.0,0.01,11.405671041659486,2.4341106915030375,0.0,0.018,0.0,0,0
2372,2024-08-07,56.523809523809526,1,1,1,1,"gas,gold,oil,silver",1527.9929187732398,7.33171033540502,0.0,0.01,11.219933792714539,2.417691999249559,0.0,0.018,0.0,0,0
2373,2024-08-12,56.535714285714285,0,1,1,1,"gas,oil,silver",,,,,11.819893725871589,2.4697840208945196,0.0,0.018,0.0,0,0
2374,2024-08-15,56.54761904761905,1,1,1,1,"gas,gold,oil,silver",1540.8932532672852,7.3401175618417795,0.0,0.01,11.82178873658296,2.4699443318807144,0.0,0.018,0.0,0,0
2375,2024-08-20,56.55952380952381,1,1,1,1,"gas,gold,oil,silver",1543.0821059027942,7.341537062809284,0.0,0.01,11.472498161522664,2.439952707036036,0.0,0.018,0.0,0,0
2376,2024-08-23,56.57142857142857,1,1,1,1,"gas,gold,oil,silver",1580.1265505987644,7.365260218129228,0.0,0.01,12.036892987573472,2.4879763490675972,0.0,0.018,0.0,0,0
2377,2024-08-28,56.583333333333336,1,1,1,1,"gas,gold,oil,silver",1622.6792008718817,7.391833889858046,0.0,0.01,12.484552207425159,2.524492056642798,0.0,0.018,0.0,0,0
2378,2024-09-02,56.595238095238095,1,1,1,1,"gas,gold,oil,silver",1590.8274854599144,7.372009590943841,0.0,0.01,12.201782167371901,2.5015820203634487,0.0,0.018,0.0,0,0
2379,2024-09-05,56.607142857142854,1,1,1,1,"gas,gold,oil,silver",1590.085394793559,7.371543001189418,0.0,0.01,12.190016382436012,2.5006172874164783,0.0,0.018,0.0,0,0
2380,2024-09-09,56.61507936507937,1,0,0,1,"gold,oil",1610.6802569212155,7.384411888568984,0.0,0.01,,,,,0.0,0,0
2381,2024-09-12,56.62698412698413,0,1,1,1,"gas,oil,silver",,,,,12.351486699685745,2.513776436370186,0.0,0.018,0.0,0,0
2382,2024-09-17,56.638888888888886,1,1,1,1,"gas,gold,oil,silver",1566.5417553900438,7.356625765249287,0.0,0.01,11.846458996417528,2.472029004058167,0.0,0.018,0.0,0,0
2383,2024-09-20,56.65079365079365,1,1,1,1,"gas,gold,oil,silver",1587.72054328071,7.370054646018911,0.0,0.01,12.265014054284144,2.5067508235951728,0.0,0.018,0.0,0,0
2384,2024-09-25,56.66269841269841,1,1,1,1,"gas,gold,oil,silver",1571.5773001726523,7.3598350438110005,0.0,0.01,12.200605946170608,2.501485618224713,0.0,0.018,0.0,0,0
2385,2024-09-30,56.67460317460318,0,1,1,1,"gas,oil,silver",,,,,11.814599897059738,2.469336046084072,0.0,0.018,0.0,0,0
2386,2024-10-03,56.68650793650794,1,1,1,1,"gas,gold,oil,silver",1632.3780087859761,7.397793131734202,0.0,0.01,12.134061749417919,2.496016518465285,0.0,0.018,0.0,0,0
2387,2024-10-08,56.698412698412696,1,1,1,1,"gas,gold,oil,silver",1622.4545981797892,7.391695465554853,0.0,0.01,11.895786709826993,2.4761842794264206,0.0,0.018,0.0,0,0
2388,2024-10-10,56.70634920634921,1,1,1,1,"gas,gold,oil,silver",1623.2807892151823,7.392204558844741,0.0,0.01,11.707151585523848,2.4601999016945517,0.0,0.018,0.0,0,0
2389,2024-10-15,56.71825396825397,0,1,0,0,silver,,,,,12.329048967162516,2.511958182584467,0.0,0.018,0.0,0,0
2390,2024-10-18,56.73015873015873,1,1,1,1,"gas,gold,oil,silver",1632.4076295209945,7.3978112773267775,0.0,0.01,12.026149434703044,2.4870833985091627,0.0,0.018,0.0,0,0
2391,2024-10-23,56.742063492063494,1,1,1,1,"gas,gold,oil,silver",1686.2741089516826,7.430276704796591,0.0,0.01,12.75861311807569,2.5462065822034985,0.0,0.018,0.0,0,0
2392,2024-10-28,56.75396825396825,1,1,1,1,"gas,gold,oil,silver",1638.2502330936888,7.40138402020172,0.0,0.01,12.04197506199107,2.488398468120918,0.0,0.018,0.0,0,0
2393,2024-10-31,56.76587301587302,1,1,1,1,"gas,gold,oil,silver",1648.614438468685,7.407690479858903,0.0,0.01,11.861391161270257,2.4732886852800355,0.0,0.018,0.0,0,0
2394,2024-11-05,56.77777777777778,1,1,1,1,"gas,gold,oil,silver",1618.0796673585126,7.38899533457594,0.0,0.01,11.88513185735918,2.4752881951855477,0.0,0.018,0.0,0,0
2395,2024-11-07,56.785714285714285,1,1,1,1,"gas,gold,oil,silver",1618.34139737805,7.389157074976755,0.0,0.01,12.182826999449803,2.500027337111372,0.0,0.018,0.0,0,0
2396,2024-11-12,56.79761904761905,1,1,1,0,"gas,gold,silver",1626.171400185136,7.393983696720264,0.0,0.01,11.88803400735428,2.47553234861686,0.0,0.018,0.0,0,0
2397,2024-11-15,56.80952380952381,1,1,1,1,"gas,gold,oil,silver",1589.8840338672817,7.371416357879749,0.0,0.01,11.442332585539122,2.4373198625047507,0.0,0.018,0.0,0,0
2398,2024-11-20,56.82142857142857,1,1,1,1,"gas,gold,oil,silver",1521.4121910937413,7.32739425560704,0.0,0.01,10.95066782875289,2.3934004433299654,0.0,0.018,0.0,0,0
2399,2024-11-25,56.833333333333336,1,0,1,1,"gas,gold,oil",1518.791485442146,7.325670222233259,0.0,0.01,,,,,0.0,0,0
2400,2024-11-28,56.845238095238095,1,1,1,0,"gas,gold,silver",1512.7264625785044,7.3216689060216105,0.0,0.01,11.322654007877725,2.426805498287961,0.0,0.018,0.0,0,0
2401,2024-12-03,56.857142857142854,0,1,0,1,"oil,silver",,,,,11.147980627645444,2.4112583718755873,0.0,0.018,0.0,0,0
2402,2024-12-06,56.86904761904762,1,0,1,1,"gas,gold,oil",1501.2066932662094,7.314024525861511,0.0,0.01,,,,,0.0,0,0
2403,2024-12-10,56.87698412698413,1,1,1,1,"gas,gold,oil,silver",1501.2647973982,7.314063230063818,0.0,0.01,11.170549172145286,2.4132807767915594,0.0,0.018,0.0,0,0
2404,2024-12-13,56.888888888888886,0,1,1,1,"gas,oil,silver",,,,,10.606459088361333,2.361463163499554,0.0,0.018,0.0,0,0
2405,2024-12-18,56.90079365079365,1,1,1,1,"gas,gold,oil,silver",1504.0030629166222,7.315885541021423,0.0,0.01,10.990244074360122,2.397007976936901,0.0,0.018,0.0,0,0
2406,2024-12-23,56.91269841269841,0,1,1,1,"gas,oil,silver",,,,,10.955775954889134,2.3938668016562437,0.0,0.018,0.0,0,0
2407,2024-12-26,56.92460317460318,1,1,1,1,"gas,gold,oil,silver",1528.4239418404638,7.331992380093123,0.0,0.01,11.06118000355349,2.4034416815019672,0.0,0.018,0.0,0,0
2408,2024-12-31,56.93650793650794,1,1,1,1,"gas,gold,oil,silver",1523.7951614860385,7.328959318739235,0.0,0.01,11.095188703048056,2.406511564175756,0.0,0.018,0.0,0,0
2409,2025-01-03,56.948412698412696,1,1,1,1,"gas,gold,oil,silver",1493.093613466387,7.308605497158516,0.0,0.01,10.679729135645948,2.3683474713795283,0.0,0.018,0.0,0,0
2410,2025-01-08,56.96031746031746,1,1,1,0,"gas,gold,silver",1556.398180622154,7.350129572144253,0.0,0.01,11.499872143985103,2.442335917393061,0.0,0.018,0.0,0,0
2411,2025-01-10,56.96825396825397,1,1,0,1,"gold,oil,silver",1578.513785033646,7.364239040955572,0.0,0.01,11.596751485922768,2.450725014575584,0.0,0.018,0.0,0,0
2412,2025-01-15,56.98015873015873,1,0,1,1,"gas,gold,oil",1561.006107693491,7.353085833187785,0.0,0.01,,,,,0.0,0,0
2413,2025-01-20,56.992063492063494,1,1,1,1,"gas,gold,oil,silver",1582.9671440883649,7.367056304193956,0.0,0.01,11.850108070226996,2.472336987389934,0.0,0.018,0.0,0,0
2414,2025-01-23,57.00396825396825,0,1,1,1,"gas,oil,silver",,,,,11.784125848917974,2.4667533587467148,0.0,0.018,0.0,0,0
2415,2025-01-28,57.01587301587302,1,1,1,1,"gas,gold,oil,silver",1618.0893635417528,7.389001326959618,0.0,0.01,12.238799822786397,2.5046112185826805,0.0,0.018,0.0,0,0
2416,2025-01-31,57.02777777777778,1,1,1,1,"gas,gold,oil,silver",1648.070839846301,7.407360694889203,0.0,0.01,12.309495162755725,2.510370929018756,0.0,0.018,0.0,0,0
2417,2025-02-05,57.03968253968254,1,0,1,1,"gas,gold,oil",1620.7101584448365,7.3906197015810235,0.0,0.01,,,,,0.0,0,0
2418,2025-02-10,57.051587301587304,1,1,1,1,"gas,gold,oil,silver",1644.4397450001138,7.405155024641703,0.0,0.01,12.293990492258505,2.5091105651201544,0.0,0.018,0.0,0,0
2419,2025-02-12,57.05952380952381,1,1,1,1,"gas,gold,oil,silver",1630.851481716133,7.396857538828072,0.0,0.01,12.235992501727406,2.5043818134842364,0.0,0.018,0.0,0,0
2420,2025-02-17,57.07142857142857,0,1,1,1,"gas,oil,silver",,,,,11.985273652632504,2.4836787005528813,0.0,0.018,0.0,0,0
2421,2025-02-20,57.083333333333336,1,1,0,0,"gold,silver",1635.8117744866167,7.399894458273878,0.0,0.01,12.266096673239058,2.5068390885716463,0.0,0.018,0.0,0,0
2422,2025-02-25,57.095238095238095,1,1,1,1,"gas,gold,oil,silver",1577.0502133060563,7.363311427487231,0.0,0.01,11.428884252961554,2.4361438573780942,0.0,0.018,0.0,0,0
2423,2025-02-28,57.107142857142854,1,1,1,0,"gas,gold,silver",1551.802093814045,7.347172175739803,0.0,0.01,11.400983812302112,2.433699651001624,0.0,0.018,0.0,0,0
2424,2025-03-05,57.11904761904762,1,0,1,1,"gas,gold,oil",1560.5741765504442,7.352809094416731,0.0,0.01,,,,,0.0,0,0
2425,2025-03-10,57.13095238095238,1,0,1,1,"gas,gold,oil",1543.0950130355304,7.341545427288858,0.0,0.01,,,,,0.0,0,0
2426,2025-03-12,57.138888888888886,1,1,0,0,"gold,silver",1561.4635800867638,7.353378852779511,0.0,0.01,11.41266403114675,2.434723618755081,0.0,0.018,0.0,0,0
2427,2025-03-17,57.15079365079365,1,1,1,1,"gas,gold,oil,silver",1594.2017185382974,7.3741283999874065,0.0,0.01,11.956436192907757,2.4812697269368384,0.0,0.018,0.0,0,0
2428,2025-03-20,57.16269841269841,1,1,1,1,"gas,gold,oil,silver",1593.5053539432326,7.3736914937157145,0.0,0.01,11.94587321109679,2.4803858807510943,0.0,0.018,0.0,0,0
2429,2025-03-25,57.17460317460318,0,1,1,1,"gas,oil,silver",,,,,12.51500907125103,2.526928649713761,0.0,0.018,0.0,0,0
2430,2025-03-28,57.18650793650794,1,1,0,1,"gold,oil,silver",1699.199461374041,7.437912514059599,0.0,0.01,13.401294887281946,2.595351335667411,0.0,0.018,0.0,0,0
2431,2025-04-02,57.198412698412696,1,1,1,1,"gas,gold,oil,silver",1685.802871848748,7.429997211114397,0.0,0.01,13.032578361004202,2.567452250379757,0.0,0.018,0.0,0,0
2432,2025-04-07,57.21031746031746,1,1,1,1,"gas,gold,oil,silver",1701.4951952912509,7.439262670129304,0.0,0.01,13.075715333561115,2.5707567184782425,0.0,0.018,0.0,0,0
2433,2025-04-10,57.22222222222222,1,1,1,1,"gas,gold,oil,silver",1689.9262386847918,7.432440161215972,0.0,0.01,12.904351157360646,2.5575645535153053,0.0,0.018,0.0,0,0
2434,2025-04-14,57.23015873015873,1,0,1,1,"gas,gold,oil",1653.5654300557278,7.410689102280455,0.0,0.01,,,,,0.0,0,0
2435,2025-04-17,57.242063492063494,1,1,0,1,"gold,oil,silver",1642.6629725986113,7.40407396771882,0.0,0.01,12.324152585856433,2.511560961853526,0.0,0.018,0.0,0,0
2436,2025-04-22,57.25396825396825,1,1,1,1,"gas,gold,oil,silver",1635.62205910801,7.3997784752594145,0.0,0.01,11.911990422075654,2.477545491324606,0.0,0.018,0.0,0,0
2437,2025-04-25,57.26587301587302,1,1,1,1,"gas,gold,oil,silver",1618.1172983706915,7.389018590893512,0.0,0.01,11.891303362457688,2.4758073230682642,0.0,0.018,0.0,0,0
2438,2025-04-30,57.27777777777778,1,0,1,1,"gas,gold,oil",1613.0429269398196,7.385877690876988,0.0,0.01,,,,,0.0,0,0
2439,2025-05-05,57.28968253968254,1,1,1,1,"gas,gold,oil,silver",1580.9740286293231,7.365796409895116,0.0,0.01,11.370846130059878,2.431052722764897,0.0,0.018,0.0,0,0
2440,2025-05-08,57.301587301587304,1,1,1,0,"gas,gold,silver",1534.4924754944457,7.335954970492503,0.0,0.01,10.944565622888733,2.392843042922646,0.0,0.018,0.0,0,0
2441,2025-05-13,57.31349206349206,1,1,1,1,"gas,gold,oil,silver",1559.8049042870543,7.352316031068307,0.0,0.01,11.027659924876364,2.4004066552610004,0.0,0.018,0.0,0,0
2442,2025-05-15,57.32142857142857,1,1,1,1,"gas,gold,oil,silver",1559.8476744591796,7.352343450898592,0.0,0.01,10.942230647307778,2.392629674500791,0.0,0.018,0.0,0,0
2443,2025-05-20,57.333333333333336,1,1,1,0,"gas,gold,silver",1586.2212787440535,7.369109912477947,0.0,0.01,11.097390757638852,2.4067100138063564,0.0,0.018,0.0,0,0
2444,2025-05-23,57.345238095238095,1,1,1,1,"gas,gold,oil,silver",1603.418056676468,7.379892915037563,0.0,0.01,10.970070414565065,2.395170693096535,0.0,0.018,0.0,0,0
2445,2025-05-28,57.357142857142854,1,1,1,1,"gas,gold,oil,silver",1591.8965939906943,7.372681410771324,0.0,0.01,11.003066041427093,2.398173964998918,0.0,0.018,0.0,0,0
2446,2025-06-02,57.36904761904762,1,0,1,1,"gas,gold,oil",1591.6186229711107,7.372506779270391,0.0,0.01,,,,,0.0,0,0
2447,2025-06-05,57.38095238095238,1,0,0,1,"gold,oil",1592.661832055476,7.37316200366813,0.0,0.01,,,,,0.0,0,0
2448,2025-06-10,57.392857142857146,1,1,1,1,"gas,gold,oil,silver",1598.419983547245,7.376770910035384,0.0,0.01,10.621640504511767,2.362893477001918,0.0,0.018,0.0,0,0
2449,2025-06-12,57.40079365079365,0,1,1,1,"gas,oil,silver",,,,,11.114799364996971,2.4082774964207605,0.0,0.018,0.0,0,0
2450,2025-06-17,57.41269841269841,1,1,1,1,"gas,gold,oil,silver",1647.1333531660387,7.406791694213892,0.0,0.01,11.066497631582283,2.4039223128830676,0.0,0.018,0.0,0,0
2451,2025-06-20,57.42460317460318,1,1,1,1,"gas,gold,oil,silver",1687.4067521679451,7.430948163245356,0.0,0.01,11.50144323023864,2.4424725257765747,0.0,0.018,0.0,0,0
2452,2025-06-25,57.43650793650794,0,1,1,1,"gas,oil,silver",,,,,11.064279214797004,2.403721830377812,0.0,0.018,0.0,0,0
2453,2025-06-30,57.448412698412696,1,1,1,1,"gas,gold,oil,silver",1624.8122436101844,7.393147545694569,0.0,0.01,10.705757789900609,2.370781707943608,0.0,0.018,0.0,0,0
2454,2025-07-03,57.46031746031746,1,1,0,1,"gold,oil,silver",1625.1880863044664,7.393378833483987,0.0,0.01,10.623830459568628,2.363099634358309,0.0,0.018,0.0,0,0
2455,2025-07-08,57.47222222222222,1,1,1,1,"gas,gold,oil,silver",1636.2165291258932,7.400141861171276,0.0,0.01,10.543144320295669,2.355475821232572,0.0,0.018,0.0,0,0
2456,2025-07-11,57.48412698412698,1,1,1,1,"gas,gold,oil,silver",1637.6168853178435,7.400997345308726,0.0,0.01,10.467990983675776,2.3483221233450005,0.0,0.018,0.0,0,0
2457,2025-07-15,57.492063492063494,0,0,0,1,oil,,,,,,,,,0.0,0,0
2458,2025-07-18,57.50396825396825,0,0,1,1,"gas,oil",,,,,,,,,0.0,0,0
2459,2025-07-23,57.51587301587302,1,1,1,1,"gas,gold,oil,silver",1641.780524666119,7.403536617659694,0.0,0.01,10.524293763787393,2.3536862764892827,0.0,0.018,0.0,0,0
2460,2025-07-28,57.52777777777778,1,1,1,1,"gas,gold,oil,silver",1622.1062784158019,7.391480755596511,0.0,0.01,10.247540250864168,2.3270377012602363,0.0,0.018,0.0,0,0
2461,2025-07-31,57.53968253968254,1,1,1,1,"gas,gold,oil,silver",1637.23425922586,7.400763669897639,0.0,0.01,10.056029311655951,2.3081723861261754,0.0,0.018,0.0,0,0
2462,2025-08-05,57.551587301587304,0,1,1,0,"gas,silver",,,,,10.225485012700155,2.3248831348088137,0.0,0.018,0.0,0,0
2463,2025-08-08,57.56349206349206,1,1,1,1,"gas,gold,oil,silver",1680.854203698205,7.427057397760338,0.0,0.01,10.426281568087845,2.344329692320003,0.0,0.018,0.0,0,0
2464,2025-08-13,57.57539682539682,1,1,1,1,"gas,gold,oil,silver",1738.3674259152292,7.460701690797972,0.0,0.01,11.187352849323915,2.4147839303814127,0.0,0.018,0.0,0,0
2465,2025-08-15,57.583333333333336,1,0,1,1,"gas,gold,oil",1765.4949705981044,7.476186366651897,0.0,0.01,,,,,0.0,0,0
2466,2025-08-20,57.595238095238095,1,1,1,1,"gas,gold,oil,silver",1821.3554188680473,7.507336238534645,0.0,0.01,12.172447292549245,2.4991749790221522,0.0,0.018,0.0,0,0
2467,2025-08-25,57.607142857142854,1,0,1,0,"gas,gold",1835.9739843738532,7.515330401349027,0.0,0.01,,,,,0.0,0,0
2468,2025-08-28,57.61904761904762,1,1,1,1,"gas,gold,oil,silver",1826.288248069335,7.510040906346944,0.0,0.01,12.055312877125365,2.4895054654336493,0.0,0.018,0.0,0,0
2469,2025-09-02,57.63095238095238,1,1,1,1,"gas,gold,oil,silver",1849.0036208582915,7.522402189664435,0.0,0.01,12.073300363256445,2.4909964329653542,0.0,0.018,0.0,0,0
2470,2025-09-05,57.642857142857146,1,1,1,1,"gas,gold,oil,silver",1865.2040362110238,7.531125728887981,0.0,0.01,12.364817379323345,2.5148551317032424,0.0,0.018,0.0,0,0
2471,2025-09-10,57.654761904761905,1,1,1,1,"gas,gold,oil,silver",1914.5687443687773,7.557247677490657,0.0,0.01,13.068818638719192,2.5702291363068253,0.0,0.018,0.0,0,0
2472,2025-09-15,57.666666666666664,1,1,1,1,"gas,gold,oil,silver",1848.8759566244307,7.522333142400328,0.0,0.01,12.61579167632578,2.5349493368679163,0.0,0.018,0.0,0,0
2473,2025-09-17,57.67460317460318,0,1,1,1,"gas,oil,silver",,,,,12.712224369274935,2.542564079273345,0.0,0.018,0.0,0,0
2474,2025-09-22,57.68650793650794,1,1,0,1,"gold,oil,silver",1832.0022390145994,7.51316476740287,0.0,0.01,12.386753745939249,2.5166276553340268,0.0,0.018,0.0,0,0
2475,2025-09-25,57.698412698412696,1,1,1,0,"gas,gold,silver",1869.6896760296722,7.533527747430398,0.0,0.01,12.795080036320623,2.549060724873206,0.0,0.018,0.0,0,0
2476,2025-09-30,57.71031746031746,1,1,1,1,"gas,gold,oil,silver",1831.6704623633298,7.512983650431339,0.0,0.01,12.644050407850528,2.5371867810466684,0.0,0.018,0.0,0,0
2477,2025-10-03,57.72222222222222,1,1,1,1,"gas,gold,oil,silver",1825.4684363705478,7.5095919105438815,0.0,0.01,12.856124712350224,2.5538203290999073,0.0,0.018,0.0,0,0
2478,2025-10-08,57.73412698412698,1,1,1,0,"gas,gold,silver",1890.7153376128133,7.54471052195554,0.0,0.01,13.936214063899897,2.634490780490159,0.0,0.018,0.0,0,0
2479,2025-10-13,57.74603174603175,1,1,1,1,"gas,gold,oil,silver",1926.5365111728013,7.563479115961787,0.0,0.01,13.972287090645082,2.6370758743032754,0.0,0.018,0.0,0,0
2480,2025-10-15,57.75396825396825,0,1,0,1,"oil,silver",,,,,14.20045716102582,2.6532741585274233,0.0,0.018,0.0,0,0
2481,2025-10-20,57.76587301587302,1,1,1,1,"gas,gold,oil,silver",1945.3901147765507,7.573217809090339,0.0,0.01,14.052632217351292,2.6428097246633007,0.0,0.018,0.0,0,0
2482,2025-10-23,57.77777777777778,1,0,1,1,"gas,gold,oil",1994.6933790507032,7.598245622800294,0.0,0.01,,,,,0.0,0,0
2483,2025-10-28,57.78968253968254,1,1,1,1,"gas,gold,oil,silver",2003.8002726696095,7.602800792901413,0.0,0.01,14.757907348055346,2.6917790305337563,0.0,0.018,0.0,0,0
2484,2025-10-31,57.801587301587304,1,1,1,1,"gas,gold,oil,silver",1942.8877774177095,7.571930690333047,0.0,0.01,14.214461720383186,2.654259877371089,0.0,0.018,0.0,0,0
2485,2025-11-05,57.81349206349206,1,1,1,0,"gas,gold,silver",1951.6257774591106,7.576418036226614,0.0,0.01,14.161283590996065,2.650511733238837,0.0,0.018,0.0,0,0
2486,2025-11-10,57.82539682539682,1,0,1,1,"gas,gold,oil",1997.8018632285355,7.599802786737786,0.0,0.01,,,,,0.0,0,0
2487,2025-11-13,57.83730158730159,1,1,1,1,"gas,gold,oil,silver",1961.743034317447,7.581588660251921,0.0,0.01,14.115949117489702,2.6473053012081778,0.0,0.018,0.0,0,0
2488,2025-11-17,57.845238095238095,1,1,1,1,"gas,gold,oil,silver",1992.516219433324,7.59715355087381,0.0,0.01,14.436718659837926,2.6697748680184326,0.0,0.018,0.0,0,0
2489,2025-11-20,57.857142857142854,1,0,1,1,"gas,gold,oil",2011.305907939708,7.606539495528554,0.0,0.01,,,,,0.0,0,0
2490,2025-11-25,57.86904761904762,1,1,1,1,"gas,gold,oil,silver",2039.108512689369,7.620267987740726,0.0,0.01,14.246613598609896,2.6565192362704626,0.0,0.018,0.0,0,0
2491,2025-11-28,57.88095238095238,1,1,1,1,"gas,gold,oil,silver",2071.473206384377,7.636015327030899,0.0,0.01,14.63406337108411,2.6833519188531803,0.0,0.018,0.0,0,0
2492,2025-12-03,57.892857142857146,1,1,1,1,"gas,gold,oil,silver",2031.0458821650698,7.6163061522484385,0.0,0.01,14.293008919090344,2.6597705309448583,0.0,0.018,0.0,0,0
2493,2025-12-08,57.904761904761905,1,0,0,1,"gold,oil",2081.644685699679,7.640913574524215,0.0,0.01,,,,,0.0,0,0
2494,2025-12-11,57.916666666666664,1,1,0,1,"gold,oil,silver",2058.4334960019064,7.629700533669328,0.0,0.01,14.781149554329188,2.6933526901903306,0.0,0.018,0.0,0,0
2495,2025-12-16,57.92857142857143,0,0,1,0,gas,,,,,,,,,0.0,0,0
2496,2025-12-18,57.93650793650794,1,1,1,0,"gas,gold,silver",2057.324199754866,7.629161485282177,0.0,0.01,15.308278386429397,2.7283937530807085,0.0,0.018,0.0,0,0
2497,2025-12-23,57.948412698412696,1,0,1,0,"gas,gold",2065.680833801255,7.633215152654175,0.0,0.01,,,,,0.0,0,0
2498,2025-12-26,57.96031746031746,1,1,1,1,"gas,gold,oil,silver",2006.4447714206096,7.6041196644941715,0.0,0.01,14.650033701804352,2.684442635924891,0.0,0.018,0.0,0,0
2499,2025-12-31,57.97222222222222,1,1,1,1,"gas,gold,oil,silver",2018.9260723165614,7.61032100165264,0.0,0.01,14.82122684112341,2.6960603992434833,0.0,0.018,0.0,0,0
2500,1974-09-06,4.845238095238095,1,1,0,1,"gold,oil,silver",79.06177828577304,4.370229550478886,0.0,0.2636865794824973,0.8672549854485108,-0.1424222445774423,0.0,0.39852986922374595,0.2536865794824973,1,1
2501,1976-02-23,6.357142857142857,1,0,0,1,"gold,oil",104.96922609821978,4.653667222420927,0.0,0.01585430568036531,,,,,0.005854305680365309,1,1
2502,1974-09-02,4.829365079365079,1,1,1,0,"gas,gold,silver",113.28509306991343,4.729907588944568,0.0,0.26628849311821523,0.7480517291461788,-0.2902831467863296,0.0,0.40243273967732285,0.2562884931182152,1,1
2503,1975-08-21,5.833333333333333,1,1,1,1,"gas,gold,oil,silver",103.14225544759665,4.636109156209939,0.0,0.10171745565905671,1.546815616895137,0.4361983769601473,0.0,0.15557618348858507,0.09171745565905672,1,1
2504,1975-11-03,6.0396825396825395,1,1,0,0,"gold,silver",93.92547409971752,4.542501639088683,0.0,0.06789257839472373,1.4005049857910508,0.33683287571958,0.0,0.10483886759208562,0.05789257839472374,1,1
2505,1974-10-17,4.9603174603174605,1,0,0,1,"gold,oil",68.8351935068475,4.231715147680382,0.0,0.24482270562354239,,,,,0.23482270562354238,1,1
2506,1974-11-18,5.0476190476190474,1,1,1,1,"gas,gold,oil,silver",76.38317604169076,4.335762463044547,0.0,0.2305121806270938,2.624366832751077,0.9648396603775853,0.0,0.3487682709406407,0.2205121806270938,1,1
2507,1974-10-04,4.924603174603175,1,1,1,1,"gas,gold,oil,silver",88.68837822902502,4.485128857383142,0.0,0.2506770113039077,0.6984792102333214,-0.35884986417355624,0.0,0.37901551695586155,0.2406770113039077,1,1
2508,1974-05-17,4.527777777777778,1,1,1,1,"gas,gold,oil,silver",64.69967810690481,4.16975622633072,0.0,0.31572485219685575,1.3645197366666733,0.31080252545642484,0.0,0.4765872782952836,0.30572485219685575,1,1
2509,1974-12-17,5.130952380952381,0,1,1,1,"gas,oil,silver",,,,,1.2063451604524562,0.18759526005371036,0.0,0.3282782010593621,0.20685213403957475,1,1
2510,1974-07-19,4.7063492063492065,1,1,0,1,"gold,oil,silver",85.49544590631848,4.448463110270539,0.0,0.28645332379502914,0.9762281568317892,-0.024058952642664,0.0,0.4326799856925437,0.2764533237950291,1,1
2511,1974-07-29,4.73015873015873,1,1,1,0,"gas,gold,silver",78.87551997728261,4.367870913261614,0.0,0.28255045334145223,1.1439292194740098,0.13446901995435917,0.0,0.42682568001217835,0.2725504533414522,1,1
2512,1974-06-20,4.623015873015873,1,0,1,0,"gas,gold",63.75375629394045,4.155028104560577,0.0,0.3001133703825482,,,,,0.2901133703825482,1,1
2513,1974-06-26,4.638888888888889,1,1,1,1,"gas,gold,oil,silver",83.683844818311,4.427045945942633,0.0,0.29751145674683027,0.6994165698638805,-0.35750876309235147,0.0,0.44926718512024544,0.28751145674683026,1,1
2514,1975-09-12,5.896825396825397,1,1,1,0,"gas,gold,silver",97.84840731011926,4.58341941685851,0.0,0.09130980111618504,1.1969427239628836,0.17977057577593689,0.0,0.13996470167427758,0.08130980111618505,1,1
2515,1974-11-07,5.01984126984127,1,1,0,1,"gold,oil,silver",116.57313098921188,4.758518809876277,0.0,0.2350655294896002,2.1840929487267418,0.7812006159178684,0.0,0.35559829423440026,0.22506552948960018,1,1
2516,1975-03-11,5.369047619047619,1,1,1,1,"gas,gold,oil,silver",112.10883791766109,4.719470166557066,0.0,0.17782342950380592,1.6377266060717768,0.4933090643402402,0.0,0.2697351442557089,0.1678234295038059,1,1
2517,1975-03-20,5.396825396825397,1,1,1,1,"gas,gold,oil,silver",112.22408565191971,4.720497637180314,0.0,0.17327008064129956,1.2256175925597401,0.20344487414377654,0.0,0.26290512096194935,0.16327008064129955,1,1
2518,1975-04-23,5.492063492063492,1,1,0,1,"gold,oil,silver",115.68905538233902,4.750906034931303,0.0,0.15765859882699204,1.6384169614353064,0.4937305082480069,0.0,0.23948789824048802,0.14765859882699203,1,1
2519,1975-12-11,6.150793650793651,1,1,1,1,"gas,gold,oil,silver",97.77880060572927,4.582707790821733,0.0,0.04967918294469829,1.5893148519201374,0.4633030126213747,0.0,0.07751877441704744,0.039679182944698285,1,1
2520,1974-06-05,4.579365079365079,1,1,1,1,"gas,gold,oil,silver",90.01567648244851,4.4999838383004604,0.0,0.3072686328807725,0.7836421427464235,-0.24380281341554688,0.0,0.4639029493211588,0.2972686328807725,1,1
2521,1974-08-13,4.773809523809524,1,1,1,1,"gas,gold,oil,silver",72.91896704441231,4.28934878410964,0.0,0.27539519084322794,1.419957914588845,0.3506272335604772,0.0,0.4160927862648419,0.26539519084322793,1,1
2522,1974-04-22,4.4523809523809526,1,1,1,1,"gas,gold,oil,silver",55.13788783773461,4.009837099416469,0.0,0.32808394196651586,0.6432397998479735,-0.4412376851586439,0.0,0.4951259129497738,0.31808394196651585,1,1
2523,1974-06-19,4.619047619047619,1,1,1,1,"gas,gold,oil,silver",50.661029506277586,3.925156966243821,0.0,0.3007638487914777,1.0993225323664357,0.09469411040566092,0.0,0.45414577318721655,0.2907638487914777,1,1
2524,1974-10-21,4.968253968253968,1,1,1,1,"gas,gold,oil,silver",106.5322222204089,4.668447495448802,0.0,0.24352174880568342,1.766748016768392,0.5691405780572172,0.0,0.3682826232085251,0.2335217488056834,1,1
2525,1974-10-18,4.964285714285714,1,1,1,1,"gas,gold,oil,silver",110.01119656665837,4.700582147582096,0.0,0.2441722272146129,1.6035918305773411,0.47224600734653643,0.0,0.3692583408219194,0.2341722272146129,1,1
2526,1975-03-31,5.424603174603175,1,1,1,1,"gas,gold,oil,silver",79.53140182163655,4.376151935138819,0.0,0.1687167317787932,1.5914794675361637,0.4646640663285838,0.0,0.2560750976681898,0.1587167317787932,1,1
2527,1974-11-27,5.075396825396825,1,1,1,1,"gas,gold,oil,silver",84.77750043434456,4.440030182526243,0.0,0.22595883176458748,1.8015684314377574,0.5886576362951469,0.0,0.34193824764688124,0.21595883176458747,1,1
2528,1975-03-24,5.404761904761905,1,1,1,1,"gas,gold,oil,silver",92.93749834990926,4.5319272064655305,0.0,0.17196912382344057,1.4102283840786307,0.34375166579747163,0.0,0.26095368573516087,0.16196912382344056,1,1
2529,1974-07-10,4.678571428571429,1,1,1,1,"gas,gold,oil,silver",60.546713087559056,4.103415184257433,0.0,0.2910066726575355,1.1262169966567133,0.11886422576562092,0.0,0.4395100089863032,0.2810066726575355,1,1
2530,1974-05-29,4.559523809523809,1,1,1,1,"gas,gold,oil,silver",79.81378189629397,4.379696195011234,0.0,0.3105210249254199,1.1593672018549592,0.1478743406282037,0.0,0.46878153738812983,0.3005210249254199,1,1
2531,1974-09-09,4.849206349206349,1,0,0,0,gold,116.39593001078946,4.756997569142983,0.0,0.26303610107356784,,,,,0.25303610107356783,1,1
2532,1974-05-14,4.515873015873016,1,1,0,1,"gold,oil,silver",64.34311276610426,4.164229900592493,0.0,0.3176762874236442,1.1579227738159033,0.1466276876488256,0.0,0.47951443113546627,0.30767628742364417,1,1
2533,1974-10-01,4.912698412698413,1,1,1,1,"gas,gold,oil,silver",82.33880210395822,4.410842468069285,0.0,0.2526284465306961,0.961162140110401,-0.039612164045368436,0.0,0.3819426697960442,0.24262844653069612,1,1
2534,1974-12-03,5.091269841269841,1,0,0,0,gold,102.32960770509561,4.628199051465748,0.0,0.2233569181288695,,,,,0.2133569181288695,1,1
2535,1975-06-23,5.662698412698413,1,1,1,1,"gas,gold,oil,silver",82.3329925900565,4.410771909368994,0.0,0.12968802724302436,1.2149219511648304,0.19467983700476144,0.0,0.19753204086453652,0.11968802724302435,1,1
2536,1975-10-31,6.035714285714286,1,1,1,1,"gas,gold,oil,silver",94.30623428989333,4.54654729869375,0.0,0.06854305680365323,1.583110344249591,0.4593914842494461,0.0,0.10581458520547984,0.05854305680365323,1,1
2537,1974-04-30,4.476190476190476,1,1,1,1,"gas,gold,oil,silver",59.653433105591525,4.088551701046868,0.0,0.32418107151293896,1.1045646054217064,0.09945123507975545,0.0,0.48927160726940844,0.31418107151293895,1,1
2538,1976-01-22,6.26984126984127,1,1,1,0,"gas,gold,silver",104.55396280846443,4.649703328632789,0.0,0.030164830676813893,2.0005169404239203,0.6934056173742349,0.0,0.04824724601522083,0.02016483067681389,1,1
2539,1975-06-24,5.666666666666667,1,1,0,1,"gold,oil,silver",90.16934076518267,4.501689466463493,0.0,0.1290375488340949,1.6344071243388982,0.4912801235052271,0.0,0.19655632325114233,0.1190375488340949,1,1
2540,1976-02-24,6.361111111111111,1,1,1,1,"gas,gold,oil,silver",105.55108109641577,4.659195016746999,0.0,0.015203827271435854,1.941172547715898,0.6632921965345939,0.0,0.02580574090715378,0.005203827271435854,1,1
2541,1974-05-23,4.5436507936507935,1,1,0,1,"gold,oil,silver",77.53051735241156,4.350671631140521,0.0,0.3131229385611378,1.3946524861752432,0.3326452703864468,0.0,0.47268440784170673,0.3031229385611378,1,1
2542,1974-10-07,4.928571428571429,1,1,1,1,"gas,gold,oil,silver",74.29932261192937,4.308101834749844,0.0,0.2500265328949782,1.8305958224866303,0.6046414999199587,0.0,0.3780397993424674,0.24002653289497825,1,1
2543,1975-01-02,5.178571428571429,1,1,1,1,"gas,gold,oil,silver",77.77955347152829,4.353878587794798,0.0,0.209046393132421,1.1940533898116144,0.1773537290558248,0.0,0.31656958969863147,0.19904639313242098,1,1
2544,1975-07-16,5.73015873015873,1,1,1,1,"gas,gold,oil,silver",103.67175184306018,4.6412296754565485,0.0,0.11862989429122318,1.3777311663018528,0.320438063792548,0.0,0.18094484143683479,0.10862989429122319,1,1
2545,1974-08-28,4.817460317460317,1,1,1,1,"gas,gold,oil,silver",111.82100150679462,4.716899391977588,0.0,0.2682399283450037,1.8130928631733656,0.5950341511853932,0.0,0.40535989251750554,0.2582399283450037,1,1
2546,1974-11-26,5.071428571428571,1,0,1,0,"gas,gold",77.34479206234269,4.3482732452415815,0.0,0.22660931017351693,,,,,0.21660931017351692,1,1
2547,1974-08-08,4.761904761904762,1,1,0,1,"gold,oil,silver",85.37776698344425,4.447085727127927,0.0,0.27734662607001637,0.6334393926631463,-0.45659095441622244,0.0,0.4190199391050246,0.26734662607001636,1,1
2548,1975-01-08,5.194444444444445,1,1,1,1,"gas,gold,oil,silver",88.08926324696834,4.47835065544691,0.0,0.20644447949670305,2.10443805322946,0.7440484734089248,0.0,0.31266671924505457,0.19644447949670304,1,1
2549,1975-02-18,5.309523809523809,1,1,1,0,"gas,gold,silver",98.12289932960617,4.586220767767491,0.0,0.18758060563774814,1.5753265942431458,0.4544626122054074,0.0,0.2843709084566222,0.17758060563774813,1,1
2550,1975-06-10,5.626984126984127,1,1,1,1,"gas,gold,oil,silver",97.18104213399302,4.576575652669929,0.0,0.1355423329233897,1.3023665286951502,0.2641830162239409,0.0,0.20631349938508453,0.1255423329233897,1,1
2551,1975-04-10,5.4563492063492065,1,0,0,0,gold,97.27756464866563,4.5775683834540954,0.0,0.16351290450735734,,,,,0.15351290450735733,1,1
2552,1974-05-13,4.511904761904762,1,1,1,1,"gas,gold,oil,silver",85.85619383117775,4.452673731871789,0.0,0.3183267658325737,1.1379667509426914,0.1292431181795008,0.0,0.4804901487488605,0.3083267658325737,1,1
2553,1975-03-26,5.412698412698413,1,1,1,1,"gas,gold,oil,silver",101.71274468594214,4.622152611682334,0.0,0.17066816700558163,2.106057922655546,0.7448179169686778,0.0,0.25900225050837244,0.16066816700558162,1,1
2554,1974-05-03,4.488095238095238,1,1,1,1,"gas,gold,oil,silver",66.94085600892835,4.203809483405756,0.0,0.32222963628615053,1.3088185095826173,0.26912482917359914,0.0,0.4863444544292258,0.3122296362861505,1,1
2555,1974-10-25,4.984126984126984,1,1,1,1,"gas,gold,oil,silver",90.66075827969729,4.507124609471739,0.0,0.2409198351699655,1.2172074967834494,0.19655929806168038,0.0,0.36437975275494827,0.2309198351699655,1,1
2556,1974-12-24,5.150793650793651,1,1,1,1,"gas,gold,oil,silver",72.24369600573044,4.280045070669978,0.0,0.21359974199492734,2.237606102234906,0.805406590035835,0.0,0.323399612992391,0.20359974199492734,1,1
2557,1974-05-06,4.492063492063492,1,1,0,0,"gold,silver",56.204357401971386,4.02899428773696,0.0,0.3215791578772211,2.3524941304009084,0.8554760974268496,0.0,0.48536873681583165,0.31157915787722107,1,1
2558,1975-06-19,5.654761904761905,1,1,1,1,"gas,gold,oil,silver",96.44586848840994,4.568981902647945,0.0,0.13098898406088333,1.3220282659910034,0.2791671224346586,0.0,0.199483476091325,0.12098898406088333,1,1
2559,1974-08-12,4.76984126984127,1,0,0,1,"gold,oil",38.84208342053988,3.6595042830900497,0.0,0.27604566925215746,,,,,0.26604566925215745,1,1
2560,1975-11-24,6.099206349206349,1,1,1,1,"gas,gold,oil,silver",96.60185927627472,4.570597988199653,0.0,0.058135402260781524,1.415762025628893,0.34766792015115183,0.0,0.0902031033911723,0.04813540226078152,1,1
2561,1975-03-18,5.388888888888889,1,1,0,0,"gold,silver",94.42689854678798,4.5478259747960506,0.0,0.17457103745915856,1.3934572061197297,0.3317878578305181,0.0,0.2648565561887378,0.16457103745915855,1,1
2562,1975-05-02,5.51984126984127,1,1,1,1,"gas,gold,oil,silver",91.98089288129933,4.521580869406468,0.0,0.15310524996448568,1.5166482825861338,0.416502822849505,0.0,0.2326578749467285,0.14310524996448568,1,1
2563,1975-01-23,5.238095238095238,1,1,1,1,"gas,gold,oil,silver",67.0243519320123,4.2050560150265985,0.0,0.19928921699847876,1.531393299043127,0.4261779739808525,0.0,0.30193382549771813,0.18928921699847875,1,1
2564,1974-07-05,4.666666666666667,1,1,0,0,"gold,silver",68.3581042566022,4.2247601260987,0.0,0.2929581078843239,2.3253960125749407,0.8438903525243765,0.0,0.4424371618264859,0.2829581078843239,1,1
2565,1974-09-16,4.869047619047619,1,1,1,0,"gas,gold,silver",87.49002724623702,4.471524812539282,0.0,0.2597837090289204,1.0102347091926118,0.010182689195097266,0.0,0.3926755635433806,0.24978370902892041,1,1
2566,1974-06-13,4.603174603174603,1,1,0,1,"gold,oil,silver",100.2910659815193,4.608076618034748,0.0,0.30336576242719565,1.416084497991199,0.34789566721372056,0.0,0.45804864364079345,0.29336576242719564,1,1
2567,1974-12-16,5.126984126984127,1,0,0,1,"gold,oil",78.83733379447153,4.367386663783603,0.0,0.21750261244850422,,,,,0.2075026124485042,1,1
2568,1976-02-03,6.301587301587301,1,1,1,1,"gas,gold,oil,silver",106.9421875841257,4.672288385493572,0.0,0.024961003405378036,1.9542047338560247,0.6699833249261669,0.0,0.04044150510806705,0.014961003405378035,1,1
2569,1975-07-10,5.714285714285714,1,1,1,1,"gas,gold,oil,silver",97.09238172234244,4.5756629141589595,0.0,0.12123180792694112,1.410583642476104,0.34400354957845897,0.0,0.18484771189041166,0.11123180792694112,1,1
2570,1974-08-26,4.809523809523809,1,1,1,1,"gas,gold,oil,silver",110.28142842314412,4.703035538766162,0.0,0.2695408851628626,1.0630901817478093,0.06117993277716796,0.0,0.40731132774429396,0.2595408851628626,1,1
2571,1975-08-15,5.817460317460317,1,1,0,0,"gold,silver",101.13101062916292,4.616416811230732,0.0,0.10431936929477464,1.6159792334223853,0.47994110941137424,0.0,0.15947905394216197,0.09431936929477465,1,1
2572,1976-02-10,6.321428571428571,1,1,1,0,"gas,gold,silver",103.22843789584323,4.6369443760937346,0.0,0.021708611360730656,1.9150066020489689,0.64972107017182,0.0,0.03556291704109598,0.011708611360730654,1,1
2573,1975-03-28,5.420634920634921,1,1,1,1,"gas,gold,oil,silver",132.39632890733168,4.885799915832485,0.0,0.1693672101877227,1.1695708841170893,0.1566369158227816,0.0,0.257050815281584,0.15936721018772268,1,1
2574,1974-06-07,4.587301587301587,1,1,1,0,"gas,gold,silver",112.96156731141826,4.727047648572705,0.0,0.30596767606291353,2.2367951576009903,0.8050441081770559,0.0,0.4619515140943703,0.2959676760629135,1,1
2575,1974-11-15,5.0436507936507935,1,1,0,1,"gold,oil,silver",89.12842715908259,4.490078331392988,0.0,0.23116265903602332,1.7876915036326149,0.5809251247468572,0.0,0.34974398855403493,0.2211626590360233,1,1
2576,1975-11-21,6.095238095238095,1,1,0,1,"gold,oil,silver",90.34947760679877,4.5036852351377235,0.0,0.058785880669711015,1.449579297759575,0.3712733748577268,0.0,0.09117882100456652,0.04878588066971101,1,1
2577,1974-07-01,4.650793650793651,1,1,1,1,"gas,gold,oil,silver",68.14131632380827,4.221583729977084,0.0,0.29556002152004185,0.525999435116727,-0.6424551401675762,0.0,0.44634003228006275,0.28556002152004184,1,1
2578,1974-11-20,5.055555555555555,1,1,0,0,"gold,silver",84.23568555968883,4.433618650461057,0.0,0.22921122380923487,1.582384585839264,0.45893294083739056,0.0,0.3468168357138523,0.21921122380923486,1,1
2579,1975-04-11,5.4603174603174605,1,1,1,1,"gas,gold,oil,silver",99.51067918530524,4.600264966900786,0.0,0.16286242609842788,1.4385386303613799,0.3636277582622896,0.0,0.2472936391476418,0.15286242609842787,1,1
2580,1976-01-15,6.25,1,1,0,1,"gold,oil,silver",105.75425858166183,4.661118087391324,0.0,0.03341722272146131,2.047155422597381,0.7164512308107074,0.0,0.05312583408219196,0.02341722272146131,1,1
2581,1975-04-09,5.4523809523809526,1,1,0,1,"gold,oil,silver",88.44219485613377,4.482349173140974,0.0,0.16416338291628685,1.452125035735806,0.37302802546081953,0.0,0.24924507437443022,0.15416338291628684,1,1
2582,1974-11-21,5.059523809523809,0,1,0,1,"oil,silver",,,,,2.0177822808521895,0.7019990275343113,0.0,0.3458411181004581,0.21856074540030537,1,1
2583,1975-04-29,5.507936507936508,1,1,1,1,"gas,gold,oil,silver",88.75389556824103,4.485867321118883,0.0,0.1550566851912741,2.3382098763016095,0.8493856264725212,0.0,0.23558502778691115,0.1450566851912741,1,1
2584,1974-08-19,4.7896825396825395,1,1,1,0,"gas,gold,silver",58.37602728989317,4.066905313948018,0.0,0.27279327720751,1.0830917266625901,0.07981966125830948,0.0,0.4121899158112651,0.26279327720751,1,1
2585,1974-05-15,4.51984126984127,1,1,1,1,"gas,gold,oil,silver",80.35523173762601,4.386457201919792,0.0,0.3170258090147147,1.2213721732440572,0.19997495887507194,0.0,0.47853871352207206,0.3070258090147147,1,1
2586,1975-09-30,5.944444444444445,1,1,1,1,"gas,gold,oil,silver",87.41649057187358,4.470683944175842,0.0,0.08350406020903127,1.0280174911428641,0.027632181618637147,0.0,0.1282560903135469,0.07350406020903127,1,1
2587,1974-12-09,5.107142857142857,1,0,0,0,gold,120.9999103609235,4.795789804777653,0.0,0.22075500449315164,,,,,0.21075500449315163,1,1
2588,1975-12-25,6.190476190476191,1,1,1,0,"gas,gold,silver",96.88846462182534,4.573560467659994,0.0,0.043174398855403494,1.62654518415484,0.4864582465360916,0.0,0.06776159828310523,0.03317439885540349,1,1
2589,1974-06-21,4.626984126984127,1,1,1,1,"gas,gold,oil,silver",96.58696213580926,4.570443764571328,0.0,0.2994628919736187,2.275406881715822,0.822158885517175,0.0,0.45219433796042807,0.2894628919736187,1,1
2590,1974-04-19,4.448412698412699,1,1,1,1,"gas,gold,oil,silver",90.30213629200081,4.503161117861825,0.0,0.3287344203754453,1.0551861377715572,0.05371718527208798,0.0,0.49610163056316803,0.3187344203754453,1,1
2591,1975-01-13,5.2063492063492065,1,1,1,1,"gas,gold,oil,silver",85.435158992573,4.44775771387554,0.0,0.2044930442699146,2.469746912304464,0.9041156807359614,0.0,0.30973956640487194,0.1944930442699146,1,1
2592,1975-06-18,5.650793650793651,1,1,1,1,"gas,gold,oil,silver",94.03439884299777,4.543660660466687,0.0,0.13163946246981284,1.3858529881304902,0.3263158259720588,0.0,0.20045919370471924,0.12163946246981283,1,1
2593,1975-04-16,5.472222222222222,1,1,1,1,"gas,gold,oil,silver",75.20464267426446,4.320212966739788,0.0,0.16091099087163943,2.0209563260658445,0.7035708281265505,0.0,0.2443664863074591,0.15091099087163942,1,1
2594,1975-02-13,5.2976190476190474,1,1,1,1,"gas,gold,oil,silver",84.41361724569775,4.435728730361397,0.0,0.18953204086453657,1.4538497060103008,0.3742150078885837,0.0,0.28729806129680485,0.17953204086453656,1,1
2595,1974-10-15,4.9523809523809526,1,1,0,1,"gold,oil,silver",78.644322316464,4.364935437660934,0.0,0.24612366244140138,1.1773348970929365,0.16325332229435535,0.0,0.3721854936621021,0.23612366244140137,1,1
2596,1975-09-18,5.912698412698413,1,1,0,1,"gold,oil,silver",90.2429894693459,4.502505915185802,0.0,0.08870788748046712,1.5398386544218754,0.4316776410808679,0.0,0.13606183122070067,0.07870788748046713,1,1
2597,1975-09-09,5.884920634920635,1,1,1,1,"gas,gold,oil,silver",106.44200251385925,4.667600259478732,0.0,0.09326123634297348,1.303121732586333,0.2647627186340836,0.0,0.1428918545144602,0.08326123634297349,1,1
2598,1975-06-04,5.611111111111111,1,1,1,0,"gas,gold,silver",80.10296587146196,4.383312880498215,0.0,0.13814424655910765,1.5398327743270488,0.4316738224301043,0.0,0.21021636983866143,0.12814424655910764,1,1
2599,1975-05-27,5.587301587301587,1,1,1,1,"gas,gold,oil,silver",78.47495765088718,4.362779563076864,0.0,0.14204711701268452,1.3037247598280801,0.2652253674737896,0.0,0.21607067551902673,0.1320471170126845,1,1
2600,1974-07-26,4.726190476190476,1,1,1,0,"gas,gold,silver",57.756066512926694,4.056228391727651,0.0,0.28320093175038175,1.0642535373075976,0.06227364947685915,0.0,0.4278013976255726,0.27320093175038174,1,1
2601,1975-02-14,5.301587301587301,1,1,1,1,"gas,gold,oil,silver",76.08909942669293,4.331905014485494,0.0,0.18888156245560708,1.5703859826451076,0.4513214379628881,0.0,0.28632234368341064,0.17888156245560707,1,1
2602,1975-11-05,6.0476190476190474,1,1,1,1,"gas,gold,oil,silver",97.92805815444662,4.584233108622053,0.0,0.0665916215768648,1.4100191873940715,0.34360331237838954,0.0,0.1028874323652972,0.056591621576864794,1,1
2603,1974-10-03,4.920634920634921,1,0,1,1,"gas,gold,oil",51.04486098158391,3.932704873169017,0.0,0.2513274897128372,,,,,0.24132748971283718,1,1
2604,1974-06-12,4.599206349206349,1,1,1,1,"gas,gold,oil,silver",63.642088208360846,4.153275015759052,0.0,0.3040162408361251,0.7780318387007388,-0.25098783186123064,0.0,0.4590243612541876,0.2940162408361251,1,1
2605,1974-05-08,4.5,1,1,1,0,"gas,gold,silver",84.000695608819,4.430825079866395,0.0,0.3202782010593621,1.4419751316794829,0.36601379299940395,0.0,0.48341730158904317,0.3102782010593621,1,1
2606,1975-05-20,5.567460317460317,1,0,1,1,"gas,gold,oil",98.4444920197656,4.5894928565395015,0.0,0.14529950905733188,,,,,0.13529950905733187,1,1
2607,1975-06-26,5.674603174603175,1,1,1,1,"gas,gold,oil,silver",84.11413595758182,4.432174637962172,0.0,0.1277365920162359,1.8560485424152846,0.6184497883405707,0.0,0.19460488802435386,0.11773659201623592,1,1
2608,1976-01-02,6.214285714285714,1,1,1,1,"gas,gold,oil,silver",100.41756835693799,4.609337175584619,0.0,0.039271528401826614,1.7955895326594655,0.5853333984697233,0.0,0.061907292602739916,0.029271528401826615,1,1
2609,1975-07-14,5.722222222222222,1,1,0,0,"gold,silver",92.52703705078014,4.5275008942501325,0.0,0.11993085110908216,1.0349200606121485,0.034324187610941304,0.0,0.18289627666362324,0.10993085110908217,1,1
2610,1974-11-11,5.027777777777778,1,1,1,1,"gas,gold,oil,silver",60.474363686719926,4.102219534517956,0.0,0.23376457267174122,1.1414671807338626,0.1323144355747129,0.0,0.35364685900761184,0.2237645726717412,1,1
2611,1975-08-12,5.805555555555555,1,1,1,1,"gas,gold,oil,silver",97.19364099256457,4.5767052874390926,0.0,0.10627080452156308,1.3015212288387226,0.2635337563749511,0.0,0.1624062067823446,0.09627080452156309,1,1
2612,1975-07-28,5.761904761904762,1,1,1,1,"gas,gold,oil,silver",110.57376338958294,4.7056828402379365,0.0,0.11342606701978737,1.4320278509347146,0.35909151732608097,0.0,0.17313910052968104,0.10342606701978738,1,1
2613,1974-04-23,4.4563492063492065,1,1,1,1,"gas,gold,oil,silver",54.26671996299572,3.9939111470189337,0.0,0.3274334635575864,1.069259388492833,0.06696624853321921,0.0,0.4941501953363796,0.3174334635575864,1,1
2614,1974-10-10,4.940476190476191,1,1,1,1,"gas,gold,oil,silver",73.13128884015003,4.292256303086948,0.0,0.2480750976681898,0.9732125046441781,-0.027152819158011265,0.0,0.3751126465022847,0.2380750976681898,1,1
2615,1975-09-17,5.908730158730159,1,1,0,1,"gold,oil,silver",103.80778445150858,4.6425409626357075,0.0,0.08935836588939657,1.0041024713264348,0.004094079135594619,0.0,0.13703754883409486,0.07935836588939657,1,1
2616,1975-04-25,5.5,1,1,1,1,"gas,gold,oil,silver",84.70683857463548,4.439196337178449,0.0,0.15635764200913305,1.2602872167750074,0.23133964480820807,0.0,0.23753646301369954,0.14635764200913304,1,1
2617,1975-09-19,5.916666666666667,1,1,1,1,"gas,gold,oil,silver",91.66985658561119,4.518193607508745,0.0,0.08805740907153763,1.3194903101518718,0.2772455333585836,0.0,0.13508611360730644,0.07805740907153763,1,1
2618,1976-01-12,6.238095238095238,1,0,0,1,"gold,oil",105.6934143287575,4.660542585625367,0.0,0.03536865794824974,,,,,0.025368657948249742,1,1
2619,1975-09-11,5.892857142857143,1,1,1,1,"gas,gold,oil,silver",83.08997412792519,4.419924046302731,0.0,0.0919602795251145,1.23833138310976,0.21376481462265523,0.0,0.14094041928767176,0.0819602795251145,1,1
2620,1976-02-16,6.337301587301587,1,0,0,0,gold,103.33931152811898,4.638017860635559,0.0,0.01910669772501273,,,,,0.009106697725012727,1,1
2621,1974-09-10,4.853174603174603,1,1,1,0,"gas,gold,silver",58.88944379093694,4.07566185203052,0.0,0.26238562266463833,0.7707107625513949,-0.2604421216513515,0.0,0.3965784339969575,0.2523856226646383,1,1
2622,1975-04-24,5.496031746031746,1,1,1,1,"gas,gold,oil,silver",116.96570776346087,4.7618807957979215,0.0,0.15700812041806256,1.2139425417047147,0.1938733617846944,0.0,0.23851218062709378,0.14700812041806255,1,1
2623,1975-06-11,5.630952380952381,1,1,1,1,"gas,gold,oil,silver",91.55800829842393,4.516972741881667,0.0,0.1348918545144602,1.3214291579022255,0.2787138462868225,0.0,0.2053377817716903,0.12489185451446021,1,1
2624,1974-07-24,4.718253968253968,1,1,1,1,"gas,gold,oil,silver",105.47970652447945,4.658518579195279,0.0,0.28450188856824066,0.8806628047480652,-0.1270804677993188,0.0,0.42975283285236104,0.27450188856824065,1,1
2625,1976-03-04,6.388888888888889,1,1,1,0,"gas,gold,silver",109.50492660428752,4.695969540064431,0.0,0.01065047840892949,1.9701310656950548,0.6781000713464934,0.0,0.018975717613394234,0.0006504784089294907,1,1
2626,1975-01-10,5.2023809523809526,1,1,0,0,"gold,silver",105.28338799072999,4.65665564782223,0.0,0.20514352267884406,1.9961978471482356,0.6912442947947828,0.0,0.3107152840182661,0.19514352267884405,1,1
2627,1974-05-22,4.5396825396825395,1,1,1,1,"gas,gold,oil,silver",81.45217364864389,4.400016021599809,0.0,0.3137734169700673,1.1306263712428688,0.12277178998514483,0.0,0.47366012545510094,0.30377341697006727,1,1
2628,1975-08-26,5.845238095238095,1,1,0,1,"gold,oil,silver",84.16014521278163,4.432721474424955,0.0,0.09976602043226827,1.5642682200115592,0.44741812359040567,0.0,0.1526490306484024,0.08976602043226828,1,1
2629,1974-12-26,5.158730158730159,1,1,1,1,"gas,gold,oil,silver",87.77564258892743,4.474784042892722,0.0,0.21229878517706835,1.7222384431843138,0.5436248651677766,0.0,0.3214481777656025,0.20229878517706834,1,1
2630,1974-07-08,4.670634920634921,1,1,1,1,"gas,gold,oil,silver",52.42831782168876,3.95944686179906,0.0,0.29230762947539446,4.59653005104737,1.525301682111107,0.0,0.4414614442130917,0.28230762947539445,1,1
2631,1975-12-17,6.166666666666667,1,1,1,1,"gas,gold,oil,silver",99.35011629500596,4.598650139555832,0.0,0.04707726930898036,1.8278090661877728,0.6031180180076701,0.0,0.07361590396347054,0.03707726930898036,1,1
2632,1974-08-27,4.813492063492063,1,1,1,1,"gas,gold,oil,silver",88.09894003943683,4.478460501535328,0.0,0.26889040675393316,1.7791488073098538,0.5761350517902679,0.0,0.40633561013089975,0.25889040675393316,1,1
2633,1975-07-01,5.686507936507937,1,1,1,0,"gas,gold,silver",108.203007445885,4.684009161274576,0.0,0.1257851567894475,1.466102306697433,0.3826073873169815,0.0,0.19167773518417122,0.11578515678944748,1,1
2634,1975-07-07,5.7023809523809526,1,1,1,0,"gas,gold,silver",103.7664336871805,4.642142543552202,0.0,0.12318324315372955,1.1338856692550383,0.12565037946005275,0.0,0.18777486473059432,0.11318324315372956,1,1
2635,1974-05-27,4.551587301587301,1,1,1,0,"gas,gold,silver",95.8270297796135,4.562544793193217,0.0,0.31182198174327885,1.0581204652237644,0.05649418822450378,0.0,0.4707329726149183,0.30182198174327884,1,1
2636,1974-05-16,4.523809523809524,1,1,1,1,"gas,gold,oil,silver",37.8956405871425,3.6348360813866534,0.0,0.3163753306057852,1.8465253237313204,0.6133056696661112,0.0,0.47756299590867785,0.3063753306057852,1,1
2637,1975-09-03,5.869047619047619,1,1,1,0,"gas,gold,silver",105.3392820997656,4.6571863989548,0.0,0.0958631499786914,1.0444272344359693,0.04346863413629165,0.0,0.1467947249680371,0.0858631499786914,1,1
2638,1974-06-14,4.607142857142857,1,1,0,1,"gold,oil,silver",62.13471014905391,4.12930477238917,0.0,0.30271528401826614,0.9509698859748806,-0.05027288257966933,0.0,0.4570729260273992,0.29271528401826613,1,1
2639,1974-07-17,4.698412698412699,1,1,1,1,"gas,gold,oil,silver",57.76580269571507,4.056396951722016,0.0,0.2877542806128881,1.8152043550931336,0.5961980537165872,0.0,0.43463142091933216,0.2777542806128881,1,1
2640,1975-11-20,6.091269841269841,1,1,1,1,"gas,gold,oil,silver",105.30802831116638,4.656889658504921,0.0,0.059436359078640505,1.4772513727565582,0.3901831805081047,0.0,0.09215453861796076,0.0494363590786405,1,1
2641,1975-03-07,5.361111111111111,1,1,1,1,"gas,gold,oil,silver",99.54231343178108,4.600582814387792,0.0,0.17912438632166486,1.2898122517703337,0.25449666651811603,0.0,0.2716865794824973,0.16912438632166485,1,1
2642,1975-12-09,6.142857142857143,1,1,0,1,"gold,oil,silver",92.91314954811514,4.531665180992832,0.0,0.050980139762557275,1.6337931775417318,0.49090441409473895,0.0,0.0794702096438359,0.04098013976255727,1,1
2643,1975-12-03,6.126984126984127,1,1,0,1,"gold,oil,silver",101.57771001618786,4.620824121470512,0.0,0.05358205339827516,1.5330307408919757,0.42724665245573046,0.0,0.08337308009741275,0.04358205339827516,1,1
2644,1975-08-01,5.777777777777778,1,1,1,1,"gas,gold,oil,silver",78.93154652162418,4.368580977112854,0.0,0.11082415338406944,1.4945956224537602,0.40185568360153395,0.0,0.16923623007610417,0.10082415338406944,1,1
2645,1974-05-21,4.535714285714286,1,1,1,1,"gas,gold,oil,silver",71.65491018365974,4.271861682053939,0.0,0.3144238953789968,2.1664270023380148,0.7730792678097367,0.0,0.4746358430684952,0.3044238953789968,1,1
2646,1975-02-19,5.313492063492063,1,1,1,1,"gas,gold,oil,silver",91.31617783067557,4.514327966106245,0.0,0.18693012722881866,1.5925055506396912,0.4653085939461392,0.0,0.283395190843228,0.17693012722881865,1,1
2647,1974-08-21,4.7976190476190474,1,1,1,0,"gas,gold,silver",93.62862110062795,4.539336117731683,0.0,0.2714923203896511,0.926715055001718,-0.07610914470110364,0.0,0.41023848058447665,0.2614923203896511,1,1
2648,1974-07-03,4.658730158730159,1,1,1,1,"gas,gold,oil,silver",66.61662727313653,4.198954205142586,0.0,0.2942590647021829,0.8176870797190453,-0.2012755586984306,0.0,0.4443885970532743,0.2842590647021829,1,1
2649,1974-12-23,5.146825396825397,1,1,1,1,"gas,gold,oil,silver",95.59328264524036,4.560102552371489,0.0,0.2142502204038568,1.102467002794301,0.0975503984526937,0.0,0.3243753306057852,0.2042502204038568,1,1
2650,1975-10-02,5.9523809523809526,1,1,0,0,"gold,silver",95.38024581408243,4.557871490074583,0.0,0.08220310339117232,1.287687969386185,0.25284833853918326,0.0,0.12630465508675848,0.07220310339117232,1,1
2651,1976-01-19,6.257936507936508,1,0,1,0,"gas,gold",102.67988420985569,4.631616228322675,0.0,0.03211626590360232,,,,,0.022116265903602324,1,1
2652,1975-02-11,5.2896825396825395,1,1,1,1,"gas,gold,oil,silver",69.50177661755286,4.24135231508651,0.0,0.19083299768239553,1.353558263159479,0.3027368754401599,0.0,0.2892494965235933,0.18083299768239552,1,1
2653,1975-02-10,5.285714285714286,1,1,1,1,"gas,gold,oil,silver",81.7074685681241,4.403145412230425,0.0,0.19148347609132502,1.4391935986142126,0.3640829557664544,0.0,0.29022521413698754,0.181483476091325,1,1
2654,1975-11-27,6.111111111111111,1,1,1,1,"gas,gold,oil,silver",97.31145516021977,4.57791671258315,0.0,0.05618396703399309,1.4581754426430797,0.37718595737818755,0.0,0.08727595055098963,0.046183967033993086,1,1
2655,1975-04-04,5.440476190476191,1,1,1,0,"gas,gold,silver",98.30558922908033,4.588080884428682,0.0,0.16611481814307527,1.443480990510899,0.36705755100809184,0.0,0.2521722272146129,0.15611481814307526,1,1
2656,1975-10-21,6.003968253968254,1,1,1,1,"gas,gold,oil,silver",103.82853984905228,4.642740883316087,0.0,0.07374688407508904,1.426058060382224,0.35491403671880517,0.0,0.11362032611263358,0.06374688407508905,1,1
2657,1975-02-04,5.26984126984127,1,1,1,0,"gas,gold,silver",117.70427220261521,4.768175310995901,0.0,0.1940853897270429,1.1966718451950462,0.17954424128375573,0.0,0.2941280845905644,0.1840853897270429,1,1
2658,1976-02-06,6.313492063492063,1,1,1,1,"gas,gold,oil,silver",103.88115880694214,4.6432475419782095,0.0,0.0230095681785896,1.9375725721583257,0.6614359381417296,0.0,0.037514352267884396,0.013009568178589599,1,1
2659,1975-07-17,5.734126984126984,1,1,1,0,"gas,gold,silver",113.50874981848756,4.73187992486189,0.0,0.11797941588229373,0.9811743049739394,-0.019005154288904258,0.0,0.1799691238234406,0.10797941588229373,1,1
2660,1975-01-07,5.190476190476191,1,1,1,1,"gas,gold,oil,silver",83.79644356540229,4.428390567033782,0.0,0.20709495790563254,1.9563567732879414,0.6710839544113347,0.0,0.31364243685844884,0.19709495790563253,1,1
2661,1974-06-28,4.646825396825397,1,1,1,1,"gas,gold,oil,silver",79.43886616497278,4.374987746787284,0.0,0.29621049992897136,1.188960709956585,0.1730795725508725,0.0,0.447315749893457,0.28621049992897135,1,1
2662,1975-12-23,6.182539682539683,1,1,1,0,"gas,gold,silver",98.91272125375208,4.59423785779622,0.0,0.044475355673262475,1.6704071257923596,0.513067384616839,0.0,0.0697130335098937,0.03447535567326247,1,1
2663,1974-05-07,4.496031746031746,1,1,1,1,"gas,gold,oil,silver",59.983252737359294,4.09406540221656,0.0,0.32092867946829157,1.3216007925648103,0.27884372348537306,0.0,0.4843930192024374,0.31092867946829156,1,1
2664,1974-04-24,4.4603174603174605,1,1,0,1,"gold,oil,silver",64.88213146113002,4.172572261627734,0.0,0.3267829851486569,1.3388688806912823,0.29182513860675385,0.0,0.49317447772298534,0.3167829851486569,1,1
2665,1978-07-19,8.845238095238095,1,1,1,1,"gas,gold,oil,silver",111.18243943641254,4.711172450608708,0.0,0.09145714138698088,1.4426131199935956,0.36645613573178215,0.0,0.14018571208047131,0.08145714138698089,1,1
2666,1978-03-28,8.523809523809524,1,1,1,1,"gas,gold,oil,silver",116.27699872506524,4.755975264599619,0.0,0.1473726367458407,1.510093700674043,0.4121717023281172,0.0,0.224058955118761,0.1373726367458407,1,1
2667,1976-12-30,7.242063492063492,1,1,0,1,"gold,oil,silver",123.2306693256243,4.8140579594505315,0.0,0.370344303423763,2.5462976385992735,0.9346403977012001,0.0,0.5585164551356444,0.360344303423763,1,1
2668,1977-02-14,7.369047619047619,1,1,1,1,"gas,gold,oil,silver",69.47438667226675,4.240958147554577,0.0,0.3482542311832258,2.3631648834944676,0.8600017729581275,0.0,0.5253813467748386,0.3382542311832258,1,1
2669,1978-03-02,8.452380952380953,1,1,1,0,"gas,gold,silver",121.41790093833134,4.799238321942341,0.0,0.15979830238114287,2.8453356006470565,1.0456810221844892,0.0,0.24269745357171427,0.14979830238114286,1,1
2670,1977-06-06,7.686507936507937,1,0,1,0,"gas,gold",148.02635755908952,4.9973903495231555,0.0,0.29302905058188283,,,,,0.2830290505818828,1,1
2671,1978-06-21,8.765873015873016,1,1,0,1,"gold,oil,silver",102.80487330618618,4.63283275759965,0.0,0.10526343653731665,1.373088065011887,0.317062265305672,0.0,0.16089515480597497,0.09526343653731666,1,1
2672,1978-11-20,9.194444444444445,1,1,1,1,"gas,gold,oil,silver",102.057717184829,4.625538508002064,0.0,0.030709442725503612,1.4074103872803863,0.3417514109979844,0.0,0.04906416408825541,0.02070944272550361,1,1
2673,1978-01-26,8.353174603174603,1,1,1,1,"gas,gold,oil,silver",196.55465197781322,5.2809405197526935,0.0,0.17705617131906254,1.6386992211474822,0.4939027692831049,0.0,0.2685842569785938,0.16705617131906253,1,1
2674,1977-08-31,7.932539682539683,1,1,1,0,"gas,gold,silver",142.6511685452974,4.960402269320997,0.0,0.250229535615842,2.2846693016457134,0.8262212881155857,0.0,0.37834430342376296,0.240229535615842,1,1
2675,1978-08-21,8.936507936507937,1,1,0,0,"gold,silver",108.8421788501184,4.689898932550746,0.0,0.07557990196409481,1.438303887977573,0.3634645637997277,0.0,0.1163698529461422,0.06557990196409481,1,1
2676,1977-04-14,7.5396825396825395,1,1,1,1,"gas,gold,oil,silver",168.76428397897715,5.128502971971732,0.0,0.3185706966100039,1.2898171991372447,0.2545005022371643,0.0,0.4808560449150059,0.3085706966100039,1,1
2677,1978-03-29,8.527777777777779,1,1,1,1,"gas,gold,oil,silver",112.11373414148714,4.719513839446748,0.0,0.14668232198832387,1.3742345424736733,0.3178968797227874,0.0,0.22302348298248578,0.13668232198832386,1,1
2678,1976-12-24,7.226190476190476,1,1,1,1,"gas,gold,oil,silver",170.80124246979165,5.140500555741311,0.0,0.37310556245383014,2.178019747967504,0.7784160914887195,0.0,0.5626583436807452,0.36310556245383013,1,1
2679,1977-04-08,7.523809523809524,1,1,1,1,"gas,gold,oil,silver",259.03889701450123,5.556978231946593,0.0,0.3213319556400711,0.7995993938121663,-0.22364443447002846,0.0,0.4849979334601066,0.3113319556400711,1,1
2680,1978-01-19,8.333333333333334,0,1,1,1,"gas,oil,silver",,,,,1.27171408347367,0.2403656625084209,0.0,0.2737616176599697,0.17050774510664649,1,1
2681,1978-04-24,8.59920634920635,1,1,1,1,"gas,gold,oil,silver",102.29664192978692,4.6278768467080225,0.0,0.13425665635302172,2.2886359624890447,0.8279559905283649,0.0,0.20438498452953258,0.12425665635302173,1,1
2682,1977-08-04,7.857142857142857,1,1,1,1,"gas,gold,oil,silver",130.74212665472803,4.873226884342086,0.0,0.26334551600866096,0.8183026951441256,-0.20052296786492319,0.0,0.3980182740129914,0.25334551600866095,1,1
2683,1977-08-25,7.916666666666667,1,1,1,1,"gas,gold,oil,silver",98.9310380186994,4.594423021736362,0.0,0.2529907946459091,2.8251418113140785,1.038558562033741,0.0,0.3824861919688637,0.24299079464590911,1,1
2684,1978-04-12,8.567460317460318,1,1,1,1,"gas,gold,oil,silver",125.17265511908711,4.829694025219194,0.0,0.13977917441315604,1.4437856052333093,0.3672685566173346,0.0,0.21266876161973403,0.12977917441315603,1,1
2685,1978-09-20,9.023809523809524,1,1,0,1,"gold,oil,silver",98.80303487615961,4.59312832165209,0.0,0.06039297729872546,1.511924041932542,0.41338303967832823,0.0,0.09358946594808817,0.05039297729872546,1,1
2686,1977-01-06,7.261904761904762,1,1,1,1,"gas,gold,oil,silver",179.99098278403034,5.192906753991106,0.0,0.366892729636179,1.0037344337644616,0.003727478078345392,0.0,0.5533390944542685,0.356892729636179,1,1
2687,1977-04-27,7.575396825396825,1,0,0,0,gold,104.57920075113411,4.649944686266965,0.0,0.31235786379235286,,,,,0.30235786379235285,1,1
2688,1978-04-18,8.583333333333334,1,1,0,1,"gold,oil,silver",156.7210467412777,5.054467452667565,0.0,0.13701791538308886,1.8223261405444213,0.6001137842154273,0.0,0.20852687307463327,0.12701791538308885,1,1
2689,1978-09-13,9.003968253968255,1,1,0,0,"gold,silver",102.63367277603993,4.631166073590815,0.0,0.0638445510863094,1.2116340645970023,0.1919699151578565,0.0,0.0987668266294641,0.0538445510863094,1,1
2690,1978-07-27,8.869047619047619,1,1,0,1,"gold,oil,silver",107.34627856842378,4.676059857384111,0.0,0.08731525284188017,1.9522305936481288,0.6689726130057357,0.0,0.13397287926282025,0.07731525284188018,1,1
2691,1977-08-12,7.880952380952381,1,1,1,0,"gas,gold,silver",101.23631539847808,4.617457540293937,0.0,0.25920362746356024,1.1691496059317759,0.15627665200189123,0.0,0.39180544119534033,0.24920362746356023,1,1
2692,1978-06-09,8.734126984126984,1,1,1,1,"gas,gold,oil,silver",115.75210580744843,4.751450885521795,0.0,0.11078595459745096,1.567138410109302,0.44925128755825644,0.0,0.16917893189617642,0.10078595459745096,1,1
2693,1977-12-01,8.194444444444445,1,1,1,1,"gas,gold,oil,silver",161.05909684538886,5.081771358785483,0.0,0.20466876161973405,2.913820331873812,1.069465048999745,0.0,0.31000314242960103,0.19466876161973404,1,1
2694,1977-01-18,7.2936507936507935,1,0,1,0,"gas,gold",120.70701028072284,4.793366206621725,0.0,0.36137021157604476,,,,,0.35137021157604476,1,1
2695,1978-07-25,8.86111111111111,1,1,1,0,"gas,gold,silver",108.14273763160331,4.683451999257645,0.0,0.08869588235691375,1.6162120495498729,0.4800851702713344,0.0,0.13604382353537062,0.07869588235691376,1,1
2696,1977-07-15,7.801587301587301,1,1,1,1,"gas,gold,oil,silver",127.26301427069633,4.8462559234482026,0.0,0.27300992261389595,1.9358378115406671,0.6605402103144142,0.0,0.4125148839208439,0.26300992261389594,1,1
2697,1976-12-17,7.2063492063492065,0,1,1,1,"gas,oil,silver",,,,,1.086416902127119,0.08288503562387739,0.0,0.567835704362121,0.36655713624141406,1,1
2698,1977-03-07,7.428571428571429,1,1,1,0,"gas,gold,silver",156.8074126895828,5.055018381604902,0.0,0.337899509820474,3.516108771008184,1.2573549153535757,0.0,0.5098492647307109,0.327899509820474,1,1
2699,1977-03-16,7.4563492063492065,1,1,1,1,"gas,gold,oil,silver",130.49223359070135,4.871313712276864,0.0,0.3330673065178565,1.4890498772717797,0.398138250301217,0.0,0.5026009597767847,0.3230673065178565,1,1
2700,1976-12-31,7.246031746031746,1,1,1,1,"gas,gold,oil,silver",85.02169299857428,4.442906435677271,0.0,0.3696539886662462,0.752311381188574,-0.2846049700064376,0.0,0.5574809829993692,0.3596539886662462,1,1
2701,1977-07-28,7.837301587301587,1,1,1,1,"gas,gold,oil,silver",211.74092448618018,5.355363473044269,0.0,0.2667970897962449,2.696852629443628,0.9920854002633182,0.0,0.4031956346943673,0.2567970897962449,1,1
2702,1977-11-08,8.126984126984127,1,1,1,1,"gas,gold,oil,silver",160.78408404017097,5.0800623719963545,0.0,0.2164041124975194,1.9653747158839683,0.6756829222475691,0.0,0.32760616874627907,0.2064041124975194,1,1
2703,1977-12-08,8.214285714285714,1,1,0,1,"gold,oil,silver",133.66648349722578,4.895347768292576,0.0,0.2012171878321501,3.9614818809559327,1.376618167629015,0.0,0.3048257817482251,0.19121718783215008,1,1
2704,1978-11-01,9.142857142857142,1,1,1,0,"gas,gold,silver",103.01754270831024,4.6348992912836575,0.0,0.03968353457322185,1.337372957935412,0.2907072105555031,0.0,0.06252530185983277,0.02968353457322185,1,1
2705,1977-10-27,8.095238095238095,1,1,0,1,"gold,oil,silver",161.1436982167938,5.082296502419528,0.0,0.22192663055765374,2.0777909594973116,0.7313052906472887,0.0,0.3358899458364806,0.21192663055765373,1,1
2706,1977-05-27,7.662698412698413,1,1,1,0,"gas,gold,silver",173.9280577588677,5.158641752559965,0.0,0.2971709391269835,5.1162202518303115,1.6324159343595506,0.0,0.44875640869047523,0.2871709391269835,1,1
2707,1977-08-03,7.853174603174603,1,1,1,1,"gas,gold,oil,silver",145.8854918135334,4.982822011335073,0.0,0.2640358307661777,1.6344867246055441,0.4913288251580429,0.0,0.3990537461492666,0.2540358307661777,1,1
2708,1977-05-06,7.603174603174603,1,0,0,0,gold,136.22684715336064,4.914321489954113,0.0,0.30752566048973534,,,,,0.29752566048973533,1,1
2709,1978-05-01,8.619047619047619,0,1,1,0,"gas,silver",,,,,1.7142727705263707,0.5389889501778979,0.0,0.19920762384815666,0.12080508256543779,1,1
2710,1977-02-21,7.388888888888889,1,1,1,1,"gas,gold,oil,silver",149.4039330150178,5.006653597753935,0.0,0.34480265739564187,0.9459013562779418,-0.05561698991485764,0.0,0.5202039860934627,0.33480265739564186,1,1
2711,1976-12-22,7.218253968253968,1,1,1,0,"gas,gold,silver",53.307712085329165,3.9760810127373585,0.0,0.3744861919688637,0.9162900142266953,-0.0874223550004023,0.0,0.5647292879532955,0.36448619196886367,1,1
2712,1978-08-16,8.924603174603174,1,1,1,1,"gas,gold,oil,silver",111.1119690564028,4.710538423123732,0.0,0.07765084623664516,1.3257340915406313,0.2819663373708994,0.0,0.11947626935496773,0.06765084623664516,1,1
2713,1978-01-23,8.341269841269842,1,1,0,1,"gold,oil,silver",125.8716113393596,4.835262429837106,0.0,0.1791271155916129,1.6103656853433186,0.4764612869590199,0.0,0.2716906733874193,0.1691271155916129,1,1
2714,1978-10-23,9.115079365079366,1,1,0,0,"gold,silver",103.64055043500491,4.6409286667084135,0.0,0.04451573787583938,1.4514964159749297,0.37259503529240273,0.0,0.06977360681375906,0.03451573787583938,1,1
2715,1977-05-24,7.650793650793651,1,1,1,0,"gas,gold,silver",144.76481806913839,4.975110481294049,0.0,0.2992418833995339,2.247010798246303,0.8096007988197282,0.0,0.4518628250993008,0.2892418833995339,1,1
2716,1977-03-02,7.416666666666667,1,1,1,1,"gas,gold,oil,silver",99.3046295729137,4.598192192048074,0.0,0.33997045409302434,1.2826104788822863,0.24889743773066092,0.0,0.5129556811395365,0.32997045409302433,1,1
2717,1978-09-18,9.015873015873016,0,1,1,1,"gas,oil,silver",,,,,1.3665009887861863,0.3122534499760542,0.0,0.09566041022063855,0.05177360681375904,1,1
2718,1978-05-26,8.694444444444445,1,1,1,0,"gas,gold,silver",113.77614769139655,4.734232901229517,0.0,0.11768910217261883,1.8506384183111086,0.6155306705390143,0.0,0.17953365325892823,0.10768910217261883,1,1
2719,1978-06-07,8.726190476190476,1,0,0,1,"gold,oil",118.42837025909559,4.7743083074219275,0.0,0.11216658411248454,,,,,0.10216658411248454,1,1
2720,1978-07-21,8.853174603174603,1,1,1,1,"gas,gold,oil,silver",114.9948585042232,4.7448874187048595,0.0,0.09007651187194735,1.740127786094134,0.5539585508138171,0.0,0.138114767807921,0.08007651187194735,1,1
2721,1977-08-22,7.904761904761905,1,1,1,0,"gas,gold,silver",128.89380902983513,4.858988879542943,0.0,0.2550617389184595,3.4644252434707967,1.2425467439829008,0.0,0.38559260837768927,0.24506173891845953,1,1
2722,1977-03-17,7.4603174603174605,1,1,0,0,"gold,silver",149.5048942924763,5.007329130037189,0.0,0.3323769917603397,0.9327856601066473,-0.06957983646006982,0.0,0.5015654876405095,0.3223769917603397,1,1
2723,1977-08-29,7.924603174603175,1,1,1,1,"gas,gold,oil,silver",131.94241479235535,4.882365575827904,0.0,0.2516101651308756,1.8092398856730947,0.5929068044061192,0.0,0.38041524769631335,0.24161016513087558,1,1
2724,1978-12-28,9.305555555555555,1,1,1,1,"gas,gold,oil,silver",92.64101284600886,4.528731946904047,0.0,0.011380629515033585,1.1259713043055495,0.1186460447618092,0.0,0.020070944272550375,0.0013806295150335848,1,1
2725,1977-05-31,7.670634920634921,1,1,1,0,"gas,gold,silver",206.37583421285078,5.32969894445066,0.0,0.29579030961194996,1.569147631155868,0.45053256183936613,0.0,0.44668546441792495,0.28579030961194996,1,1
2726,1977-10-19,8.071428571428571,1,0,0,1,"gold,oil",152.74468428766184,5.028767797365394,0.0,0.22606851910275447,,,,,0.21606851910275446,1,1
2727,1977-02-03,7.341269841269841,0,0,0,1,oil,,,,,,,,,0.3430864344858433,1,1
2728,1978-02-27,8.44047619047619,1,1,1,1,"gas,gold,oil,silver",186.86896900527626,5.230407670742705,0.0,0.16186924665369323,1.9232011968773892,0.6539910876949706,0.0,0.2458038699805398,0.15186924665369322,1,1
2729,1978-07-18,8.841269841269842,1,1,1,0,"gas,gold,silver",114.7710113505034,4.742938937629908,0.0,0.0921474561444977,1.7427552232560606,0.5554673225143284,0.0,0.14122118421674654,0.0821474561444977,1,1
2730,1977-05-05,7.599206349206349,1,1,1,1,"gas,gold,oil,silver",77.84571107916422,4.354728804651453,0.0,0.30821597524725214,2.4707548894553644,0.9045237272078914,0.0,0.4653239628708781,0.29821597524725213,1,1
2731,1977-04-25,7.567460317460317,1,1,1,1,"gas,gold,oil,silver",110.70116838173081,4.706834394146073,0.0,0.31373849330738646,1.7649811584796298,0.5681400152459183,0.0,0.47360773996107963,0.30373849330738645,1,1
2732,1976-12-28,7.234126984126984,1,1,1,1,"gas,gold,oil,silver",138.17855300645647,4.9285467112042305,0.0,0.37172493293879655,0.6568403294267593,-0.42031431982589473,0.0,0.5605873994081948,0.36172493293879654,1,1
2733,1978-05-04,8.630952380952381,1,1,1,1,"gas,gold,oil,silver",132.4376362528225,4.886111864836464,0.0,0.12873413829288743,1.8373246766691838,0.6083105334950569,0.0,0.19610120743933113,0.11873413829288744,1,1
2734,1978-03-10,8.476190476190476,1,1,1,1,"gas,gold,oil,silver",154.43762324963785,5.039790281803632,0.0,0.15565641383604212,2.6164732763588625,0.9618273332709397,0.0,0.23648462075406312,0.1456564138360421,1,1
2735,1977-06-30,7.757936507936508,1,0,0,1,"gold,oil",122.2725777737921,4.80625279656895,0.0,0.28060338494658066,,,,,0.27060338494658065,1,1
2736,1977-10-05,8.031746031746032,1,0,1,1,"gas,gold,oil",126.05339249427396,4.836705567149377,0.0,0.23297166667792235,,,,,0.22297166667792234,1,1
2737,1977-12-22,8.253968253968255,0,1,1,1,"gas,oil,silver",,,,,2.903468157913207,1.0659059389756893,0.0,0.29447106038547327,0.1843140402569822,1,1
2738,1977-01-19,7.2976190476190474,1,1,1,1,"gas,gold,oil,silver",68.26495370544752,4.22339651197707,0.0,0.36067989681852797,0.844139069920857,-0.16943802317230894,0.0,0.5440198452277919,0.35067989681852796,1,1
2739,1978-06-29,8.78968253968254,1,1,0,1,"gold,oil,silver",118.72051928615004,4.776772153450525,0.0,0.10112154799221594,1.5747262944140341,0.45408147585144965,0.0,0.15468232198832388,0.09112154799221595,1,1
2740,1977-04-15,7.5436507936507935,1,0,1,0,"gas,gold",115.9519225143565,4.753175644110497,0.0,0.3178803818524872,,,,,0.3078803818524872,1,1
2741,1977-06-10,7.7023809523809526,1,0,0,1,"gold,oil",142.05681931647192,4.95622711359968,0.0,0.2902677915518157,,,,,0.2802677915518157,1,1
2742,1977-01-03,7.25,1,1,1,1,"gas,gold,oil,silver",67.04661252887348,4.205388086883548,0.0,0.3689636739087294,0.882708068714826,-0.12476074604969822,0.0,0.5564455108630941,0.3589636739087294,1,1
2743,1977-08-17,7.892857142857143,1,1,0,0,"gold,silver",86.47081862275762,4.4598070000578325,0.0,0.25713268319100985,2.1288444493644705,0.7555793204729739,0.0,0.38869902478651475,0.24713268319100984,1,1
2744,1978-04-21,8.595238095238095,1,0,0,1,"gold,oil",97.02025280334311,4.574919748496454,0.0,0.1349469711105385,,,,,0.1249469711105385,1,1
2745,1977-07-12,7.7896825396825395,1,1,1,0,"gas,gold,silver",163.67293664405662,5.097870147826778,0.0,0.27508086688644634,3.281329204484984,1.188248585576177,0.0,0.41562130032966943,0.26508086688644633,1,1
2746,1977-10-14,8.05952380952381,1,0,0,1,"gold,oil",166.8878867071363,5.117322249886093,0.0,0.2281394633753048,,,,,0.2181394633753048,1,1
2747,1978-10-16,9.095238095238095,1,1,1,1,"gas,gold,oil,silver",97.3580316245543,4.5783952309785345,0.0,0.047967311663423315,1.300435280851093,0.2626990398478773,0.0,0.07495096749513497,0.03796731166342331,1,1
2748,1977-09-09,7.9603174603174605,0,1,0,0,silver,,,,,2.572352008827504,0.9448206589186863,0.0,0.3710959984698367,0.23539733231322446,1,1
2749,1977-05-20,7.642857142857143,1,1,1,1,"gas,gold,oil,silver",101.49722263625041,4.620031434917812,0.0,0.3006225129145675,0.5400968293597914,-0.6160068418693407,0.0,0.45393376937185115,0.2906225129145675,1,1
2750,1978-07-10,8.817460317460318,1,1,1,1,"gas,gold,oil,silver",133.426525938789,4.893550958832812,0.0,0.0962893446895984,1.748197462542051,0.5585852356942869,0.0,0.1474340170343976,0.08628934468959841,1,1
2751,1977-10-17,8.063492063492063,1,1,0,0,"gold,silver",107.66616707745158,4.679035394396273,0.0,0.227449148617788,2.3636063761925015,0.8601885781471507,0.0,0.34417372292668197,0.217449148617788,1,1
2752,1978-07-04,8.801587301587302,1,1,1,0,"gas,gold,silver",122.30423837672016,4.806511697666799,0.0,0.09905060371966554,1.3882967970899895,0.3280776699825517,0.0,0.1515759055794983,0.08905060371966554,1,1
2753,1977-02-11,7.365079365079365,1,0,1,0,"gas,gold",211.33934665993883,5.353465119591142,0.0,0.3489445459407426,,,,,0.3389445459407426,1,1
2754,1977-04-05,7.511904761904762,1,1,1,1,"gas,gold,oil,silver",124.06574063367714,4.8208115915171055,0.0,0.32340289991262144,1.792611470101684,0.5836734785046566,0.0,0.48810434986893214,0.31340289991262144,1,1
2755,1978-02-17,8.416666666666666,1,1,1,1,"gas,gold,oil,silver",110.44503820411643,4.704518005399513,0.0,0.16601113519879396,2.0628018178697523,0.7240651644574898,0.0,0.2520167027981909,0.15601113519879395,1,1
2756,1977-12-09,8.218253968253968,1,1,1,1,"gas,gold,oil,silver",139.09049200090863,4.935124742897337,0.0,0.20052687307463332,3.4700240913796674,1.244161536695378,0.0,0.30379030961194997,0.1905268730746333,1,1
2757,1977-06-15,7.714285714285714,1,1,1,1,"gas,gold,oil,silver",73.69822359846356,4.2999786957631985,0.0,0.2881968472792653,3.9748913806174357,1.3799974221021096,0.0,0.43529527091889797,0.2781968472792653,1,1
2758,1977-06-03,7.682539682539683,1,1,1,0,"gas,gold,silver",221.96676529948292,5.402527664807054,0.0,0.2937193653393996,1.8240571315626675,0.6010632132902675,0.0,0.4435790480090993,0.28371936533939957,1,1
2759,1978-05-25,8.69047619047619,1,1,1,1,"gas,gold,oil,silver",137.58767044725812,4.92426131717682,0.0,0.11837941693013561,1.8381083006694887,0.6087369453039567,0.0,0.1805691253952034,0.10837941693013561,1,1
2760,1977-03-08,7.432539682539683,0,1,1,0,"gas,silver",,,,,0.4562765622716133,-0.7846561571025686,0.0,0.5088137925944357,0.3272091950629572,1,1
2761,1978-02-08,8.38888888888889,1,1,0,1,"gold,oil,silver",139.94820788178856,4.941272410461742,0.0,0.17084333850141148,1.73718340344665,0.5522650680101961,0.0,0.2592650077521172,0.16084333850141147,1,1
2762,1977-02-22,7.392857142857143,0,1,0,0,silver,,,,,6.747397214571073,1.9091568326811519,0.0,0.5191685139571875,0.33411234263812506,1,1
2763,1977-12-14,8.23015873015873,1,1,1,0,"gas,gold,silver",115.11393711821435,4.745922395436614,0.0,0.19845592880208293,2.905610916269691,1.0666436663938572,0.0,0.3006838932031244,0.18845592880208292,1,1
2764,1977-07-26,7.829365079365079,1,1,1,1,"gas,gold,oil,silver",69.96192502976878,4.247951165920621,0.0,0.26817771931127843,1.8740054284432701,0.6280780805266936,0.0,0.40526657896691765,0.2581777193112784,1,1
2765,1977-04-26,7.571428571428571,1,1,1,0,"gas,gold,silver",111.80869905594966,4.716789366781235,0.0,0.31304817854986966,2.076768936234685,0.7308132899016536,0.0,0.47257226782480444,0.30304817854986965,1,1
2766,1977-03-03,7.420634920634921,1,1,1,1,"gas,gold,oil,silver",155.24912118039927,5.04503106012381,0.0,0.33928013933550755,0.43271057451379447,-0.837686193608048,0.0,0.5119202090032613,0.32928013933550754,1,1
2767,1977-08-05,7.861111111111111,1,1,1,1,"gas,gold,oil,silver",124.14260318253639,4.821430930497693,0.0,0.26265520125114417,2.92801591091759,1.0743250301408547,0.0,0.39698280187671625,0.25265520125114416,1,1
2768,1978-04-07,8.555555555555555,1,1,1,1,"gas,gold,oil,silver",154.16737971353686,5.038038893442562,0.0,0.1418501186857064,2.472540039852604,0.9052459784594837,0.0,0.21577517802855956,0.1318501186857064,1,1
2769,1978-04-14,8.575396825396826,1,1,1,0,"gas,gold,silver",142.9190884720662,4.962278655245605,0.0,0.13839854489812245,1.993111794205668,0.6896971330873185,0.0,0.21059781734718364,0.12839854489812244,1,1
2770,1978-05-03,8.626984126984127,1,1,1,1,"gas,gold,oil,silver",114.72326423000733,4.742522830334297,0.0,0.1294244530504042,1.6210955978511128,0.4831022156297269,0.0,0.19713667957560627,0.11942445305040421,1,1
2771,1978-03-08,8.468253968253968,1,1,1,1,"gas,gold,oil,silver",153.43025108290644,5.0332460734213065,0.0,0.1570370433510757,1.6363532494878188,0.49247013754242663,0.0,0.23855556502661351,0.1470370433510757,1,1
2772,1977-12-27,8.265873015873016,1,1,0,1,"gold,oil,silver",114.82938008131329,4.7434473751957436,0.0,0.19224309598443184,1.612355729177618,0.47769629540764036,0.0,0.29136464397664774,0.18224309598443184,1,1
2773,1977-07-27,7.833333333333333,1,1,1,1,"gas,gold,oil,silver",122.02870597416768,4.804256311925987,0.0,0.2674874045537617,1.5003250361319391,0.40568177538873995,0.0,0.40423110683064245,0.2574874045537617,1,1
2774,1977-03-11,7.444444444444445,1,1,1,1,"gas,gold,oil,silver",76.02305079598501,4.331036594247371,0.0,0.3351382507904068,3.534159985836482,1.2624756433415552,0.0,0.5057073761856102,0.3251382507904068,1,1
2775,1978-05-31,8.706349206349206,1,1,1,0,"gas,gold,silver",117.28751720871426,4.764628332338649,0.0,0.11561815790006848,1.7685248941811678,0.5701458060026454,0.0,0.1764272368501027,0.10561815790006848,1,1
2776,1977-10-26,8.091269841269842,1,1,0,1,"gold,oil,silver",169.62488025652698,5.133589412224214,0.0,0.2226169453151705,2.9554463599381386,1.0836496918833258,0.0,0.3369254179727557,0.2126169453151705,1,1
2777,1977-09-13,7.968253968253968,1,1,1,0,"gas,gold,silver",115.82486009929337,4.7520792234392015,0.0,0.24401670279819093,2.7591103884900954,1.014908304760997,0.0,0.3690250541972864,0.23401670279819092,1,1
2778,1978-09-21,9.027777777777779,1,1,0,1,"gold,oil,silver",99.68972808818792,4.602062643457294,0.0,0.059702662541208686,1.5274847731900059,0.4236224435622134,0.0,0.09255399381181302,0.049702662541208684,1,1
2779,1977-05-16,7.626984126984127,1,1,1,0,"gas,gold,silver",127.97605997321222,4.851843214967773,0.0,0.3033837719446346,2.2241830811236456,0.7993896936492985,0.0,0.45807565791695193,0.2933837719446346,1,1
2780,1978-01-10,8.305555555555555,1,1,1,1,"gas,gold,oil,silver",151.584626570718,5.02114406022128,0.0,0.18533994840926396,1.73597494414003,0.5515691830349392,0.0,0.28100992261389596,0.17533994840926395,1,1
2781,1977-11-28,8.182539682539682,1,1,1,1,"gas,gold,oil,silver",139.93671566390995,4.941190289440434,0.0,0.20673970589228438,3.742354582217407,1.3197149807698088,0.0,0.31310955883842656,0.19673970589228437,1,1
2782,1977-05-19,7.638888888888889,1,1,0,1,"gold,oil,silver",81.07944598752782,4.395429488648859,0.0,0.3013128276720843,2.121685263152855,0.7522107083395425,0.0,0.4549692415081264,0.2913128276720843,1,1
2783,1976-12-16,7.2023809523809526,1,0,0,0,gold,192.06540156687805,5.257835947186301,0.0,0.37724745099893087,,,,,0.36724745099893086,1,1
2784,1977-01-20,7.301587301587301,1,1,1,1,"gas,gold,oil,silver",137.9539204961522,4.9269197199488595,0.0,0.3599895820610112,1.9002076533571457,0.6419631714411452,0.0,0.5429843730915167,0.3499895820610112,1,1
2785,1978-06-02,8.714285714285714,1,1,1,1,"gas,gold,oil,silver",120.67930006281918,4.793136614330547,0.0,0.1142375283850349,1.6763055846845079,0.5165923152038662,0.0,0.1743562925775523,0.1042375283850349,1,1
2786,1977-02-10,7.361111111111111,1,1,0,1,"gold,oil,silver",88.29343176117204,4.480665719352486,0.0,0.3496348606982594,1.8587693766043536,0.619914643272851,0.0,0.527452291047389,0.3396348606982594,1,1
2787,1977-04-21,7.559523809523809,1,1,1,1,"gas,gold,oil,silver",133.75891986641662,4.896039074142428,0.0,0.31511912282242,1.27510317018955,0.24302709313244675,0.0,0.47567868423362997,0.30511912282242,1,1
2788,1978-06-23,8.773809523809524,1,1,1,1,"gas,gold,oil,silver",111.0623364963341,4.710091633736716,0.0,0.10388280702228307,1.6940462521034205,0.5271198993420293,0.0,0.15882421053342458,0.09388280702228308,1,1
2789,1978-04-04,8.543650793650794,1,1,0,1,"gold,oil,silver",139.7740494084513,4.9400271860199805,0.0,0.14392106295825674,2.120380658768962,0.751595628588763,0.0,0.21888159443738509,0.13392106295825673,1,1
2790,1977-08-23,7.908730158730159,1,1,1,1,"gas,gold,oil,silver",115.38867488505835,4.748306211347053,0.0,0.2543714241609427,2.1719914006062364,0.7756444428586194,0.0,0.384557136241414,0.2443714241609427,1,1
2791,1978-04-11,8.563492063492063,1,1,1,0,"gas,gold,silver",113.99343433584271,4.736140853190684,0.0,0.1404694891706728,2.2902565504505326,0.8286638420555956,0.0,0.21370423375600917,0.1304694891706728,1,1
2792,1977-04-13,7.535714285714286,1,1,0,1,"gold,oil,silver",74.34931111011824,4.308774407363821,0.0,0.3192610113675207,2.7950947343603554,1.0278660002581959,0.0,0.481891517051281,0.3092610113675207,1,1
2793,1978-06-14,8.746031746031745,1,1,0,0,"gold,silver",126.01421796619944,4.836394741586994,0.0,0.1087150103249006,1.4748805998070227,0.38857703723183856,0.0,0.16607251548735086,0.0987150103249006,1,1
2794,1977-07-08,7.781746031746032,1,1,0,0,"gold,silver",193.13682184361326,5.263398859208257,0.0,0.27646149640147993,2.37921682404027,0.8667713680001432,0.0,0.4176922446022198,0.2664614964014799,1,1
2795,1977-01-26,7.317460317460317,1,1,1,0,"gas,gold,silver",145.69993185179158,4.9815492454714105,0.0,0.35722832303094404,2.5277882828394955,0.9273447239006962,0.0,0.538842484546416,0.34722832303094403,1,1
2796,1978-09-11,8.996031746031745,1,1,1,1,"gas,gold,oil,silver",95.9124305160218,4.563435593051774,0.0,0.06522518060134298,1.3385660463998645,0.29159892635438883,0.0,0.10083777090201447,0.05522518060134298,1,1
2797,1977-05-25,7.654761904761905,1,1,1,1,"gas,gold,oil,silver",138.03935466154564,4.927538823208339,0.0,0.2985515686420171,1.9615603273975117,0.6737402419414052,0.0,0.4508273529630256,0.2885515686420171,1,1
2798,1977-11-22,8.166666666666666,1,1,1,1,"gas,gold,oil,silver",213.10598944313773,5.361789644965524,0.0,0.2095009649223515,2.60699073246512,0.958196580079346,0.0,0.31725144738352723,0.1995009649223515,1,1
2799,1977-01-10,7.26984126984127,1,1,1,0,"gas,gold,silver",64.16238181552536,4.161417085929149,0.0,0.3655121001211455,3.561328660838482,1.2701336945715789,0.0,0.5512681501817182,0.3555121001211455,1,1
2800,1977-09-15,7.976190476190476,1,1,1,1,"gas,gold,oil,silver",117.97621469859202,4.770483033796716,0.0,0.2426360732831573,1.7902202244185,0.5823386426864411,0.0,0.3669541099247359,0.2326360732831573,1,1
2801,1977-07-19,7.809523809523809,1,1,1,1,"gas,gold,oil,silver",109.55121689171983,4.696392174073983,0.0,0.2716292930988624,1.9159139463880186,0.6501947653813885,0.0,0.41044393964829357,0.2616292930988624,1,1
2802,1976-12-27,7.23015873015873,1,1,1,0,"gas,gold,silver",126.26945404122075,4.838418147700216,0.0,0.37241524769631335,2.3904831619321363,0.8714955053161209,0.0,0.56162287154447,0.36241524769631334,1,1
2803,1977-10-04,8.027777777777779,1,1,0,1,"gold,oil,silver",136.63424584402696,4.917307617356307,0.0,0.23366198143543912,1.7086109987592308,0.5356807590079026,0.0,0.3534929721531586,0.2236619814354391,1,1
2804,1978-02-23,8.432539682539682,1,1,1,1,"gas,gold,oil,silver",114.01770536673182,4.736353746569599,0.0,0.16324987616872677,1.9500554660731582,0.6678578163112097,0.0,0.2478748142530901,0.15324987616872676,1,1
2805,1978-06-28,8.785714285714286,1,0,1,0,"gas,gold",124.26372835834637,4.822406148678794,0.0,0.10181186274973271,,,,,0.09181186274973271,1,1
2806,1978-03-23,8.511904761904763,1,1,0,0,"gold,silver",124.71755686196153,4.826051635574023,0.0,0.14944358101839106,2.251618282124571,0.8116491941895205,0.0,0.22716537152758653,0.13944358101839105,1,1
2807,1978-05-12,8.654761904761905,1,1,1,0,"gas,gold,silver",98.51852869077307,4.590244639023618,0.0,0.12459224974778667,1.6119587488510618,0.4774500537142402,0.0,0.18988837462167998,0.11459224974778667,1,1
2808,1977-12-26,8.261904761904763,1,1,1,1,"gas,gold,oil,silver",126.94250347106838,4.843734255371804,0.0,0.19293341074194867,2.806601927887382,1.0319744732467204,0.0,0.292400116112923,0.18293341074194866,1,1
2809,1977-07-18,7.805555555555555,1,1,1,0,"gas,gold,silver",129.9429285644515,4.867095343019341,0.0,0.2723196078563792,4.190112326737771,1.432727541865348,0.0,0.41147941178456876,0.2623196078563792,1,1
2810,1978-01-12,8.313492063492063,1,1,1,0,"gas,gold,silver",137.30142345606757,4.92217868020793,0.0,0.18395931889423042,1.7254035506118577,0.5454609655067564,0.0,0.2789389783413456,0.1739593188942304,1,1
2811,1977-12-05,8.202380952380953,1,0,0,1,"gold,oil",121.80561727018537,4.802426473015193,0.0,0.20328813210470048,,,,,0.19328813210470047,1,1
2812,1978-09-19,9.01984126984127,1,0,1,1,"gas,gold,oil",97.97903691103906,4.584753546717733,0.0,0.06108329205624227,,,,,0.05108329205624227,1,1
2813,1978-02-10,8.396825396825397,1,1,1,1,"gas,gold,oil,silver",106.0782884073626,4.664177391384331,0.0,0.16946270898637789,2.483932389246406,0.9098429452009658,0.0,0.2571940634795668,0.15946270898637788,1,1
2814,1977-11-15,8.146825396825397,1,1,1,1,"gas,gold,oil,silver",137.56864603560118,4.924123036421136,0.0,0.21295253870993547,2.7722265237486274,1.019650796512916,0.0,0.32242880806490315,0.20295253870993546,1,1
2815,1977-10-03,8.023809523809524,1,1,1,0,"gas,gold,silver",139.70642592540986,4.939543263239469,0.0,0.2343522961929559,1.3861923805482599,0.3265606938398796,0.0,0.3545284442894338,0.22435229619295588,1,1
2816,1978-04-25,8.603174603174603,1,0,0,0,gold,118.79770045341547,4.777422050288474,0.0,0.13356634159550493,,,,,0.12356634159550492,1,1
2817,1978-05-24,8.686507936507937,1,1,1,0,"gas,gold,silver",145.15364428307447,4.9777927971694105,0.0,0.11906973168765238,2.536134160945198,0.9306409377566014,0.0,0.18160459753147853,0.10906973168765238,1,1
2818,1978-10-17,9.09920634920635,1,1,1,1,"gas,gold,oil,silver",101.72674278611422,4.622290226069473,0.0,0.047276996905906504,1.4493854486736057,0.3711396380908367,0.0,0.07391549535885975,0.0372769969059065,1,1
2819,1977-06-22,7.734126984126984,1,1,1,1,"gas,gold,oil,silver",107.17181537708697,4.674433297809646,0.0,0.2847452734916814,0.7733225112916415,-0.2570590971072374,0.0,0.43011791023752205,0.2747452734916814,1,1
2820,1977-10-07,8.03968253968254,1,1,0,0,"gold,silver",106.41499391733119,4.667346487254884,0.0,0.2315910371628887,2.3190925733225694,0.8411759769775249,0.0,0.35038655574433303,0.2215910371628887,1,1
2821,1978-01-11,8.30952380952381,1,1,1,1,"gas,gold,oil,silver",155.01467255617032,5.043519774091827,0.0,0.1846496336517472,1.6134441229989571,0.4783711009830116,0.0,0.27997445047762076,0.17464963365174718,1,1
2822,1978-07-07,8.813492063492063,1,1,1,1,"gas,gold,oil,silver",128.25945911030144,4.85405523657711,0.0,0.09697965944711519,1.3353141895241605,0.2891666121203993,0.0,0.14846948917067276,0.08697965944711519,1,1
2823,1977-11-11,8.13888888888889,0,1,0,0,silver,,,,,2.7242448525535616,1.00219127138186,0.0,0.3244997523374536,0.20433316822496908,1,1
2824,1977-03-21,7.468253968253968,1,1,1,0,"gas,gold,silver",113.11650361560307,4.728418293039066,0.0,0.3309963622453061,1.5899854959804318,0.46372489416564866,0.0,0.4994945433679591,0.3209963622453061,1,1
2825,1978-05-15,8.658730158730158,1,1,1,0,"gas,gold,silver",131.75308381118919,4.880929593684083,0.0,0.1239019349902699,2.473869848834611,0.9057836650014287,0.0,0.18885290248540484,0.1139019349902699,1,1
2826,1977-02-18,7.384920634920635,1,1,0,1,"gold,oil,silver",136.5708134794866,4.916843260174655,0.0,0.34549297215315866,1.4086751509524393,0.3426496534270018,0.0,0.5212394582297379,0.33549297215315865,1,1
2827,1977-11-01,8.107142857142858,1,1,0,1,"gold,oil,silver",176.8995041048648,5.175581797910622,0.0,0.21985568628510335,2.070191849654363,0.727641283975106,0.0,0.332783529427655,0.20985568628510334,1,1
2828,1978-12-22,9.28968253968254,1,1,1,1,"gas,gold,oil,silver",91.51528945853295,4.516506056229639,0.0,0.014141888545100713,1.121491029677932,0.11465907644228755,0.0,0.02421283281765107,0.0041418885451007135,1,1
2829,1978-10-02,9.055555555555555,1,1,1,1,"gas,gold,oil,silver",94.82542588745247,4.552037578864138,0.0,0.05487045923859116,1.420520650782687,0.3510234598922402,0.0,0.08530568885788674,0.044870459238591155,1,1
2830,1978-10-10,9.079365079365079,1,1,0,1,"gold,oil,silver",101.91693366763283,4.624158105692628,0.0,0.050728570693490446,1.2913300531766996,0.2556727361818468,0.0,0.07909285604023567,0.040728570693490444,1,1
2831,1977-04-06,7.515873015873016,1,1,1,1,"gas,gold,oil,silver",146.02159038297174,4.983754490110688,0.0,0.32271258515510465,1.3112631071100775,0.27099087656788895,0.0,0.48706887773265695,0.31271258515510464,1,1
2832,1976-12-21,7.214285714285714,1,1,1,1,"gas,gold,oil,silver",161.0201529371656,5.081529530673679,0.0,0.37517650672638053,1.9943085949992319,0.6902974213502479,0.0,0.5657647600895707,0.3651765067263805,1,1
2833,1977-01-28,7.325396825396825,1,1,0,1,"gold,oil,silver",110.26155240921489,4.702855292594572,0.0,0.35584769351591045,0.7952485244832586,-0.229100603767043,0.0,0.5367715402738656,0.34584769351591044,1,1
2834,1978-06-13,8.742063492063492,1,1,1,1,"gas,gold,oil,silver",103.49131490774221,4.639487695249595,0.0,0.10940532508241736,1.364387115887496,0.3107053284567123,0.0,0.16710798762362603,0.09940532508241737,1,1
2835,1978-11-21,9.198412698412698,1,1,1,1,"gas,gold,oil,silver",101.9176702151483,4.624165332606032,0.0,0.030019127967986836,1.3975265951279618,0.33470395636905337,0.0,0.04802869195198025,0.020019127967986838,1,1
2836,1978-12-12,9.257936507936508,1,1,1,1,"gas,gold,oil,silver",92.75353757535181,4.52994584173434,0.0,0.01966440660523501,1.1170339915542349,0.11067695073795437,0.0,0.03249660990785251,0.009664406605235012,1,1
2837,1977-09-23,8.0,1,0,0,1,"gold,oil",84.22254843487882,4.433462681535999,0.0,0.23849418473805659,,,,,0.22849418473805658,1,1
2838,1978-08-07,8.896825396825397,1,1,1,1,"gas,gold,oil,silver",106.96692451102302,4.672519669956074,0.0,0.08248304953926265,1.4894991673881788,0.3984399341835839,0.0,0.12672457430889397,0.07248304953926266,1,1
2839,1977-01-12,7.277777777777778,1,1,1,1,"gas,gold,oil,silver",169.17361429471208,5.130925491126931,0.0,0.3641314706061119,1.2179360395575058,0.19715765523029966,0.0,0.5491972059091679,0.3541314706061119,1,1
2840,1977-12-02,8.198412698412698,1,1,1,0,"gas,gold,silver",167.5419898824964,5.12123400571432,0.0,0.20397844686221725,2.3441933017172984,0.8519413349175258,0.0,0.3089676702933259,0.19397844686221724,1,1
2841,1978-06-16,8.753968253968255,1,0,1,0,"gas,gold",119.72412254047532,4.785190117243581,0.0,0.10733438080986701,,,,,0.09733438080986702,1,1
2842,1977-08-09,7.869047619047619,1,1,1,1,"gas,gold,oil,silver",75.48085006900087,4.323878982612354,0.0,0.26127457173611063,2.1804788853707247,0.7795445248650011,0.0,0.39491185760416586,0.2512745717361106,1,1
2843,1977-10-21,8.079365079365079,1,1,1,0,"gas,gold,silver",161.63908010853748,5.085365949205076,0.0,0.22468788958772087,2.7675722912046536,1.0179705067426579,0.0,0.3400318343815813,0.21468788958772086,1,1
2844,1979-11-19,10.226190476190476,1,1,0,1,"gold,oil,silver",109.56696936517899,4.6965359546862215,0.0,0.2844259847377584,0.9266071325056087,-0.07622560852693894,0.0,0.4296389771066376,0.27442598473775837,1,1
2845,1980-02-08,10.46031746031746,1,1,1,1,"gas,gold,oil,silver",114.50223807255674,4.740594369288476,0.0,0.2605099831136406,0.693403073843002,-0.36614381273988306,0.0,0.3937649746704609,0.2505099831136406,1,1
2846,1980-01-17,10.396825396825397,1,1,1,1,"gas,gold,oil,silver",135.88138761751853,4.911782355320889,0.0,0.2669956784693336,2.6852342008304175,0.9877679497920583,0.0,0.4034935177040004,0.2569956784693336,1,1
2847,1980-10-23,11.19047619047619,1,1,1,0,"gas,gold,silver",76.79997834748053,4.3412043582197395,0.0,0.18592448652317153,1.3699498362604194,0.3147741233013493,0.0,0.2818867297847573,0.17592448652317152,1,1
2848,1982-03-22,12.646825396825397,1,1,1,1,"gas,gold,oil,silver",150.59518447760846,5.014595339274274,0.0,0.03715884930196427,1.6355977432786306,0.49200832975601083,0.0,0.058738273952946396,0.027158849301964265,1,1
2849,1981-03-03,11.55952380952381,1,1,1,1,"gas,gold,oil,silver",90.68077163937862,4.50734533508017,0.0,0.14822638226820622,1.8312541753806155,0.6050010738519669,0.0,0.2253395734023093,0.13822638226820622,1,1
2850,1980-12-29,11.376984126984127,1,1,1,0,"gas,gold,silver",103.14720505775547,4.636157143248614,0.0,0.16687275641582347,2.112662191611723,0.7479488543962884,0.0,0.2533091346237352,0.15687275641582346,1,1
2851,1980-05-16,10.738095238095237,1,1,0,1,"gold,oil,silver",148.86324531721561,5.003028067830867,0.0,0.2321350659324839,1.1760034348901913,0.16212177029716224,0.0,0.3512025988987259,0.2221350659324839,1,1
2852,1979-12-21,10.321428571428571,1,1,1,1,"gas,gold,oil,silver",132.32046601376686,4.885226753138639,0.0,0.27469744170421895,2.2951701865042278,0.8308069961026701,0.0,0.4150461625563285,0.26469744170421894,1,1
2853,1980-09-29,11.119047619047619,1,1,1,1,"gas,gold,oil,silver",68.07894923817469,4.220668049924134,0.0,0.19322089379832616,1.0265609864009504,0.02621436769541985,0.0,0.2928313406974893,0.18322089379832615,1,1
2854,1980-10-13,11.158730158730158,1,1,0,1,"gold,oil,silver",81.6221932845023,4.402101201516914,0.0,0.18916733420101806,1.2918512745835098,0.2560762861829889,0.0,0.2867510013015271,0.17916733420101805,1,1
2855,1980-05-26,10.761904761904763,1,1,1,0,"gas,gold,silver",127.02314301088597,4.84436929828918,0.0,0.22970293017409904,1.9020705259134483,0.6429430433061295,0.0,0.3475543952611486,0.21970293017409903,1,1
2856,1979-12-04,10.26984126984127,1,1,1,1,"gas,gold,oil,silver",117.60966707505405,4.767371235105211,0.0,0.27996706918071945,2.1604114829172243,0.7702987049035623,0.0,0.42295060377107924,0.26996706918071944,1,1
2857,1982-03-31,12.674603174603174,1,1,1,0,"gas,gold,silver",151.94539630202885,5.023521221450905,0.0,0.034321357583848605,1.7978407045604623,0.5865863362182737,0.0,0.05448203637577291,0.024321357583848607,1,1
2858,1981-03-20,11.61111111111111,1,1,0,1,"gold,oil,silver",126.0502295213756,4.83668047450792,0.0,0.1429567547917057,1.7884892441096094,0.5813712657819434,0.0,0.2174351321875585,0.13295675479170568,1,1
2859,1981-01-14,11.424603174603174,1,1,1,1,"gas,gold,oil,silver",102.5562484430022,4.6304114133594325,0.0,0.16200848489905378,2.3025418545240615,0.8340136668427225,0.0,0.24601272734858065,0.15200848489905378,1,1
2860,1981-01-28,11.464285714285714,1,1,1,1,"gas,gold,oil,silver",110.22588707261369,4.702531779046625,0.0,0.15795492530174565,1.2289987684987582,0.20619982854821128,0.0,0.23993238795261848,0.14795492530174564,1,1
2861,1981-02-11,11.503968253968255,1,1,1,1,"gas,gold,oil,silver",121.17832340031042,4.797263207807253,0.0,0.15390136570443755,1.5985020435794295,0.4690669679526188,0.0,0.2338520485566563,0.14390136570443754,1,1
2862,1981-04-22,11.702380952380953,1,1,1,1,"gas,gold,oil,silver",99.52494343972755,4.60040830058406,0.0,0.13363356771789706,1.2869626654722377,0.2522849192361415,0.0,0.20345035157684557,0.12363356771789705,1,1
2863,1980-04-10,10.634920634920634,1,0,1,0,"gas,gold",155.92143944073425,5.049352287075203,0.0,0.24267432088548496,,,,,0.23267432088548495,1,1
2864,1980-01-29,10.428571428571429,0,1,0,1,"oil,silver",,,,,3.1016324519844405,1.1319285703016746,0.0,0.39862924618723067,0.2537528307914871,1,1
2865,1981-01-27,11.46031746031746,1,1,1,0,"gas,gold,silver",99.92527307382728,4.604422637381517,0.0,0.15836028126147647,1.964025100066077,0.6749959899249869,0.0,0.2405404218922147,0.14836028126147646,1,1
2866,1981-10-15,12.202380952380953,0,0,0,1,oil,,,,,,,,,0.07255871679181498,1,1
2867,1980-08-27,11.027777777777779,1,0,1,0,"gas,gold",95.93065919090569,4.56362563038871,0.0,0.20254408087213477,,,,,0.19254408087213476,1,1
2868,1980-12-17,11.345238095238095,1,1,1,1,"gas,gold,oil,silver",120.31822619264958,4.790140117678045,0.0,0.17011560409366994,1.6577102359556235,0.5054372742233838,0.0,0.25817340614050494,0.16011560409366993,1,1
2869,1980-11-17,11.257936507936508,1,1,1,1,"gas,gold,oil,silver",116.8671929359105,4.761038186968416,0.0,0.1790334352077478,1.8577350743879149,0.6193580437817,0.0,0.2715501528116217,0.1690334352077478,1,1
2870,1980-05-12,10.722222222222221,1,1,1,1,"gas,gold,oil,silver",59.982516196555345,4.094053123033748,0.0,0.23375648977140714,0.8414241348094077,-0.17265942412798474,0.0,0.35363473465711076,0.22375648977140714,1,1
2871,1981-10-14,12.198412698412698,1,1,1,0,"gas,gold,silver",152.9450539984438,5.030078732698722,0.0,0.08296407275154578,2.538315818278702,0.9315007974367067,0.0,0.12744610912731869,0.07296407275154579,1,1
2872,1979-12-13,10.297619047619047,1,1,1,1,"gas,gold,oil,silver",75.12434881804882,4.319144724838421,0.0,0.2771295774626038,2.111217880770125,0.7472649756529819,0.0,0.41869436619390576,0.2671295774626038,1,1
2873,1980-02-29,10.51984126984127,1,1,1,1,"gas,gold,oil,silver",84.33695709408953,4.434820168631381,0.0,0.2544296437176784,1.6294253498902016,0.4882274065800612,0.0,0.38464446557651766,0.24442964371767842,1,1
2874,1981-09-08,12.095238095238095,0,1,1,0,"gas,silver",,,,,3.0281057859870453,1.1079372708919866,0.0,0.1432549915568203,0.08350332770454687,1,1
2875,1980-05-20,10.746031746031745,1,1,1,1,"gas,gold,oil,silver",114.27048583864614,4.738568320822343,0.0,0.2313243540130223,1.0998569455749059,0.09518012186980007,0.0,0.3499865310195335,0.22132435401302228,1,1
2876,1980-12-11,11.329365079365079,1,1,0,1,"gold,oil,silver",84.9582430802103,4.442159877903752,0.0,0.1717370279325932,1.0190097547276158,0.018831327038355994,0.0,0.26060554189888985,0.1617370279325932,1,1
2877,1980-12-15,11.337301587301587,1,1,0,1,"gold,oil,silver",144.87618158882046,4.975879457546038,0.0,0.17092631601313157,1.1869649245045855,0.17139956548965396,0.0,0.25938947401969736,0.16092631601313157,1,1
2878,1982-05-14,12.801587301587302,1,0,0,1,"gold,oil",154.50445527327327,5.040222932642245,0.0,0.02134996687246267,,,,,0.011349966872462671,1,1
2879,1981-06-03,11.821428571428571,1,1,1,1,"gas,gold,oil,silver",146.84112769526178,4.9893512383544,0.0,0.12147288892597276,1.9278401055685992,0.6564002599528697,0.0,0.18520933338895915,0.11147288892597276,1,1
2880,1980-05-23,10.757936507936508,1,1,1,1,"gas,gold,oil,silver",76.99629113478338,4.3437572536128775,0.0,0.23010828613382986,1.349085686523612,0.2994270937581507,0.0,0.3481624292007448,0.22010828613382985,1,1
2881,1980-04-28,10.682539682539682,1,1,0,1,"gold,oil,silver",91.71846711321662,4.518723745172512,0.0,0.23781004936871522,1.382265629009669,0.3237239131060891,0.0,0.35971507405307285,0.2278100493687152,1,1
2882,1979-12-05,10.273809523809524,1,1,1,1,"gas,gold,oil,silver",118.31205307310714,4.77332565145037,0.0,0.27956171322098866,2.506077825076874,0.91871891148922,0.0,0.42234256983148305,0.26956171322098865,1,1
2883,1980-03-24,10.583333333333334,1,1,1,0,"gas,gold,silver",96.61455226678495,4.570729374456412,0.0,0.2479439483619855,1.0198834546818878,0.01968836065219909,0.0,0.3749159225429783,0.23794394836198549,1,1
2884,1982-02-19,12.563492063492063,1,1,0,1,"gold,oil,silver",150.79082680290412,5.015893623504154,0.0,0.04567132445631128,1.7162380074189494,0.5401346904100506,0.0,0.07150698668446692,0.03567132445631128,1,1
2885,1982-03-01,12.587301587301587,1,1,0,1,"gold,oil,silver",158.64679892500018,5.066680340863782,0.0,0.04323918869792643,1.7630589820404587,0.5670503583526838,0.0,0.06785878304688964,0.03323918869792643,1,1
2886,1982-04-20,12.73015873015873,0,1,1,0,"gas,silver",,,,,1.839520673846751,0.6095050343398472,0.0,0.045969561221425884,0.018646374147617256,1,1
2887,1980-11-11,11.242063492063492,1,1,1,0,"gas,gold,silver",72.04745627865198,4.277325016876453,0.0,0.18065485904667103,1.2171966339860598,0.19655037366227424,0.0,0.27398228857000656,0.17065485904667102,1,1
2888,1980-05-06,10.706349206349206,1,0,0,0,gold,99.18019032097241,4.59693830000422,0.0,0.23537791361033036,,,,,0.22537791361033035,1,1
2889,1980-10-17,11.174603174603174,1,1,1,1,"gas,gold,oil,silver",104.14817740918024,4.645814667882043,0.0,0.18754591036209478,1.2122360368434564,0.19246661855666697,0.0,0.2843188655431422,0.17754591036209477,1,1
2890,1980-11-03,11.218253968253968,1,1,1,0,"gas,gold,silver",118.89347757612907,4.77822794580964,0.0,0.18308699480505589,1.4178552471460073,0.349145340491561,0.0,0.27763049220758385,0.17308699480505588,1,1
2891,1982-01-06,12.436507936507937,1,1,1,0,"gas,gold,silver",152.2918296162056,5.0257986118186535,0.0,0.058642715167697215,1.6869781063372573,0.5229388256119578,0.0,0.09096407275154583,0.04864271516769721,1,1
2892,1980-10-27,11.198412698412698,1,1,0,1,"gold,oil,silver",87.1122555739112,4.4671975808937034,0.0,0.18511377460370992,1.381107268019843,0.32288554557420934,0.0,0.2806706619055649,0.17511377460370992,1,1
2893,1981-09-22,12.134920634920634,1,1,1,1,"gas,gold,oil,silver",146.60269875552132,4.9877261982566505,0.0,0.08944976810723876,2.0887665001261975,0.7365737004180833,0.0,0.13717465216085814,0.07944976810723876,1,1
2894,1980-04-04,10.619047619047619,1,1,1,1,"gas,gold,oil,silver",143.89594016357546,4.969090400594535,0.0,0.24429574472440818,1.5359569638991024,0.4291536160381055,0.0,0.36944361708661233,0.23429574472440817,1,1
2895,1982-05-18,12.80952380952381,1,1,1,1,"gas,gold,oil,silver",156.16924338813453,5.0509403126915435,0.0,0.020539254953001053,1.8042056945431861,0.5901204365058926,0.0,0.03380888242950158,0.010539254953001054,1,1
2896,1982-03-29,12.666666666666666,1,1,1,1,"gas,gold,oil,silver",155.1985737771645,5.044705418126768,0.0,0.03513206950331022,1.5952657883085373,0.4670403607921201,0.0,0.05569810425496534,0.025132069503310223,1,1
2897,1980-06-06,10.797619047619047,1,1,1,0,"gas,gold,silver",78.08017174318094,4.357736141682092,0.0,0.22605472653652176,2.488897454845352,0.9118398231977884,0.0,0.34208208980478266,0.21605472653652175,1,1
2898,1982-02-11,12.53968253968254,1,1,1,1,"gas,gold,oil,silver",143.20172156977816,4.964254276589602,0.0,0.04810346021469613,1.7822827830898564,0.5778950050615262,0.0,0.0751551903220442,0.03810346021469613,1,1
2899,1981-02-26,11.547619047619047,1,1,0,0,"gold,silver",106.53822703116957,4.668503860006003,0.0,0.14944245014739865,1.4044009141156844,0.3396108162060356,0.0,0.22716367522109795,0.13944245014739864,1,1
2900,1980-07-15,10.904761904761905,1,1,1,1,"gas,gold,oil,silver",111.71818598067179,4.715979503751021,0.0,0.21511011562378987,1.1376471479611847,0.1289622243215734,0.0,0.32566517343568485,0.20511011562378986,1,1
2901,1980-06-11,10.80952380952381,1,1,1,0,"gas,gold,silver",94.90398195541566,4.5528656642236545,0.0,0.22483865865732933,1.9405556317387906,0.6629743401810415,0.0,0.340257987985994,0.21483865865732932,1,1
2902,1980-10-03,11.134920634920634,1,1,1,0,"gas,gold,silver",110.18000317592679,4.702115420869464,0.0,0.19159946995940288,1.2235379537271425,0.20174662403829302,0.0,0.29039920493910437,0.18159946995940288,1,1
2903,1979-12-03,10.265873015873016,1,1,1,1,"gas,gold,oil,silver",121.67486493227754,4.80135244564927,0.0,0.2803724251404503,1.1301366615492643,0.12233856483579425,0.0,0.4235586377106754,0.2703724251404503,1,1
2904,1981-09-15,12.115079365079366,1,1,1,1,"gas,gold,oil,silver",166.6841933699673,5.116100964444938,0.0,0.0914765479058928,3.3161419948314497,1.1988020574755056,0.0,0.1402148218588392,0.0814765479058928,1,1
2905,1980-04-17,10.654761904761905,1,1,1,1,"gas,gold,oil,silver",123.89006459953897,4.819394596554091,0.0,0.24064754108683092,1.2637511853863468,0.2340844293432787,0.0,0.3639713116302464,0.23064754108683092,1,1
2906,1980-01-08,10.369047619047619,1,1,1,0,"gas,gold,silver",95.88103194602972,4.563108172399688,0.0,0.26983317018744923,2.9697595059796784,1.0884809751183864,0.0,0.40774975528117385,0.2598331701874492,1,1
2907,1980-01-11,10.380952380952381,1,1,1,1,"gas,gold,oil,silver",127.35033959203979,4.846941868026071,0.0,0.2686171023082568,1.1907415058082536,0.17457622719302274,0.0,0.40592565346238524,0.2586171023082568,1,1
2908,1980-10-29,11.206349206349206,1,1,1,1,"gas,gold,oil,silver",89.17390625059288,4.490588465967527,0.0,0.18430306268424831,2.2112993797200966,0.7935802973765397,0.0,0.27945459402637246,0.1743030626842483,1,1
2909,1981-06-08,11.833333333333334,1,1,1,1,"gas,gold,oil,silver",137.7526215986178,4.925459479420839,0.0,0.12025682104678033,2.5036671310375667,0.9177565095120759,0.0,0.1833852315701705,0.11025682104678033,1,1
2910,1980-12-10,11.325396825396826,1,1,1,1,"gas,gold,oil,silver",94.24458282871457,4.545893348057863,0.0,0.17214238389232403,1.6655357542545688,0.5101468460012194,0.0,0.26121357583848603,0.16214238389232402,1,1
2911,1980-01-21,10.404761904761905,1,1,1,1,"gas,gold,oil,silver",100.01151536164235,4.605285332974846,0.0,0.26618496654987195,1.1335299140237802,0.12533658146307247,0.0,0.40227744982480795,0.25618496654987194,1,1
2912,1982-04-02,12.682539682539682,1,0,0,1,"gold,oil",148.3713407968823,4.9997181907681485,0.0,0.03351064566438699,,,,,0.02351064566438699,1,1
2913,1982-04-15,12.718253968253968,1,1,1,1,"gas,gold,oil,silver",151.24346106834582,5.018890863370417,0.0,0.029862442026809682,1.6830607866005844,0.5206140325603419,0.0,0.047793663040214526,0.01986244202680968,1,1
2914,1980-12-08,11.317460317460318,1,1,1,1,"gas,gold,oil,silver",98.24678190465977,4.587482496061896,0.0,0.17295309581178564,1.9365670709467813,0.6609168545119429,0.0,0.26242964371767846,0.16295309581178563,1,1
2915,1980-02-15,10.48015873015873,1,1,1,1,"gas,gold,oil,silver",187.6746550484744,5.234709905431398,0.0,0.25848320331498653,1.081396779407225,0.07825351979157597,0.0,0.39072480497247986,0.24848320331498655,1,1
2916,1981-04-10,11.670634920634921,1,1,1,1,"gas,gold,oil,silver",101.56136486233521,4.620663195721512,0.0,0.13687641539574355,1.7500494476984128,0.5596440433638987,0.0,0.20831462309361531,0.12687641539574354,1,1
2917,1981-07-15,11.94047619047619,1,1,1,1,"gas,gold,oil,silver",182.84583120579128,5.208643345351575,0.0,0.10931221013404846,2.021966883068522,0.704070742159763,0.0,0.1669683152010727,0.09931221013404846,1,1
2918,1980-09-02,11.043650793650794,1,1,1,1,"gas,gold,oil,silver",122.39765192967694,4.807275186313148,0.0,0.20092265703321152,1.8705625815568085,0.6262392313737902,0.0,0.3043839855498173,0.1909226570332115,1,1
2919,1981-05-06,11.742063492063492,1,1,1,1,"gas,gold,oil,silver",131.53279280675332,4.879256195485352,0.0,0.12958000812058895,2.018350217315413,0.7022804536109972,0.0,0.19737001218088343,0.11958000812058896,1,1
2920,1981-05-14,11.765873015873016,1,1,1,1,"gas,gold,oil,silver",111.01412867270486,4.709657478551926,0.0,0.12714787236220412,2.2622822857857696,0.8163741646847948,0.0,0.19372180854330617,0.11714787236220411,1,1
2921,1980-10-28,11.202380952380953,1,1,1,1,"gas,gold,oil,silver",132.81339402836602,4.888945090603777,0.0,0.1847084186439791,1.0542670143695905,0.05284575235195066,0.0,0.2800626279659687,0.1747084186439791,1,1
2922,1980-08-11,10.98015873015873,1,1,1,1,"gas,gold,oil,silver",125.33976822325664,4.831028195610654,0.0,0.20740835238890448,1.6214235221502202,0.4833044807748744,0.0,0.31411252858335675,0.19740835238890447,1,1
2923,1980-01-30,10.432539682539682,1,1,1,1,"gas,gold,oil,silver",111.7067620757946,4.715877242074458,0.0,0.2633474748317563,1.4721060022680317,0.3866940301242629,0.0,0.3980212122476345,0.2533474748317563,1,1
2924,1980-05-22,10.753968253968255,1,1,0,0,"gold,silver",111.29746794601701,4.71220650821155,0.0,0.23051364209356068,1.3130353088025608,0.2723414866594348,0.0,0.34877046314034105,0.22051364209356067,1,1
2925,1982-02-01,12.507936507936508,1,1,1,0,"gas,gold,silver",152.37974482876479,5.026375726471764,0.0,0.05134630789254263,1.6314700013060137,0.4894814496961752,0.0,0.08001946183881395,0.04134630789254263,1,1
2926,1981-03-09,11.575396825396826,1,1,1,1,"gas,gold,oil,silver",117.98528389130111,4.770559903902795,0.0,0.14660495842928298,2.0262981095565062,0.7062105369353018,0.0,0.22290743764392448,0.13660495842928297,1,1
2927,1981-01-13,11.420634920634921,1,1,0,1,"gold,oil,silver",119.91723666165379,4.786801810347171,0.0,0.16241384085878457,2.291759952948991,0.8293200607974064,0.0,0.24662076128817687,0.15241384085878457,1,1
2928,1980-10-30,11.21031746031746,1,1,1,1,"gas,gold,oil,silver",140.11104821082236,4.942435309697117,0.0,0.1838977067245175,1.7440787335209404,0.5562264698352782,0.0,0.2788465600867763,0.1738977067245175,1,1
2929,1980-04-30,10.69047619047619,1,1,1,1,"gas,gold,oil,silver",86.43859388004152,4.459434264500841,0.0,0.2369993374492536,0.9522499403840425,-0.048927736228789154,0.0,0.3584990061738804,0.2269993374492536,1,1
2930,1981-05-08,11.75,1,1,0,1,"gold,oil,silver",138.10211269938958,4.927993358628348,0.0,0.12876929620112734,1.0627218161341678,0.06083336815367768,0.0,0.196153944301691,0.11876929620112735,1,1
2931,1981-01-05,11.396825396825397,1,1,0,1,"gold,oil,silver",108.69019351505935,4.688501574004639,0.0,0.16484597661716943,2.124122887565903,0.7533589583755056,0.0,0.2502689649257542,0.15484597661716942,1,1
2932,1980-06-17,10.825396825396826,1,1,1,0,"gas,gold,silver",86.82814710005856,4.463930844446715,0.0,0.22321723481840608,1.347889542696127,0.2985400675126336,0.0,0.33782585222760914,0.21321723481840607,1,1
2933,1980-12-05,11.313492063492063,1,1,0,0,"gold,silver",102.65123116638254,4.631337137220417,0.0,0.17335845177151646,1.766212939008857,0.568837671928152,0.0,0.26303767765727465,0.16335845177151645,1,1
2934,1980-12-23,11.36111111111111,0,1,0,0,silver,,,,,2.17379021215324,0.7764722854931656,0.0,0.2557412703821201,0.1584941802547467,1,1
2935,1981-03-31,11.63888888888889,0,0,1,0,gas,,,,,,,,,0.13011926307359,1,1
2936,1980-01-23,10.412698412698413,0,1,0,0,silver,,,,,1.228309768282967,0.20563905221627404,0.0,0.4010613819456155,0.2553742546304103,1,1
2937,1979-11-26,10.246031746031745,1,1,1,0,"gas,gold,silver",101.19167204476108,4.617016461419373,0.0,0.28239920493910436,2.1294611799905376,0.7558689805791571,0.0,0.4265988074086566,0.27239920493910436,1,1
2938,1980-08-18,11.0,1,1,1,1,"gas,gold,oil,silver",115.06114442155182,4.745463677688063,0.0,0.20538157259025042,2.5650728187586207,0.9419868675993412,0.0,0.31107235888537565,0.1953815725902504,1,1
2939,1981-01-02,11.392857142857142,1,1,1,1,"gas,gold,oil,silver",115.14414557331034,4.746184783231355,0.0,0.16525133257690025,2.7223092770603876,1.0014805190314398,0.0,0.25087699886535036,0.15525133257690024,1,1
2940,1981-09-29,12.154761904761905,1,0,1,1,"gas,gold,oil",158.04519727096346,5.062881050796968,0.0,0.0874229883085847,,,,,0.07742298830858471,1,1
2941,1980-09-23,11.103174603174603,1,1,1,1,"gas,gold,oil,silver",133.8873772038095,4.896998977930843,0.0,0.1948423176372494,1.1555883048094404,0.1446095691099949,0.0,0.2952634764558741,0.1848423176372494,1,1
2942,1981-12-01,12.333333333333334,1,1,1,1,"gas,gold,oil,silver",156.7203295502204,5.054462876430274,0.0,0.06918197012069827,2.0188154160174228,0.702510911682981,0.0,0.1067729551810474,0.059181970120698264,1,1
2943,1980-09-18,11.091269841269842,1,1,1,1,"gas,gold,oil,silver",115.29051094374267,4.747455125048232,0.0,0.1960583855164418,1.3727318190144824,0.3168027828818786,0.0,0.29708757827466276,0.1860583855164418,1,1
2944,1979-12-18,10.30952380952381,1,1,0,1,"gold,oil,silver",102.2468897640259,4.627390376504539,0.0,0.2759135095834114,1.2624317410688837,0.23303981422564096,0.0,0.4168702643751171,0.26591350958341137,1,1
2945,1979-11-23,10.242063492063492,1,1,1,1,"gas,gold,oil,silver",101.87470482565092,4.623743674139906,0.0,0.28280456089883516,1.835241242787038,0.6071759403243209,0.0,0.42720684134825276,0.27280456089883515,1,1
2946,1980-11-18,11.261904761904763,1,0,1,1,"gas,gold,oil",96.69446652562053,4.5715561777156415,0.0,0.178628079248017,,,,,0.16862807924801698,1,1
2947,1979-12-20,10.317460317460318,1,1,1,1,"gas,gold,oil,silver",109.74618196580604,4.698170262883688,0.0,0.2751027976639498,2.0366025574910966,0.7112830065196876,0.0,0.41565419649592467,0.2651027976639498,1,1
2948,1980-06-02,10.781746031746032,1,1,1,1,"gas,gold,oil,silver",87.55731552682677,4.472293613514355,0.0,0.22767615037544497,2.6358343170393175,0.9691997607344136,0.0,0.3445142255631675,0.21767615037544497,1,1
2949,1981-09-21,12.130952380952381,1,1,1,1,"gas,gold,oil,silver",152.47695841713482,5.027013492285211,0.0,0.08985512406696956,2.5344609105307097,0.9299809558603396,0.0,0.13778268610045435,0.07985512406696957,1,1
2950,1982-06-03,12.857142857142858,1,1,1,1,"gas,gold,oil,silver",151.64200214550084,5.021522493841774,0.0,0.01567498343623135,1.6744099552884846,0.5154608377175517,0.0,0.026512475154347025,0.00567498343623135,1,1
2951,1979-11-30,10.261904761904763,1,1,1,1,"gas,gold,oil,silver",102.39174334026447,4.628806077911788,0.0,0.2807777811001811,2.248373717986119,0.81020716287008,0.0,0.42416667165027166,0.2707777811001811,1,1
2952,1979-12-07,10.281746031746032,1,1,1,1,"gas,gold,oil,silver",159.70144702435252,5.073306116071292,0.0,0.278751001301527,1.8453639456492252,0.6126765185536787,0.0,0.4211265019522906,0.268751001301527,1,1
2953,1980-06-23,10.841269841269842,1,1,1,0,"gas,gold,silver",113.23208637148528,4.729439574116497,0.0,0.22159581097948283,1.8202913009664996,0.5989965437572916,0.0,0.3353937164692243,0.21159581097948282,1,1
2954,1980-07-10,10.892857142857142,1,1,1,1,"gas,gold,oil,silver",80.18345624410458,4.384317212347987,0.0,0.2163261835029823,1.7160629489681585,0.5400326839408236,0.0,0.32748927525447347,0.2063261835029823,1,1
2955,1980-04-24,10.674603174603174,1,1,1,0,"gas,gold,silver",107.6338810898575,4.678735478180639,0.0,0.23862076128817683,1.2535416391758585,0.22597285639385917,0.0,0.3609311419322653,0.22862076128817682,1,1
2956,1981-09-24,12.142857142857142,1,1,0,1,"gold,oil,silver",129.36314349092035,4.862623515305393,0.0,0.08863905618777713,2.415459668782163,0.8818896080325922,0.0,0.1359585842816657,0.07863905618777714,1,1
2957,1980-04-08,10.626984126984127,1,1,1,1,"gas,gold,oil,silver",98.09961284495154,4.585983420028887,0.0,0.24348503280494657,1.7619434623061396,0.5664174397722462,0.0,0.3682275492074199,0.23348503280494656,1,1
2958,1980-06-16,10.821428571428571,1,1,1,1,"gas,gold,oil,silver",126.4272469336951,4.83966701966708,0.0,0.2236225907781369,2.222365647627924,0.7985722355676289,0.0,0.3384338861672054,0.2136225907781369,1,1
2959,1980-07-02,10.869047619047619,1,1,1,1,"gas,gold,oil,silver",170.94742243527017,5.141356038084947,0.0,0.21875831926136716,1.882813296532805,0.6327670926257162,0.0,0.33113747889205075,0.20875831926136715,1,1
2960,1980-08-26,11.023809523809524,1,1,1,1,"gas,gold,oil,silver",114.1024479213163,4.737096710812444,0.0,0.20294943683186556,1.716350692881332,0.5402003466667487,0.0,0.30742415524779837,0.19294943683186555,1,1
2961,1980-03-13,10.555555555555555,1,1,1,1,"gas,gold,oil,silver",151.3521644098019,5.019609336057921,0.0,0.25078144008010117,1.4045420408690614,0.3397113000932184,0.0,0.37917216012015176,0.24078144008010116,1,1
2962,1981-05-15,11.76984126984127,1,1,1,1,"gas,gold,oil,silver",102.07395813086019,4.6256976302552895,0.0,0.1267425164024733,1.8424755495963765,0.6111100747606728,0.0,0.19311377460370996,0.1167425164024733,1,1
2963,1980-12-25,11.369047619047619,1,1,1,1,"gas,gold,oil,silver",100.01693689866384,4.605339540633422,0.0,0.1676834683352851,2.817293576695047,1.0357766995432962,0.0,0.25452520250292765,0.1576834683352851,1,1
2964,1981-04-14,11.678571428571429,1,1,0,1,"gold,oil,silver",124.11588492795819,4.821215685050218,0.0,0.13606570347628194,2.3980645532681355,0.8746619758710757,0.0,0.20709855521442289,0.12606570347628193,1,1
2965,1980-09-05,11.055555555555555,1,1,0,1,"gold,oil,silver",136.8789569436184,4.919097009330024,0.0,0.1997065891540191,2.5885401263996752,0.9510940590359491,0.0,0.30255988373102866,0.18970658915401908,1,1
2966,1980-05-13,10.726190476190476,1,1,1,0,"gas,gold,silver",132.19234618270673,4.884258029998043,0.0,0.23335113381167633,1.0362396649220396,0.03559845388039601,0.0,0.3530267007175145,0.22335113381167632,1,1
2967,1980-10-15,11.166666666666666,1,1,0,1,"gold,oil,silver",77.00238891254058,4.343836446210613,0.0,0.1883566222815564,1.0852158176362925,0.08177887747626342,0.0,0.2855349334223346,0.17835662228155638,1,1
2968,1981-09-01,12.075396825396826,0,1,0,0,silver,,,,,2.7253888893582547,1.0026111296239655,0.0,0.14629516125480138,0.08553010750320092,1,1
2969,1982-04-05,12.686507936507937,1,1,1,1,"gas,gold,oil,silver",149.73923483773666,5.0088953468505,0.0,0.033105289704656184,1.6845644873468024,0.5215070659140143,0.0,0.05265793455698427,0.02310528970465618,1,1
2970,1981-08-04,11.996031746031745,1,1,1,1,"gas,gold,oil,silver",166.2118549559586,5.1132632093357575,0.0,0.10363722669781711,1.9334747505974461,0.6593187730699108,0.0,0.15845584004672567,0.09363722669781711,1,1
2971,1980-07-31,10.952380952380953,1,1,1,1,"gas,gold,oil,silver",110.29569525163429,4.703164897860817,0.0,0.21024584410702019,1.4292085484118218,0.35712082840575243,0.0,0.3183687661605303,0.20024584410702018,1,1
2972,1981-06-25,11.884920634920634,1,1,1,1,"gas,gold,oil,silver",150.13727374893233,5.011550033920401,0.0,0.11498719357027978,2.347359846589753,0.8532912270548191,0.0,0.1754807903554197,0.10498719357027979,1,1
2973,1981-12-15,12.373015873015873,1,1,0,1,"gold,oil,silver",132.0707227210342,4.883337557298136,0.0,0.06512841052339015,1.875200334053911,0.6287154985436245,0.0,0.10069261578508523,0.05512841052339015,1,1
2974,1980-02-21,10.496031746031745,1,1,0,1,"gold,oil,silver",104.87047108423972,4.652725979914414,0.0,0.2568617794760633,3.076961077943142,1.123942446907656,0.0,0.388292669214095,0.2468617794760633,1,1
2975,1980-01-24,10.416666666666666,1,1,1,1,"gas,gold,oil,silver",127.56493768652584,4.84862555012996,0.0,0.2649688986706795,1.923117982618209,0.6539478181402042,0.0,0.40045334800601934,0.2549688986706795,1,1
2976,1981-06-02,11.817460317460318,1,1,1,1,"gas,gold,oil,silver",119.31049390474827,4.78172928755518,0.0,0.12187824488570356,3.1914396468284543,1.160472114937785,0.0,0.18581736732855536,0.11187824488570357,1,1
2977,1980-08-07,10.972222222222221,1,1,1,0,"gas,gold,silver",122.99775486746965,4.812166102095825,0.0,0.20821906430836612,2.400581910877442,0.8757111708301307,0.0,0.3153285964625492,0.1982190643083661,1,1
2978,1981-02-05,11.488095238095237,1,1,1,0,"gas,gold,silver",123.5826303113511,4.816910003686559,0.0,0.1555227895433608,1.888566816128438,0.635818243073192,0.0,0.2362841843150412,0.1455227895433608,1,1
2979,1982-03-19,12.642857142857142,1,1,1,1,"gas,gold,oil,silver",145.6321235873137,4.981083740461328,0.0,0.03756420526169508,1.6947234276983747,0.5275195580193386,0.0,0.05934630789254261,0.027564205261695077,1,1
2980,1980-02-04,10.444444444444445,1,1,1,0,"gas,gold,silver",109.14358771355617,4.692664333799398,0.0,0.2621314069525638,1.5237420488859061,0.42116918367727274,0.0,0.39619711042884576,0.2521314069525638,1,1
2981,1981-01-01,11.38888888888889,1,1,1,1,"gas,gold,oil,silver",140.53604509072443,4.945464004559243,0.0,0.16565668853663104,1.7515048357428074,0.5604753245666987,0.0,0.2514850328049466,0.15565668853663103,1,1
2982,1981-11-17,12.293650793650794,1,1,1,1,"gas,gold,oil,silver",157.65171233362744,5.060388247547227,0.0,0.07323552971800634,2.3280606067660203,0.8450355633645182,0.0,0.11285329457700953,0.06323552971800635,1,1
2983,1980-08-04,10.96031746031746,1,1,1,1,"gas,gold,oil,silver",127.07741455487185,4.8447964641744585,0.0,0.20943513218755852,1.5378304833423564,0.43037264611576737,0.0,0.3171526982813378,0.1994351321875585,1,1
2984,1980-06-24,10.845238095238095,1,1,0,1,"gold,oil,silver",80.47828881505203,4.387987443886965,0.0,0.221190455019752,1.4299174061686364,0.35761668467973223,0.0,0.33478568252962804,0.211190455019752,1,1
2985,1981-04-20,11.694444444444445,1,1,1,1,"gas,gold,oil,silver",107.15146223676696,4.674243368459854,0.0,0.13444427963735867,1.512020593573953,0.413446897753182,0.0,0.204666419456038,0.12444427963735866,1,1
2986,1980-08-05,10.964285714285714,1,1,1,1,"gas,gold,oil,silver",126.87692211042999,4.843217499320154,0.0,0.20902977622782773,1.5991010702459907,0.46944164026324975,0.0,0.3165446643417416,0.19902977622782772,1,1
2987,1980-07-21,10.920634920634921,1,1,0,0,"gold,silver",101.92221788979077,4.6242099526721585,0.0,0.21348869178486665,2.7474664535386064,1.010679197408035,0.0,0.3232330376773,0.20348869178486664,1,1
2988,1980-02-14,10.476190476190476,1,1,0,1,"gold,oil,silver",95.45925227935051,4.558699478730716,0.0,0.2588885592747173,2.225472034263468,0.7999690433482978,0.0,0.3913328389120761,0.24888855927471734,1,1
2989,1979-11-20,10.23015873015873,1,1,1,1,"gas,gold,oil,silver",103.58992414320396,4.640440067790603,0.0,0.2840206287780276,2.0877454857548177,0.7360847687951544,0.0,0.42903094316704143,0.2740206287780276,1,1
2990,1980-09-26,11.115079365079366,1,1,1,1,"gas,gold,oil,silver",122.05089885279166,4.804438161439394,0.0,0.19362624975805698,1.378103045134298,0.32070794855786466,0.0,0.29343937463708547,0.18362624975805697,1,1
2991,1981-01-22,11.448412698412698,1,1,1,1,"gas,gold,oil,silver",137.98344519401664,4.927133715598947,0.0,0.15957634914066893,1.8492837731909928,0.6147984145019781,0.0,0.24236452371100337,0.14957634914066892,1,1
2992,1980-07-28,10.94047619047619,1,1,0,1,"gold,oil,silver",107.58378452499429,4.6782699349305075,0.0,0.21146191198621261,1.5497410982632542,0.43808788360098116,0.0,0.32019286797931895,0.2014619119862126,1,1
2993,1980-02-07,10.456349206349206,1,1,1,0,"gas,gold,silver",87.64632095551767,4.47330963621953,0.0,0.2609153390733714,0.8662213889473825,-0.14361475765565157,0.0,0.39437300861005714,0.2509153390733714,1,1
2994,1980-09-11,11.071428571428571,1,1,1,1,"gas,gold,oil,silver",89.80793830831645,4.497673371271009,0.0,0.19808516531509587,1.2282191437088588,0.20556526959258348,0.0,0.3001277479726438,0.18808516531509586,1,1
2995,1980-04-29,10.686507936507937,1,1,1,0,"gas,gold,silver",65.5197011026763,4.182350877609443,0.0,0.23740469340898443,1.3779485213565974,0.32059581438756013,0.0,0.35910704011347666,0.22740469340898442,1,1
2996,1980-07-01,10.865079365079366,1,1,1,1,"gas,gold,oil,silver",93.63242163898464,4.539376708537988,0.0,0.21916367522109798,1.505432438897111,0.40908019174345295,0.0,0.331745512831647,0.20916367522109797,1,1
2997,1980-03-25,10.587301587301587,1,1,0,1,"gold,oil,silver",143.58804367729857,4.96694839184756,0.0,0.2475385924022547,1.7995915400954958,0.5875597169822189,0.0,0.37430788860338204,0.2375385924022547,1,1
2998,1980-11-05,11.226190476190476,1,1,1,1,"gas,gold,oil,silver",119.86120227118869,4.786334425608706,0.0,0.18227628288559428,1.7061514455915736,0.5342402174574608,0.0,0.2764144243283914,0.17227628288559427,1,1
2999,1980-01-10,10.376984126984127,1,0,1,0,"gas,gold",124.93652533985757,4.827805811048459,0.0,0.2690224582679876,,,,,0.2590224582679876,1,1
3000,1982-02-05,12.523809523809524,1,1,1,1,"gas,gold,oil,silver",143.47281453793542,4.966145571523894,0.0,0.0497248840536194,1.6500803682450558,0.5008239947535983,0.0,0.07758732608042909,0.039724884053619396,1,1
3001,1981-04-06,11.654761904761905,1,1,1,1,"gas,gold,oil,silver",131.54192736339425,4.879325640064738,0.0,0.1384978392346668,2.5980659783026274,0.9547673137314161,0.0,0.21074675885200017,0.1284978392346668,1,1
3002,1982-06-10,12.876984126984127,1,1,1,1,"gas,gold,oil,silver",150.81762445505086,5.0160713217888375,0.0,0.013648203637577277,1.5918339255388496,0.46488676385181354,0.0,0.023472305456365916,0.003648203637577277,1,1
3003,1981-11-19,12.301587301587302,1,1,1,1,"gas,gold,oil,silver",147.37088059586767,4.992952406615256,0.0,0.07242481779854473,1.7639710889520517,0.5675675679673267,0.0,0.11163722669781712,0.06242481779854474,1,1
3004,1981-05-28,11.805555555555555,1,1,1,1,"gas,gold,oil,silver",116.40608612392231,4.7570848202184495,0.0,0.12309431276489599,2.0287440157190266,0.7074168901043106,0.0,0.18764146914734398,0.113094312764896,1,1
3005,1981-02-10,11.5,1,1,1,0,"gas,gold,silver",112.2448832803506,4.720682942334869,0.0,0.1543067216641684,1.480912987889791,0.3926587812908012,0.0,0.23446008249625255,0.14430672166416839,1,1
3006,1980-01-02,10.353174603174603,1,1,1,1,"gas,gold,oil,silver",83.15826621848784,4.420745614028942,0.0,0.27145459402637245,1.7165238716128013,0.5403012409629793,0.0,0.4101818910395587,0.26145459402637244,1,1
3007,1982-04-27,12.75,1,1,0,1,"gold,oil,silver",151.92190265213267,5.0233665904654465,0.0,0.026619594348963216,1.7543353502061865,0.5620900673548872,0.0,0.04292939152344482,0.016619594348963214,1,1
3008,1980-09-25,11.11111111111111,1,0,1,1,"gas,gold,oil",102.3226674842788,4.628131226949132,0.0,0.19403160571778777,,,,,0.18403160571778776,1,1
3009,1980-04-02,10.61111111111111,0,1,1,0,"gas,silver",,,,,2.010386264891018,0.6983268751959613,0.0,0.37065968496580476,0.2351064566438698,1,1
3010,1981-10-20,12.214285714285714,1,1,1,1,"gas,gold,oil,silver",169.58786100087906,5.1333711465089715,0.0,0.08134264891262255,2.135605596252029,0.7587502580993617,0.0,0.12501397336893383,0.07134264891262256,1,1
3011,1981-01-12,11.416666666666666,1,1,1,1,"gas,gold,oil,silver",115.3198183742025,4.747709297796732,0.0,0.1628191968185154,2.1187413665104056,0.750822217334973,0.0,0.24722879522777308,0.15281919681851538,1,1
3012,1980-04-16,10.65079365079365,1,1,0,1,"gold,oil,silver",126.49016501883777,4.840164558258471,0.0,0.24105289704656171,2.194837930036299,0.7861082078267736,0.0,0.3645793455698426,0.2310528970465617,1,1
3013,1980-10-09,11.15079365079365,1,1,1,1,"gas,gold,oil,silver",111.42217114219002,4.713326330511147,0.0,0.18997804612047967,1.1058339322091246,0.10059974011659428,0.0,0.2879670691807195,0.17997804612047966,1,1
3014,1980-09-10,11.067460317460318,1,1,1,1,"gas,gold,oil,silver",121.03389861334692,4.796070660190298,0.0,0.19849052127482666,1.549774548591184,0.4381094678300946,0.0,0.30073578191224004,0.18849052127482666,1,1
3015,1980-12-16,11.341269841269842,1,1,1,1,"gas,gold,oil,silver",106.88410028124916,4.67174507246237,0.0,0.17052096005340076,2.072256466276351,0.728638093897877,0.0,0.2587814400801011,0.16052096005340075,1,1
3016,1980-06-05,10.793650793650794,1,1,1,1,"gas,gold,oil,silver",81.62991846895046,4.402195842674948,0.0,0.22646008249625255,1.9188470452334112,0.6517245083947253,0.0,0.34269012374437885,0.21646008249625254,1,1
3017,1980-06-25,10.84920634920635,1,1,1,1,"gas,gold,oil,silver",86.81408025553768,4.463768823436435,0.0,0.2207850990600212,1.330718329936075,0.28571889412969387,0.0,0.33417764859003185,0.21078509906002119,1,1
3018,1980-03-19,10.571428571428571,1,1,1,1,"gas,gold,oil,silver",133.34695103017054,4.89295438595096,0.0,0.24916001624117792,3.5798650793100664,1.2753251123588663,0.0,0.3767400243617669,0.23916001624117791,1,1
3019,1981-10-07,12.178571428571429,1,1,1,1,"gas,gold,oil,silver",152.24715525464782,5.025505221716909,0.0,0.08499085255019986,2.577464917692531,0.9468063258338184,0.0,0.13048627882529978,0.07499085255019987,1,1
3020,1981-10-19,12.21031746031746,1,1,0,0,"gold,silver",160.52113644722556,5.07842562515951,0.0,0.08174800487235336,2.13399667402058,0.7579965943125458,0.0,0.12562200730853004,0.07174800487235336,1,1
3021,1980-01-07,10.365079365079366,1,1,1,1,"gas,gold,oil,silver",122.16675819127224,4.805386981836533,0.0,0.27023852614718,0.9479207890601541,-0.05348433606181857,0.0,0.4083577892207701,0.26023852614718,1,1
3022,1980-08-14,10.992063492063492,1,1,1,1,"gas,gold,oil,silver",83.31486423518045,4.422626975452927,0.0,0.20619228450971205,1.3603213289523155,0.30772094312876286,0.0,0.31228842676456814,0.19619228450971204,1,1
3023,1980-01-01,10.34920634920635,1,1,1,1,"gas,gold,oil,silver",71.03975199174617,4.263239607570644,0.0,0.27185994998610324,1.1231029722623918,0.11609536546397814,0.0,0.41078992497915495,0.26185994998610324,1,1
3024,1980-11-12,11.246031746031745,1,0,0,0,gold,74.21149894787925,4.306919110509748,0.0,0.1802495030869402,,,,,0.1702495030869402,1,1
3025,1981-12-29,12.412698412698413,1,1,1,1,"gas,gold,oil,silver",149.51268050590045,5.007381208671237,0.0,0.061074850926082065,1.8231217054385904,0.6005502545424822,0.0,0.0946122763891231,0.05107485092608206,1,1
3026,1982-03-24,12.654761904761905,0,1,0,1,"oil,silver",,,,,1.778316734340338,0.5756672620253652,0.0,0.05752220607375398,0.026348137382502648,1,1
3027,1979-12-24,10.325396825396826,1,1,1,1,"gas,gold,oil,silver",93.22150469062704,4.534978432099748,0.0,0.27429208574448816,0.40590516537104177,-0.901635729495069,0.0,0.41443812861673224,0.26429208574448815,1,1
3028,1981-10-23,12.226190476190476,1,1,0,1,"gold,oil,silver",151.9765853987935,5.023726465551379,0.0,0.08012658103343012,2.0495385488823685,0.717614669705774,0.0,0.1231898715501452,0.07012658103343013,1,1
3029,1981-11-16,12.28968253968254,1,1,0,0,"gold,silver",155.6688406105219,5.047730934281358,0.0,0.07364088567773716,1.9150425685907266,0.6497398514146482,0.0,0.11346132851660574,0.06364088567773717,1,1
3030,1980-07-29,10.944444444444445,1,1,1,0,"gas,gold,silver",111.6878009308371,4.715707487316349,0.0,0.2110565560264818,2.0233039344607167,0.7047317863771685,0.0,0.3195848340397227,0.2010565560264818,1,1
3031,1981-06-30,11.896825396825397,1,1,0,1,"gold,oil,silver",136.46235817400142,4.91604881230202,0.0,0.11377112569108735,2.8001504256481504,1.0296731391838736,0.0,0.17365668853663105,0.10377112569108736,1,1
3032,1982-03-25,12.658730158730158,1,1,1,1,"gas,gold,oil,silver",150.52575515795976,5.014134200165429,0.0,0.03594278142277184,1.7741441233656527,0.5733181226199313,0.0,0.05691417213415777,0.02594278142277184,1,1
3033,1980-03-31,10.603174603174603,1,1,1,1,"gas,gold,oil,silver",81.03450793816077,4.394875087877922,0.0,0.24591716856333146,2.317250511109056,0.8403813583408564,0.0,0.3718757528449972,0.23591716856333145,1,1
3034,1981-08-14,12.027777777777779,1,1,1,1,"gas,gold,oil,silver",131.46469674559341,4.878738349761444,0.0,0.10039437901997064,2.789563595552764,1.0258851662342017,0.0,0.15359156852995598,0.09039437901997065,1,1
3035,1981-04-09,11.666666666666666,1,1,0,1,"gold,oil,silver",124.05680945423576,4.820739601450567,0.0,0.13728177135547437,2.012049656618551,0.699153932160849,0.0,0.20892265703321153,0.12728177135547436,1,1
3036,1982-01-22,12.484126984126984,1,1,1,1,"gas,gold,oil,silver",157.6154254506979,5.060158049859356,0.0,0.05377844365092748,1.7996925486103599,0.5876158439854791,0.0,0.08366766547639122,0.04377844365092748,1,1
3037,1981-06-10,11.841269841269842,0,1,1,0,"gas,silver",,,,,1.6245771550763568,0.4852475696599128,0.0,0.18216916369097808,0.10944610912731871,1,1
3038,1981-08-28,12.067460317460318,1,1,0,1,"gold,oil,silver",141.72498380393202,4.953888445932231,0.0,0.09634081942266252,2.3487734439200723,0.8538932531412042,0.0,0.1475112291339938,0.08634081942266253,1,1
3039,1982-04-28,12.753968253968255,1,1,1,1,"gas,gold,oil,silver",153.96854861784115,5.036748351801615,0.0,0.026214238389232404,1.8664410093754193,0.6240334139308739,0.0,0.042321357583848605,0.016214238389232406,1,1
3040,1980-10-02,11.130952380952381,1,1,1,0,"gas,gold,silver",90.6183895491498,4.506657167608442,0.0,0.1920048259191337,1.5907208910534842,0.46418730408135406,0.0,0.29100723887870056,0.1820048259191337,1,1
3041,1980-10-16,11.170634920634921,1,1,1,1,"gas,gold,oil,silver",66.58910610141132,4.198540992116095,0.0,0.1879512663218256,1.4467177600134518,0.3692973768021873,0.0,0.2849268994827384,0.1779512663218256,1,1
3042,1979-12-25,10.329365079365079,1,0,1,1,"gas,gold,oil",138.42485507568398,4.930327615756588,0.0,0.27388672978475737,,,,,0.26388672978475736,1,1
3043,1981-12-14,12.369047619047619,1,1,1,1,"gas,gold,oil,silver",144.86352497075958,4.975792092108838,0.0,0.06553376648312095,1.8574240129018356,0.6191905885102041,0.0,0.10130064972468145,0.05553376648312096,1,1
3044,1981-02-04,11.484126984126984,1,1,1,1,"gas,gold,oil,silver",138.68735275898902,4.932222139017542,0.0,0.15592814550309161,1.7657833674164698,0.5685944261502763,0.0,0.2368922182546374,0.1459281455030916,1,1
3045,1982-06-16,12.892857142857142,1,1,1,1,"gas,gold,oil,silver",147.14727978939652,4.991433988537812,0.0,0.012026779798654044,1.5708529598290348,0.4516187583488371,0.0,0.021040169697981063,0.002026779798654043,1,1
3046,1980-08-12,10.984126984126984,1,1,1,1,"gas,gold,oil,silver",129.80316637384684,4.866019198223971,0.0,0.2070029964291737,1.7608032352326801,0.5657700885936473,0.0,0.31350449464376057,0.19700299642917368,1,1
3047,1982-02-25,12.579365079365079,1,1,1,0,"gas,gold,silver",151.71319380723997,5.021991855593251,0.0,0.044049900617388046,1.6553791307245436,0.5040300646025371,0.0,0.06907485092608207,0.034049900617388044,1,1
3048,1980-10-20,11.178571428571429,1,1,1,1,"gas,gold,oil,silver",85.54751546329722,4.449071957991255,0.0,0.18714055440236396,0.9835321751929368,-0.01660492669787056,0.0,0.283710831603546,0.17714055440236395,1,1
3049,1981-12-24,12.40079365079365,1,0,0,0,gold,139.85811672354058,4.940628456744911,0.0,0.062290918805274494,,,,,0.05229091880527449,1,1
3050,1980-03-07,10.53968253968254,1,0,0,1,"gold,oil",81.44350076726867,4.3999095377239845,0.0,0.2524028639190244,,,,,0.24240286391902438,1,1
3051,1979-12-17,10.305555555555555,1,1,0,0,"gold,silver",146.02472817542224,4.983775978431213,0.0,0.27631886554314217,2.1803711548586726,0.7794951168316682,0.0,0.41747829831471334,0.26631886554314216,1,1
3052,1980-05-15,10.734126984126984,1,1,0,0,"gold,silver",101.76408278000581,4.622657220445822,0.0,0.23254042189221472,1.8397771362807676,0.6096444426985432,0.0,0.3518106328383221,0.2225404218922147,1,1
3053,1981-12-23,12.396825396825397,1,1,0,1,"gold,oil,silver",143.29451781200586,4.964902077382193,0.0,0.06269627476500529,1.7195899472341207,0.5420858596320436,0.0,0.09704441214750796,0.052696274765005297,1,1
3054,1982-01-15,12.464285714285714,1,1,0,0,"gold,silver",143.45348087700245,4.966010807570425,0.0,0.055805223449581526,1.7431446286009706,0.5556907399176266,0.0,0.08670783517437229,0.045805223449581524,1,1
3055,1980-02-22,10.5,1,1,1,1,"gas,gold,oil,silver",149.950156721551,5.010302950353198,0.0,0.2564564235163325,2.2546806756038644,0.813008355656372,0.0,0.3876846352744988,0.2464564235163325,1,1
3056,1980-06-12,10.813492063492063,1,1,1,1,"gas,gold,oil,silver",134.675598978708,4.902868916143178,0.0,0.2244333026975985,1.0033721040046109,0.00336643121115765,0.0,0.3396499540463978,0.2144333026975985,1,1
3057,1981-06-19,11.869047619047619,1,1,1,1,"gas,gold,oil,silver",149.68007936455894,5.008500212193907,0.0,0.11660861740920302,1.9240575089791272,0.6544362421185996,0.0,0.17791292611380452,0.10660861740920302,1,1
3058,1980-04-18,10.658730158730158,1,1,1,1,"gas,gold,oil,silver",105.54995813770489,4.6591843776832125,0.0,0.2402421851271001,1.4193327833301725,0.3501868902950047,0.0,0.3633632776906502,0.2302421851271001,1,1
3059,1981-12-30,12.416666666666666,1,1,1,1,"gas,gold,oil,silver",156.7055799554453,5.054368757888452,0.0,0.06066949496635126,1.8635392454326767,0.6224774997812473,0.0,0.09400424244952689,0.05066949496635126,1,1
3060,1982-02-16,12.551587301587302,1,1,1,1,"gas,gold,oil,silver",156.40346532221193,5.052438984657389,0.0,0.04688739233550371,1.6252932461033565,0.48568825864143583,0.0,0.07333108850325555,0.036887392335503706,1,1
3061,1980-04-14,10.642857142857142,0,1,0,1,"oil,silver",,,,,2.292946265771339,0.8298375695721146,0.0,0.36579541344903505,0.23186360896602334,1,1
3062,1980-01-09,10.373015873015873,1,0,1,0,"gas,gold",119.9381388562912,4.786976100330418,0.0,0.26942781422771844,,,,,0.25942781422771843,1,1
3063,1980-11-27,11.28968253968254,1,1,1,0,"gas,gold,silver",114.62821345342995,4.7416939646737895,0.0,0.17579058752990132,1.6230808181743124,0.4843260828406406,0.0,0.266685881294852,0.1657905875299013,1,1
3064,1980-09-08,11.05952380952381,1,1,0,1,"gold,oil,silver",96.25162409542081,4.566965846744192,0.0,0.19930123319428827,2.0091026055741548,0.6976881574873811,0.0,0.30195184979143247,0.18930123319428827,1,1
3065,1981-04-08,11.662698412698413,1,1,0,1,"gold,oil,silver",118.25556716734391,4.772848105903103,0.0,0.13768712731520516,2.077119298951845,0.7309819813532066,0.0,0.20953069097280774,0.12768712731520515,1,1
3066,1982-06-17,12.896825396825397,1,1,1,0,"gas,gold,silver",148.60643508599892,5.001301436097037,0.0,0.011621423838923235,1.5902623411034986,0.46389899702677656,0.0,0.020432135758384852,0.0016214238389232344,1,1
3067,1980-04-03,10.615079365079366,1,1,0,1,"gold,oil,silver",157.85278083947875,5.061662831823665,0.0,0.244701100684139,1.9693603023882484,0.6777087704171981,0.0,0.3700516510262085,0.234701100684139,1,1
3068,1981-09-14,12.11111111111111,0,0,0,1,oil,,,,,,,,,0.08188190386562363,1,1
3069,1980-06-09,10.801587301587302,1,1,1,1,"gas,gold,oil,silver",107.47287013817326,4.677238444909156,0.0,0.22564937057679094,1.6410428299947069,0.49533191170319246,0.0,0.3414740558651864,0.21564937057679093,1,1
3070,1980-02-13,10.472222222222221,1,1,1,1,"gas,gold,oil,silver",118.22512729516728,4.772590665248897,0.0,0.25929391523444817,0.9989784689301835,-0.0010220531882836337,0.0,0.3919408728516723,0.24929391523444816,1,1
3071,1980-01-18,10.40079365079365,1,1,0,1,"gold,oil,silver",80.56756815685428,4.38909618834804,0.0,0.26659032250960274,2.170834603062419,0.7751117033151979,0.0,0.40288548376440414,0.25659032250960273,1,1
3072,1982-10-18,13.242063492063492,1,0,1,0,"gas,gold",81.82321744926296,4.404561035234129,0.0,0.36848401181602586,,,,,0.35848401181602585,1,1
3073,1983-04-07,13.73015873015873,0,1,0,1,"oil,silver",,,,,2.062630204782768,0.7239819668257552,0.0,0.4109988838508292,0.2619992559005528,1,1
3074,1983-05-02,13.797619047619047,1,1,1,0,"gas,gold,silver",97.62694676423787,4.581153549208021,0.0,0.2586639644325606,1.3017727789433429,0.2637270116159275,0.0,0.39099594664884096,0.2486639644325606,1,1
3075,1983-02-21,13.59920634920635,1,1,0,0,"gold,silver",109.02706837768497,4.6915961851396535,0.0,0.29788540992665535,1.7279968860643604,0.5469628683341525,0.0,0.449828114889983,0.28788540992665534,1,1
3076,1984-03-06,14.674603174603174,1,1,1,1,"gas,gold,oil,silver",87.29269338687136,4.46926676388896,0.0,0.08530517534866189,0.8114519242395407,-0.2089301368637125,0.0,0.13095776302299283,0.07530517534866189,1,1
3077,1984-02-02,14.583333333333334,1,1,1,0,"gas,gold,silver",93.89665732438034,4.542194787331174,0.0,0.10334704027594548,0.6665519048127833,-0.40563726570725867,0.0,0.1580205604139182,0.09334704027594548,1,1
3078,1982-11-03,13.28968253968254,1,1,1,1,"gas,gold,oil,silver",208.12314414405782,5.338129943669403,0.0,0.3590708648974431,0.9666767252561095,-0.03389114629246287,0.0,0.5416062973461647,0.3490708648974431,1,1
3079,1983-08-05,14.071428571428571,1,1,1,0,"gas,gold,silver",181.5711294862762,5.201647474928955,0.0,0.20453836965070984,1.3267343636511404,0.2827205572041028,0.0,0.3098075544760648,0.19453836965070984,1,1
3080,1982-12-06,13.380952380952381,1,1,1,0,"gas,gold,silver",123.74237902757903,4.818201815936928,0.0,0.34102899997015956,1.1125847315912785,0.10668589538610226,0.0,0.5145434999552393,0.33102899997015955,1,1
3081,1982-10-14,13.234126984126984,1,1,0,1,"gold,oil,silver",135.3126886957885,4.907588312714366,0.0,0.37005286963578965,2.469791698042494,0.9041338143073591,0.0,0.5580793044536845,0.36005286963578964,1,1
3082,1984-06-26,14.992063492063492,1,1,1,0,"gas,gold,silver",89.7799117783623,4.49736125071087,0.0,0.022550862558110323,0.6464479550446977,-0.4362625866484814,0.0,0.036826293837165486,0.012550862558110323,1,1
3083,1983-03-07,13.63888888888889,1,1,0,1,"gold,oil,silver",146.12582394690375,4.984468058420672,0.0,0.2900411208278364,2.6084493714190335,0.9587559342135671,0.0,0.4380616812417546,0.2800411208278364,1,1
3084,1983-03-04,13.634920634920634,1,1,1,0,"gas,gold,silver",254.67490619059112,5.539987854126562,0.0,0.2908255497377183,0.6113714678030816,-0.49205053760308515,0.0,0.43923832460657747,0.2808255497377183,1,1
3085,1982-12-28,13.444444444444445,1,1,0,1,"gold,oil,silver",77.5901731328575,4.351440784284442,0.0,0.32847813741204923,1.0023691765394631,0.002366374465591292,0.0,0.49571720611807385,0.3184781374120492,1,1
3086,1984-03-29,14.742063492063492,1,1,1,1,"gas,gold,oil,silver",95.15958380699921,4.555555311812322,0.0,0.07196988388066967,0.7238602554437833,-0.3231569225695061,0.0,0.11095482582100451,0.06196988388066967,1,1
3087,1982-11-02,13.285714285714286,1,1,1,1,"gas,gold,oil,silver",123.0131468798493,4.812291234862628,0.0,0.359855293807325,1.1083015325586787,0.10282869259981237,0.0,0.5427829407109875,0.349855293807325,1,1
3088,1983-08-08,14.075396825396826,1,0,0,0,gold,133.7195755136691,4.895744887105258,0.0,0.20375394074082798,,,,,0.19375394074082797,1,1
3089,1984-03-07,14.678571428571429,1,1,1,1,"gas,gold,oil,silver",101.2255459108442,4.61735115494734,0.0,0.08452074643877999,0.7353968938983791,-0.3073449338138783,0.0,0.12978111965817,0.07452074643878,1,1
3090,1984-01-23,14.551587301587302,1,1,1,1,"gas,gold,oil,silver",98.151296041268,4.586510125334912,0.0,0.10962247155500063,0.7366541296509753,-0.30563679185660253,0.0,0.16743370733250096,0.09962247155500063,1,1
3091,1983-04-15,13.753968253968255,1,1,1,1,"gas,gold,oil,silver",125.03568225573791,4.828599154612808,0.0,0.2672926824412615,4.897861391241819,1.5887986590772472,0.0,0.4039390236618922,0.25729268244126147,1,1
3092,1983-09-07,14.162698412698413,1,1,0,1,"gold,oil,silver",161.61747208920966,5.085232259606439,0.0,0.18649650472342633,1.7067775892074273,0.5346071419475362,0.0,0.28274475708513946,0.17649650472342632,1,1
3093,1984-03-26,14.73015873015873,1,1,1,1,"gas,gold,oil,silver",85.51309632363868,4.448669537588762,0.0,0.07432317061031533,0.6694001464217922,-0.4013732714690635,0.0,0.11448475591547302,0.06432317061031534,1,1
3094,1983-08-10,14.083333333333334,1,1,1,1,"gas,gold,oil,silver",107.12589455620622,4.6740047274661,0.0,0.20218508292106419,1.5373154169948398,0.43003765950438305,0.0,0.3062776243815963,0.19218508292106418,1,1
3095,1983-07-01,13.972222222222221,1,1,0,1,"gold,oil,silver",128.96984175250194,4.859578592165405,0.0,0.22414909239775724,1.5561250168230414,0.44219876753066767,0.0,0.33922363859663585,0.21414909239775723,1,1
3096,1982-10-25,13.261904761904763,1,1,1,1,"gas,gold,oil,silver",89.60357209169159,4.4953951862809856,0.0,0.3645618672666164,0.6899481297282807,-0.37113885852340134,0.0,0.5498428008999245,0.35456186726661637,1,1
3097,1982-10-15,13.238095238095237,1,1,1,1,"gas,gold,oil,silver",175.01014773821458,5.164843959317841,0.0,0.36926844072590775,1.5717545869388356,0.4521925666409141,0.0,0.5569026610888617,0.35926844072590775,1,1
3098,1982-12-30,13.452380952380953,1,1,1,1,"gas,gold,oil,silver",126.40852215073475,4.839518901518589,0.0,0.32690927959228544,1.691459164356857,0.5255915672722818,0.0,0.4933639193884282,0.31690927959228543,1,1
3099,1983-04-12,13.742063492063492,1,1,1,1,"gas,gold,oil,silver",182.86167020829592,5.20872996650347,0.0,0.26964596917090716,1.502968819662762,0.407442365154958,0.0,0.4074689537563607,0.25964596917090715,1,1
3100,1983-11-14,14.353174603174603,1,0,1,1,"gas,gold,oil",132.6535246040328,4.887740650935863,0.0,0.14884391704909536,,,,,0.13884391704909535,1,1
3101,1983-06-21,13.94047619047619,1,1,0,1,"gold,oil,silver",120.0193628633067,4.787653086959597,0.0,0.2304245236768124,1.415174224416199,0.34725265031161945,0.0,0.3486367855152186,0.2204245236768124,1,1
3102,1984-03-09,14.686507936507937,1,1,1,0,"gas,gold,silver",94.21886791747782,4.545620457889562,0.0,0.08295188861901617,0.7005170028045721,-0.3559366411162444,0.0,0.12742783292852428,0.07295188861901618,1,1
3103,1983-11-22,14.376984126984127,1,1,1,1,"gas,gold,oil,silver",108.79237470171158,4.689441246503532,0.0,0.14413734358980398,0.9103437606851754,-0.09393299180950826,0.0,0.21920601538470597,0.13413734358980398,1,1
3104,1983-11-30,14.40079365079365,1,1,1,1,"gas,gold,oil,silver",117.24789498049796,4.764290453907214,0.0,0.13943077013051264,0.6011558575594242,-0.5089010476855029,0.0,0.21214615519576893,0.12943077013051263,1,1
3105,1983-01-05,13.468253968253968,1,1,1,0,"gas,gold,silver",125.74760006584208,4.834276723834246,0.0,0.32377156395275786,1.2097576336056237,0.19042003674009406,0.0,0.4886573459291368,0.31377156395275785,1,1
3106,1983-10-27,14.305555555555555,1,1,0,1,"gold,oil,silver",91.93183236176633,4.5210473498185015,0.0,0.15825706396767808,0.8703315807611632,-0.138881012632391,0.0,0.24038559595151712,0.14825706396767807,1,1
3107,1983-09-16,14.19047619047619,1,1,0,1,"gold,oil,silver",96.27816501334348,4.56724155387724,0.0,0.18100550235425306,0.7158038977452422,-0.33434903536573257,0.0,0.2745082535313796,0.17100550235425305,1,1
3108,1983-12-09,14.428571428571429,1,1,1,1,"gas,gold,oil,silver",118.03388028731068,4.7709717043332,0.0,0.13393976776133934,0.9020802286678459,-0.10305181756687963,0.0,0.203909651642009,0.12393976776133935,1,1
3109,1983-10-31,14.313492063492063,1,1,1,0,"gas,gold,silver",133.57245956923015,4.8946440989037034,0.0,0.15668820614791432,0.6939560981008117,-0.3653465796970139,0.0,0.23803230922187146,0.1466882061479143,1,1
3110,1983-07-07,13.988095238095237,1,1,1,0,"gas,gold,silver",128.20196645781166,4.853606883353419,0.0,0.22101137675822966,1.7649596814206456,0.5681278467366098,0.0,0.33451706513734447,0.21101137675822965,1,1
3111,1983-01-13,13.492063492063492,1,1,1,1,"gas,gold,oil,silver",271.9987958008598,5.605797639083476,0.0,0.3190649904934665,1.7648265685727254,0.5680524241254057,0.0,0.4815974857401997,0.3090649904934665,1,1
3112,1982-12-29,13.448412698412698,1,1,1,1,"gas,gold,oil,silver",138.34429354501154,4.929745458869889,0.0,0.32769370850216734,1.6093200969239534,0.47581178975536087,0.0,0.494540562753251,0.3176937085021673,1,1
3113,1983-05-16,13.837301587301587,1,1,1,0,"gas,gold,silver",95.59027577110955,4.5600710970083185,0.0,0.25081967533374167,0.6782223533402753,-0.38828009002798825,0.0,0.3792295130006125,0.24081967533374166,1,1
3114,1982-11-17,13.329365079365079,1,1,0,1,"gold,oil,silver",84.06471445764016,4.431586912439703,0.0,0.35122657579862415,2.294652812394315,0.8305815520660575,0.0,0.5298398636979362,0.34122657579862414,1,1
3115,1983-06-16,13.928571428571429,1,1,1,0,"gas,gold,silver",157.84508159910715,5.061614055817938,0.0,0.2327778104064581,1.2771620186862258,0.24464044346314961,0.0,0.35216671560968715,0.22277781040645808,1,1
3116,1982-11-01,13.281746031746032,1,0,1,0,"gas,gold",188.62262769165937,5.239748340158874,0.0,0.3606397227172069,,,,,0.3506397227172069,1,1
3117,1982-11-26,13.357142857142858,1,1,1,1,"gas,gold,oil,silver",72.1792059224514,4.279151997802664,0.0,0.3457355734294509,2.057494221170863,0.7214888448997063,0.0,0.5216033601441764,0.3357355734294509,1,1
3118,1984-07-04,15.015873015873016,1,1,0,1,"gold,oil,silver",94.6534729962499,4.550222570022306,0.0,0.01784428909881893,0.7118536165716819,-0.33988298341034334,0.0,0.029766433648228396,0.007844289098818931,1,1
3119,1983-03-09,13.646825396825397,1,1,1,1,"gas,gold,oil,silver",140.63557493885034,4.946171969696497,0.0,0.2884722630080726,1.3952117307294858,0.33304618205687464,0.0,0.43570839451210897,0.2784722630080726,1,1
3120,1984-04-17,14.793650793650794,1,1,1,0,"gas,gold,silver",96.46782481278912,4.569209531118462,0.0,0.061772308052205065,0.8688642175619337,-0.1405684172924266,0.0,0.0956584620783076,0.05177230805220506,1,1
3121,1984-02-29,14.658730158730158,0,1,0,1,"oil,silver",,,,,0.7379092822182477,-0.3039343857609296,0.0,0.1356643364822842,0.07844289098818948,1,1
3122,1983-08-03,14.063492063492063,1,1,0,1,"gold,oil,silver",121.46465689895525,4.799623330743449,0.0,0.20610722747047366,1.4627786705558388,0.38033782594248233,0.0,0.3121608412057105,0.19610722747047366,1,1
3123,1984-05-29,14.912698412698413,1,0,0,0,gold,95.2926795945459,4.55695299338183,0.0,0.03823944075574823,,,,,0.028239440755748225,1,1
3124,1983-11-25,14.38888888888889,1,1,1,1,"gas,gold,oil,silver",107.66774275603659,4.6790500291427115,0.0,0.14178405686015833,1.034241114769236,0.033667935333103416,0.0,0.21567608529023746,0.13178405686015832,1,1
3125,1983-09-26,14.214285714285714,0,1,0,0,silver,,,,,1.0716780420721042,0.06922568365139341,0.0,0.26744839334244247,0.16629892889496167,1,1
3126,1983-04-01,13.714285714285714,0,1,1,0,"gas,silver",,,,,1.3026323574443923,0.26438710748215916,0.0,0.4157054573101206,0.26513697154008037,1,1
3127,1983-02-22,13.603174603174603,1,0,1,0,"gas,gold",92.37717756397447,4.525879952078205,0.0,0.29710098101677346,,,,,0.28710098101677345,1,1
3128,1983-04-05,13.722222222222221,1,1,1,1,"gas,gold,oil,silver",94.72538275097472,4.55098199755076,0.0,0.27356811372031664,1.9348937596537223,0.6600524204027143,0.0,0.41335217058047496,0.26356811372031663,1,1
3129,1983-12-13,14.436507936507937,1,1,0,1,"gold,oil,silver",119.18148778389077,4.780647438743942,0.0,0.13237090994157558,0.7846631829448663,-0.2425007195872896,0.0,0.20155636491236334,0.12237090994157557,1,1
3130,1984-02-01,14.579365079365079,1,1,1,1,"gas,gold,oil,silver",107.93237178185075,4.681504843782043,0.0,0.10413146918582734,0.7261749243607937,-0.31996435053363725,0.0,0.159197203778741,0.09413146918582735,1,1
3131,1983-12-02,14.408730158730158,1,1,0,0,"gold,silver",109.93871809258562,4.699923102300733,0.0,0.13786191231074885,0.790816896220335,-0.23468882192968704,0.0,0.20979286846612322,0.12786191231074884,1,1
3132,1983-10-11,14.257936507936508,1,1,1,1,"gas,gold,oil,silver",133.90912274442957,4.8971613814026735,0.0,0.16767021088626083,1.0819893593569703,0.0788013461402313,0.0,0.2545053163293912,0.15767021088626082,1,1
3133,1984-01-03,14.496031746031745,1,1,1,0,"gas,gold,silver",98.26054810869776,4.587622604871675,0.0,0.12060447629334714,0.6991120469695946,-0.35794425350053216,0.0,0.1839067144400207,0.11060447629334715,1,1
3134,1983-03-16,13.666666666666666,1,1,1,1,"gas,gold,oil,silver",164.2038814858221,5.101108835507646,0.0,0.2845501184586631,2.124339432885315,0.7534608989381216,0.0,0.4298251776879947,0.2745501184586631,1,1
3135,1984-02-23,14.642857142857142,1,1,1,1,"gas,gold,oil,silver",94.98973588067201,4.553768842402089,0.0,0.09158060662771705,0.6542398933121187,-0.42428118543729243,0.0,0.14037090994157558,0.08158060662771706,1,1
3136,1983-03-14,13.658730158730158,1,1,1,1,"gas,gold,oil,silver",107.86442148060112,4.680875081842877,0.0,0.2861189762784269,2.969359409562733,1.0883462425349038,0.0,0.43217846441764035,0.2761189762784269,1,1
3137,1984-03-01,14.662698412698413,1,1,1,1,"gas,gold,oil,silver",93.82697601782411,4.541452405474229,0.0,0.08765846207830758,0.8381071763737525,-0.17660929124390556,0.0,0.13448769311746137,0.07765846207830758,1,1
3138,1983-11-24,14.384920634920634,1,1,1,1,"gas,gold,oil,silver",100.7759071151366,4.612899310353306,0.0,0.1425684857700402,1.207579908820428,0.18861828143194354,0.0,0.21685272865506025,0.13256848577004018,1,1
3139,1983-07-12,14.0,1,1,1,1,"gas,gold,oil,silver",93.51929604045817,4.5381677897665575,0.0,0.218658090028584,1.4773049432218417,0.3902194434589917,0.0,0.33098713504287597,0.208658090028584,1,1
3140,1982-11-29,13.36111111111111,1,1,1,0,"gas,gold,silver",154.5920656158947,5.0407898128175095,0.0,0.344951144519569,2.0778958394827325,0.7313557660514838,0.0,0.5204267167793535,0.334951144519569,1,1
3141,1983-10-12,14.261904761904763,1,1,1,1,"gas,gold,oil,silver",105.01824734005949,4.654134119249843,0.0,0.16688578197637893,0.9574002829159359,-0.04353370651934763,0.0,0.2533286729645684,0.15688578197637892,1,1
3142,1982-12-01,13.369047619047619,1,1,1,1,"gas,gold,oil,silver",169.42792788751487,5.132427632192112,0.0,0.34338228669980525,1.8290251319726956,0.6037831101413859,0.0,0.5180734300497079,0.33338228669980524,1,1
3143,1983-01-28,13.535714285714286,1,1,1,1,"gas,gold,oil,silver",141.57109177247148,4.9528020062681115,0.0,0.31043627248476563,1.2168227853726798,0.1962431874390695,0.0,0.4686544087271485,0.3004362724847656,1,1
3144,1984-01-04,14.5,1,1,1,1,"gas,gold,oil,silver",93.28595652154283,4.535669576926475,0.0,0.11982004738346524,0.9619777659916144,-0.038763940858352386,0.0,0.18273007107519787,0.10982004738346525,1,1
3145,1983-07-08,13.992063492063492,1,1,0,1,"gold,oil,silver",153.1465351020795,5.031395208811815,0.0,0.2202269478483478,1.6014792003193299,0.470927702358215,0.0,0.3333404217725217,0.21022694784834778,1,1
3146,1983-01-19,13.507936507936508,1,1,1,1,"gas,gold,oil,silver",94.19387380487933,4.545355145549042,0.0,0.3159272748539389,0.6000068012802552,-0.5108142883631446,0.0,0.47689091228090835,0.3059272748539389,1,1
3147,1984-05-21,14.88888888888889,1,1,1,0,"gas,gold,silver",94.66917454881751,4.550388440855058,0.0,0.04294601421503958,0.7599293402095506,-0.2745298234325416,0.0,0.06741902132255936,0.03294601421503958,1,1
3148,1984-04-16,14.78968253968254,1,1,1,1,"gas,gold,oil,silver",94.0565380371381,4.543896069940527,0.0,0.06255673696208693,0.7920971048631821,-0.2330712875328711,0.0,0.0968351054431304,0.05255673696208693,1,1
3149,1982-12-17,13.416666666666666,1,1,1,0,"gas,gold,silver",126.39355131700252,4.8394004623496025,0.0,0.3339691397812225,1.0690472071645556,0.06676779118439491,0.0,0.5039537096718337,0.3239691397812225,1,1
3150,1982-11-30,13.365079365079366,1,1,0,0,"gold,silver",114.62200499378204,4.741639801500542,0.0,0.34416671560968715,1.1795919137892272,0.16516854289075042,0.0,0.5192500734145307,0.33416671560968714,1,1
3151,1983-01-07,13.476190476190476,1,1,1,1,"gas,gold,oil,silver",140.59152041599864,4.945858667572059,0.0,0.32220270613299407,1.3852099981247772,0.3258517513404519,0.0,0.4863040591994911,0.31220270613299406,1,1
3152,1983-06-29,13.964285714285714,1,1,1,0,"gas,gold,silver",190.97302512660062,5.2521321883691146,0.0,0.225717950217521,3.5143662018305637,1.2568591965806515,0.0,0.34157692532628153,0.215717950217521,1,1
3153,1984-07-12,15.03968253968254,1,1,1,1,"gas,gold,oil,silver",95.3327753881529,4.557373669562794,0.0,0.013137715639527581,0.7037467234873664,-0.3513367553296735,0.0,0.02270657345929137,0.0031377156395275808,1,1
3154,1983-03-11,13.654761904761905,1,1,1,1,"gas,gold,oil,silver",222.45694414660318,5.404733573427456,0.0,0.2869034051883088,2.249500003936364,0.8107079710489739,0.0,0.4333551077824632,0.2769034051883088,1,1
3155,1983-08-22,14.115079365079366,1,1,1,1,"gas,gold,oil,silver",122.29712599130302,4.806453542754724,0.0,0.19590965164200902,1.3376785320177074,0.29093567276250876,0.0,0.29686447746301353,0.185909651642009,1,1
3156,1983-02-15,13.583333333333334,1,1,1,1,"gas,gold,oil,silver",132.97984329867816,4.890197562590987,0.0,0.30102312556618294,1.0379482786532106,0.03724595561516622,0.0,0.45453468834927435,0.2910231255661829,1,1
3157,1984-05-18,14.884920634920634,1,0,1,0,"gas,gold",95.33360478755478,4.557382369569592,0.0,0.043730443124921484,,,,,0.03373044312492148,1,1
3158,1982-12-27,13.44047619047619,1,1,1,1,"gas,gold,oil,silver",148.91927864168179,5.003404405061021,0.0,0.3292625663219311,1.8292892233470748,0.6039274888629432,0.0,0.4968938494828967,0.3192625663219311,1,1
3159,1983-10-17,14.273809523809524,1,1,1,1,"gas,gold,oil,silver",107.00746706566514,4.672898617687422,0.0,0.16453249524673325,1.0492939389945815,0.04811749892810829,0.0,0.24979874287009984,0.15453249524673324,1,1
3160,1984-04-10,14.773809523809524,1,1,0,1,"gold,oil,silver",99.02813318652754,4.595403983366208,0.0,0.06569445260161451,0.7960072945878317,-0.2281469291246788,0.0,0.10154167890242176,0.05569445260161451,1,1
3161,1983-01-04,13.464285714285714,0,1,1,0,"gas,silver",,,,,2.690594961723218,0.9897623445198743,0.0,0.4898339892939596,0.31455599286263974,1,1
3162,1983-06-14,13.920634920634921,1,1,0,0,"gold,silver",124.42302324931269,4.823687237532322,0.0,0.23434666822622185,1.2589115294026594,0.23024748206306464,0.0,0.3545200023393328,0.22434666822622185,1,1
3163,1984-01-18,14.53968253968254,1,1,0,1,"gold,oil,silver",90.95519781126418,4.510367053537434,0.0,0.11197575828464632,0.616099560656196,-0.48434670406656355,0.0,0.17096363742696946,0.10197575828464632,1,1
3164,1982-11-11,13.313492063492063,1,1,1,1,"gas,gold,oil,silver",95.51189989032318,4.559250845905374,0.0,0.35436429143815174,2.454912160224683,0.8980909806571536,0.0,0.5345464371572276,0.3443642914381517,1,1
3165,1983-02-18,13.595238095238095,1,1,0,0,"gold,silver",87.55050807089071,4.4722158619233685,0.0,0.29866983883653725,0.9171835628944113,-0.08644764912014397,0.0,0.45100475825480585,0.28866983883653724,1,1
3166,1984-03-14,14.698412698412698,1,1,1,1,"gas,gold,oil,silver",95.08342570736647,4.554754671579649,0.0,0.0805986018893705,0.7709731419321332,-0.26010174139245607,0.0,0.12389790283405576,0.0705986018893705,1,1
3167,1984-01-09,14.511904761904763,1,1,1,0,"gas,gold,silver",100.44319095657953,4.609592303563504,0.0,0.11746676065381957,0.6572004997299533,-0.4197661324268096,0.0,0.17920014098072934,0.10746676065381958,1,1
3168,1984-02-07,14.595238095238095,1,1,1,1,"gas,gold,oil,silver",96.94030745323536,4.574095401994987,0.0,0.10099375354629976,0.6993434090672624,-0.3576133711706304,0.0,0.15449063031944962,0.09099375354629977,1,1
3169,1983-10-18,14.277777777777779,1,1,1,1,"gas,gold,oil,silver",78.39519748532896,4.3617626689154205,0.0,0.16374806633685135,1.1149214514681878,0.10878395531683477,0.0,0.248622099505277,0.15374806633685134,1,1
3170,1983-04-13,13.746031746031745,1,0,1,1,"gas,gold,oil",146.57874718565918,4.987562807494738,0.0,0.26886154026102527,,,,,0.25886154026102526,1,1
3171,1984-06-28,15.0,1,1,1,0,"gas,gold,silver",92.79062927399195,4.53034565704262,0.0,0.020982004738346514,0.6962297643231664,-0.36207555197174157,0.0,0.03447300710751977,0.010982004738346512,1,1
3172,1983-03-17,13.670634920634921,1,1,1,0,"gas,gold,silver",147.23287372778486,4.992015508316084,0.0,0.28376568954878123,1.2588439185410867,0.23019377481231157,0.0,0.42864853432317185,0.2737656895487812,1,1
3173,1984-02-20,14.630952380952381,1,1,1,1,"gas,gold,oil,silver",100.6145403067868,4.61129678307409,0.0,0.09393389335736273,0.9061206929977067,-0.09858276658226153,0.0,0.1439008400360441,0.08393389335736273,1,1
3174,1983-09-09,14.170634920634921,1,0,0,1,"gold,oil",102.32582188404388,4.628162054440457,0.0,0.1849276469036625,,,,,0.1749276469036625,1,1
3175,1982-10-20,13.25,1,1,0,1,"gold,oil,silver",161.02447324733077,5.081556361179852,0.0,0.36691515399626207,0.3595898145122605,-1.0227913012789756,0.0,0.5533727309943931,0.35691515399626206,1,1
3176,1983-12-29,14.484126984126984,0,1,0,0,silver,,,,,0.5444731347708187,-0.6079366770902208,0.0,0.18743664453448922,0.11295776302299283,1,1
3177,1983-10-21,14.28968253968254,1,1,1,1,"gas,gold,oil,silver",115.72691628785847,4.751233245759354,0.0,0.16139477960720566,0.8211530613993796,-0.1970457540201918,0.0,0.24509216941080847,0.15139477960720565,1,1
3178,1982-11-24,13.34920634920635,1,1,1,0,"gas,gold,silver",125.67687428112664,4.833714123182383,0.0,0.34730443124921473,0.7447753266826163,-0.29467268100810184,0.0,0.523956646873822,0.3373044312492147,1,1
3179,1983-06-02,13.88888888888889,1,0,0,1,"gold,oil",116.25638074392604,4.755797931080962,0.0,0.24062209950527702,,,,,0.230622099505277,1,1
3180,1982-12-08,13.38888888888889,1,1,1,1,"gas,gold,oil,silver",158.5186409458406,5.065872194893107,0.0,0.33946014215039577,0.9145904969764717,-0.08927885817246023,0.0,0.5121902132255935,0.32946014215039576,1,1
3181,1983-10-28,14.30952380952381,1,1,1,1,"gas,gold,oil,silver",121.86402883944106,4.802905905487043,0.0,0.15747263505779618,0.6047882444270052,-0.5028768914303778,0.0,0.23920895258669425,0.14747263505779618,1,1
3182,1983-05-11,13.825396825396826,1,1,0,0,"gold,silver",130.89892207273064,4.874425438143451,0.0,0.2531729620633873,1.8544848505223925,0.6176069488779554,0.0,0.38275944309508103,0.24317296206338732,1,1
3183,1983-10-05,14.242063492063492,1,1,1,0,"gas,gold,silver",98.10425501824444,4.586030739924711,0.0,0.1708079265257884,1.090966177607322,0.08706370509386929,0.0,0.2592118897886826,0.1608079265257884,1,1
3184,1983-05-13,13.833333333333334,1,1,0,1,"gold,oil,silver",103.35126267029418,4.638133503472537,0.0,0.25160410424362356,1.939640673721078,0.6625027361885409,0.0,0.38040615636543534,0.24160410424362355,1,1
3185,1984-04-11,14.777777777777779,1,1,0,0,"gold,silver",91.85334166118379,4.520193192721533,0.0,0.06491002369173264,0.6657486365051233,-0.406843102348588,0.0,0.10036503553759897,0.054910023691732646,1,1
3186,1982-11-04,13.293650793650794,1,1,1,1,"gas,gold,oil,silver",192.25051430127988,5.258799283551381,0.0,0.3582864359875612,1.7023246436886181,0.5319947544348984,0.0,0.5404296539813418,0.3482864359875612,1,1
3187,1982-10-22,13.257936507936508,1,1,1,1,"gas,gold,oil,silver",235.69266221037907,5.462528677554122,0.0,0.3653462961764983,1.38479925293018,0.3255551854012219,0.0,0.5510194442647475,0.35534629617649827,1,1
3188,1984-03-12,14.69047619047619,1,1,1,0,"gas,gold,silver",85.64119628051658,4.4501664323361645,0.0,0.08216745970913432,0.6139561119686264,-0.48783183226819,0.0,0.12625118956370146,0.07216745970913432,1,1
3189,1983-08-11,14.087301587301587,0,1,1,1,"gas,oil,silver",,,,,2.032529627733531,0.7092811393242526,0.0,0.30510098101677346,0.1914006540111823,1,1
3190,1983-11-02,14.321428571428571,0,1,1,0,"gas,silver",,,,,0.6817653595819884,-0.38306972787034743,0.0,0.23567902249222575,0.1451193483281505,1,1
3191,1983-05-20,13.853174603174603,1,1,1,1,"gas,gold,oil,silver",97.46894956076807,4.579533861239318,0.0,0.24768195969421408,1.2151733054696752,0.19488670486729065,0.0,0.3745229395413211,0.23768195969421407,1,1
3192,1984-04-12,14.781746031746032,1,1,1,1,"gas,gold,oil,silver",89.78866290753193,4.4974587190924264,0.0,0.06412559478185073,0.7581907957322783,-0.27682021560392567,0.0,0.09918839217277611,0.054125594781850736,1,1
3193,1983-11-07,14.333333333333334,1,1,0,1,"gold,oil,silver",86.72073303913167,4.462692990597627,0.0,0.15276606159850484,0.6884397232489717,-0.37332751257774816,0.0,0.23214909239775722,0.14276606159850483,1,1
3194,1983-08-01,14.055555555555555,1,1,0,0,"gold,silver",134.62316064765741,4.90247947259887,0.0,0.20767608529023748,1.2122133759245246,0.19244792489466422,0.0,0.3145141279353562,0.19767608529023747,1,1
3195,1983-05-03,13.801587301587302,0,1,0,0,silver,,,,,1.4688674467719642,0.38449165947303626,0.0,0.38981930328401804,0.2478795355226787,1,1
3196,1983-12-15,14.444444444444445,1,1,1,1,"gas,gold,oil,silver",88.81785218009925,4.4865876678568615,0.0,0.13080205212181176,0.6469085189489013,-0.43555038713824257,0.0,0.19920307818271762,0.12080205212181176,1,1
3197,1983-09-01,14.146825396825397,1,1,0,1,"gold,oil,silver",82.04526101496805,4.4072710585855495,0.0,0.1896342203629539,0.9232072664910117,-0.07990151227681289,0.0,0.28745133054443084,0.1796342203629539,1,1
3198,1983-08-16,14.09920634920635,1,1,1,1,"gas,gold,oil,silver",84.16510027718132,4.432780349305983,0.0,0.19904736728153663,0.9931689024822138,-0.006854536267008576,0.0,0.30157105092230496,0.18904736728153662,1,1
3199,1983-10-07,14.25,1,0,0,1,"gold,oil",130.22910071914296,4.869295212627835,0.0,0.1692390687060246,,,,,0.15923906870602458,1,1
3200,1983-02-14,13.579365079365079,1,0,1,1,"gas,gold,oil",227.68960052860456,5.42798330021557,0.0,0.30180755447606483,,,,,0.2918075544760648,1,1
3201,1982-12-15,13.408730158730158,1,1,0,1,"gold,oil,silver",251.63048157301182,5.527961668414225,0.0,0.3355379976009863,0.9529735004044478,-0.04816818221564695,0.0,0.5063069964014795,0.3255379976009863,1,1
3202,1983-05-10,13.821428571428571,1,1,1,0,"gas,gold,silver",103.77612681617585,4.6422359521425065,0.0,0.25395739097326925,0.6465200575141327,-0.4361510564809763,0.0,0.38393608645990385,0.24395739097326924,1,1
3203,1983-07-15,14.011904761904763,1,1,1,1,"gas,gold,oil,silver",73.59369371444879,4.298559338836215,0.0,0.2163048032989383,1.4206627007982946,0.3511234534499575,0.0,0.32745720494840747,0.2063048032989383,1,1
3204,1983-03-22,13.682539682539682,1,0,0,1,"gold,oil",131.95280218812047,4.88244429946594,0.0,0.28141240281913554,,,,,0.27141240281913553,1,1
3205,1983-09-06,14.158730158730158,1,1,1,1,"gas,gold,oil,silver",119.69382994733897,4.784937065264954,0.0,0.1872809336333082,0.7403914461432152,-0.30057625137058047,0.0,0.2839214004499623,0.17728093363330819,1,1
3206,1983-10-25,14.297619047619047,1,1,1,0,"gas,gold,silver",110.03552313111862,4.700803251214931,0.0,0.1598259217874419,0.8145807983677535,-0.20508165589961835,0.0,0.24273888268116284,0.1498259217874419,1,1
3207,1984-02-13,14.61111111111111,1,1,0,1,"gold,oil,silver",107.48367203199936,4.677338947957131,0.0,0.09785603790677218,0.8923304881147573,-0.11391871265037834,0.0,0.14978405686015825,0.08785603790677218,1,1
3208,1983-11-09,14.341269841269842,1,1,1,1,"gas,gold,oil,silver",113.94932713909317,4.735753850795744,0.0,0.15119720377874107,0.7785203076830955,-0.25036020239243784,0.0,0.22979580566811156,0.14119720377874106,1,1
3209,1984-05-09,14.857142857142858,1,1,0,1,"gold,oil,silver",92.17014844185059,4.523636308526687,0.0,0.04922144549409474,0.6780054204493439,-0.38859999631065534,0.0,0.07683216824114211,0.03922144549409474,1,1
3210,1983-11-17,14.365079365079366,1,1,1,0,"gas,gold,silver",116.11059132232587,4.754543110402847,0.0,0.14649063031944967,0.7644258045254482,-0.26863030930321824,0.0,0.22273594547917447,0.13649063031944966,1,1
3211,1983-03-24,13.69047619047619,1,1,1,1,"gas,gold,oil,silver",156.2289834414518,5.0513227735950625,0.0,0.2798435449993718,1.526420952771508,0.42292574853820897,0.0,0.4227653174990577,0.2698435449993718,1,1
3212,1983-08-23,14.119047619047619,0,1,1,0,"gas,silver",,,,,1.5194951154869962,0.41837811881672815,0.0,0.2956878340981907,0.18512522273212714,1,1
3213,1982-11-23,13.345238095238095,0,1,0,1,"oil,silver",,,,,1.048910575170575,0.04775207808787624,0.0,0.5251332902386449,0.33808886015909656,1,1
3214,1983-10-10,14.253968253968255,1,1,1,1,"gas,gold,oil,silver",93.94274101826343,4.542685458566434,0.0,0.16845463979614272,1.0127479149535648,0.012667344301767192,0.0,0.2556819596942141,0.15845463979614272,1,1
3215,1984-07-11,15.035714285714286,1,1,0,0,"gold,silver",93.15888283683167,4.534306453068235,0.0,0.013922144549409486,0.6845753681976231,-0.3789565333790579,0.0,0.023883216824114227,0.003922144549409486,1,1
3216,1983-12-21,14.46031746031746,1,1,1,1,"gas,gold,oil,silver",95.1819237288545,4.555790046970691,0.0,0.12766433648228417,0.7306644980760848,-0.3138008875483078,0.0,0.19449650472342625,0.11766433648228418,1,1
3217,1982-10-19,13.246031746031745,1,1,1,0,"gas,gold,silver",163.9979041713196,5.0998536482993675,0.0,0.36769958290614396,1.2273966729101007,0.2048954002881532,0.0,0.5545493743592159,0.35769958290614395,1,1
3218,1983-08-02,14.05952380952381,1,1,1,1,"gas,gold,oil,silver",125.4121017555907,4.831605128770486,0.0,0.20689165638035556,1.9551381249120343,0.6704608430705028,0.0,0.31333748457053334,0.19689165638035555,1,1
3219,1982-12-07,13.384920634920634,1,1,0,1,"gold,oil,silver",240.79977936792756,5.483965797188098,0.0,0.34024457106027767,1.6393037743171295,0.49427162384323675,0.0,0.5133668565904165,0.33024457106027766,1,1
3220,1983-12-20,14.456349206349206,1,1,0,1,"gold,oil,silver",93.74794133815728,4.540609705549761,0.0,0.1284487653921661,0.6341028758448833,-0.4555440729688464,0.0,0.19567314808824912,0.11844876539216609,1,1
3221,1982-11-22,13.341269841269842,1,1,1,1,"gas,gold,oil,silver",106.37058507699084,4.666929082643208,0.0,0.34887328906897846,1.4776636693320016,0.3904622386686586,0.0,0.5263099336034678,0.33887328906897846,1,1
3222,1983-12-06,14.416666666666666,1,1,1,1,"gas,gold,oil,silver",95.34128794860911,4.557462958691193,0.0,0.13629305449098505,0.9052558957717216,-0.09953761749184349,0.0,0.20743958173647756,0.12629305449098505,1,1
3223,1982-10-26,13.265873015873016,1,1,0,0,"gold,silver",140.04597644514544,4.941970771876393,0.0,0.3637774383567345,0.5038061262863931,-0.6855637549819577,0.0,0.5486661575351017,0.3537774383567345,1,1
3224,1983-12-16,14.448412698412698,1,1,1,1,"gas,gold,oil,silver",121.8788626195886,4.803027622104722,0.0,0.1300176232119299,0.7716261637674051,-0.2592550900658706,0.0,0.19802643481789484,0.1200176232119299,1,1
3225,1983-09-30,14.23015873015873,1,1,1,1,"gas,gold,oil,silver",117.3825113213192,4.765437929698726,0.0,0.1731612132554341,0.9474365260069392,-0.053995335291254457,0.0,0.2627418198831511,0.1631612132554341,1,1
3226,1987-07-20,18.16269841269841,1,1,1,1,"gas,gold,oil,silver",119.16591057321777,4.7805167286056935,0.0,0.16235734663491985,1.0344162875873768,0.03383729427901659,0.0,0.24653601995237973,0.15235734663491984,1,1
3227,1987-09-07,18.3015873015873,1,1,1,1,"gas,gold,oil,silver",160.35684318813014,5.07740160179936,0.0,0.13720401110556993,1.2628409771631506,0.23336392662339883,0.0,0.20880601665835483,0.12720401110556992,1,1
3228,1987-01-08,17.61904761904762,1,0,0,0,gold,152.0673892924498,5.0243237732036565,0.0,0.2608146885640898,,,,,0.2508146885640898,1,1
3229,1988-01-05,18.642857142857142,1,1,1,1,"gas,gold,oil,silver",172.15083577983512,5.148371044723866,0.0,0.07539867237630994,1.1957329655523417,0.17875935764977713,0.0,0.11609800856446491,0.06539867237630995,1,1
3230,1987-06-02,18.02777777777778,1,1,1,1,"gas,gold,oil,silver",137.8214899992814,4.925959297068426,0.0,0.18679201543485985,0.8465201109332363,-0.16662131994368432,0.0,0.28318802315228975,0.17679201543485984,1,1
3231,1986-09-23,17.313492063492063,1,1,1,1,"gas,gold,oil,silver",202.5506515407306,5.310989986334371,0.0,0.3161520267286597,2.502420931147472,0.91725863576301,0.0,0.4772280400929896,0.3061520267286597,1,1
3232,1986-08-26,17.234126984126984,1,1,1,1,"gas,gold,oil,silver",187.24756639447924,5.232431625754685,0.0,0.3305253613168597,0.4205253927200696,-0.866250414424293,0.0,0.49878804197528953,0.3205253613168597,1,1
3233,1986-09-03,17.25793650793651,1,1,1,1,"gas,gold,oil,silver",117.94771414757551,4.770241425823379,0.0,0.32621336094039977,2.158004068981115,0.769183752367583,0.0,0.4923200414105996,0.31621336094039976,1,1
3234,1987-09-02,18.28968253968254,1,1,1,1,"gas,gold,oil,silver",171.2393202984952,5.143062111977202,0.0,0.1393600112937999,1.5706796819461755,0.4515084441151215,0.0,0.21204001694069982,0.1293600112937999,1,1
3235,1986-02-12,16.682539682539684,1,1,1,0,"gas,gold,silver",126.8511304570447,4.843014197767857,0.0,0.43042003670484963,0.6541096959628406,-0.42448021076014975,0.0,0.6486300550572743,0.4204200367048496,1,1
3236,1986-06-18,17.03968253968254,1,1,1,0,"gas,gold,silver",97.184925892345,4.576615616027629,0.0,0.36574003105794967,1.9494292398644604,0.6675366322259751,0.0,0.5516100465869245,0.35574003105794966,1,1
3237,1987-12-11,18.575396825396826,1,1,1,0,"gas,gold,silver",151.79256938255355,5.0225149137143825,0.0,0.08761600677627994,1.2910054864200193,0.25542136159987444,0.0,0.1344240101644199,0.07761600677627994,1,1
3238,1986-08-25,17.23015873015873,1,1,1,1,"gas,gold,oil,silver",129.3947661308063,4.862867934037092,0.0,0.33124402804626973,1.4159929892958798,0.3478310441970397,0.0,0.49986604206940455,0.3212440280462697,1,1
3239,1987-07-27,18.182539682539684,1,0,1,0,"gas,gold",158.2107807310329,5.063928199225567,0.0,0.15876401298786988,,,,,0.14876401298786987,1,1
3240,1986-04-30,16.900793650793652,1,1,1,1,"gas,gold,oil,silver",235.47214009976506,5.461592605395781,0.0,0.3908933665872997,2.3426385958342237,0.8512778991578981,0.0,0.5893400498809495,0.38089336658729966,1,1
3241,1987-11-25,18.52777777777778,1,1,1,1,"gas,gold,oil,silver",158.43519326183855,5.065345634385399,0.0,0.0962400075291999,1.4081289274821494,0.34226182135780076,0.0,0.14736001129379983,0.0862400075291999,1,1
3242,1986-02-27,16.726190476190474,1,1,0,1,"gold,oil,silver",206.72941395612725,5.331410759205787,0.0,0.42251470268133967,1.2422021410726425,0.2168857247550421,0.0,0.6367720540220094,0.41251470268133966,1,1
3243,1987-04-06,17.865079365079364,1,0,0,1,"gold,oil",119.15805955949689,4.78045084338467,0.0,0.2162573513406698,,,,,0.2062573513406698,1,1
3244,1986-03-10,16.753968253968253,1,1,1,1,"gas,gold,oil,silver",114.8496300519432,4.743623707988807,0.0,0.41748403557546965,2.1734480551664683,0.7763148719968544,0.0,0.6292260533632044,0.40748403557546964,1,1
3245,1987-03-02,17.765873015873016,1,1,1,0,"gas,gold,silver",136.465909358799,4.916074835145531,0.0,0.23422401957591982,1.96667169015912,0.6763426165584984,0.0,0.3543360293638797,0.2242240195759198,1,1
3246,1987-03-09,17.785714285714285,1,1,0,0,"gold,silver",151.9629217167748,5.023636555015183,0.0,0.2306306859288698,1.4879093485467827,0.39737201287955015,0.0,0.34894602889330467,0.22063068592886978,1,1
3247,1986-03-28,16.80952380952381,1,0,1,0,"gas,gold",144.84249003059196,4.975646876344475,0.0,0.40742270136372966,,,,,0.39742270136372965,1,1
3248,1986-06-19,17.043650793650794,1,1,1,1,"gas,gold,oil,silver",84.16527206857677,4.432782390427773,0.0,0.36502136432853965,1.8965026965439873,0.640011503998686,0.0,0.5505320464928095,0.35502136432853965,1,1
3249,1986-02-21,16.71031746031746,1,1,1,0,"gas,gold,silver",186.3867803812955,5.2278239790352945,0.0,0.42538936959897966,2.5168536059160975,0.9230095523306268,0.0,0.6410840543984694,0.41538936959897965,1,1
3250,1986-07-30,17.158730158730158,1,1,1,1,"gas,gold,oil,silver",144.67892138557096,4.974516951883111,0.0,0.3441800291756497,1.2695228749889562,0.23864114089663907,0.0,0.5192700437634745,0.3341800291756497,1,1
3251,1986-06-06,17.00793650793651,1,1,0,1,"gold,oil,silver",70.44865975883285,4.254884214158519,0.0,0.3714893648932297,1.1453663399090537,0.13572453335273443,0.0,0.5602340473398445,0.3614893648932297,1,1
3252,1986-04-11,16.849206349206348,0,1,1,0,"gas,silver",,,,,2.6614409873660483,0.9788677006875242,0.0,0.6033540511044444,0.39023603406962964,1,1
3253,1988-02-22,18.77777777777778,1,1,1,1,"gas,gold,oil,silver",173.43794088548677,5.155819845979969,0.0,0.05096400357636996,1.5206704646238003,0.41915133275155536,0.0,0.07944600536455493,0.04096400357636996,1,1
3254,1987-08-14,18.238095238095237,1,1,0,0,"gold,silver",142.06601458727133,4.956291841032363,0.0,0.14870267877612986,1.1774333261481615,0.16333692207654263,0.0,0.22605401816419476,0.13870267877612985,1,1
3255,1986-02-10,16.674603174603174,1,1,0,1,"gold,oil,silver",200.65558411948797,5.3015899264751285,0.0,0.43185737016366965,3.295474843535875,1.1925502679011268,0.0,0.6507860552455045,0.42185737016366964,1,1
3256,1986-04-01,16.817460317460316,1,1,0,1,"gold,oil,silver",321.461357804606,5.77287734300007,0.0,0.4059853679049097,1.0005442952413544,0.0005441471664280884,0.0,0.6119780518573644,0.3959853679049097,1,1
3257,1988-02-19,18.773809523809526,1,1,1,1,"gas,gold,oil,silver",159.2167435303472,5.0702664408093145,0.0,0.05168267030577996,1.3183054803064134,0.2763471848742716,0.0,0.08052400545866993,0.041682670305779955,1,1
3258,1987-02-03,17.69047619047619,1,1,0,1,"gold,oil,silver",104.9114811723493,4.653116958148631,0.0,0.2478786874347098,1.1188202398627294,0.11227477287092237,0.0,0.3748180311520647,0.2378786874347098,1,1
3259,1986-10-28,17.41269841269841,1,1,1,1,"gas,gold,oil,silver",80.25734078536289,4.385238231787546,0.0,0.29818535849340977,0.8457405539573715,-0.1675426402191963,0.0,0.4502780377401146,0.28818535849340976,1,1
3260,1986-02-13,16.686507936507937,1,1,1,1,"gas,gold,oil,silver",92.83882162504774,4.530864888790655,0.0,0.4297013699754396,0.9922739821810643,-0.007756018116391983,0.0,0.6475520549631594,0.4197013699754396,1,1
3261,1986-02-14,16.69047619047619,1,1,1,1,"gas,gold,oil,silver",245.1672810587689,5.5019407573883345,0.0,0.4289827032460296,0.9831396808995552,-0.01700407238897983,0.0,0.6464740548690444,0.4189827032460296,1,1
3262,1986-09-30,17.333333333333332,1,1,1,1,"gas,gold,oil,silver",89.16491579189052,4.490487641496365,0.0,0.3125586930816097,1.589088054199594,0.4631603008710855,0.0,0.47183803962241455,0.3025586930816097,1,1
3263,1986-09-12,17.285714285714285,1,1,1,1,"gas,gold,oil,silver",152.7145346947034,5.028570392335965,0.0,0.32118269383452974,1.2573536286450382,0.2290092175250853,0.0,0.4847740407517946,0.31118269383452973,1,1
3264,1986-08-18,17.21031746031746,1,1,1,1,"gas,gold,oil,silver",75.72981784812407,4.327171977842554,0.0,0.3348373616933197,0.8863720140862972,-0.12061853604361406,0.0,0.5052560425399795,0.32483736169331967,1,1
3265,1986-02-06,16.666666666666668,1,1,1,1,"gas,gold,oil,silver",120.42307164256808,4.79101113945528,0.0,0.4332947036224897,0.6199177957458796,-0.47816839724014615,0.0,0.6529420554337344,0.42329470362248967,1,1
3266,1986-06-12,17.023809523809526,1,1,0,1,"gold,oil,silver",147.7772255533745,4.995705907015734,0.0,0.3686146979755897,1.3972476523224935,0.33450433895333603,0.0,0.5559220469633845,0.3586146979755897,1,1
3267,1987-06-22,18.083333333333332,1,1,1,1,"gas,gold,oil,silver",134.79847758839912,4.903780904559825,0.0,0.17673068122311983,0.9537816697230485,-0.04732049145843126,0.0,0.26809602183467973,0.16673068122311982,1,1
3268,1986-12-04,17.51984126984127,1,1,1,1,"gas,gold,oil,silver",145.3539705674555,4.97917194391733,0.0,0.27878135679933974,1.1286550433600673,0.12102669672642836,0.0,0.42117203519900964,0.26878135679933973,1,1
3269,1986-08-08,17.186507936507937,1,0,0,0,gold,68.63307147230654,4.228774509996139,0.0,0.33914936206977975,,,,,0.32914936206977974,1,1
3270,1987-09-29,18.365079365079364,1,0,0,1,"gold,oil",186.64018427084326,5.229182615018963,0.0,0.12570534343500991,,,,,0.11570534343500992,1,1
3271,1987-05-18,17.984126984126984,1,1,0,0,"gold,silver",165.86086603075776,5.111149280465821,0.0,0.19469734945836986,0.8952237532909748,-0.11068158827592657,0.0,0.29504602418755477,0.18469734945836985,1,1
3272,1986-05-23,16.96825396825397,1,1,0,1,"gold,oil,silver",99.34257368605273,4.598574217195955,0.0,0.3786760321873297,0.3721719067362269,-0.9883994165688588,0.0,0.5710140482809946,0.3686760321873297,1,1
3273,1987-07-29,18.19047619047619,1,1,1,1,"gas,gold,oil,silver",104.68396370794883,4.650945941942685,0.0,0.15732667952904988,1.0330496851004356,0.03251528685153841,0.0,0.23899001929357477,0.14732667952904988,1,1
3274,1986-07-14,17.11111111111111,1,1,0,1,"gold,oil,silver",122.36754300287359,4.807029163368885,0.0,0.35280402992856974,0.9602367183933196,-0.04057544325680798,0.0,0.5322060448928545,0.34280402992856973,1,1
3275,1986-02-26,16.72222222222222,0,0,1,0,gas,,,,,,,,,0.4132333694107496,1,1
3276,1986-11-20,17.48015873015873,1,1,1,1,"gas,gold,oil,silver",116.15019345018881,4.754884124735383,0.0,0.28596802409343974,0.5647003037212378,-0.5714601244581962,0.0,0.4319520361401596,0.27596802409343973,1,1
3277,1986-03-11,16.75793650793651,1,1,1,1,"gas,gold,oil,silver",217.85067508891134,5.383809851429025,0.0,0.41676536884605964,1.4469989472959082,0.3694917201410713,0.0,0.6281480532690894,0.4067653688460596,1,1
3278,1987-08-05,18.21031746031746,1,1,1,1,"gas,gold,oil,silver",194.46511823920565,5.270252806302575,0.0,0.15373334588199988,0.8987033090229793,-0.10680232231392872,0.0,0.2336000188229998,0.14373334588199987,1,1
3279,1988-01-28,18.71031746031746,1,1,0,1,"gold,oil,silver",174.9411742639715,5.164449770350406,0.0,0.06318133797633996,1.1113275161914828,0.10555526126600392,0.0,0.09777200696450992,0.053181337976339955,1,1
3280,1986-12-25,17.57936507936508,1,1,1,1,"gas,gold,oil,silver",95.9232611591667,4.563548508881585,0.0,0.2680013558581898,0.919923433766313,-0.08346483656942523,0.0,0.40500203378728467,0.2580013558581898,1,1
3281,1987-09-04,18.297619047619047,1,1,1,0,"gas,gold,silver",137.36669042535735,4.922653922634842,0.0,0.1379226778349799,1.0398294133488197,0.039056674073472214,0.0,0.20988401675246984,0.1279226778349799,1,1
3282,1986-12-18,17.55952380952381,1,1,1,1,"gas,gold,oil,silver",107.10305963835881,4.673791545097547,0.0,0.2715946895052398,2.2595839287905584,0.8151806940302223,0.0,0.41039203425785964,0.2615946895052398,1,1
3283,1987-12-24,18.61111111111111,1,1,1,1,"gas,gold,oil,silver",165.61782739235193,5.109682889492413,0.0,0.08114800621158992,1.6344580010399428,0.49131125155676614,0.0,0.12472200931738488,0.07114800621158993,1,1
3284,1986-05-07,16.92063492063492,1,1,1,0,"gas,gold,silver",165.10298868955715,5.106569453061191,0.0,0.38730003294024967,1.9634416158547807,0.6746988598623826,0.0,0.5839500494103744,0.37730003294024966,1,1
3285,1986-04-08,16.83730158730159,1,1,0,1,"gold,oil,silver",86.4211371253602,4.4592322885445075,0.0,0.40239203425785963,2.0400446427586605,0.712971691321906,0.0,0.6065880513867894,0.3923920342578596,1,1
3286,1986-06-30,17.071428571428573,1,1,0,1,"gold,oil,silver",133.7470582501647,4.895950391142944,0.0,0.3599906972226697,0.915549367225498,-0.08823099253604572,0.0,0.5429860458340044,0.3499906972226697,1,1
3287,1986-10-30,17.42063492063492,1,1,1,0,"gas,gold,silver",118.70174456574442,4.776613998775895,0.0,0.2967480250345898,1.1883951915365125,0.17260381843228703,0.0,0.4481220375518846,0.2867480250345898,1,1
3288,1986-02-28,16.73015873015873,1,1,1,0,"gas,gold,silver",108.6514744907928,4.688145277625473,0.0,0.42179603595192966,0.9567595268457487,-0.0442031972179327,0.0,0.6356940539278945,0.41179603595192965,1,1
3289,1986-12-22,17.567460317460316,1,1,1,1,"gas,gold,oil,silver",84.57954857020637,4.437692494718753,0.0,0.2701573560464198,0.5183144515878486,-0.6571731715052145,0.0,0.40823603406962966,0.2601573560464198,1,1
3290,1986-09-18,17.3015873015873,1,1,1,1,"gas,gold,oil,silver",117.95004882576714,4.77026121980669,0.0,0.31830802691688975,1.9530661636101432,0.6694005292572788,0.0,0.4804620403753346,0.30830802691688974,1,1
3291,1987-09-21,18.341269841269842,1,1,1,1,"gas,gold,oil,silver",167.96637660933484,5.123763820142581,0.0,0.1300173438114699,1.1746600810940109,0.16097881305697287,0.0,0.19802601571720482,0.12001734381146989,1,1
3292,1987-01-21,17.654761904761905,1,1,1,1,"gas,gold,oil,silver",107.72405855762608,4.679572944151818,0.0,0.25434668799939975,0.8267940223479222,-0.19019968106529156,0.0,0.3845200319990996,0.24434668799939976,1,1
3293,1987-02-27,17.761904761904763,1,1,1,1,"gas,gold,oil,silver",100.47326087782984,4.6098916311815294,0.0,0.23494268630532983,0.7811029013369648,-0.24704838194829937,0.0,0.3554140294579947,0.22494268630532982,1,1
3294,1986-10-24,17.404761904761905,1,0,1,1,"gas,gold,oil",143.9078968092882,4.9691734894500925,0.0,0.2996226919522298,,,,,0.2896226919522298,1,1
3295,1986-10-22,17.396825396825395,1,1,1,1,"gas,gold,oil,silver",65.07257843045888,4.175503238209128,0.0,0.30106002541104976,0.5327144162642158,-0.6297698027930896,0.0,0.4545900381165746,0.29106002541104975,1,1
3296,1986-02-20,16.706349206349206,1,1,0,1,"gold,oil,silver",116.22563982399554,4.755533472607704,0.0,0.4261080363283896,0.8922939948352954,-0.11395961008265698,0.0,0.6421620544925845,0.4161080363283896,1,1
3297,1986-08-22,17.226190476190474,1,1,1,1,"gas,gold,oil,silver",94.73313410248596,4.55106382392251,0.0,0.33196269477567975,1.1118586380394757,0.10603306368222218,0.0,0.5009440421635195,0.32196269477567974,1,1
3298,1987-10-26,18.44047619047619,1,1,1,1,"gas,gold,oil,silver",162.38677860836685,5.089981011903343,0.0,0.11205067557621992,1.2942612855590792,0.2579400965293507,0.0,0.17107601336432987,0.10205067557621993,1,1
3299,1987-01-22,17.658730158730158,1,1,1,1,"gas,gold,oil,silver",133.31309941200274,4.892700492514027,0.0,0.2536280212699898,0.8452351414901963,-0.1681404163830833,0.0,0.38344203190498466,0.24362802126998978,1,1
3300,1987-04-21,17.908730158730158,1,1,1,1,"gas,gold,oil,silver",150.83275395679422,5.016171633294069,0.0,0.20835201731715985,0.6230632818385968,-0.4731071893682684,0.0,0.31552802597573976,0.19835201731715985,1,1
3301,1987-11-26,18.53174603174603,1,1,1,0,"gas,gold,silver",173.9956645117012,5.159030382304687,0.0,0.0955213407997899,1.2536143229934391,0.22603083748374564,0.0,0.14628201119968484,0.0855213407997899,1,1
3302,1987-07-15,18.150793650793652,1,1,1,1,"gas,gold,oil,silver",125.98167804301242,4.836136484021032,0.0,0.1645133468231499,1.1208423404912522,0.11408049235358264,0.0,0.2497700202347248,0.15451334682314988,1,1
3303,1986-11-25,17.49206349206349,1,1,1,0,"gas,gold,silver",111.90467702305251,4.717647410897091,0.0,0.28381202390520976,0.43449751956830335,-0.8335650429965447,0.0,0.4287180358578146,0.27381202390520976,1,1
3304,1986-07-22,17.134920634920636,1,1,0,0,"gold,silver",140.1832029647512,4.942950159753585,0.0,0.3484920295521097,0.8678892805864981,-0.1416911293858613,0.0,0.5257380443281645,0.33849202955210966,1,1
3305,1987-01-27,17.67063492063492,1,1,0,0,"gold,silver",120.1031967249377,4.788351345925193,0.0,0.25147202108175976,0.7490465356995953,-0.2889541669548862,0.0,0.38020803162263966,0.24147202108175977,1,1
3306,1987-08-13,18.234126984126984,1,1,0,1,"gold,oil,silver",117.69237362568151,4.768074217142996,0.0,0.14942134550553987,1.0395500805190738,0.0387880046629582,0.0,0.22713201825830975,0.13942134550553986,1,1
3307,1987-09-16,18.32936507936508,1,1,1,1,"gas,gold,oil,silver",153.5298838422015,5.033895231090058,0.0,0.13217334399969988,0.8490417303100642,-0.16364694157005083,0.0,0.2012600159995498,0.12217334399969988,1,1
3308,1987-04-16,17.896825396825395,1,1,1,1,"gas,gold,oil,silver",175.9963727121778,5.170463385235872,0.0,0.21050801750538983,0.5222834784598799,-0.6495447763207238,0.0,0.3187620262580847,0.20050801750538982,1,1
3309,1986-01-31,16.650793650793652,1,1,0,1,"gold,oil,silver",186.85792370384667,5.2303485617963155,0.0,0.43616937054012966,2.6720398029670465,0.9828421518834527,0.0,0.6572540558101944,0.42616937054012966,1,1
3310,1986-07-16,17.11904761904762,1,1,1,1,"gas,gold,oil,silver",115.72020183997587,4.751175224316367,0.0,0.3513666964697497,1.6874713094619411,0.5232311418196844,0.0,0.5300500447046246,0.3413666964697497,1,1
3311,1986-10-23,17.400793650793652,1,1,1,1,"gas,gold,oil,silver",98.1481689970217,4.5864782653984015,0.0,0.30034135868163975,0.561825149502589,-0.5765645993784136,0.0,0.4535120380224596,0.29034135868163974,1,1
3312,1986-08-29,17.246031746031747,1,1,0,1,"gold,oil,silver",98.9632043210236,4.594748107521852,0.0,0.32836936112862974,0.624493034247175,-0.4708151036065348,0.0,0.4955540416929446,0.31836936112862974,1,1
3313,1988-03-22,18.86111111111111,1,1,1,1,"gas,gold,oil,silver",168.2982509059991,5.125737708427361,0.0,0.03587200225875998,1.4746827408444452,0.3884428757034881,0.0,0.05680800338813996,0.02587200225875998,1,1
3314,1987-04-29,17.932539682539684,1,1,1,1,"gas,gold,oil,silver",157.9262844077493,5.062128369775274,0.0,0.20404001694069987,0.9527101968724844,-0.04844451719612164,0.0,0.30906002541104977,0.19404001694069986,1,1
3315,1988-01-01,18.634920634920636,1,1,0,0,"gold,silver",161.22948640412852,5.0828287314848,0.0,0.07683600583512994,1.287369692813288,0.25260113896832337,0.0,0.1182540087526949,0.06683600583512994,1,1
3316,1987-06-26,18.099206349206348,1,1,1,0,"gas,gold,silver",214.50244519241448,5.368321137801534,0.0,0.17385601430547984,1.1048253249322653,0.09968724548985747,0.0,0.2637840214582197,0.16385601430547983,1,1
3317,1986-12-15,17.547619047619047,1,1,1,1,"gas,gold,oil,silver",105.11640668822668,4.6550683712013905,0.0,0.2737506896934698,1.071037595540459,0.0686278940618883,0.0,0.41362603454020463,0.26375068969346976,1,1
3318,1987-02-12,17.71825396825397,0,1,0,1,"oil,silver",,,,,0.9844127638305664,-0.01570999444754167,0.0,0.36727203049325974,0.23284802032883983,1,1
3319,1986-10-01,17.33730158730159,1,1,0,1,"gold,oil,silver",165.6481495412512,5.109865957788558,0.0,0.3118400263521997,2.452947738107047,0.8972904597526309,0.0,0.47076003952829953,0.3018400263521997,1,1
3320,1986-04-03,16.825396825396826,1,1,1,0,"gas,gold,silver",159.38187395025855,5.071303045650879,0.0,0.40454803444608967,1.5733755082183165,0.4532233166410419,0.0,0.6098220516691345,0.39454803444608966,1,1
3321,1986-02-04,16.658730158730158,1,1,1,1,"gas,gold,oil,silver",225.20792818238866,5.417024100718625,0.0,0.43473203708130964,1.7972719967678794,0.5862699579322097,0.0,0.6550980556219644,0.42473203708130963,1,1
3322,1986-05-15,16.944444444444443,1,1,1,1,"gas,gold,oil,silver",124.295559545916,4.82266227419325,0.0,0.38298803256378966,2.9347858697601437,1.0766344931262475,0.0,0.5774820488456844,0.37298803256378965,1,1
3323,1988-03-15,18.841269841269842,1,1,1,1,"gas,gold,oil,silver",177.91858680498143,5.181326068162988,0.0,0.039465335905809966,1.3300062131746584,0.28518361378264423,0.0,0.06219800385871495,0.029465335905809964,1,1
3324,1986-08-19,17.214285714285715,1,1,1,1,"gas,gold,oil,silver",70.70528146698646,4.258520272615779,0.0,0.3341186949639097,0.8047590992063062,-0.21721230199381936,0.0,0.5041780424458645,0.3241186949639097,1,1
3325,1986-07-10,17.103174603174605,1,1,1,1,"gas,gold,oil,silver",95.99720811999903,4.564319108961601,0.0,0.3542413633873897,1.475265110171753,0.38883770935091877,0.0,0.5343620450810845,0.3442413633873897,1,1
3326,1986-05-02,16.908730158730158,1,1,1,0,"gas,gold,silver",143.62938438839078,4.967236262341047,0.0,0.38945603312847965,2.3617455253744417,0.859400975042444,0.0,0.5871840496927194,0.37945603312847964,1,1
3327,1987-09-15,18.325396825396826,1,1,0,1,"gold,oil,silver",124.41562973384968,4.823627813360261,0.0,0.1328920107291099,1.3048012832811207,0.26605075583209314,0.0,0.2023380160936648,0.12289201072910988,1,1
3328,1986-12-10,17.535714285714285,1,1,0,0,"gold,silver",159.4288691951134,5.0715978615954835,0.0,0.27590668988169975,1.1549144229217287,0.14402624852029666,0.0,0.41686003482254963,0.26590668988169974,1,1
3329,1986-08-05,17.174603174603174,1,1,1,1,"gas,gold,oil,silver",141.06116351412268,4.949193580109284,0.0,0.3413053622580097,1.4621641949785464,0.379917663488321,0.0,0.5149580433870146,0.3313053622580097,1,1
3330,1987-01-26,17.666666666666668,1,1,0,1,"gold,oil,silver",131.00001558638402,4.875197442181175,0.0,0.25219068781116977,1.9821612114705507,0.6841877703753114,0.0,0.3812860317167547,0.24219068781116979,1,1
3331,1986-07-01,17.075396825396826,1,1,1,1,"gas,gold,oil,silver",166.6013097833711,5.115603591546803,0.0,0.3592720304932597,0.8045313024945047,-0.2174954040530651,0.0,0.5419080457398895,0.34927203049325967,1,1
3332,1986-06-02,16.99206349206349,1,0,1,0,"gas,gold",145.07790069964992,4.977270844359983,0.0,0.3743640318108697,,,,,0.3643640318108697,1,1
3333,1987-12-17,18.591269841269842,1,0,1,1,"gas,gold,oil",155.71258844352695,5.048011926204516,0.0,0.08474133985863995,,,,,0.07474133985863995,1,1
3334,1986-10-15,17.376984126984127,1,1,1,1,"gas,gold,oil,silver",227.34102808206444,5.426451216470845,0.0,0.30465335905809976,0.8381034477344705,-0.17661374013502742,0.0,0.4599800385871496,0.29465335905809975,1,1
3335,1986-02-25,16.71825396825397,1,1,1,1,"gas,gold,oil,silver",178.17615053954222,5.182772670723854,0.0,0.42395203614015964,0.655035366198667,-0.4230660506080812,0.0,0.6389280542102395,0.41395203614015963,1,1
3336,1986-01-29,16.642857142857142,1,1,0,1,"gold,oil,silver",121.52506680249972,4.800120552633073,0.0,0.43760670399894963,2.463303625713691,0.9015033862924962,0.0,0.6594100559984244,0.4276067039989496,1,1
3337,1986-05-01,16.904761904761905,1,1,1,1,"gas,gold,oil,silver",142.76363165371868,4.961190337172862,0.0,0.39017469985788966,0.8198252959319537,-0.19866401516453058,0.0,0.5882620497868344,0.38017469985788965,1,1
3338,1986-08-11,17.19047619047619,1,1,1,0,"gas,gold,silver",86.74639465867415,4.462988857832765,0.0,0.3384306953403697,1.113186765180588,0.10722686161274735,0.0,0.5106460430105545,0.32843069534036967,1,1
3339,1987-11-11,18.488095238095237,1,1,1,1,"gas,gold,oil,silver",132.23056105818821,4.884547073607361,0.0,0.10342667482329991,0.9817690739611953,-0.018399157180847003,0.0,0.15814001223494986,0.09342667482329992,1,1
3340,1986-09-08,17.26984126984127,1,1,0,1,"gold,oil,silver",102.29703114976742,4.627880651517572,0.0,0.32405736075216973,1.296701643939458,0.2598238433589404,0.0,0.4890860411282546,0.3140573607521697,1,1
3341,1987-06-17,18.071428571428573,1,1,1,1,"gas,gold,oil,silver",139.69942146177195,4.939493124964233,0.0,0.1788866814113499,0.9046167777265309,-0.10024387498842352,0.0,0.2713300221170248,0.16888668141134988,1,1
3342,1986-11-12,17.456349206349206,1,1,1,1,"gas,gold,oil,silver",123.0842491948014,4.812869073702572,0.0,0.29028002446989976,0.868484053409321,-0.1410060545411375,0.0,0.43842003670484964,0.28028002446989975,1,1
3343,1986-11-21,17.484126984126984,1,1,1,1,"gas,gold,oil,silver",112.85531528018628,4.726106602554766,0.0,0.28524935736402973,1.0748329086786255,0.07216521571121802,0.0,0.4308740360460446,0.2752493573640297,1,1
3344,1986-01-30,16.646825396825395,1,1,1,1,"gas,gold,oil,silver",255.28610546134001,5.542384898408134,0.0,0.4368880372695396,0.848346045900088,-0.1644666534339876,0.0,0.6583320559043094,0.4268880372695396,1,1
3345,1986-12-29,17.58730158730159,0,1,1,0,"gas,silver",,,,,1.2942333052223145,0.25791847752588404,0.0,0.40284603359905463,0.25656402239936976,1,1
3346,1987-07-02,18.115079365079364,1,1,1,0,"gas,gold,silver",114.82303760219344,4.74339213973003,0.0,0.17098134738783988,1.0309755967762941,0.030505535284564844,0.0,0.25947202108175976,0.16098134738783987,1,1
3347,1987-05-14,17.976190476190474,1,1,1,1,"gas,gold,oil,silver",130.6644098990865,4.872632279792744,0.0,0.19613468291718986,0.6130552361022474,-0.4893002392713837,0.0,0.29720202437578475,0.18613468291718985,1,1
3348,1986-11-19,17.476190476190474,1,1,0,1,"gold,oil,silver",75.16702622022217,4.319712653680773,0.0,0.28668669082284975,0.7317001306276769,-0.3123845065658917,0.0,0.43303003623427455,0.27668669082284975,1,1
3349,1987-01-02,17.603174603174605,1,1,1,1,"gas,gold,oil,silver",141.89310492643855,4.955073991910279,0.0,0.2636893554817298,1.304566265953704,0.26587062227588254,0.0,0.3985340332225947,0.2536893554817298,1,1
3350,1986-04-07,16.833333333333332,1,1,1,1,"gas,gold,oil,silver",104.48623264214473,4.6490553176744775,0.0,0.40311070098726964,1.3997494519741815,0.336293257729862,0.0,0.6076660514809045,0.39311070098726963,1,1
3351,1986-08-13,17.1984126984127,1,1,0,1,"gold,oil,silver",165.00610923208325,5.105982498864138,0.0,0.3369933618815497,0.7407925603115497,-0.3000346384765822,0.0,0.5084900428223245,0.3269933618815497,1,1
3352,1987-02-09,17.706349206349206,1,0,1,1,"gas,gold,oil",83.9756807147651,4.430527241625253,0.0,0.24500402051706982,,,,,0.2350040205170698,1,1
3353,1986-07-04,17.08730158730159,1,1,1,0,"gas,gold,silver",217.4359198830415,5.381904185891983,0.0,0.3571160303050297,0.8627991000145723,-0.1475734075662284,0.0,0.5386740454575445,0.3471160303050297,1,1
3354,1986-02-18,16.6984126984127,1,0,1,0,"gas,gold",91.23803458159101,4.5134718559916145,0.0,0.42754536978720964,,,,,0.41754536978720963,1,1
3355,1988-01-25,18.6984126984127,1,1,1,1,"gas,gold,oil,silver",166.99017484302928,5.117934977410736,0.0,0.06533733816456995,1.310029425314765,0.2700495990331313,0.0,0.1010060072468549,0.05533733816456995,1,1
3356,1986-03-12,16.761904761904763,1,0,1,1,"gas,gold,oil",67.60192296151354,4.213636428820569,0.0,0.4160467021166496,,,,,0.4060467021166496,1,1
3357,1987-10-20,18.424603174603174,1,0,0,0,gold,158.3727084689642,5.064951169516668,0.0,0.11492534249385991,,,,,0.10492534249385992,1,1
3358,1987-11-19,18.511904761904763,1,1,0,1,"gold,oil,silver",136.522543627636,4.916489755769681,0.0,0.09911467444683993,0.9386428645368717,-0.06332020807641159,0.0,0.15167201167025987,0.08911467444683993,1,1
3359,1987-06-05,18.03968253968254,1,1,0,1,"gold,oil,silver",134.12712964433663,4.898788078881371,0.0,0.18463601524662984,0.8024553854838333,-0.2200790199360615,0.0,0.27995402286994475,0.17463601524662983,1,1
3360,1986-11-18,17.47222222222222,1,1,1,1,"gas,gold,oil,silver",120.05827920535896,4.787977284932034,0.0,0.28740535755225977,1.7474964686554684,0.5581841743257713,0.0,0.4341080363283896,0.27740535755225976,1,1
3361,1988-02-29,18.797619047619047,1,1,1,1,"gas,gold,oil,silver",171.66738838096782,5.145558816147767,0.0,0.04737066992931998,1.3990172336251454,0.33577001413866925,0.0,0.07405600489397995,0.03737066992931998,1,1
3362,1987-03-26,17.83730158730159,1,1,1,0,"gas,gold,silver",118.73045808150158,4.776855865848491,0.0,0.22128801844653984,1.036347344907372,0.035702362652301395,0.0,0.33493202766980973,0.21128801844653983,1,1
3363,1987-03-16,17.805555555555557,0,1,0,0,silver,,,,,0.9741808253619216,-0.026158340248560216,0.0,0.3435560284227297,0.2170373522818198,1,1
3364,1986-03-25,16.797619047619047,1,0,1,0,"gas,gold",173.1778607564087,5.154319163226006,0.0,0.40957870155195963,,,,,0.3995787015519596,1,1
3365,1986-05-28,16.98015873015873,1,1,1,1,"gas,gold,oil,silver",120.94816432021729,4.795362059762005,0.0,0.3765200319990997,1.871999564650796,0.6270071454970378,0.0,0.5677800479986496,0.3665200319990997,1,1
3366,1986-04-02,16.821428571428573,1,1,0,1,"gold,oil,silver",135.6797350238079,4.910297219092157,0.0,0.4052667011754997,1.1421772432373627,0.1329363034267564,0.0,0.6109000517632495,0.39526670117549967,1,1
3367,1986-09-15,17.28968253968254,1,1,1,1,"gas,gold,oil,silver",185.58761101719446,5.2235270671392104,0.0,0.32046402710511973,2.5023432043313263,0.9172275746324361,0.0,0.48369604065767957,0.3104640271051197,1,1
3368,1987-06-01,18.023809523809526,1,1,1,1,"gas,gold,oil,silver",145.4850473175583,4.980073313753679,0.0,0.18751068216426983,0.9779350416814195,-0.02231203070184637,0.0,0.28426602324640476,0.17751068216426982,1,1
3369,1986-02-05,16.66269841269841,1,1,1,1,"gas,gold,oil,silver",58.62817823182434,4.07121543820656,0.0,0.43401337035189963,2.1286893089642462,0.7555064424129988,0.0,0.6540200555278494,0.4240133703518996,1,1
3370,1986-03-26,16.8015873015873,1,0,1,1,"gas,gold,oil",164.6538545724464,5.103845419252546,0.0,0.4088600348225497,,,,,0.39886003482254967,1,1
3371,1987-05-28,18.015873015873016,1,1,1,1,"gas,gold,oil,silver",155.46625650237837,5.0464287080866805,0.0,0.18894801562308983,0.8974826668121906,-0.10816147155027396,0.0,0.28642202343463474,0.17894801562308982,1,1
3372,1988-01-11,18.658730158730158,1,1,0,1,"gold,oil,silver",144.9275017266163,4.9762336292925475,0.0,0.07252400545866995,1.104460044575389,0.09935656809956066,0.0,0.11178600818800494,0.06252400545866996,1,1
3373,1987-07-03,18.11904761904762,1,1,0,0,"gold,silver",134.5834772687033,4.902184655357002,0.0,0.17026268065842987,0.9904558695998242,-0.00958996749602041,0.0,0.25839402098764475,0.16026268065842986,1,1
3374,1987-09-28,18.36111111111111,1,1,0,1,"gold,oil,silver",124.97686344376503,4.8281286277207,0.0,0.12642401016441993,1.270422820864038,0.23934977487587034,0.0,0.19263601524662985,0.11642401016441992,1,1
3375,1986-09-04,17.261904761904763,0,1,0,1,"oil,silver",,,,,0.8611275130971572,-0.14951268668469808,0.0,0.4912420413164846,0.31549469421098975,1,1
3376,1987-10-23,18.436507936507937,1,1,1,0,"gas,gold,silver",151.81733547465012,5.022678057879018,0.0,0.11276934230562992,1.1860850335625401,0.17065799578154323,0.0,0.17215401345844486,0.10276934230562992,1,1
3377,1986-12-05,17.523809523809526,1,1,1,1,"gas,gold,oil,silver",118.8459516451032,4.777828130500798,0.0,0.2780626900699298,1.935271643495,0.6602477008639426,0.0,0.4200940351048946,0.2680626900699298,1,1
3378,1987-10-12,18.400793650793652,1,1,1,1,"gas,gold,oil,silver",160.37442221918093,5.077511220242988,0.0,0.1192373428703199,1.2547390838484982,0.22692764965333503,0.0,0.18185601430547982,0.1092373428703199,1,1
3379,1987-10-13,18.404761904761905,1,1,0,1,"gold,oil,silver",170.12893159665953,5.13655657075109,0.0,0.1185186761409099,1.6268604373801323,0.4866520454428079,0.0,0.18077801421136483,0.1085186761409099,1,1
3380,1986-05-22,16.964285714285715,1,0,1,0,"gas,gold",106.97072234317736,4.6725551740593545,0.0,0.3793946989167397,,,,,0.3693946989167397,1,1
3381,1987-03-06,17.78174603174603,1,0,1,0,"gas,gold",129.2506786163221,4.861753763791174,0.0,0.2313493526582798,,,,,0.2213493526582798,1,1
3382,1987-05-13,17.97222222222222,1,1,1,0,"gas,gold,silver",110.23070904317571,4.70257552435203,0.0,0.19685334964659984,0.7728155239048984,-0.25771490841692996,0.0,0.29828002446989976,0.18685334964659983,1,1
3383,1986-06-23,17.0515873015873,1,1,1,0,"gas,gold,silver",263.22952642177097,5.573026375612718,0.0,0.3635840308697197,1.4491531426015283,0.3709793462297768,0.0,0.5483760463045795,0.3535840308697197,1,1
3384,1986-02-03,16.654761904761905,1,1,1,0,"gas,gold,silver",200.5317263630844,5.300972470453453,0.0,0.43545070381071965,1.238762457174188,0.21411286285705744,0.0,0.6561760557160794,0.42545070381071964,1,1
3385,1987-03-31,17.849206349206348,1,1,1,1,"gas,gold,oil,silver",118.69517320461416,4.7765586369692326,0.0,0.21913201825830983,0.7922215799541752,-0.2329141536273733,0.0,0.33169802738746473,0.20913201825830982,1,1
3386,1987-06-23,18.08730158730159,1,0,0,0,gold,125.13939677978104,4.829428290195654,0.0,0.17601201449370985,,,,,0.16601201449370984,1,1
3387,1986-04-23,16.88095238095238,1,1,1,1,"gas,gold,oil,silver",107.23841117070191,4.675054497617404,0.0,0.3944867002343497,0.8727236313036689,-0.13613634679783077,0.0,0.5947300503515245,0.38448670023434967,1,1
3388,1986-07-09,17.099206349206348,1,1,1,1,"gas,gold,oil,silver",127.30005724289454,4.846546955232502,0.0,0.3549600301167997,0.8898403409522381,-0.11671322453715138,0.0,0.5354400451751995,0.3449600301167997,1,1
3389,1986-03-14,16.76984126984127,1,0,1,1,"gas,gold,oil",234.78892872983062,5.458686934925009,0.0,0.41460936865782966,,,,,0.40460936865782965,1,1
3390,1987-04-14,17.88888888888889,1,1,0,1,"gold,oil,silver",162.10490870966328,5.088243710267491,0.0,0.21194535096420983,0.9654118259721178,-0.03520050601503043,0.0,0.32091802644631473,0.20194535096420982,1,1
3391,1988-01-20,18.686507936507937,1,1,1,0,"gas,gold,silver",171.79428258166809,5.14629772949503,0.0,0.06749333835279993,1.2610140254845301,0.23191617943046797,0.0,0.1042400075291999,0.05749333835279993,1,1
3392,1987-10-22,18.432539682539684,1,1,1,1,"gas,gold,oil,silver",151.6113125937505,5.0213200917550465,0.0,0.11348800903503992,1.0604293268395564,0.05867385144369777,0.0,0.17323201355255985,0.10348800903503992,1,1
3393,1987-01-01,17.599206349206348,1,0,0,1,"gold,oil",129.9553811260336,4.86719116943396,0.0,0.2644080222111398,,,,,0.2544080222111398,1,1
3394,1986-11-10,17.4484126984127,1,1,1,1,"gas,gold,oil,silver",133.9268178174309,4.897293515073681,0.0,0.2917173579287198,1.0103725854504175,0.010319159313150628,0.0,0.4405760368930796,0.28171735792871977,1,1
3395,1987-09-24,18.353174603174605,1,1,1,1,"gas,gold,oil,silver",159.12834921892255,5.0697111043790715,0.0,0.1278613436232399,1.6112891385999117,0.4770345658062888,0.0,0.19479201543485983,0.1178613436232399,1,1
3396,1986-09-16,17.293650793650794,0,1,0,0,silver,,,,,1.3933440563192803,0.33170665376187025,0.0,0.48261804056356455,0.3097453603757097,1,1
3397,1986-10-21,17.392857142857142,1,1,1,1,"gas,gold,oil,silver",153.30528476127927,5.032431258612209,0.0,0.30177869214045977,1.771951287203687,0.5720813615136513,0.0,0.45566803821068963,0.29177869214045976,1,1
3398,1986-12-02,17.511904761904763,1,1,1,1,"gas,gold,oil,silver",100.30046721271226,4.608170353109705,0.0,0.28021869025815976,0.6049306777067108,-0.5026414098193064,0.0,0.4233280353872396,0.27021869025815975,1,1
3399,1986-12-26,17.583333333333332,1,1,1,1,"gas,gold,oil,silver",120.54562591799134,4.792028319588889,0.0,0.26728268912877984,0.8683107542721676,-0.1412056165584374,0.0,0.4039240336931697,0.25728268912877983,1,1
3400,1988-03-01,18.8015873015873,1,1,1,0,"gas,gold,silver",169.77241794263622,5.134458822182309,0.0,0.04665200319990998,1.3625826299976764,0.30938189158622986,0.0,0.07297800479986497,0.03665200319990998,1,1
3401,1987-02-18,17.734126984126984,1,1,0,1,"gold,oil,silver",123.88185895531392,4.819328361089553,0.0,0.2399733534111998,1.2366013031042602,0.21236673192170516,0.0,0.36296003011679967,0.2299733534111998,1,1
3402,1986-12-30,17.591269841269842,1,1,1,1,"gas,gold,oil,silver",146.21922973447676,4.985107068997901,0.0,0.26584535566995976,0.9001072687307311,-0.10524133528149944,0.0,0.4017680335049396,0.25584535566995975,1,1
3403,1986-08-01,17.166666666666668,1,1,0,0,"gold,silver",128.09437475558386,4.852767295023452,0.0,0.3427426957168297,1.6524388770549157,0.5022523038931597,0.0,0.5171140435752445,0.3327426957168297,1,1
3404,1987-02-16,17.726190476190474,1,1,1,0,"gas,gold,silver",120.56041031328765,4.792150957707336,0.0,0.24141068687001985,0.6635419194788329,-0.41016324788558456,0.0,0.3651160303050297,0.23141068687001984,1,1
3405,1987-04-17,17.900793650793652,1,1,1,1,"gas,gold,oil,silver",221.67913535465357,5.40123100012603,0.0,0.20978935077597982,1.270012816343607,0.23902699202871935,0.0,0.31768402616396973,0.1997893507759798,1,1
3406,1987-03-17,17.80952380952381,1,1,1,1,"gas,gold,oil,silver",144.4508134310795,4.972939058125738,0.0,0.2263186855524098,1.2271943865722288,0.20473057744522105,0.0,0.3424780283286147,0.2163186855524098,1,1
3407,1987-07-21,18.166666666666668,1,1,1,1,"gas,gold,oil,silver",128.90693468126523,4.859090707421734,0.0,0.16163867990550987,0.7152984478072987,-0.33505541385855164,0.0,0.24545801985826474,0.15163867990550986,1,1
3408,1987-02-13,17.72222222222222,1,1,1,1,"gas,gold,oil,silver",133.19242092300382,4.891794856509975,0.0,0.24212935359942983,1.6875764275836742,0.5232934331589228,0.0,0.3661940303991447,0.23212935359942982,1,1
3409,1986-09-01,17.25,1,0,0,1,"gold,oil",138.79385654819646,4.9329897859130085,0.0,0.32765069439921973,,,,,0.3176506943992197,1,1
3410,1987-06-30,18.107142857142858,1,1,1,1,"gas,gold,oil,silver",89.94200202381253,4.499165040643549,0.0,0.17241868084665984,1.1604494983739047,0.14880742865827445,0.0,0.26162802126998974,0.16241868084665984,1,1
3411,1987-02-26,17.75793650793651,0,1,1,0,"gas,silver",,,,,0.6225453497117767,-0.47393880235416236,0.0,0.3564920295521097,0.2256613530347398,1,1
3412,1987-10-02,18.376984126984127,1,1,1,1,"gas,gold,oil,silver",190.383232000073,5.249039051252612,0.0,0.12354934324677987,1.3906133278411723,0.32974489287471487,0.0,0.18832401487016978,0.11354934324677987,1,1
3413,1986-09-05,17.265873015873016,1,0,0,1,"gold,oil",102.62238793600743,4.631056114937173,0.0,0.32477602748157974,,,,,0.31477602748157973,1,1
3414,1987-02-05,17.6984126984127,1,1,1,0,"gas,gold,silver",131.42169529860593,4.878411201238946,0.0,0.24644135397588982,1.4534625241544181,0.3739486575089068,0.0,0.3726620309638347,0.2364413539758898,1,1
3415,1987-03-25,17.833333333333332,1,1,1,0,"gas,gold,silver",144.0810455772897,4.970375957763147,0.0,0.22200668517594982,1.0319145105858947,0.031415825048506846,0.0,0.3360100277639247,0.2120066851759498,1,1
3416,1987-01-16,17.642857142857142,1,1,0,1,"gold,oil,silver",152.70113237164117,5.028482627859443,0.0,0.2565026881876298,1.020444906623706,0.02023871516046112,0.0,0.3877540322814446,0.24650268818762977,1,1
3417,1987-03-23,17.825396825396826,1,1,1,1,"gas,gold,oil,silver",116.27113562775601,4.755924839793359,0.0,0.22344401863476981,0.8584022913648043,-0.15268241832531043,0.0,0.3381660279521547,0.2134440186347698,1,1
3418,1986-09-19,17.305555555555557,1,1,1,1,"gas,gold,oil,silver",152.4477426779467,5.0268218663580715,0.0,0.31758936018747974,1.079287358322887,0.07630096993232063,0.0,0.47938404028121956,0.30758936018747973,1,1
3419,1986-03-04,16.738095238095237,1,1,1,0,"gas,gold,silver",233.80696492143227,5.454495838677367,0.0,0.42035870249310964,1.8966014850301742,0.6400635924631627,0.0,0.6335380537396644,0.41035870249310963,1,1
3420,1986-02-24,16.714285714285715,1,1,1,0,"gas,gold,silver",241.89155322792234,5.488489498560359,0.0,0.42467070286956965,4.751061877020914,1.558368146119323,0.0,0.6400060543043544,0.41467070286956964,1,1
3421,1986-07-24,17.142857142857142,1,1,1,0,"gas,gold,silver",122.64554300188858,4.809298430883095,0.0,0.3470546960932897,1.478241773846706,0.39085339091164345,0.0,0.5235820441399345,0.3370546960932897,1,1
3422,1986-03-18,16.77777777777778,1,1,1,0,"gas,gold,silver",102.20683006773042,4.626998505944873,0.0,0.41317203519900964,1.7198757525917514,0.5422520513508928,0.0,0.6227580527985144,0.4031720351990096,1,1
3423,1986-06-11,17.01984126984127,1,1,1,1,"gas,gold,oil,silver",61.79825478610906,4.123875124357924,0.0,0.3693333647049997,4.021342630009355,1.3916158344340146,0.0,0.5570000470574995,0.3593333647049997,1,1
3424,1986-08-14,17.202380952380953,1,1,1,1,"gas,gold,oil,silver",137.44117111246493,4.923195979099416,0.0,0.3362746951521397,0.6856558533060977,-0.37737944870098866,0.0,0.5074120427282095,0.3262746951521397,1,1
3425,1987-06-19,18.07936507936508,1,1,1,1,"gas,gold,oil,silver",123.73468682795699,4.818139650987639,0.0,0.1774493479525299,0.9415990723740211,-0.06017570819583634,0.0,0.2691740219287948,0.1674493479525299,1,1
3426,1991-07-29,22.32936507936508,1,1,1,1,"gas,gold,oil,silver",195.09702044413763,5.27349697557056,0.0,0.011259929792514174,2.544234652894053,0.9338298789970534,0.0,0.01988989468877126,0.0012599297925141749,1,1
3427,1990-07-31,21.3015873015873,1,0,1,0,"gas,gold",180.26036607131832,5.194402283922376,0.0,0.17442083792309984,,,,,0.16442083792309983,1,1
3428,1989-09-21,20.416666666666668,1,1,1,1,"gas,gold,oil,silver",185.28883424741653,5.221915873771572,0.0,0.3149030097884304,1.5177571202021898,0.4172336663052888,0.0,0.47535451468264567,0.3049030097884304,1,1
3429,1990-11-13,21.599206349206348,1,1,1,0,"gas,gold,silver",188.55383306232247,5.239383552653512,0.0,0.12717347070381832,2.4911757126691163,0.9127547728003602,0.0,0.19376020605572747,0.11717347070381831,1,1
3430,1989-07-18,20.23015873015873,1,1,1,1,"gas,gold,oil,silver",171.54842923690293,5.144865612963518,0.0,0.3445113599125135,1.6285899359936145,0.48771457048716976,0.0,0.5197670398687703,0.3345113599125135,1,1
3431,1990-12-25,21.71825396825397,1,1,1,0,"gas,gold,silver",189.54875162816987,5.244646255964238,0.0,0.10827452381610564,2.7910923087005526,1.0264330277086426,0.0,0.16541178572415846,0.09827452381610564,1,1
3432,1989-12-08,20.63888888888889,1,1,1,1,"gas,gold,oil,silver",148.39132123298108,4.999852846765586,0.0,0.2796249755980335,1.8497783714444258,0.6150658326945045,0.0,0.4224374633970503,0.2696249755980335,1,1
3433,1989-10-11,20.47222222222222,1,1,1,1,"gas,gold,oil,silver",147.5427363096537,4.994117871506583,0.0,0.30608350124083117,2.389028872991232,0.8708869540769318,0.0,0.46212525186124676,0.29608350124083116,1,1
3434,1989-02-23,19.821428571428573,1,1,0,1,"gold,oil,silver",138.61310072525083,4.931686604116103,0.0,0.40939774422699354,0.44447272053225156,-0.8108665970425053,0.0,0.6170966163404904,0.39939774422699353,1,1
3435,1989-06-07,20.115079365079364,1,1,1,1,"gas,gold,oil,silver",225.51032192363502,5.418365931392431,0.0,0.3627803419039691,1.4693928684333037,0.3848493008053722,0.0,0.5471705128559536,0.35278034190396906,1,1
3436,1990-05-18,21.095238095238095,1,1,0,0,"gold,silver",153.18510193516292,5.031647006723778,0.0,0.2071790125284684,2.172921804418728,0.7760727155456949,0.0,0.3137685187927026,0.1971790125284684,1,1
3437,1991-06-18,22.214285714285715,1,1,1,1,"gas,gold,oil,silver",195.45313313277293,5.275320622464907,0.0,0.029528911783969734,2.6119376562312118,0.9600923429177002,0.0,0.0472933676759546,0.019528911783969732,1,1
3438,1990-03-22,20.932539682539684,1,1,0,1,"gold,oil,silver",272.21032708545425,5.606575028827057,0.0,0.233007573275009,3.283576608165146,1.1889332576284783,0.0,0.35251135991251353,0.223007573275009,1,1
3439,1990-08-30,21.38888888888889,1,1,1,1,"gas,gold,oil,silver",193.0776377905229,5.263092376361345,0.0,0.16056161020544393,3.1223400976391082,1.1385827519830691,0.0,0.2438424153081659,0.15056161020544392,1,1
3440,1989-11-24,20.599206349206348,1,0,1,1,"gas,gold,oil",144.15065331062567,4.970858956232488,0.0,0.28592462456060436,,,,,0.27592462456060435,1,1
3441,1990-03-19,20.92063492063492,1,1,1,1,"gas,gold,oil,silver",187.91056764847582,5.235966145649438,0.0,0.23489746796378028,3.569889056876845,1.2725345188035777,0.0,0.35534620194567046,0.22489746796378027,1,1
3442,1990-10-29,21.555555555555557,1,1,0,1,"gold,oil,silver",204.08197503184525,5.318521751520191,0.0,0.13410308456264625,2.1792800745293017,0.7789945812178118,0.0,0.20415462684396937,0.12410308456264625,1,1
3443,1989-02-27,19.82936507936508,1,0,0,1,"gold,oil",161.64525333109597,5.085404139874531,0.0,0.40813781443447933,,,,,0.3981378144344793,1,1
3444,1989-10-17,20.488095238095237,1,1,1,1,"gas,gold,oil,silver",111.442934755622,4.713512663974238,0.0,0.3035636416558028,1.1649774507949306,0.15270173128951092,0.0,0.4583454624837042,0.2935636416558028,1,1
3445,1990-05-11,21.075396825396826,1,1,1,1,"gas,gold,oil,silver",169.38929920777758,5.132199611437466,0.0,0.21032883700975386,1.8702018850930415,0.626046384982043,0.0,0.3184932555146308,0.20032883700975385,1,1
3446,1989-10-02,20.444444444444443,1,1,1,1,"gas,gold,oil,silver",165.6804508753015,5.1100609384458995,0.0,0.3104932555146308,0.8342512908894202,-0.18122061398664835,0.0,0.4687398832719462,0.3004932555146308,1,1
3447,1989-10-31,20.52777777777778,1,1,1,1,"gas,gold,oil,silver",198.19455599580016,5.289249154292623,0.0,0.29726399269323195,1.4993584006940401,0.4050372837337264,0.0,0.448895989039848,0.28726399269323194,1,1
3448,1989-12-11,20.642857142857142,1,1,1,1,"gas,gold,oil,silver",127.33913034487134,4.846853845170799,0.0,0.2789950107017764,1.1568016260492304,0.14565897806559247,0.0,0.42149251605266463,0.2689950107017764,1,1
3449,1989-06-21,20.154761904761905,1,1,1,1,"gas,gold,oil,silver",142.61593862242137,4.960155273279954,0.0,0.35648069294139817,2.14887696050688,0.7649453617201571,0.0,0.5377210394120974,0.34648069294139816,1,1
3450,1989-05-26,20.083333333333332,1,1,1,1,"gas,gold,oil,silver",349.2460388390852,5.855776656166052,0.0,0.36782006107402576,5.218836418607052,1.6522744687339714,0.0,0.5547300916110387,0.35782006107402575,1,1
3451,1991-07-02,22.253968253968253,1,1,1,1,"gas,gold,oil,silver",200.56461718390182,5.301136475044471,0.0,0.02322926282139886,2.5802156494574744,0.947872980501526,0.0,0.03784389423209829,0.013229262821398859,1,1
3452,1989-03-02,19.841269841269842,1,1,1,1,"gas,gold,oil,silver",74.87093147184315,4.315765717354506,0.0,0.40624791974570806,2.755909143790828,1.0137473859138144,0.0,0.6123718796185622,0.39624791974570805,1,1
3453,1989-08-31,20.357142857142858,1,1,1,1,"gas,gold,oil,silver",173.4882740020985,5.156110012100631,0.0,0.3243524832322867,1.1049579124077575,0.09980724592556633,0.0,0.4895287248484301,0.3143524832322867,1,1
3454,1990-01-25,20.773809523809526,1,1,1,1,"gas,gold,oil,silver",173.6920039590227,5.157283638560667,0.0,0.2582061691252925,3.1372585452294075,1.1433493438007005,0.0,0.3903092536879388,0.2482061691252925,1,1
3455,1989-03-22,19.896825396825395,1,1,1,0,"gas,gold,silver",157.10868757082122,5.056937843355913,0.0,0.39742841119810884,0.8746189170089752,-0.1339670109107064,0.0,0.5991426167971633,0.38742841119810884,1,1
3456,1989-11-20,20.583333333333332,1,1,1,1,"gas,gold,oil,silver",136.77588181147217,4.918343687097611,0.0,0.2884444841456327,2.760631057459556,1.0154592976010868,0.0,0.4356667262184491,0.27844448414563266,1,1
3457,1990-10-12,21.511904761904763,1,1,0,1,"gold,oil,silver",204.33413016877174,5.319756546944536,0.0,0.14103269842147423,2.599977294531954,0.9555027121169791,0.0,0.21454904763221136,0.13103269842147422,1,1
3458,1989-06-27,20.17063492063492,1,1,1,1,"gas,gold,oil,silver",86.81420799728672,4.4637702948758,0.0,0.35396083335636985,1.1908952329959077,0.17470532092538177,0.0,0.5339412500345548,0.34396083335636984,1,1
3459,1989-10-06,20.46031746031746,1,1,1,1,"gas,gold,oil,silver",202.47026819638785,5.310593052045395,0.0,0.30797339592960243,0.7648085431631122,-0.26812974685347446,0.0,0.4649600938944037,0.2979733959296024,1,1
3460,1990-08-01,21.305555555555557,1,0,1,0,"gas,gold",180.45856230115433,5.195501179678553,0.0,0.1737908730268428,,,,,0.16379087302684278,1,1
3461,1990-05-25,21.115079365079364,1,1,1,1,"gas,gold,oil,silver",202.8919398326842,5.312673521216124,0.0,0.20402918804718298,2.502204933995836,0.9171723167623134,0.0,0.3090437820707745,0.19402918804718297,1,1
3462,1989-03-31,19.924603174603174,1,1,1,1,"gas,gold,oil,silver",205.30000900420347,5.324472367883647,0.0,0.39301865692430926,2.845262777007876,1.045655427814846,0.0,0.5925279853864639,0.38301865692430925,1,1
3463,1989-08-24,20.33730158730159,1,1,1,1,"gas,gold,oil,silver",201.54068655359077,5.3059912793840684,0.0,0.32750230771357214,1.608707516324902,0.4754310717006564,0.0,0.49425346157035827,0.31750230771357213,1,1
3464,1990-05-28,21.11904761904762,1,1,1,0,"gas,gold,silver",215.08305896175403,5.371024274277358,0.0,0.20339922315092587,2.149882180535535,0.7654130408870963,0.0,0.3080988347263888,0.19339922315092586,1,1
3465,1990-10-31,21.563492063492063,1,1,0,1,"gold,oil,silver",148.44701040019046,5.0002280622410025,0.0,0.13284315477013206,2.345322414455261,0.8524228826201543,0.0,0.2022647321551981,0.12284315477013207,1,1
3466,1989-05-08,20.02777777777778,1,1,1,1,"gas,gold,oil,silver",210.39206154968457,5.348972749874585,0.0,0.376639569621625,2.7037511801987213,0.9946401347894177,0.0,0.5679593544324375,0.36663956962162497,1,1
3467,1989-09-25,20.424603174603174,1,1,1,1,"gas,gold,oil,silver",167.97023298217923,5.123786779074322,0.0,0.3136430799959162,1.9460546512582897,0.6658040672637588,0.0,0.47346461999387435,0.30364307999591617,1,1
3468,1990-08-14,21.341269841269842,1,1,0,1,"gold,oil,silver",242.76908245559542,5.492110713579688,0.0,0.16812118896052897,2.6996234880085384,0.9931123144006571,0.0,0.25518178344079345,0.15812118896052896,1,1
3469,1989-03-16,19.88095238095238,1,1,0,1,"gold,oil,silver",162.3087072920292,5.089500122447022,0.0,0.3999482707831372,2.061318334040194,0.7233457460899847,0.0,0.6029224061747058,0.3899482707831372,1,1
3470,1989-06-02,20.103174603174605,1,1,1,0,"gas,gold,silver",153.9736918018976,5.036781755364893,0.0,0.3646702365927403,1.4676822177052897,0.38368443380587236,0.0,0.5500053548891105,0.3546702365927403,1,1
3471,1991-04-05,22.00793650793651,1,1,1,1,"gas,gold,oil,silver",190.03859519116915,5.247227184116957,0.0,0.06228708638933828,2.2766273623830697,0.8226951208049809,0.0,0.09643062958400743,0.05228708638933828,1,1
3472,1989-05-16,20.0515873015873,1,1,1,0,"gas,gold,silver",107.80878091226342,4.68035911074443,0.0,0.37285978024408245,2.3069057933088346,0.8359071432077891,0.0,0.5622896703661238,0.36285978024408244,1,1
3473,1990-04-20,21.015873015873016,1,0,0,1,"gold,oil",166.350921757372,5.114099543521403,0.0,0.21977831045361018,,,,,0.20977831045361017,1,1
3474,1989-05-05,20.023809523809526,1,1,0,1,"gold,oil,silver",207.69909209109645,5.3360903596211715,0.0,0.37726953451788203,2.041409229369259,0.7136403680749437,0.0,0.5689043017768232,0.367269534517882,1,1
3475,1989-09-19,20.408730158730158,1,1,1,0,"gas,gold,silver",139.74964383314168,4.939852563431901,0.0,0.31616293958094455,1.1798426579913937,0.16538108890165432,0.0,0.4772444093714169,0.30616293958094454,1,1
3476,1990-12-27,21.726190476190474,0,0,0,1,oil,,,,,,,,,0.09701459402359146,1,1
3477,1989-08-21,20.325396825396826,1,1,1,0,"gas,gold,silver",150.49630439236563,5.013938528354984,0.0,0.3293922024023434,1.084646821689221,0.0812544240387037,0.0,0.49708830360351514,0.3193922024023434,1,1
3478,1991-01-08,21.75793650793651,1,1,1,1,"gas,gold,oil,silver",226.87431027547743,5.424396164906406,0.0,0.10197487485353476,3.090666381318515,1.1283867250435757,0.0,0.15596231228030213,0.09197487485353477,1,1
3479,1989-12-20,20.67063492063492,1,1,1,1,"gas,gold,oil,silver",117.09948603776729,4.763023881505801,0.0,0.2745852564279768,1.3437141008626685,0.29543749689988297,0.0,0.4148778846419653,0.2645852564279768,1,1
3480,1989-05-09,20.03174603174603,1,1,0,1,"gold,oil,silver",137.1979609539466,4.921424853329645,0.0,0.3760096047253679,3.7631447710232244,1.3252549831070386,0.0,0.5670144070880518,0.36600960472536787,1,1
3481,1990-11-05,21.575396825396826,1,1,1,1,"gas,gold,oil,silver",158.21050371002906,5.063926448262421,0.0,0.13095326008136082,2.641697309259611,0.971421630747685,0.0,0.19942989012204124,0.12095326008136083,1,1
3482,1990-02-15,20.833333333333332,1,1,1,1,"gas,gold,oil,silver",164.22441872255652,5.101233899253664,0.0,0.24875669568143616,2.2334711897095496,0.8035569625594133,0.0,0.37613504352215427,0.23875669568143615,1,1
3483,1989-06-01,20.099206349206348,1,1,1,0,"gas,gold,silver",222.9799633071908,5.407081916782908,0.0,0.3653002014889974,1.4297041973765683,0.3574675678929527,0.0,0.5509503022334962,0.3553002014889974,1,1
3484,1990-01-05,20.71825396825397,1,1,0,0,"gold,silver",171.24895449749442,5.143118371999578,0.0,0.26702567767289176,1.6000405343716748,0.47002896290713236,0.0,0.4035385165093377,0.25702567767289175,1,1
3485,1990-06-04,21.13888888888889,1,1,1,1,"gas,gold,oil,silver",175.26015544223748,5.166271472550953,0.0,0.20024939866964045,3.1600066748611155,1.1505741398944112,0.0,0.3033740980044607,0.19024939866964044,1,1
3486,1989-11-13,20.563492063492063,1,1,0,0,"gold,silver",114.28009274140133,4.738652388890081,0.0,0.29159430862691815,1.3366528135909101,0.2901685886995879,0.0,0.4403914629403773,0.28159430862691814,1,1
3487,1989-12-07,20.634920634920636,1,1,1,0,"gas,gold,silver",122.27613534731722,4.80628189157812,0.0,0.28025494049429056,1.7299634891058355,0.5481003037238823,0.0,0.4233824107414359,0.27025494049429055,1,1
3488,1990-02-14,20.82936507936508,1,1,1,1,"gas,gold,oil,silver",157.86007522274468,5.061709040795693,0.0,0.24938666057769326,1.6823118685489005,0.5201689596719645,0.0,0.3770799908665399,0.23938666057769326,1,1
3489,1990-09-24,21.456349206349206,1,1,0,1,"gold,oil,silver",201.0704859660657,5.303655523034549,0.0,0.14985220696907348,3.360642730954631,1.2121322446563023,0.0,0.2277783104536102,0.13985220696907347,1,1
3490,1989-08-16,20.313492063492063,1,1,1,1,"gas,gold,oil,silver",125.85423503117234,4.835124372434853,0.0,0.3312820970911146,2.7099625497968605,0.9969348155329716,0.0,0.499923145636672,0.3212820970911146,1,1
3491,1989-03-13,19.86904761904762,1,1,1,0,"gas,gold,silver",288.53460692119177,5.664815033420345,0.0,0.4018381654719085,0.7032153776664539,-0.3520920647239172,0.0,0.6057572482078628,0.3918381654719085,1,1
3492,1990-12-05,21.66269841269841,1,1,1,1,"gas,gold,oil,silver",198.4396411967661,5.290484979311712,0.0,0.1170940323637049,3.8664266761383086,1.3523307410020486,0.0,0.17864104854555737,0.1070940323637049,1,1
3493,1990-12-07,21.67063492063492,1,1,1,1,"gas,gold,oil,silver",250.95027666646033,5.525254818576766,0.0,0.11583410257119073,2.5950257753741037,0.9535964492753066,0.0,0.1767511538567861,0.10583410257119073,1,1
3494,1989-05-11,20.03968253968254,1,1,1,1,"gas,gold,oil,silver",163.939239206462,5.099495866531318,0.0,0.3747496749328537,6.487382414982047,1.8698591234694912,0.0,0.5651245123992806,0.3647496749328537,1,1
3495,1989-08-18,20.321428571428573,1,1,0,0,"gold,silver",79.27476482344017,4.372919853828275,0.0,0.3300221672986005,0.9243742018693017,-0.07863830894484058,0.0,0.4980332509479008,0.3200221672986005,1,1
3496,1989-10-26,20.515873015873016,1,1,1,1,"gas,gold,oil,silver",267.6834235197179,5.5898050267551955,0.0,0.2991538873820032,1.6399724821381245,0.4946794625112646,0.0,0.4517308310730048,0.2891538873820032,1,1
3497,1989-05-19,20.063492063492063,1,1,1,1,"gas,gold,oil,silver",306.5946886819684,5.725526643006413,0.0,0.3709698855553112,2.42727131931515,0.8867677125502362,0.0,0.5594548283329668,0.3609698855553112,1,1
3498,1989-06-13,20.13095238095238,1,1,1,1,"gas,gold,oil,silver",115.8441428881723,4.752245691880597,0.0,0.3602604823189407,2.471968242854868,0.9050146927713661,0.0,0.5433907234784111,0.3502604823189407,1,1
3499,1990-10-16,21.51984126984127,1,1,1,0,"gas,gold,silver",179.7848362022758,5.191760781452453,0.0,0.13977276862896007,3.2085451999192642,1.1658176256639072,0.0,0.2126591529434401,0.12977276862896006,1,1
3500,1990-02-05,20.8015873015873,1,1,1,0,"gas,gold,silver",208.1158243482712,5.338094772547325,0.0,0.25379641485149285,2.4772735758962523,0.9071585908744486,0.0,0.38369462227723933,0.24379641485149287,1,1
3501,1989-04-25,19.99206349206349,1,0,1,1,"gas,gold,oil",107.96532943226647,4.681810151809747,0.0,0.3823092536879387,,,,,0.3723092536879387,1,1
3502,1989-04-07,19.944444444444443,1,1,1,1,"gas,gold,oil,silver",161.6132248836675,5.085205979889926,0.0,0.3898688324430238,1.2129275032650846,0.19303686170021572,0.0,0.5878032486645357,0.3798688324430238,1,1
3503,1990-06-12,21.16269841269841,1,0,0,1,"gold,oil",187.65472518813985,5.234603706122723,0.0,0.19646960929209792,,,,,0.1864696092920979,1,1
3504,1991-02-07,21.845238095238095,1,1,0,1,"gold,oil,silver",190.60848600871208,5.2502215128350445,0.0,0.08811564713587884,2.407650564722021,0.8786514025983757,0.0,0.13517347070381827,0.07811564713587885,1,1
3505,1990-09-17,21.436507936507937,1,0,1,1,"gas,gold,oil",235.58566032315645,5.462074585422381,0.0,0.15300203145035887,,,,,0.14300203145035886,1,1
3506,1991-05-31,22.166666666666668,1,1,0,0,"gold,silver",199.40196847286794,5.295322729459291,0.0,0.03708849053905478,2.3844583089762295,0.8689719744247344,0.0,0.05863273580858218,0.027088490539054783,1,1
3507,1990-03-21,20.928571428571427,0,1,0,0,silver,,,,,2.6359726566798236,0.9692522435514922,0.0,0.35345630725689914,0.22363753817126605,1,1
3508,1989-05-17,20.055555555555557,1,1,0,0,"gold,silver",107.72620488513242,4.679592868263046,0.0,0.37222981534782534,1.1197275906017528,0.11308543304656449,0.0,0.5613447230217381,0.36222981534782533,1,1
3509,1989-12-21,20.674603174603174,1,1,1,0,"gas,gold,silver",141.01442335159555,4.9488621784202955,0.0,0.2739552915317197,3.82193049900034,1.3407556611944322,0.0,0.4139329372975796,0.2639552915317197,1,1
3510,1989-11-09,20.555555555555557,1,1,1,1,"gas,gold,oil,silver",172.8019212442663,5.152145974619874,0.0,0.2928542384194323,2.9561860637463337,1.0838999455388447,0.0,0.44228135762914855,0.2828542384194323,1,1
3511,1991-07-05,22.265873015873016,1,1,0,1,"gold,oil,silver",205.0362374384037,5.323186731509001,0.0,0.021339368132627573,2.597316371219596,0.9544787470628621,0.0,0.03500905219894136,0.011339368132627573,1,1
3512,1991-06-28,22.246031746031747,1,1,1,1,"gas,gold,oil,silver",192.55367776960267,5.26037496041402,0.0,0.02448919261391303,2.5719491639875707,0.9446640410119099,0.0,0.03973378892086955,0.014489192613913033,1,1
3513,1990-11-08,21.58730158730159,1,1,1,0,"gas,gold,silver",212.0431259833962,5.356789678434047,0.0,0.12906336539258956,3.334150277339535,1.2042178574998148,0.0,0.1965950480888843,0.11906336539258955,1,1
3514,1991-05-09,22.103174603174605,1,1,1,1,"gas,gold,oil,silver",193.61180114174863,5.265855129295401,0.0,0.04716792887916818,1.9918866948487786,0.6890822774486778,0.0,0.07375189331875227,0.03716792887916818,1,1
3515,1990-10-15,21.515873015873016,1,0,1,0,"gas,gold",179.81867942749216,5.19194900667187,0.0,0.14040273352521712,,,,,0.1304027335252171,1,1
3516,1990-12-06,21.666666666666668,1,1,1,1,"gas,gold,oil,silver",174.20063839023464,5.1602077291087864,0.0,0.1164640674674478,2.7605620685375247,1.0154343070164575,0.0,0.17769610120117169,0.1064640674674478,1,1
3517,1990-03-02,20.876984126984127,0,0,0,1,oil,,,,,,,,,0.23182708182260822,1,1
3518,1989-07-03,20.186507936507937,1,1,1,1,"gas,gold,oil,silver",275.9230917354936,5.620122173753883,0.0,0.3514409737713415,0.7794070110516051,-0.2492218906707132,0.0,0.5301614606570123,0.34144097377134147,1,1
3519,1989-03-08,19.857142857142858,1,1,1,0,"gas,gold,silver",259.0026255288362,5.5568381988251305,0.0,0.4037280601606797,1.7293051181015318,0.5477196619830927,0.0,0.6085920902410197,0.3937280601606797,1,1
3520,1990-07-18,21.265873015873016,1,0,1,1,"gas,gold,oil",214.22673285576707,5.367034953474583,0.0,0.18009052198941367,,,,,0.17009052198941366,1,1
3521,1990-11-21,21.623015873015873,1,0,0,1,"gold,oil",179.37181330732932,5.189460820822024,0.0,0.12339368132627578,,,,,0.11339368132627578,1,1
3522,1991-06-26,22.238095238095237,1,1,1,0,"gas,gold,silver",200.98317151909396,5.303221180768442,0.0,0.02574912240642721,2.5186801331464954,0.9237350076269879,0.0,0.04162368360964081,0.01574912240642721,1,1
3523,1989-07-28,20.261904761904763,1,1,1,1,"gas,gold,oil,silver",227.79188688345113,5.4284324352930335,0.0,0.3394716407424568,2.427968376365414,0.8870548485512346,0.0,0.5122074611136852,0.3294716407424568,1,1
3524,1989-09-11,20.384920634920636,1,1,1,1,"gas,gold,oil,silver",242.61307930325165,5.491467908095654,0.0,0.31994272895848713,2.4730709422515114,0.905460674844973,0.0,0.48291409343773073,0.3099427289584871,1,1
3525,1990-03-12,20.900793650793652,1,1,1,1,"gas,gold,oil,silver",115.50359206431206,4.749301629602163,0.0,0.2380472924450657,2.5276638334906623,0.927295490183911,0.0,0.3600709386675986,0.2280472924450657,1,1
3526,1991-05-01,22.07936507936508,1,1,1,1,"gas,gold,oil,silver",199.8154135950452,5.297394008359268,0.0,0.050947718256710704,2.353634983380564,0.855960934529454,0.0,0.07942157738506606,0.0409477182567107,1,1
3527,1991-06-11,22.194444444444443,1,1,0,0,"gold,silver",201.7008143781047,5.306785482523184,0.0,0.032678736265255144,2.7354385093501463,1.0062917555084074,0.0,0.05201810439788272,0.022678736265255146,1,1
3528,1990-10-11,21.50793650793651,1,1,1,1,"gas,gold,oil,silver",205.86139213198086,5.327203088593671,0.0,0.1416626633177313,3.016602752078214,1.104131281662881,0.0,0.21549399497659694,0.1316626633177313,1,1
3529,1990-09-28,21.47222222222222,1,1,1,1,"gas,gold,oil,silver",202.57686405011688,5.311119390082149,0.0,0.1473323473840451,2.644843780793992,0.9726120014843627,0.0,0.22399852107606766,0.1373323473840451,1,1
3530,1989-08-28,20.345238095238095,1,0,1,0,"gas,gold",109.12406891402148,4.692485481834903,0.0,0.3262423779210579,,,,,0.3162423779210579,1,1
3531,1990-10-08,21.496031746031747,1,1,1,0,"gas,gold,silver",172.61770835359562,5.151079371031947,0.0,0.1435525580065026,2.487183207410111,0.9111508281354458,0.0,0.21832883700975386,0.1335525580065026,1,1
3532,1989-12-12,20.646825396825395,1,1,1,1,"gas,gold,oil,silver",134.96151060403167,4.904989631151003,0.0,0.2783650458055193,1.5910652065029403,0.464403733118532,0.0,0.420547568708279,0.2683650458055193,1,1
3533,1989-09-06,20.373015873015873,1,1,1,1,"gas,gold,oil,silver",121.3455527916594,4.798642283719106,0.0,0.32183262364725834,1.6585914901282326,0.5059687422658848,0.0,0.4857489354708876,0.31183262364725833,1,1
3534,1991-05-23,22.142857142857142,1,1,1,0,"gas,gold,silver",186.48118561946058,5.228330352598006,0.0,0.040868279916597305,2.238126409498209,0.8056390915377827,0.0,0.06430241987489596,0.030868279916597307,1,1
3535,1990-06-27,21.206349206349206,1,1,1,1,"gas,gold,oil,silver",175.23259390454055,5.166114199467244,0.0,0.18953999543326994,3.395460401325905,1.222439363399717,0.0,0.28730999314990496,0.17953999543326993,1,1
3536,1991-02-27,21.900793650793652,1,1,1,1,"gas,gold,oil,silver",210.76768159463646,5.350756491795127,0.0,0.07929613858827961,2.4482803067168173,0.8953858624727387,0.0,0.12194420788241944,0.06929613858827961,1,1
3537,1990-05-15,21.083333333333332,1,1,1,1,"gas,gold,oil,silver",140.62123883519894,4.946070026540195,0.0,0.20906890721723967,2.737886077443607,1.0071861180545332,0.0,0.31660336082585955,0.19906890721723966,1,1
3538,1990-06-06,21.146825396825395,1,1,1,1,"gas,gold,oil,silver",194.6907031935907,5.27141216184721,0.0,0.1989894688771263,1.690657832355905,0.5251177031116241,0.0,0.3014842033156894,0.18898946887712628,1,1
3539,1990-05-31,21.13095238095238,1,1,1,1,"gas,gold,oil,silver",161.18603162480917,5.082559173866431,0.0,0.20150932846215464,2.114353349064057,0.7487490206252946,0.0,0.30526399269323196,0.19150932846215463,1,1
3540,1989-06-14,20.134920634920636,1,1,1,1,"gas,gold,oil,silver",65.62974617054262,4.184029040895379,0.0,0.3596305174226836,2.3560839990614713,0.8570009184056759,0.0,0.5424457761340254,0.3496305174226836,1,1
3541,1989-12-25,20.682539682539684,1,1,1,1,"gas,gold,oil,silver",307.75629609525555,5.729308223328908,0.0,0.27269536173920556,1.812260395196972,0.5945749032546693,0.0,0.41204304260880836,0.26269536173920555,1,1
3542,1990-01-19,20.75793650793651,1,1,1,1,"gas,gold,oil,silver",152.2184996084187,5.025316986059743,0.0,0.26072602871032086,3.1005207893296154,1.1315700939391995,0.0,0.3940890430654813,0.25072602871032085,1,1
3543,1989-11-15,20.571428571428573,0,1,0,0,silver,,,,,1.2412060895027288,0.21608355972147164,0.0,0.438501568251606,0.280334378834404,1,1
3544,1990-11-26,21.634920634920636,1,1,0,0,"gold,silver",179.1021965225463,5.187956573215617,0.0,0.1215037866375045,3.258433428448955,1.1812465364600582,0.0,0.18525567995625675,0.1115037866375045,1,1
3545,1989-02-21,19.813492063492063,1,1,0,1,"gold,oil,silver",318.7209144622617,5.76431584356337,0.0,0.4106576740195077,1.6448919889417717,0.49767472184384076,0.0,0.6189865110292616,0.4006576740195077,1,1
3546,1991-02-28,21.904761904761905,1,1,1,1,"gas,gold,oil,silver",186.46158801858908,5.228225255503895,0.0,0.07866617369202254,2.5845281336560975,0.949542951126185,0.0,0.12099926053803384,0.06866617369202255,1,1
3547,1989-05-22,20.067460317460316,1,1,1,1,"gas,gold,oil,silver",186.69827585047864,5.2294938156388255,0.0,0.37033992065905413,1.3216986552209773,0.27891776931948675,0.0,0.5585098809885812,0.3603399206590541,1,1
3548,1989-03-30,19.92063492063492,1,1,1,1,"gas,gold,oil,silver",104.05442101099727,4.644914041230582,0.0,0.3936486218205663,0.7753426574654503,-0.25445020867819135,0.0,0.5934729327308496,0.3836486218205663,1,1
3549,1991-07-09,22.273809523809526,1,1,1,0,"gas,gold,silver",204.03130356118123,5.318273430901469,0.0,0.0200794383401134,2.5816791693336834,0.9484400280554965,0.0,0.0331191575101701,0.010079438340113399,1,1
3550,1989-04-26,19.996031746031747,1,1,1,0,"gas,gold,silver",120.6854355874708,4.7931874546045945,0.0,0.38167928879168167,1.3467324609146514,0.2976812592263192,0.0,0.5755189331875226,0.37167928879168166,1,1
3551,1991-06-19,22.21825396825397,1,1,1,1,"gas,gold,oil,silver",200.32169635746675,5.299924556114031,0.0,0.02889894688771262,2.7248665918838055,1.0024194698099087,0.0,0.04634842033156894,0.018898946887712622,1,1
3552,1989-06-22,20.158730158730158,1,1,1,1,"gas,gold,oil,silver",373.809192683238,5.923745487237097,0.0,0.35585072804514106,1.504630051470984,0.4085470550077872,0.0,0.5367760920677117,0.34585072804514105,1,1
3553,1990-03-20,20.924603174603174,1,1,1,1,"gas,gold,oil,silver",173.25496990921968,5.15476432400327,0.0,0.23426750306752317,2.801769722057218,1.0302512611175938,0.0,0.3544012546012848,0.22426750306752316,1,1
3554,1989-03-09,19.86111111111111,1,1,0,1,"gold,oil,silver",46.021672334711106,3.829112423249682,0.0,0.40309809526442264,1.4869072664474294,0.39669830268699247,0.0,0.607647142896634,0.39309809526442263,1,1
3555,1989-06-15,20.13888888888889,1,1,0,1,"gold,oil,silver",150.4324761222267,5.013514319869595,0.0,0.35900055252642654,5.025438127913376,1.614512639778847,0.0,0.5415008287896399,0.34900055252642653,1,1
3556,1989-06-12,20.126984126984127,1,1,1,1,"gas,gold,oil,silver",134.544646153353,4.901896085622067,0.0,0.36089044721519775,3.6381103508840984,1.2914644124792467,0.0,0.5443356708227967,0.35089044721519774,1,1
3557,1989-03-24,19.904761904761905,1,1,0,1,"gold,oil,silver",324.58093962578954,5.782534933780919,0.0,0.3961684814055947,3.382553535657517,1.2186309081829423,0.0,0.5972527221083921,0.3861684814055947,1,1
3558,1989-04-10,19.9484126984127,1,1,1,1,"gas,gold,oil,silver",143.07800719720066,4.963389986401739,0.0,0.38923886754676673,1.745294148796339,0.5569231080940964,0.0,0.5868583013201502,0.3792388675467667,1,1
3559,1990-08-21,21.36111111111111,1,1,0,1,"gold,oil,silver",162.1032539422911,5.0882335022125265,0.0,0.16497136447924357,2.4655692068072304,0.9024226963782221,0.0,0.2504570467188654,0.15497136447924356,1,1
3560,1990-08-13,21.33730158730159,1,1,1,1,"gas,gold,oil,silver",185.07026708706073,5.220735575056394,0.0,0.16875115385678607,3.1859137200659404,1.1587391301625736,0.0,0.2561267307851791,0.15875115385678606,1,1
3561,1991-03-21,21.964285714285715,1,1,1,1,"gas,gold,oil,silver",187.08717919620668,5.231574707127834,0.0,0.06921670024816622,2.408003830060566,0.8787981180020231,0.0,0.10682505037224933,0.05921670024816622,1,1
3562,1989-04-14,19.964285714285715,1,1,0,1,"gold,oil,silver",241.89972479482532,5.488523279933752,0.0,0.38671900796173836,3.115846715647795,1.1365009341309147,0.0,0.5830785119426076,0.37671900796173835,1,1
3563,1991-05-27,22.150793650793652,1,0,0,0,gold,190.60606989805038,5.250208836977713,0.0,0.03960835012408313,,,,,0.02960835012408313,1,1
3564,1989-06-30,20.182539682539684,1,1,1,1,"gas,gold,oil,silver",162.1390097692115,5.0884540522830575,0.0,0.35207093866759853,1.0680549984978651,0.06583923593293989,0.0,0.5311064080013979,0.3420709386675985,1,1
3565,1991-03-14,21.944444444444443,1,1,1,1,"gas,gold,oil,silver",201.13057142378582,5.303954306227995,0.0,0.07236652472945168,2.590409459258642,0.9518159555940173,0.0,0.11154978709417752,0.06236652472945168,1,1
3566,1989-10-25,20.511904761904763,1,1,1,1,"gas,gold,oil,silver",111.85493713991471,4.717202827685387,0.0,0.2997838522782603,1.7778462703872155,0.5754026712542213,0.0,0.45267577841739054,0.2897838522782603,1,1
3567,1991-05-13,22.11111111111111,1,1,1,1,"gas,gold,oil,silver",190.05362622252267,5.247306275613781,0.0,0.04590799908665401,2.0484828540603304,0.7170994479723622,0.0,0.07186199862998101,0.035907999086654006,1,1
3568,1990-05-24,21.11111111111111,1,1,0,1,"gold,oil,silver",204.97136797345271,5.322870300961684,0.0,0.20465915294344006,1.5729601102341377,0.4529592647171746,0.0,0.3099887294151601,0.19465915294344005,1,1
3569,1990-12-26,21.72222222222222,1,1,1,1,"gas,gold,oil,silver",189.88889461870295,5.246439135953933,0.0,0.10764455891984857,3.1019530953949133,1.1320319438775879,0.0,0.16446683837977286,0.09764455891984858,1,1
3570,1989-10-30,20.523809523809526,0,1,1,1,"gas,oil,silver",,,,,2.5216473555081484,0.9249124004496205,0.0,0.4498409363842336,0.28789395758948905,1,1
3571,1990-03-29,20.952380952380953,1,1,1,1,"gas,gold,oil,silver",174.77808713135119,5.163517095702794,0.0,0.2298577487937236,3.0359051779664417,1.1105096264917642,0.0,0.3477866231905854,0.21985774879372358,1,1
3572,1990-05-10,21.071428571428573,1,1,0,1,"gold,oil,silver",171.86103406481828,5.146686208769212,0.0,0.2109588019060109,1.9280909724140365,0.6565303799372354,0.0,0.3194382028590164,0.2009588019060109,1,1
3573,1990-03-27,20.944444444444443,1,1,1,0,"gas,gold,silver",163.347331037279,5.0958787989927465,0.0,0.23111767858623772,3.460352382501355,1.241370428537389,0.0,0.3496765178793566,0.2211176785862377,1,1
3574,1989-11-23,20.595238095238095,1,1,1,1,"gas,gold,oil,silver",146.79340515375654,4.989026191150569,0.0,0.28655458945686146,2.2945165945657635,0.8305221871498769,0.0,0.4328318841852922,0.27655458945686145,1,1
3575,1989-08-02,20.273809523809526,1,1,0,1,"gold,oil,silver",220.18731113141138,5.3944785983385515,0.0,0.33758174605368557,0.8381973255546653,-0.1765017341969657,0.0,0.5093726190805283,0.32758174605368556,1,1
3576,1989-05-04,20.01984126984127,1,1,1,1,"gas,gold,oil,silver",215.53835853558925,5.3731388915490275,0.0,0.37789949941413914,1.268587744903916,0.23790426983985852,0.0,0.5698492491212088,0.36789949941413913,1,1
3577,1991-03-19,21.956349206349206,1,1,1,1,"gas,gold,oil,silver",160.52788012629912,5.078467635436611,0.0,0.07047663004068039,2.098447844709718,0.7411979498775622,0.0,0.1087149450610206,0.06047663004068039,1,1
3578,1989-06-29,20.178571428571427,1,1,1,1,"gas,gold,oil,silver",116.35729750303832,4.756665608048234,0.0,0.35270090356385564,3.5051066674238096,1.254220952954668,0.0,0.5320513553457835,0.34270090356385563,1,1
3579,1990-11-28,21.642857142857142,1,1,1,1,"gas,gold,oil,silver",205.26285521523755,5.324291378357778,0.0,0.12024385684499031,2.6909961898463273,0.989911455856114,0.0,0.18336578526748548,0.11024385684499032,1,1
3580,1990-03-28,20.9484126984127,1,1,1,1,"gas,gold,oil,silver",219.03855468242764,5.389247763099942,0.0,0.23048771368998064,2.618490004172132,0.9625978173431158,0.0,0.348731570534971,0.22048771368998063,1,1
3581,1990-07-10,21.24206349206349,1,1,0,0,"gold,silver",206.83999492719116,5.331945523002741,0.0,0.1838703113669562,3.05040046041018,1.1152728804955683,0.0,0.2788054670504343,0.1738703113669562,1,1
3582,1990-08-28,21.38095238095238,1,1,0,1,"gold,oil,silver",234.0460729840689,5.455517989071112,0.0,0.1618215399979581,3.5578159901647823,1.2691468706956897,0.0,0.24573230999693715,0.15182153999795808,1,1
3583,1991-07-18,22.3015873015873,1,1,1,0,"gas,gold,silver",195.24306105162083,5.274245249300164,0.0,0.01566968406631381,2.573337310439733,0.945203620875049,0.0,0.026504526099470713,0.005669684066313809,1,1
3584,1989-09-07,20.376984126984127,1,1,0,1,"gold,oil,silver",147.56637329316598,4.994278062993688,0.0,0.32120265875100124,1.5649391060590485,0.44784691336868543,0.0,0.4848039881265019,0.3112026587510012,1,1
3585,1989-12-14,20.654761904761905,1,1,1,1,"gas,gold,oil,silver",136.3677148426501,4.915355022690771,0.0,0.2771051160130052,4.762579115011837,1.5607893523908167,0.0,0.41865767401950776,0.2671051160130052,1,1
3586,1990-09-21,21.452380952380953,1,1,1,1,"gas,gold,oil,silver",247.7567737819351,5.512447514034861,0.0,0.15048217186533053,3.5674805141578556,1.2718596083098885,0.0,0.2287232577979958,0.14048217186533052,1,1
3587,1990-06-22,21.194444444444443,1,1,1,1,"gas,gold,oil,silver",176.66812350278371,5.17427296408623,0.0,0.19142989012204123,3.5917921226121265,1.2786512764412674,0.0,0.2901448351830619,0.18142989012204122,1,1
3588,1990-07-13,21.253968253968253,1,1,1,0,"gas,gold,silver",219.32858327905478,5.390570985640271,0.0,0.1819804166781849,2.522089504281462,0.9250877263188075,0.0,0.27597062501727737,0.1719804166781849,1,1
3589,1989-07-24,20.246031746031747,1,1,0,1,"gold,oil,silver",165.06394576035132,5.106332948885187,0.0,0.34199150032748515,0.8389368507414553,-0.17561984264031927,0.0,0.5159872504912277,0.33199150032748515,1,1
3590,1990-06-26,21.202380952380953,1,1,1,1,"gas,gold,oil,silver",225.23080849042867,5.4171256919282476,0.0,0.19016996032952707,1.6777986965457805,0.5174826345468018,0.0,0.2882549404942906,0.18016996032952706,1,1
3591,1990-03-09,20.896825396825395,1,1,0,1,"gold,oil,silver",148.76769376421282,5.002385987027168,0.0,0.23867725734132278,2.62621919032546,0.9655452416757834,0.0,0.3610158860119842,0.22867725734132277,1,1
3592,1989-08-30,20.353174603174605,1,1,0,0,"gold,silver",237.4290205550665,5.469868717986128,0.0,0.3249824481285438,2.9260707932383174,1.0736604968501289,0.0,0.4904736721928158,0.3149824481285438,1,1
3593,1989-09-15,20.400793650793652,1,0,1,0,"gas,gold",161.80782987092863,5.086409395733675,0.0,0.31742286937345876,,,,,0.30742286937345875,1,1
3594,1989-08-15,20.30952380952381,1,1,1,1,"gas,gold,oil,silver",175.0783507265305,5.165233592164837,0.0,0.3319120619873718,1.1802670376915498,0.16574071600331503,0.0,0.5008680929810576,0.32191206198737177,1,1
3595,1989-08-22,20.32936507936508,1,1,1,1,"gas,gold,oil,silver",152.95350188651963,5.030133965964231,0.0,0.3287622375060863,2.225187085582264,0.799840995491151,0.0,0.4961433562591295,0.3187622375060863,1,1
3596,1989-05-30,20.091269841269842,1,1,0,1,"gold,oil,silver",267.9823507422649,5.590921122902982,0.0,0.3665601312815116,2.207087858830705,0.7916739356488439,0.0,0.5528401969222674,0.3565601312815116,1,1
3597,1990-07-09,21.238095238095237,1,1,1,0,"gas,gold,silver",173.06229639284277,5.153651624435539,0.0,0.18450027626321325,3.4668213972234025,1.2432381502976013,0.0,0.2797504143948199,0.17450027626321324,1,1
3598,1990-04-25,21.02777777777778,1,1,1,0,"gas,gold,silver",223.10819766162268,5.4076568451006,0.0,0.21788841576483892,1.4567459176344817,0.3762051246581816,0.0,0.3298326236472584,0.2078884157648389,1,1
3599,1989-06-16,20.142857142857142,1,0,1,1,"gas,gold,oil",154.04979700914595,5.037275907347203,0.0,0.35837058763016943,,,,,0.3483705876301694,1,1
3600,1990-02-07,20.80952380952381,1,1,1,1,"gas,gold,oil,silver",170.73610356389642,5.14011911044731,0.0,0.25253648505897874,2.9753110421847366,1.0903485855272836,0.0,0.3818047275884681,0.24253648505897873,1,1
3601,1989-08-25,20.341269841269842,1,1,1,1,"gas,gold,oil,silver",149.62214326796487,5.008113071084107,0.0,0.32687234281731503,1.5378646395318611,0.4303948565027801,0.0,0.4933085142259726,0.316872342817315,1,1
3602,1990-12-19,21.702380952380953,1,1,1,1,"gas,gold,oil,silver",218.9656470521812,5.388914854736821,0.0,0.11079438340113403,2.3855960566783323,0.8694490120584648,0.0,0.16919157510170105,0.10079438340113403,1,1
3603,1989-07-20,20.238095238095237,0,1,1,0,"gas,silver",,,,,2.068774350649824,0.7269563307808254,0.0,0.517877145179999,0.3332514301199993,1,1
3604,1991-06-27,22.24206349206349,1,1,1,1,"gas,gold,oil,silver",199.84831532733642,5.29755865543622,0.0,0.025119157510170097,2.622623701430561,0.9641752294535008,0.0,0.040678736265255144,0.015119157510170098,1,1
3605,1990-01-11,20.734126984126984,0,0,1,0,gas,,,,,,,,,0.25450581808786343,1,1
3606,1991-07-11,22.28174603174603,1,1,0,1,"gold,oil,silver",203.9996767532862,5.318118409300246,0.0,0.01881950854759922,2.769422814006666,1.0186389280924149,0.0,0.031229262821398835,0.008819508547599223,1,1
3607,1990-04-11,20.988095238095237,1,1,1,1,"gas,gold,oil,silver",192.97630241862464,5.2625673959704145,0.0,0.2241880647274098,4.294695765349759,1.4573807183172613,0.0,0.3392820970911147,0.21418806472740978,1,1
3608,1990-01-24,20.76984126984127,1,1,1,1,"gas,gold,oil,silver",183.69336595424375,5.213267878091802,0.0,0.25883613402154954,1.0984912766415418,0.0939376716562782,0.0,0.3912542010323244,0.24883613402154955,1,1
3609,1989-03-17,19.884920634920636,1,1,1,1,"gas,gold,oil,silver",157.6626660768481,5.0604577257821255,0.0,0.3993183058868801,3.5908384821139365,1.278385735706605,0.0,0.6019774588303203,0.3893183058868801,1,1
3610,1990-12-14,21.69047619047619,1,1,1,1,"gas,gold,oil,silver",229.0075330019094,5.433754898218049,0.0,0.11268427808990526,3.2289966995949584,1.1721714696619454,0.0,0.17202641713485792,0.10268427808990527,1,1
3611,1991-04-18,22.043650793650794,0,1,0,0,silver,,,,,2.279900861765986,0.8241319603394087,0.0,0.08792610348453671,0.04661740232302447,1,1
3612,1990-06-29,21.214285714285715,1,1,1,1,"gas,gold,oil,silver",269.2593599171698,5.595675078355846,0.0,0.18828006564075578,3.1758941570721873,1.1555892169706874,0.0,0.2854200984611337,0.17828006564075577,1,1
3613,1989-10-18,20.49206349206349,1,1,1,1,"gas,gold,oil,silver",156.9449242407282,5.055894942788768,0.0,0.30293367675954574,2.0822895541763606,0.7334680355354053,0.0,0.4574005151393186,0.29293367675954574,1,1
3614,1989-03-06,19.849206349206348,1,1,1,1,"gas,gold,oil,silver",259.2741417992651,5.55788596446845,0.0,0.4049879899531939,1.7191610011410872,0.541836381782849,0.0,0.6104819849297909,0.3949879899531939,1,1
3615,1991-02-11,21.853174603174605,1,0,1,1,"gas,gold,oil",186.094679097802,5.226255571610236,0.0,0.08685571734336466,,,,,0.07685571734336466,1,1
3616,1989-08-29,20.349206349206348,1,1,1,1,"gas,gold,oil,silver",286.2699741080716,5.656935330977522,0.0,0.3256124130248009,0.8732090864805959,-0.13558024840469973,0.0,0.49141861953720134,0.31561241302480086,1,1
3617,1989-03-23,19.900793650793652,1,1,1,1,"gas,gold,oil,silver",261.4632037055162,5.566293561196854,0.0,0.3967984463018518,4.642675188078329,1.535290749252368,0.0,0.5981976694527777,0.3867984463018518,1,1
3618,1991-05-21,22.134920634920636,1,1,1,1,"gas,gold,oil,silver",184.20748223615138,5.216062743170776,0.0,0.042128209709111485,2.1827473329662,0.7805843278393816,0.0,0.06619231456366723,0.03212820970911148,1,1
3619,1990-11-09,21.591269841269842,1,1,1,1,"gas,gold,oil,silver",217.1120792854436,5.380413714606101,0.0,0.12843340049633248,2.4408795704572523,0.8923584540435103,0.0,0.19565010074449873,0.11843340049633248,1,1
3620,1989-12-05,20.626984126984127,1,1,1,1,"gas,gold,oil,silver",205.30076617143325,5.3244760559781446,0.0,0.2815148702868048,2.5967614474530984,0.9542650714931145,0.0,0.42527230543020716,0.27151487028680477,1,1
3621,1991-07-10,22.27777777777778,1,1,0,0,"gold,silver",200.98105133221148,5.303210631636146,0.0,0.019449473443856335,2.7108934417514607,0.9972782638611329,0.0,0.0321742101657845,0.009449473443856334,1,1
3622,1989-07-21,20.24206349206349,1,0,1,0,"gas,gold",98.3293564787604,4.588322624265009,0.0,0.34262146522374226,,,,,0.33262146522374225,1,1
3623,1991-02-08,21.849206349206348,1,1,1,0,"gas,gold,silver",192.00534583678765,5.257523214540111,0.0,0.08748568223962178,2.7818024961597945,1.0230990975086993,0.0,0.13422852335943267,0.07748568223962178,1,1
3624,1990-01-17,20.75,1,1,1,0,"gas,gold,silver",77.86052138639253,4.354919038620106,0.0,0.26198595850283507,2.47263865077419,0.9052858601008836,0.0,0.39597893775425264,0.25198595850283506,1,1
3625,1989-02-28,19.833333333333332,1,1,0,1,"gold,oil,silver",249.16585000818625,5.518118739032242,0.0,0.4075078495382222,2.048152780312583,0.7169383041568408,0.0,0.6142617743073334,0.3975078495382222,1,1
3626,1989-03-15,19.876984126984127,1,0,1,0,"gas,gold",155.9542467464766,5.0495626741449,0.0,0.4005782356793943,,,,,0.3905782356793943,1,1
3627,1989-10-13,20.48015873015873,1,1,1,1,"gas,gold,oil,silver",154.1696416033234,5.03805356498461,0.0,0.304823571448317,1.8197273482085201,0.5986866811896261,0.0,0.46023535717247555,0.294823571448317,1,1
3628,1989-08-08,20.28968253968254,0,1,1,0,"gas,silver",,,,,1.192189263951988,0.1757913345224002,0.0,0.5055928297029858,0.3250618864686572,1,1
3629,1989-09-08,20.38095238095238,1,1,0,1,"gold,oil,silver",159.99611440019663,5.0751495299401705,0.0,0.3205726938547442,1.6282826753947033,0.48752588604262115,0.0,0.48385904078211633,0.3105726938547442,1,1
3630,1991-04-04,22.003968253968253,1,1,0,1,"gold,oil,silver",173.93844578453053,5.158701476767729,0.0,0.06291705128559534,2.083176347957187,0.7338938192604718,0.0,0.09737557692839302,0.052917051285595346,1,1
3631,1989-10-20,20.5,1,1,1,1,"gas,gold,oil,silver",108.0601578270162,4.682688088964698,0.0,0.30167374696703153,2.3077393830141224,0.8362684232986753,0.0,0.45551062045054735,0.2916737469670315,1,1
3632,1990-09-27,21.46825396825397,1,1,1,1,"gas,gold,oil,silver",200.83798286924193,5.3024985276448575,0.0,0.14796231228030218,2.93601117526705,1.0770519170348924,0.0,0.22494346842045326,0.13796231228030217,1,1
3633,1989-11-06,20.543650793650794,1,1,1,1,"gas,gold,oil,silver",130.05353282177865,4.867946156629722,0.0,0.29474413310820363,0.9563145244754963,-0.04466841954215084,0.0,0.4451161996623055,0.2847441331082036,1,1
3634,1989-08-03,20.27777777777778,1,1,1,1,"gas,gold,oil,silver",224.31372432430945,5.413045627011892,0.0,0.33695178115742846,2.3468939140851015,0.8530927152018448,0.0,0.5084276717361427,0.32695178115742846,1,1
3635,1990-05-04,21.055555555555557,0,1,1,0,"gas,silver",,,,,1.6964629925989223,0.5285454910336463,0.0,0.32321799223655895,0.20347866149103927,1,1
3636,1989-04-13,19.96031746031746,1,1,1,1,"gas,gold,oil,silver",278.3038131797287,5.628713370125828,0.0,0.38734897285799547,1.7139748961437813,0.538815173711142,0.0,0.5840234592869932,0.37734897285799546,1,1
3637,1990-10-03,21.484126984126984,1,1,1,1,"gas,gold,oil,silver",171.79601443255268,5.1463078104018525,0.0,0.14544245269527384,2.6504934729922067,0.9747458388855162,0.0,0.22116367904291073,0.13544245269527383,1,1
3638,1989-03-07,19.853174603174605,0,1,0,1,"oil,silver",,,,,1.0006839280736586,0.0006836943014364438,0.0,0.6095370375854053,0.39435802505693685,1,1
3639,1990-06-05,21.142857142857142,1,1,1,1,"gas,gold,oil,silver",198.171197435976,5.289131290629332,0.0,0.19961943377338334,1.8968964704057383,0.6402191140317118,0.0,0.30242915066007503,0.18961943377338333,1,1
3640,1992-11-09,23.658730158730158,1,1,1,0,"gas,gold,silver",132.94989268578993,4.889972310511493,0.0,0.08218511515984407,1.4150833349071545,0.34718842328833943,0.0,0.1262776727397661,0.07218511515984408,1,1
3641,1992-05-04,23.123015873015873,1,1,0,0,"gold,silver",180.3744793239609,5.195035130459021,0.0,0.32580987882431783,3.032659045460033,1.1094398074385254,0.0,0.4917148182364767,0.3158098788243178,1,1
3642,1992-11-02,23.63888888888889,1,0,1,0,"gas,gold",168.7004897571886,5.128124892672715,0.0,0.0912082545548246,,,,,0.08120825455482461,1,1
3643,1992-05-25,23.182539682539684,1,1,1,0,"gas,gold,silver",160.0802942721289,5.075675528555453,0.0,0.2987404606393763,2.2164473804313163,0.7959056349849309,0.0,0.4511106909590644,0.2887404606393763,1,1
3644,1992-05-18,23.16269841269841,1,1,1,1,"gas,gold,oil,silver",190.53943279491705,5.249859169444755,0.0,0.3077636000343569,1.6920161202380994,0.5259207884661288,0.0,0.46464540005153526,0.29776360003435687,1,1
3645,1992-08-19,23.428571428571427,1,1,1,1,"gas,gold,oil,silver",128.47680408992252,4.855748375121966,0.0,0.18685353214161798,1.6358391189127817,0.49215589527217823,0.0,0.28328029821242695,0.17685353214161798,1,1
3646,1992-09-30,23.547619047619047,1,0,1,1,"gas,gold,oil",125.78007730788528,4.834534963742973,0.0,0.13271469577173495,,,,,0.12271469577173495,1,1
3647,1992-03-09,22.964285714285715,1,1,1,1,"gas,gold,oil,silver",373.03616522757187,5.92167537265839,0.0,0.39799499398416194,2.1063327474793136,0.744948400983898,0.0,0.5999924909762429,0.38799499398416193,1,1
3648,1992-11-12,23.67063492063492,1,1,1,1,"gas,gold,oil,silver",166.9429491668073,5.117652132295105,0.0,0.07677123152285578,1.4950879404739406,0.4021850281721334,0.0,0.11815684728428368,0.06677123152285579,1,1
3649,1992-03-11,22.97222222222222,1,1,1,1,"gas,gold,oil,silver",171.57010270028405,5.144991945186308,0.0,0.39438573822616974,4.14776144031107,1.4225687767343946,0.0,0.5945786073392546,0.3843857382261697,1,1
3650,1992-11-20,23.694444444444443,1,0,1,1,"gas,gold,oil",155.35260105068025,5.045697378863875,0.0,0.06594346424887916,,,,,0.055943464248879166,1,1
3651,1992-05-22,23.178571428571427,0,1,1,1,"gas,oil,silver",,,,,1.6470908920409808,0.4990106360971849,0.0,0.4538176327775586,0.2905450885183724,1,1
3652,1992-07-09,23.313492063492063,1,1,0,1,"gold,oil,silver",141.1228949235477,4.949631105962102,0.0,0.23918774063250497,1.358107098891697,0.3060918911900634,0.0,0.36178161094875744,0.22918774063250497,1,1
3653,1992-09-21,23.51984126984127,1,1,0,1,"gold,oil,silver",142.59074595787993,4.959978610768386,0.0,0.14534709092470763,1.156232955940996,0.14516726892806386,0.0,0.2210206363870614,0.13534709092470762,1,1
3654,1992-07-30,23.373015873015873,1,1,1,0,"gas,gold,silver",211.83941178180626,5.355828496035037,0.0,0.21211832244756343,1.4380572217099996,0.3632930510732155,0.0,0.32117748367134513,0.20211832244756342,1,1
3655,1992-03-16,22.984126984126984,1,1,1,1,"gas,gold,oil,silver",200.2934434833235,5.299783508652863,0.0,0.38897185458918143,2.175131777411289,0.7770892500208454,0.0,0.5864577818837721,0.3789718545891814,1,1
3656,1992-08-03,23.38095238095238,1,1,1,1,"gas,gold,oil,silver",145.0252950163313,4.9769081755947155,0.0,0.20850906668957123,1.4987336224411976,0.40462049982111437,0.0,0.31576360003435683,0.19850906668957122,1,1
3657,1992-06-30,23.285714285714285,1,1,1,1,"gas,gold,oil,silver",110.02306580953578,4.7006900329883115,0.0,0.2518201357854777,0.9883315700298111,-0.011737040338247406,0.0,0.3807302036782165,0.24182013578547767,1,1
3658,1992-03-23,23.003968253968253,1,1,1,1,"gas,gold,oil,silver",195.62189387671472,5.276183683221856,0.0,0.3799487151942009,2.778519129899228,1.0219180986877665,0.0,0.5729230727913014,0.3699487151942009,1,1
3659,1992-03-10,22.96825396825397,1,1,1,1,"gas,gold,oil,silver",168.02375161786702,5.124105348088015,0.0,0.39619036610516584,1.7034437664526234,0.5326519469797304,0.0,0.5972855491577487,0.3861903661051658,1,1
3660,1992-06-26,23.27777777777778,1,0,0,1,"gold,oil",266.57351606341365,5.585650063213006,0.0,0.2554293915434699,,,,,0.24542939154346988,1,1
3661,1992-03-24,23.00793650793651,1,1,1,1,"gas,gold,oil,silver",456.8379723255373,6.124328781694177,0.0,0.3781440873152048,3.0432018268654564,1.1129101936794323,0.0,0.5702161309728072,0.3681440873152048,1,1
3662,1992-04-06,23.043650793650794,1,0,0,1,"gold,oil",188.56516532695525,5.239443651798263,0.0,0.3619024364042399,,,,,0.3519024364042399,1,1
3663,1992-03-17,22.988095238095237,1,1,1,1,"gas,gold,oil,silver",197.78021744761918,5.287156401283141,0.0,0.38716722671018533,1.9331357449626734,0.6591434227800221,0.0,0.5837508400652779,0.3771672267101853,1,1
3664,1992-09-02,23.46825396825397,1,1,1,1,"gas,gold,oil,silver",129.69508413783836,4.865186188814118,0.0,0.16880725335165697,1.2209748208275468,0.19964957315307516,0.0,0.25621088002748543,0.15880725335165696,1,1
3665,1992-11-27,23.714285714285715,1,0,1,1,"gas,gold,oil",159.16363081867428,5.069932797680248,0.0,0.05692032485389864,,,,,0.04692032485389864,1,1
3666,1992-07-22,23.349206349206348,1,1,0,0,"gold,silver",149.5771609134555,5.007812386194673,0.0,0.22294608972154006,1.8064533728320804,0.5913654604958586,0.0,0.33741913458231004,0.21294608972154005,1,1
3667,1992-03-12,22.976190476190474,0,1,0,0,silver,,,,,2.3433155591744304,0.851566832136123,0.0,0.5918716655207604,0.3825811103471736,1,1
3668,1992-04-22,23.091269841269842,1,1,1,1,"gas,gold,oil,silver",161.29127243086194,5.083211875985095,0.0,0.3402469018562867,1.2925351722987164,0.25660553964041627,0.0,0.51337035278443,0.3302469018562867,1,1
3669,1992-07-10,23.317460317460316,1,1,1,0,"gas,gold,silver",144.99626410964328,4.976707977327576,0.0,0.23738311275350887,1.7621300662890504,0.5665233422067846,0.0,0.35907466913026326,0.22738311275350886,1,1
3670,1992-04-15,23.071428571428573,1,1,1,0,"gas,gold,silver",290.85629628522986,5.672829318000161,0.0,0.3492700412512672,1.2461299727993582,0.2200427269631473,0.0,0.5269050618769008,0.3392700412512672,1,1
3671,1992-12-02,23.726190476190474,0,0,1,0,gas,,,,,,,,,0.04150644121691035,1,1
3672,1992-12-28,23.797619047619047,0,0,1,0,gas,,,,,,,,,0.009023139394980525,1,1
3673,1992-03-18,22.99206349206349,1,1,1,1,"gas,gold,oil,silver",58.11300209977741,4.062389427113211,0.0,0.38536259883118923,7.001849955407007,1.9461743934835372,0.0,0.5810438982467838,0.3753625988311892,1,1
3674,1992-12-31,23.80952380952381,1,1,1,1,"gas,gold,oil,silver",172.42629021549246,5.149969842052836,0.0,0.013609255757992194,1.9652249050549744,0.6756066942704084,0.0,0.02341388363698829,0.0036092557579921933,1,1
3675,1992-03-30,23.023809523809526,1,1,0,1,"gold,oil,silver",230.02305084172326,5.438179524952372,0.0,0.3709255757992204,5.1540874524421305,1.6397900799640106,0.0,0.5593883636988306,0.3609255757992204,1,1
3676,1992-05-27,23.19047619047619,1,1,1,0,"gas,gold,silver",136.5226438518715,4.916490489891651,0.0,0.2951312048813841,2.2651711133516264,0.8176503028150964,0.0,0.44569680732207617,0.2851312048813841,1,1
3677,1992-10-02,23.555555555555557,1,1,1,1,"gas,gold,oil,silver",117.08605618228235,4.762909187358824,0.0,0.12910544001374272,1.2738697151662792,0.2420592875299366,0.0,0.19665816002061404,0.11910544001374272,1,1
3678,1992-11-16,23.678571428571427,1,1,1,1,"gas,gold,oil,silver",157.45604227319242,5.059146322632818,0.0,0.07316197576486355,1.6868699298778498,0.522874699155589,0.0,0.11274296364729532,0.06316197576486356,1,1
3679,1992-06-05,23.21825396825397,1,1,0,1,"gold,oil,silver",215.60582311503023,5.373451847552438,0.0,0.2824988097284114,2.0823668665148,0.7335051633705199,0.0,0.4267482145926171,0.2724988097284114,1,1
3680,1992-04-07,23.047619047619047,1,1,1,1,"gas,gold,oil,silver",136.25308683479565,4.914514088954943,0.0,0.36009780852524376,5.480397038754497,1.7011775506628442,0.0,0.5431467127878656,0.35009780852524375,1,1
3681,1992-11-06,23.654761904761905,1,1,0,0,"gold,silver",164.46829834728226,5.102717836419374,0.0,0.08398974303884017,1.6222048407877396,0.48378623673776955,0.0,0.12898461455826024,0.07398974303884018,1,1
3682,1992-08-05,23.38888888888889,1,1,1,1,"gas,gold,oil,silver",184.84987774408776,5.2195440240034,0.0,0.20489981093157905,2.4454932086688026,0.8942468239207557,0.0,0.3103497163973685,0.19489981093157904,1,1
3683,1992-09-01,23.464285714285715,1,1,1,1,"gas,gold,oil,silver",165.68650830062901,5.110097498671115,0.0,0.17061188123065307,1.4428204491031467,0.36659984315386834,0.0,0.25891782184597956,0.16061188123065306,1,1
3684,1992-06-09,23.226190476190474,1,1,0,1,"gold,oil,silver",199.65828339175727,5.296607322214088,0.0,0.2788895539704192,1.2991055323692628,0.2616759756274193,0.0,0.4213343309556288,0.2688895539704192,1,1
3685,1992-05-05,23.126984126984127,0,1,0,0,silver,,,,,1.9842473259173117,0.6852396613338194,0.0,0.4890078764179826,0.3140052509453218,1,1
3686,1992-11-04,23.646825396825395,1,1,1,1,"gas,gold,oil,silver",141.9032799075,4.955145698116627,0.0,0.08759899879683236,1.5859750765830616,0.4611994084505051,0.0,0.13439849819524854,0.07759899879683237,1,1
3687,1992-06-04,23.214285714285715,0,1,1,0,"gas,silver",,,,,3.023933936469395,1.106558611673027,0.0,0.4294551564111112,0.2743034376074075,1,1
3688,1992-04-16,23.075396825396826,1,1,1,0,"gas,gold,silver",185.47442696813027,5.222917012533846,0.0,0.34746541337227105,1.3320259533637122,0.2867010564356683,0.0,0.5241981200584065,0.33746541337227104,1,1
3689,1992-10-15,23.591269841269842,1,1,1,1,"gas,gold,oil,silver",138.47666428537923,4.930701822517312,0.0,0.1128637891027778,1.568984692836981,0.4504287177039307,0.0,0.17229568365416667,0.10286378910277781,1,1
3690,1992-03-27,23.01984126984127,1,1,1,1,"gas,gold,oil,silver",149.55319793730155,5.007652168580538,0.0,0.3727302036782165,0.8475975737440218,-0.16534931509324413,0.0,0.5620953055173247,0.3627302036782165,1,1
3691,1992-12-03,23.73015873015873,1,1,1,1,"gas,gold,oil,silver",148.2014319815605,4.9985723753089655,0.0,0.04970181333791426,1.7832022616412924,0.5784107713936147,0.0,0.07755272000687137,0.039701813337914255,1,1
3692,1992-05-26,23.186507936507937,1,1,1,1,"gas,gold,oil,silver",143.33601394008926,4.965191621752219,0.0,0.2969358327603802,2.206387340475191,0.7913564904022923,0.0,0.4484037491405703,0.2869358327603802,1,1
3693,1992-10-09,23.575396825396826,1,1,1,1,"gas,gold,oil,silver",156.13710401954384,5.0507344931879,0.0,0.12008230061876222,1.327249094181314,0.28310845000359136,0.0,0.18312345092814333,0.11008230061876223,1,1
3694,1992-09-23,23.52777777777778,1,1,0,1,"gold,oil,silver",161.3848754673749,5.083792043064367,0.0,0.14173783516671545,2.080457481712379,0.7325878126602337,0.0,0.21560675275007313,0.13173783516671544,1,1
3695,1992-11-05,23.650793650793652,1,1,1,1,"gas,gold,oil,silver",172.46381833243373,5.150187465673573,0.0,0.08579437091783626,1.6330663657086062,0.49045945352297565,0.0,0.1316915563767544,0.07579437091783627,1,1
3696,1992-09-04,23.476190476190474,1,1,0,1,"gold,oil,silver",174.36233543991312,5.161135521636494,0.0,0.1651979975936648,1.533698139003418,0.4276819032705994,0.0,0.25079699639049713,0.1551979975936648,1,1
3697,1992-12-08,23.74206349206349,1,1,1,1,"gas,gold,oil,silver",162.53134282514176,5.090870862094993,0.0,0.044287929700925925,1.6599123208696045,0.5067647822202421,0.0,0.06943189455138887,0.03428792970092592,1,1
3698,1992-05-01,23.11904761904762,1,1,1,0,"gas,gold,silver",194.75588011593018,5.271746877444888,0.0,0.32761450670331393,2.302568091805173,0.8340250616981844,0.0,0.4944217600549709,0.3176145067033139,1,1
3699,1992-08-17,23.42063492063492,1,1,1,1,"gas,gold,oil,silver",134.17682878263113,4.89915854780143,0.0,0.19046278789961021,1.969991357021951,0.6780291554417709,0.0,0.2886941818494153,0.1804627878996102,1,1
3700,1992-04-30,23.115079365079364,1,1,1,1,"gas,gold,oil,silver",162.63647959276494,5.091517523689644,0.0,0.32941913458231004,2.9324733587972935,1.0758462166951193,0.0,0.49712870187346503,0.31941913458231,1,1
3701,1992-04-17,23.07936507936508,1,1,1,0,"gas,gold,silver",119.00410246217409,4.77915796698935,0.0,0.34566078549327495,3.421294295743796,1.230018928528629,0.0,0.5214911782399124,0.33566078549327494,1,1
3702,1992-11-24,23.702380952380953,1,1,0,1,"gold,oil,silver",167.90589731690747,5.123403687450626,0.0,0.06233420849088697,1.6085969139513758,0.47536231701737003,0.0,0.09650131273633046,0.05233420849088697,1,1
3703,1992-06-18,23.253968253968253,1,1,1,1,"gas,gold,oil,silver",231.94577272614714,5.446503606095902,0.0,0.2662571588174465,0.6818047406165348,-0.38301196621284006,0.0,0.40238573822616974,0.2562571588174465,1,1
3704,1992-04-24,23.099206349206348,1,1,1,1,"gas,gold,oil,silver",108.23711659233362,4.6843243444864,0.0,0.3366376460982945,2.9990965271282994,1.0983110856871456,0.0,0.5079564691474416,0.3266376460982945,1,1
3705,1992-06-25,23.273809523809526,1,1,0,1,"gold,oil,silver",132.18139240674057,4.884175164157957,0.0,0.257234019422466,1.7944566076233197,0.5847022505515717,0.0,0.3888510291336989,0.24723401942246598,1,1
3706,1992-08-07,23.396825396825395,1,1,1,1,"gas,gold,oil,silver",137.37309078307266,4.922700514778785,0.0,0.2012905551735868,1.8756615926717257,0.6289614466105758,0.0,0.30493583276038017,0.19129055517358678,1,1
3707,1992-11-11,23.666666666666668,1,1,1,1,"gas,gold,oil,silver",161.8986111700996,5.08697028232746,0.0,0.07857585940185188,1.7965664218226103,0.5858772997922751,0.0,0.12086378910277783,0.06857585940185189,1,1
3708,1992-08-14,23.416666666666668,1,1,0,0,"gold,silver",165.26438851602535,5.107546546142682,0.0,0.19226741577860632,1.8082814118762147,0.5923768980196896,0.0,0.2914011236679095,0.1822674157786063,1,1
3709,1992-03-31,23.02777777777778,1,1,1,1,"gas,gold,oil,silver",139.64438665636175,4.939099095782108,0.0,0.3691209479202243,1.1387107491100907,0.12989670059850078,0.0,0.5566814218803364,0.3591209479202243,1,1
3710,1992-09-22,23.523809523809526,1,1,1,1,"gas,gold,oil,silver",161.72028359130942,5.085868198365575,0.0,0.14354246304571155,1.6190826396318196,0.4818597170196353,0.0,0.21831369456856728,0.13354246304571155,1,1
3711,1992-03-20,23.0,1,1,0,1,"gold,oil,silver",319.1672456905697,5.765715246559155,0.0,0.381753343073197,2.559200953731741,0.9396950823210217,0.0,0.5756300146097955,0.371753343073197,1,1
3712,1996-03-01,27.08730158730159,1,1,1,0,"gas,gold,silver",393.26615197246423,5.9744866141336015,0.0,0.1547903233156555,3.052216046711262,1.1158678994853837,0.0,0.2351854849734832,0.1447903233156555,1,1
3713,1996-04-03,27.178571428571427,1,1,1,1,"gas,gold,oil,silver",273.06636286452084,5.609714853059828,0.0,0.059642396565367614,3.4833907142179292,1.248006162588256,0.0,0.09246359484805142,0.04964239656536761,1,1
3714,1996-02-23,27.067460317460316,1,1,1,1,"gas,gold,oil,silver",275.71801095697475,5.6193786439952556,0.0,0.17547465521789202,3.024470659154158,1.106736087461125,0.0,0.266211982826838,0.165474655217892,1,1
3715,1996-03-26,27.154761904761905,1,0,1,1,"gas,gold,oil",244.89633938267716,5.500835016450235,0.0,0.0844635948480514,,,,,0.0744635948480514,1,1
3716,1996-04-16,27.214285714285715,1,1,1,1,"gas,gold,oil,silver",264.77929223753983,5.57889661948509,0.0,0.022410599141341914,3.229283137252888,1.1722601736714815,0.0,0.03661589871201287,0.012410599141341915,1,1
3717,1995-12-12,26.857142857142858,1,1,1,1,"gas,gold,oil,silver",252.62312421790483,5.531898750532061,0.0,0.39472857338159895,2.207223621141902,0.7917354457220936,0.0,0.5950928600723984,0.38472857338159894,1,1
3718,1996-03-14,27.123015873015873,1,1,1,1,"gas,gold,oil,silver",259.30339155124557,5.55799877210137,0.0,0.1175585258916298,3.5911784418072705,1.2784804054065484,0.0,0.17933778883744467,0.1075585258916298,1,1
3719,1996-04-15,27.21031746031746,0,0,1,0,gas,,,,,,,,,0.01654746552178922,1,1
3720,1996-01-05,26.928571428571427,1,1,1,1,"gas,gold,oil,silver",276.0590457053643,5.620614776551684,0.0,0.3202649785335475,2.122962139499478,0.7528123490715107,0.0,0.4833974678003213,0.3102649785335475,1,1
3721,1996-03-06,27.099206349206348,1,1,1,0,"gas,gold,silver",335.57424364946723,5.815843224477,0.0,0.14237972417431363,3.285801051638778,1.1896104735456747,0.0,0.2165695862614704,0.13237972417431362,1,1
3722,1996-02-14,27.03968253968254,1,1,1,1,"gas,gold,oil,silver",243.0192735883495,5.493140755373659,0.0,0.20443271988102313,4.367292518474673,1.4741432561105006,0.0,0.30964907982153467,0.19443271988102312,1,1
3723,1996-02-12,27.03174603174603,1,1,1,1,"gas,gold,oil,silver",306.46434690281086,5.725101425291459,0.0,0.21270645264191773,2.680876555002085,0.9861438138081018,0.0,0.32205967896287657,0.20270645264191772,1,1
3724,1995-12-25,26.892857142857142,1,1,1,0,"gas,gold,silver",411.2770570226804,6.019267092067787,0.0,0.3574967759575733,1.4246218900065888,0.35390643816538225,0.0,0.5392451639363599,0.3474967759575733,1,1
3725,1996-03-08,27.107142857142858,1,0,1,0,"gas,gold",246.4814827102408,5.507286869810082,0.0,0.13410599141341903,,,,,0.12410599141341902,1,1
3726,1996-04-11,27.202380952380953,1,1,1,0,"gas,gold,silver",277.4964067995972,5.625807984632737,0.0,0.034821198282683784,3.5070736719309137,1.2547819780462952,0.0,0.055231797424025675,0.024821198282683785,1,1
3727,1996-01-23,26.976190476190474,1,1,1,1,"gas,gold,oil,silver",233.5908724705714,5.453571176862656,0.0,0.2706225819681799,2.5845560106773,0.9495537371843821,0.0,0.40893387295226985,0.2606225819681799,1,1
3728,1996-01-18,26.964285714285715,1,1,1,1,"gas,gold,oil,silver",275.43357853259437,5.618346505269521,0.0,0.28303318110952186,2.959789716870437,1.0851182242145698,0.0,0.42754977166428276,0.27303318110952185,1,1
3729,1996-01-12,26.9484126984127,1,1,0,1,"gold,oil,silver",243.01533282746558,5.493124539405364,0.0,0.29958064663131106,2.2344303909602483,0.8039863369527909,0.0,0.4523709699469665,0.28958064663131106,1,1
3730,1996-03-13,27.11904761904762,1,1,0,1,"gold,oil,silver",261.2256713386806,5.56538467488024,0.0,0.1216953922720771,2.4028233140905155,0.8766444268311464,0.0,0.18554308840811562,0.1116953922720771,1,1
3731,1996-04-18,27.22222222222222,1,1,1,1,"gas,gold,oil,silver",259.4656049330693,5.55862415021074,0.0,0.014136866380447305,3.2461349456928077,1.1774650411465715,0.0,0.024205299570670955,0.004136866380447305,1,1
3732,1996-03-04,27.091269841269842,1,1,1,1,"gas,gold,oil,silver",202.6076026525465,5.3112711165426365,0.0,0.15065345693520824,3.1302749707596074,1.141120850776411,0.0,0.22898018540281231,0.14065345693520823,1,1
3733,1995-12-08,26.849206349206348,1,0,0,0,gold,408.449397924844,6.012368033738179,0.0,0.40300230614249355,,,,,0.39300230614249354,1,1
3734,1995-12-13,26.86111111111111,1,1,1,0,"gas,gold,silver",285.8717122221031,5.655543151523346,0.0,0.39059170700115164,1.9642913991173663,0.6751315691491928,0.0,0.5888875605017274,0.38059170700115164,1,1
3735,1996-03-21,27.142857142857142,1,1,0,1,"gold,oil,silver",221.97518134596072,5.402565579883754,0.0,0.09687419398939331,3.6893752719480513,1.305457140723958,0.0,0.14831129098408996,0.08687419398939332,1,1
3736,1995-12-29,26.908730158730158,1,1,0,1,"gold,oil,silver",273.5568736671338,5.611509547838571,0.0,0.340949310435784,1.5712622134644372,0.4518792539800571,0.0,0.514423965653676,0.330949310435784,1,1
3737,1996-01-19,26.96825396825397,1,1,1,1,"gas,gold,oil,silver",285.46554972373497,5.6541213553485035,0.0,0.2788963147290745,3.8236487429451747,1.341205135045762,0.0,0.42134447209361175,0.2688963147290745,1,1
3738,1996-03-19,27.134920634920636,1,1,1,1,"gas,gold,oil,silver",261.32928400078293,5.565781236667288,0.0,0.10514792675028792,3.2644553141622263,1.1830929231337177,0.0,0.16072189012543187,0.09514792675028792,1,1
3739,1996-02-13,27.035714285714285,1,0,0,1,"gold,oil",346.0836567624384,5.846680528383434,0.0,0.20856958626147043,,,,,0.19856958626147042,1,1
3740,1995-12-18,26.873015873015873,1,1,1,1,"gas,gold,oil,silver",201.33568702697718,5.304973599729715,0.0,0.37818110785980974,4.7071855884721945,1.549090189827882,0.0,0.5702716617897146,0.36818110785980973,1,1
3741,1996-02-08,27.023809523809526,1,1,1,1,"gas,gold,oil,silver",176.31668694894248,5.172281735797898,0.0,0.22098018540281233,2.8105877950591402,1.0333936412069726,0.0,0.3344702781042185,0.21098018540281233,1,1
3742,1995-12-21,26.884920634920636,1,0,1,1,"gas,gold,oil",188.92278631300175,5.241338393558801,0.0,0.36577050871846783,,,,,0.3557705087184678,1,1
3743,1996-03-20,27.13888888888889,1,1,1,1,"gas,gold,oil,silver",236.722562757156,5.466888834145029,0.0,0.10101106036984062,3.211496696603073,1.1667370891002264,0.0,0.1545165905547609,0.09101106036984062,1,1
3744,1996-01-10,26.94047619047619,1,1,0,0,"gold,silver",280.69243224600694,5.6372595227122995,0.0,0.3078543793922056,2.3828753282696202,0.8683078796139918,0.0,0.46478156908830837,0.2978543793922056,1,1
3745,1998-09-25,29.746031746031747,1,1,1,1,"gas,gold,oil,silver",177.4504678433484,5.178691515568874,0.0,0.2889418303063804,4.361670190673222,1.4728550552632083,0.0,0.43641274545957054,0.27894183030638037,1,1
3746,1999-02-09,30.13095238095238,1,1,0,0,"gold,silver",322.60469126420435,5.776427707631885,0.0,0.1607079083171913,4.0061108615442285,1.3878209107359563,0.0,0.24406186247578696,0.1507079083171913,1,1
3747,1999-07-02,30.53968253968254,1,1,1,1,"gas,gold,oil,silver",313.85087070657806,5.748917939035869,0.0,0.02454199115341319,3.905659779921959,1.362426726746394,0.0,0.039812986730119786,0.01454199115341319,1,1
3748,1999-07-06,30.547619047619047,1,1,0,0,"gold,silver",308.424265963062,5.73147632200191,0.0,0.021897992761883513,4.00527840325676,1.3876130920261296,0.0,0.03584698914282527,0.011897992761883512,1,1
3749,1999-03-05,30.202380952380953,1,1,1,0,"gas,gold,silver",294.1894891539168,5.684224080655959,0.0,0.13691192279342426,3.4311074849339853,1.232883090967656,0.0,0.20836788419013635,0.12691192279342425,1,1
3750,1999-06-21,30.503968253968253,1,1,1,1,"gas,gold,oil,silver",291.3937498199285,5.674675444731928,0.0,0.0364399839152967,3.4342878925486375,1.2338095948810623,0.0,0.05765997587294505,0.026439983915296703,1,1
3751,1999-03-31,30.273809523809526,1,1,0,1,"gold,oil,silver",305.0682118958502,5.720535397162636,0.0,0.11311593726965721,3.4059688624424793,1.2255294402264476,0.0,0.1726739059044858,0.10311593726965722,1,1
3752,1998-07-22,29.55952380952381,1,1,1,1,"gas,gold,oil,silver",279.29246981221695,5.632259511657557,0.0,0.3510757925073277,2.5570863915322835,0.9388684820239075,0.0,0.5296136887609916,0.34107579250732767,1,1
3753,1999-02-10,30.134920634920636,1,1,0,1,"gold,oil,silver",279.5759328435755,5.63327392955744,0.0,0.15938590912142647,4.267682512622804,1.4510709428147683,0.0,0.24207886368213968,0.14938590912142646,1,1
3754,1998-08-03,29.591269841269842,1,0,1,1,"gas,gold,oil",288.522135268323,5.664771808371718,0.0,0.34049979894120896,,,,,0.33049979894120896,1,1
3755,1998-08-14,29.626984126984127,1,1,1,1,"gas,gold,oil,silver",269.308251457018,5.595856639738113,0.0,0.32860180617932544,3.6963901237652674,1.3073567011759084,0.0,0.4959027092689882,0.31860180617932543,1,1
3756,1998-09-03,29.682539682539684,0,1,1,0,"gas,silver",,,,,1.5798969274372692,0.45735960911173135,0.0,0.4681407261579266,0.30009381743861774,1,1
3757,1999-03-04,30.1984126984127,1,1,1,1,"gas,gold,oil,silver",200.20683042838,5.29935098432299,0.0,0.1382339219891891,3.70066209031065,1.308511746968934,0.0,0.21035088298378363,0.1282339219891891,1,1
3758,1998-10-02,29.765873015873016,1,1,1,1,"gas,gold,oil,silver",490.4302749943371,6.195283118023016,0.0,0.2823318343275562,5.54523398775072,1.712938817883296,0.0,0.42649775149133434,0.2723318343275562,1,1
3759,1998-11-26,29.92063492063492,0,0,1,1,"gas,oil",,,,,,,,,0.22077386569272758,1,1
3760,1999-06-15,30.488095238095237,1,1,0,0,"gold,silver",293.6630771796053,5.68243311419543,0.0,0.041727980698356065,4.3550102340387165,1.4713269602531898,0.0,0.06559197104753409,0.03172798069835606,1,1
3761,1998-12-24,30.0,1,0,1,0,"gas,gold",223.2189188535931,5.408152988803928,0.0,0.2043338817774309,,,,,0.19433388177743088,1,1
3762,1998-09-23,29.738095238095237,1,1,1,1,"gas,gold,oil,silver",279.5904808051904,5.6333259640189635,0.0,0.29158582869791005,4.592223376124141,1.5243643024604911,0.0,0.4403787430468651,0.28158582869791005,1,1
3763,1998-11-13,29.884920634920636,1,1,1,1,"gas,gold,oil,silver",278.46772323508935,5.629302157624382,0.0,0.24267185845461114,1.9527485882160496,0.669237912535815,0.0,0.3670077876819167,0.23267185845461114,1,1
3764,1998-10-14,29.797619047619047,0,1,1,0,"gas,silver",,,,,3.046750462746988,1.1140756006036288,0.0,0.41063376114215633,0.26175584076143754,1,1
3765,1998-08-04,29.595238095238095,1,1,1,1,"gas,gold,oil,silver",222.02541191481615,5.4027918434060656,0.0,0.33917779974544415,1.8481263167508484,0.6141723241036735,0.0,0.5117666996181662,0.32917779974544414,1,1
3766,1999-04-12,30.305555555555557,1,1,1,1,"gas,gold,oil,silver",293.7298293207542,5.682660396958628,0.0,0.1025399437035385,3.6943841833618776,1.3068138783621444,0.0,0.15680991555530774,0.0925399437035385,1,1
3767,1998-08-12,29.61904761904762,1,0,0,0,gold,314.36451323064773,5.750553182780803,0.0,0.3312458045708551,,,,,0.3212458045708551,1,1
3768,1998-12-29,30.011904761904763,1,1,0,1,"gold,oil,silver",280.1356861032828,5.635274079017881,0.0,0.20036788419013637,4.594845877638249,1.5249352139259218,0.0,0.30355182628520455,0.19036788419013637,1,1
3769,1998-08-27,29.66269841269841,0,1,1,1,"gas,oil,silver",,,,,2.7025698167496306,0.9942031043324542,0.0,0.47805572012616293,0.30670381341744196,1,1
3770,1998-08-11,29.615079365079364,1,1,1,1,"gas,gold,oil,silver",430.7240481981396,6.0654676256491,0.0,0.33256780376662,2.0590015450714474,0.7222211784443254,0.0,0.50185170564993,0.32256780376662,1,1
3771,1998-11-16,29.88888888888889,1,1,0,1,"gold,oil,silver",308.15880686153344,5.730615256787408,0.0,0.2413498592588463,3.072010477513122,1.1223322259284123,0.0,0.36502478888826945,0.2313498592588463,1,1
3772,1998-12-11,29.964285714285715,1,1,1,1,"gas,gold,oil,silver",268.83431524290415,5.594095261374938,0.0,0.21623187453931442,5.1922916313197565,1.6471751471848572,0.0,0.3273478118089716,0.2062318745393144,1,1
3773,1998-08-06,29.603174603174605,1,1,1,0,"gas,gold,silver",322.8439445829343,5.777169062765044,0.0,0.3365338013539145,2.946096796012718,1.0804811742599059,0.0,0.5078007020308717,0.32653380135391447,1,1
3774,1999-05-04,30.36904761904762,1,1,1,1,"gas,gold,oil,silver",291.8753335100035,5.676326771069202,0.0,0.08138795657130116,3.118889723755591,1.1374770807183452,0.0,0.12508193485695174,0.07138795657130116,1,1
3775,1999-05-07,30.38095238095238,1,1,1,0,"gas,gold,silver",280.69887892163905,5.637282489493239,0.0,0.07742195898400664,3.65738438942239,1.2967482442320803,0.0,0.11913293847600996,0.06742195898400664,1,1
3776,1998-07-13,29.53174603174603,1,1,1,0,"gas,gold,silver",285.4959387226747,5.6542278038553935,0.0,0.3603297868776815,3.152626082671709,1.1482357825604965,0.0,0.5434946803165223,0.3503297868776815,1,1
3777,1998-12-28,30.00793650793651,1,1,1,1,"gas,gold,oil,silver",352.60379061716293,5.8653450203800706,0.0,0.20168988338590121,2.242596665252181,0.8076344200428158,0.0,0.3055348250788518,0.1916898833859012,1,1
3778,1998-11-05,29.86111111111111,1,1,1,1,"gas,gold,oil,silver",171.1855852551323,5.142748261886672,0.0,0.2506038536292001,2.707500899863989,0.9960260322526908,0.0,0.37890578044380024,0.24060385362920014,1,1
3779,1998-08-28,29.666666666666668,1,0,0,1,"gold,oil",456.6897131849601,6.124004195709033,0.0,0.3153818142216771,,,,,0.3053818142216771,1,1
3780,1998-09-08,29.694444444444443,1,1,1,1,"gas,gold,oil,silver",287.4293680268752,5.660977153625748,0.0,0.30612781985132326,1.1452542143404032,0.13562663362112504,0.0,0.4621917297769849,0.29612781985132325,1,1
3781,1999-01-28,30.099206349206348,1,1,1,0,"gas,gold,silver",270.662800630591,5.600873768007044,0.0,0.17128390188331,5.895644601527529,1.774213875174648,0.0,0.259925852824965,0.16128390188331,1,1
3782,1999-03-24,30.253968253968253,1,0,0,1,"gold,oil",260.12105366142464,5.561147113667146,0.0,0.11972593324848137,,,,,0.10972593324848137,1,1
3783,1998-10-12,29.78968253968254,1,1,0,1,"gold,oil,silver",254.66461865359304,5.539947458529921,0.0,0.27439983915296723,2.268328152900773,0.8190430636270275,0.0,0.4145997587294508,0.2643998391529672,1,1
3784,1998-08-13,29.623015873015873,1,1,0,1,"gold,oil,silver",155.87862901036937,5.0490776852712544,0.0,0.3299238053750903,5.715463659967306,1.7431754243088693,0.0,0.49788570806263543,0.3199238053750903,1,1
3785,1999-07-08,30.555555555555557,0,1,1,0,"gas,silver",,,,,3.859835137195097,1.3506244719933986,0.0,0.03188099155553075,0.009253994370353834,1,1
3786,1998-11-18,29.896825396825395,1,1,1,1,"gas,gold,oil,silver",320.0276648386789,5.768407444677831,0.0,0.23870586086731663,4.157165221481096,1.4248334048453835,0.0,0.36105879130097496,0.22870586086731662,1,1
3787,1998-07-15,29.53968253968254,1,1,0,1,"gold,oil,silver",283.7018395164182,5.647923825813588,0.0,0.35768578848615185,5.182752706492888,1.645336325642687,0.0,0.5395286827292277,0.34768578848615184,1,1
3788,1998-11-09,29.86904761904762,1,1,1,0,"gas,gold,silver",313.6345790326514,5.748228547170025,0.0,0.24795985523767047,4.955073980705708,1.600412098186276,0.0,0.3749397828565057,0.23795985523767046,1,1
3789,1998-10-28,29.83730158730159,1,1,1,0,"gas,gold,silver",205.11504257789844,5.323571005040764,0.0,0.2585358488037891,3.1099656543079055,1.134611682499263,0.0,0.3908037732056837,0.24853584880378912,1,1
3790,1999-01-15,30.063492063492063,1,1,1,0,"gas,gold,silver",249.2304384053367,5.518377923937963,0.0,0.1831818946451935,3.0459237508317667,1.113804221602778,0.0,0.2777728419677903,0.17318189464519348,1,1
3791,1999-05-28,30.44047619047619,1,0,1,0,"gas,gold",324.1126504267439,5.78109114186568,0.0,0.05759197104753409,,,,,0.04759197104753409,1,1
3792,1998-10-07,29.77777777777778,1,1,1,1,"gas,gold,oil,silver",267.350551947509,5.588560725905454,0.0,0.2783658367402617,1.6665949869072085,0.5107826149854514,0.0,0.4205487551103925,0.2683658367402617,1,1
3793,1998-07-28,29.575396825396826,1,1,0,1,"gold,oil,silver",272.26020406973674,5.606758241623959,0.0,0.3457877957242683,2.245375655799515,0.8088728371736307,0.0,0.5216816935864025,0.3357877957242683,1,1
3794,1998-07-16,29.543650793650794,1,1,1,1,"gas,gold,oil,silver",293.23217305880655,5.68096469475243,0.0,0.356363789290387,1.8890588928367038,0.6360787647600713,0.0,0.5375456839355806,0.34636378929038697,1,1
3795,1998-08-07,29.607142857142858,1,1,0,0,"gold,silver",256.0005363744717,5.545179539690148,0.0,0.33521180215814966,5.987341082565173,1.7896474208508006,0.0,0.5058177032372244,0.32521180215814965,1,1
3796,1998-09-24,29.74206349206349,1,1,1,1,"gas,gold,oil,silver",231.68583573603854,5.44538229765791,0.0,0.2902638295021452,1.1886170065939372,0.1727904519365182,0.0,0.4383957442532178,0.2802638295021452,1,1
3797,1999-04-26,30.345238095238095,1,1,0,1,"gold,oil,silver",324.3931566661038,5.781956226661484,0.0,0.08931995174589015,2.90798209195192,1.0674594014514582,0.0,0.13697992761883523,0.07931995174589015,1,1
3798,1998-11-03,29.853174603174605,1,1,1,1,"gas,gold,oil,silver",237.6594269915578,5.47083866981613,0.0,0.2532478520207298,2.53390142487313,0.9297601801450976,0.0,0.38287177803109473,0.24324785202072982,1,1
3799,1998-12-25,30.003968253968253,1,1,0,1,"gold,oil,silver",286.6118589804409,5.658128892697269,0.0,0.20301188258166605,5.253198061232634,1.658837045664731,0.0,0.3075178238724991,0.19301188258166604,1,1
3800,1999-01-20,30.075396825396826,1,1,1,0,"gas,gold,silver",375.9915015349481,5.929566540833789,0.0,0.17921589705789898,3.478107896762511,1.2464884380968193,0.0,0.27182384558684847,0.16921589705789897,1,1
3801,1998-10-21,29.817460317460316,1,1,1,1,"gas,gold,oil,silver",277.3033229888965,5.625111935921359,0.0,0.2651458447826133,2.390855905477811,0.8716514212807385,0.0,0.40071876717392,0.2551458447826133,1,1
3802,1998-11-19,29.900793650793652,1,1,1,1,"gas,gold,oil,silver",403.1347920833375,5.999270977694316,0.0,0.2373838616715518,3.477350724052905,1.2462707176692027,0.0,0.3590757925073277,0.22738386167155178,1,1
3803,1999-03-10,30.214285714285715,1,1,1,1,"gas,gold,oil,silver",242.80954342071772,5.492277364099541,0.0,0.13294592520612972,4.2340930050000685,1.4431691386972267,0.0,0.2024188878091946,0.12294592520612972,1,1
3804,1998-10-01,29.761904761904763,1,1,1,1,"gas,gold,oil,silver",292.03564394417697,5.676875863120529,0.0,0.2836538335233211,2.476931321175588,0.9070204235082135,0.0,0.42848075028498156,0.27365383352332107,1,1
3805,1998-07-27,29.571428571428573,0,1,1,1,"gas,oil,silver",,,,,3.332976464710985,1.203865738007838,0.0,0.5236646923800498,0.3371097949200332,1,1
3806,1998-08-19,29.63888888888889,1,1,1,1,"gas,gold,oil,silver",531.8183081669433,6.276301905006371,0.0,0.32463580859203095,3.539450431324724,1.2639714697053743,0.0,0.4899537128880464,0.31463580859203094,1,1
3807,1999-02-17,30.154761904761905,1,1,1,1,"gas,gold,oil,silver",246.47644352178582,5.507266425110091,0.0,0.15277591314260228,3.652932478151671,1.2955302636980697,0.0,0.2321638697139034,0.14277591314260227,1,1
3808,1999-03-18,30.238095238095237,1,1,0,0,"gold,silver",317.86634473118926,5.761630994842093,0.0,0.12501393003154074,4.053823744868123,1.3996605702391087,0.0,0.1905208950473111,0.11501393003154073,1,1
3809,1999-03-30,30.26984126984127,1,1,1,1,"gas,gold,oil,silver",250.35863864198242,5.522894444439793,0.0,0.11443793646542201,4.364029000994692,1.4733957134562343,0.0,0.17465690469813303,0.10443793646542202,1,1
3810,1999-04-01,30.27777777777778,1,1,1,1,"gas,gold,oil,silver",304.830802758539,5.719756877625474,0.0,0.11179393807389237,3.850837944436461,1.348290772523398,0.0,0.17069090711083856,0.10179393807389238,1,1
3811,1999-01-21,30.07936507936508,1,1,0,0,"gold,silver",327.59681373675784,5.791783625853343,0.0,0.1778938978621342,3.293428980065063,1.1919292651998181,0.0,0.2698408467932013,0.16789389786213418,1,1
3812,1999-06-04,30.46031746031746,1,1,1,1,"gas,gold,oil,silver",324.74315522592195,5.783034578272147,0.0,0.0509819750687099,3.6266879622270816,1.2883198246800616,0.0,0.07947296260306484,0.040981975068709896,1,1
3813,1998-07-29,29.57936507936508,1,1,1,1,"gas,gold,oil,silver",489.12377952821896,6.1926155853129865,0.0,0.3444657965285035,2.3408230697480326,0.8505026067324376,0.0,0.5196986947927552,0.3344657965285035,1,1
3814,1998-09-18,29.726190476190474,1,1,1,1,"gas,gold,oil,silver",313.57981557736264,5.748053922812234,0.0,0.29555182628520454,3.716134743301815,1.312684080601473,0.0,0.44632773942780685,0.28555182628520454,1,1
3815,1999-04-20,30.32936507936508,1,1,0,0,"gold,silver",291.5759588918119,5.675300551234355,0.0,0.0946079485289495,3.5478781502512264,1.2663497206364036,0.0,0.14491192279342424,0.08460794852894951,1,1
3816,1999-05-13,30.396825396825395,1,0,1,1,"gas,gold,oil",298.2438300415383,5.6979113735604825,0.0,0.07213396220094728,,,,,0.06213396220094728,1,1
3817,1999-04-21,30.333333333333332,1,0,1,1,"gas,gold,oil",270.2842021263484,5.599474005870902,0.0,0.09328594933318467,,,,,0.08328594933318467,1,1
3818,1999-01-11,30.047619047619047,1,1,1,0,"gas,gold,silver",293.95056530218994,5.683411607970041,0.0,0.18846989142825288,2.7725714163127555,1.0197751987249717,0.0,0.2857048371423793,0.17846989142825287,1,1
3819,1998-08-31,29.67063492063492,1,1,1,1,"gas,gold,oil,silver",584.6695804861197,6.371046867979285,0.0,0.3140598150259123,1.9823866686896698,0.6843015070364276,0.0,0.4740897225388684,0.3040598150259123,1,1
3820,1999-03-23,30.25,1,1,1,1,"gas,gold,oil,silver",308.030221865753,5.73019790110059,0.0,0.1210479324442462,3.7976038099893064,1.3343702915168723,0.0,0.1845718986663693,0.11104793244424621,1,1
3821,1999-01-22,30.083333333333332,1,1,1,0,"gas,gold,silver",175.66305803291039,5.168567717155101,0.0,0.17657189866636935,4.386196620906982,1.4784624781990556,0.0,0.26785784799955403,0.16657189866636934,1,1
3822,1998-08-26,29.658730158730158,1,1,1,1,"gas,gold,oil,silver",110.45995731899028,4.704653078079614,0.0,0.3180258126132068,3.192985928398134,1.1609565067070036,0.0,0.4800387189198102,0.3080258126132068,1,1
3823,1999-01-05,30.03174603174603,1,1,0,1,"gold,oil,silver",381.21801633950815,5.943371432834024,0.0,0.19375788821131218,3.723701102610902,1.3147180937368241,0.0,0.2936368323169683,0.18375788821131217,1,1
3824,1998-11-11,29.876984126984127,1,1,1,0,"gas,gold,silver",324.5886349460444,5.782558641978459,0.0,0.24531585684614082,4.623061375989161,1.5310571211431734,0.0,0.37097378526921126,0.23531585684614081,1,1
3825,1999-03-12,30.22222222222222,1,1,1,1,"gas,gold,oil,silver",252.32097741889012,5.530701996934596,0.0,0.1303019268146001,3.404918143769906,1.225220899303672,0.0,0.19845289022190013,0.12030192681460009,1,1
3826,1999-01-25,30.08730158730159,1,1,1,1,"gas,gold,oil,silver",271.23891175057105,5.603000025680219,0.0,0.17524989947060451,3.368775940045719,1.2145494558446241,0.0,0.26587484920590676,0.1652498994706045,1,1
3827,1998-12-10,29.96031746031746,1,1,1,1,"gas,gold,oil,silver",288.29510293103823,5.663984618482188,0.0,0.21755387373507926,2.6855227635057557,0.9878754067771842,0.0,0.3293308106026189,0.20755387373507925,1,1
3828,1998-11-25,29.916666666666668,1,1,0,1,"gold,oil,silver",309.8188356361078,5.735987725476422,0.0,0.23209586488849243,3.667538559597087,1.2995207448439658,0.0,0.35114379733273865,0.22209586488849242,1,1
3829,1999-07-01,30.535714285714285,1,0,1,1,"gas,gold,oil",310.1972364792565,5.737208341867347,0.0,0.02586399034917803,,,,,0.01586399034917803,1,1
3830,1999-07-05,30.543650793650794,1,1,1,0,"gas,gold,silver",309.56559130861035,5.73516999635508,0.0,0.023219991957648352,4.1807928064564015,1.4305008951685902,0.0,0.03782998793647253,0.013219991957648352,1,1
3831,1998-10-23,29.825396825396826,1,1,1,1,"gas,gold,oil,silver",437.70251826643937,6.0815394975877455,0.0,0.26250184639108365,6.3839727652005385,1.8537905940357353,0.0,0.3967527695866255,0.25250184639108364,1,1
3832,1999-06-23,30.511904761904763,1,1,1,1,"gas,gold,oil,silver",311.2743383305784,5.740674640161423,0.0,0.033795985523767065,3.7789729916829136,1.329452277393655,0.0,0.053693978285650604,0.023795985523767067,1,1
3833,1999-03-29,30.265873015873016,1,1,1,1,"gas,gold,oil,silver",263.84139036598924,5.5753481285290185,0.0,0.11575993566118685,3.2557158627895415,1.1804121786043908,0.0,0.17663990349178027,0.10575993566118685,1,1
3834,1998-09-07,29.69047619047619,1,1,1,1,"gas,gold,oil,silver",428.6290647362804,6.0605918939373735,0.0,0.3074498190470881,2.6164569021329527,0.9618210751228845,0.0,0.4641747285706322,0.2974498190470881,1,1
3835,2002-01-17,33.17460317460318,1,1,1,1,"gas,gold,oil,silver",402.1854291065397,5.9969132487025405,0.0,0.048264787669984786,5.302132363835706,1.6681090724431276,0.0,0.07539718150497718,0.038264787669984784,1,1
3836,2001-11-12,32.98412698412698,1,1,1,1,"gas,gold,oil,silver",354.53968344547576,5.870820281725409,0.0,0.11386156653281584,5.866100512745132,1.7691901052098806,0.0,0.17379234979922376,0.10386156653281585,1,1
3837,2002-02-19,33.26587301587302,1,1,1,1,"gas,gold,oil,silver",366.7886576992952,5.904785817601303,0.0,0.01683299779821157,5.0099942118077525,1.611434759768312,0.0,0.028249496697317352,0.006832997798211569,1,1
3838,2001-05-03,32.44047619047619,1,1,1,0,"gas,gold,silver",209.93562158808086,5.346800919850879,0.0,0.30108570620381286,6.703696246499676,1.9026590528602771,0.0,0.45462855930571927,0.29108570620381286,1,1
3839,2001-05-08,32.45238095238095,1,1,1,0,"gas,gold,silver",372.26055611810915,5.919594028766103,0.0,0.2969859075248859,7.827265271351275,2.0576131860781133,0.0,0.4484788612873289,0.2869859075248859,1,1
3840,2001-10-19,32.92063492063492,1,1,1,1,"gas,gold,oil,silver",381.65487151590327,5.9445167225175375,0.0,0.13572715948709288,6.212217881250062,1.8265179789228123,0.0,0.2065907392306393,0.12572715948709287,1,1
3841,2001-05-28,32.507936507936506,1,1,1,1,"gas,gold,oil,silver",227.28254008705642,5.426193913508897,0.0,0.2778535136898935,4.586080033935142,1.5230256360791452,0.0,0.4197802705348403,0.2678535136898935,1,1
3842,2001-08-21,32.75,1,1,1,0,"gas,gold,silver",614.3240379591496,6.420522538055689,0.0,0.19449094055171237,5.0126732875869635,1.6119693631247898,0.0,0.2947364108275686,0.18449094055171236,1,1
3843,2001-11-08,32.976190476190474,0,1,0,0,silver,,,,,5.753274406155351,1.7497691546673997,0.0,0.1778921484781507,0.10659476565210048,1,1
3844,2001-04-20,32.404761904761905,1,1,1,1,"gas,gold,oil,silver",612.3755383430157,6.417345719065135,0.0,0.3133851022405937,5.586475723038229,1.7203486273479531,0.0,0.4730776533608905,0.3033851022405937,1,1
3845,2001-06-14,32.55952380952381,1,1,1,0,"gas,gold,silver",383.26934832371165,5.948738001340519,0.0,0.26008771941454345,4.056621706760367,1.4003505353020462,0.0,0.3931315791218152,0.25008771941454344,1,1
3846,2001-03-28,32.33730158730159,1,1,1,1,"gas,gold,oil,silver",386.18087857394096,5.956305857049199,0.0,0.336617294754513,3.499954041067062,1.2527498372854575,0.0,0.5079259421317696,0.326617294754513,1,1
3847,2001-07-02,32.607142857142854,1,1,1,1,"gas,gold,oil,silver",335.2871725810541,5.81498739619715,0.0,0.24368852469883567,4.420325795338392,1.4862134027257832,0.0,0.36853278704825354,0.23368852469883566,1,1
3848,2001-07-20,32.66269841269841,1,1,1,1,"gas,gold,oil,silver",222.34209415169624,5.40421716045184,0.0,0.2245561308638433,7.929664183788681,2.0706106871824415,0.0,0.33983419629576495,0.2145561308638433,1,1
3849,2001-06-01,32.523809523809526,1,1,0,1,"gold,oil,silver",344.22639011740307,5.8412995517198505,0.0,0.27238711545132427,4.754843537787785,1.5591637906794886,0.0,0.41158067317698643,0.26238711545132426,1,1
3850,2001-04-18,32.3968253968254,1,1,1,1,"gas,gold,oil,silver",234.45226715409578,5.457252015585218,0.0,0.3161183013598783,7.4985173378405205,2.014705312711429,0.0,0.4771774520398175,0.3061183013598783,1,1
3851,2002-02-13,33.25,1,1,0,1,"gold,oil,silver",377.084758609679,5.932469986077258,0.0,0.022299396036780827,5.212190771493856,1.6510002609515084,0.0,0.03644909405517124,0.012299396036780826,1,1
3852,2001-06-27,32.595238095238095,0,1,1,1,"gas,oil,silver",,,,,6.70620410028257,1.9030330830539814,0.0,0.3746824850666439,0.23778832337776262,1,1
3853,2001-06-21,32.57936507936508,1,1,1,1,"gas,gold,oil,silver",362.79110814064444,5.893827208956741,0.0,0.25325472161633183,2.7533327108898575,1.0128120727956924,0.0,0.38288208242449784,0.24325472161633185,1,1
3854,2001-04-09,32.36904761904762,1,1,0,0,"gold,silver",391.6171137622139,5.9702846118521435,0.0,0.3256844982773745,4.287916532763212,1.4558009582719627,0.0,0.4915267474160618,0.3156844982773745,1,1
3855,2001-08-20,32.74603174603175,1,1,1,1,"gas,gold,oil,silver",466.9934333951256,6.146315196317629,0.0,0.1958575401113547,8.912470304769732,2.18745145387172,0.0,0.29678631016703205,0.1858575401113547,1,1
3856,2001-09-11,32.80952380952381,1,1,1,0,"gas,gold,silver",405.5345709191459,6.0052061249625135,0.0,0.17399194715707766,4.880647412800072,1.585277877623018,0.0,0.2639879207356165,0.16399194715707766,1,1
3857,2002-01-21,33.182539682539684,1,1,0,1,"gold,oil,silver",365.4499849599773,5.901129429771597,0.0,0.045531588550700164,5.652020002943641,1.73201300390725,0.0,0.07129738282605023,0.03553158855070016,1,1
3858,2001-05-04,32.44444444444444,1,1,0,1,"gold,oil,silver",679.7024950236595,6.521655195117754,0.0,0.29971910664417056,6.596626510846202,1.8865583836382265,0.0,0.45257865996625585,0.28971910664417055,1,1
3859,2001-03-16,32.30555555555556,1,0,1,1,"gas,gold,oil",490.70167812145337,6.195836362942167,0.0,0.34755009123165154,,,,,0.33755009123165153,1,1
3860,2001-04-16,32.388888888888886,1,1,1,1,"gas,gold,oil,silver",414.1272476857003,6.0261732881590895,0.0,0.31885150047916294,3.882502741830587,1.3564799822427962,0.0,0.4812772507187444,0.30885150047916293,1,1
3861,2002-01-24,33.19444444444444,1,1,1,1,"gas,gold,oil,silver",374.28342226294836,5.925013323956132,0.0,0.04143178987177322,5.321891456452078,1.6718287770923588,0.0,0.06514768480765983,0.03143178987177322,1,1
3862,2001-05-09,32.45634920634921,1,1,1,1,"gas,gold,oil,silver",378.7905623615558,5.936983446433324,0.0,0.2956193079652436,8.028843687135957,2.083040518478465,0.0,0.4464289619478654,0.2856193079652436,1,1
3863,2001-10-08,32.88492063492063,1,1,1,1,"gas,gold,oil,silver",376.1760192720402,5.930057170210063,0.0,0.1480265555238737,5.420679499508679,1.6902211765065698,0.0,0.22503983328581054,0.1380265555238737,1,1
3864,2001-05-30,32.51587301587302,1,1,1,1,"gas,gold,oil,silver",197.951917240936,5.288024158986095,0.0,0.27512031457060887,6.640389355787829,1.8931705996890607,0.0,0.41568047185591334,0.26512031457060886,1,1
3865,2001-08-03,32.70238095238095,1,1,1,0,"gas,gold,silver",319.81927218040147,5.767756061812371,0.0,0.21089013526742015,3.0555324684169247,1.1169538715169365,0.0,0.3193352029011302,0.20089013526742014,1,1
3866,2001-05-17,32.48015873015873,1,1,1,1,"gas,gold,oil,silver",299.01902889503947,5.700507213155063,0.0,0.28741971060738974,7.506457088435193,2.0157635952662845,0.0,0.4341295659110846,0.27741971060738974,1,1
3867,2001-07-23,32.666666666666664,1,1,1,1,"gas,gold,oil,silver",303.0062984440398,5.7137535922373495,0.0,0.22318953130420097,3.0365643665056234,1.1107267337285953,0.0,0.33778429695630147,0.21318953130420096,1,1
3868,2001-04-03,32.3531746031746,1,1,1,0,"gas,gold,silver",432.2040469981554,6.068897807745178,0.0,0.33115089651594376,3.5614497532802702,1.2701676960341428,0.0,0.49972634477391564,0.32115089651594375,1,1
3869,2001-11-14,32.992063492063494,1,1,1,1,"gas,gold,oil,silver",432.92512615328303,6.070564794235719,0.0,0.11112836741353121,4.750226279449978,1.5581922546908498,0.0,0.16969255112029683,0.10112836741353122,1,1
3870,2001-11-20,33.007936507936506,1,1,1,0,"gas,gold,silver",419.3871843821695,6.038794560972259,0.0,0.10566196917496197,5.401148623783892,1.6866116390591948,0.0,0.16149295376244294,0.09566196917496197,1,1
3871,2001-05-15,32.47222222222222,1,1,1,1,"gas,gold,oil,silver",293.4977796502031,5.681870074163567,0.0,0.29015290972667435,6.540586478538677,1.8780268370660242,0.0,0.43822936459001155,0.28015290972667434,1,1
3872,2001-07-10,32.63095238095238,1,1,1,1,"gas,gold,oil,silver",402.9399419209269,5.9987875233494865,0.0,0.23548892734098179,5.3254021987693765,1.6724882390285494,0.0,0.3562333910114727,0.22548892734098178,1,1
3873,2001-08-01,32.69444444444444,1,1,0,1,"gold,oil,silver",352.1361766813318,5.8640179663568714,0.0,0.21362333438670478,3.7104334914386357,1.3111487138471496,0.0,0.32343500158005717,0.20362333438670477,1,1
3874,2001-03-29,32.34126984126984,1,1,1,1,"gas,gold,oil,silver",544.3234833495293,6.299543708638684,0.0,0.3352506951948707,1.3636229439772247,0.31014508717204725,0.0,0.505876042792306,0.3252506951948707,1,1
3875,2001-06-28,32.59920634920635,1,1,1,1,"gas,gold,oil,silver",239.21351529876674,5.477356522565439,0.0,0.2464217238181203,7.655412367811179,2.035412896739254,0.0,0.37263258572718044,0.2364217238181203,1,1
3876,2001-08-22,32.75396825396825,1,1,1,1,"gas,gold,oil,silver",384.2973011553891,5.9514164747914915,0.0,0.19312434099207007,6.19096941656529,1.8230916845419003,0.0,0.2926865114881051,0.18312434099207006,1,1
3877,2001-03-06,32.273809523809526,1,0,1,1,"gas,gold,oil",321.6377593298784,5.773425941264309,0.0,0.35848288770879005,,,,,0.34848288770879005,1,1
3878,2001-11-22,33.01587301587302,1,1,1,0,"gas,gold,silver",375.8042402552276,5.9290683701919935,0.0,0.10292877005567734,6.050896265412805,1.800206404114092,0.0,0.157393155083516,0.09292877005567735,1,1
3879,2001-07-31,32.69047619047619,1,1,0,0,"gold,silver",463.1982905679846,6.13815523576835,0.0,0.21498993394634708,4.572542667906818,1.5200694326569117,0.0,0.32548490091952065,0.20498993394634707,1,1
3880,2001-08-10,32.72222222222222,1,1,1,1,"gas,gold,oil,silver",428.27666614467665,6.0597694029707005,0.0,0.2040571374692086,3.208421374648267,1.165779032578039,0.0,0.30908570620381287,0.19405713746920858,1,1
3881,2001-03-26,32.32936507936508,1,1,0,0,"gold,silver",326.85432632582376,5.789514586397094,0.0,0.3393504938737976,2.943227261029611,1.079506687143084,0.0,0.5120257408106964,0.3293504938737976,1,1
3882,2001-09-24,32.845238095238095,1,1,0,0,"gold,silver",406.41383754725433,6.007371944767426,0.0,0.16169255112029685,4.846844524722,1.5783278797492277,0.0,0.24553882668044524,0.15169255112029684,1,1
3883,2001-05-14,32.46825396825397,1,1,1,0,"gas,gold,silver",287.04237771188593,5.659629862392024,0.0,0.29151950928631665,3.385346976025796,1.2194564051068666,0.0,0.440279263929475,0.28151950928631664,1,1
3884,2001-06-19,32.57142857142857,1,1,1,1,"gas,gold,oil,silver",430.58193014651323,6.06513761968957,0.0,0.2559879207356165,4.435901752831118,1.4897309215492405,0.0,0.38698188110342474,0.24598792073561648,1,1
3885,2001-05-31,32.51984126984127,1,1,1,0,"gas,gold,silver",292.87405863479535,5.679742682601011,0.0,0.27375371501096657,4.096149934517052,1.410047492173958,0.0,0.41363057251644986,0.26375371501096656,1,1
3886,2001-12-20,33.095238095238095,1,1,0,1,"gold,oil,silver",324.48667243595713,5.782244464225072,0.0,0.07559677886283106,5.123979641559041,1.6339314108726215,0.0,0.1163951682942466,0.06559677886283106,1,1
3887,2001-08-07,32.71031746031746,1,1,1,1,"gas,gold,oil,silver",350.7228369675947,5.859996273268389,0.0,0.20815693614813552,4.13035672090925,1.4183637763445132,0.0,0.31523540422220325,0.1981569361481355,1,1
3888,2001-08-29,32.773809523809526,1,1,1,1,"gas,gold,oil,silver",349.68180617554935,5.85702361576578,0.0,0.18629134319385848,4.5314410629069775,1.5110400043389607,0.0,0.28243701479078775,0.17629134319385847,1,1
3889,2001-11-21,33.01190476190476,1,1,1,1,"gas,gold,oil,silver",382.63628982171366,5.947084903061478,0.0,0.10429536961531966,5.063213880848137,1.622001435992055,0.0,0.15944305442297949,0.09429536961531966,1,1
3890,2001-04-13,32.38492063492063,1,1,1,1,"gas,gold,oil,silver",428.7767438131084,6.060936372775319,0.0,0.32021810003880524,5.576995927365342,1.7186502671516977,0.0,0.48332715005820787,0.31021810003880523,1,1
3891,2001-07-11,32.63492063492063,1,1,1,0,"gas,gold,silver",349.47404470112497,5.8564292948278105,0.0,0.23412232778133948,6.38694380703918,1.8542558765196409,0.0,0.35418349167200924,0.22412232778133948,1,1
3892,2001-07-04,32.61507936507937,1,1,0,1,"gold,oil,silver",380.6439618933141,5.941864455005403,0.0,0.24095532557955104,5.384350532259028,1.6834966965119282,0.0,0.3644329883693266,0.23095532557955104,1,1
3893,2002-02-25,33.28174603174603,1,0,0,1,"gold,oil",373.95144572096774,5.924125964711144,0.0,0.011366599559642313,,,,,0.0013665995596423139,1,1
3894,2002-02-21,33.273809523809526,1,1,1,1,"gas,gold,oil,silver",370.9850816661552,5.916161850656507,0.0,0.014099798678926943,5.102546570612176,1.6297397426787668,0.0,0.02414969801839041,0.0040997986789269416,1,1
3895,2001-06-22,32.583333333333336,1,1,1,1,"gas,gold,oil,silver",316.2712555490641,5.756600249005494,0.0,0.25188812205668953,7.744970032848425,2.0470436046358365,0.0,0.38083218308503436,0.24188812205668955,1,1
3896,2001-08-16,32.73809523809524,1,1,1,1,"gas,gold,oil,silver",433.8874454222889,6.072785158120407,0.0,0.19859073923063933,5.799262151634715,1.7577306942244353,0.0,0.300886108845959,0.18859073923063932,1,1
3897,2001-07-16,32.6468253968254,1,0,1,1,"gas,gold,oil",524.3909475583426,6.26223748926599,0.0,0.23002252910241253,,,,,0.22002252910241252,1,1
3898,2002-01-03,33.13492063492063,1,1,1,0,"gas,gold,silver",393.85721279858507,5.975988439549206,0.0,0.06193078326640793,4.991281842661576,1.6076927590717285,0.0,0.09589617489961189,0.051930783266407925,1,1
3899,2001-05-22,32.492063492063494,1,1,1,1,"gas,gold,oil,silver",257.0237294587041,5.549168413156975,0.0,0.2833199119284628,3.621172914194907,1.2867979828040617,0.0,0.42797986789269415,0.2733199119284628,1,1
3900,2001-09-27,32.857142857142854,1,1,1,0,"gas,gold,silver",295.82638275918333,5.6897727375069165,0.0,0.15759275244136992,9.046482733502248,2.202376033936741,0.0,0.23938912866205483,0.1475927524413699,1,1
3901,2001-07-18,32.654761904761905,1,1,0,1,"gold,oil,silver",312.76901192081596,5.745464937014412,0.0,0.22728932998312792,8.311770483453616,2.1176726407416777,0.0,0.34393399497469185,0.21728932998312792,1,1
3902,2001-03-20,32.31349206349206,1,1,0,1,"gold,oil,silver",556.1262751453606,6.320995382034992,0.0,0.3448168921123669,4.548604111986611,1.514820397319246,0.0,0.5202253381685503,0.33481689211236687,1,1
3903,2001-09-14,32.82142857142857,1,1,1,0,"gas,gold,silver",398.7454294464655,5.988323191830141,0.0,0.16989214847815073,4.41358738098208,1.4846878238506627,0.0,0.25783822271722606,0.15989214847815073,1,1
3904,2001-11-30,33.03968253968254,1,1,0,1,"gold,oil,silver",357.15031884382284,5.878156754345432,0.0,0.09472917269782345,5.414121132193023,1.689010564823056,0.0,0.1450937590467352,0.08472917269782346,1,1
3905,2001-03-13,32.29365079365079,1,1,1,0,"gas,gold,silver",360.13033754358366,5.886466014658505,0.0,0.3516498899105785,4.926498756334036,1.594628544336239,0.0,0.5304748348658677,0.3416498899105785,1,1
3906,2001-06-12,32.551587301587304,1,1,1,1,"gas,gold,oil,silver",423.86278864676876,6.049409791176249,0.0,0.26282091853382805,3.4159410865807622,1.228453029460497,0.0,0.39723137780074214,0.25282091853382804,1,1
3907,2001-10-24,32.932539682539684,1,1,1,1,"gas,gold,oil,silver",413.22299928743274,6.023987397089071,0.0,0.13162736080816592,6.381079970397412,1.8533373573883722,0.0,0.2004410412122489,0.12162736080816593,1,1
3908,2001-06-15,32.56349206349206,1,1,1,0,"gas,gold,silver",575.7080583434629,6.355600689053772,0.0,0.2587211198549011,4.275213085724099,1.4528339457603463,0.0,0.3910816797823517,0.2487211198549011,1,1
3909,2001-12-05,33.051587301587304,0,1,0,1,"oil,silver",,,,,4.354623797405109,1.4712382225100273,0.0,0.13894406102834478,0.08062937401889651,1,1
3910,2001-12-31,33.12301587301587,1,1,0,0,"gold,silver",386.38541655375184,5.9568353597880055,0.0,0.06603058194533487,5.495071082111705,1.7038515235520284,0.0,0.10204587291800231,0.05603058194533487,1,1
3911,2001-11-13,32.98809523809524,1,1,1,1,"gas,gold,oil,silver",335.4270230013591,5.815404415616905,0.0,0.11249496697317353,5.635525807417136,1.7290904541264969,0.0,0.1717424504597603,0.10249496697317353,1,1
3912,2001-04-30,32.42857142857143,1,1,1,1,"gas,gold,oil,silver",278.96018654683627,5.6310690710897,0.0,0.3051855048827398,4.176645971968412,1.4295085253916173,0.0,0.4607782573241097,0.2951855048827398,1,1
3913,2001-12-07,33.05952380952381,1,1,1,1,"gas,gold,oil,silver",361.1071370058906,5.889174692712549,0.0,0.08789617489961188,5.101072898828237,1.629450889924389,0.0,0.13484426234941782,0.07789617489961188,1,1
3914,2001-12-14,33.07936507936508,1,1,1,1,"gas,gold,oil,silver",395.07758350565217,5.97908215955279,0.0,0.08106317710140032,5.075008269733315,1.624328154430625,0.0,0.12459476565210048,0.07106317710140032,1,1
3915,2001-10-22,32.92460317460318,1,1,0,0,"gold,silver",502.88282861647934,6.2203571978673535,0.0,0.13436055992745055,6.30347827978789,1.8411015889448337,0.0,0.20454083989117583,0.12436055992745056,1,1
3916,2001-05-16,32.476190476190474,1,1,1,1,"gas,gold,oil,silver",485.6258499271112,6.185438471292038,0.0,0.28878631016703205,4.35033816284045,1.4702535806631172,0.0,0.43617946525054807,0.27878631016703204,1,1
3917,2001-10-03,32.87301587301587,1,1,0,1,"gold,oil,silver",407.26356713650165,6.009460560951814,0.0,0.15212635420280066,4.560714661322214,1.5174793352205453,0.0,0.23118953130420095,0.14212635420280065,1,1
3918,2001-05-18,32.48412698412698,1,1,1,1,"gas,gold,oil,silver",244.63637101124445,5.499772908074833,0.0,0.2860531110477474,3.67815041952756,1.3024100224441693,0.0,0.4320796665716211,0.2760531110477474,1,1
3919,2001-03-08,32.28174603174603,1,1,0,1,"gold,oil,silver",358.680090777664,5.882430879171983,0.0,0.3557496885895054,7.772093637237432,2.050539579465961,0.0,0.5366245328842582,0.3457496885895054,1,1
3920,2001-03-07,32.27777777777778,1,1,0,0,"gold,silver",350.5519489959804,5.8595089094606,0.0,0.35711628814914775,3.203594718650002,1.164273528898795,0.0,0.5386744322237216,0.34711628814914774,1,1
3921,2006-10-11,38.07142857142857,1,1,1,1,"gas,gold,oil,silver",296.8579160841637,5.693253627311317,0.0,0.10228055225266779,3.379734336430268,1.2177971077166188,0.0,0.1564208283790017,0.09228055225266779,1,1
3922,2005-03-29,36.48015873015873,1,1,1,1,"gas,gold,oil,silver",293.98500185138676,5.683528751926488,0.0,0.36287563290984937,2.958284622229557,1.0846095808325882,0.0,0.5473134493647741,0.35287563290984936,1,1
3923,2006-10-25,38.111111111111114,1,1,0,1,"gold,oil,silver",307.0708223940354,5.727078412819176,0.0,0.09578192181233905,3.478894285206537,1.246714509162145,0.0,0.14667288271850856,0.08578192181233905,1,1
3924,2004-11-01,36.05952380952381,1,1,1,1,"gas,gold,oil,silver",286.76617413067123,5.658667159408042,0.0,0.43176111557733377,6.23344027992087,1.8299283922518048,0.0,0.6506416733660007,0.42176111557733376,1,1
3925,2006-05-23,37.67063492063492,1,1,1,1,"gas,gold,oil,silver",334.236060504309,5.811847511310806,0.0,0.16791671969998787,3.6361320646271102,1.290920497060222,0.0,0.2548750795499818,0.15791671969998786,1,1
3926,2006-04-25,37.59126984126984,1,1,1,0,"gas,gold,silver",384.2714266209558,5.951349143052616,0.0,0.18091398058064528,5.997026347591212,1.7912637376386544,0.0,0.27437097087096796,0.17091398058064527,1,1
3927,2006-03-17,37.48412698412698,1,1,1,1,"gas,gold,oil,silver",304.3480737525503,5.718172025866349,0.0,0.19846028276953281,5.809473206697911,1.7594898966494077,0.0,0.30069042415429925,0.1884602827695328,1,1
3928,2005-06-30,36.74603174603175,1,1,1,1,"gas,gold,oil,silver",384.4119492116629,5.951714761971122,0.0,0.31933480895964694,8.036443025922638,2.0839865755877107,0.0,0.4820022134394705,0.30933480895964693,1,1
3929,2006-12-28,38.29365079365079,1,1,0,1,"gold,oil,silver",297.6817968033319,5.696025120043168,0.0,0.06588822178682696,3.7140770486356143,1.3121302081745692,0.0,0.10183233268024046,0.055888221786826967,1,1
3930,2005-07-18,36.79365079365079,1,0,0,0,gold,205.73071185320728,5.326568089613373,0.0,0.3115364524312525,,,,,0.3015364524312525,1,1
3931,2004-12-06,36.15873015873016,0,0,0,1,oil,,,,,,,,,0.40551453947651195,1,1
3932,2006-05-16,37.65079365079365,1,1,1,1,"gas,gold,oil,silver",308.18733809240143,5.730707838630003,0.0,0.1711660349201522,3.1616987486710744,1.1511094618485371,0.0,0.25974905238022833,0.1611660349201522,1,1
3933,2006-07-03,37.785714285714285,1,1,1,1,"gas,gold,oil,silver",281.931211799587,5.641663111393705,0.0,0.14907069142303456,3.0734992903030633,1.1228167464565104,0.0,0.2266060371345518,0.13907069142303455,1,1
3934,2005-12-09,37.20634920634921,1,0,0,1,"gold,oil",451.03577693170615,6.111546664364596,0.0,0.24395069585183388,,,,,0.23395069585183387,1,1
3935,2006-11-06,38.142857142857146,1,0,1,0,"gas,gold",283.2072991558856,5.646179135342953,0.0,0.09058301746007609,,,,,0.0805830174600761,1,1
3936,2007-03-16,38.51587301587302,1,1,0,0,"gold,silver",317.3063032411554,5.759867563633425,0.0,0.02949589132098613,3.9494765506096248,1.3735830512986278,0.0,0.0472438369814792,0.01949589132098613,1,1
3937,2005-10-18,37.05555555555556,1,1,1,1,"gas,gold,oil,silver",350.7320454037294,5.860022528516921,0.0,0.26864549152508294,2.8227821429002846,1.0377229741008234,0.0,0.40596823728762443,0.2586454915250829,1,1
3938,2006-04-10,37.54761904761905,1,1,1,1,"gas,gold,oil,silver",382.8527329760912,5.947650406037222,0.0,0.18806247406500687,3.6474120225880253,1.2940178812028789,0.0,0.2850937110975103,0.17806247406500686,1,1
3939,2006-07-14,37.82142857142857,1,0,0,1,"gold,oil",396.7234884026691,5.9832395352523955,0.0,0.14322192402673872,,,,,0.13322192402673871,1,1
3940,2005-06-29,36.742063492063494,1,0,1,0,"gas,gold",631.5641534432834,6.448199525614556,0.0,0.31998467200367986,,,,,0.30998467200367985,1,1
3941,2006-12-06,38.23015873015873,1,1,0,0,"gold,silver",307.07703694342416,5.727098650777493,0.0,0.07628603049135292,4.30464571989753,1.4596948394636626,0.0,0.11742904573702939,0.06628603049135293,1,1
3942,2005-01-24,36.29761904761905,1,1,0,1,"gold,oil,silver",396.7544742072105,5.98331763648776,0.0,0.3927693329353615,3.908962586639863,1.3632720156828615,0.0,0.5921539994030423,0.3827693329353615,1,1
3943,2005-03-30,36.48412698412698,1,1,1,1,"gas,gold,oil,silver",366.6581902954209,5.904430052475017,0.0,0.3622257698658165,2.548793428053368,0.9356200817229625,0.0,0.5463386547987248,0.3522257698658165,1,1
3944,2005-09-20,36.976190476190474,1,1,1,1,"gas,gold,oil,silver",383.5119331444472,5.949370736736366,0.0,0.2816427524057404,5.200787122902338,1.6488099839210424,0.0,0.4254641286086106,0.2716427524057404,1,1
3945,2004-11-08,36.07936507936508,1,1,0,1,"gold,oil,silver",224.22492142940558,5.412649661594397,0.0,0.4285118003571694,3.340313863952806,1.2060647738169434,0.0,0.6457677005357542,0.4185118003571694,1,1
3946,2005-10-05,37.01984126984127,1,1,1,0,"gas,gold,silver",383.13638158874426,5.948391013495539,0.0,0.27449425892137885,4.953753071387146,1.6001454855348607,0.0,0.41474138838206825,0.26449425892137884,1,1
3947,2005-09-14,36.96031746031746,1,1,1,1,"gas,gold,oil,silver",420.83398377238916,6.042238418077967,0.0,0.2842422045818719,4.195852886936016,1.4340966296086552,0.0,0.4293633068728078,0.2742422045818719,1,1
3948,2006-12-07,38.23412698412698,0,1,0,0,silver,,,,,3.560514875610157,1.2699051623867021,0.0,0.11645425117098009,0.06563616744732005,1,1
3949,2005-01-11,36.26190476190476,1,1,1,1,"gas,gold,oil,silver",155.6278833620711,5.047467794675104,0.0,0.39861810033165734,1.3477211659528172,0.29841514091029553,0.0,0.600927150497486,0.38861810033165733,1,1
3950,2007-01-24,38.36904761904762,1,1,1,0,"gas,gold,silver",296.55090716553974,5.692218897344429,0.0,0.0535408239502024,4.024197445345153,1.3923254985283755,0.0,0.0833112359253036,0.043540823950202395,1,1
3951,2006-08-29,37.948412698412696,1,1,1,1,"gas,gold,oil,silver",407.39173737328446,6.009775222225437,0.0,0.12242630661768679,4.751607466042126,1.5584829747010858,0.0,0.1866394599265302,0.1124263066176868,1,1
3952,2005-04-12,36.51984126984127,1,0,1,1,"gas,gold,oil",630.8181609802244,6.447017645067955,0.0,0.3563770024695207,,,,,0.3463770024695207,1,1
3953,2004-11-29,36.138888888888886,1,1,1,1,"gas,gold,oil,silver",419.0947994804694,6.038097146074436,0.0,0.4187638546966763,4.713788459681226,1.5504919285985082,0.0,0.6311457820450145,0.4087638546966763,1,1
3954,2006-08-10,37.8968253968254,1,0,0,1,"gold,oil",353.4998303800772,5.867883005506462,0.0,0.13087452619011414,,,,,0.12087452619011414,1,1
3955,2006-08-31,37.95634920634921,1,1,1,0,"gas,gold,silver",371.41838663888575,5.917329153990694,0.0,0.12112658052962105,4.124713019435258,1.4169964463204687,0.0,0.18468987079443158,0.11112658052962106,1,1
3956,2007-04-19,38.611111111111114,1,1,1,1,"gas,gold,oil,silver",318.5380529279511,5.763741943316573,0.0,0.013899178264197218,4.486820576133523,1.5011443387045822,0.0,0.023848767396295822,0.0038991782641972167,1,1
3957,2006-01-10,37.29365079365079,1,1,0,1,"gold,oil,silver",391.340401795016,5.969577774065366,0.0,0.22965370888311065,4.515682708411476,1.5075563843885207,0.0,0.347480563324666,0.21965370888311064,1,1
3958,2006-06-06,37.71031746031746,1,1,1,1,"gas,gold,oil,silver",282.66831734396493,5.644274186766996,0.0,0.16141808925965911,3.782211889877518,1.330308994546705,0.0,0.24512713388948867,0.1514180892596591,1,1
3959,2005-09-08,36.94444444444444,1,1,1,1,"gas,gold,oil,silver",355.21227344380486,5.872715564135368,0.0,0.2868416567580033,3.4823587839380545,1.247709875652386,0.0,0.43326248513700505,0.2768416567580033,1,1
3960,2005-04-05,36.5,1,1,1,1,"gas,gold,oil,silver",303.9635364307425,5.716907748260626,0.0,0.359626317689685,2.975732480044722,1.0904902204721856,0.0,0.5424394765345275,0.349626317689685,1,1
3961,2005-11-15,37.13492063492063,1,0,1,0,"gas,gold",324.05807619000456,5.78092274722943,0.0,0.2556482306444255,,,,,0.2456482306444255,1,1
3962,2006-03-14,37.47222222222222,1,1,0,1,"gold,oil,silver",352.49779877559484,5.865044377624584,0.0,0.20040987190163143,3.86405885843254,1.3517181487478553,0.0,0.30361480785244715,0.19040987190163142,1,1
3963,2005-02-23,36.38492063492063,1,0,0,1,"gold,oil",248.3763339759538,5.514945071671665,0.0,0.37847234596663826,,,,,0.36847234596663825,1,1
3964,2006-05-05,37.62301587301587,1,1,1,1,"gas,gold,oil,silver",365.24125061025455,5.900558095820293,0.0,0.17571507622838228,3.7000742106382454,1.3083528763782968,0.0,0.26657261434257346,0.16571507622838227,1,1
3965,2006-03-06,37.448412698412696,1,0,1,0,"gas,gold",276.2709631671089,5.621382134720674,0.0,0.20430905016582865,,,,,0.19430905016582864,1,1
3966,2006-03-13,37.46825396825397,1,1,1,1,"gas,gold,oil,silver",250.3945434705586,5.523037847736748,0.0,0.2010597349456643,3.8074815056299953,1.336967948422788,0.0,0.3045896024184965,0.19105973494566428,1,1
3967,2005-06-20,36.714285714285715,1,0,0,0,gold,334.6849550619421,5.813189656689922,0.0,0.32453371331191,,,,,0.31453371331191,1,1
3968,2006-03-22,37.49603174603175,1,1,1,1,"gas,gold,oil,silver",359.76648758140425,5.885455175381368,0.0,0.1965106936374342,5.910471673124006,1.7767256375606548,0.0,0.29776604045615135,0.1865106936374342,1,1
3969,2006-09-22,38.01984126984127,1,1,0,1,"gold,oil,silver",383.21332067813114,5.948591807178678,0.0,0.1107287718250951,3.861913159542967,1.3511626978764963,0.0,0.16909315773764264,0.1007287718250951,1,1
3970,2006-10-20,38.09920634920635,1,1,0,1,"gold,oil,silver",359.76568653724587,5.885452948811975,0.0,0.0977315109444377,3.9941536327083833,1.3848317001297403,0.0,0.14959726641665655,0.08773151094443771,1,1
3971,2006-10-17,38.08730158730159,1,1,1,1,"gas,gold,oil,silver",328.87830981514935,5.79568780336196,0.0,0.09968110007653631,3.953990033655641,1.374725204172573,0.0,0.15252165011480448,0.08968110007653632,1,1
3972,2005-05-30,36.654761904761905,1,1,1,1,"gas,gold,oil,silver",240.26257687587682,5.481732395599389,0.0,0.33428165897240303,8.677781536393102,2.1607659126404144,0.0,0.5044224884586045,0.324281658972403,1,1
3973,2005-07-05,36.757936507936506,1,1,1,1,"gas,gold,oil,silver",543.4034079595275,6.297851968521215,0.0,0.31738521982754836,3.779867128162471,1.329688857733906,0.0,0.47907782974132257,0.30738521982754835,1,1
3974,2005-10-31,37.09126984126984,1,1,0,1,"gold,oil,silver",347.88695757884767,5.851877592460765,0.0,0.26279672412878713,4.187759662584152,1.4321659042040276,0.0,0.3971950861931807,0.2527967241287871,1,1
3975,2005-12-30,37.26587301587302,1,1,1,1,"gas,gold,oil,silver",355.72599974163165,5.874160770861797,0.0,0.23420275019134074,8.432795757912842,2.132128360912615,0.0,0.3543041252870111,0.22420275019134073,1,1
3976,2007-04-13,38.595238095238095,1,1,1,1,"gas,gold,oil,silver",326.1857783948592,5.787467091427977,0.0,0.016498630440328694,4.551461918737143,1.515448482178154,0.0,0.02774794566049304,0.0064986304403286945,1,1
3977,2006-02-06,37.36904761904762,1,1,1,0,"gas,gold,silver",387.03061017615084,5.9585037859642584,0.0,0.2173063110464861,2.894013539171098,1.0626443065574012,0.0,0.32895946656972913,0.20730631104648609,1,1
3978,2006-08-25,37.94047619047619,1,1,1,0,"gas,gold,silver",385.4215212448259,5.9543375957414515,0.0,0.12372603270575253,3.678270103434374,1.3024425610698367,0.0,0.1885890490586288,0.11372603270575253,1,1
3979,2005-11-23,37.15873015873016,1,1,1,1,"gas,gold,oil,silver",431.15722546629195,6.066472815848405,0.0,0.25174905238022827,6.922447659595591,1.9347694151236832,0.0,0.38062357857034246,0.24174905238022829,1,1
3980,2006-07-13,37.817460317460316,1,1,0,1,"gold,oil,silver",339.37934823361496,5.827118503080861,0.0,0.14387178707077158,4.710022369216755,1.549692657319969,0.0,0.21880768060615738,0.13387178707077158,1,1
3981,2006-06-16,37.742063492063494,1,1,1,1,"gas,gold,oil,silver",317.80897109104706,5.761450482436247,0.0,0.15621918490739617,2.8958099994613877,1.0632648644503846,0.0,0.23732877736109423,0.14621918490739616,1,1
3982,2006-05-25,37.67857142857143,1,1,0,1,"gold,oil,silver",377.7389670574531,5.934203393730825,0.0,0.16661699361192212,4.316623338532626,1.4624734620214928,0.0,0.2529254904178832,0.1566169936119221,1,1
3983,2004-12-09,36.17063492063492,1,1,1,1,"gas,gold,oil,silver",499.2276085102748,6.213062121035289,0.0,0.4135649503444134,1.6032030064279168,0.47200350717356443,0.0,0.6233474255166201,0.40356495034441336,1,1
3984,2006-04-07,37.54365079365079,1,1,0,0,"gold,silver",268.11116770967095,5.591401699389925,0.0,0.18871233710903973,4.191893766216832,1.433152604669199,0.0,0.2860685056635596,0.17871233710903972,1,1
3985,2005-11-01,37.095238095238095,1,1,1,1,"gas,gold,oil,silver",388.5884510878385,5.962520817221833,0.0,0.2621468610847542,4.918185602649783,1.5929396825389377,0.0,0.39622029162713135,0.2521468610847542,1,1
3986,2007-01-03,38.30952380952381,1,1,1,1,"gas,gold,oil,silver",327.70348523356364,5.7921091910878335,0.0,0.06328876961069549,3.759199440002116,1.3242060198391552,0.0,0.09793315441604324,0.05328876961069549,1,1
3987,2005-09-29,37.00396825396825,1,1,1,1,"gas,gold,oil,silver",361.4989687310197,5.8902591888451505,0.0,0.2770937110975103,3.7509627018700717,1.3220125275339367,0.0,0.4186405666462655,0.2670937110975103,1,1
3988,2005-08-04,36.845238095238095,1,1,1,1,"gas,gold,oil,silver",488.4385977719824,6.191213768131084,0.0,0.3030882328588252,5.418541684460513,1.6898267173402512,0.0,0.4576323492882378,0.2930882328588252,1,1
3989,2004-10-21,36.03174603174603,1,1,1,1,"gas,gold,oil,silver",135.41430864428952,4.908339031735904,0.0,0.4363101568855639,3.148651995349701,1.1469744232617294,0.0,0.6574652353283459,0.4263101568855639,1,1
3990,2004-12-31,36.23412698412698,1,1,1,1,"gas,gold,oil,silver",335.80463531258107,5.8165295483378685,0.0,0.4031671416398874,3.599721526740104,1.2808564887868095,0.0,0.6077507124598311,0.3931671416398874,1,1
3991,2005-12-27,37.25396825396825,1,1,1,1,"gas,gold,oil,silver",250.83393811022665,5.5247911190226855,0.0,0.2361523393234394,4.091664994275495,1.408951976281351,0.0,0.3572285089851591,0.2261523393234394,1,1
3992,2006-09-19,38.007936507936506,1,1,1,0,"gas,gold,silver",284.96682405154684,5.652372766656171,0.0,0.11267836095719375,5.247483003443052,1.6577485337256146,0.0,0.17201754143579062,0.10267836095719375,1,1
3993,2004-11-02,36.06349206349206,1,1,0,0,"gold,silver",406.5953801266234,6.00781853892267,0.0,0.4311112525333009,2.6604422628195024,0.9784923731911026,0.0,0.6496668787999513,0.4211112525333009,1,1
3994,2005-09-23,36.98809523809524,1,1,1,1,"gas,gold,oil,silver",462.8887486871581,6.137486741600452,0.0,0.2796931632736418,4.638063789190078,1.5342969923373107,0.0,0.4225397449104627,0.2696931632736418,1,1
3995,2005-01-03,36.23809523809524,1,1,0,1,"gold,oil,silver",433.90856033988194,6.07283382144095,0.0,0.40251727859585457,3.7595705405864317,1.3243047329492983,0.0,0.6067759178937818,0.39251727859585456,1,1
3996,2006-09-12,37.98809523809524,1,1,0,0,"gold,silver",318.01079554032344,5.762085330443959,0.0,0.1159276761773581,4.45534608203821,1.4941047418647242,0.0,0.17689151426603716,0.1059276761773581,1,1
3997,2006-07-28,37.861111111111114,1,0,0,0,gold,415.44538947159805,6.02935117237604,0.0,0.13672329358640997,,,,,0.12672329358640996,1,1
3998,2004-11-18,36.111111111111114,1,1,1,0,"gas,gold,silver",194.87794568980516,5.272373443054873,0.0,0.42331289600490646,2.7237438656798276,1.0020073551143869,0.0,0.6379693440073597,0.41331289600490645,1,1
3999,2005-08-22,36.892857142857146,1,1,1,1,"gas,gold,oil,silver",326.7728118803411,5.789265164544357,0.0,0.2952898763304307,6.254451218547393,1.8332934052254064,0.0,0.4459348144956461,0.2852898763304307,1,1
4000,2005-02-08,36.34126984126984,1,1,1,1,"gas,gold,oil,silver",631.3965665013787,6.447934138195547,0.0,0.3856208394509999,6.394927249135752,1.8555050587558934,0.0,0.5814312591764998,0.3756208394509999,1,1
4001,2006-03-07,37.45238095238095,1,1,0,1,"gold,oil,silver",288.152487332781,5.663489809921702,0.0,0.2036591871217958,3.9009230283221226,1.3612131990614942,0.0,0.3084887806826937,0.19365918712179578,1,1
4002,2004-11-22,36.11904761904762,1,1,0,1,"gold,oil,silver",539.830988193226,6.291256105740987,0.0,0.42201316991684074,3.6517512042383395,1.2952068345189318,0.0,0.6360197548752611,0.4120131699168407,1,1
4003,2005-08-16,36.87698412698413,1,1,1,1,"gas,gold,oil,silver",363.5999439435603,5.896054208132686,0.0,0.29788932850656225,5.158625698346633,1.6406702064896104,0.0,0.44983399275984337,0.28788932850656224,1,1
4004,2006-06-19,37.74603174603175,1,1,1,0,"gas,gold,silver",272.6677902958086,5.60825416881542,0.0,0.15556932186336328,4.391279881004293,1.4796207292441002,0.0,0.23635398279504494,0.14556932186336327,1,1
4005,2006-12-01,38.21825396825397,1,1,1,1,"gas,gold,oil,silver",321.8144307581637,5.773975077425305,0.0,0.07823561962345153,2.9217328679400665,1.072176888184287,0.0,0.12035342943517731,0.06823561962345154,1,1
4006,2005-07-28,36.82539682539682,1,0,0,0,gold,410.63041397595134,6.017693573872691,0.0,0.30633754807898955,,,,,0.29633754807898954,1,1
4007,2005-11-25,37.166666666666664,1,1,1,1,"gas,gold,oil,silver",394.36572973455446,5.977278726799372,0.0,0.25044932629216254,6.60552774926013,1.8879068362600238,0.0,0.3786739894382439,0.24044932629216256,1,1
4008,2005-10-24,37.07142857142857,0,1,1,0,"gas,silver",,,,,5.9193509577365875,1.7782268073680334,0.0,0.40206905902342727,0.2560460393489515,1,1
4009,2005-03-28,36.476190476190474,1,1,1,1,"gas,gold,oil,silver",324.18223336905953,5.781305806347298,0.0,0.3635254959538822,4.983834345032381,1.6061995435797254,0.0,0.5482882439308234,0.3535254959538822,1,1
4010,2006-10-12,38.07539682539682,1,1,1,1,"gas,gold,oil,silver",348.10908512815286,5.852515893667142,0.0,0.10163068920863493,3.6189684217522284,1.2861890188602616,0.0,0.15544603381295238,0.09163068920863493,1,1
4011,2006-02-09,37.38095238095238,1,1,1,1,"gas,gold,oil,silver",392.6720107008647,5.9729746850455445,0.0,0.21535672191438748,4.615250417543996,1.5293661281390423,0.0,0.3260350828715812,0.20535672191438747,1,1
4012,2005-04-27,36.56349206349206,1,1,0,0,"gold,silver",435.1554135624363,6.075703239839366,0.0,0.34922850898515906,6.626645541566172,1.8910987246628082,0.0,0.5268427634777386,0.33922850898515905,1,1
4013,2006-11-24,38.198412698412696,1,1,1,1,"gas,gold,oil,silver",298.7829585447014,5.699717418649293,0.0,0.08148493484361588,4.461907820092293,1.495576436920272,0.0,0.1252274022654238,0.07148493484361589,1,1
4014,2005-09-12,36.95238095238095,1,1,1,1,"gas,gold,oil,silver",270.65603056010195,5.600848754761247,0.0,0.2855419306699376,6.55325234006341,1.8799614668794313,0.0,0.43131289600490647,0.2755419306699376,1,1
4015,2007-03-07,38.48809523809524,1,1,0,1,"gold,oil,silver",310.9830518969834,5.739738415186208,0.0,0.03404493262921626,3.7591697059440934,1.3241981101296303,0.0,0.054067398943824396,0.024044932629216264,1,1
4016,2005-12-16,37.226190476190474,1,1,1,1,"gas,gold,oil,silver",644.0612772174724,6.467793872536596,0.0,0.2407013806316695,3.571308407495872,1.2729320293456956,0.0,0.36405207094750425,0.23070138063166948,1,1
4017,2005-05-04,36.583333333333336,1,1,1,1,"gas,gold,oil,silver",437.182347906658,6.080350380159414,0.0,0.3459791937649947,5.826532856846372,1.7624221162234455,0.0,0.5219687906474921,0.3359791937649947,1,1
4018,2006-11-16,38.17460317460318,1,1,1,0,"gas,gold,silver",363.3371792724182,5.895331271652502,0.0,0.08538411310781314,4.714369114766068,1.550615103265667,0.0,0.13107616966171973,0.07538411310781315,1,1
4019,2007-02-19,38.44047619047619,1,1,1,1,"gas,gold,oil,silver",312.8379258844829,5.74568524775517,0.0,0.0418432891576107,4.170293592763575,1.4279864392708355,0.0,0.06576493373641605,0.0318432891576107,1,1
4020,2004-10-26,36.04365079365079,1,1,0,1,"gold,oil,silver",277.41363212531644,5.6255096491581975,0.0,0.4343605677534653,5.122250830826237,1.6335939578446288,0.0,0.6545408516301979,0.4243605677534653,1,1
4021,2005-12-20,37.23412698412698,1,1,0,0,"gold,silver",366.4131621519132,5.903761555058456,0.0,0.23940165454360374,5.92580322069614,1.7793162425075888,0.0,0.3621024818154056,0.22940165454360373,1,1
4022,2005-12-02,37.18650793650794,1,1,1,1,"gas,gold,oil,silver",321.6812320328767,5.773561092576949,0.0,0.2472000110719982,4.418244933847062,1.4857425434446772,0.0,0.37380001660799733,0.2372000110719982,1,1
4023,2007-02-21,38.448412698412696,1,1,0,1,"gold,oil,silver",339.87465790033724,5.828576896406596,0.0,0.04054356306954496,3.95092331338962,1.3739493018229234,0.0,0.06381534460431744,0.03054356306954496,1,1
4024,2005-08-11,36.86507936507937,1,0,1,1,"gas,gold,oil",326.78670626671084,5.789307683660018,0.0,0.29983891763866083,,,,,0.2898389176386608,1,1
4025,2005-05-13,36.611111111111114,1,0,1,0,"gas,gold",313.05849414190027,5.746390055322335,0.0,0.34143015245676456,,,,,0.33143015245676455,1,1
4026,2005-05-20,36.63095238095238,1,1,1,1,"gas,gold,oil,silver",901.0443533511615,6.803554483201579,0.0,0.33818083723660025,2.925133156572692,1.073340003262247,0.0,0.5102712558549003,0.32818083723660024,1,1
4027,2006-01-06,37.285714285714285,1,0,1,1,"gas,gold,oil",279.72186163278286,5.633795758157373,0.0,0.2309534349711764,,,,,0.2209534349711764,1,1
4028,2006-06-29,37.77777777777778,1,1,0,1,"gold,oil,silver",404.0012661745768,6.001418012051726,0.0,0.15037041751110028,5.427271106716778,1.6914364490052427,0.0,0.2285556262666504,0.14037041751110027,1,1
4029,2006-05-30,37.69047619047619,1,1,1,1,"gas,gold,oil,silver",324.338548442708,5.781787872862542,0.0,0.16466740447982348,3.5192714409958215,1.258253991197489,0.0,0.2500011067197352,0.15466740447982347,1,1
4030,2006-08-24,37.93650793650794,1,1,1,1,"gas,gold,oil,silver",385.5802811697353,5.954749423383504,0.0,0.1243758957497854,6.7238651022518,1.9056631532171922,0.0,0.1895638436246781,0.1143758957497854,1,1
4031,2004-12-08,36.166666666666664,1,1,1,0,"gas,gold,silver",103.68353745437867,4.6413433509877695,0.0,0.41421481338844623,1.4546759016484043,0.3747831278034641,0.0,0.6243222200826694,0.4042148133884462,1,1
4032,2005-09-16,36.96825396825397,1,1,1,1,"gas,gold,oil,silver",355.747268696286,5.874220559347477,0.0,0.28294247849380616,4.070636938625195,1.403799483186992,0.0,0.42741371774070924,0.27294247849380615,1,1
4033,2005-01-05,36.24603174603175,1,1,1,1,"gas,gold,oil,silver",358.6409771101562,5.882321824330859,0.0,0.4012175525077888,5.125789136218451,1.6342844909698295,0.0,0.6048263287616832,0.3912175525077888,1,1
4034,2006-12-14,38.25396825396825,1,1,1,0,"gas,gold,silver",283.75984578723717,5.648128267003269,0.0,0.0723868522271557,3.1493634552571335,1.1472003547209448,0.0,0.11158027834073357,0.062386852227155704,1,1
4035,2006-02-15,37.3968253968254,1,1,1,1,"gas,gold,oil,silver",411.9062655046792,6.02079581255402,0.0,0.21275726973825598,6.133523201521714,1.8137693322375241,0.0,0.322135904607384,0.20275726973825597,1,1
4036,2005-03-01,36.40079365079365,1,1,1,1,"gas,gold,oil,silver",340.22926426774404,5.829619697037448,0.0,0.3758728937905068,10.061283612814096,2.30869475223912,0.0,0.5668093406857603,0.3658728937905068,1,1
4037,2005-12-22,37.242063492063494,1,1,0,0,"gold,silver",561.8729014228776,6.331275670265188,0.0,0.23810192845553801,4.57932326223432,1.5215512278711225,0.0,0.360152892683307,0.228101928455538,1,1
4038,2004-11-30,36.142857142857146,0,1,0,0,silver,,,,,8.503697671291825,2.1405010890544163,0.0,0.6301709874789653,0.40811399165264345,1,1
4039,2006-02-14,37.392857142857146,1,0,0,0,gold,431.1446981729729,6.066443760379603,0.0,0.21340713278228887,,,,,0.20340713278228886,1,1
4040,2007-04-09,38.57936507936508,1,1,0,1,"gold,oil,silver",331.00413653006746,5.802130872368665,0.0,0.01909808261646022,4.575477692127527,1.5207111068565535,0.0,0.03164712392469033,0.00909808261646022,1,1
4041,2005-03-22,36.46031746031746,1,1,1,1,"gas,gold,oil,silver",437.9481364625242,6.082100493462527,0.0,0.3661249481300137,2.598057408491552,0.954764015191163,0.0,0.5521874221950206,0.3561249481300137,1,1
4042,2006-08-15,37.90873015873016,1,1,0,0,"gold,silver",327.7551566454626,5.792266855992084,0.0,0.12892493705801555,4.447515188019002,1.4923455555085152,0.0,0.1963874055870233,0.11892493705801555,1,1
4043,2007-01-12,38.33730158730159,1,1,1,1,"gas,gold,oil,silver",291.48428055966707,5.674986078297608,0.0,0.058739728302465405,3.438258075542789,1.2349649697462817,0.0,0.09110959245369811,0.0487397283024654,1,1
4044,2005-06-15,36.70238095238095,1,1,1,1,"gas,gold,oil,silver",326.5332197525414,5.788531688571566,0.0,0.3264833024440086,6.9256098216232935,1.9352261090805003,0.0,0.4927249536660129,0.3164833024440086,1,1
4045,2005-05-05,36.58730158730159,1,1,0,1,"gold,oil,silver",299.19456949290486,5.701094095845049,0.0,0.34532933072096184,1.9148771263562876,0.6496534567914083,0.0,0.5209939960814428,0.3353293307209618,1,1
4046,2006-03-23,37.5,1,1,1,0,"gas,gold,silver",285.6434039111949,5.654744193397452,0.0,0.19586083059340134,3.0557719034772175,1.1170322296041286,0.0,0.29679124589010203,0.18586083059340133,1,1
4047,2006-03-24,37.50396825396825,1,1,1,1,"gas,gold,oil,silver",325.24888740893243,5.784590696660961,0.0,0.19521096754936848,3.995437813761547,1.385153163642068,0.0,0.2958164513240527,0.18521096754936847,1,1
4048,2005-09-06,36.93650793650794,1,1,1,1,"gas,gold,oil,silver",417.2374881060216,6.03365557552798,0.0,0.2881413828460691,5.304110129809499,1.6684820162067462,0.0,0.43521207426910363,0.2781413828460691,1,1
4049,2004-11-17,36.107142857142854,1,1,1,1,"gas,gold,oil,silver",187.876307705995,5.235783808559866,0.0,0.4239627590489393,3.0500214933418244,1.1151486375918098,0.0,0.638944138573409,0.4139627590489393,1,1
4050,2005-10-26,37.07936507936508,1,1,1,0,"gas,gold,silver",223.10610628329405,5.407647471226611,0.0,0.26474631326088577,6.188069941283141,1.8226232353753122,0.0,0.4001194698913286,0.25474631326088576,1,1
4051,2006-09-26,38.02777777777778,1,1,1,1,"gas,gold,oil,silver",319.3761682069855,5.766369618742232,0.0,0.10942904573702936,3.94561019890485,1.3726036188651358,0.0,0.16714356860554402,0.09942904573702936,1,1
4052,2006-01-18,37.317460317460316,1,1,0,0,"gold,silver",281.39743355615457,5.63976802436917,0.0,0.22575453061891343,4.779528064051101,1.5643418102590396,0.0,0.3416317959283702,0.21575453061891342,1,1
4053,2007-01-11,38.333333333333336,1,1,1,1,"gas,gold,oil,silver",292.4160383073342,5.678177576943664,0.0,0.05938959134649827,3.448360626539805,1.2378989373960358,0.0,0.09208438701974742,0.04938959134649827,1,1
4054,2005-01-28,36.31349206349206,1,1,1,1,"gas,gold,oil,silver",360.32701098459887,5.887011982983493,0.0,0.39016988075923,2.871490069413397,1.0548310829890173,0.0,0.588254821138845,0.38016988075923,1,1
4055,2004-10-27,36.04761904761905,1,1,0,1,"gold,oil,silver",283.92658926760737,5.648715716252957,0.0,0.4337107047094324,3.2154871132628315,1.1679788588916482,0.0,0.6535660570641486,0.4237107047094324,1,1
4056,2007-04-05,38.57142857142857,1,1,0,1,"gold,oil,silver",327.2795689458542,5.790814756539654,0.0,0.020397808704525962,4.375677327119472,1.4760613254538737,0.0,0.033596713056788935,0.01039780870452596,1,1
4057,2005-07-06,36.76190476190476,1,1,1,1,"gas,gold,oil,silver",290.33850841793077,5.671047512656756,0.0,0.3167353567835155,1.4675757892803847,0.38361191655205795,0.0,0.47810303517527325,0.3067353567835155,1,1
4058,2006-09-21,38.01587301587302,1,0,1,1,"gas,gold,oil",336.0117354086226,5.817146086164654,0.0,0.11137863486912801,,,,,0.10137863486912801,1,1
4059,2005-12-13,37.214285714285715,1,1,0,0,"gold,silver",273.65627928818947,5.611872863747965,0.0,0.24265096976376813,3.4915455046748005,1.250344476206222,0.0,0.3669764546456522,0.23265096976376812,1,1
4060,2005-05-24,36.638888888888886,1,1,1,0,"gas,gold,silver",330.09040841336457,5.799366581827982,0.0,0.3368811111485345,3.6349330857321926,1.2905907024892778,0.0,0.5083216667228018,0.32688111114853446,1,1
4061,2005-08-26,36.90873015873016,1,1,0,1,"gold,oil,silver",280.41581631413595,5.636273559825496,0.0,0.29269042415429924,3.183849185881676,1.1580909006171285,0.0,0.44203563623144887,0.28269042415429924,1,1
4062,2005-04-06,36.50396825396825,1,1,1,1,"gas,gold,oil,silver",230.15718609659254,5.438762493310859,0.0,0.35897645464565214,7.162226835903392,1.9688209432198152,0.0,0.5414646819684783,0.34897645464565213,1,1
4063,2006-06-01,37.698412698412696,1,1,1,1,"gas,gold,oil,silver",333.94100730853336,5.810964352551949,0.0,0.16336767839175773,3.3616188050911204,1.2124226451824096,0.0,0.24805151758763658,0.15336767839175772,1,1
4064,2007-02-05,38.40079365079365,0,1,1,0,"gas,silver",,,,,3.6050935557191677,1.2823477220559765,0.0,0.07551287939690916,0.03834191959793944,1,1
4065,2005-07-25,36.81349206349206,1,1,1,1,"gas,gold,oil,silver",496.171495361228,6.206921623741497,0.0,0.30828713721108814,1.4078715693716468,0.3420790386406056,0.0,0.4654307058166322,0.2982871372110881,1,1
4066,2005-10-04,37.01587301587302,1,1,1,1,"gas,gold,oil,silver",385.490340909451,5.954516136682865,0.0,0.2751441219654117,2.79194018125144,1.026736759617397,0.0,0.4157161829481176,0.2651441219654117,1,1
4067,2005-04-04,36.49603174603175,1,1,1,1,"gas,gold,oil,silver",331.8208548270816,5.80459522938898,0.0,0.36027618073371787,5.150574704069687,1.6391083014728467,0.0,0.5434142711005768,0.35027618073371786,1,1
4068,2006-06-14,37.73412698412698,1,1,1,1,"gas,gold,oil,silver",338.2975091370252,5.823925712877574,0.0,0.1575189109954619,5.432814080116089,1.692457246500894,0.0,0.23927836649319284,0.14751891099546188,1,1
4069,2006-12-11,38.242063492063494,1,1,1,1,"gas,gold,oil,silver",323.43551391315714,5.778999755316581,0.0,0.07433644135925431,3.223241446020107,1.170387513468356,0.0,0.11450466203888147,0.06433644135925431,1,1
4070,2004-11-24,36.12698412698413,1,0,1,1,"gas,gold,oil",527.852765597945,6.26881739178533,0.0,0.42071344382877496,,,,,0.41071344382877495,1,1
4071,2006-12-18,38.26190476190476,1,1,0,1,"gold,oil,silver",322.2243814562382,5.775248139686978,0.0,0.07108712613908996,3.640019312045997,1.2919889871417172,0.0,0.10963068920863496,0.06108712613908997,1,1
4072,2005-03-14,36.43650793650794,1,1,1,1,"gas,gold,oil,silver",506.55795941301324,6.22763874836215,0.0,0.370024126394211,2.9454188147127005,1.0802510191189179,0.0,0.5580361895913165,0.360024126394211,1,1
4073,2005-12-07,37.198412698412696,1,0,0,1,"gold,oil",347.892383038249,5.851893187805682,0.0,0.24525042193989963,,,,,0.23525042193989962,1,1
4074,2005-06-06,36.67460317460318,1,1,1,1,"gas,gold,oil,silver",294.8147261111761,5.686347111954878,0.0,0.33103234375223867,5.95762545634092,1.7846719883239492,0.0,0.499548515628358,0.32103234375223866,1,1
4075,2006-01-26,37.34126984126984,1,1,1,1,"gas,gold,oil,silver",355.7339069688718,5.87418299903563,0.0,0.2218553523547162,3.6037427578872747,1.2819729603638146,0.0,0.33578302853207437,0.2118553523547162,1,1
4076,2005-06-21,36.71825396825397,1,1,1,1,"gas,gold,oil,silver",342.8822171912301,5.837386998081023,0.0,0.3238838502678771,9.539135512553612,2.2554028642214696,0.0,0.48882577540181565,0.3138838502678771,1,1
4077,2006-01-25,37.33730158730159,1,1,1,1,"gas,gold,oil,silver",362.3413179809838,5.89258663495634,0.0,0.2225052153987491,7.841456032738588,2.0594245355803324,0.0,0.33675782309812363,0.2125052153987491,1,1
4078,2006-04-05,37.535714285714285,1,1,0,1,"gold,oil,silver",371.9930698449403,5.918875224650531,0.0,0.19001206319710548,3.438159521679479,1.2349363054419622,0.0,0.2880180947956582,0.18001206319710547,1,1
4079,2006-05-04,37.61904761904762,1,1,1,1,"gas,gold,oil,silver",267.1967749568212,5.5879853718172745,0.0,0.17636493927241517,3.356966086553316,1.2110376156392482,0.0,0.2675474089086227,0.16636493927241516,1,1
4080,2005-06-09,36.68650793650794,1,1,1,1,"gas,gold,oil,silver",493.5182613560849,6.201559861949978,0.0,0.3290827546201401,6.06377635839322,1.802332767447779,0.0,0.4966241319302101,0.3190827546201401,1,1
4081,2006-07-27,37.857142857142854,1,1,1,1,"gas,gold,oil,silver",304.6395767734841,5.719129362334323,0.0,0.13737315663044286,3.737998340853501,1.318550265173856,0.0,0.20905973494566427,0.12737315663044285,1,1
4082,2005-10-28,37.08730158730159,1,1,1,1,"gas,gold,oil,silver",352.8374533379903,5.86600747875311,0.0,0.26344658717282,4.579978914555313,1.5216943943066124,0.0,0.39816988075923004,0.25344658717282,1,1
4083,2006-10-02,38.04365079365079,1,1,1,1,"gas,gold,oil,silver",354.5993943215504,5.870988685577595,0.0,0.10682959356089788,4.005723796543012,1.3877242874235598,0.0,0.16324439034134683,0.09682959356089789,1,1
4084,2004-10-20,36.02777777777778,1,1,1,0,"gas,gold,silver",232.6449102904985,5.449513300941952,0.0,0.43696001992959677,1.267409773505397,0.23697526933833002,0.0,0.6584400298943952,0.42696001992959676,1,1
4085,2005-08-25,36.904761904761905,1,1,1,0,"gas,gold,silver",345.7600307261499,5.845744981624114,0.0,0.2933402871983321,10.648061135896263,2.365377822614294,0.0,0.4430104307974982,0.2833402871983321,1,1
4086,2007-03-21,38.52777777777778,1,1,1,1,"gas,gold,oil,silver",314.83119718515104,5.7520366132376815,0.0,0.027546302188887525,3.82087469505234,1.3404793741694698,0.0,0.044319453283331284,0.017546302188887523,1,1
4087,2006-12-21,38.273809523809526,1,1,1,1,"gas,gold,oil,silver",313.2868095535078,5.747119095423292,0.0,0.06913753700699131,3.5661654577921236,1.2714909170723925,0.0,0.10670630551048697,0.059137537006991314,1,1
4088,2007-01-10,38.32936507936508,1,0,1,0,"gas,gold",302.46101201321954,5.711952383257682,0.0,0.06003945439053114,,,,,0.05003945439053114,1,1
4089,2005-11-18,37.1468253968254,1,1,1,1,"gas,gold,oil,silver",372.76306925172776,5.92094301473839,0.0,0.2536986415123269,5.476631004487572,1.7004901317020886,0.0,0.3835479622684904,0.2436986415123269,1,1
4090,2004-11-23,36.12301587301587,1,1,1,1,"gas,gold,oil,silver",489.41570686894687,6.19321224462709,0.0,0.4213633068728079,5.147043777591164,1.6384225260922205,0.0,0.6350449603092119,0.41136330687280787,1,1
4091,2006-11-01,38.13095238095238,1,1,1,0,"gas,gold,silver",310.4746143632911,5.738102140747138,0.0,0.0925326065921747,3.5409596097580014,1.264397766613993,0.0,0.14179890988826208,0.0825326065921747,1,1
4092,2006-09-11,37.98412698412698,1,1,1,1,"gas,gold,oil,silver",374.7204234733914,5.926180210514904,0.0,0.11657753922139097,4.849029404124928,1.5787785620613006,0.0,0.17786630883208646,0.10657753922139097,1,1
4093,2005-04-26,36.55952380952381,1,1,0,0,"gold,silver",385.78333481106307,5.955275903092454,0.0,0.3498783720291919,8.882150602806465,2.1840437126827537,0.0,0.5278175580437879,0.3398783720291919,1,1
4094,2005-01-17,36.27777777777778,1,0,1,1,"gas,gold,oil",271.87188236772243,5.6053309346239955,0.0,0.39601864815552584,,,,,0.38601864815552583,1,1
4095,2005-08-12,36.86904761904762,1,1,1,1,"gas,gold,oil,silver",332.37900097639607,5.806275887027841,0.0,0.29918905459462797,4.751683948392571,1.5584990706718629,0.0,0.45178358189194195,0.28918905459462796,1,1
4096,2005-01-13,36.26984126984127,1,1,0,1,"gold,oil,silver",293.2322004596677,5.680964788196678,0.0,0.39731837424359157,4.339752883988594,1.4678174073180823,0.0,0.5989775613653874,0.38731837424359156,1,1
4097,2005-03-23,36.464285714285715,1,1,0,1,"gold,oil,silver",297.89610162700376,5.696744773453698,0.0,0.36547508508598087,15.982407578103931,2.7714885909487,0.0,0.5512126276289713,0.35547508508598086,1,1
4098,2005-09-26,36.992063492063494,1,0,1,1,"gas,gold,oil",369.3392629683325,5.911715633478649,0.0,0.27904330022960894,,,,,0.26904330022960893,1,1
4099,2006-10-23,38.1031746031746,1,1,1,1,"gas,gold,oil,silver",336.9809025769023,5.820026259835349,0.0,0.09708164790040479,3.9424146237468825,1.3717933842615098,0.0,0.14862247185060717,0.08708164790040479,1,1
4100,2005-08-23,36.8968253968254,1,1,0,1,"gold,oil,silver",438.8769504613651,6.084219078708547,0.0,0.29464001328639783,1.9023881875710265,0.6431100377104534,0.0,0.4449600199295968,0.2846400132863978,1,1
4101,2006-07-06,37.79761904761905,1,1,1,1,"gas,gold,oil,silver",283.34891884838356,5.646679067003562,0.0,0.14712110229093595,3.4753199972339015,1.2456865603120786,0.0,0.2236816534364039,0.13712110229093594,1,1
4102,2005-09-27,36.99603174603175,1,1,0,1,"gold,oil,silver",398.85745304624066,5.988604092521377,0.0,0.2783934371855761,5.031811216829029,1.6157800021659645,0.0,0.4205901557783641,0.26839343718557607,1,1
4103,2005-10-14,37.04761904761905,1,1,0,1,"gold,oil,silver",243.20566466016786,5.493907442008943,0.0,0.26994521761314877,7.215320194843648,1.976206570290822,0.0,0.40791782641972313,0.25994521761314876,1,1
4104,2007-02-26,38.46031746031746,1,1,1,0,"gas,gold,silver",308.7284153584642,5.732461975728229,0.0,0.03859397393744635,3.873489733696039,1.3541558406915846,0.0,0.06089096090616952,0.02859397393744635,1,1
4105,2004-10-19,36.023809523809526,1,1,1,1,"gas,gold,oil,silver",221.6553831359502,5.401123847546046,0.0,0.4376098829736296,2.443596558132975,0.8934709532693919,0.0,0.6594148244604445,0.4276098829736296,1,1
4106,2007-01-09,38.32539682539682,1,1,1,1,"gas,gold,oil,silver",333.15910690937187,5.808620174397716,0.0,0.06068931743456401,3.58907996645714,1.277895892902803,0.0,0.09403397615184601,0.05068931743456401,1,1
4107,2007-03-26,38.53968253968254,1,1,0,1,"gold,oil,silver",311.19392886519734,5.740416283326011,0.0,0.025596713056788914,3.9364777286244914,1.370286345967163,0.0,0.04139506958518337,0.015596713056788915,1,1
4108,2006-10-27,38.11904761904762,1,1,1,1,"gas,gold,oil,silver",320.6223368526044,5.770263909777803,0.0,0.09448219572427331,3.8206056033663875,1.3404089449658194,0.0,0.14472329358640998,0.08448219572427332,1,1
4109,2004-12-17,36.19444444444444,1,1,1,1,"gas,gold,oil,silver",523.159393076156,6.2598861845089475,0.0,0.40966577208021615,4.565085456420187,1.5184372337885153,0.0,0.6174986581203242,0.39966577208021614,1,1
4110,2006-07-21,37.84126984126984,1,1,1,1,"gas,gold,oil,silver",333.8758234259229,5.8107691376971635,0.0,0.1399726088065744,5.512837057499243,1.7070793831212827,0.0,0.21295891320986154,0.12997260880657438,1,1
4111,2006-01-23,37.32936507936508,1,1,0,1,"gold,oil,silver",254.21373380944948,5.5381753848704625,0.0,0.22380494148681482,5.120576488150906,1.6332670280550106,0.0,0.33870741223022227,0.2138049414868148,1,1
4112,2006-12-12,38.24603174603175,1,1,1,1,"gas,gold,oil,silver",282.84623941062904,5.644903426352112,0.0,0.07368657831522143,3.1192441050438244,1.1375906984438833,0.0,0.11352986747283217,0.06368657831522144,1,1
4113,2005-11-10,37.12301587301587,1,0,0,0,gold,314.6919744033948,5.7515943013727355,0.0,0.25759781977652413,,,,,0.24759781977652412,1,1
4114,2006-05-10,37.63492063492063,0,1,0,0,silver,,,,,4.988759244587189,1.607187230465973,0.0,0.26364823064442555,0.1637654870962837,1,1
4115,2005-02-17,36.36904761904762,1,1,0,1,"gold,oil,silver",744.2908409499644,6.612431873700959,0.0,0.3810717981427698,3.0150901892161133,1.103629743236264,0.0,0.5746076972141547,0.3710717981427698,1,1
4116,2004-11-19,36.11507936507937,1,1,1,1,"gas,gold,oil,silver",142.02124708389022,4.955976673759545,0.0,0.4226630329608736,3.8114236323695003,1.3380027761361915,0.0,0.6369945494413104,0.4126630329608736,1,1
4117,2004-11-03,36.067460317460316,1,1,0,1,"gold,oil,silver",413.1739909108947,6.023868789743747,0.0,0.43046138948926804,1.8715554778823589,0.6267698914615156,0.0,0.6486920842339021,0.42046138948926803,1,1
4118,2005-12-19,37.23015873015873,1,1,0,1,"gold,oil,silver",273.83324273462694,5.612519317955696,0.0,0.2400515175876366,6.875350886836477,1.927942680335542,0.0,0.3630772763814549,0.2300515175876366,1,1
4119,2006-08-18,37.92063492063492,0,1,1,1,"gas,oil,silver",,,,,4.866371134366377,1.5823485123871661,0.0,0.1934630218888754,0.11697534792591693,1,1
4120,2004-10-28,36.051587301587304,1,0,1,0,"gas,gold",158.8274744732295,5.067818546903604,0.0,0.4330608416653995,,,,,0.4230608416653995,1,1
4121,2004-12-10,36.17460317460318,1,1,1,1,"gas,gold,oil,silver",194.47040168741836,5.270279975064194,0.0,0.4129150873003805,5.527925018855635,1.7098125224905338,0.0,0.6223726309505708,0.4029150873003805,1,1
4122,2005-07-15,36.78968253968254,1,1,0,1,"gold,oil,silver",375.8307152191529,5.929138816526995,0.0,0.31218631547528536,2.001410811177883,0.6938523374673051,0.0,0.47127947321292807,0.30218631547528535,1,1
4123,2005-11-03,37.1031746031746,1,1,1,1,"gas,gold,oil,silver",432.0936872930245,6.068642433465339,0.0,0.2608471349966885,5.0387067764537505,1.6171494571844622,0.0,0.39427070249503277,0.2508471349966885,1,1
4124,2005-02-28,36.3968253968254,0,1,0,0,silver,,,,,4.750948459642922,1.558344273828307,0.0,0.5677841352518095,0.36652275683453966,1,1
4125,2006-06-27,37.76984126984127,1,0,1,0,"gas,gold",278.41095626225723,5.629098282076193,0.0,0.15167014359916609,,,,,0.14167014359916608,1,1
4126,2006-01-02,37.26984126984127,1,1,0,1,"gold,oil,silver",226.58623909247353,5.423125619002653,0.0,0.23355288714730787,4.893740462154501,1.587956931770045,0.0,0.35332933072096184,0.22355288714730787,1,1
4127,2006-05-29,37.68650793650794,0,0,0,1,oil,,,,,,,,,0.15531726752385638,1,1
4128,2006-03-02,37.44047619047619,1,1,1,1,"gas,gold,oil,silver",294.4628680145278,5.685152910301967,0.0,0.20560877625389443,4.581007438578358,1.5219189386924938,0.0,0.31141316438084166,0.19560877625389442,1,1
4129,2004-11-16,36.1031746031746,1,1,1,1,"gas,gold,oil,silver",207.6789467197206,5.335993361852829,0.0,0.4246126220929722,19.642624902800364,2.9777019448512556,0.0,0.6399189331394584,0.41461262209297217,1,1
4130,2005-05-18,36.62301587301587,1,1,1,0,"gas,gold,silver",282.45522235573276,5.6435200330878015,0.0,0.339480563324666,4.058453526519552,1.4008019962528417,0.0,0.5122208449869989,0.32948056332466596,1,1
4131,2005-12-08,37.20238095238095,1,1,1,1,"gas,gold,oil,silver",272.19441175415363,5.606516560080664,0.0,0.24460055889586674,2.5976400290757757,0.9546033517107779,0.0,0.3699008383438001,0.23460055889586673,1,1
4132,2005-02-01,36.32142857142857,1,1,1,1,"gas,gold,oil,silver",551.1665178177196,6.31203697369211,0.0,0.38887015467116426,7.049145909243736,1.952906461860209,0.0,0.5863052320067463,0.37887015467116425,1,1
4133,2007-01-02,38.30555555555556,1,1,1,0,"gas,gold,silver",321.1564558224744,5.771928405704696,0.0,0.06393863265472835,3.138328770717928,1.1436904196060442,0.0,0.09890794898209254,0.053938632654728355,1,1
4134,2005-02-16,36.36507936507937,1,1,0,1,"gold,oil,silver",234.50788441629794,5.45748920956546,0.0,0.3817216611868027,4.5938018148764055,1.5247079633442748,0.0,0.575582491780204,0.37172166118680267,1,1
4135,2005-03-31,36.48809523809524,1,1,0,0,"gold,silver",366.3156438738287,5.903495376691076,0.0,0.36157590682178364,5.332378911292845,1.6737974634248787,0.0,0.5453638602326755,0.35157590682178363,1,1
4136,2005-08-01,36.833333333333336,1,1,1,1,"gas,gold,oil,silver",264.7224708284753,5.578681997312905,0.0,0.3050378219909238,7.499955484268245,2.0148970850937493,0.0,0.4605567329863857,0.29503782199092377,1,1
4137,2004-10-12,36.00396825396825,1,1,1,1,"gas,gold,oil,silver",603.4641046459012,6.402686560137181,0.0,0.440859198193794,3.2490981322780152,1.1783774600714074,0.0,0.664288797290691,0.430859198193794,1,1
4138,2007-02-13,38.42460317460318,1,1,1,1,"gas,gold,oil,silver",304.22490813602616,5.717767257262184,0.0,0.04444274133374223,3.953128645902414,1.3745073276510378,0.0,0.06966411200061334,0.03444274133374223,1,1
4139,2005-09-05,36.932539682539684,1,1,1,0,"gas,gold,silver",289.7210064483124,5.66891841318659,0.0,0.28879124589010197,5.3967096526068445,1.6857894442658408,0.0,0.43618686883515295,0.27879124589010196,1,1
4140,2007-03-12,38.5,1,1,1,0,"gas,gold,silver",305.40438387194223,5.721636747206531,0.0,0.03209534349711766,3.7646575303689866,1.3256568957252395,0.0,0.05114301524567648,0.022095343497117656,1,1
4141,2005-06-16,36.70634920634921,1,1,1,1,"gas,gold,oil,silver",267.85240447358814,5.590436099227458,0.0,0.3258334393999757,5.440766687589173,1.6939199861560144,0.0,0.4917501590999636,0.3158334393999757,1,1
4142,2007-01-01,38.301587301587304,1,0,0,0,gold,297.092161163639,5.6940423976157355,0.0,0.06458849569876123,,,,,0.05458849569876122,1,1
4143,2004-10-29,36.05555555555556,1,1,1,0,"gas,gold,silver",447.2415169489868,6.103098755074209,0.0,0.4324109786213666,11.321702371200669,2.4267214476166425,0.0,0.65161646793205,0.4224109786213666,1,1
4144,2009-05-18,40.76190476190476,1,1,1,1,"gas,gold,oil,silver",407.9235582343013,6.011079799581727,0.0,0.10265533548783422,3.2751589436761095,1.1863664003297416,0.0,0.15698300323175132,0.09265533548783422,1,1
4145,2009-07-28,40.964285714285715,1,1,1,1,"gas,gold,oil,silver",415.18012086415337,6.028712452247264,0.0,0.07914577275211508,4.796038226683647,1.567790207668042,0.0,0.12171865912817263,0.06914577275211509,1,1
4146,2008-01-22,39.3968253968254,1,1,0,1,"gold,oil,silver",204.0804470452527,5.318514264370419,0.0,0.26122964099935153,3.5458398136546063,1.265775032817381,0.0,0.39484446149902724,0.2512296409993515,1,1
4147,2008-04-02,39.59920634920635,1,1,0,0,"gold,silver",354.14152643054734,5.869696625414863,0.0,0.23772007826363237,2.74604624212853,1.010162147017731,0.0,0.35958011739544854,0.22772007826363236,1,1
4148,2008-03-28,39.58730158730159,1,1,1,1,"gas,gold,oil,silver",323.1888836416162,5.778236931382213,0.0,0.2391029937186747,1.4588229858256991,0.3776299364951706,0.0,0.3616544905780121,0.22910299371867468,1,1
4149,2009-06-30,40.88492063492063,1,1,1,1,"gas,gold,oil,silver",441.66192130460723,6.09054470547851,0.0,0.08836520911906376,3.809389266791259,1.3374688788594877,0.0,0.13554781367859564,0.07836520911906376,1,1
4150,2009-01-07,40.392857142857146,0,1,1,1,"gas,oil,silver",,,,,3.162680159650459,1.1514198199094594,0.0,0.22128857189121837,0.13552571459414559,1,1
4151,2007-12-21,39.30952380952381,1,1,1,1,"gas,gold,oil,silver",285.58355614977063,5.654534652301433,0.0,0.2713710210029951,5.438528594724264,1.6935085453708525,0.0,0.4100565315044926,0.2613710210029951,1,1
4152,2009-07-16,40.932539682539684,1,1,1,1,"gas,gold,oil,silver",360.8987806994457,5.888597533143301,0.0,0.08283354729889456,4.896363945406066,1.588492877701804,0.0,0.12725032094834182,0.07283354729889456,1,1
4153,2008-02-29,39.507936507936506,1,1,1,0,"gas,gold,silver",253.5269414268181,5.5354700952019735,0.0,0.24832243008562338,5.131950029523522,1.6354857096684794,0.0,0.3754836451284351,0.23832243008562337,1,1
4154,2008-06-09,39.78968253968254,1,1,1,1,"gas,gold,oil,silver",387.8539869043132,5.960628946384661,0.0,0.21559343098295555,2.8029131895471506,1.030659301152626,0.0,0.3263901464744334,0.20559343098295554,1,1
4155,2009-10-02,41.154761904761905,1,1,1,1,"gas,gold,oil,silver",412.28015962288447,6.021703117339577,0.0,0.05701912547143828,4.401646648719933,1.4819787092599517,0.0,0.08852868820715741,0.04701912547143828,1,1
4156,2009-09-02,41.067460317460316,1,1,1,1,"gas,gold,oil,silver",390.3861392250679,5.9671363498745045,0.0,0.06716050547508182,4.255385479028651,1.4481853522882262,0.0,0.10374075821262273,0.057160505475081815,1,1
4157,2007-08-08,38.92460317460318,1,1,1,1,"gas,gold,oil,silver",306.8175316873116,5.726253211560956,0.0,0.3160852873826962,1.8837784115737939,0.6332795532993978,0.0,0.4771279310740443,0.3060852873826962,1,1
4158,2007-08-24,38.97222222222222,1,1,0,1,"gold,oil,silver",205.20771753632695,5.324022722415537,0.0,0.31055362556252697,7.165727963654089,1.9693096560709318,0.0,0.46883043834379046,0.30055362556252696,1,1
4159,2007-08-10,38.932539682539684,1,1,1,1,"gas,gold,oil,silver",643.1860236325754,6.466433988201703,0.0,0.3151633437460013,2.2121785407122445,0.7939777950105451,0.0,0.47574501561900195,0.3051633437460013,1,1
4160,2008-03-20,39.56349206349206,1,0,0,0,gold,356.2227206312874,5.875556154984386,0.0,0.24186882462875928,,,,,0.23186882462875927,1,1
4161,2008-07-11,39.88492063492063,1,1,1,1,"gas,gold,oil,silver",474.6765269357468,6.162633576126847,0.0,0.20453010734261715,2.149779017327368,0.7653650542186407,0.0,0.30979516101392574,0.19453010734261714,1,1
4162,2007-10-30,39.15873015873016,1,1,0,1,"gold,oil,silver",380.5996665933557,5.941748078858922,0.0,0.2888879501001976,6.88428607320919,1.9292414337335595,0.0,0.43633192515029634,0.27888795010019757,1,1
4163,2007-12-27,39.32539682539682,1,1,1,1,"gas,gold,oil,silver",198.7711683887168,5.292154255479093,0.0,0.26952713372960535,2.762033584593945,1.0159672144330671,0.0,0.40729070059440803,0.25952713372960534,1,1
4164,2009-06-11,40.833333333333336,1,1,1,1,"gas,gold,oil,silver",403.78391958951994,6.000879882375341,0.0,0.09435784275758043,3.6322479684325226,1.2898517316553748,0.0,0.14453676413637062,0.08435784275758043,1,1
4165,2008-04-10,39.62301587301587,1,1,1,1,"gas,gold,oil,silver",377.55508086106425,5.933716467611047,0.0,0.23495424735354778,6.946020675337708,1.938168930899328,0.0,0.3554313710303217,0.22495424735354777,1,1
4166,2009-06-19,40.857142857142854,0,1,1,1,"gas,oil,silver",,,,,4.180636178027634,1.4304634306564652,0.0,0.14038801777124368,0.0815920118474958,1,1
4167,2008-09-09,40.051587301587304,1,0,1,1,"gas,gold,oil",390.449143266321,5.9672977258850475,0.0,0.18516929097202492,,,,,0.1751692909720249,1,1
4168,2008-06-12,39.801587301587304,1,1,1,1,"gas,gold,oil,silver",341.7388187345423,5.834046757393747,0.0,0.21421051552791323,6.180720108083588,1.8214347870250212,0.0,0.32431577329186984,0.20421051552791322,1,1
4169,2008-02-13,39.46031746031746,1,1,1,1,"gas,gold,oil,silver",351.14504184443786,5.86119936274011,0.0,0.25385409190579256,2.7908497740558027,1.0263461279732793,0.0,0.38378113785868884,0.24385409190579255,1,1
4170,2008-12-09,40.30952380952381,1,1,1,1,"gas,gold,oil,silver",615.5036507721337,6.422440876999499,0.0,0.1552061227794417,5.576375349555123,1.7185389863926426,0.0,0.23580918416916255,0.1452061227794417,1,1
4171,2009-12-18,41.37301587301587,1,1,1,1,"gas,gold,oil,silver",479.4175132559416,6.172571852947417,0.0,0.0316656754623294,4.996078529758054,1.6086533106662284,0.0,0.050498513193494105,0.021665675462329403,1,1
4172,2008-04-22,39.654761904761905,1,1,1,0,"gas,gold,silver",275.9585733939473,5.6202507580528165,0.0,0.23126647280676832,7.514782819908389,2.0168721232408826,0.0,0.34989970921015245,0.2212664728067683,1,1
4173,2009-01-14,40.41269841269841,1,1,1,1,"gas,gold,oil,silver",491.80589730297555,6.198084120972856,0.0,0.1432208555024084,3.475533704643114,1.2457480512938905,0.0,0.2178312832536126,0.1332208555024084,1,1
4174,2007-07-23,38.87698412698413,1,1,1,1,"gas,gold,oil,silver",344.4126654070225,5.841840547159096,0.0,0.3216169492028654,2.8157606687387826,1.0352324448894923,0.0,0.4854254238042981,0.31161694920286537,1,1
4175,2009-06-29,40.88095238095238,1,1,1,1,"gas,gold,oil,silver",427.89281083521763,6.058872722242178,0.0,0.08882618093741121,4.239576557791005,1.4444633958111635,0.0,0.13623927140611683,0.07882618093741121,1,1
4176,2009-05-06,40.73015873015873,1,1,1,1,"gas,gold,oil,silver",417.2388012165246,6.033658722676725,0.0,0.10634311003461369,3.977531075101482,1.380661293921217,0.0,0.16251466505192053,0.0963431100346137,1,1
4177,2007-10-03,39.083333333333336,1,1,1,1,"gas,gold,oil,silver",281.05661637470473,5.638556130799537,0.0,0.2976464146487988,2.8658943667396053,1.05288047134348,0.0,0.44946962197319823,0.2876464146487988,1,1
4178,2007-10-19,39.13095238095238,1,1,0,1,"gold,oil,silver",294.34598107163447,5.684755881810937,0.0,0.2921147528286296,3.2436582928007947,1.1767017955634755,0.0,0.4411721292429444,0.2821147528286296,1,1
4179,2007-08-21,38.96031746031746,1,0,0,0,gold,298.4088292483575,5.698464456525777,0.0,0.31193654101756924,,,,,0.3019365410175692,1,1
4180,2008-05-16,39.726190476190474,1,1,1,1,"gas,gold,oil,silver",412.6159891960536,6.022517352179208,0.0,0.2229689800765145,2.883124822089942,1.0588747136225771,0.0,0.3374534701147718,0.2129689800765145,1,1
4181,2008-09-01,40.02777777777778,1,0,0,1,"gold,oil",311.524713236871,5.741478671314491,0.0,0.1879351218821095,,,,,0.1779351218821095,1,1
4182,2007-09-28,39.07142857142857,1,1,1,1,"gas,gold,oil,silver",374.9735241288911,5.926855421154992,0.0,0.2990293301038411,6.243108569379253,1.8314782265065208,0.0,0.45154399515576166,0.2890293301038411,1,1
4183,2008-06-04,39.77777777777778,1,1,1,1,"gas,gold,oil,silver",417.8582273911426,6.035142206073258,0.0,0.21697634643799785,3.9570391182804396,1.375496048197344,0.0,0.3284645196569968,0.20697634643799784,1,1
4184,2008-03-06,39.523809523809526,1,1,1,1,"gas,gold,oil,silver",393.14329798722434,5.974174171331075,0.0,0.2464785428122336,3.7265818470343506,1.315491418612264,0.0,0.37271781421835043,0.2364785428122336,1,1
4185,2007-11-16,39.21031746031746,1,0,1,1,"gas,gold,oil",426.061674969726,6.054584112714442,0.0,0.2828953164616809,,,,,0.2728953164616809,1,1
4186,2008-01-14,39.37301587301587,1,1,0,1,"gold,oil,silver",290.747476789723,5.672455113079855,0.0,0.2639954719094361,5.1994577046998804,1.648554332591341,0.0,0.3989932078641542,0.2539954719094361,1,1
4187,2009-04-30,40.714285714285715,1,1,1,1,"gas,gold,oil,silver",459.7158596158271,6.130608602142736,0.0,0.10818699730800344,3.816941155725575,1.3394493572768438,0.0,0.16528049596200514,0.09818699730800344,1,1
4188,2007-11-13,39.198412698412696,1,1,0,1,"gold,oil,silver",307.9109697292031,5.729810681867107,0.0,0.28427823191672325,7.426371091319414,2.00503732640499,0.0,0.42941734787508484,0.27427823191672324,1,1
4189,2008-01-16,39.38095238095238,1,1,1,1,"gas,gold,oil,silver",294.4285785180133,5.685036455913793,0.0,0.2630735282727413,3.7169945957358332,1.312915437382348,0.0,0.3976102924091119,0.25307352827274127,1,1
4190,2007-12-14,39.28968253968254,1,1,1,1,"gas,gold,oil,silver",359.60564380155444,5.885007997139362,0.0,0.2736758800947322,2.6773411000215463,0.9848241751815181,0.0,0.41351382014209837,0.2636758800947322,1,1
4191,2009-03-04,40.551587301587304,1,1,1,1,"gas,gold,oil,silver",448.4676148599978,6.1058364712217355,0.0,0.1270868418602482,4.876587978530219,1.5844457905940061,0.0,0.19363026279037232,0.11708684186024822,1,1
4192,2007-09-21,39.051587301587304,1,1,1,0,"gas,gold,silver",562.7318811375865,6.332803282267328,0.0,0.3013341891955783,3.80103098379626,1.3352723414593555,0.0,0.4550012837933674,0.2913341891955783,1,1
4193,2007-08-02,38.90873015873016,1,1,1,1,"gas,gold,oil,silver",380.5275368144169,5.941558544760464,0.0,0.3179291746560859,3.466580197467093,1.243168574129796,0.0,0.47989376198412886,0.3079291746560859,1,1
4194,2007-12-05,39.26190476190476,1,1,0,0,"gold,silver",272.26813178024855,5.606787359339202,0.0,0.27690268282316427,5.004834005243628,1.6104042464316983,0.0,0.41835402423474644,0.26690268282316426,1,1
4195,2007-07-26,38.888888888888886,1,1,1,1,"gas,gold,oil,silver",383.8374742080152,5.950219218744638,0.0,0.32023403374782305,3.1399032777985476,1.144191996196862,0.0,0.4833510506217346,0.31023403374782305,1,1
4196,2008-04-29,39.67460317460318,1,1,1,1,"gas,gold,oil,silver",305.13351779747177,5.720749444087425,0.0,0.22896161371503113,5.0254018320549445,1.6145054173260815,0.0,0.3464424205725467,0.21896161371503112,1,1
4197,2009-04-28,40.70634920634921,1,1,1,1,"gas,gold,oil,silver",360.32571301783935,5.887008380785884,0.0,0.10910894094469832,4.111615961743436,1.4138161292736775,0.0,0.16666341141704746,0.09910894094469833,1,1
4198,2009-12-23,41.38492063492063,1,1,1,1,"gas,gold,oil,silver",453.4018255470051,6.116778764415136,0.0,0.030282760007287107,4.921663700920587,1.5936466239378055,0.0,0.048424140010930664,0.02028276000728711,1,1
4199,2008-07-04,39.86507936507937,1,1,0,1,"gold,oil,silver",398.44919697394016,5.987580004467,0.0,0.2068349664343543,5.7949477070880375,1.7569864529525598,0.0,0.3132524496515315,0.1968349664343543,1,1
4200,2009-09-29,41.142857142857146,1,1,1,1,"gas,gold,oil,silver",393.81999908093985,5.975893949783318,0.0,0.058402040926480575,4.491191049027386,1.5021179336210426,0.0,0.09060306138972085,0.04840204092648057,1,1
4201,2007-07-27,38.892857142857146,1,1,0,1,"gold,oil,silver",279.4971795339218,5.632992201431257,0.0,0.31977306192947563,1.7746632147722445,0.5736106667683359,0.0,0.4826595928942135,0.3097730619294756,1,1
4202,2007-08-16,38.948412698412696,1,1,1,0,"gas,gold,silver",186.66451768752347,5.22931298260655,0.0,0.31331945647261156,2.4500330498002585,0.8961015141800415,0.0,0.4729791847089173,0.30331945647261155,1,1
4203,2007-07-24,38.88095238095238,1,1,0,1,"gold,oil,silver",251.49694643512905,5.527430848055069,0.0,0.32115597738451795,2.5554924458918227,0.9382449432021931,0.0,0.48473396607677693,0.31115597738451795,1,1
4204,2009-02-17,40.507936507936506,1,1,0,1,"gold,oil,silver",551.930331580722,6.31342182740734,0.0,0.13215753186207002,4.589768467391828,1.5238295799661468,0.0,0.201236297793105,0.12215753186207001,1,1
4205,2008-02-01,39.42857142857143,1,1,0,1,"gold,oil,silver",238.622576748157,5.474883126931623,0.0,0.25754186645257204,5.608893052697066,1.72435338325529,0.0,0.38931279967885807,0.24754186645257203,1,1
4206,2008-05-02,39.68650793650794,1,1,1,1,"gas,gold,oil,silver",273.4456320994001,5.611102816358936,0.0,0.22757869825998883,2.5868382141319004,0.9504363632243038,0.0,0.3443680473899833,0.21757869825998882,1,1
4207,2008-07-02,39.857142857142854,1,1,1,1,"gas,gold,oil,silver",325.8509145195147,5.786439959340401,0.0,0.20775691007104918,4.918292124208164,1.5929613410149375,0.0,0.31463536510657375,0.19775691007104917,1,1
4208,2009-06-01,40.801587301587304,1,1,1,1,"gas,gold,oil,silver",402.0628136794221,5.996608329346689,0.0,0.0980456173043599,3.8994872146106165,1.3608450610577212,0.0,0.15006842595653982,0.0880456173043599,1,1
4209,2007-07-05,38.82936507936508,1,1,0,0,"gold,silver",311.74186847741765,5.7421755007473685,0.0,0.3271486110230346,4.134454559438203,1.4193554115375622,0.0,0.4937229165345519,0.3171486110230346,1,1
4210,2007-10-02,39.07936507936508,1,1,0,1,"gold,oil,silver",273.449017882332,5.611115198205904,0.0,0.29810738646714624,8.882722905167952,2.1841081434665055,0.0,0.4501610797007194,0.28810738646714623,1,1
4211,2010-01-26,41.48015873015873,1,1,1,0,"gas,gold,silver",471.09342048256235,6.155056419322247,0.0,0.019219436366948686,5.017225568552574,1.612877105335054,0.0,0.031829154550423025,0.009219436366948686,1,1
4212,2008-01-01,39.33730158730159,1,1,1,1,"gas,gold,oil,silver",193.32640393771342,5.264379972528544,0.0,0.26814421827456303,2.3326135435279305,0.8469893314518734,0.0,0.4052163274118446,0.258144218274563,1,1
4213,2008-02-22,39.48809523809524,1,1,1,0,"gas,gold,silver",370.2525867168254,5.914185439529514,0.0,0.2506272891773605,4.501985778077496,1.504518583456338,0.0,0.3789409337660408,0.2406272891773605,1,1
4214,2008-12-22,40.345238095238095,1,1,0,0,"gold,silver",398.3534294702738,5.987339624977904,0.0,0.1510573764143148,4.635167884853137,1.5336724194736377,0.0,0.22958606462147219,0.1410573764143148,1,1
4215,2007-11-02,39.17063492063492,1,0,1,1,"gas,gold,oil",252.23895288573337,5.530376863966428,0.0,0.28750503464515526,,,,,0.27750503464515525,1,1
4216,2009-05-14,40.75396825396825,1,1,0,0,"gold,silver",348.1938186633951,5.852759274917455,0.0,0.1035772791245291,3.852818853914589,1.3488050502420552,0.0,0.15836591868679364,0.09357727912452911,1,1
4217,2008-02-19,39.476190476190474,1,1,0,1,"gold,oil,silver",367.66761963594683,5.907179322520239,0.0,0.25201020463240287,2.936198097896063,1.0771155805115775,0.0,0.3810153069486043,0.24201020463240286,1,1
4218,2009-07-17,40.93650793650794,1,1,0,1,"gold,oil,silver",412.24792034566434,6.021624916783356,0.0,0.0823725754805471,3.852559395062737,1.348737705371092,0.0,0.12655886322082066,0.07237257548054711,1,1
4219,2008-02-06,39.44047619047619,1,0,1,0,"gas,gold",419.2247578020341,6.038407190905137,0.0,0.2561589509975297,,,,,0.24615895099752974,1,1
4220,2009-08-06,40.992063492063494,1,1,0,1,"gold,oil,silver",390.0875179347411,5.96637111890954,0.0,0.07591897002368304,4.285936432374727,1.4553390654842648,0.0,0.11687845503552459,0.06591897002368305,1,1
4221,2008-07-29,39.932539682539684,1,1,1,1,"gas,gold,oil,silver",450.2612202849791,6.109827903867672,0.0,0.19899844552244794,4.2448168676090905,1.4456986781045933,0.0,0.3014976682836719,0.18899844552244793,1,1
4222,2008-06-16,39.80952380952381,1,1,1,1,"gas,gold,oil,silver",379.6999641011907,5.93938137269256,0.0,0.2132885718912184,3.3256666139353035,1.2016701394073828,0.0,0.32293285783682757,0.20328857189121838,1,1
4223,2008-01-24,39.404761904761905,1,1,1,1,"gas,gold,oil,silver",290.57601882338747,5.671865224755708,0.0,0.2603076973626567,4.097197581174,1.410303223219334,0.0,0.393461546043985,0.2503076973626567,1,1
4224,2009-04-22,40.69047619047619,1,1,1,1,"gas,gold,oil,silver",393.46148399362716,5.974983182491561,0.0,0.11095282821808805,3.6208429605025376,1.286706860746804,0.0,0.16942924232713208,0.10095282821808806,1,1
4225,2009-08-25,41.04365079365079,1,1,1,1,"gas,gold,oil,silver",387.3934766003708,5.959440911905902,0.0,0.0699263363851664,4.54469872564037,1.5139614384445454,0.0,0.10788950457774961,0.0599263363851664,1,1
4226,2008-11-24,40.26587301587302,0,1,1,1,"gas,oil,silver",,,,,3.96908348731298,1.3785352084280185,0.0,0.2434152191718952,0.15027681278126348,1,1
4227,2009-03-19,40.595238095238095,1,1,1,1,"gas,gold,oil,silver",449.4943725030274,6.108123334373968,0.0,0.12201615185842644,3.954546149373548,1.3748658409999082,0.0,0.18602422778763966,0.11201615185842645,1,1
4228,2009-03-09,40.56349206349206,1,1,1,1,"gas,gold,oil,silver",409.02979726238993,6.013788007331356,0.0,0.12570392640520592,5.0112373709454605,1.6116828648308126,0.0,0.19155588960780887,0.11570392640520592,1,1
4229,2008-03-07,39.52777777777778,1,1,1,1,"gas,gold,oil,silver",437.76721802984935,6.081687303413225,0.0,0.24601757099388621,3.25469470670072,1.1800984791575446,0.0,0.3720263564908293,0.2360175709938862,1,1
4230,2008-10-21,40.17063492063492,1,0,0,0,gold,366.3534827009609,5.903598667046281,0.0,0.17134013642160192,,,,,0.16134013642160192,1,1
4231,2009-07-21,40.94444444444444,1,1,0,0,"gold,silver",413.465991684081,6.0245752660610785,0.0,0.08145063184385226,4.548757471239635,1.514854112424804,0.0,0.1251759477657784,0.07145063184385227,1,1
4232,2009-04-02,40.63492063492063,1,1,1,1,"gas,gold,oil,silver",400.43310250979584,5.9925467176246805,0.0,0.11740643367495211,4.448511140380066,1.49256946499989,0.0,0.17910965051242816,0.10740643367495212,1,1
4233,2008-07-01,39.8531746031746,1,1,1,1,"gas,gold,oil,silver",314.4491228235507,5.750822291427824,0.0,0.2082178818893966,3.604089131622037,1.2820690707449496,0.0,0.3153268228340949,0.1982178818893966,1,1
4234,2008-06-02,39.76984126984127,1,1,1,1,"gas,gold,oil,silver",252.82811837643982,5.532709883842259,0.0,0.21789829007469272,5.35282869266271,1.6776251487812335,0.0,0.32984743511203907,0.2078982900746927,1,1
4235,2010-01-21,41.46825396825397,1,1,1,1,"gas,gold,oil,silver",475.2899331565032,6.163925003417763,0.0,0.02060235182199098,5.0073791744396665,1.6109126593480405,0.0,0.033903527732986466,0.01060235182199098,1,1
4236,2008-05-01,39.682539682539684,1,1,1,1,"gas,gold,oil,silver",319.06027226780594,5.765380026216078,0.0,0.22803967007833628,3.4901303985459733,1.24993909899656,0.0,0.34505950511750444,0.21803967007833627,1,1
4237,2007-07-06,38.833333333333336,1,0,1,1,"gas,gold,oil",522.9234883881811,6.259435159650107,0.0,0.3266876392046872,,,,,0.3166876392046872,1,1
4238,2008-06-27,39.845238095238095,1,1,1,0,"gas,gold,silver",309.83466637221176,5.736038820922687,0.0,0.20913982552609148,5.870328198651174,1.7699105434612195,0.0,0.3167097382891372,0.19913982552609147,1,1
4239,2008-12-30,40.36904761904762,1,1,1,1,"gas,gold,oil,silver",375.22573498291405,5.92752780481963,0.0,0.1482915455042302,4.412023405598759,1.484333406363304,0.0,0.2254373182563453,0.1382915455042302,1,1
4240,2007-10-17,39.12301587301587,1,1,1,1,"gas,gold,oil,silver",386.23461876663714,5.956445005455641,0.0,0.2930366964653245,2.862574039959395,1.0517212340338502,0.0,0.44255504469798673,0.2830366964653245,1,1
4241,2007-08-03,38.91269841269841,1,1,0,1,"gold,oil,silver",256.8840537412533,5.548624830337426,0.0,0.31746820283773847,4.9880815226809805,1.6070513714454553,0.0,0.4792023042566077,0.30746820283773846,1,1
4242,2009-01-19,40.42460317460318,1,1,1,1,"gas,gold,oil,silver",397.0512368708984,5.984065332487856,0.0,0.1418379400473661,3.4926169178538586,1.2506512884258252,0.0,0.21575691007104916,0.1318379400473661,1,1
4243,2009-06-02,40.80555555555556,1,1,1,1,"gas,gold,oil,silver",325.9502282406248,5.786744695602317,0.0,0.09758464548601245,3.21377558135581,1.1674464395369735,0.0,0.14937696822901866,0.08758464548601246,1,1
4244,2009-06-25,40.87301587301587,0,0,1,0,gas,,,,,,,,,0.07974812457410606,1,1
4245,2009-06-15,40.84126984126984,1,1,1,1,"gas,gold,oil,silver",438.7544506982224,6.083939918770158,0.0,0.09343589912088554,4.928833306427444,1.5951023082078584,0.0,0.1431538486813283,0.08343589912088555,1,1
4246,2008-02-26,39.49603174603175,1,1,1,1,"gas,gold,oil,silver",246.13887574736128,5.505895912200491,0.0,0.24970534554066567,4.3907472217179455,1.4794994225615383,0.0,0.3775580183109985,0.23970534554066567,1,1
4247,2009-07-29,40.96825396825397,1,1,1,1,"gas,gold,oil,silver",446.7605731331653,6.102022820537694,0.0,0.07868480093376767,4.243706553767853,1.445437074574167,0.0,0.12102720140065151,0.06868480093376768,1,1
4248,2008-02-12,39.45634920634921,1,1,0,1,"gold,oil,silver",277.9844186630212,5.627565064145147,0.0,0.25431506372414,3.7718392564216403,1.3275627489166255,0.0,0.38447259558621,0.24431506372414,1,1
4249,2008-10-09,40.138888888888886,1,1,1,0,"gas,gold,silver",424.9560121640931,6.051985662777471,0.0,0.17502791096838138,2.586400756571481,0.9502672399481746,0.0,0.26554186645257205,0.16502791096838137,1,1
4250,2007-08-31,38.992063492063494,1,1,1,1,"gas,gold,oil,silver",306.35846875108933,5.724755882827731,0.0,0.3082487664707898,2.0375856048944576,0.7117655799224155,0.0,0.4653731497061847,0.2982487664707898,1,1
4251,2007-07-16,38.857142857142854,1,1,1,1,"gas,gold,oil,silver",362.74100923137576,5.893689106429923,0.0,0.32392180829460254,8.99165585300911,2.196297019844312,0.0,0.4888827124419038,0.31392180829460253,1,1
4252,2009-05-29,40.79761904761905,1,1,1,1,"gas,gold,oil,silver",373.6017300873857,5.923190337198852,0.0,0.09850658912270731,3.1292581311915697,1.1407959576700337,0.0,0.15075988368406096,0.08850658912270731,1,1
4253,2009-01-21,40.432539682539684,1,1,0,1,"gold,oil,silver",339.4518030587206,5.827331972439899,0.0,0.14091599641067126,3.396104099541754,1.2226289215546,0.0,0.21437399461600687,0.13091599641067125,1,1
4254,2008-01-29,39.416666666666664,1,1,1,1,"gas,gold,oil,silver",277.16900416125344,5.6246274434635986,0.0,0.25892478190761437,7.475207042562786,2.011591816894878,0.0,0.39138717286142155,0.24892478190761436,1,1
4255,2009-07-14,40.92460317460318,1,1,1,1,"gas,gold,oil,silver",419.53614899273987,6.03914969381029,0.0,0.08375549093558944,5.057919731926469,1.6209552785936718,0.0,0.12863323640338417,0.07375549093558945,1,1
4256,2009-09-07,41.07936507936508,1,1,1,1,"gas,gold,oil,silver",406.84247015562164,6.008426059304251,0.0,0.06577759002003952,5.035523684784756,1.616517529656664,0.0,0.10166638503005929,0.05577759002003952,1,1
4257,2009-07-24,40.95634920634921,1,1,1,1,"gas,gold,oil,silver",425.9803157918411,6.0543931381403855,0.0,0.08006771638880997,3.6980436325445285,1.307803931852743,0.0,0.12310157458321495,0.07006771638880997,1,1
4258,2007-07-04,38.82539682539682,1,1,1,1,"gas,gold,oil,silver",329.59476040363546,5.79786390107533,0.0,0.32760958284138203,7.4600745554121115,2.009565408188801,0.0,0.494414374262073,0.317609582841382,1,1
4259,2009-04-24,40.698412698412696,1,1,1,1,"gas,gold,oil,silver",369.5053330144432,5.912165173340781,0.0,0.11003088458139317,3.861155019971861,1.3509663666889633,0.0,0.16804632687208976,0.10003088458139317,1,1
4260,2008-08-26,40.01190476190476,0,1,1,0,"gas,silver",,,,,2.3814181380942174,0.8676961665735883,0.0,0.2876685137332489,0.17977900915549927,1,1
4261,2008-05-22,39.742063492063494,1,1,0,1,"gold,oil,silver",329.09880769180296,5.796358033006855,0.0,0.22112509280312478,2.9245134144833074,1.0731281128226537,0.0,0.3346876392046872,0.21112509280312478,1,1
4262,2009-10-07,41.166666666666664,0,1,0,0,silver,,,,,4.19485080623319,1.4338577746224148,0.0,0.08645431502459393,0.04563621001639595,1,1
4263,2007-11-28,39.242063492063494,1,1,1,1,"gas,gold,oil,silver",363.0339047682545,5.8944962314686355,0.0,0.27920754191490144,3.7162077846811887,1.312703735610402,0.0,0.4218113128723522,0.2692075419149014,1,1
4264,2009-03-27,40.61904761904762,1,1,1,1,"gas,gold,oil,silver",377.2136889983893,5.932811841188785,0.0,0.11925032094834186,4.7756861761876035,1.5635376654279696,0.0,0.18187548142251278,0.10925032094834186,1,1
4265,2007-11-06,39.17857142857143,1,1,1,1,"gas,gold,oil,silver",274.8004473637188,5.616045188308,0.0,0.2865830910084604,3.6383147634223776,1.2915205973599049,0.0,0.4328746365126906,0.2765830910084604,1,1
4266,2008-11-21,40.26190476190476,1,1,1,1,"gas,gold,oil,silver",441.2978953217025,6.089720146995383,0.0,0.16073778459961094,3.7193092949015076,1.3135379776320397,0.0,0.24410667689941637,0.15073778459961093,1,1
4267,2007-09-24,39.05555555555556,1,1,0,0,"gold,silver",247.63260861894648,5.511946230923031,0.0,0.30087321737723083,2.3862918450796062,0.8697406318200894,0.0,0.45430982606584625,0.2908732173772308,1,1
4268,2007-11-23,39.23015873015873,1,1,1,0,"gas,gold,silver",399.7059098397355,5.990729051296576,0.0,0.28059045736994376,1.3506301851850744,0.3005712873721156,0.0,0.42388568605491567,0.27059045736994375,1,1
4269,2007-08-09,38.92857142857143,1,1,1,1,"gas,gold,oil,silver",433.8354953352029,6.0726654192390015,0.0,0.3156243155643487,2.667232556955825,0.9810414393570457,0.0,0.4764364733465231,0.3056243155643487,1,1
4270,2007-08-07,38.92063492063492,1,1,0,1,"gold,oil,silver",218.2242137573789,5.385523037715983,0.0,0.31654625920104357,3.398356435273946,1.223291913355981,0.0,0.4778193888015654,0.30654625920104356,1,1
4271,2009-09-15,41.1031746031746,1,1,1,1,"gas,gold,oil,silver",459.07547221234,6.129214624021694,0.0,0.06301175910995489,4.6275702957877956,1.532031956228103,0.0,0.09751763866493235,0.0530117591099549,1,1
4272,2009-01-15,40.416666666666664,1,1,1,1,"gas,gold,oil,silver",328.5275597451011,5.794620730128907,0.0,0.142759883684061,2.1974683716271253,0.7873059575849363,0.0,0.21713982552609148,0.132759883684061,1,1
4273,2008-09-08,40.04761904761905,0,0,1,1,"gas,oil",,,,,,,,,0.17563026279037233,1,1
4274,2009-08-17,41.01984126984127,1,1,0,1,"gold,oil,silver",430.6675536411147,6.065336455210509,0.0,0.07269216729525102,5.329259954938717,1.6732123833106047,0.0,0.11203825094287653,0.06269216729525103,1,1
4275,2008-12-29,40.36507936507937,1,1,0,1,"gold,oil,silver",389.5443743220343,5.964977785194047,0.0,0.14875251732257763,5.233450429819533,1.6550707985605848,0.0,0.2261287759838664,0.13875251732257762,1,1
4276,2007-09-20,39.04761904761905,1,1,1,0,"gas,gold,silver",406.03314930816344,6.006434804810946,0.0,0.30179516101392573,8.466024940745234,2.1360610880836712,0.0,0.45569274152088857,0.2917951610139257,1,1
4277,2007-09-11,39.01984126984127,1,1,1,1,"gas,gold,oil,silver",352.4908511992297,5.865024667870773,0.0,0.30502196374235774,2.490809904898255,0.9126079206014182,0.0,0.46053294561353664,0.29502196374235773,1,1
4278,2007-10-10,39.1031746031746,1,1,1,1,"gas,gold,oil,silver",396.24605004113323,5.982035356791354,0.0,0.29534155555706165,6.38164377721036,1.8534257095026174,0.0,0.4460123333355924,0.28534155555706164,1,1
4279,2008-08-29,40.023809523809526,1,1,1,0,"gas,gold,silver",280.32866203440585,5.635962707792896,0.0,0.18839609370045696,3.1018972681119457,1.1320139462536292,0.0,0.28559414055068544,0.17839609370045695,1,1
4280,2009-01-06,40.388888888888886,1,1,1,1,"gas,gold,oil,silver",388.8027096770035,5.963072041895855,0.0,0.14598668641249304,2.974399723943945,1.0900422451743688,0.0,0.22198002961873953,0.13598668641249304,1,1
4281,2008-07-28,39.92857142857143,1,1,1,0,"gas,gold,silver",283.78895340199966,5.648230840085371,0.0,0.19945941734079536,4.898351169536438,1.5888986524761222,0.0,0.3021891260111931,0.18945941734079536,1,1
4282,2009-06-09,40.82539682539682,1,1,1,1,"gas,gold,oil,silver",434.34123538551967,6.0738304818112345,0.0,0.09527978639427527,5.003188314185823,1.6100753720507042,0.0,0.14591967959141292,0.08527978639427528,1,1
4283,2008-10-22,40.17460317460318,1,1,0,0,"gold,silver",456.13371967201,6.122786011421264,0.0,0.17087916460325447,3.99452570658968,1.3849248504154792,0.0,0.2593187469048817,0.16087916460325447,1,1
4284,2008-05-28,39.757936507936506,1,1,1,1,"gas,gold,oil,silver",464.36151628104847,6.140663378778158,0.0,0.21928120552973504,4.459685388831822,1.4950782229231985,0.0,0.33192180829460255,0.20928120552973503,1,1
4285,2008-06-20,39.82539682539682,1,1,1,1,"gas,gold,oil,silver",301.56908481476046,5.708999126950075,0.0,0.21144468461782864,3.1745105839261156,1.1551534736678926,0.0,0.320167026926743,0.20144468461782863,1,1
4286,2007-12-18,39.29761904761905,1,0,1,1,"gas,gold,oil",361.66015888004506,5.890704983264499,0.0,0.27275393645803736,,,,,0.26275393645803735,1,1
4287,2010-02-18,41.54761904761905,1,1,1,0,"gas,gold,silver",485.3335107150765,6.184836305572816,0.0,0.011382915455042294,5.106896984572321,1.6305919760448535,0.0,0.02007437318256344,0.001382915455042294,1,1
4288,2007-10-12,39.111111111111114,1,0,1,1,"gas,gold,oil",291.0094129266316,5.673355613475258,0.0,0.29441961192036675,,,,,0.28441961192036674,1,1
4289,2009-09-16,41.107142857142854,1,1,1,1,"gas,gold,oil,silver",418.7420817730902,6.0372551737619045,0.0,0.06255078729160748,4.704562485968875,1.5485327795464994,0.0,0.09682618093741123,0.05255078729160749,1,1
4290,2008-07-21,39.90873015873016,0,1,0,1,"oil,silver",,,,,6.119813915304919,1.8115316900660348,0.0,0.30564641464879877,0.19176427643253252,1,1
4291,2007-12-31,39.333333333333336,1,1,1,1,"gas,gold,oil,silver",223.59120022604893,5.409819385524624,0.0,0.26860519009291045,2.7991632010815977,1.029320515758006,0.0,0.4059077851393657,0.25860519009291044,1,1
4292,2007-11-01,39.166666666666664,1,1,1,1,"gas,gold,oil,silver",390.7371287995569,5.968035029026641,0.0,0.28796600646350273,2.749670839310375,1.0114812097182588,0.0,0.4349490096952541,0.2779660064635027,1,1
4293,2008-09-15,40.067460317460316,1,1,0,1,"gold,oil,silver",381.1195859389945,5.943113199734236,0.0,0.18332540369863518,4.686612546574893,1.5447100499752364,0.0,0.2779881055479528,0.17332540369863517,1,1
4294,2008-05-08,39.70238095238095,1,0,0,0,gold,287.8010715570328,5.662269517716082,0.0,0.22573481098659914,,,,,0.21573481098659913,1,1
4295,2009-08-03,40.98015873015873,1,0,0,0,gold,417.9173798033151,6.03528375701531,0.0,0.07730188547872534,,,,,0.06730188547872534,1,1
4296,2008-09-19,40.083333333333336,1,1,1,1,"gas,gold,oil,silver",383.25392263746966,5.948697752891898,0.0,0.18148151642524546,5.402948299281421,1.686944785925053,0.0,0.2752222746378682,0.17148151642524545,1,1
4297,2009-02-06,40.48015873015873,1,1,1,1,"gas,gold,oil,silver",402.2261910724227,5.997014594742044,0.0,0.13538433459050206,3.3193559368349717,1.1997707691797215,0.0,0.20607650188575305,0.12538433459050205,1,1
4298,2008-05-05,39.69047619047619,1,1,1,1,"gas,gold,oil,silver",306.2094978090477,5.724269501060774,0.0,0.22711772644164144,4.23253436489081,1.44280095428122,0.0,0.3436765896624622,0.21711772644164143,1,1
4299,2007-08-17,38.95238095238095,1,1,1,0,"gas,gold,silver",461.63193304859163,6.134767891849205,0.0,0.31285848465426414,2.270710329380219,0.8200927029757388,0.0,0.4722877269813962,0.3028584846542641,1,1
4300,2009-07-23,40.95238095238095,1,0,0,0,gold,383.7505122059422,5.949992633639128,0.0,0.0805286882071574,,,,,0.07052868820715741,1,1
4301,2008-03-17,39.551587301587304,1,1,1,1,"gas,gold,oil,silver",418.28855861030024,6.036171525959088,0.0,0.24325174008380163,2.1315838936626803,0.7568653154270873,0.0,0.3678776101257024,0.23325174008380162,1,1
4302,2009-05-13,40.75,1,0,0,1,"gold,oil",468.21603610081996,6.148929805005985,0.0,0.10403825094287651,,,,,0.09403825094287652,1,1
4303,2009-02-27,40.53968253968254,1,1,1,1,"gas,gold,oil,silver",418.9435754526386,6.037736246063182,0.0,0.12846975731529053,3.693659928429295,1.3066178170165585,0.0,0.1957046359729358,0.11846975731529054,1,1
4304,2008-05-30,39.76587301587302,1,1,1,1,"gas,gold,oil,silver",379.43630048912723,5.938686731598559,0.0,0.2183592618930402,2.0610539730529727,0.7232174893640557,0.0,0.3305388928395603,0.2083592618930402,1,1
4305,2007-09-13,39.02777777777778,1,1,1,1,"gas,gold,oil,silver",283.4508811229808,5.647038849331298,0.0,0.3041000201056629,11.782374379346091,2.4666047181290462,0.0,0.4591500301584943,0.2941000201056629,1,1
4306,2008-11-17,40.24603174603175,1,0,0,0,gold,388.56052753042064,5.962448955691552,0.0,0.16258167187300065,,,,,0.15258167187300065,1,1
4307,2009-09-10,41.09126984126984,1,1,1,1,"gas,gold,oil,silver",419.0179780429397,6.03791382602538,0.0,0.06439467456499723,5.045450251638413,1.6184868969270354,0.0,0.09959201184749585,0.05439467456499723,1,1
4308,2008-10-15,40.154761904761905,1,1,1,1,"gas,gold,oil,silver",312.8806518153472,5.745821813720936,0.0,0.1731840236949916,5.511891131762877,1.7069077823847478,0.0,0.2627760355424874,0.1631840236949916,1,1
4309,2009-01-01,40.37698412698413,1,0,0,0,gold,358.64245206176497,5.8823259369355805,0.0,0.14736960186753534,,,,,0.13736960186753533,1,1
4310,2009-10-23,41.214285714285715,1,1,1,1,"gas,gold,oil,silver",386.2477698488813,5.956479054341258,0.0,0.05010454819622678,4.488851285171818,1.501596830530113,0.0,0.07815682229434015,0.040104548196226775,1,1
4311,2009-06-18,40.8531746031746,1,1,1,1,"gas,gold,oil,silver",420.30747177472267,6.040986519094844,0.0,0.09205298366584325,3.452434198558385,1.239079547048977,0.0,0.14107947549876487,0.08205298366584325,1,1
4312,2008-11-07,40.22222222222222,1,0,0,0,gold,298.61085989489413,5.69914125381713,0.0,0.16534750278308524,,,,,0.15534750278308523,1,1
4313,2008-04-28,39.67063492063492,1,1,0,0,"gold,silver",256.03224037632793,5.545303375519947,0.0,0.22942258553337858,5.50304475484265,1.7053015308525916,0.0,0.34713387830006787,0.21942258553337857,1,1
4314,2008-08-07,39.96031746031746,1,1,1,1,"gas,gold,oil,silver",462.35857083680213,6.13634071740304,0.0,0.1957716427940159,4.702120733587345,1.5480136268591218,0.0,0.29665746419102385,0.1857716427940159,1,1
4315,2009-05-07,40.73412698412698,1,1,1,1,"gas,gold,oil,silver",395.4176960613665,5.979942664569056,0.0,0.10588213821626626,3.317653261022099,1.1992576839030653,0.0,0.16182320732439937,0.09588213821626626,1,1
4316,2010-01-04,41.416666666666664,1,1,1,1,"gas,gold,oil,silver",463.7434811747055,6.139331557056714,0.0,0.026594985460507634,5.24073854538066,1.6564624321762453,0.0,0.042892478190761446,0.01659498546050763,1,1
4317,2007-10-26,39.15079365079365,1,1,0,1,"gold,oil,silver",409.8768765319946,6.01585681345746,0.0,0.2898098937368924,5.8322842555748595,1.7634087341864122,0.0,0.4377148406053386,0.2798098937368924,1,1
4318,2008-09-24,40.095238095238095,1,1,0,1,"gold,oil,silver",381.60398226968056,5.944383375236872,0.0,0.18009860097020317,3.5377501860952187,1.263490984453047,0.0,0.2731479014553047,0.17009860097020316,1,1
4319,2007-11-15,39.20634920634921,1,0,0,0,gold,376.0402931651816,5.929696300321741,0.0,0.28335628828002835,,,,,0.27335628828002834,1,1
4320,2007-12-11,39.27777777777778,1,1,0,1,"gold,oil,silver",134.48972890441726,4.901487831103017,0.0,0.2750587955497746,6.785222435461852,1.914747076163153,0.0,0.41558819332466185,0.2650587955497746,1,1
4321,2007-10-25,39.1468253968254,1,1,1,1,"gas,gold,oil,silver",320.47486852757083,5.769803859955727,0.0,0.29027086555523984,5.2024190460219675,1.6491237185729404,0.0,0.43840629833285977,0.28027086555523983,1,1
4322,2009-02-03,40.46825396825397,1,1,1,0,"gas,gold,silver",470.4181334476327,6.153621944837242,0.0,0.13676725004554435,3.2172221903374503,1.168518313430881,0.0,0.2081508750683165,0.12676725004554434,1,1
4323,2007-10-05,39.09126984126984,1,1,0,1,"gold,oil,silver",347.4076452926477,5.850498860740002,0.0,0.296724471012104,2.698158390897821,0.9925694628443829,0.0,0.44808670651815596,0.28672447101210397,1,1
4324,2009-01-05,40.38492063492063,1,1,1,1,"gas,gold,oil,silver",351.6057622054988,5.862510554202041,0.0,0.14644765823084047,5.134123172517803,1.6359090736916986,0.0,0.2226714873462607,0.13644765823084046,1,1
4325,2009-05-15,40.757936507936506,1,1,1,1,"gas,gold,oil,silver",436.68051326645366,6.079201836794848,0.0,0.10311630730618167,3.458372166842402,1.2407980063520856,0.0,0.15767446095927248,0.09311630730618167,1,1
4326,2007-09-10,39.01587301587302,1,0,1,1,"gas,gold,oil",188.73817149105457,5.240360718568376,0.0,0.3054829355607052,,,,,0.2954829355607052,1,1
4327,2009-09-23,41.12698412698413,1,1,1,1,"gas,gold,oil,silver",388.8365140470711,5.963158982906693,0.0,0.06024592819987031,4.790646766129664,1.5666654265520599,0.0,0.09336889229980547,0.05024592819987031,1,1
4328,2007-10-22,39.13492063492063,1,1,1,0,"gas,gold,silver",338.45910889919645,5.824403284166678,0.0,0.29165378101028216,5.036859171921328,1.6167827076514636,0.0,0.44048067151542325,0.28165378101028216,1,1
4329,2008-08-15,39.98412698412698,1,1,0,0,"gold,silver",456.2568370500984,6.123055890099707,0.0,0.1930058118839313,4.983017428115333,1.6060356168077674,0.0,0.29250871782589694,0.18300581188393128,1,1
4330,2007-08-14,38.94047619047619,1,1,1,1,"gas,gold,oil,silver",378.8690666254578,5.937190674748465,0.0,0.31424140010930646,3.8852013595137778,1.3571748124671597,0.0,0.4743621001639597,0.30424140010930645,1,1
4331,2007-08-13,38.93650793650794,0,1,1,0,"gas,silver",,,,,5.265876003518545,1.661247514180588,0.0,0.4750535578914808,0.3047023719276538,1,1
4332,2007-07-30,38.8968253968254,1,1,1,0,"gas,gold,silver",245.21026278637802,5.502116057943014,0.0,0.3193120901111282,3.0020426515994285,1.0992929408383323,0.0,0.4819681351666923,0.3093120901111282,1,1
4333,2008-11-03,40.20634920634921,1,1,1,1,"gas,gold,oil,silver",455.3225176671423,6.121005997887266,0.0,0.167191390056475,3.8225471690642157,1.3409169985916987,0.0,0.2537870850847125,0.15719139005647498,1,1
4334,2008-02-18,39.47222222222222,1,1,1,0,"gas,gold,silver",413.8967993454182,6.0256166658072186,0.0,0.25247117645075023,10.053024086643678,2.307873493386162,0.0,0.3817067646761254,0.24247117645075025,1,1
4335,2009-09-22,41.12301587301587,1,1,1,1,"gas,gold,oil,silver",399.3571768357055,5.9898561964945305,0.0,0.060706900018217755,4.473563878490088,1.4981853792128506,0.0,0.09406035002732663,0.05070690001821775,1,1
4336,2008-11-04,40.21031746031746,1,1,1,1,"gas,gold,oil,silver",602.8272706385834,6.401630705673609,0.0,0.16673041823812754,4.291205507994403,1.4565676976601412,0.0,0.2530956273571913,0.15673041823812753,1,1
4337,2009-08-26,41.04761904761905,1,1,0,1,"gold,oil,silver",399.9986136938885,5.9914610813366975,0.0,0.069465364566819,5.31673413105739,1.6708592297093317,0.0,0.10719804685022849,0.059465364566818994,1,1
4338,2009-11-24,41.301587301587304,1,1,1,1,"gas,gold,oil,silver",451.9502805763738,6.113572175057091,0.0,0.0399631681925832,4.649004100132071,1.5366530246465555,0.0,0.0629447522888748,0.0299631681925832,1,1
4339,2007-12-24,39.31349206349206,1,1,1,1,"gas,gold,oil,silver",326.9537793972211,5.789818813497657,0.0,0.2709100491846476,3.6274368511322135,1.2885262972531315,0.0,0.40936507377697146,0.2609100491846476,1,1
4340,2009-04-15,40.67063492063492,1,1,1,1,"gas,gold,oil,silver",342.9450847613426,5.837570331611518,0.0,0.1132576873098252,3.8646836362292323,1.3518798251909467,0.0,0.1728865309647378,0.10325768730982521,1,1
4341,2008-03-12,39.53968253968254,1,1,1,1,"gas,gold,oil,silver",433.7715262024492,6.072517958162082,0.0,0.24463465553884392,6.094320102771012,1.8073572067145187,0.0,0.3699519833082659,0.2346346555388439,1,1
4342,2009-12-07,41.33730158730159,1,1,1,1,"gas,gold,oil,silver",453.54906055721284,6.117103445748507,0.0,0.03581442182745632,4.929203288406221,1.5951773702093819,0.0,0.05672163274118448,0.02581442182745632,1,1
4343,2008-10-14,40.15079365079365,1,1,1,1,"gas,gold,oil,silver",361.6300657589726,5.890621771518882,0.0,0.1736449955133391,4.290312018192825,1.4563594618085964,0.0,0.2634674932700086,0.16364499551333908,1,1
4344,2007-07-31,38.90079365079365,1,1,1,1,"gas,gold,oil,silver",394.9298059733646,5.978708042712924,0.0,0.3188511182927808,5.285090183321634,1.6648896831920585,0.0,0.48127667743917113,0.3088511182927808,1,1
4345,2009-01-27,40.448412698412696,1,0,1,0,"gas,gold",349.92901193105786,5.857730310857962,0.0,0.13907210913728152,,,,,0.1290721091372815,1,1
4346,2007-11-14,39.20238095238095,1,1,1,1,"gas,gold,oil,silver",541.581238033257,6.2944930792573635,0.0,0.2838172600983758,3.1996489155108665,1.1630410898838162,0.0,0.4287258901475637,0.2738172600983758,1,1
4347,2008-10-07,40.13095238095238,1,1,1,1,"gas,gold,oil,silver",483.5484324132154,6.181151480327949,0.0,0.17594985460507623,3.68665780176341,1.304720302838218,0.0,0.2669247819076143,0.16594985460507622,1,1
4348,2008-10-06,40.12698412698413,1,1,1,1,"gas,gold,oil,silver",385.9887933376378,5.955808336239324,0.0,0.17641082642342368,4.900543890513299,1.5893461970206904,0.0,0.26761623963513553,0.16641082642342367,1,1
4349,2008-10-28,40.19047619047619,1,1,1,1,"gas,gold,oil,silver",383.182975022037,5.948512616670373,0.0,0.16903527732986473,2.6508013724332047,0.9748619989748235,0.0,0.25655291599479707,0.15903527732986472,1,1
4350,2008-10-23,40.17857142857143,1,1,1,1,"gas,gold,oil,silver",381.53750683948937,5.9442091600190965,0.0,0.17041819278490702,5.161749208438165,1.6412755159313923,0.0,0.2586272891773605,0.16041819278490702,1,1
4351,2008-12-02,40.28968253968254,1,1,1,1,"gas,gold,oil,silver",404.476392697857,6.002593373109051,0.0,0.15751098187117887,4.901595285232989,1.5895607205455802,0.0,0.23926647280676827,0.14751098187117886,1,1
4352,2007-10-29,39.154761904761905,1,1,1,0,"gas,gold,silver",469.4009072082222,6.151457216112589,0.0,0.289348921918545,5.476063598730251,1.700386521443904,0.0,0.4370233828778175,0.279348921918545,1,1
4353,2009-11-17,41.28174603174603,1,1,1,1,"gas,gold,oil,silver",421.32482934289163,6.043404102313385,0.0,0.04226802728432038,4.6596109213736865,1.5389319513843485,0.0,0.06640204092648057,0.03226802728432038,1,1
4354,2007-10-11,39.107142857142854,1,1,1,1,"gas,gold,oil,silver",472.01570302955355,6.15701225416256,0.0,0.29488058373871423,3.913200869528284,1.3643556758050075,0.0,0.4453208756080713,0.2848805837387142,1,1
4355,2009-08-04,40.98412698412698,1,1,1,1,"gas,gold,oil,silver",416.85465408253697,6.032737609679835,0.0,0.07684091366037793,3.9012714282299332,1.361302507245232,0.0,0.11826137049056691,0.06684091366037793,1,1
4356,2009-12-30,41.404761904761905,1,1,1,0,"gas,gold,silver",448.5615855309392,6.106045986522339,0.0,0.027977900915549928,5.167758657511887,1.6424390659919952,0.0,0.04496685137332489,0.017977900915549926,1,1
4357,2008-09-02,40.03174603174603,1,1,1,0,"gas,gold,silver",355.4983139235517,5.87352050640097,0.0,0.1874741500637621,4.13232668945083,1.4188406114067003,0.0,0.28421122509564317,0.1774741500637621,1,1
4358,2008-10-31,40.20238095238095,1,1,1,1,"gas,gold,oil,silver",351.3930686543986,5.861905450613661,0.0,0.16765236187482244,4.070123656455437,1.4036733814144506,0.0,0.25447854281223364,0.15765236187482243,1,1
4359,2008-11-28,40.28174603174603,1,1,0,1,"gold,oil,silver",350.68585180931007,5.859890813615805,0.0,0.15843292550787375,3.153186903152644,1.1484136566851095,0.0,0.2406493882618106,0.14843292550787374,1,1
4360,2008-04-16,39.638888888888886,1,1,1,1,"gas,gold,oil,silver",218.59269680501563,5.387210166241143,0.0,0.23311036008015804,3.293232217268687,1.1918695193618163,0.0,0.3526655401202371,0.22311036008015803,1,1
4361,2010-02-01,41.49603174603175,1,1,0,1,"gold,oil,silver",478.6076968388242,6.170881257331637,0.0,0.01737554909355895,5.293998971067083,1.6665739094465761,0.0,0.029063323640338423,0.007375549093558948,1,1
4362,2008-12-17,40.333333333333336,1,1,1,1,"gas,gold,oil,silver",329.05157569868504,5.796214503520613,0.0,0.1524402918693571,3.657691235447708,1.2968321383819794,0.0,0.2316604378040356,0.14244029186935708,1,1
4363,2008-07-22,39.91269841269841,1,1,1,0,"gas,gold,silver",453.440416178865,6.116863874327549,0.0,0.2013033046141851,3.52189104987043,1.2589980754304184,0.0,0.30495495692127766,0.1913033046141851,1,1
4364,2008-10-30,40.198412698412696,1,1,1,1,"gas,gold,oil,silver",351.64155590212783,5.862612349674952,0.0,0.1681133336931699,3.8031726507386816,1.3358356264795836,0.0,0.2551700005397548,0.15811333369316988,1,1
4365,2008-06-06,39.785714285714285,1,1,1,0,"gas,gold,silver",341.2308188515765,5.832559136425864,0.0,0.216054402801303,4.678183233322627,1.542909836553217,0.0,0.32708160420195453,0.206054402801303,1,1
4366,2008-07-14,39.888888888888886,1,1,1,1,"gas,gold,oil,silver",367.98535594848596,5.908043143758899,0.0,0.2040691355242697,3.012946303555323,1.1029184384013468,0.0,0.3091037032864046,0.1940691355242697,1,1
4367,2008-10-16,40.15873015873016,1,1,1,1,"gas,gold,oil,silver",583.3139560916594,6.368725559569132,0.0,0.17272305187664422,4.944024045662352,1.598179583748407,0.0,0.2620845778149663,0.1627230518766442,1,1
4368,2008-04-01,39.595238095238095,1,1,0,1,"gold,oil,silver",473.5383085265346,6.160232814372579,0.0,0.23818105008197984,4.562105814855645,1.517784318432228,0.0,0.36027157512296976,0.22818105008197984,1,1
4369,2007-12-04,39.257936507936506,1,1,1,1,"gas,gold,oil,silver",507.37942814202484,6.229259102673625,0.0,0.2773636546415117,5.74417994607561,1.748187158914625,0.0,0.41904548196226754,0.2673636546415117,1,1
4370,2007-12-10,39.273809523809526,1,1,1,0,"gas,gold,silver",303.0523974899267,5.7139057195685306,0.0,0.275519767368122,3.52263634915519,1.2592096721054895,0.0,0.416279651052183,0.265519767368122,1,1
4371,2009-05-01,40.71825396825397,1,1,1,1,"gas,gold,oil,silver",440.8736005679326,6.088758214336112,0.0,0.10772602548965599,2.921803611819967,1.0722011008781407,0.0,0.16458903823448398,0.09772602548965599,1,1
4372,2007-12-20,39.30555555555556,1,1,1,1,"gas,gold,oil,silver",502.4262558966045,6.219448874729127,0.0,0.2718319928213425,4.856249050203412,1.5802663395514924,0.0,0.4107479892320138,0.2618319928213425,1,1
4373,2008-04-09,39.61904761904762,1,1,1,0,"gas,gold,silver",342.41795385520675,5.8360320782176895,0.0,0.23541521917189523,4.079776540258745,1.4060422173717388,0.0,0.35612282875784285,0.22541521917189522,1,1
4374,2009-07-30,40.97222222222222,1,1,1,1,"gas,gold,oil,silver",417.6967393672715,6.034755665313388,0.0,0.07822382911542022,4.617230197221991,1.5297950008962022,0.0,0.12033574367313035,0.06822382911542023,1,1
4375,2007-08-22,38.964285714285715,1,1,1,1,"gas,gold,oil,silver",250.44476004605485,5.5232383774288545,0.0,0.3114755691992218,2.0708659131709983,0.7279668353492691,0.0,0.4702133537988327,0.3014755691992218,1,1
4376,2008-01-02,39.34126984126984,1,1,1,0,"gas,gold,silver",375.4501942166736,5.92812582383614,0.0,0.2676832464562156,3.6503177757581957,1.2948142256562976,0.0,0.40452486968432344,0.2576832464562156,1,1
4377,2010-04-22,41.726190476190474,1,1,1,1,"gas,gold,oil,silver",535.9130337514537,6.283971897443066,0.0,0.18695679202997886,4.676434107380483,1.542535876636136,0.0,0.2834351880449683,0.17695679202997885,1,1
4378,2010-04-16,41.71031746031746,1,1,0,0,"gold,silver",531.4168901830755,6.275546817131998,0.0,0.20422086930119632,4.850877494982893,1.5791596153847085,0.0,0.3093313039517945,0.1942208693011963,1,1
4379,2010-04-07,41.682539682539684,1,1,1,1,"gas,gold,oil,silver",487.1894953038478,6.188653154800035,0.0,0.23443300452582683,5.651879460816466,1.7319881377754107,0.0,0.35464950678874024,0.22443300452582682,1,1
4380,2010-06-14,41.87301587301587,1,1,1,1,"gas,gold,oil,silver",527.2525514071963,6.267679658431474,0.0,0.02726407727121745,6.272477734531686,1.8361714495561157,0.0,0.04389611590682617,0.017264077271217447,1,1
4381,2010-04-08,41.68650793650794,1,1,1,1,"gas,gold,oil,silver",424.17637978380117,6.050149358788217,0.0,0.23011698520802248,6.45662259965655,1.8651063636872176,0.0,0.34817547781203373,0.22011698520802248,1,1
4382,2010-03-29,41.654761904761905,1,0,0,0,gold,570.0587364169055,6.345739401865134,0.0,0.2646451397504574,,,,,0.2546451397504574,1,1
4383,2010-05-11,41.77777777777778,1,1,1,0,"gas,gold,silver",540.1044562982804,6.29176255844109,0.0,0.13084854089852213,7.764493259188873,2.0495611948689443,0.0,0.19927281134778319,0.12084854089852214,1,1
4384,2010-03-26,41.65079365079365,1,1,0,1,"gold,oil,silver",459.3499072656833,6.129812244835847,0.0,0.26896115906826173,3.887337741817399,1.3577245381950254,0.0,0.4064417386023926,0.2589611590682617,1,1
4385,2010-04-09,41.69047619047619,1,1,1,0,"gas,gold,silver",530.1231419409332,6.2731093228434265,0.0,0.22580096589021814,6.061424607593893,1.801944856214734,0.0,0.3417014488353272,0.21580096589021813,1,1
4386,2010-04-29,41.74603174603175,1,1,1,1,"gas,gold,oil,silver",590.4219833240874,6.3808375072205905,0.0,0.16537669544095704,8.62147005041632,2.154255609626848,0.0,0.2510650431614355,0.15537669544095703,1,1
4387,2010-03-31,41.66269841269841,1,1,1,1,"gas,gold,oil,silver",544.8016986898971,6.300421872836861,0.0,0.25601310111484865,8.56952389920566,2.1482121767147566,0.0,0.387019651672273,0.24601310111484864,1,1
4388,2010-06-02,41.84126984126984,0,1,1,1,"gas,oil,silver",,,,,6.569460346704097,1.882431690112895,0.0,0.09568834772047852,0.05179223181365234,1,1
4389,2010-04-21,41.72222222222222,1,0,0,0,gold,472.68677336869666,6.158432956381052,0.0,0.19127281134778323,,,,,0.18127281134778322,1,1
4390,2010-05-28,41.82936507936508,1,1,0,1,"gold,oil,silver",493.0967110086765,6.200705323178788,0.0,0.07474028976706544,6.179280161209239,1.8212017859166894,0.0,0.11511043465059817,0.06474028976706545,1,1
4391,2010-05-20,41.80555555555556,1,1,1,1,"gas,gold,oil,silver",595.6418320097403,6.389639533416926,0.0,0.10063640567389161,5.5993840255072245,1.7226565962460225,0.0,0.15395460851083742,0.09063640567389161,1,1
4392,2010-03-25,41.6468253968254,1,1,1,1,"gas,gold,oil,silver",422.2108709635935,6.045504883456951,0.0,0.2732771783860661,2.363041204169932,0.8599494352808152,0.0,0.41291576757909915,0.26327717838606607,1,1
4393,2010-04-15,41.70634920634921,1,1,1,1,"gas,gold,oil,silver",428.87625630933,6.06116843048783,0.0,0.2085368886190007,5.581989005438478,1.7195451654666296,0.0,0.31580533292850105,0.19853688861900068,1,1
4394,2010-04-12,41.69444444444444,1,1,1,1,"gas,gold,oil,silver",526.6285848185316,6.266495527432018,0.0,0.22148494657241374,3.3134017979413133,1.197975395149458,0.0,0.33522741985862065,0.21148494657241373,1,1
4395,2010-06-01,41.83730158730159,1,1,1,1,"gas,gold,oil,silver",526.3833372806243,6.2660297254079484,0.0,0.06610825113145671,6.080730585561738,1.805124850858159,0.0,0.10216237669718509,0.05610825113145672,1,1
4396,2010-05-21,41.80952380952381,1,1,1,0,"gas,gold,silver",457.90169883215145,6.126654529706728,0.0,0.09632038635608724,5.6491733504404,1.7315092247974813,0.0,0.14748057953413085,0.08632038635608724,1,1
4397,2010-03-23,41.638888888888886,1,1,0,1,"gold,oil,silver",746.9055248754869,6.6159387044108895,0.0,0.2819092170216748,8.845927306144345,2.1799571617031615,0.0,0.42586382553251223,0.2719092170216748,1,1
4398,2013-07-22,45.08730158730159,1,1,1,1,"gas,gold,oil,silver",742.6235744523381,6.610189287067718,0.0,0.17531998458220124,4.506154744099736,1.5054441832090546,0.0,0.2659799768733018,0.16531998458220123,1,1
4399,2013-02-21,44.66269841269841,1,0,0,0,gold,620.9632738140232,6.431271939788519,0.0,0.24468954674022292,,,,,0.2346895467402229,1,1
4400,2013-01-15,44.55555555555556,1,1,1,1,"gas,gold,oil,silver",645.9476924975406,6.470718529138208,0.0,0.2621940156959854,6.1690825058344485,1.8195501244020398,0.0,0.3962910235439781,0.2521940156959854,1,1
4401,2013-12-04,45.47222222222222,1,1,1,1,"gas,gold,oil,silver",486.07842904604587,6.186369987518639,0.0,0.11243355907446194,4.604738409072008,1.5270858622462016,0.0,0.1716503386116929,0.10243355907446194,1,1
4402,2013-08-28,45.19444444444444,1,1,0,1,"gold,oil,silver",567.877592726798,6.341905889733768,0.0,0.15781551562643872,5.808577649299901,1.7593357301010109,0.0,0.23972327343965807,0.14781551562643871,1,1
4403,2014-05-13,45.92460317460318,1,1,1,1,"gas,gold,oil,silver",551.3673900981423,6.312401356648866,0.0,0.03852580126124256,3.826315309058374,1.3419022798174423,0.0,0.06078870189186383,0.02852580126124256,1,1
4404,2014-05-26,45.96031746031746,1,1,1,0,"gas,gold,silver",567.0045872904722,6.340367394154411,0.0,0.032690978275988415,4.294707195179217,1.4573833796965239,0.0,0.05203646741398263,0.022690978275988417,1,1
4405,2014-02-10,45.66269841269841,1,1,1,1,"gas,gold,oil,silver",462.4913306005991,6.1366278121294435,0.0,0.0813145031531064,3.4048467960631155,1.2251999447751607,0.0,0.12497175472965961,0.0713145031531064,1,1
4406,2013-04-04,44.78174603174603,1,1,1,1,"gas,gold,oil,silver",507.2415256838624,6.228987272176745,0.0,0.2252401367893757,7.4634216837932685,2.010013979808163,0.0,0.34086020518406357,0.2152401367893757,1,1
4407,2014-01-14,45.58730158730159,0,1,0,0,silver,,,,,3.3032872382671985,1.1949181054696258,0.0,0.14344869418296446,0.08363246278864298,1,1
4408,2013-06-25,45.01190476190476,1,1,1,1,"gas,gold,oil,silver",603.436441625344,6.402640718711974,0.0,0.18763794421773777,5.967126150933506,1.7862654297499363,0.0,0.2844569163266067,0.17763794421773776,1,1
4409,2014-01-02,45.55555555555556,1,1,1,1,"gas,gold,oil,silver",546.9890672075222,6.304428815398699,0.0,0.09881897210886888,3.2825729602576836,1.1886275539874571,0.0,0.15122845816330333,0.08881897210886888,1,1
4410,2013-08-20,45.17063492063492,1,1,1,1,"gas,gold,oil,silver",763.278696671324,6.637623228905349,0.0,0.16170539761660818,7.145549523034395,1.9664897185761665,0.0,0.24555809642491225,0.15170539761660817,1,1
4411,2014-07-11,46.095238095238095,0,1,1,1,"gas,oil,silver",,,,,3.904922649510788,1.3622379750316482,0.0,0.018972470497542346,0.0006483136650282313,1,1
4412,2013-11-07,45.3968253968254,1,1,0,1,"gold,oil,silver",519.3603007631463,6.252597863429467,0.0,0.12475151870999848,5.2662850848465155,1.6613251964956883,0.0,0.1901272780649977,0.11475151870999849,1,1
4413,2013-08-15,45.15873015873016,1,1,1,1,"gas,gold,oil,silver",615.4625940323648,6.422374170475323,0.0,0.16365033861169292,5.7686864482813345,1.7524444026590615,0.0,0.24847550791753936,0.15365033861169292,1,1
4414,2013-02-27,44.67857142857143,1,1,1,1,"gas,gold,oil,silver",762.2261783027699,6.636243333563381,0.0,0.24209629208010996,5.598492316137233,1.7224973322311914,0.0,0.36614443812016495,0.23209629208010996,1,1
4415,2013-10-29,45.36904761904762,1,1,1,0,"gas,gold,silver",550.5373199665255,6.310894746719627,0.0,0.12928971436519618,5.342757739367051,1.6757419502607984,0.0,0.19693457154779423,0.11928971436519617,1,1
4416,2014-03-12,45.75,1,1,0,1,"gold,oil,silver",467.9192039895202,6.148295639965432,0.0,0.06705160252248514,3.614822396319463,1.2850427247549927,0.0,0.10357740378372772,0.057051602522485145,1,1
4417,2013-02-07,44.62301587301587,1,1,1,0,"gas,gold,silver",621.0920141492298,6.4314792418899875,0.0,0.2511726833905053,8.575720373885437,2.148934998139855,0.0,0.379759025085758,0.24117268339050532,1,1
4418,2013-02-26,44.67460317460318,1,0,1,1,"gas,gold,oil",472.23571713188164,6.157478261629665,0.0,0.2427446057451382,,,,,0.2327446057451382,1,1
4419,2013-08-21,45.17460317460318,1,1,1,0,"gas,gold,silver",696.590700740943,6.54619800834659,0.0,0.16105708395157994,7.159741823206415,1.9684739221110468,0.0,0.2445856259273699,0.15105708395157993,1,1
4420,2014-07-01,46.06349206349206,1,1,1,1,"gas,gold,oil,silver",604.5777353476843,6.404530256241689,0.0,0.01583482298525417,4.120698158902308,1.416022605049631,0.0,0.026752234477881255,0.005834822985254169,1,1
4421,2013-01-14,44.551587301587304,1,1,1,1,"gas,gold,oil,silver",658.0824919751478,6.489330291210824,0.0,0.26284232936101365,3.806141807362082,1.3366160270768885,0.0,0.3972634940415205,0.25284232936101364,1,1
4422,2014-07-10,46.09126984126984,1,1,0,1,"gold,oil,silver",593.0270296101985,6.38523997908912,0.0,0.011296627330056493,3.9136108924120707,1.3644604497274253,0.0,0.019944940995084738,0.0012966273300564918,1,1
4423,2014-05-22,45.95238095238095,1,1,1,1,"gas,gold,oil,silver",559.5911039938427,6.327206345584628,0.0,0.03398760560604488,3.9984925338372332,1.3859174235471572,0.0,0.053981408409067316,0.02398760560604488,1,1
4424,2014-04-17,45.8531746031746,1,1,0,1,"gold,oil,silver",520.7512228875912,6.25527242845823,0.0,0.0501954472317509,3.3474465287121062,1.2081978249566154,0.0,0.07829317084762634,0.0401954472317509,1,1
4425,2014-02-12,45.67063492063492,1,1,1,1,"gas,gold,oil,silver",554.892147056213,6.318773765233541,0.0,0.08001787582304994,3.611878327130607,1.2842279492538644,0.0,0.12302681373457491,0.07001787582304994,1,1
4426,2013-09-10,45.23015873015873,1,1,0,1,"gold,oil,silver",528.7910986183144,6.270593455223169,0.0,0.1519806926411846,4.7700696799108515,1.5623609127413225,0.0,0.23097103896177687,0.1419806926411846,1,1
4427,2014-05-16,45.93650793650794,1,1,1,0,"gas,gold,silver",565.0399147746375,6.336896374269984,0.0,0.03658086026615783,3.5960528353339383,1.2798368093084262,0.0,0.05787129039923675,0.026580860266157833,1,1
4428,2013-06-17,44.98809523809524,1,1,1,1,"gas,gold,oil,silver",607.5580540120467,6.409447732808679,0.0,0.19152782620790723,5.588431499043024,1.720698657283038,0.0,0.29029173931186086,0.18152782620790722,1,1
4429,2012-12-24,44.492063492063494,1,1,1,0,"gas,gold,silver",899.60996544735,6.8019612976664785,0.0,0.27256703433643725,5.921430607857546,1.7785780764343229,0.0,0.4118505515046559,0.26256703433643724,1,1
4430,2013-10-18,45.34126984126984,1,1,1,1,"gas,gold,oil,silver",526.2862214936737,6.265845212069614,0.0,0.13382791002039388,4.017137741917812,1.390569644537289,0.0,0.2037418650305908,0.12382791002039388,1,1
4431,2013-04-24,44.83730158730159,1,1,1,1,"gas,gold,oil,silver",584.1622558099289,6.370178779530124,0.0,0.21616374547898037,7.664820822014439,2.0366411359271908,0.0,0.32724561821847054,0.20616374547898036,1,1
4432,2013-11-21,45.43650793650794,1,1,0,0,"gold,silver",578.6374842306378,6.360676174803518,0.0,0.11826838205971608,5.019145022304578,1.6132596049165568,0.0,0.1804025730895741,0.10826838205971609,1,1
4433,2014-01-09,45.57539682539682,1,1,0,0,"gold,silver",717.022081446309,6.5751066371216496,0.0,0.0955774037837277,3.4892833046282754,1.249696358285697,0.0,0.14636610567559155,0.0855774037837277,1,1
4434,2013-06-13,44.98015873015873,1,1,0,1,"gold,oil,silver",543.5919408814306,6.298198856709825,0.0,0.1928244535379637,5.775733177764995,1.7536652055382191,0.0,0.2922366803069456,0.1828244535379637,1,1
4435,2013-06-03,44.948412698412696,1,1,0,1,"gold,oil,silver",612.9961178688133,6.4183586029125905,0.0,0.19801096285818967,6.452788460605404,1.8645123568582482,0.0,0.30001644428728447,0.18801096285818966,1,1
4436,2013-02-06,44.61904761904762,1,1,1,1,"gas,gold,oil,silver",516.9991008605882,6.248041135359118,0.0,0.25182099705553357,6.781673634122227,1.9142239201807731,0.0,0.38073149558330033,0.24182099705553356,1,1
4437,2013-04-19,44.82539682539682,1,1,1,0,"gas,gold,silver",483.93947394917717,6.181959845072736,0.0,0.2181086864740651,3.7219050976540387,1.3142356602200922,0.0,0.3301630297110976,0.20810868647406508,1,1
4438,2013-05-29,44.93650793650794,1,1,1,1,"gas,gold,oil,silver",626.8238564942992,6.440665570533417,0.0,0.19995590385327436,4.5360982024527665,1.512067215761818,0.0,0.30293385577991155,0.18995590385327435,1,1
4439,2014-04-08,45.82539682539682,1,1,1,0,"gas,gold,silver",525.2496484384584,6.263873670402579,0.0,0.054733642886948576,4.253726836439529,1.4477955013734334,0.0,0.08510046433042286,0.044733642886948574,1,1
4440,2014-04-07,45.82142857142857,1,1,0,0,"gold,silver",502.7542902417769,6.220101562165385,0.0,0.05538195655197681,3.63090374143458,1.2894815818727496,0.0,0.08607293482796521,0.045381956551976806,1,1
4441,2013-02-04,44.611111111111114,1,1,1,0,"gas,gold,silver",951.2078707491996,6.857732619889436,0.0,0.25311762438559005,8.705108516552464,2.163910039145033,0.0,0.38267643657838507,0.24311762438559004,1,1
4442,2014-02-03,45.642857142857146,1,1,1,1,"gas,gold,oil,silver",509.498296732945,6.233426509640401,0.0,0.08455607147824762,4.309271518907996,1.460768868694939,0.0,0.12983410721737143,0.07455607147824762,1,1
4443,2013-11-29,45.46031746031746,1,1,1,1,"gas,gold,oil,silver",451.7908165209168,6.113219277401725,0.0,0.11437850006954664,4.026867142343745,1.3929886896051242,0.0,0.17456775010431996,0.10437850006954665,1,1
4444,2014-02-20,45.69444444444444,1,1,1,1,"gas,gold,oil,silver",507.46292293529905,6.22942364999149,0.0,0.07612799383288049,4.011280832872733,1.3891106000120095,0.0,0.11719199074932075,0.0661279938328805,1,1
4445,2013-12-23,45.523809523809526,1,1,0,1,"gold,oil,silver",584.6803696600754,6.371065321264299,0.0,0.10400548142909483,4.744007596504137,1.556882262980849,0.0,0.1590082221436422,0.09400548142909483,1,1
4446,2013-11-13,45.41269841269841,1,1,0,0,"gold,silver",500.17488466734363,6.214957806601845,0.0,0.12215826404988553,4.460063290189537,1.4951629565567435,0.0,0.18623739607482828,0.11215826404988553,1,1
4447,2013-08-06,45.13095238095238,1,1,1,0,"gas,gold,silver",633.9305904926657,6.451939469725801,0.0,0.16818853426689062,4.126345866643762,1.4173922372734515,0.0,0.2552828014003359,0.1581885342668906,1,1
4448,2014-02-05,45.65079365079365,1,1,1,1,"gas,gold,oil,silver",509.88704075265474,6.234189212465838,0.0,0.08325944414819113,3.626609832483049,1.2882982814465567,0.0,0.1278891662222867,0.07325944414819113,1,1
4449,2013-10-01,45.28968253968254,1,1,0,0,"gold,silver",605.3861204170926,6.405866470023341,0.0,0.142255987665761,3.810463904750463,1.337750941503514,0.0,0.2163839814986415,0.132255987665761,1,1
4450,2013-04-17,44.817460317460316,1,1,1,1,"gas,gold,oil,silver",931.1483699030143,6.8364186307482795,0.0,0.21940531380412157,7.305227273927271,1.988590156823725,0.0,0.3321079707061823,0.20940531380412156,1,1
4451,2012-12-26,44.5,1,1,1,1,"gas,gold,oil,silver",706.9165758519977,6.56091266155385,0.0,0.2712704070063808,14.976618840056112,2.7064902410006324,0.0,0.40990561050957114,0.26127040700638077,1,1
4452,2014-06-05,45.992063492063494,1,1,1,1,"gas,gold,oil,silver",600.0711948419561,6.397048306246761,0.0,0.02750446895576248,4.227699595331232,1.441658014237571,0.0,0.04425670343364371,0.01750446895576248,1,1
4453,2013-03-07,44.70238095238095,1,1,1,1,"gas,gold,oil,silver",439.49625249534785,6.085629190343368,0.0,0.23820641008994053,10.56717300309136,2.357752309340712,0.0,0.3603096151349108,0.22820641008994053,1,1
4454,2013-02-20,44.65873015873016,1,1,0,0,"gold,silver",630.9139736068477,6.447169519818833,0.0,0.24533786040525116,5.181978080499513,1.6451868522003492,0.0,0.3710067906078767,0.23533786040525115,1,1
4455,2013-02-15,44.6468253968254,1,1,0,1,"gold,oil,silver",530.478106385908,6.2737786874303305,0.0,0.24728280140033587,11.175718471212733,2.4137434311589154,0.0,0.3739242021005038,0.23728280140033586,1,1
4456,2013-01-09,44.53968253968254,1,1,1,1,"gas,gold,oil,silver",854.6281376645709,6.750666447620603,0.0,0.26478727035609834,5.553700406494397,1.7144644454949391,0.0,0.40018090553414754,0.2547872703560983,1,1
4457,2013-01-21,44.57142857142857,1,1,1,1,"gas,gold,oil,silver",503.23961736328346,6.221066433136253,0.0,0.25960076103587243,8.6586783374989,2.158562094010211,0.0,0.3924011415538087,0.24960076103587245,1,1
4458,2013-11-18,45.42460317460318,1,1,1,1,"gas,gold,oil,silver",529.8380518872395,6.272571397375535,0.0,0.12021332305480081,4.03921989165591,1.396051577202827,0.0,0.1833199845822012,0.11021332305480082,1,1
4459,2013-10-14,45.32539682539682,1,1,1,0,"gas,gold,silver",502.9706560777342,6.220531830580397,0.0,0.13642116468050683,4.4384338226148055,1.490301571561486,0.0,0.20763174702076023,0.12642116468050682,1,1
4460,2013-07-26,45.1031746031746,1,1,1,1,"gas,gold,oil,silver",555.6811704586546,6.3201946953473005,0.0,0.1727267299220883,4.6915597614378495,1.5457650989036158,0.0,0.2620900948831324,0.16272672992208828,1,1
4461,2014-03-27,45.79365079365079,1,1,0,0,"gold,silver",474.23408366709936,6.161701047191526,0.0,0.05992015220717448,3.698200676571033,1.3078463977367687,0.0,0.09288022831076173,0.04992015220717448,1,1
4462,2014-04-10,45.833333333333336,1,0,0,1,"gold,oil",487.37496126804916,6.189033767832226,0.0,0.053437015556892085,,,,,0.043437015556892083,1,1
4463,2013-07-16,45.07142857142857,1,1,1,1,"gas,gold,oil,silver",575.3382215007341,6.354958079174514,0.0,0.1779132392423142,9.675607994224197,2.2696080787216624,0.0,0.2698698588634713,0.1679132392423142,1,1
4464,2013-05-31,44.94444444444444,1,1,1,0,"gas,gold,silver",447.30382120803114,6.1032380532326975,0.0,0.19865927652321788,5.319897054839035,1.6714539525721614,0.0,0.3009889147848268,0.18865927652321787,1,1
4465,2013-09-20,45.26190476190476,0,1,0,1,"oil,silver",,,,,3.0553647535821744,1.1168989811043835,0.0,0.223191274981438,0.13679418332095866,1,1
4466,2014-02-27,45.714285714285715,1,1,0,0,"gold,silver",533.3976279999127,6.279267164793731,0.0,0.07288642550773929,3.745979003889666,1.3206829990648292,0.0,0.11232963826160892,0.06288642550773929,1,1
4467,2013-10-02,45.29365079365079,1,1,1,1,"gas,gold,oil,silver",434.96810153968266,6.07527269860609,0.0,0.14160767400073274,4.356641751876196,1.4717015201780335,0.0,0.2154115110010991,0.13160767400073273,1,1
4468,2013-01-24,44.583333333333336,1,1,1,0,"gas,gold,silver",526.2522481888399,6.265780657080273,0.0,0.25765582004078774,8.028983287607772,2.0830579056968026,0.0,0.3894837300611816,0.24765582004078773,1,1
4469,2014-01-01,45.551587301587304,1,1,1,1,"gas,gold,oil,silver",485.9395258868423,6.186084183826549,0.0,0.09946728577389714,3.4598597328141207,1.241228048598781,0.0,0.1522009286608457,0.08946728577389715,1,1
4470,2013-11-22,45.44047619047619,1,1,0,1,"gold,oil,silver",526.0139866872645,6.265327803044383,0.0,0.11762006839468785,3.179453711679983,1.1567093932548234,0.0,0.17943010259203176,0.10762006839468785,1,1
4471,2012-12-31,44.51190476190476,1,0,0,0,gold,369.52648474815777,5.912222415081155,0.0,0.26932546601129603,,,,,0.259325466011296,1,1
4472,2013-01-22,44.57539682539682,1,1,0,0,"gold,silver",383.54006459538476,5.949444086264255,0.0,0.2589524473708442,5.921021368798088,1.7785089625277726,0.0,0.39142867105626633,0.2489524473708442,1,1
4473,2014-02-17,45.682539682539684,1,1,0,1,"gold,oil,silver",610.4704852005265,6.414229947092205,0.0,0.07807293482796522,4.248643275011474,1.4465997025627062,0.0,0.12010940224194784,0.06807293482796523,1,1
4474,2013-02-19,44.654761904761905,1,1,1,1,"gas,gold,oil,silver",550.0699747613758,6.310045496972734,0.0,0.24598617407027942,5.231223358891063,1.654645162557579,0.0,0.3719792611054191,0.23598617407027941,1,1
4475,2013-01-31,44.6031746031746,1,1,1,1,"gas,gold,oil,silver",1056.359972326744,6.962584289064011,0.0,0.2544142517156465,5.924183396401995,1.77904285413061,0.0,0.3846213775734698,0.24441425171564654,1,1
4476,2013-01-28,44.59126984126984,1,1,1,1,"gas,gold,oil,silver",614.290699752164,6.420468268469023,0.0,0.2563591927107312,7.9255906862873005,2.0700968515330764,0.0,0.38753878906609684,0.24635919271073123,1,1
4477,2014-05-07,45.90873015873016,1,1,1,1,"gas,gold,oil,silver",557.078291541232,6.322705789369734,0.0,0.041119055921355514,3.6687194223271966,1.2998426699298113,0.0,0.06467858388203326,0.031119055921355512,1,1
4478,2013-12-30,45.54365079365079,1,1,1,1,"gas,gold,oil,silver",537.6324783022701,6.287175200892804,0.0,0.1007639131039536,3.468852403369168,1.2438238197688634,0.0,0.1541458696559304,0.09076391310395361,1,1
4479,2013-11-20,45.432539682539684,1,1,0,1,"gold,oil,silver",619.9527236896023,6.429643223018252,0.0,0.11891669572474435,3.1458615117887745,1.1460877832567253,0.0,0.1813750435871165,0.10891669572474436,1,1
4480,2013-09-04,45.214285714285715,0,1,1,0,"gas,silver",,,,,6.503486985248173,1.872338492327709,0.0,0.2348609209519463,0.14457394730129755,1,1
4481,2013-03-28,44.76190476190476,1,1,1,1,"gas,gold,oil,silver",774.3809826668547,6.652063978154183,0.0,0.22848170511451693,6.504646950118175,1.8725168368741045,0.0,0.3457225576717754,0.21848170511451692,1,1
4482,2013-04-01,44.76984126984127,0,1,1,0,"gas,silver",,,,,5.635923648833004,1.729161046895879,0.0,0.34377761667669066,0.21718507778446045,1,1
4483,2013-02-05,44.61507936507937,1,1,1,1,"gas,gold,oil,silver",563.2944099232824,6.333802422051112,0.0,0.2524693107205618,5.351140980250803,1.6773098055062683,0.0,0.3817039660808427,0.2424693107205618,1,1
4484,2013-02-01,44.607142857142854,1,1,1,1,"gas,gold,oil,silver",571.5790291664314,6.348402757430334,0.0,0.25376593805061826,5.752652031373679,1.7496609713262914,0.0,0.3836489070759274,0.24376593805061827,1,1
4485,2013-10-03,45.29761904761905,1,1,1,1,"gas,gold,oil,silver",633.5139011159127,6.451281942876263,0.0,0.14095936033570453,5.201764891265953,1.6489979701700248,0.0,0.21443904050355675,0.13095936033570452,1,1
4486,2013-08-19,45.166666666666664,1,0,1,0,"gas,gold",530.1828259525748,6.273221901690499,0.0,0.16235371128163645,,,,,0.15235371128163644,1,1
4487,2013-08-27,45.19047619047619,1,1,1,1,"gas,gold,oil,silver",475.26391712212836,6.163870264731735,0.0,0.158463829291467,4.47997152924993,1.4996166913285596,0.0,0.24069574393720047,0.14846382929146698,1,1
4488,2013-12-26,45.535714285714285,1,1,0,1,"gold,oil,silver",539.3764711685368,6.29041378937703,0.0,0.1020605404340101,3.5354518846488032,1.2628411227625953,0.0,0.15609081065101515,0.0920605404340101,1,1
4489,2013-08-12,45.1468253968254,1,1,0,1,"gold,oil,silver",604.5589076574369,6.40449911387187,0.0,0.16559527960677764,4.78321572619366,1.5651130663767905,0.0,0.25139291941016645,0.15559527960677763,1,1
4490,2014-01-21,45.607142857142854,1,1,0,1,"gold,oil,silver",513.6315891130865,6.241506255766868,0.0,0.09039089446350176,3.9077612826885972,1.3629646480488486,0.0,0.13858634169525264,0.08039089446350177,1,1
4491,2013-03-25,44.75,1,1,0,1,"gold,oil,silver",621.8649495175891,6.432722946202501,0.0,0.23042664610960165,9.012114977356397,2.198569780739433,0.0,0.34863996916440243,0.22042664610960164,1,1
4492,2013-02-18,44.65079365079365,1,1,1,1,"gas,gold,oil,silver",582.7296128305601,6.367723292886154,0.0,0.24663448773530766,10.472549635102824,2.3487575133936196,0.0,0.37295173160296147,0.23663448773530765,1,1
4493,2014-04-28,45.88095238095238,1,1,1,1,"gas,gold,oil,silver",550.1670399853297,6.31022194118049,0.0,0.04565725157655322,3.9057992927009377,1.3624624467771072,0.0,0.07148587736482982,0.035657251576553216,1,1
4494,2012-12-28,44.507936507936506,1,1,0,0,"gold,silver",866.7372560996619,6.7647358813704095,0.0,0.2699737796763243,10.850635631321563,2.3842236618024617,0.0,0.40796066951448645,0.2599737796763243,1,1
4495,2013-07-15,45.067460317460316,1,1,1,1,"gas,gold,oil,silver",807.1165855266775,6.693468125650445,0.0,0.17856155290734244,5.310527690888258,1.6696912071314134,0.0,0.27084232936101366,0.16856155290734243,1,1
4496,2013-02-14,44.642857142857146,1,1,1,1,"gas,gold,oil,silver",735.0104043479064,6.59988465468803,0.0,0.2479311150653641,7.734383074855959,2.045675723230254,0.0,0.37489667259804615,0.2379311150653641,1,1
4497,2013-03-13,44.71825396825397,1,1,1,1,"gas,gold,oil,silver",596.3152134456595,6.390769408876992,0.0,0.23561315542982758,3.8036293595450505,1.3359557055368012,0.0,0.35641973314474135,0.22561315542982757,1,1
4498,2013-11-12,45.40873015873016,1,1,1,1,"gas,gold,oil,silver",670.5751793785406,6.50813582078905,0.0,0.12280657771491377,5.268270212157569,1.661702075685855,0.0,0.18720986657237063,0.11280657771491377,1,1
4499,2013-09-27,45.28174603174603,1,1,0,1,"gold,oil,silver",808.9181421231053,6.695697727913215,0.0,0.14355261499581748,5.017666814821296,1.6129650477368553,0.0,0.21832892249372618,0.13355261499581747,1,1
4500,2014-02-24,45.70238095238095,1,1,1,1,"gas,gold,oil,silver",491.653858193071,6.197774928633737,0.0,0.074831366502824,3.922325112976702,1.3666846190292226,0.0,0.11524704975423601,0.064831366502824,1,1
4501,2013-03-29,44.76587301587302,1,1,1,1,"gas,gold,oil,silver",583.8453279797347,6.369636098399675,0.0,0.2278333914494887,5.591279284264945,1.7212081132678507,0.0,0.344750087174233,0.21783339144948868,1,1
4502,2014-03-26,45.78968253968254,1,1,1,1,"gas,gold,oil,silver",528.164858405324,6.269408466800313,0.0,0.060568465872202715,3.5877189265604708,1.277516604049019,0.0,0.09385269880830407,0.05056846587220271,1,1
4503,2013-01-08,44.535714285714285,1,1,1,1,"gas,gold,oil,silver",556.7543139763213,6.322124054605565,0.0,0.2654355840211266,7.612395170415467,2.029777862224018,0.0,0.40115337603168993,0.2554355840211266,1,1
4504,2013-05-20,44.90873015873016,1,0,1,0,"gas,gold",606.4907968559619,6.407689554082598,0.0,0.20449409950847203,,,,,0.19449409950847202,1,1
4505,2013-01-10,44.54365079365079,1,1,1,0,"gas,gold,silver",497.7674924248127,6.2101330853198995,0.0,0.2641389566910701,6.697461762601562,1.9017286132156352,0.0,0.3992084350366052,0.2541389566910701,1,1
4506,2014-03-10,45.742063492063494,1,0,0,0,gold,517.9514043577464,6.249881423877492,0.0,0.0683482298525416,,,,,0.05834822985254161,1,1
4507,2013-02-25,44.67063492063492,1,1,1,0,"gas,gold,silver",418.7181380003099,6.037197991886941,0.0,0.24339291941016644,9.566041721219554,2.2582195066556143,0.0,0.36808937911524964,0.23339291941016643,1,1
4508,2013-05-10,44.88492063492063,1,1,1,0,"gas,gold,silver",411.5214317970895,6.019861100892342,0.0,0.20838398149864149,3.1717808165688197,1.1542932019427605,0.0,0.31557597224796224,0.19838398149864148,1,1
4509,2013-12-27,45.53968253968254,1,1,1,1,"gas,gold,oil,silver",457.3502872443355,6.125449590164569,0.0,0.10141222676898183,3.870666489705649,1.3534267117757872,0.0,0.15511834015347276,0.09141222676898184,1,1
4510,2013-10-21,45.345238095238095,1,1,0,1,"gold,oil,silver",603.631559030379,6.402964010202807,0.0,0.1331795963553656,6.14722127186074,1.8160001540007313,0.0,0.2027693945330484,0.12317959635536561,1,1
4511,2013-01-16,44.55952380952381,1,0,1,0,"gas,gold",487.72334651016524,6.1897483322082705,0.0,0.2615457020309572,,,,,0.25154570203095716,1,1
4512,2013-04-08,44.78968253968254,0,1,0,0,silver,,,,,5.026865734949224,1.614796675571024,0.0,0.3389152641889789,0.21394350945931925,1,1
4513,2013-06-21,45.00396825396825,1,1,0,1,"gold,oil,silver",640.7744960900918,6.462677594853009,0.0,0.18893457154779428,4.724883203094297,1.5528428417183466,0.0,0.28640185732169143,0.17893457154779427,1,1
4514,2013-08-30,45.20238095238095,1,1,1,1,"gas,gold,oil,silver",537.7092479319858,6.287317982722939,0.0,0.15651888829638227,5.805664174866065,1.7588340228799875,0.0,0.2377783324445734,0.14651888829638227,1,1
4515,2013-03-18,44.73015873015873,1,1,1,0,"gas,gold,silver",627.058265165156,6.441039463213659,0.0,0.23366821443474284,4.419796619144024,1.4860936812626204,0.0,0.35350232165211426,0.22366821443474283,1,1
4516,2014-02-04,45.6468253968254,1,1,1,0,"gas,gold,silver",624.9702553466009,6.437704057158454,0.0,0.08390775781321935,3.4475222817082,1.2376557938140205,0.0,0.12886163671982903,0.07390775781321936,1,1
4517,2013-03-08,44.70634920634921,1,1,1,1,"gas,gold,oil,silver",572.5705301263588,6.3501359245675655,0.0,0.2375580964249123,10.144734804673588,2.3169548324406524,0.0,0.35933714463736843,0.2275580964249123,1,1
4518,2013-05-07,44.87301587301587,1,1,1,1,"gas,gold,oil,silver",653.2905135802205,6.482021920970147,0.0,0.2103289224937262,6.967547696916065,1.941263325978962,0.0,0.3184933837405893,0.2003289224937262,1,1
4519,2013-01-04,44.52777777777778,1,1,1,0,"gas,gold,silver",858.595430940346,6.755297834253294,0.0,0.2667322113511831,4.965667015898005,1.6025476320585386,0.0,0.4030983170267746,0.25673221135118307,1,1
4520,2014-03-17,45.76190476190476,1,1,1,1,"gas,gold,oil,silver",529.2841988538078,6.271525525506579,0.0,0.06510666152740043,3.6518176304033543,1.29522502457547,0.0,0.10065999229110063,0.05510666152740042,1,1
4521,2014-05-12,45.92063492063492,1,1,1,0,"gas,gold,silver",557.5080838203568,6.3234770033553485,0.0,0.03917411492627082,3.6233550219199877,1.2874003982575777,0.0,0.06176117238940622,0.029174114926270818,1,1
4522,2014-04-25,45.87698412698413,1,0,0,1,"gold,oil",519.3327802489159,6.252544872772766,0.0,0.04630556524158145,,,,,0.03630556524158145,1,1
4523,2013-09-19,45.257936507936506,1,1,0,1,"gold,oil,silver",551.2014975444972,6.312100436576196,0.0,0.1474424969859869,4.7175304286235376,1.5512854483984386,0.0,0.22416374547898035,0.1374424969859869,1,1
4524,2013-04-09,44.79365079365079,1,1,1,1,"gas,gold,oil,silver",553.2677646963533,6.315842088124381,0.0,0.223295195794291,10.158012459653024,2.3182627989635565,0.0,0.3379427936914365,0.213295195794291,1,1
4525,2013-03-01,44.68650793650794,1,1,1,1,"gas,gold,oil,silver",475.0383705496889,6.1633955808767125,0.0,0.2407996647500535,8.26550672978044,2.1120910397118493,0.0,0.3641994971250802,0.23079966475005348,1,1
4526,2013-01-23,44.57936507936508,1,1,1,0,"gas,gold,silver",958.7112302304691,6.865589914033816,0.0,0.25830413370581595,15.150429721475806,2.718028896006963,0.0,0.39045620055872393,0.24830413370581594,1,1
4527,2013-03-27,44.757936507936506,1,1,0,1,"gold,oil,silver",799.4935580696521,6.683978474792707,0.0,0.22913001877954517,6.487953740014755,1.8699471867036537,0.0,0.34669502816931774,0.21913001877954516,1,1
4528,2013-11-11,45.404761904761905,1,1,0,1,"gold,oil,silver",546.3521106284924,6.303263659152868,0.0,0.12345489137994202,5.960558158420375,1.7851641274339751,0.0,0.18818233706991302,0.11345489137994202,1,1
4529,2014-07-03,46.07142857142857,1,1,1,0,"gas,gold,silver",602.0383641181495,6.400321171049305,0.0,0.014538195655197678,4.017823954149826,1.3907404511346666,0.0,0.024807293482796516,0.0045381956551976774,1,1
4530,2013-12-06,45.48015873015873,1,1,1,1,"gas,gold,oil,silver",582.7498688466968,6.367758052856548,0.0,0.11113693174440545,4.381072526821041,1.4772935635500248,0.0,0.16970539761660816,0.10113693174440545,1,1
4531,2013-01-01,44.51587301587302,1,1,1,0,"gas,gold,silver",516.9143676571,6.247877227631329,0.0,0.2686771523462678,11.187127673732864,2.4147638024869726,0.0,0.4060157285194017,0.2586771523462678,1,1
4532,2014-07-07,46.07936507936508,1,1,1,0,"gas,gold,silver",592.1491725465062,6.383758583795095,0.0,0.013241568325141215,3.84033359823224,1.345559237365907,0.0,0.02286235248771182,0.003241568325141215,1,1
4533,2014-03-21,45.77777777777778,1,1,0,0,"gold,silver",512.6041446335613,6.239503899409498,0.0,0.06251340686728743,3.937869888651046,1.3706399397145372,0.0,0.09677011030093116,0.052513406867287435,1,1
4534,2017-01-10,48.682539682539684,1,0,1,1,"gas,gold,oil",1011.3036791228867,6.918995548914843,0.0,0.1172078683116816,,,,,0.10720786831168161,1,1
4535,2016-03-24,47.857142857142854,1,1,1,1,"gas,gold,oil,silver",821.9888379123975,6.711726815781984,0.0,0.21949794449897414,6.406253256570321,1.8572745846812366,0.0,0.33224691674846124,0.20949794449897413,1,1
4536,2015-09-21,47.32936507936508,1,1,0,1,"gold,oil,silver",1239.0901156260732,7.1221326115315335,0.0,0.2849045797533487,4.404843981339283,1.4827048402227039,0.0,0.4303568696300231,0.2749045797533487,1,1
4537,2015-07-27,47.17063492063492,1,1,1,1,"gas,gold,oil,silver",444.94068354176056,6.097940977869843,0.0,0.30457574825090494,3.780605114727509,1.329884080080784,0.0,0.4598636223763575,0.29457574825090493,1,1
4538,2016-06-13,48.083333333333336,1,1,1,1,"gas,gold,oil,silver",1140.4693187595724,7.039195139792727,0.0,0.1914665293899565,6.6015922726417955,1.8873108733660258,0.0,0.2901997940849348,0.1814665293899565,1,1
4539,2015-09-04,47.285714285714285,1,1,0,0,"gold,silver",590.5561131721961,6.3810646576632335,0.0,0.29031415109017666,11.618864592769032,2.452630035184029,0.0,0.43847122663526505,0.28031415109017666,1,1
4540,2015-07-06,47.111111111111114,1,1,0,0,"gold,silver",422.0345060428973,6.045087078567366,0.0,0.31195243643748855,4.984233407194164,1.6062796116875906,0.0,0.47092865465623285,0.30195243643748854,1,1
4541,2015-10-28,47.43650793650794,1,1,1,0,"gas,gold,silver",733.6860006324355,6.598081145031488,0.0,0.2716265410174982,4.0059552451550156,1.3877820652279036,0.0,0.4104398115262474,0.2616265410174982,1,1
4542,2015-07-10,47.12698412698413,1,1,1,1,"gas,gold,oil,silver",1322.0673801205176,7.1869519874339085,0.0,0.30998531958773295,1.6976254604067764,0.5292304866484654,0.0,0.46797797938159946,0.29998531958773295,1,1
4543,2016-02-02,47.71031746031746,1,1,0,1,"gold,oil,silver",647.7909302177562,6.473568005740414,0.0,0.23769377535921368,9.811387391804233,2.2835436898572565,0.0,0.35954066303882054,0.22769377535921367,1,1
4544,2017-03-31,48.91269841269841,1,1,1,1,"gas,gold,oil,silver",998.7500587806744,6.906504555934725,0.0,0.08868467399022503,7.794619637638893,2.0534337056346366,0.0,0.13602701098533757,0.07868467399022504,1,1
4545,2015-08-26,47.257936507936506,1,1,0,1,"gold,oil,silver",584.5892419678835,6.370909450126505,0.0,0.29375660557724903,2.76429723485501,1.0167864380596001,0.0,0.44363490836587355,0.283756605577249,1,1
4546,2017-09-20,49.40079365079365,1,1,1,1,"gas,gold,oil,silver",809.9612685044932,6.696986429862112,0.0,0.028195830860239544,5.391364252089835,1.6847984608888849,0.0,0.045293746290359316,0.018195830860239542,1,1
4547,2016-01-05,47.63095238095238,1,1,1,1,"gas,gold,oil,silver",814.6476277743172,6.702755661187831,0.0,0.24752935960799183,8.337094915687834,2.120714824236865,0.0,0.37429403941198774,0.23752935960799182,1,1
4548,2015-07-14,47.13492063492063,1,1,1,1,"gas,gold,oil,silver",1139.323787433946,7.038190196476668,0.0,0.30900176116285516,7.1196606061047545,1.9628600566058279,0.0,0.46650264174428274,0.29900176116285515,1,1
4549,2017-01-09,48.67857142857143,1,1,0,1,"gold,oil,silver",892.7437393863546,6.794299573721158,0.0,0.11769964752412052,6.0634990186505595,1.8022870292693198,0.0,0.1795494712861808,0.10769964752412052,1,1
4550,2016-03-29,47.86904761904762,1,1,0,0,"gold,silver",875.1690877017072,6.774417110776239,0.0,0.21802260686165745,6.309765982575534,1.8420985891103252,0.0,0.3300339102924862,0.20802260686165744,1,1
4551,2016-04-27,47.95238095238095,1,1,1,0,"gas,gold,silver",998.6586580874099,6.906413036665227,0.0,0.2076952434004404,3.640530431685663,1.2921293940226524,0.0,0.31454286510066065,0.1976952434004404,1,1
4552,2016-11-25,48.55555555555556,1,1,1,1,"gas,gold,oil,silver",1119.174722382357,7.020346837662297,0.0,0.13294480310972662,7.700334369760223,2.0412637525610005,0.0,0.20241720466458993,0.12294480310972661,1,1
4553,2016-02-05,47.72222222222222,1,1,1,1,"gas,gold,oil,silver",1063.992618383166,6.969783732267718,0.0,0.23621843772189696,8.925286089636622,2.188888382013203,0.0,0.3573276565828455,0.22621843772189695,1,1
4554,2017-06-05,49.095238095238095,1,1,1,1,"gas,gold,oil,silver",1155.5767550910477,7.052354853376832,0.0,0.06606283021803531,6.694755128644967,1.901324403215838,0.0,0.10209424532705298,0.05606283021803532,1,1
4555,2016-08-22,48.28174603174603,1,1,1,1,"gas,gold,oil,silver",782.760254728211,6.662826461019084,0.0,0.1668775687680112,6.053146791540965,1.800578267654812,0.0,0.2533163531520168,0.15687756876801118,1,1
4556,2016-07-20,48.19047619047619,1,1,1,1,"gas,gold,oil,silver",862.7399819510484,6.760113350147205,0.0,0.178188490654106,6.970476139789263,1.9416835351779989,0.0,0.27028273598115904,0.168188490654106,1,1
4557,2015-08-04,47.19444444444444,1,1,0,0,"gold,silver",771.8012920893785,6.648727123226733,0.0,0.30162507297627156,5.542926277497606,1.7125225702405438,0.0,0.4554376094644073,0.29162507297627155,1,1
4558,2015-11-13,47.48412698412698,1,1,1,1,"gas,gold,oil,silver",619.2528926992775,6.428513739653314,0.0,0.2657251904682314,4.39981296423358,1.4815620318919875,0.0,0.4015877857023471,0.2557251904682314,1,1
4559,2017-04-27,48.98809523809524,1,1,0,1,"gold,oil,silver",1080.7546778462217,6.985414851871681,0.0,0.07934086895388578,7.166811390380801,1.9694608402682345,0.0,0.1220113034308287,0.06934086895388579,1,1
4560,2015-12-18,47.583333333333336,1,1,1,1,"gas,gold,oil,silver",1167.294615166047,7.062444055580254,0.0,0.2534307101572587,3.767398493883199,1.3263847085897162,0.0,0.38314606523588807,0.2434307101572587,1,1
4561,2016-03-23,47.8531746031746,1,1,1,1,"gas,gold,oil,silver",946.9733596185755,6.853270961447803,0.0,0.21998972371141307,5.124653157932181,1.6340628462332762,0.0,0.33298458556711963,0.20998972371141306,1,1
4562,2017-06-06,49.09920634920635,1,1,1,1,"gas,gold,oil,silver",1089.845375995057,6.993791108275281,0.0,0.06557105100559643,6.757828353286842,1.9107015889294132,0.0,0.10135657650839466,0.055571051005596436,1,1
4563,2016-03-15,47.82936507936508,1,1,1,1,"gas,gold,oil,silver",1415.1650011869967,7.255001411891801,0.0,0.2229403989860465,5.220478992781204,1.652589158753954,0.0,0.3374105984790698,0.2129403989860465,1,1
4564,2017-08-17,49.30555555555556,1,1,1,1,"gas,gold,oil,silver",866.653633505472,6.764639396965471,0.0,0.039998531958773294,5.9415719039091845,1.7819737286538766,0.0,0.06299779793815993,0.029998531958773292,1,1
4565,2016-05-18,48.01190476190476,1,0,0,0,gold,892.4295796876073,6.793947608230039,0.0,0.2003185552138568,,,,,0.1903185552138568,1,1
4566,2015-08-21,47.24603174603175,1,1,1,1,"gas,gold,oil,silver",1158.5710050780328,7.054942632523404,0.0,0.29523194321456575,4.668642749086119,1.5408683975518336,0.0,0.44584791482184866,0.28523194321456574,1,1
4567,2017-07-05,49.182539682539684,1,1,1,1,"gas,gold,oil,silver",1032.0690142319252,6.939320818061266,0.0,0.05524368754437938,6.928031967760886,1.9355757855336808,0.0,0.08586553131656907,0.04524368754437938,1,1
4568,2016-05-31,48.04761904761905,1,1,1,1,"gas,gold,oil,silver",1363.78464616022,7.21801894189165,0.0,0.19589254230190667,5.175859448858483,1.6440054024362651,0.0,0.29683881345286,0.18589254230190666,1,1
4569,2016-11-17,48.53174603174603,1,1,1,1,"gas,gold,oil,silver",1361.8359216241608,7.216589010747793,0.0,0.13589547838436003,7.339505401294618,1.9932714563362124,0.0,0.20684321757654006,0.12589547838436002,1,1
4570,2016-11-11,48.51587301587302,1,1,1,1,"gas,gold,oil,silver",1214.2695931385852,7.101898017096152,0.0,0.1378625952341157,5.399663436289065,1.6863366250147085,0.0,0.20979389285117353,0.1278625952341157,1,1
4571,2016-10-14,48.43650793650794,1,1,1,1,"gas,gold,oil,silver",862.5374696638667,6.759878591050432,0.0,0.14769817948289382,6.601703370077509,1.8873277021092005,0.0,0.22454726922434073,0.1376981794828938,1,1
4572,2016-12-06,48.583333333333336,1,1,1,1,"gas,gold,oil,silver",940.809443183051,6.846740614490939,0.0,0.12950234862265428,6.304506213362478,1.8412646496747107,0.0,0.1972535229339814,0.11950234862265427,1,1
4573,2015-10-01,47.361111111111114,1,1,1,1,"gas,gold,oil,silver",623.204350083012,6.434874474768075,0.0,0.28097034605383747,3.6911191153581475,1.305929695366245,0.0,0.42445551908075624,0.27097034605383746,1,1
4574,2016-05-04,47.97222222222222,1,1,1,1,"gas,gold,oil,silver",1203.8567962209233,7.093285678778997,0.0,0.20523634733824586,5.172096080795146,1.6432780378436223,0.0,0.3108545210073688,0.19523634733824585,1,1
4575,2016-02-01,47.70634920634921,1,1,0,1,"gold,oil,silver",754.0068359237108,6.625401434178676,0.0,0.23818555457165258,3.6778452318772703,1.3023270458724236,0.0,0.3602783318574789,0.22818555457165257,1,1
4576,2017-03-10,48.8531746031746,1,1,1,1,"gas,gold,oil,silver",1048.4922771382483,6.955108484686091,0.0,0.09606136217680863,6.598682613724193,1.886870025127671,0.0,0.14709204326521297,0.08606136217680864,1,1
4577,2016-01-04,47.62698412698413,1,1,1,1,"gas,gold,oil,silver",599.4193442187523,6.395961426999037,0.0,0.24802113882043073,6.0471647575242,1.7995895270790263,0.0,0.3750317082306461,0.23802113882043072,1,1
4578,2017-01-31,48.742063492063494,1,1,1,0,"gas,gold,silver",906.0397525945104,6.809083182116294,0.0,0.109831180125098,7.852101150398855,2.0607811584503004,0.0,0.167746770187647,0.099831180125098,1,1
4579,2015-10-14,47.3968253968254,1,1,1,1,"gas,gold,oil,silver",836.187385699545,6.728852733541454,0.0,0.2765443331418873,5.734906693668911,1.7465714808184523,0.0,0.417816499712831,0.2665443331418873,1,1
4580,2015-06-26,47.08730158730159,1,0,0,1,"gold,oil",751.2389082103688,6.621723721294989,0.0,0.314903111712122,,,,,0.304903111712122,1,1
4581,2017-03-03,48.833333333333336,1,1,0,1,"gold,oil,silver",1032.0749108382045,6.939326531428641,0.0,0.09852025823900318,8.289160134543945,2.1149486533447193,0.0,0.15078038735850477,0.08852025823900318,1,1
4582,2016-01-14,47.65873015873016,1,1,1,1,"gas,gold,oil,silver",832.5441220622026,6.724486219924294,0.0,0.2440869051209195,3.4167401392717567,1.2286869208621956,0.0,0.36913035768137925,0.23408690512091948,1,1
4583,2015-10-05,47.36904761904762,1,1,1,0,"gas,gold,silver",678.019076096966,6.5191754233808235,0.0,0.2799867876289597,6.450828252181553,1.8642085337546084,0.0,0.4229801814434395,0.26998678762895967,1,1
4584,2016-07-07,48.154761904761905,1,1,1,1,"gas,gold,oil,silver",1113.4958946149375,7.015259799770947,0.0,0.18261450356605616,7.830336186312583,2.0580054447531073,0.0,0.27692175534908425,0.17261450356605615,1,1
4585,2016-12-16,48.61507936507937,1,1,0,1,"gold,oil,silver",802.0017070606834,6.687110736368842,0.0,0.12556811492314301,6.2059223118704985,1.825504047718782,0.0,0.19135217238471453,0.11556811492314302,1,1
4586,2016-06-22,48.111111111111114,1,1,1,1,"gas,gold,oil,silver",1070.0687934932866,6.975478218373627,0.0,0.18802407490288414,5.588526839955756,1.7207157175439505,0.0,0.28503611235432624,0.17802407490288413,1,1
4587,2015-11-26,47.51984126984127,1,1,1,1,"gas,gold,oil,silver",880.0466913884612,6.779974964460684,0.0,0.2612991775562812,6.391177322079317,1.854918495875375,0.0,0.39494876633442183,0.2512991775562812,1,1
4588,2016-02-11,47.73809523809524,1,1,1,1,"gas,gold,oil,silver",658.8558237248093,6.490504730179348,0.0,0.23425132087214134,6.814695687365553,1.9190814107935525,0.0,0.35437698130821205,0.22425132087214134,1,1
4589,2016-04-21,47.93650793650794,1,1,1,1,"gas,gold,oil,silver",1108.6625695635564,7.010909675554985,0.0,0.20966236025019602,3.8101702425481068,1.337673871223843,0.0,0.31749354037529404,0.199662360250196,1,1
4590,2015-10-20,47.41269841269841,1,0,0,0,gold,860.2460998577693,6.757218510936152,0.0,0.27457721629213167,,,,,0.26457721629213166,1,1
4591,2015-09-29,47.3531746031746,1,1,0,1,"gold,oil,silver",485.13907920157345,6.184435611069695,0.0,0.28195390447871527,1.8568710560668702,0.618892843269838,0.0,0.4259308567180729,0.27195390447871526,1,1
4592,2017-04-11,48.94047619047619,1,0,1,1,"gas,gold,oil",927.3021567352685,6.832279463626045,0.0,0.0852422195031527,,,,,0.0752422195031527,1,1
4593,2015-08-03,47.19047619047619,1,1,1,1,"gas,gold,oil,silver",600.9619103924337,6.398531555475938,0.0,0.3021168521887105,11.985919676874651,2.4837326006014457,0.0,0.4561752782830657,0.2921168521887105,1,1
4594,2016-12-21,48.62698412698413,1,1,1,1,"gas,gold,oil,silver",1014.0588396285254,6.921716209714679,0.0,0.12409277728582628,6.382599607820792,1.8535754764074603,0.0,0.18913916592873942,0.11409277728582629,1,1
4595,2016-09-07,48.32936507936508,1,1,1,1,"gas,gold,oil,silver",919.6063086409227,6.823945653066586,0.0,0.1609762182187443,5.981125849600783,1.788608819406136,0.0,0.24446432732811643,0.1509762182187443,1,1
4596,2015-09-30,47.357142857142854,1,1,1,0,"gas,gold,silver",723.9087026438897,6.584665283113682,0.0,0.2814621252662764,10.908179496772675,2.3895129203643317,0.0,0.4251931878994146,0.2714621252662764,1,1
4597,2016-12-12,48.59920634920635,1,1,0,1,"gold,oil,silver",899.476211093876,6.801812606230277,0.0,0.12753523177289863,7.736445880111987,2.0459423935262357,0.0,0.19430284765934794,0.11753523177289862,1,1
4598,2017-07-17,49.214285714285715,1,1,1,0,"gas,gold,silver",969.9823132614728,6.877277837580133,0.0,0.05130945384486815,7.2047573023246345,1.9747415442657745,0.0,0.07996418076730223,0.04130945384486815,1,1
4599,2016-06-06,48.06349206349206,1,1,0,1,"gold,oil,silver",821.8751073320527,6.7115884459602535,0.0,0.19392542545215105,4.540192198268465,1.512969345577547,0.0,0.29388813817822657,0.18392542545215104,1,1
4600,2015-12-31,47.61904761904762,1,1,1,0,"gas,gold,silver",569.9682938481731,6.345580734453711,0.0,0.24900469724530855,3.7131712630806017,1.3118862993885725,0.0,0.37650704586796285,0.23900469724530854,1,1
4601,2015-11-11,47.476190476190474,1,1,1,1,"gas,gold,oil,silver",1188.1940413450905,7.080189821050533,0.0,0.2667087488931092,6.216761176905432,1.8272490600255271,0.0,0.4030631233396638,0.2567087488931092,1,1
4602,2017-07-19,49.22222222222222,1,1,1,0,"gas,gold,silver",866.1024780314169,6.7640032364706695,0.0,0.05032589541999035,6.326479215727817,1.8447438753699625,0.0,0.07848884312998552,0.04032589541999035,1,1
4603,2017-09-27,49.42063492063492,1,1,1,1,"gas,gold,oil,silver",808.9281647623201,6.695710118013773,0.0,0.025736934798045008,5.2932753070932925,1.6664372049547675,0.0,0.041605402197067515,0.01573693479804501,1,1
4604,2016-03-25,47.861111111111114,1,1,0,1,"gold,oil,silver",1117.5519560140128,7.018895818484371,0.0,0.21900616528653524,5.577726941616684,1.7187813352671453,0.0,0.33150924792980285,0.20900616528653523,1,1
4605,2016-04-07,47.8968253968254,1,1,0,0,"gold,silver",604.6569487515764,6.404661270353419,0.0,0.21458015237458508,4.569620702195952,1.5194302041303427,0.0,0.32487022856187764,0.20458015237458507,1,1
4606,2017-01-20,48.714285714285715,0,0,1,1,"gas,oil",,,,,,,,,0.10327363461217035,1,1
4607,2015-09-24,47.34126984126984,1,1,1,0,"gas,gold,silver",846.6312043038919,6.741265185786842,0.0,0.283429242116032,6.749928895126331,1.9095319707735965,0.0,0.428143863174048,0.273429242116032,1,1
4608,2017-04-18,48.96031746031746,1,1,0,1,"gold,oil,silver",1069.3406977865905,6.974797567252115,0.0,0.08278332344095816,7.916811312563358,2.0689885127062615,0.0,0.12717498516143724,0.07278332344095817,1,1
4609,2016-11-01,48.48412698412698,1,1,0,1,"gold,oil,silver",649.5450952504068,6.476272264417015,0.0,0.14179682893362694,7.344493423345257,1.9939508383359064,0.0,0.2156952434004404,0.13179682893362693,1,1
4610,2017-02-08,48.76587301587302,1,1,1,1,"gas,gold,oil,silver",917.4089607263277,6.821553349639163,0.0,0.10688050485046457,7.689230069294561,2.0398206574770925,0.0,0.16332075727569687,0.09688050485046458,1,1
4611,2016-09-09,48.33730158730159,1,1,1,1,"gas,gold,oil,silver",927.3950694739424,6.83237965543896,0.0,0.15999265979386645,5.431285316234192,1.6921758124240847,0.0,0.24298898969079968,0.14999265979386645,1,1
4612,2015-11-02,47.448412698412696,1,1,0,1,"gold,oil,silver",1062.4983306621436,6.968378329655826,0.0,0.2701512033801815,5.179985261211804,1.644802210941437,0.0,0.4082268050702723,0.2601512033801815,1,1
4613,2017-02-15,48.785714285714285,0,1,0,0,silver,,,,,7.773621381932619,2.050736128122388,0.0,0.15963241318240506,0.09442160878827005,1,1
4614,2017-05-01,48.99603174603175,1,1,0,0,"gold,silver",979.5547542055663,6.887098135981062,0.0,0.07835731052900799,7.792563156106139,2.0531698373562057,0.0,0.12053596579351199,0.068357310529008,1,1
4615,2016-10-06,48.41269841269841,1,0,1,1,"gas,gold,oil",995.0104873785195,6.902753277181961,0.0,0.15064885475752723,,,,,0.14064885475752723,1,1
4616,2015-10-15,47.40079365079365,1,1,1,1,"gas,gold,oil,silver",730.8751459522107,6.594242646190989,0.0,0.2760525539294484,4.44607105284966,1.4920207967120245,0.0,0.41707883089417264,0.2660525539294484,1,1
4617,2015-12-28,47.607142857142854,1,1,1,1,"gas,gold,oil,silver",797.8034311588027,6.681862240237694,0.0,0.2504800348826252,8.18857379512577,2.1027397429116013,0.0,0.3787200523239379,0.24048003488262523,1,1
4618,2015-12-29,47.611111111111114,1,1,1,1,"gas,gold,oil,silver",1311.007341254706,7.178551083484639,0.0,0.24998825567018637,7.488458630725093,2.013362986061026,0.0,0.3779823835052796,0.23998825567018636,1,1
4619,2016-02-08,47.726190476190474,1,1,1,0,"gas,gold,silver",1035.0590236667322,6.942213731770778,0.0,0.23572665850945804,4.396829906628522,1.4808838054905753,0.0,0.3565899877641871,0.22572665850945803,1,1
4620,2015-12-21,47.58730158730159,1,1,1,1,"gas,gold,oil,silver",754.9440758427747,6.626643674774154,0.0,0.2529389309448198,7.234057077988387,1.978800023737704,0.0,0.3824083964172297,0.24293893094481978,1,1
4621,2016-12-08,48.59126984126984,1,1,1,1,"gas,gold,oil,silver",926.7239311866433,6.831655712351843,0.0,0.12851879019777648,6.622302308547539,1.890443090234573,0.0,0.19577818529666471,0.11851879019777647,1,1
4622,2016-11-23,48.54761904761905,1,0,0,0,gold,832.6395083879278,6.724600785458191,0.0,0.1339283615346044,,,,,0.12392836153460442,1,1
4623,2016-09-23,48.37698412698413,1,1,1,1,"gas,gold,oil,silver",760.4880100347456,6.633960345677294,0.0,0.15507486766947742,8.121297596482297,2.094489943928974,0.0,0.23561230150421614,0.14507486766947741,1,1
4624,2017-01-18,48.70634920634921,1,1,1,1,"gas,gold,oil,silver",868.3219071071403,6.766562506631022,0.0,0.11425719303704815,6.677892724524816,1.8988024773799788,0.0,0.1743857895555722,0.10425719303704815,1,1
4625,2017-05-19,49.051587301587304,1,1,0,1,"gold,oil,silver",983.4471289728145,6.89106387834934,0.0,0.0714724015548633,7.5170316371793335,2.017171330937218,0.0,0.11020860233229497,0.061472401554863304,1,1
4626,2015-07-01,47.09920634920635,1,1,1,1,"gas,gold,oil,silver",975.0120553373141,6.882449835369935,0.0,0.31342777407480527,4.12223367103139,1.4163951696124646,0.0,0.47314166111220796,0.30342777407480526,1,1
4627,2017-01-17,48.70238095238095,1,1,1,1,"gas,gold,oil,silver",999.4192093317845,6.907174319589689,0.0,0.11474897224948706,7.261532057738541,1.982590833810303,0.0,0.1751234583742306,0.10474897224948707,1,1
4628,2016-07-13,48.17063492063492,1,1,1,0,"gas,gold,silver",739.7728898068352,6.606343233426594,0.0,0.18064738671630054,7.214577828526391,1.9761036774891252,0.0,0.2739710800744508,0.17064738671630053,1,1
4629,2016-03-07,47.80555555555556,1,1,1,1,"gas,gold,oil,silver",595.593874756415,6.389559016600516,0.0,0.22589107426067995,7.725198974788065,2.044487579706215,0.0,0.34183661139101995,0.21589107426067994,1,1
4630,2017-06-29,49.166666666666664,1,1,1,0,"gas,gold,silver",977.1412737628701,6.884631241141855,0.0,0.05721080439413503,6.8024295249678035,1.9172798314551591,0.0,0.08881620659120254,0.047210804394135025,1,1
4631,2017-07-28,49.25,1,1,0,0,"gold,silver",963.0242714206864,6.870078615447994,0.0,0.04688344093291797,6.42528688762975,1.8602412815555902,0.0,0.07332516139937696,0.03688344093291797,1,1
4632,2016-04-20,47.932539682539684,1,0,1,1,"gas,gold,oil",1040.9525087314862,6.947891446759213,0.0,0.21015413946263495,,,,,0.20015413946263494,1,1
4633,2015-07-20,47.15079365079365,1,1,0,1,"gold,oil,silver",691.5842652758422,6.538985002358655,0.0,0.3070346443130995,3.745872377598019,1.3206545344607614,0.0,0.46355196646964925,0.2970346443130995,1,1
4634,2017-07-21,49.23015873015873,1,1,1,0,"gas,gold,silver",917.563108194379,6.821721360336464,0.0,0.04934233699511251,6.836834014209343,1.9223247610604333,0.0,0.07701350549266876,0.039342336995112505,1,1
4635,2016-04-05,47.888888888888886,1,1,0,1,"gold,oil,silver",628.5831740324055,6.443468356637104,0.0,0.21556371079946293,7.766003426490106,2.0497556725262345,0.0,0.3263455661991944,0.20556371079946292,1,1
4636,2015-12-15,47.57142857142857,1,1,0,1,"gold,oil,silver",739.5370670750374,6.606024405404518,0.0,0.25490604779457543,4.09087212955122,1.4087581819325425,0.0,0.3853590716918632,0.24490604779457542,1,1
4637,2017-02-27,48.817460317460316,1,1,1,0,"gas,gold,silver",1113.2933956464567,7.015077924485373,0.0,0.10048737508875878,5.602957512363973,1.7232945855388642,0.0,0.15373106263313818,0.09048737508875879,1,1
4638,2015-11-10,47.47222222222222,1,1,0,0,"gold,silver",646.3421954654428,6.471329077876276,0.0,0.26720052810554806,5.39099430633598,1.6847298403265105,0.0,0.4038007921583221,0.25720052810554805,1,1
4639,2015-07-22,47.15873015873016,1,1,1,0,"gas,gold,silver",685.106089284241,6.529573701137856,0.0,0.30605108588822166,6.912816984643624,1.9333772225267036,0.0,0.4620766288323326,0.29605108588822165,1,1
4640,2017-08-04,49.26984126984127,1,1,0,1,"gold,oil,silver",932.8187370496232,6.838210902283022,0.0,0.04442454487072344,6.468037652335571,1.8668727630237625,0.0,0.06963681730608516,0.03442454487072344,1,1
4641,2015-07-17,47.1468253968254,1,1,1,1,"gas,gold,oil,silver",920.6671413762151,6.825098560916,0.0,0.3075264235255384,5.0493582387091935,1.6192611537680135,0.0,0.46428963528830763,0.2975264235255384,1,1
4642,2016-06-24,48.11904761904762,1,1,0,0,"gold,silver",995.3141421611617,6.9030584080942665,0.0,0.18704051647800632,4.344741109901207,1.4689661734902248,0.0,0.2835607747170095,0.1770405164780063,1,1
4643,2017-09-25,49.41269841269841,0,1,0,1,"oil,silver",,,,,5.3641492366018655,1.6797377869194101,0.0,0.04308073983438422,0.016720493222922815,1,1
4644,2016-10-25,48.464285714285715,1,1,1,1,"gas,gold,oil,silver",860.6698099584795,6.757710934891158,0.0,0.14425572499582148,6.341932018849996,1.84718345686129,0.0,0.2193835874937322,0.13425572499582147,1,1
4645,2015-12-14,47.567460317460316,1,1,1,1,"gas,gold,oil,silver",1281.2751686426914,7.155611086512467,0.0,0.2553978270070143,9.208285070263699,2.2201036299177406,0.0,0.3860967405105215,0.24539782700701432,1,1
4646,2016-11-29,48.56349206349206,1,1,1,1,"gas,gold,oil,silver",1201.4712780112197,7.091302149781528,0.0,0.13196124468484882,6.598418190637766,1.8868299522222076,0.0,0.2009418670272732,0.12196124468484881,1,1
4647,2016-05-16,48.00396825396825,1,0,0,1,"gold,oil",755.8114510134818,6.627791941652007,0.0,0.2013021136387346,,,,,0.1913021136387346,1,1
4648,2017-04-05,48.92460317460318,1,1,1,1,"gas,gold,oil,silver",971.2584940594966,6.878592647136019,0.0,0.08720933635290831,7.643804383912992,2.0338954352490317,0.0,0.13381400452936248,0.07720933635290832,1,1
4649,2017-08-11,49.28968253968254,1,1,1,1,"gas,gold,oil,silver",924.0611129013837,6.828778208958226,0.0,0.041965648808528905,6.4002665691032385,1.8563396409206108,0.0,0.06594847321279336,0.0319656488085289,1,1
4650,2015-07-09,47.12301587301587,1,1,1,0,"gas,gold,silver",932.6856765010979,6.838068248588091,0.0,0.3104770988001719,5.2158506952362425,1.6517021998351118,0.0,0.46871564820025785,0.30047709880017187,1,1
4651,2016-08-15,48.26190476190476,1,0,1,1,"gas,gold,oil",819.1251486393068,6.708236878820724,0.0,0.1693364648302057,,,,,0.1593364648302057,1,1
4652,2015-11-27,47.523809523809526,1,1,1,1,"gas,gold,oil,silver",612.8717962596263,6.4181557725616525,0.0,0.2608073983438423,6.166065717126343,1.819060987390676,0.0,0.3942110975157635,0.2508073983438423,1,1
4653,2017-02-03,48.75396825396825,1,1,1,1,"gas,gold,oil,silver",969.3949994738358,6.876672165025613,0.0,0.10835584248778127,7.461368915228905,2.009738898082401,0.0,0.16553376373167192,0.09835584248778127,1,1
4654,2016-10-05,48.40873015873016,1,0,1,1,"gas,gold,oil",714.7426497294985,6.571922547455243,0.0,0.15114063396996616,,,,,0.14114063396996615,1,1
4655,2016-12-07,48.58730158730159,1,1,1,1,"gas,gold,oil,silver",923.8765643827056,6.828578474387563,0.0,0.12901056941021535,7.2623602838292385,1.9827048839660213,0.0,0.19651585411532302,0.11901056941021536,1,1
4656,2017-05-02,49.0,1,1,1,1,"gas,gold,oil,silver",937.1426854382955,6.842835549661474,0.0,0.07786553131656909,7.082269933258607,1.9575944683627466,0.0,0.11979829697485365,0.0678655313165691,1,1
4657,2016-06-15,48.09126984126984,1,0,1,0,"gas,gold",938.8205897558526,6.844624395730244,0.0,0.19048297096507866,,,,,0.18048297096507865,1,1
4658,2016-11-03,48.492063492063494,1,1,1,1,"gas,gold,oil,silver",877.1396054305618,6.776666164915149,0.0,0.14081327050874912,6.437849186406597,1.8621945070673782,0.0,0.21421990576312366,0.1308132705087491,1,1
4659,2015-08-31,47.26984126984127,1,1,0,1,"gold,oil,silver",675.410978706658,6.515321362937296,0.0,0.2922812679399323,4.244968481061429,1.4457343947796628,0.0,0.4414219019098985,0.2822812679399323,1,1
4660,2015-11-12,47.48015873015873,1,1,1,1,"gas,gold,oil,silver",800.8216716753357,6.685638290166465,0.0,0.26621696968067027,8.881047341414112,2.1839194939021898,0.0,0.40232545452100543,0.25621696968067026,1,1
4661,2015-07-21,47.154761904761905,1,1,0,1,"gold,oil,silver",691.6991020758999,6.539151037464739,0.0,0.3065428651006606,9.320427470501588,2.232208493579337,0.0,0.4628142976509909,0.2965428651006606,1,1
4662,2017-08-09,49.28174603174603,1,1,0,0,"gold,silver",920.3385943619799,6.824741639683931,0.0,0.04294920723340675,5.765857137933795,1.7519538222762079,0.0,0.06742381085011012,0.032949207233406747,1,1
4663,2015-12-24,47.59920634920635,1,1,1,1,"gas,gold,oil,silver",732.9771957807492,6.597114590598811,0.0,0.25146359330750306,3.152400617992711,1.1481642635361375,0.0,0.3801953899612547,0.24146359330750308,1,1
4664,2015-10-12,47.388888888888886,1,1,0,1,"gold,oil,silver",1353.939082230216,7.210773461492752,0.0,0.2775278915667651,4.000199102360495,1.3863441354712507,0.0,0.4192918373501477,0.2675278915667651,1,1
4665,2015-08-28,47.26587301587302,1,1,1,1,"gas,gold,oil,silver",495.57876846105114,6.205726308766807,0.0,0.29277304715237124,6.14818470117285,1.8161568677060282,0.0,0.4421595707285568,0.2827730471523712,1,1
4666,2016-06-09,48.07539682539682,1,1,0,1,"gold,oil,silver",645.1413789966097,6.469469485019468,0.0,0.19245008781483428,6.838707077444268,1.9225986900017578,0.0,0.29167513172225146,0.18245008781483427,1,1
4667,2017-03-07,48.84126984126984,1,1,1,1,"gas,gold,oil,silver",975.7800146406445,6.883237166172454,0.0,0.09753669981412533,9.107466614682341,2.209094584198814,0.0,0.149305049721188,0.08753669981412533,1,1
4668,2017-10-25,49.5,1,1,1,1,"gas,gold,oil,silver",816.3941998889718,6.704897326413848,0.0,0.015901350549266873,5.502967755473378,1.7052875386153121,0.0,0.02685202582390031,0.005901350549266874,1,1
4669,2016-01-22,47.682539682539684,0,0,1,0,gas,,,,,,,,,0.23113622984628604,1,1
4670,2015-10-16,47.404761904761905,1,1,1,1,"gas,gold,oil,silver",870.6953418621357,6.769292135943305,0.0,0.2755607747170095,5.349199018994927,1.6769468336236302,0.0,0.4163411620755143,0.2655607747170095,1,1
4671,2016-03-04,47.801587301587304,1,1,1,0,"gas,gold,silver",1136.2396920605051,7.035479573556594,0.0,0.22638285347311884,5.20298886390744,1.6492332419844153,0.0,0.3425742802096783,0.21638285347311884,1,1
4672,2017-10-02,49.432539682539684,1,1,0,1,"gold,oil,silver",780.2654170966536,6.65963414013114,0.0,0.02426159716072828,5.03904226309093,1.61721603686133,0.0,0.03939239574109242,0.014261597160728282,1,1
4673,2016-01-01,47.62301587301587,1,1,1,0,"gas,gold,silver",1084.4059870601725,6.98878763869021,0.0,0.24851291803286965,5.534440917391812,1.7109905524575892,0.0,0.37576937704930446,0.23851291803286964,1,1
4674,2017-01-16,48.698412698412696,1,1,1,0,"gas,gold,silver",935.7107104754695,6.841306358700774,0.0,0.11524075146192599,6.5836659077013975,1.8845917190285777,0.0,0.175861127192889,0.10524075146192599,1,1
4675,2017-06-22,49.1468253968254,1,1,1,1,"gas,gold,oil,silver",1040.4114047921853,6.94737149544462,0.0,0.059669700456329564,7.335596320842849,1.9927387062921933,0.0,0.09250455068449434,0.04966970045632956,1,1
4676,2016-03-22,47.84920634920635,1,1,1,1,"gas,gold,oil,silver",667.4334703904045,6.503439715479928,0.0,0.220481502923852,6.380548190298298,1.8532540169097553,0.0,0.333722254385778,0.21048150292385198,1,1
4677,2015-06-22,47.07142857142857,1,1,1,0,"gas,gold,silver",577.6823546041774,6.359024158100859,0.0,0.31687022856187763,5.454360269278249,1.6964153382150733,0.0,0.47830534284281645,0.3068702285618776,1,1
4678,2016-05-23,48.023809523809526,1,1,1,1,"gas,gold,oil,silver",600.0077089061612,6.3969425033105445,0.0,0.19884321757654008,5.714046412203522,1.742927426317337,0.0,0.3012648263648101,0.18884321757654007,1,1
4679,2017-05-24,49.06349206349206,1,1,1,1,"gas,gold,oil,silver",1011.4037220606156,6.919094468746502,0.0,0.06999706391754658,8.36577885965705,2.1241494394477227,0.0,0.10799559587631988,0.059997063917546584,1,1
4680,2015-12-01,47.53174603174603,1,1,1,1,"gas,gold,oil,silver",880.2983784070304,6.780260916373866,0.0,0.25982383991896446,9.217436826422713,2.221096997446339,0.0,0.3927357598784467,0.24982383991896445,1,1
4681,2016-09-08,48.333333333333336,1,1,1,1,"gas,gold,oil,silver",1127.7367902462897,7.027968062849289,0.0,0.16048443900630538,5.908870391492129,1.7764546780380486,0.0,0.24372665850945807,0.15048443900630537,1,1
4682,2016-05-02,47.964285714285715,1,1,1,1,"gas,gold,oil,silver",855.6987393873434,6.75191837422828,0.0,0.20621990576312368,4.9276007627234,1.594852208891651,0.0,0.31232985864468554,0.19621990576312368,1,1
4683,2016-12-14,48.607142857142854,1,1,0,0,"gold,silver",1037.6129058697081,6.944678071118508,0.0,0.1265516733480208,6.987652522319534,1.9441446661241426,0.0,0.19282751002203122,0.11655167334802082,1,1
4684,2015-08-14,47.226190476190474,1,1,1,1,"gas,gold,oil,silver",744.0577114704116,6.612118601005419,0.0,0.29769083927676027,5.799637240099711,1.7577953707859708,0.0,0.44953625891514043,0.28769083927676026,1,1
4685,2016-04-25,47.94444444444444,1,1,1,1,"gas,gold,oil,silver",981.455588158317,6.889036763745545,0.0,0.2086788018253182,4.149810005322467,1.4230625513445783,0.0,0.3160182027379773,0.1986788018253182,1,1
4686,2016-06-27,48.12301587301587,1,1,1,1,"gas,gold,oil,silver",855.54667419446,6.751740649640005,0.0,0.18654873726556745,9.28357862519248,2.228247100177559,0.0,0.2828231058983512,0.17654873726556744,1,1
4687,2015-12-11,47.56349206349206,1,1,0,1,"gold,oil,silver",936.6218396720333,6.842279614513063,0.0,0.2558896062194532,4.984238841861027,1.6062807020586578,0.0,0.3868344093291799,0.24588960621945322,1,1
4688,2015-10-27,47.432539682539684,0,1,1,0,"gas,silver",,,,,5.123041187863097,1.6337482447184408,0.0,0.4111774803449057,0.26211832022993714,1,1
4689,2016-05-09,47.98412698412698,1,1,1,1,"gas,gold,oil,silver",1128.3816369924682,7.028539705504172,0.0,0.20376100970092914,5.6051725689071406,1.7236898444368147,0.0,0.3086415145513937,0.19376100970092913,1,1
4690,2016-01-26,47.69047619047619,1,0,0,0,gold,1055.727686286396,6.961985558176438,0.0,0.24015267142140823,,,,,0.23015267142140822,1,1
4691,2016-12-23,48.63492063492063,1,1,1,1,"gas,gold,oil,silver",1127.1707116916282,7.027465977006684,0.0,0.12310921886094847,9.020382949472294,2.199486788768917,0.0,0.18766382829142272,0.11310921886094848,1,1
4692,2016-11-08,48.50396825396825,1,1,1,0,"gas,gold,silver",1169.3384665640112,7.064193454692331,0.0,0.13933793287143242,9.145457590542577,2.213257317829125,0.0,0.2120068993071486,0.12933793287143242,1,1
4693,2016-01-06,47.63492063492063,0,1,0,0,silver,,,,,4.680080489656129,1.5433153084261324,0.0,0.3735563705933294,0.2370375803955529,1,1
4694,2016-03-14,47.82539682539682,0,1,1,1,"gas,oil,silver",,,,,8.59434291414781,2.151104186133183,0.0,0.3381482672977281,0.2134321781984854,1,1
4695,2015-10-21,47.416666666666664,1,1,1,1,"gas,gold,oil,silver",744.1045802978549,6.612181589871241,0.0,0.2740854370796928,6.436215648310684,1.8619407351428694,0.0,0.4141281556195392,0.2640854370796928,1,1
4696,2017-08-10,49.285714285714285,1,1,1,1,"gas,gold,oil,silver",912.3887105324927,6.81606611695851,0.0,0.04245742802096782,6.1843100520762455,1.8220154478154964,0.0,0.06668614203145173,0.03245742802096782,1,1
4697,2016-10-26,48.46825396825397,1,1,1,1,"gas,gold,oil,silver",1026.0350337120756,6.9334571710659585,0.0,0.14376394578338256,6.671763163472425,1.8978841673449383,0.0,0.21864591867507382,0.13376394578338255,1,1
4698,2016-02-09,47.73015873015873,1,0,1,0,"gas,gold",855.6912308616479,6.751909599459436,0.0,0.23523487929701917,,,,,0.22523487929701916,1,1
4699,2017-07-03,49.17460317460318,1,1,1,0,"gas,gold,silver",983.7260092064008,6.891347412350534,0.0,0.05622724596925722,6.943297427930883,1.9377767953860545,0.0,0.08734086895388583,0.046227245969257216,1,1
4700,2015-07-08,47.11904761904762,1,1,1,1,"gas,gold,oil,silver",641.5840433314022,6.4639401861236525,0.0,0.31096887801261075,3.789111551330843,1.3321315724399456,0.0,0.4694533170189162,0.30096887801261074,1,1
4701,2015-06-29,47.09126984126984,0,0,1,1,"gas,oil",,,,,,,,,0.3044113324996831,1,1
4702,2016-07-27,48.21031746031746,1,1,1,1,"gas,gold,oil,silver",1050.3872711267306,6.956914204795141,0.0,0.17572959459191148,5.784939643493301,1.7552579273143418,0.0,0.2665943918878672,0.16572959459191147,1,1
4703,2017-07-18,49.21825396825397,1,1,1,1,"gas,gold,oil,silver",814.9098714959706,6.703077520004148,0.0,0.050817674632429234,6.418702655779361,1.8592160187422104,0.0,0.07922651194864384,0.04081767463242923,1,1
4704,2015-06-18,47.06349206349206,1,1,1,1,"gas,gold,oil,silver",786.2687999991266,6.66729871869747,0.0,0.3178537869867554,6.875891798094306,1.9280213512266755,0.0,0.47978068048013317,0.3078537869867554,1,1
4705,2016-12-26,48.638888888888886,1,1,1,1,"gas,gold,oil,silver",981.5182616215623,6.889100619372836,0.0,0.12261743964850959,6.149764967914017,1.8164138644888068,0.0,0.1869261594727644,0.11261743964850959,1,1
4706,2016-08-10,48.25,1,1,1,1,"gas,gold,oil,silver",749.6805655204892,6.619647203164458,0.0,0.1708118024675224,7.5097362299094055,2.0162003426438413,0.0,0.2592177037012836,0.16081180246752239,1,1
4707,2015-08-20,47.242063492063494,0,1,0,1,"oil,silver",,,,,7.798562766183794,2.053939455971782,0.0,0.44658558364050704,0.28572372242700467,1,1
4708,2016-04-28,47.95634920634921,1,1,1,0,"gas,gold,silver",1215.94759952141,7.103278969098763,0.0,0.20720346418800148,5.986676845464785,1.789536474449173,0.0,0.31380519628200226,0.19720346418800147,1,1
4709,2016-11-02,48.48809523809524,1,1,0,1,"gold,oil,silver",736.955710676567,6.60252779632197,0.0,0.14130504972118804,4.8763697050284645,1.584401030120543,0.0,0.21495757458178202,0.13130504972118803,1,1
4710,2017-05-03,49.00396825396825,1,1,1,1,"gas,gold,oil,silver",998.0369650173641,6.905790314721089,0.0,0.07737375210413018,6.274023277756958,1.836417819955572,0.0,0.11906062815619528,0.06737375210413019,1,1
4711,2015-11-09,47.46825396825397,1,1,1,1,"gas,gold,oil,silver",1061.0526250754376,6.967016736889565,0.0,0.267692307317987,2.979256925895252,1.091673915697078,0.0,0.4045384609769805,0.257692307317987,1,1
4712,2017-01-19,48.71031746031746,1,1,1,1,"gas,gold,oil,silver",983.9594423816905,6.891584679111028,0.0,0.11376541382460927,7.6160477829093844,2.030257571485846,0.0,0.1736481207369139,0.10376541382460927,1,1
4713,2015-07-30,47.182539682539684,0,1,0,0,silver,,,,,2.9649289153914986,1.0868530575894437,0.0,0.4576506159203824,0.29310041061358827,1,1
4714,2015-06-24,47.07936507936508,1,1,0,1,"gold,oil,silver",743.9708180598411,6.612001811026,0.0,0.31588667013699984,8.414832347813693,2.129995904427511,0.0,0.4768300052054998,0.3058866701369998,1,1
4715,2017-02-07,48.76190476190476,1,1,1,1,"gas,gold,oil,silver",960.8968745404703,6.86786709264027,0.0,0.10737228406290347,7.64307870112544,2.033800493358777,0.0,0.1640584260943552,0.09737228406290348,1,1
4716,2015-12-10,47.55952380952381,1,1,1,1,"gas,gold,oil,silver",665.2457120232499,6.500156464174868,0.0,0.25638138543189215,6.599034014452682,1.8869232768739348,0.0,0.3875720781478383,0.24638138543189214,1,1
4717,2017-05-22,49.05555555555556,1,1,0,1,"gold,oil,silver",1034.6957717583095,6.9418627221604075,0.0,0.07098062234242439,7.492766871776433,2.013938138096403,0.0,0.10947093351363658,0.060980622342424386,1,1
4718,2015-09-09,47.29761904761905,1,1,1,1,"gas,gold,oil,silver",664.5820088105298,6.49915828485069,0.0,0.28883881345285994,9.548131907632907,2.2563455235919743,0.0,0.43625822017928995,0.27883881345285993,1,1
4719,2017-02-14,48.78174603174603,1,1,1,1,"gas,gold,oil,silver",886.4554804217528,6.787230904762813,0.0,0.10491338800070893,7.949216180141629,2.073073330112686,0.0,0.1603700820010634,0.09491338800070893,1,1
4720,2015-07-02,47.1031746031746,1,1,1,0,"gas,gold,silver",1361.999686895669,7.216709256823726,0.0,0.31293599486236634,7.118793764796704,1.96273829601489,0.0,0.47240399229354957,0.30293599486236633,1,1
4721,2015-10-13,47.392857142857146,1,1,1,1,"gas,gold,oil,silver",984.940166727118,6.892580894887597,0.0,0.2770361123543262,8.004734008265658,2.080033117697441,0.0,0.4185541685314893,0.26703611235432617,1,1
4722,2015-10-19,47.40873015873016,1,1,1,1,"gas,gold,oil,silver",1017.6487522722065,6.925250100510785,0.0,0.2750689955045706,5.280401333661377,1.6640021049926836,0.0,0.4156034932568559,0.2650689955045706,1,1
4723,2016-09-21,48.36904761904762,1,1,1,1,"gas,gold,oil,silver",1085.1603496756495,6.989483042774523,0.0,0.15605842609435525,8.296084704616709,2.115783681171233,0.0,0.23708763914153283,0.14605842609435524,1,1
4724,2017-05-30,49.07936507936508,1,1,0,1,"gold,oil,silver",1033.9362366698367,6.941128386503307,0.0,0.06802994706779096,8.700872352180419,2.1634232909993663,0.0,0.10504492060168646,0.058029947067790966,1,1
4725,2015-11-03,47.45238095238095,1,1,1,0,"gas,gold,silver",1093.7875143539852,6.997401735921562,0.0,0.2696594241677426,4.5495203018448915,1.5150217992389614,0.0,0.4074891362516139,0.25965942416774257,1,1
4726,2017-10-17,49.476190476190474,1,1,1,1,"gas,gold,oil,silver",826.8728240561903,6.7176509033388525,0.0,0.018852025823900328,5.622749279409366,1.7268207399128717,0.0,0.03127803873585049,0.008852025823900328,1,1
4727,2015-07-16,47.142857142857146,1,1,1,1,"gas,gold,oil,silver",576.0512387028632,6.356196612820893,0.0,0.3080182027379773,3.7829167655218523,1.3304953431677218,0.0,0.465027304106966,0.2980182027379773,1,1
4728,2015-07-23,47.16269841269841,1,1,1,1,"gas,gold,oil,silver",916.3093279633368,6.820354001951368,0.0,0.3055593066757828,5.218549173308336,1.6522194271153097,0.0,0.46133896001367425,0.2955593066757828,1,1
4729,2015-09-01,47.273809523809526,1,1,1,0,"gas,gold,silver",908.9237298078662,6.812261185055299,0.0,0.2917894887274934,7.343151775095476,1.9937681476138218,0.0,0.4406842330912401,0.2817894887274934,1,1
4730,2015-06-17,47.05952380952381,1,0,0,1,"gold,oil",864.5191915449724,6.762173504466264,0.0,0.31834556619919435,,,,,0.30834556619919434,1,1
4731,2016-11-22,48.54365079365079,1,1,0,1,"gold,oil,silver",1055.774273206488,6.962029684983794,0.0,0.13442014074704334,6.852168524469035,1.9245651750906891,0.0,0.204630211120565,0.12442014074704334,1,1
4732,2016-10-11,48.42460317460318,1,1,1,1,"gas,gold,oil,silver",1015.73275724132,6.9233655593275625,0.0,0.1491735171202105,4.659881402302008,1.5389899976639103,0.0,0.22676027568031576,0.1391735171202105,1,1
4733,2017-10-31,49.51587301587302,1,1,1,1,"gas,gold,oil,silver",798.2329609668046,6.682400485882331,0.0,0.013934233699511262,5.258153119208219,1.6597798470720022,0.0,0.02390135054926689,0.003934233699511261,1,1
4734,2017-11-09,49.54365079365079,1,1,1,1,"gas,gold,oil,silver",792.280753817655,6.674915816142207,0.0,0.01049177921243892,4.974641243455998,1.6043532561422291,0.0,0.01873766881865838,0.0004917792124389204,1,1
4735,2015-07-03,47.107142857142854,1,0,1,1,"gas,gold,oil",882.544907183537,6.782809673839741,0.0,0.31244421564992747,,,,,0.30244421564992746,1,1
4736,2015-10-22,47.42063492063492,1,1,1,1,"gas,gold,oil,silver",432.3601629899901,6.069258951525427,0.0,0.27359365786725387,3.1708287831005535,1.1539929994912441,0.0,0.4133904868008808,0.26359365786725386,1,1
4737,2016-01-25,47.68650793650794,1,1,1,1,"gas,gold,oil,silver",918.8689138108404,6.8231434721499005,0.0,0.24064445063384712,3.254795727388908,1.1801295171287096,0.0,0.3639666759507707,0.23064445063384711,1,1
4738,2017-05-15,49.035714285714285,1,1,1,1,"gas,gold,oil,silver",1031.268447506515,6.93854482598006,0.0,0.07343951840461892,6.405143765964639,1.8571013809929107,0.0,0.11315927760692839,0.06343951840461892,1,1
4739,2017-01-02,48.65873015873016,1,1,1,1,"gas,gold,oil,silver",944.5474930097047,6.850705969435668,0.0,0.12015854358631506,7.368206118206624,1.9971742733454625,0.0,0.1832378153794726,0.11015854358631506,1,1
4740,2017-10-06,49.448412698412696,1,1,1,1,"gas,gold,oil,silver",788.0221459073415,6.6695261934062975,0.0,0.02229448031097267,4.941451377159747,1.5976590890932392,0.0,0.03644172046645901,0.012294480310972668,1,1
4741,2016-06-14,48.08730158730159,1,1,1,1,"gas,gold,oil,silver",1028.4728926897849,6.935830352586017,0.0,0.19097475017751758,5.56983094526487,1.717364702538714,0.0,0.2894621252662764,0.18097475017751757,1,1
4742,2017-03-17,48.87301587301587,1,1,1,1,"gas,gold,oil,silver",1047.5797035094595,6.954237738170825,0.0,0.0936024661146141,6.926300881577945,1.9353258873666923,0.0,0.14340369917192117,0.08360246611461411,1,1
4743,2017-08-07,49.273809523809526,1,1,1,1,"gas,gold,oil,silver",879.6012674422609,6.779468699609833,0.0,0.04393276565828455,5.808590901040158,1.7593380115072244,0.0,0.06889914848742683,0.03393276565828455,1,1
4744,2017-04-17,48.95634920634921,1,1,1,1,"gas,gold,oil,silver",813.5180077863805,6.701368062598947,0.0,0.08327510265339705,6.174579252527964,1.8204407429501586,0.0,0.12791265398009558,0.07327510265339705,1,1
4745,2018-06-08,50.142857142857146,1,0,0,1,"gold,oil",893.6304575781793,6.795292331303705,0.0,0.05889291549070104,,,,,0.04889291549070104,1,1
4746,2017-12-20,49.65873015873016,1,1,1,1,"gas,gold,oil,silver",757.0557260092429,6.629436865007103,0.0,0.35713969998397743,3.5543130404768024,1.2681618070231535,0.0,0.5387095499759662,0.3471396999839774,1,1
4747,2018-02-27,49.8531746031746,1,0,1,0,"gas,gold",1012.8153288468682,6.920489186392743,0.0,0.23735205703175988,,,,,0.22735205703175987,1,1
4748,2018-02-22,49.84126984126984,1,1,1,1,"gas,gold,oil,silver",770.4790983168392,6.647012526964362,0.0,0.24468599435536506,5.944040254120358,1.782389079620043,0.0,0.3700289915330476,0.23468599435536505,1,1
4749,2017-12-22,49.666666666666664,1,1,1,0,"gas,gold,silver",810.6002965605154,6.697775080047232,0.0,0.35225040843490735,2.423993770343062,0.8854164982132796,0.0,0.531375612652361,0.34225040843490734,1,1
4750,2018-06-06,50.13492063492063,1,1,1,0,"gas,gold,silver",990.2300460330148,6.897937285865289,0.0,0.06378220703977114,5.835588224726723,1.7639750703793642,0.0,0.09867331055965671,0.053782207039771136,1,1
4751,2018-07-05,50.21825396825397,1,1,1,0,"gas,gold,silver",885.3459680639581,6.785978492982962,0.0,0.012444645774535069,5.5367263916568605,1.7114034220735412,0.0,0.0216669686618026,0.002444645774535068,1,1
4752,2018-03-09,49.88492063492063,1,1,0,1,"gold,oil,silver",840.3844415933772,6.73385945570259,0.0,0.21779489083547945,6.435900073324893,1.861891702801539,0.0,0.3296923362532192,0.20779489083547945,1,1
4753,2018-05-07,50.04761904761905,1,1,1,1,"gas,gold,oil,silver",835.1398756467535,6.727599226566275,0.0,0.11756441407954231,10.15228888326808,2.317699185805896,0.0,0.17934662111931346,0.10756441407954231,1,1
4754,2018-05-31,50.11904761904762,1,1,0,1,"gold,oil,silver",1023.102092928147,6.9305945585559,0.0,0.07356079013791136,5.45061092673519,1.6957276990414516,0.0,0.11334118520686705,0.06356079013791137,1,1
4755,2018-01-10,49.71825396825397,1,1,1,1,"gas,gold,oil,silver",736.4718781464767,6.601871052073185,0.0,0.32047001336595166,4.074295546279142,1.4046978596699877,0.0,0.4837050200489275,0.31047001336595165,1,1
4756,2018-04-27,50.023809523809526,1,1,0,0,"gold,silver",980.4040842532568,6.887964817550275,0.0,0.13223228872675263,6.284885426581416,1.8381476122151759,0.0,0.20134843309012895,0.12223228872675264,1,1
4757,2018-01-16,49.73412698412698,1,1,0,1,"gold,oil,silver",1030.7945264359125,6.938085168748505,0.0,0.3106914302678115,8.207396656747882,2.1050357789951657,0.0,0.46903714540171726,0.3006914302678115,1,1
4758,2018-02-14,49.817460317460316,1,0,1,0,"gas,gold",1052.5836038040525,6.9590029959449025,0.0,0.25935386900257534,,,,,0.24935386900257533,1,1
4759,2018-01-09,49.714285714285715,1,1,1,1,"gas,gold,oil,silver",776.5406177334422,6.654848949956608,0.0,0.3229146591404867,7.733573872168964,2.04557109368021,0.0,0.48737198871073006,0.3129146591404867,1,1
4760,2018-01-23,49.75396825396825,1,1,1,1,"gas,gold,oil,silver",1499.3946810475086,7.312816759675387,0.0,0.2984682013951362,9.888795493134895,2.291402347836872,0.0,0.4507023020927043,0.2884682013951362,1,1
4761,2018-04-16,49.98809523809524,1,1,0,0,"gold,silver",746.5536027207022,6.615467419787433,0.0,0.1542341006975681,6.485760929496064,1.8696091477386492,0.0,0.23435115104635212,0.1442341006975681,1,1
4762,2018-04-19,50.0,1,1,0,0,"gold,silver",976.2598484719543,6.883728789166473,0.0,0.14690016337396294,7.051905594162718,1.9532978773448697,0.0,0.22335024506094436,0.13690016337396294,1,1
4763,2018-01-30,49.773809523809526,1,1,1,1,"gas,gold,oil,silver",745.1171175457571,6.613541410783592,0.0,0.28624497252246095,5.837544814981961,1.7643103000502514,0.0,0.43236745878369137,0.27624497252246094,1,1
4764,2018-06-12,50.15079365079365,1,1,0,0,"gold,silver",886.0458253031375,6.78676867082867,0.0,0.05400362394163095,6.043618401943386,1.7990029057434618,0.0,0.08400543591244641,0.044003623941630945,1,1
4765,2018-02-23,49.845238095238095,1,1,1,1,"gas,gold,oil,silver",739.3204810057088,6.605731495419836,0.0,0.24224134858083,6.145944533960709,1.815792438929644,0.0,0.366362022871245,0.23224134858082998,1,1
4766,2018-01-12,49.726190476190474,1,1,0,1,"gold,oil,silver",730.9115784042569,6.594292492658257,0.0,0.31558072181688157,6.8729034296552705,1.9275866413576879,0.0,0.47637108272532236,0.30558072181688156,1,1
4767,2018-06-20,50.17460317460318,1,1,0,1,"gold,oil,silver",917.2863545838561,6.8214196967741545,0.0,0.039335749294420616,5.392975850819692,1.6850973384699839,0.0,0.06200362394163092,0.029335749294420614,1,1
4768,2018-01-22,49.75,1,1,0,1,"gold,oil,silver",1056.994660646702,6.963184934435248,0.0,0.30091284716967126,7.144433843885431,1.9663335701577136,0.0,0.4543692707545069,0.29091284716967125,1,1
4769,2018-06-15,50.16269841269841,1,1,1,1,"gas,gold,oil,silver",852.8771977838247,6.748615572044271,0.0,0.04666968661802578,5.63064400159206,1.7282238231039977,0.0,0.07300452992703867,0.036669686618025776,1,1
4770,2018-03-27,49.932539682539684,1,1,1,0,"gas,gold,silver",881.3818304475872,6.781490937772428,0.0,0.18845914154105886,4.8261332182516785,1.5740455711011025,0.0,0.28568871231158827,0.17845914154105885,1,1
4771,2018-01-25,49.76190476190476,1,1,1,1,"gas,gold,oil,silver",590.1110850149095,6.380310798863657,0.0,0.2935789098460661,4.568801608824375,1.5192509405012624,0.0,0.44336836476909913,0.2835789098460661,1,1
4772,2017-12-14,49.642857142857146,1,1,1,1,"gas,gold,oil,silver",653.1117158544981,6.481748195584794,0.0,0.3669182830821177,3.846915342899472,1.3472716175232062,0.0,0.5533774246231765,0.3569182830821177,1,1
4773,2018-04-17,49.992063492063494,1,1,1,1,"gas,gold,oil,silver",847.6678778542405,6.742488905601877,0.0,0.15178945492303308,5.019969497452718,1.6134238574805397,0.0,0.23068418238454957,0.14178945492303308,1,1
4774,2018-04-24,50.01190476190476,1,1,1,1,"gas,gold,oil,silver",1012.7465969802234,6.920421321899641,0.0,0.13956622605035782,4.917337834560883,1.5927672935254986,0.0,0.21234933907553669,0.1295662260503578,1,1
4775,2018-05-25,50.1031746031746,1,1,0,0,"gold,silver",931.0946360053781,6.836360921955731,0.0,0.08333937323605155,5.931809003130778,1.7803292260383088,0.0,0.12800905985407734,0.07333937323605155,1,1
4776,2018-01-18,49.742063492063494,0,1,1,0,"gas,silver",,,,,3.393821048467639,1.2219564395727263,0.0,0.46170320807811205,0.29580213871874134,1,1
4777,2018-05-17,50.07936507936508,1,1,1,1,"gas,gold,oil,silver",901.1823966788484,6.8037076751658585,0.0,0.09800724788326189,5.456006877216583,1.696717181027277,0.0,0.1500108718248928,0.08800724788326189,1,1
4778,2018-01-26,49.76587301587302,1,1,1,1,"gas,gold,oil,silver",964.3384346140045,6.871442306249794,0.0,0.29113426407153103,4.143895442857056,1.4216362736680879,0.0,0.4397013961072965,0.281134264071531,1,1
4779,2018-02-13,49.81349206349206,1,1,1,1,"gas,gold,oil,silver",1261.961307010824,7.140422382576315,0.0,0.2617985147771104,3.936025192638746,1.3701713797383106,0.0,0.3956977721656656,0.2517985147771104,1,1
4780,2018-04-11,49.976190476190474,1,1,1,0,"gas,gold,silver",974.2163362698906,6.881633390139555,0.0,0.16156803802117325,4.485737063882018,1.5009028217814835,0.0,0.24535205703175986,0.15156803802117325,1,1
4781,2018-04-18,49.99603174603175,1,1,0,1,"gold,oil,silver",765.5969670528523,6.640655878601185,0.0,0.14934480914849801,3.491065047624222,1.2502068608980967,0.0,0.22701721372274697,0.139344809148498,1,1
4782,2017-12-26,49.67460317460318,1,1,1,1,"gas,gold,oil,silver",1019.9437838610914,6.927502790897817,0.0,0.34736111688583726,2.3761394749901976,0.8654771013727284,0.0,0.5240416753287559,0.33736111688583725,1,1
4783,2018-03-14,49.8968253968254,1,1,1,1,"gas,gold,oil,silver",730.4251130045132,6.593626711225992,0.0,0.2104609535118743,2.308022624657693,0.8363911513091122,0.0,0.31869143026781144,0.2004609535118743,1,1
4784,2017-12-25,49.67063492063492,1,1,0,1,"gold,oil,silver",862.068970300898,6.759335279412905,0.0,0.3498057626603723,5.049370223409588,1.6192635272748248,0.0,0.5277086439905585,0.33980576266037227,1,1
4785,2018-02-21,49.83730158730159,1,1,1,1,"gas,gold,oil,silver",950.3404842051389,6.856820324809524,0.0,0.24713064012990013,6.3385252003920485,1.8466461231546238,0.0,0.3736959601948502,0.23713064012990012,1,1
4786,2018-04-10,49.97222222222222,1,1,1,0,"gas,gold,silver",646.11886425807,6.470983487256094,0.0,0.16401268379570833,5.955426187535551,1.7843027682624406,0.0,0.24901902569356246,0.15401268379570832,1,1
4787,2017-12-11,49.63095238095238,1,1,1,1,"gas,gold,oil,silver",626.1818611450353,6.439640841920603,0.0,0.3742522204057228,4.823418993457795,1.5734830113458071,0.0,0.5643783306085842,0.3642522204057228,1,1
4788,2018-04-09,49.96825396825397,1,1,0,1,"gold,oil,silver",994.9808001890399,6.902723440679995,0.0,0.16645732957024337,2.8712525139950245,1.0547483505958941,0.0,0.25268599435536504,0.15645732957024336,1,1
4789,2018-04-04,49.95634920634921,1,1,1,1,"gas,gold,oil,silver",614.6026970451829,6.420976037980252,0.0,0.17379126689384852,3.8752036578196583,1.354598218280933,0.0,0.26368690034077275,0.16379126689384851,1,1
4790,2018-02-02,49.785714285714285,1,1,0,0,"gold,silver",893.7601723703752,6.795437475616594,0.0,0.2789110351988558,10.691278815080999,2.369428345111467,0.0,0.4213665527982837,0.2689110351988558,1,1
4791,2018-05-23,50.095238095238095,1,1,1,0,"gas,gold,silver",922.3833798877868,6.826960950457507,0.0,0.08822866478512169,5.50011751809911,1.7047694589372666,0.0,0.13534299717768253,0.0782286647851217,1,1
4792,2018-06-29,50.20238095238095,1,1,1,1,"gas,gold,oil,silver",884.9104810126341,6.785486488493628,0.0,0.02222322887267526,5.427788953944778,1.6915318602190912,0.0,0.03633484330901289,0.01222322887267526,1,1
4793,2018-06-05,50.13095238095238,1,1,1,1,"gas,gold,oil,silver",977.2491971011427,6.884741683082696,0.0,0.0662268528143062,6.407044416855204,1.8573980751840022,0.0,0.1023402792214593,0.0562268528143062,1,1
4794,2018-03-13,49.892857142857146,1,1,0,1,"gold,oil,silver",785.171478225798,6.665902137526822,0.0,0.21290559928640937,3.1450906595700774,1.145842716309288,0.0,0.32235839892961404,0.20290559928640936,1,1
4795,2023-03-09,55.05952380952381,1,1,1,1,"gas,gold,oil,silver",1966.4144000259294,7.583967061824994,0.0,0.1558678502342139,16.551301389631544,2.8064647325461904,0.0,0.2368017753513208,0.1458678502342139,1,1
4796,2021-10-12,53.6031746031746,1,1,1,0,"gas,gold,silver",2107.836905281519,7.653417537257042,0.0,0.40370813280808654,19.89996886529025,2.990718167170944,0.0,0.6085621992121297,0.39370813280808653,1,1
4797,2021-10-29,53.654761904761905,1,0,1,0,"gas,gold",958.7266073328116,6.865605953252445,0.0,0.3949290492291755,,,,,0.3849290492291755,1,1
4798,2022-08-01,54.432539682539684,1,1,1,1,"gas,gold,oil,silver",1978.7904152655622,7.590241035631272,0.0,0.26256748142405545,29.722845131484853,3.39191594647505,0.0,0.3968512221360832,0.25256748142405544,1,1
4799,2022-02-24,53.98809523809524,1,1,1,1,"gas,gold,oil,silver",2082.5566591745437,7.641351580957582,0.0,0.3382026630269812,9.357988274222198,2.236230339421461,0.0,0.5103039945404717,0.3282026630269812,1,1
4800,2022-04-28,54.166666666666664,1,1,1,1,"gas,gold,oil,silver",2195.2998987766805,7.69407394432077,0.0,0.30781352756152,10.142107521489184,2.3166958189227422,0.0,0.46472029134228,0.29781352756151996,1,1
4801,2021-11-19,53.714285714285715,1,0,0,1,"gold,oil",1698.6963435856255,7.437616379144951,0.0,0.3847993374073551,,,,,0.3747993374073551,1,1
4802,2023-06-01,55.29761904761905,1,1,1,0,"gas,gold,silver",1773.6368328567326,7.4807874253714965,0.0,0.11534900294693225,27.05423319514015,3.2978434882476604,0.0,0.17602350442039835,0.10534900294693225,1,1
4803,2023-03-21,55.09126984126984,1,1,1,1,"gas,gold,oil,silver",1437.232444539166,7.2704746298100265,0.0,0.15046533726257633,10.40399388288012,2.3421897596277663,0.0,0.22869800589386444,0.14046533726257632,1,1
4804,2022-11-02,54.698412698412696,1,1,1,1,"gas,gold,oil,silver",1836.3342552220097,7.515526610831351,0.0,0.217321435286591,34.798102359736674,3.5495628554009957,0.0,0.3289821529298865,0.207321435286591,1,1
4805,2021-12-27,53.817460317460316,1,1,1,1,"gas,gold,oil,silver",1719.995026519532,7.450076678244907,0.0,0.36724117024953307,21.629181895435288,3.0740434165698423,0.0,0.5538617553742995,0.35724117024953306,1,1
4806,2023-11-20,55.78174603174603,1,1,1,1,"gas,gold,oil,silver",1707.109593810118,7.442556923317092,0.0,0.03296068012945958,15.768807150944093,2.7580337577173712,0.0,0.052441020194189364,0.02296068012945958,1,1
4807,2023-10-06,55.65873015873016,1,1,0,1,"gold,oil,silver",1773.355334005705,7.480628699984816,0.0,0.053895417894555105,16.138706773976022,2.7812205341034537,0.0,0.08384312684183265,0.0438954178945551,1,1
4808,2022-02-14,53.95634920634921,1,1,1,1,"gas,gold,oil,silver",1232.9835802924556,7.117192186200131,0.0,0.3436051759986188,15.856261007644568,2.763564438580086,0.0,0.5184077639979281,0.3336051759986188,1,1
4809,2021-11-09,53.682539682539684,1,1,0,1,"gold,oil,silver",2964.133463335673,7.994340013518191,0.0,0.39020185037899263,15.739908412197156,2.756199424179263,0.0,0.5883027755684889,0.3802018503789926,1,1
4810,2023-08-24,55.535714285714285,0,0,0,1,oil,,,,,,,,,0.06483015565965063,1,1
4811,2023-11-16,55.773809523809526,1,1,0,1,"gold,oil,silver",1770.6833874560293,7.479120845660457,0.0,0.034311308372368995,16.732145981450923,2.8173317782281773,0.0,0.05446696255855349,0.024311308372368997,1,1
4812,2023-12-26,55.88492063492063,1,1,1,1,"gas,gold,oil,silver",1779.559891667718,7.484121360842279,0.0,0.01540251297163753,16.571359112255777,2.8076758505404604,0.0,0.026103769457456294,0.005402512971637529,1,1
4813,2022-01-03,53.83730158730159,1,1,0,1,"gold,oil,silver",1383.2664814683437,7.232202996739474,0.0,0.3638645996422596,8.199499779090575,2.104073149859546,0.0,0.5487968994633894,0.3538645996422596,1,1
4814,2022-08-04,54.44444444444444,1,1,0,0,"gold,silver",2237.5460017545297,7.713135009381033,0.0,0.2605415390596914,11.446802157174627,2.4377104034092065,0.0,0.3938123085895371,0.2505415390596914,1,1
4815,2022-03-04,54.01190476190476,1,0,1,1,"gas,gold,oil",1330.1634817424704,7.193057132265288,0.0,0.33415077829825307,,,,,0.32415077829825306,1,1
4816,2023-02-01,54.95634920634921,1,1,0,1,"gold,oil,silver",1292.726112994385,7.164508533437378,0.0,0.1734260173920359,12.268469288386072,2.5070324985678223,0.0,0.26313902608805384,0.16342601739203588,1,1
4817,2022-08-05,54.448412698412696,1,1,0,1,"gold,oil,silver",2046.6873131114305,7.623977820261658,0.0,0.2598662249382367,10.952239606220894,2.3935439655975337,0.0,0.39279933740735506,0.2498662249382367,1,1
4818,2022-08-23,54.49603174603175,1,1,1,1,"gas,gold,oil,silver",2471.0836835494306,7.812412071683648,0.0,0.2517624554807804,21.005621344127515,3.044790084956398,0.0,0.3806436832211706,0.2417624554807804,1,1
4819,2023-03-17,55.083333333333336,1,1,0,1,"gold,oil,silver",2027.874188952756,7.614743325781155,0.0,0.15181596550548573,14.175121811177787,2.651488442958042,0.0,0.23072394825822856,0.14181596550548572,1,1
4820,2021-12-13,53.77777777777778,1,1,0,1,"gold,oil,silver",1234.8377653608827,7.118694876352804,0.0,0.37399431146407996,13.260359121530504,2.5847790674626587,0.0,0.5639914671961199,0.36399431146407996,1,1
4821,2022-10-11,54.63492063492063,1,1,1,1,"gas,gold,oil,silver",1627.7079590148417,7.394928144116309,0.0,0.22812646122986616,12.158850139190276,2.498057311145003,0.0,0.3451896918447992,0.21812646122986615,1,1
4822,2021-09-17,53.535714285714285,1,0,0,1,"gold,oil",1637.3543374426213,7.400837009319231,0.0,0.4151884728728163,,,,,0.4051884728728163,1,1
4823,2022-09-30,54.607142857142854,1,1,1,1,"gas,gold,oil,silver",1844.2231829940201,7.519813428785177,0.0,0.23285366008004896,17.22666188416458,2.846458293184173,0.0,0.3522804901200734,0.22285366008004895,1,1
4824,2022-05-23,54.23412698412698,1,1,1,1,"gas,gold,oil,silver",2052.417666086063,7.626773726556619,0.0,0.2963331874967902,9.79291005310159,2.2816586598809545,0.0,0.4474997812451853,0.2863331874967902,1,1
4825,2023-02-23,55.01984126984127,1,1,1,1,"gas,gold,oil,silver",1242.736583730537,7.125071149286283,0.0,0.1626209914487608,18.61980305700199,2.924225694832834,0.0,0.24693148717314115,0.1526209914487608,1,1
4826,2021-12-03,53.75396825396825,1,1,1,0,"gas,gold,silver",1107.0283307030368,7.009434524705492,0.0,0.37804619619280816,6.65158813967843,1.8948556441520408,0.0,0.5700692942892122,0.36804619619280815,1,1
4827,2022-05-30,54.25396825396825,1,1,1,1,"gas,gold,oil,silver",1518.8589162027886,7.325714618889712,0.0,0.29295661688951674,25.15714505003903,3.2251419536147776,0.0,0.4424349253342751,0.28295661688951673,1,1
4828,2022-08-29,54.51190476190476,1,1,1,0,"gas,gold,silver",2665.841814086882,7.888275164427233,0.0,0.24906119899496162,18.471157439689733,2.9162104581756982,0.0,0.37659179849244245,0.23906119899496162,1,1
4829,2022-09-09,54.54761904761905,1,1,1,1,"gas,gold,oil,silver",2247.7742826539043,7.717695797900247,0.0,0.24298337190186942,11.074010184180718,2.404600938048241,0.0,0.3674750578528041,0.2329833719018694,1,1
4830,2023-01-27,54.94444444444444,1,0,0,1,"gold,oil",1857.3810512820946,7.526922737546624,0.0,0.1754519597564,,,,,0.16545195975639998,1,1
4831,2022-03-02,54.00396825396825,0,1,0,1,"oil,silver",,,,,8.054458782591423,2.0862258241284217,0.0,0.5062521098117436,0.3255014065411624,1,1
4832,2021-09-15,53.52777777777778,1,1,1,0,"gas,gold,silver",1708.570917963434,7.443412579598432,0.0,0.41653910111572573,5.578477376392863,1.7189158675428045,0.0,0.6278086516735886,0.4065391011157257,1,1
4833,2023-12-15,55.857142857142854,1,1,0,0,"gold,silver",1796.6791108125433,7.4936953014516945,0.0,0.02012971182182042,17.45804002022982,2.8598002886824987,0.0,0.03319456773273063,0.010129711821820419,1,1
4834,2023-09-14,55.595238095238095,1,1,1,1,"gas,gold,oil,silver",1613.6362201300817,7.386245433171717,0.0,0.0647004438378302,14.604945250944697,2.681360187181168,0.0,0.1000506657567453,0.05470044383783021,1,1
4835,2022-03-14,54.035714285714285,1,1,1,0,"gas,gold,silver",1817.2023063727468,7.505053403074816,0.0,0.3300988935695249,12.167445892653403,2.498764015840993,0.0,0.4981483403542873,0.32009889356952487,1,1
4836,2021-10-27,53.6468253968254,1,1,1,1,"gas,gold,oil,silver",2165.349782784935,7.680337189874045,0.0,0.39627967747208487,20.005319671235096,2.9959982217483896,0.0,0.5974195162081273,0.38627967747208486,1,1
4837,2023-04-21,55.182539682539684,1,1,1,1,"gas,gold,oil,silver",1408.2910921935354,7.250132256964612,0.0,0.13493311246911835,19.14245487280128,2.9519086365674028,0.0,0.2053996687036775,0.12493311246911835,1,1
4838,2023-02-10,54.98412698412698,1,1,1,1,"gas,gold,oil,silver",1635.5316512613012,7.39972319944254,0.0,0.16869881854185306,16.620937122901488,2.8106631730905107,0.0,0.2560482278127796,0.15869881854185305,1,1
4839,2022-11-09,54.71825396825397,1,1,1,1,"gas,gold,oil,silver",1838.1499706307338,7.516514894054196,0.0,0.21394486467931753,12.915097383115343,2.5583969668302813,0.0,0.32391729701897626,0.20394486467931752,1,1
4840,2023-02-21,55.01190476190476,1,1,1,0,"gas,gold,silver",1559.850901572172,7.3523455197606395,0.0,0.1639716196916702,13.83570751572237,2.627252751484785,0.0,0.24895742953750527,0.1539716196916702,1,1
4841,2023-05-03,55.214285714285715,1,1,1,1,"gas,gold,oil,silver",1931.8461236890998,7.566231365476888,0.0,0.12953059949748078,22.373155082000533,3.107861806325635,0.0,0.19729589924622115,0.11953059949748078,1,1
4842,2023-06-13,55.32936507936508,1,1,1,1,"gas,gold,oil,silver",1655.8205306754967,7.412051953876233,0.0,0.10994648997529467,13.557510724072824,2.606940690739428,0.0,0.167919734962942,0.09994648997529468,1,1
4843,2023-09-07,55.57539682539682,1,1,0,0,"gold,silver",1533.8357508569961,7.335526903741471,0.0,0.06807701444510368,14.459615128683865,2.6713596001028077,0.0,0.10511552166765552,0.05807701444510368,1,1
4844,2022-12-15,54.82142857142857,1,1,0,1,"gold,oil,silver",1251.136876719863,7.1318079183264675,0.0,0.1963866975214955,7.394156939527942,2.0006900855431695,0.0,0.29758004628224327,0.1863866975214955,1,1
4845,2023-04-14,55.16269841269841,1,1,1,1,"gas,gold,oil,silver",1842.4997916534687,7.518878510985314,0.0,0.13830968307639185,17.437845863667203,2.8586428938604223,0.0,0.21046452461458773,0.12830968307639185,1,1
4846,2022-03-09,54.023809523809526,1,0,1,1,"gas,gold,oil",1802.9080157944438,7.497156204594316,0.0,0.332124835933889,,,,,0.32212483593388896,1,1
4847,2021-11-26,53.73412698412698,1,0,0,0,gold,1158.9374216655256,7.05525884849597,0.0,0.38142276680008164,,,,,0.3714227668000816,1,1
4848,2023-01-31,54.95238095238095,1,1,1,1,"gas,gold,oil,silver",1445.9016990941927,7.276488419145219,0.0,0.17410133151349064,11.253611136746406,2.420689067077196,0.0,0.2641519972702359,0.16410133151349063,1,1
4849,2022-04-15,54.13095238095238,1,1,1,1,"gas,gold,oil,silver",1725.8072283182496,7.453450178452416,0.0,0.3138913546546122,22.050431771688885,3.0933321831836293,0.0,0.4738370319819183,0.3038913546546122,1,1
4850,2022-06-08,54.28174603174603,1,1,1,1,"gas,gold,oil,silver",1655.2762315060784,7.411723181138125,0.0,0.2882294180393339,15.168357990826271,2.719211546950017,0.0,0.43534412705900083,0.2782294180393339,1,1
4851,2021-09-30,53.57142857142857,1,1,1,1,"gas,gold,oil,silver",1264.7117461991318,7.142599506578335,0.0,0.40911064577972406,17.25380091210809,2.8480324619363784,0.0,0.616665968669586,0.39911064577972405,1,1
4852,2021-09-21,53.54365079365079,1,1,1,1,"gas,gold,oil,silver",1093.771737248326,6.99738731152995,0.0,0.4138378446299069,9.38154552701767,2.238744517784092,0.0,0.6237567669448604,0.4038378446299069,1,1
4853,2021-12-17,53.79365079365079,1,1,0,0,"gold,silver",1576.0143809380547,7.362654395336887,0.0,0.3712930549782612,6.829595460829836,1.9212654420818183,0.0,0.5599395824673917,0.3612930549782612,1,1
4854,2023-08-10,55.49603174603175,1,1,1,1,"gas,gold,oil,silver",1610.5537560065493,7.384333346672168,0.0,0.08158329687419752,15.468422049752542,2.738800658720145,0.0,0.12537494531129628,0.07158329687419752,1,1
4855,2021-12-22,53.80555555555556,1,1,1,1,"gas,gold,oil,silver",1300.0377506215511,7.170148581967661,0.0,0.36926711261389716,13.150829334491066,2.5764848238967955,0.0,0.5569006689208457,0.35926711261389715,1,1
4856,2021-09-28,53.56349206349206,1,1,0,1,"gold,oil,silver",1389.9499233651743,7.237022999119783,0.0,0.41046127402263344,37.68249948557817,3.629195782051069,0.0,0.6186919110339502,0.40046127402263343,1,1
4857,2022-06-23,54.32539682539682,1,1,1,0,"gas,gold,silver",1302.8884645669432,7.17233897451012,0.0,0.28080096270333227,19.11711791943386,2.950584159830094,0.0,0.4242014440549984,0.27080096270333226,1,1
4858,2022-01-26,53.904761904761905,1,1,0,0,"gold,silver",1464.52275927577,7.289284706792831,0.0,0.3523842595775298,8.597089083780453,2.151423667332461,0.0,0.5315763893662947,0.34238425957752977,1,1
4859,2022-10-28,54.68650793650794,1,1,1,0,"gas,gold,silver",1387.0930638952061,7.234965515320729,0.0,0.2193473776509551,16.39347758355752,2.7968835474035605,0.0,0.33202106647643265,0.2093473776509551,1,1
4860,2023-07-14,55.42063492063492,1,1,0,0,"gold,silver",1888.7952366401864,7.543694463870721,0.0,0.09441426518183672,13.092659061548993,2.572051696156251,0.0,0.14462139777275507,0.08441426518183673,1,1
4861,2022-05-24,54.23809523809524,1,1,1,1,"gas,gold,oil,silver",1119.3183735643183,7.020475183988152,0.0,0.2956578733753355,14.8328733237543,2.696845888141474,0.0,0.4464868100630033,0.2856578733753355,1,1
4862,2023-09-15,55.59920634920635,1,1,1,0,"gas,gold,silver",1568.724489320464,7.358018140960118,0.0,0.06402512971637551,14.544825226851884,2.677235275845538,0.0,0.09903769457456328,0.05402512971637552,1,1
4863,2023-06-19,55.345238095238095,0,1,0,0,silver,,,,,15.673836437727793,2.7519928533157807,0.0,0.16386785023421382,0.09724523348947589,1,1
4864,2022-05-26,54.24603174603175,1,0,0,1,"gold,oil",1116.5830287541962,7.018028433722778,0.0,0.2943072451324261,,,,,0.2843072451324261,1,1
4865,2023-04-26,55.19444444444444,0,1,0,1,"oil,silver",,,,,13.329629841839727,2.5899893650008354,0.0,0.20236075515713137,0.12290717010475426,1,1
4866,2023-12-19,55.86507936507937,1,1,0,0,"gold,silver",1802.0423420843442,7.496675935164338,0.0,0.018779083578911004,17.461759214106852,2.860013302157527,0.0,0.031168625368366502,0.008779083578911002,1,1
4867,2022-11-07,54.71031746031746,1,1,1,0,"gas,gold,silver",1930.6725235051936,7.5656236789763325,0.0,0.21529549292222694,25.63889213589063,3.2441104226903557,0.0,0.3259432393833404,0.20529549292222693,1,1
4868,2023-07-26,55.45238095238095,1,1,1,1,"gas,gold,oil,silver",1621.4015659686095,7.391046218365777,0.0,0.08901175221019915,14.119770262102087,2.647575961543361,0.0,0.13651762831529873,0.07901175221019915,1,1
4869,2023-10-26,55.714285714285715,1,1,0,0,"gold,silver",1791.5262017268913,7.490823162218235,0.0,0.04444102019418937,17.119794443937515,2.8402353638621634,0.0,0.06966153029128405,0.03444102019418937,1,1
4870,2022-03-25,54.07142857142857,1,1,0,1,"gold,oil,silver",2448.129883308394,7.803079699131772,0.0,0.3240210664764327,18.33407045757561,2.908761102532942,0.0,0.489031599714649,0.3140210664764327,1,1
4871,2022-08-08,54.45238095238095,1,1,1,1,"gas,gold,oil,silver",1847.3901427166365,7.521529188384091,0.0,0.259190910816782,7.478672479902382,2.0120553002867867,0.0,0.39178636622517304,0.24919091081678205,1,1
4872,2022-05-05,54.18650793650794,1,1,1,1,"gas,gold,oil,silver",1204.5183264942264,7.093835036961368,0.0,0.3044369569542465,29.65818674264849,3.389738200068508,0.0,0.4596554354313698,0.2944369569542465,1,1
4873,2022-04-27,54.16269841269841,1,1,1,1,"gas,gold,oil,silver",2393.632101983402,7.780567199280883,0.0,0.3084888416829747,15.087990975500814,2.7138991277666396,0.0,0.465733262524462,0.2984888416829747,1,1
4874,2023-01-06,54.88492063492063,1,1,0,0,"gold,silver",1909.883953180412,7.554797761697698,0.0,0.18558167157822042,13.217481815353018,2.5815403333257287,0.0,0.2813725073673306,0.1755816715782204,1,1
4875,2022-09-27,54.595238095238095,1,1,1,1,"gas,gold,oil,silver",2545.11417427257,7.84193079016796,0.0,0.23487960244441305,7.776988810563371,2.0511692209260404,0.0,0.35531940366661957,0.22487960244441305,1,1
4876,2024-01-04,55.91269841269841,1,1,0,1,"gold,oil,silver",1788.498125651353,7.4891315106981615,0.0,0.010675314121454685,17.059888549038437,2.8367300091605077,0.0,0.019012971182182026,0.0006753141214546854,1,1
4877,2022-10-04,54.61507936507937,1,1,1,1,"gas,gold,oil,silver",1515.347268464588,7.323399911785193,0.0,0.23150303183713958,10.140832379591284,2.316570083511032,0.0,0.35025454775570936,0.22150303183713957,1,1
4878,2022-10-25,54.67460317460318,1,1,1,1,"gas,gold,oil,silver",1328.6702549939926,7.191933912798921,0.0,0.2213733200153192,15.07066715430426,2.712750282017111,0.0,0.3350599800229788,0.2113733200153192,1,1
4879,2022-06-03,54.26984126984127,1,0,0,1,"gold,oil",2634.9196285532457,7.876607959012463,0.0,0.2902553604036979,,,,,0.2802553604036979,1,1
4880,2023-01-13,54.904761904761905,1,1,1,1,"gas,gold,oil,silver",1469.171572122982,7.292453964536276,0.0,0.18220510097094694,10.45541840067555,2.3471203512740684,0.0,0.2763076514564204,0.17220510097094693,1,1
4881,2023-05-08,55.226190476190474,1,1,0,1,"gold,oil,silver",1357.3774011249893,7.213309735482909,0.0,0.12750465713311673,11.245454324384726,2.419963986941478,0.0,0.19425698569967506,0.11750465713311672,1,1
4882,2022-07-07,54.36507936507937,1,1,1,1,"gas,gold,oil,silver",1724.51073876974,7.4526986595362485,0.0,0.2740478214887853,12.055647055522613,2.4895331854745106,0.0,0.41407173223317795,0.2640478214887853,1,1
4883,2021-09-20,53.53968253968254,1,1,0,0,"gold,silver",1955.9158872109817,7.5786138472217575,0.0,0.41451315875136163,9.598000758614877,2.2615548224749,0.0,0.6247697381270424,0.4045131587513616,1,1
4884,2022-08-31,54.51984126984127,1,0,1,0,"gas,gold",1241.8672888700162,7.124371404022599,0.0,0.24771057075205222,,,,,0.2377105707520522,1,1
4885,2021-12-07,53.76190476190476,1,1,1,1,"gas,gold,oil,silver",1824.1585811935158,7.508874108298902,0.0,0.3766955679498988,14.42255847642143,2.668793541668088,0.0,0.5680433519248481,0.36669556794989877,1,1
4886,2021-09-08,53.507936507936506,1,1,1,1,"gas,gold,oil,silver",638.1776880924986,6.458616752550614,0.0,0.41991567172299915,9.534265520179028,2.254892206214326,0.0,0.6328735075844987,0.40991567172299914,1,1
4887,2023-08-21,55.523809523809526,0,1,1,1,"gas,oil,silver",,,,,14.187018582574575,2.652327362160144,0.0,0.11828414703602202,0.06685609802401468,1,1
4888,2022-05-16,54.214285714285715,1,1,1,0,"gas,gold,silver",2128.1523260316962,7.663009429681494,0.0,0.2997097581040637,21.022600604813032,3.0455980782914427,0.0,0.4525646371560955,0.2897097581040637,1,1
4889,2022-01-04,53.84126984126984,1,1,1,1,"gas,gold,oil,silver",1767.6820882186507,7.477424412673082,0.0,0.36318928552080487,9.078387204258876,2.205896556160446,0.0,0.5477839282812073,0.35318928552080486,1,1
4890,2022-02-15,53.96031746031746,0,1,1,1,"gas,oil,silver",,,,,38.23220413220941,3.6436782005640045,0.0,0.5173947928157461,0.33292986187716406,1,1
4891,2022-09-07,54.53968253968254,1,1,1,1,"gas,gold,oil,silver",1449.934299577519,7.279273523751868,0.0,0.2443340001447788,14.404561537154585,2.667544929833363,0.0,0.36950100021716814,0.2343340001447788,1,1
4892,2023-08-31,55.55555555555556,1,1,1,1,"gas,gold,oil,silver",1874.1827115989347,7.535927956230859,0.0,0.07145358505237714,15.03133077710344,2.7101367412361066,0.0,0.11018037757856573,0.06145358505237715,1,1
4893,2022-10-06,54.62301587301587,1,1,0,1,"gold,oil,silver",1929.2719566942333,7.564897986221108,0.0,0.2301524035942302,21.30290335870356,3.058843371346654,0.0,0.3482286053913453,0.2201524035942302,1,1
4894,2023-04-18,55.17063492063492,1,1,1,1,"gas,gold,oil,silver",1484.0761143492607,7.302547712404802,0.0,0.13695905483348247,12.311488104439578,2.5105328187098848,0.0,0.2084385822502237,0.12695905483348247,1,1
4895,2023-11-13,55.76190476190476,1,1,1,1,"gas,gold,oil,silver",1688.118915889081,7.431370120476161,0.0,0.03633725073673305,17.459659695294206,2.8598930596885355,0.0,0.05750587610509958,0.026337250736733053,1,1
4896,2023-02-08,54.976190476190474,1,1,0,0,"gold,silver",1786.509934984907,7.488019238592646,0.0,0.17004944678476247,11.899433519406227,2.476490795573164,0.0,0.2580741701771437,0.16004944678476246,1,1
4897,2022-07-25,54.41269841269841,1,0,0,0,gold,1530.70355650726,7.333482749546494,0.0,0.265944052031329,,,,,0.255944052031329,1,1
4898,2022-02-22,53.98015873015873,1,1,0,1,"gold,oil,silver",917.6204316545301,6.821783831973687,0.0,0.33955329126989064,14.094142547207428,2.645759288888552,0.0,0.5123299369048359,0.32955329126989064,1,1
4899,2022-05-04,54.182539682539684,1,1,1,0,"gas,gold,silver",2726.035041120492,7.910603466583432,0.0,0.3051122710757012,13.438802322896304,2.5981462182444757,0.0,0.4606684066135518,0.2951122710757012,1,1
4900,2023-08-29,55.54761904761905,1,1,1,1,"gas,gold,oil,silver",1701.3279113200833,7.439164349431424,0.0,0.07280421329528652,15.2277991602612,2.7231226495878085,0.0,0.11220631994292979,0.06280421329528653,1,1
4901,2023-09-28,55.63492063492063,1,1,1,0,"gas,gold,silver",1748.1107075816578,7.4662908880667604,0.0,0.057947302623283264,15.23257651441388,2.723436326230728,0.0,0.08992095393492489,0.04794730262328326,1,1
4902,2021-09-13,53.51984126984127,1,1,1,1,"gas,gold,oil,silver",1751.9368027849312,7.4684771993759576,0.0,0.4178897293586351,7.77139963888838,2.0504502818624966,0.0,0.6298345940379526,0.4078897293586351,1,1
4903,2022-04-21,54.1468253968254,1,1,1,0,"gas,gold,silver",1657.67866688531,7.413173509243416,0.0,0.31119009816879345,12.284039661077363,2.508300831251104,0.0,0.4697851472531902,0.30119009816879344,1,1
4904,2023-02-03,54.964285714285715,1,1,1,1,"gas,gold,oil,silver",1556.9126199471273,7.350460049480188,0.0,0.17207538914912654,10.227663932998627,2.3250961993410773,0.0,0.26111308372368974,0.16207538914912653,1,1
4905,2021-09-14,53.523809523809526,0,1,0,0,silver,,,,,3.8982493617252905,1.3605275707491922,0.0,0.6288216228557706,0.4072144152371804,1,1
4906,2022-10-21,54.666666666666664,1,1,1,1,"gas,gold,oil,silver",2091.1746694681574,7.645481229879685,0.0,0.22272394825822858,16.171841020786115,2.7832715212074564,0.0,0.33708592238734286,0.21272394825822857,1,1
4907,2021-10-28,53.65079365079365,1,1,1,1,"gas,gold,oil,silver",1264.0312187052768,7.142061272744586,0.0,0.3956043633506302,5.477252930820927,1.700603685275907,0.0,0.5964065450259453,0.3856043633506302,1,1
4908,2022-04-20,54.142857142857146,1,1,1,0,"gas,gold,silver",1885.8812052723445,7.542150473549122,0.0,0.31186541229024817,29.05491399486963,3.3691876254424824,0.0,0.4707981184353722,0.30186541229024816,1,1
4909,2022-02-23,53.98412698412698,1,1,1,1,"gas,gold,oil,silver",2335.4158777493067,7.755945260346476,0.0,0.3388779771484359,22.72653034340725,3.1235329796402858,0.0,0.5113169657226538,0.3288779771484359,1,1
4910,2023-06-14,55.333333333333336,1,1,0,1,"gold,oil,silver",1694.9212720598457,7.435391571573515,0.0,0.10927117585383998,12.316921165725299,2.510974021494381,0.0,0.16690676378075997,0.09927117585383999,1,1
4911,2023-11-10,55.757936507936506,1,1,0,1,"gold,oil,silver",1651.420079107944,7.409390850749149,0.0,0.03701256485818774,15.380062124637297,2.733072003382558,0.0,0.0585188472872816,0.02701256485818774,1,1
4912,2021-10-05,53.583333333333336,1,0,0,0,gold,1322.366080865342,7.1871778964995,0.0,0.40708470341535996,,,,,0.39708470341535995,1,1
4913,2023-11-29,55.80952380952381,1,1,0,1,"gold,oil,silver",1727.304408273855,7.454317326814233,0.0,0.02823348127927674,16.686506019271793,2.8146003699982325,0.0,0.0453502219189151,0.018233481279276736,1,1
4914,2021-10-25,53.638888888888886,1,1,1,1,"gas,gold,oil,silver",1755.661065129029,7.470600740262836,0.0,0.39763030571499425,12.018058100210654,2.4864103603326226,0.0,0.5994454585724913,0.38763030571499424,1,1
4915,2023-03-06,55.04761904761905,1,1,1,1,"gas,gold,oil,silver",1845.8014639962728,7.520668859981163,0.0,0.15789379259857794,12.386413365262142,2.516600175547078,0.0,0.2398406888978669,0.14789379259857793,1,1
4916,2023-10-10,55.666666666666664,1,1,1,0,"gas,gold,silver",1600.5517407068357,7.378103686726707,0.0,0.05254478965164573,16.5609967187783,2.8070503354778915,0.0,0.0818171844774686,0.04254478965164573,1,1
4917,2022-04-25,54.154761904761905,1,1,1,1,"gas,gold,oil,silver",1664.7208943792655,7.417412757359453,0.0,0.30983946992588407,36.87434791628192,3.6075161308773738,0.0,0.4677592048888261,0.29983946992588406,1,1
4918,2023-03-10,55.06349206349206,1,1,1,1,"gas,gold,oil,silver",1455.560762068836,7.283146508840483,0.0,0.15519253611275916,15.285155306239739,2.7268821159872685,0.0,0.2357888041691387,0.14519253611275915,1,1
4919,2021-12-01,53.74603174603175,1,1,1,1,"gas,gold,oil,silver",1284.1556685790047,7.157856714112333,0.0,0.37939682443571754,6.198932299938404,1.8243770675339008,0.0,0.5720952366535762,0.36939682443571753,1,1
4920,2023-11-28,55.80555555555556,1,1,0,1,"gold,oil,silver",1733.494046618264,7.457894330806094,0.0,0.02890879540073142,18.50680603992777,2.918138558478006,0.0,0.04636319310109713,0.01890879540073142,1,1
4921,2022-03-03,54.007936507936506,1,1,1,1,"gas,gold,oil,silver",1933.326133737397,7.5669971839305346,0.0,0.33482609241970773,13.849937002334453,2.628280684055093,0.0,0.5052391386295616,0.3248260924197077,1,1
4922,2022-04-13,54.12301587301587,1,1,0,1,"gold,oil,silver",2060.9906173841027,7.630942028422116,0.0,0.31524198289752164,5.946670333879215,1.782831455167288,0.0,0.47586297434628244,0.30524198289752164,1,1
4923,2023-08-09,55.492063492063494,1,1,1,0,"gas,gold,silver",1763.1683118848573,7.474867646862466,0.0,0.08225861099565225,16.383964669903012,2.796303092476782,0.0,0.12638791649347839,0.07225861099565226,1,1
4924,2021-10-08,53.595238095238095,1,1,0,0,"gold,silver",1452.3582912285347,7.2809439219896745,0.0,0.40505876105099586,4.875744785607765,1.5842728693155903,0.0,0.6105881415764938,0.39505876105099585,1,1
4925,2021-12-15,53.785714285714285,1,1,1,0,"gas,gold,silver",1481.1277399531632,7.300559063048714,0.0,0.37264368322117064,7.648325416425348,2.0344867240627034,0.0,0.5619655248317559,0.36264368322117063,1,1
4926,2022-04-22,54.15079365079365,1,1,1,1,"gas,gold,oil,silver",2082.075376878116,7.6411204525916645,0.0,0.3105147840473388,47.90372762419094,3.8691933223532957,0.0,0.46877217607100813,0.3005147840473388,1,1
4927,2022-12-29,54.861111111111114,1,1,1,1,"gas,gold,oil,silver",1866.5760990694541,7.531861068522428,0.0,0.1896335563069486,16.830067465968646,2.823167016867802,0.0,0.28745033446042284,0.17963355630694858,1,1
4928,2023-10-25,55.71031746031746,1,1,1,1,"gas,gold,oil,silver",1594.1543736578676,7.374098701372155,0.0,0.0451163343156441,16.63038528988167,2.8112314612997533,0.0,0.07067450147346614,0.0351163343156441,1,1
4929,2022-05-10,54.198412698412696,1,1,1,1,"gas,gold,oil,silver",1173.322326719519,7.067594599243261,0.0,0.30241101458988245,12.011794932329403,2.4858890780747083,0.0,0.45661652188482366,0.29241101458988245,1,1
4930,2022-08-30,54.51587301587302,1,0,1,0,"gas,gold",1864.0609129961165,7.5305126733575865,0.0,0.24838588487350693,,,,,0.23838588487350693,1,1
4931,2022-12-19,54.82936507936508,1,1,0,1,"gold,oil,silver",2556.741795997612,7.8464889909189175,0.0,0.1950360692785861,11.985194512718355,2.4836720974349444,0.0,0.2955541039178792,0.1850360692785861,1,1
4932,2022-09-22,54.583333333333336,1,1,0,1,"gold,oil,silver",1732.8445271869025,7.457519572584914,0.0,0.23690554480877715,11.998577021755404,2.484788061236273,0.0,0.3583583172131657,0.22690554480877714,1,1
4933,2022-07-05,54.357142857142854,1,1,1,1,"gas,gold,oil,silver",1937.5109938064902,7.569159435434108,0.0,0.2753984497316947,18.879225744764064,2.9380621505948867,0.0,0.416097674597542,0.2653984497316947,1,1
4934,2022-01-24,53.8968253968254,1,1,1,0,"gas,gold,silver",966.6112687033348,6.873796417426346,0.0,0.3537348878204392,9.384287449379661,2.239036742742606,0.0,0.5336023317306587,0.3437348878204392,1,1
4935,2021-11-10,53.68650793650794,1,1,1,1,"gas,gold,oil,silver",1233.3619033807395,7.117498974599206,0.0,0.3895265362575379,9.143489978023169,2.213042148255302,0.0,0.5872898043863068,0.3795265362575379,1,1
4936,2023-06-09,55.32142857142857,1,1,1,1,"gas,gold,oil,silver",1712.6476826372875,7.445795804454467,0.0,0.1112971182182041,18.973819415779023,2.943060103468823,0.0,0.16994567732730612,0.1012971182182041,1,1
4937,2021-10-06,53.58730158730159,1,1,1,1,"gas,gold,oil,silver",1294.0024287304188,7.165495351975946,0.0,0.4064093892939053,10.504565176806649,2.351809941418077,0.0,0.6126140839408579,0.3964093892939053,1,1
4938,2022-07-14,54.38492063492063,1,1,1,1,"gas,gold,oil,silver",1527.847748216261,7.331615323542225,0.0,0.27067125088151184,10.420012904245715,2.343728274735751,0.0,0.40900687632226773,0.26067125088151183,1,1
4939,2023-06-06,55.30952380952381,0,1,1,1,"gas,oil,silver",,,,,13.082494715821364,2.571275055352152,0.0,0.1729845908738522,0.10332306058256815,1,1
4940,2021-09-06,53.5,1,1,1,1,"gas,gold,oil,silver",2475.497931156085,7.814196839073431,0.0,0.4212662999659086,14.749678266608235,2.6912212701145943,0.0,0.6348994499488628,0.4112662999659086,1,1
4941,2022-03-15,54.03968253968254,1,1,1,1,"gas,gold,oil,silver",1502.654059515196,7.314988196604008,0.0,0.3294235794480702,26.268218582016445,3.26835978952208,0.0,0.49713536917210527,0.3194235794480702,1,1
4942,2022-09-08,54.54365079365079,1,1,1,1,"gas,gold,oil,silver",1643.833261744046,7.404786148175727,0.0,0.2436586860233241,7.572894383003055,2.024575343514302,0.0,0.3684880290349861,0.2336586860233241,1,1
4943,2022-04-11,54.11507936507937,1,1,0,0,"gold,silver",1176.9247577638794,7.070660178083358,0.0,0.316592611140431,24.193515421817537,3.1860846394794065,0.0,0.47788891671064654,0.306592611140431,1,1
4944,2023-08-01,55.46825396825397,1,1,1,1,"gas,gold,oil,silver",1576.7181884514662,7.3631008699487435,0.0,0.0863104957243804,16.816109536943156,2.8223373279658515,0.0,0.13246574358657062,0.07631049572438041,1,1
4945,2023-10-18,55.69047619047619,1,1,1,1,"gas,gold,oil,silver",1776.5105925102273,7.482406378015908,0.0,0.04849290492291753,17.60082234793787,2.867945625267211,0.0,0.07573935738437629,0.03849290492291753,1,1
4946,2022-05-19,54.226190476190474,1,1,1,1,"gas,gold,oil,silver",1742.3248008356427,7.4629755928655985,0.0,0.2976838157396996,10.156079432987092,2.3180724850984835,0.0,0.44952572360954934,0.2876838157396996,1,1
4947,2023-08-23,55.53174603174603,1,0,1,1,"gas,gold,oil",1746.5924909961452,7.46542202075829,0.0,0.07550546978110531,,,,,0.06550546978110532,1,1
4948,2023-03-16,55.07936507936508,1,0,1,1,"gas,gold,oil",1541.5301628899429,7.340530814367947,0.0,0.15249127962694042,,,,,0.14249127962694041,1,1
4949,2023-07-24,55.44444444444444,1,1,1,1,"gas,gold,oil,silver",1778.901888832026,7.483751536528415,0.0,0.09036238045310857,14.579618046202942,2.6796245291319396,0.0,0.13854357067966286,0.08036238045310858,1,1
4950,2023-11-08,55.75,1,1,1,0,"gas,gold,silver",1692.9065055472709,7.434202156477849,0.0,0.038363193101097155,15.839434119526924,2.762502660970794,0.0,0.060544789651645725,0.028363193101097153,1,1
4951,2022-12-13,54.81349206349206,0,1,0,1,"oil,silver",,,,,13.283127067140565,2.586494588252361,0.0,0.2996059886466073,0.18773732576440488,1,1
4952,2023-07-11,55.40873015873016,1,1,1,1,"gas,gold,oil,silver",2006.5055496417372,7.604149955535061,0.0,0.09644020754620083,13.99099509320638,2.638413915040372,0.0,0.14766031131930124,0.08644020754620084,1,1
4953,2023-04-12,55.154761904761905,1,1,0,1,"gold,oil,silver",1407.774212596801,7.249765163487298,0.0,0.1396603113193012,17.806053467546548,2.879538481929547,0.0,0.2124904669789518,0.1296603113193012,1,1
4954,2021-10-13,53.607142857142854,1,1,1,1,"gas,gold,oil,silver",2370.6836061424883,7.7709336339482835,0.0,0.4030328186866318,4.779459487196216,1.564327462117143,0.0,0.6075492280299477,0.3930328186866318,1,1
4955,2022-06-27,54.333333333333336,0,1,0,0,silver,,,,,15.396048302025177,2.7341108727266055,0.0,0.42217550169063434,0.2694503344604229,1,1
4956,2022-07-06,54.361111111111114,1,1,0,1,"gold,oil,silver",1556.2658708847662,7.350044558319903,0.0,0.27472313561024,18.1560716023941,2.8990050283182174,0.0,0.41508470341535997,0.26472313561023997,1,1
4957,2022-12-01,54.78174603174603,1,1,1,1,"gas,gold,oil,silver",1564.0260586016009,7.35501858247643,0.0,0.20313983873604247,12.394808784777748,2.5172777385652347,0.0,0.3077097581040637,0.19313983873604246,1,1
4958,2022-08-18,54.48412698412698,1,1,1,1,"gas,gold,oil,silver",1794.5451210160397,7.4925068543317614,0.0,0.25378839784514445,11.40051793242781,2.4336587870375235,0.0,0.3836825967677167,0.24378839784514447,1,1
4959,2023-11-17,55.77777777777778,1,1,1,1,"gas,gold,oil,silver",1735.725587841053,7.459180811205545,0.0,0.033635994250914264,16.313480278068237,2.791991776952041,0.0,0.0534539913763714,0.023635994250914266,1,1
4960,2022-06-17,54.30952380952381,0,1,0,1,"oil,silver",,,,,10.598254360173486,2.3606893045537856,0.0,0.42825332878372646,0.27350221918915096,1,1
4961,2022-02-18,53.97222222222222,1,0,1,1,"gas,gold,oil",1898.5399774152113,7.5488404368192406,0.0,0.34090391951279997,,,,,0.33090391951279996,1,1
4962,2023-12-13,55.84920634920635,1,1,1,0,"gas,gold,silver",1797.0559133813647,7.493905001147229,0.0,0.02148034006472979,16.748896790738986,2.8183323928625335,0.0,0.03522051009709468,0.01148034006472979,1,1
4963,2022-01-10,53.857142857142854,1,1,1,1,"gas,gold,oil,silver",2546.2794255727513,7.8423885239092925,0.0,0.3604880290349861,6.137733614799294,1.8144555559073285,0.0,0.5437320435524792,0.3504880290349861,1,1
4964,2022-03-17,54.04761904761905,1,1,0,1,"gold,oil,silver",1664.0700908368462,7.417021742391195,0.0,0.3280729512051608,13.940843634563985,2.6348229224799433,0.0,0.49510942680774117,0.31807295120516077,1,1
4965,2023-03-28,55.111111111111114,1,1,0,0,"gold,silver",1323.4702989371347,7.188012580113597,0.0,0.14708876665530285,14.259942152804811,2.6574543583723687,0.0,0.22363314998295422,0.13708876665530284,1,1
4966,2023-07-31,55.464285714285715,1,1,1,1,"gas,gold,oil,silver",1428.037785201234,7.264056602774418,0.0,0.0869858098458351,15.165868911506863,2.7190474366641006,0.0,0.13347871476875264,0.0769858098458351,1,1
4967,2022-01-27,53.90873015873016,1,1,1,0,"gas,gold,silver",1112.8563569970372,7.014685283644823,0.0,0.3517089454560751,14.420212488421589,2.668630867422408,0.0,0.5305634181841126,0.3417089454560751,1,1
4968,2022-08-26,54.507936507936506,0,1,1,0,"gas,silver",,,,,19.9211306626305,2.9917810107178684,0.0,0.3776047696746245,0.2397365131164163,1,1
4969,2023-06-29,55.37698412698413,1,1,1,1,"gas,gold,oil,silver",1729.2279932638182,7.455430341225836,0.0,0.10184272051783835,13.941227183884049,2.634850434734868,0.0,0.15576408077675752,0.09184272051783836,1,1
4970,2023-01-25,54.93650793650794,1,1,1,1,"gas,gold,oil,silver",2105.1324031315216,7.652133643488292,0.0,0.17680258799930937,24.7420260253538,3.2085032563095313,0.0,0.26820388199896406,0.16680258799930936,1,1
4971,2021-12-24,53.81349206349206,1,1,1,1,"gas,gold,oil,silver",847.5924066164484,6.742399867666483,0.0,0.36791648437098773,10.433191569228976,2.3449922211718492,0.0,0.5548747265564816,0.3579164843709877,1,1
4972,2023-01-03,54.87301587301587,1,1,1,1,"gas,gold,oil,silver",2144.592799562629,7.670704976307047,0.0,0.18760761394258446,11.789149946306212,2.4671796124000425,0.0,0.2844114209138767,0.17760761394258445,1,1
4973,2021-10-11,53.59920634920635,1,1,1,1,"gas,gold,oil,silver",1371.5918492918895,7.223727278089255,0.0,0.4043834469295412,16.990396561828025,2.8326482763077396,0.0,0.6095751703943117,0.3943834469295412,1,1
4974,2021-10-21,53.63095238095238,1,1,1,1,"gas,gold,oil,silver",1219.9471771292426,7.106562839354894,0.0,0.3989809339579037,5.701640270229335,1.7407539001505081,0.0,0.6014714009368555,0.3889809339579037,1,1
4975,2023-02-13,54.98809523809524,1,0,0,0,gold,1272.4817347925957,7.148724394524094,0.0,0.16802350442039837,,,,,0.15802350442039836,1,1
4976,2022-05-27,54.25,1,1,1,0,"gas,gold,silver",1143.055126779733,7.041459892535315,0.0,0.2936319310109714,32.840170606002395,3.4916524796377977,0.0,0.4434478965164571,0.2836319310109714,1,1
4977,2022-10-07,54.62698412698413,1,1,1,1,"gas,gold,oil,silver",1921.6020990070695,7.560914543647702,0.0,0.2294770894727755,3.4068212402945512,1.2257796689414573,0.0,0.3472156342091633,0.2194770894727755,1,1
4978,2023-09-13,55.59126984126984,1,1,0,1,"gold,oil,silver",1801.9656209379966,7.4966333597054895,0.0,0.0653757579592849,15.825309455425224,2.7616105226842422,0.0,0.10106363693892734,0.05537575795928489,1,1
4979,2022-08-19,54.48809523809524,1,1,1,0,"gas,gold,silver",2103.169089453582,7.651200576395148,0.0,0.2531130837236898,13.368161698114124,2.592875887129133,0.0,0.3826696255855347,0.24311308372368978,1,1
4980,2023-09-05,55.567460317460316,0,1,0,0,silver,,,,,13.069516558572218,2.570282538319457,0.0,0.10714146403201957,0.05942764268801305,1,1
4981,2022-11-17,54.742063492063494,1,1,1,0,"gas,gold,silver",1410.8157449744033,7.25192335861604,0.0,0.20989297995058936,15.792536085296272,2.7595374287522536,0.0,0.317839469925884,0.19989297995058936,1,1
4982,2021-10-18,53.61904761904762,1,1,1,1,"gas,gold,oil,silver",527.8926184363263,6.268892888849305,0.0,0.4010068763222677,11.566189543656584,2.4480861476059452,0.0,0.6045103144834015,0.3910068763222677,1,1
4983,2021-09-24,53.55555555555556,1,1,1,1,"gas,gold,oil,silver",1392.846414416341,7.239104712436596,0.0,0.4118119022655428,7.182367664974584,1.971629087054803,0.0,0.6207178533983142,0.4018119022655428,1,1
4984,2022-05-31,54.257936507936506,1,1,1,0,"gas,gold,silver",1541.2880509573686,7.340373742548412,0.0,0.292281302768062,17.064368626173692,2.836992583500983,0.0,0.44142195415209295,0.282281302768062,1,1
4985,2022-02-21,53.976190476190474,1,1,1,1,"gas,gold,oil,silver",3157.2654521038417,8.057461568679745,0.0,0.3402286053913453,15.874525371979786,2.7647156465037614,0.0,0.5133429080870179,0.3302286053913453,1,1
4986,2023-03-01,55.035714285714285,1,1,1,1,"gas,gold,oil,silver",2294.6841266544993,7.738350477577356,0.0,0.15991973496294204,12.998181759766219,2.564809483046199,0.0,0.24287960244441303,0.14991973496294203,1,1
4987,2021-10-15,53.61507936507937,1,1,0,1,"gold,oil,silver",1614.716277906658,7.386914540908576,0.0,0.4016821904437224,29.897419929544174,3.397772186691646,0.0,0.6055232856655836,0.3916821904437224,1,1
4988,2021-10-19,53.62301587301587,1,1,0,1,"gold,oil,silver",1589.597555933385,7.371236153700809,0.0,0.40033156220081306,4.977395616825651,1.6049067857319301,0.0,0.6034973433012195,0.39033156220081305,1,1
4989,2023-01-05,54.88095238095238,1,1,1,0,"gas,gold,silver",1816.743440539801,7.504800858943812,0.0,0.1862569856996751,13.764421067374865,2.622087079400968,0.0,0.2823854785495126,0.1762569856996751,1,1
4990,2023-09-08,55.57936507936508,1,1,1,1,"gas,gold,oil,silver",1609.1910821280264,7.38348689825567,0.0,0.06740170032364899,14.246667263109767,2.65652300308834,0.0,0.10410255048547348,0.057401700323648996,1,1
4991,2022-03-21,54.05555555555556,1,0,1,1,"gas,gold,oil",2374.8647010456157,7.772695746865211,0.0,0.3267223229622514,,,,,0.3167223229622514,1,1
4992,2021-11-03,53.666666666666664,1,1,1,0,"gas,gold,silver",1538.9853152941612,7.338878592074163,0.0,0.3929031068648114,3.7381574496629595,1.318592829511449,0.0,0.5923546602972171,0.3829031068648114,1,1
4993,2022-02-09,53.94444444444444,1,1,1,1,"gas,gold,oil,silver",3022.834942583271,8.013950392753985,0.0,0.3456311183629828,11.132785991341565,2.4098944476516815,0.0,0.5214466775444743,0.3356311183629828,1,1
4994,2021-09-07,53.50396825396825,1,1,1,1,"gas,gold,oil,silver",2082.9175481771526,7.641524857269256,0.0,0.42059098584445387,14.502935905190702,2.674351105151034,0.0,0.6338864787666808,0.41059098584445386,1,1
4995,2022-08-16,54.476190476190474,1,1,1,1,"gas,gold,oil,silver",1444.761449592564,7.275699500131056,0.0,0.25513902608805383,18.00773667034438,2.890801480571281,0.0,0.38570853913208075,0.24513902608805382,1,1
4996,2021-11-04,53.67063492063492,1,1,1,1,"gas,gold,oil,silver",1413.9403936124688,7.254135691121367,0.0,0.39222779274335673,6.907649581362685,1.9326294325013733,0.0,0.591341689115035,0.3822277927433567,1,1
4997,2022-02-07,53.93650793650794,1,1,1,1,"gas,gold,oil,silver",1432.3405763171668,7.267065151866616,0.0,0.34698174660589226,11.19750208238893,2.4156907250683948,0.0,0.5234726199088383,0.33698174660589225,1,1
4998,2022-02-25,53.992063492063494,1,1,1,1,"gas,gold,oil,silver",1818.089792079915,7.505541664100761,0.0,0.3375273489055265,43.05481665548615,3.762474109759922,0.0,0.5092910233582897,0.3275273489055265,1,1
4999,2022-09-01,54.523809523809526,1,1,0,1,"gold,oil,silver",1787.9478628694671,7.488823795839336,0.0,0.24703525663059753,19.41034630067637,2.965806238375518,0.0,0.3735528849458963,0.23703525663059752,1,1
