Date,Kurs
2012-01-03,20.872480392456055
2012-01-04,21.363693237304688
2012-01-05,21.58201026916504
2012-01-06,21.917278289794922
2012-01-09,21.628795623779297
2012-01-10,21.706754684448242
2012-01-11,21.613204956054688
2012-01-12,21.831520080566406
2012-01-13,22.026437759399414
2012-01-17,22.034236907958984
2012-01-18,22.010845184326172
2012-01-19,21.925085067749023
2012-01-20,23.164796829223633
2012-01-23,23.180391311645508
2012-01-24,22.876314163208008
2012-01-25,23.04783821105957
2012-01-26,23.001054763793945
2012-01-27,22.79053497314453
2012-01-30,23.086822509765625
2012-01-31,23.02444839477539
2012-02-01,23.305131912231445
2012-02-02,23.3519229888916
2012-02-03,23.578039169311523
2012-02-06,23.546846389770508
2012-02-07,23.663799285888672
2012-02-08,23.905508041381836
2012-02-09,23.99127197265625
2012-02-10,23.780757904052734
2012-02-13,23.843130111694336
2012-02-14,23.741106033325195
2012-02-15,23.58414077758789
2012-02-16,24.557327270507812
2012-02-17,24.525928497314453
2012-02-21,24.675050735473633
2012-02-22,24.541627883911133
2012-02-23,24.620107650756836
2012-02-24,24.706443786621094
2012-02-27,24.60441780090332
2012-02-28,25.012527465820312
2012-02-29,24.910505294799805
2012-03-01,25.3421573638916
2012-03-02,25.177352905273438
2012-03-05,24.957592010498047
2012-03-06,24.769227981567383
2012-03-07,24.988981246948242
2012-03-08,25.122400283813477
2012-03-09,25.106706619262695
2012-03-12,25.145950317382812
2012-03-13,25.640398025512695
2012-03-14,25.718870162963867
2012-03-15,25.781660079956055
2012-03-16,25.585458755493164
2012-03-19,25.271522521972656
2012-03-20,25.106706619262695
2012-03-21,25.04391860961914
2012-03-22,25.11455726623535
2012-03-23,25.122400283813477
2012-03-26,25.577608108520508
2012-03-27,25.522668838500977
2012-03-28,25.263673782348633
2012-03-29,25.208740234375
2012-03-30,25.31861114501953
2012-04-02,25.3421573638916
2012-04-03,25.06746482849121
2012-04-04,24.494537353515625
2012-04-05,24.73784065246582
2012-04-09,24.40821075439453
2012-04-10,23.913768768310547
2012-04-11,23.8195858001709
2012-04-12,24.314027786254883
2012-04-13,24.180606842041016
2012-04-16,24.392513275146484
2012-04-17,24.675050735473633
2012-04-18,24.43960189819336
2012-04-19,24.337568283081055
2012-04-20,25.444177627563477
2012-04-23,25.208740234375
2012-04-24,25.0517635345459
2012-04-25,25.271522521972656
2012-04-26,25.200883865356445
2012-04-27,25.098859786987305
2012-04-30,25.1302547454834
2012-05-01,25.122400283813477
2012-05-02,24.957592010498047
2012-05-03,24.926197052001953
2012-05-04,24.314027786254883
2012-05-07,24.055034637451172
2012-05-08,23.937313079833984
2012-05-09,24.141368865966797
2012-05-10,24.12567138671875
2012-05-11,24.45529556274414
2012-05-14,24.078580856323242
2012-05-15,23.86528205871582
2012-05-16,23.620393753051758
2012-05-17,23.478195190429688
2012-05-18,23.122697830200195
2012-05-21,23.50189781188965
2012-05-22,23.509796142578125
2012-05-23,22.996315002441406
2012-05-24,22.964712142944336
2012-05-25,22.956802368164062
2012-05-29,23.351802825927734
2012-05-30,23.177995681762695
2012-05-31,23.059511184692383
2012-06-01,22.47492027282715
2012-06-04,22.553916931152344
2012-06-05,22.522319793701172
2012-06-06,23.18590545654297
2012-06-07,23.091100692749023
2012-06-08,23.422903060913086
2012-06-11,22.830406188964844
2012-06-12,23.13850212097168
2012-06-13,23.012107849121094
2012-06-14,23.177995681762695
2012-06-15,23.71518898010254
2012-06-18,23.572996139526367
2012-06-19,24.252378463745117
2012-06-20,24.434072494506836
2012-06-21,23.809988021850586
2012-06-22,24.252378463745117
2012-06-25,23.596694946289062
2012-06-26,23.71518898010254
2012-06-27,23.833688735961914
2012-06-28,23.628286361694336
2012-06-29,24.16547966003418
2012-07-02,24.14177131652832
2012-07-03,24.299774169921875
2012-07-05,24.252378463745117
2012-07-06,23.849485397338867
2012-07-09,23.69939613342285
2012-07-10,23.49399757385254
2012-07-11,23.14639663696289
2012-07-12,22.61712074279785
2012-07-13,23.21750259399414
2012-07-16,23.25700569152832
2012-07-17,23.430795669555664
2012-07-18,24.054889678955078
2012-07-19,24.22867774963379
2012-07-20,23.794179916381836
2012-07-23,23.13060760498047
2012-07-24,23.027910232543945
2012-07-25,22.775115966796875
2012-07-26,23.035804748535156
2012-07-27,23.509796142578125
2012-07-30,23.414997100830078
2012-07-31,23.28070068359375
2012-08-01,23.233304977416992
2012-08-02,23.059511184692383
2012-08-03,23.50189781188965
2012-08-06,23.65989112854004
2012-08-07,23.904783248901367
2012-08-08,23.960081100463867
2012-08-09,24.09438133239746
2012-08-10,24.031185150146484
2012-08-13,24.007484436035156
2012-08-14,23.95977210998535
2012-08-15,24.015439987182617
2012-08-16,24.476661682128906
2012-08-17,24.572086334228516
2012-08-20,24.444843292236328
2012-08-21,24.49256134033203
2012-08-22,24.28580665588379
2012-08-23,24.06315040588379
2012-08-24,24.301712036132812
2012-08-27,24.405092239379883
2012-08-28,24.357378005981445
2012-08-29,24.373281478881836
2012-08-30,24.110857009887695
2012-08-31,24.508468627929688
2012-09-04,24.166532516479492
2012-09-05,24.166532516479492
2012-09-06,24.92992401123047
2012-09-07,24.61184310913086
2012-09-10,24.428939819335938
2012-09-11,24.48461151123047
2012-09-12,24.476661682128906
2012-09-13,24.60389518737793
2012-09-14,24.818603515625
2012-09-17,24.818603515625
2012-09-18,24.79474639892578
2012-09-19,24.691368103027344
2012-09-20,25.009456634521484
2012-09-21,24.802698135375977
2012-09-24,24.476661682128906
2012-09-25,24.166532516479492
2012-09-26,23.9915771484375
2012-09-27,23.983627319335938
2012-09-28,23.665544509887695
2012-10-01,23.450830459594727
2012-10-02,23.586017608642578
2012-10-03,23.74506187438965
2012-10-04,23.88025665283203
2012-10-05,23.737110137939453
2012-10-08,23.681446075439453
2012-10-09,23.28383445739746
2012-10-10,23.04528045654297
2012-10-11,23.02142333984375
2012-10-12,23.220224380493164
2012-10-15,23.46674156188965
2012-10-16,23.450830459594727
2012-10-17,23.530349731445312
2012-10-18,23.458782196044922
2012-10-19,22.774900436401367
2012-10-22,22.265966415405273
2012-10-23,22.30571937561035
2012-10-24,22.186443328857422
2012-10-25,22.170530319213867
2012-10-26,22.432960510253906
2012-10-31,22.69538116455078
2012-11-01,23.474689483642578
2012-11-02,23.458782196044922
2012-11-05,23.562164306640625
2012-11-06,23.74506187438965
2012-11-07,23.12479591369629
2012-11-08,22.910085678100586
2012-11-09,22.92599868774414
2012-11-12,22.440908432006836
2012-11-13,21.719341278076172
2012-11-14,21.51890754699707
2012-11-15,21.374589920043945
2012-11-16,21.26234245300293
2012-11-19,21.430709838867188
2012-11-20,21.4146785736084
2012-11-21,21.607093811035156
2012-11-23,22.20840072631836
2012-11-26,21.95985984802246
2012-11-27,21.711320877075195
2012-11-28,21.935813903808594
2012-11-29,21.607093811035156
2012-11-30,21.34251594543457
2012-12-03,21.190189361572266
2012-12-04,21.1420841217041
2012-12-05,21.382610321044922
2012-12-06,21.430709838867188
2012-12-07,21.2142333984375
2012-12-10,21.599075317382812
2012-12-11,21.903745651245117
2012-12-12,21.8396053314209
2012-12-13,21.73537254333496
2012-12-14,21.49484634399414
2012-12-17,21.727354049682617
2012-12-18,22.09615707397461
2012-12-19,21.895729064941406
2012-12-20,22.192371368408203
2012-12-21,22.00796890258789
2012-12-24,21.695287704467773
2012-12-26,21.534934997558594
2012-12-27,21.615116119384766
2012-12-28,21.286394119262695
2012-12-31,21.4146785736084
2013-01-02,22.144269943237305
2013-01-03,21.84761619567871
2013-01-04,21.4387264251709
2013-01-07,21.398645401000977
2013-01-08,21.286394119262695
2013-01-09,21.406660079956055
2013-01-10,21.2142333984375
2013-01-11,21.510881423950195
2013-01-14,21.558982849121094
2013-01-15,21.815547943115234
2013-01-16,21.67925453186035
2013-01-17,21.84761619567871
2013-01-18,21.84761619567871
2013-01-22,21.767444610595703
2013-01-23,22.13624382019043
2013-01-24,22.152278900146484
2013-01-25,22.35272216796875
2013-01-28,22.37677574157715
2013-01-29,22.456953048706055
2013-01-30,22.328664779663086
2013-01-31,22.00796890258789
2013-02-01,22.392803192138672
2013-02-04,21.99994659423828
2013-02-05,22.048057556152344
2013-02-06,21.919780731201172
2013-02-07,21.871667861938477
2013-02-08,22.0881404876709
2013-02-11,22.336692810058594
2013-02-12,22.35272216796875
2013-02-13,22.472980499267578
2013-02-14,22.48100471496582
2013-02-15,22.456953048706055
2013-02-19,22.67521095275879
2013-02-20,22.529705047607422
2013-02-21,22.222511291503906
2013-02-22,22.440778732299805
2013-02-25,22.125513076782227
2013-02-26,22.125513076782227
2013-02-27,22.481203079223633
2013-02-28,22.473112106323242
2013-03-01,22.594371795654297
2013-03-04,22.75605010986328
2013-03-05,22.917722702026367
2013-03-06,22.707548141479492
2013-03-07,22.74797248840332
2013-03-08,22.634794235229492
2013-03-11,22.529705047607422
2013-03-12,22.562044143676758
2013-03-13,22.57012176513672
2013-03-14,22.74797248840332
2013-03-15,22.66712760925293
2013-03-18,22.71562957763672
2013-03-19,22.78029441833496
2013-03-20,22.893474578857422
2013-03-21,22.723718643188477
2013-03-22,22.836891174316406
2013-03-25,22.764131546020508
2013-03-26,22.764131546020508
2013-03-27,22.93389892578125
2013-03-28,23.127906799316406
2013-04-01,23.127906799316406
2013-04-02,23.281497955322266
2013-04-03,23.08749008178711
2013-04-04,23.119821548461914
2013-04-05,23.20066261291504
2013-04-08,23.11174201965332
2013-04-09,23.93628692626953
2013-04-10,24.4779109954834
2013-04-11,23.394664764404297
2013-04-12,23.273418426513672
2013-04-15,23.192583084106445
2013-04-16,23.418926239013672
2013-04-17,23.305757522583008
2013-04-18,23.273418426513672
2013-04-19,24.065631866455078
2013-04-22,24.922527313232422
2013-04-23,24.736597061157227
2013-04-24,25.674325942993164
2013-04-25,25.81983184814453
2013-04-26,25.69858169555664
2013-04-29,26.361448287963867
2013-04-30,26.757556915283203
2013-05-01,26.450374603271484
2013-05-02,26.806068420410156
2013-05-03,27.072830200195312
2013-05-06,27.283004760742188
2013-05-07,26.927316665649414
2013-05-08,26.66863250732422
2013-05-09,26.401859283447266
2013-05-10,26.426124572753906
2013-05-13,26.700973510742188
2013-05-14,27.295225143432617
2013-05-15,27.555727005004883
2013-05-16,27.742948532104492
2013-05-17,28.386062622070312
2013-05-20,28.55702018737793
2013-05-21,28.369779586791992
2013-05-22,28.17441177368164
2013-05-23,27.799938201904297
2013-05-24,27.897626876831055
2013-05-28,28.5081729888916
2013-05-29,28.394203186035156
2013-05-30,28.516313552856445
2013-05-31,28.410484313964844
2013-06-03,28.972179412841797
2013-06-04,28.483749389648438
2013-06-05,28.312793731689453
2013-06-06,28.459327697753906
2013-06-07,29.037311553955078
2013-06-10,28.874500274658203
2013-06-11,28.361644744873047
2013-06-12,28.49188804626465
2013-06-13,28.263959884643555
2013-06-14,28.003469467163086
2013-06-17,28.49188804626465
2013-06-18,28.475610733032227
2013-06-19,28.158124923706055
2013-06-20,27.262672424316406
2013-06-21,27.08357810974121
2013-06-24,27.449913024902344
2013-06-25,27.409198760986328
2013-06-26,27.962751388549805
2013-06-27,28.18255043029785
2013-06-28,28.1174259185791
2013-07-01,27.970884323120117
2013-07-02,27.62898826599121
2013-07-03,27.685976028442383
2013-07-05,27.848793029785156
2013-07-08,27.94648551940918
2013-07-09,27.962751388549805
2013-07-10,28.24766731262207
2013-07-11,29.0535888671875
2013-07-12,29.037311553955078
2013-07-15,29.4443302154541
2013-07-16,29.525741577148438
2013-07-17,29.094287872314453
2013-07-18,28.850065231323242
2013-07-19,25.561294555664062
2013-07-22,26.057863235473633
2013-07-23,25.903200149536133
2013-07-24,26.01716423034668
2013-07-25,25.553157806396484
2013-07-26,25.740386962890625
2013-07-29,25.675264358520508
2013-07-30,25.927616119384766
2013-07-31,25.91948127746582
2013-08-01,25.78109359741211
2013-08-02,25.96018409729004
2013-08-05,25.805509567260742
2013-08-06,25.707822799682617
2013-08-07,26.098573684692383
2013-08-08,26.774242401123047
2013-08-09,26.61956024169922
2013-08-12,26.757949829101562
2013-08-13,26.42184066772461
2013-08-14,26.520212173461914
2013-08-15,26.061141967773438
2013-08-16,26.0693359375
2013-08-19,25.733217239379883
2013-08-20,25.921772003173828
2013-08-21,25.913564682006836
2013-08-22,26.553003311157227
2013-08-23,28.487720489501953
2013-08-26,27.995834350585938
2013-08-27,27.266223907470703
2013-08-28,27.069482803344727
2013-08-29,27.50395965576172
2013-08-30,27.38099479675293
2013-09-03,26.13491439819336
2013-09-04,25.57746124267578
2013-09-05,25.602048873901367
2013-09-06,25.53646469116211
2013-09-09,25.95456314086914
2013-09-10,26.553003311157227
2013-09-11,26.839933395385742
2013-09-12,26.798948287963867
2013-09-13,27.077678680419922
2013-09-16,26.889118194580078
2013-09-17,26.995704650878906
2013-09-18,27.315412521362305
2013-09-19,27.577749252319336
2013-09-20,26.88092803955078
2013-09-23,26.839933395385742
2013-09-24,26.60219955444336
2013-09-25,26.651382446289062
2013-09-26,26.864526748657227
2013-09-27,27.274425506591797
2013-09-30,27.282621383666992
2013-10-01,27.5285587310791
2013-10-02,27.807289123535156
2013-10-03,27.75809669494629
2013-10-04,27.77449607849121
2013-10-07,27.299020767211914
2013-10-08,27.0612735748291
2013-10-09,27.110469818115234
2013-10-10,27.676116943359375
2013-10-11,27.979440689086914
2013-10-14,28.241775512695312
2013-10-15,28.274574279785156
2013-10-16,28.39753532409668
2013-10-17,28.627079010009766
2013-10-18,28.65986442565918
2013-10-21,28.684465408325195
2013-10-22,28.348350524902344
2013-10-23,27.676116943359375
2013-10-24,27.643335342407227
2013-10-25,29.291112899780273
2013-10-28,29.159936904907227
2013-10-29,29.11895179748535
2013-10-30,29.13534927368164
2013-10-31,29.02876091003418
2013-11-01,29.127145767211914
2013-11-04,29.4632511138916
2013-11-05,30.0371036529541
2013-11-06,31.299598693847656
2013-11-07,30.74213981628418
2013-11-08,30.9716854095459
2013-11-11,30.815927505493164
2013-11-12,30.62737274169922
2013-11-13,31.283203125
2013-11-14,31.168420791625977
2013-11-15,31.020851135253906
2013-11-18,30.49619483947754
2013-11-19,30.347517013549805
2013-11-20,30.62836265563965
2013-11-21,30.892677307128906
2013-11-22,31.03308868408203
2013-11-25,31.090913772583008
2013-11-26,30.851383209228516
2013-11-27,31.057884216308594
2013-11-29,31.49565887451172
2013-12-02,31.759984970092773
2013-12-03,31.64434814453125
2013-12-04,32.16472625732422
2013-12-05,31.38829231262207
2013-12-06,31.685640335083008
2013-12-09,31.97474479675293
2013-12-10,31.479143142700195
2013-12-11,31.066144943237305
2013-12-12,30.74400520324707
2013-12-13,30.306211471557617
2013-12-16,30.47142219543457
2013-12-17,30.165794372558594
2013-12-18,30.21535873413086
2013-12-19,29.94277000427246
2013-12-20,30.397077560424805
2013-12-23,30.248395919799805
2013-12-24,30.62836265563965
2013-12-26,30.92572021484375
2013-12-27,30.80183982849121
2013-12-30,30.80183982849121
2013-12-31,30.90094566345215
2014-01-02,30.694438934326172
2014-01-03,30.487945556640625
2014-01-06,29.843656539916992
2014-01-07,30.074935913085938
2014-01-08,29.538026809692383
2014-01-09,29.348045349121094
2014-01-10,29.769317626953125
2014-01-13,28.893741607666016
2014-01-14,29.554542541503906
2014-01-15,30.364028930664062
2014-01-16,30.47142219543457
2014-01-17,30.050155639648438
2014-01-21,29.876693725585938
2014-01-22,29.678468704223633
2014-01-23,29.785842895507812
2014-01-24,30.405332565307617
2014-01-27,29.76105499267578
2014-01-28,29.95929527282715
2014-01-29,30.281448364257812
2014-01-30,30.44663429260254
2014-01-31,31.256113052368164
2014-02-03,30.13275718688965
2014-02-04,30.025381088256836
2014-02-05,29.587583541870117
2014-02-06,29.884944915771484
2014-02-07,30.1988468170166
2014-02-10,30.397077560424805
2014-02-11,30.70269012451172
2014-02-12,30.95050048828125
2014-02-13,31.066144943237305
2014-02-14,31.07440757751465
2014-02-18,31.140987396240234
2014-02-19,31.21588897705078
2014-02-20,31.415611267089844
2014-02-21,31.607009887695312
2014-02-24,31.365676879882812
2014-02-25,31.240840911865234
2014-02-26,31.182598114013672
2014-02-27,31.50715446472168
2014-02-28,31.88164520263672
2014-03-03,31.440580368041992
2014-03-04,31.964866638183594
2014-03-05,31.71519660949707
2014-03-06,31.74847984313965
2014-03-07,31.540447235107422
2014-03-10,31.47386360168457
2014-03-11,31.64029312133789
2014-03-12,31.84836196899414
2014-03-13,31.532106399536133
2014-03-14,31.374004364013672
2014-03-17,31.66527557373047
2014-03-18,32.91357421875
2014-03-19,32.680545806884766
2014-03-20,33.56269454956055
2014-03-21,33.421207427978516
2014-03-24,33.70415496826172
2014-03-25,33.571006774902344
2014-03-26,33.11330032348633
2014-03-27,32.755455017089844
2014-03-28,33.5377197265625
2014-03-31,34.11195373535156
2014-04-01,34.46977233886719
2014-04-02,34.411521911621094
2014-04-03,34.12858200073242
2014-04-04,33.179874420166016
2014-04-07,33.12162780761719
2014-04-08,33.138267517089844
2014-04-09,33.6791877746582
2014-04-10,32.755455017089844
2014-04-11,32.63062286376953
2014-04-14,32.60564422607422
2014-04-15,33.08000564575195
2014-04-16,33.620948791503906
2014-04-17,33.296382904052734
2014-04-21,33.238128662109375
2014-04-22,33.27975082397461
2014-04-23,33.03007888793945
2014-04-24,33.17154312133789
2014-04-25,33.213157653808594
2014-04-28,34.0120849609375
2014-04-29,33.712486267089844
2014-04-30,33.620948791503906
2014-05-01,33.28805923461914
2014-05-02,33.03007888793945
2014-05-05,32.8137092590332
2014-05-06,32.50579071044922
2014-05-07,32.80540084838867
2014-05-08,32.988460540771484
2014-05-09,32.90524673461914
2014-05-12,33.26309585571289
2014-05-13,33.874874114990234
2014-05-14,33.724029541015625
2014-05-15,33.18767166137695
2014-05-16,33.380428314208984
2014-05-19,33.313377380371094
2014-05-20,33.25471115112305
2014-05-21,33.81621551513672
2014-05-22,33.60671615600586
2014-05-23,33.623477935791016
2014-05-27,33.6821403503418
2014-05-28,33.53127670288086
2014-05-29,33.807838439941406
2014-05-30,34.31068420410156
2014-06-02,34.18497085571289
2014-06-03,33.76594161987305
2014-06-04,33.791080474853516
2014-06-05,34.53696823120117
2014-06-06,34.76326370239258
2014-06-09,34.587249755859375
2014-06-10,34.45317077636719
2014-06-11,34.24364471435547
2014-06-12,34.00899124145508
2014-06-13,34.553714752197266
2014-06-16,34.780006408691406
2014-06-17,34.93086242675781
2014-06-18,34.90571975708008
2014-06-19,34.78838348388672
2014-06-20,34.93086242675781
2014-06-23,35.190673828125
2014-06-24,34.98952865600586
2014-06-25,35.22418975830078
2014-06-26,34.964393615722656
2014-06-27,35.40855407714844
2014-06-30,34.9476318359375
2014-07-01,35.09010696411133
2014-07-02,35.115238189697266
2014-07-03,35.03143310546875
2014-07-07,35.190673828125
2014-07-08,35.01465606689453
2014-07-09,34.9224853515625
2014-07-10,34.93922805786133
2014-07-11,35.27448272705078
2014-07-14,35.31638717651367
2014-07-15,35.576175689697266
2014-07-16,36.94221878051758
2014-07-17,37.319366455078125
2014-07-18,37.45345687866211
2014-07-21,37.57915496826172
2014-07-22,37.570777893066406
2014-07-23,37.604312896728516
2014-07-24,37.21042251586914
2014-07-25,37.294219970703125
2014-07-28,36.85005569458008
2014-07-29,36.78300094604492
2014-07-30,36.52320861816406
2014-07-31,36.17121124267578
2014-08-01,35.9197883605957
2014-08-04,36.34718704223633
2014-08-05,36.104156494140625
2014-08-06,35.81922149658203
2014-08-07,36.2298698425293
2014-08-08,36.20472717285156
2014-08-11,36.20472717285156
2014-08-12,36.47291946411133
2014-08-13,36.94221878051758
2014-08-14,37.10145950317383
2014-08-15,37.53725814819336
2014-08-18,37.80545425415039
2014-08-19,38.22710037231445
2014-08-20,37.906639099121094
2014-08-21,38.134342193603516
2014-08-22,38.07529830932617
2014-08-25,38.092166900634766
2014-08-26,37.95723342895508
2014-08-27,37.83917999267578
2014-08-28,37.847618103027344
2014-08-29,38.31143569946289
2014-09-02,38.02470779418945
2014-09-03,37.915069580078125
2014-09-04,38.16805648803711
2014-09-05,38.716209411621094
2014-09-08,39.1884651184082
2014-09-09,39.43302917480469
2014-09-10,39.500484466552734
2014-09-11,39.635433197021484
2014-09-12,39.38241958618164
2014-09-15,38.994503021240234
2014-09-16,39.43302917480469
2014-09-17,39.23062515258789
2014-09-18,39.36557388305664
2014-09-19,40.07393264770508
2014-09-22,39.68603515625
2014-09-23,39.264373779296875
2014-09-24,39.70288848876953
2014-09-25,38.82583999633789
2014-09-26,39.13786315917969
2014-09-29,39.163169860839844
2014-09-30,39.09571838378906
2014-10-01,38.707794189453125
2014-10-02,38.5897216796875
2014-10-03,38.86802673339844
2014-10-06,38.86802673339844
2014-10-07,38.39576721191406
2014-10-08,39.44990158081055
2014-10-09,38.665626525878906
2014-10-10,37.13081359863281
2014-10-13,36.810340881347656
2014-10-14,36.87779998779297
2014-10-15,36.447723388671875
2014-10-16,36.04293441772461
2014-10-17,36.793487548828125
2014-10-20,37.17295837402344
2014-10-21,37.847618103027344
2014-10-22,37.425968170166016
2014-10-23,37.96567916870117
2014-10-24,38.9017448425293
2014-10-27,38.716209411621094
2014-10-28,39.20532989501953
2014-10-29,39.314971923828125
2014-10-30,38.834285736083984
2014-10-31,39.5932502746582
2014-11-03,40.00647735595703
2014-11-04,40.11610412597656
2014-11-05,40.36066818237305
2014-11-06,41.06904983520508
2014-11-07,41.05219268798828
2014-11-10,41.229270935058594
2014-11-11,41.212406158447266
2014-11-12,41.13650894165039
2014-11-13,41.836456298828125
2014-11-14,41.8111572265625
2014-11-17,41.70995330810547
2014-11-18,41.362022399902344
2014-11-19,40.92072677612305
2014-11-20,41.32808303833008
2014-11-21,40.71706008911133
2014-11-24,40.3860969543457
2014-11-25,40.284271240234375
2014-11-26,40.52189254760742
2014-11-28,40.57280349731445
2014-12-01,41.26017761230469
2014-12-02,41.12439727783203
2014-12-03,40.80192947387695
2014-12-04,41.4468879699707
2014-12-05,41.0904426574707
2014-12-08,40.47945022583008
2014-12-09,40.3860969543457
2014-12-10,39.80054473876953
2014-12-11,40.02967834472656
2014-12-12,39.84297561645508
2014-12-15,39.60536193847656
2014-12-16,38.323944091796875
2014-12-17,38.8161506652832
2014-12-18,40.326690673828125
2014-12-19,40.44550323486328
2014-12-22,40.71706008911133
2014-12-23,41.11592483520508
2014-12-24,40.852848052978516
2014-12-26,40.632198333740234
2014-12-29,40.26728439331055
2014-12-30,39.90238571166992
2014-12-31,39.41865921020508
2015-01-02,39.68173599243164
2015-01-05,39.31683349609375
2015-01-06,38.73976135253906
2015-01-07,39.23196792602539
2015-01-08,40.3860969543457
2015-01-09,40.04665756225586
2015-01-12,39.54595947265625
2015-01-13,39.342288970947266
2015-01-14,39.00282669067383
2015-01-15,38.59550857543945
2015-01-16,39.24045181274414
2015-01-20,39.36774444580078
2015-01-21,38.968902587890625
2015-01-22,39.99574279785156
2015-01-23,40.038150787353516
2015-01-26,39.893890380859375
2015-01-27,36.202369689941406
2015-01-28,34.95488739013672
2015-01-29,35.650787353515625
2015-01-30,34.28448486328125
2015-02-02,35.031288146972656
2015-02-03,35.30282211303711
2015-02-04,35.50651931762695
2015-02-05,36.02416229248047
2015-02-06,35.9902229309082
2015-02-09,35.94779968261719
2015-02-10,36.15146255493164
2015-02-11,35.96477508544922
2015-02-12,36.56729507446289
2015-02-13,37.22920608520508
2015-02-17,37.24631118774414
2015-02-18,37.20356750488281
2015-02-19,37.177940368652344
2015-02-20,37.48561477661133
2015-02-23,37.733463287353516
2015-02-24,37.68218994140625
2015-02-25,37.59672164916992
2015-02-26,37.65655517578125
2015-02-27,37.47706604003906
2015-03-02,37.50269317626953
2015-03-03,36.98990249633789
2015-03-04,36.801876068115234
2015-03-05,36.8446159362793
2015-03-06,36.20362091064453
2015-03-09,36.62239456176758
2015-03-10,35.92158126831055
2015-03-11,35.87884521484375
2015-03-12,35.05836486816406
2015-03-13,35.36604309082031
2015-03-16,35.519893646240234
2015-03-17,35.6395378112793
2015-03-18,36.32326889038086
2015-03-19,36.143798828125
2015-03-20,36.648048400878906
2015-03-23,36.63094711303711
2015-03-24,36.665138244628906
2015-03-25,35.434417724609375
2015-03-26,35.22075653076172
2015-03-27,35.015625
2015-03-30,35.0070915222168
2015-03-31,34.75069046020508
2015-04-01,34.80197525024414
2015-04-02,34.4344596862793
2015-04-06,35.511329650878906
2015-04-07,35.494258880615234
2015-04-08,35.40022659301758
2015-04-09,35.45152282714844
2015-04-10,35.65663528442383
2015-04-13,35.6908073425293
2015-04-14,35.596797943115234
2015-04-15,36.118160247802734
2015-04-16,36.032684326171875
2015-04-17,35.5711669921875
2015-04-20,36.67367172241211
2015-04-21,36.44291687011719
2015-04-22,36.742069244384766
2015-04-23,37.04119110107422
2015-04-24,40.91282272338867
2015-04-27,41.049556732177734
2015-04-28,42.01533889770508
2015-04-29,41.929874420166016
2015-04-30,41.57090759277344
2015-05-01,41.58800506591797
2015-05-04,41.22905731201172
2015-05-05,40.68205261230469
2015-05-06,39.553897857666016
2015-05-07,39.91285705566406
2015-05-08,40.810264587402344
2015-05-11,40.48548889160156
2015-05-12,40.468387603759766
2015-05-13,40.70771026611328
2015-05-14,41.63929748535156
2015-05-15,41.28033447265625
2015-05-18,41.032474517822266
2015-05-19,40.92924499511719
2015-05-20,40.92924499511719
2015-05-21,40.79161071777344
2015-05-22,40.344303131103516
2015-05-26,40.07762145996094
2015-05-27,40.955055236816406
2015-05-28,40.817413330078125
2015-05-29,40.309879302978516
2015-06-01,40.62815475463867
2015-06-02,40.36150360107422
2015-06-03,40.30128860473633
2015-06-04,39.87977600097656
2015-06-05,39.690528869628906
2015-06-08,39.33782958984375
2015-06-09,39.26902389526367
2015-06-10,40.0948371887207
2015-06-11,39.94859313964844
2015-06-12,39.54429626464844
2015-06-15,39.12278366088867
2015-06-16,39.423858642578125
2015-06-17,39.54429626464844
2015-06-18,40.18946075439453
2015-06-19,39.6561164855957
2015-06-22,39.76795196533203
2015-06-23,39.49267578125
2015-06-24,39.26041030883789
2015-06-25,39.26902389526367
2015-06-26,38.93354415893555
2015-06-29,38.16793441772461
2015-06-30,37.97869110107422
2015-07-01,38.236751556396484
2015-07-02,38.19374084472656
2015-07-06,38.18514633178711
2015-07-07,38.10771942138672
2015-07-08,38.056121826171875
2015-07-09,38.296974182128906
2015-07-10,38.37440490722656
2015-07-13,39.17439651489258
2015-07-14,39.24320983886719
2015-07-15,39.36363220214844
2015-07-16,40.13783645629883
2015-07-17,40.10343933105469
2015-07-20,40.36150360107422
2015-07-21,40.67118453979492
2015-07-22,39.17439651489258
2015-07-23,39.66472625732422
2015-07-24,39.518489837646484
2015-07-27,39.010948181152344
2015-07-28,39.00236511230469
2015-07-29,39.8195686340332
2015-07-30,40.32709503173828
2015-07-31,40.172245025634766
2015-08-03,40.266876220703125
2015-08-04,40.894832611083984
2015-08-05,40.92924499511719
2015-08-06,40.10343933105469
2015-08-07,40.206661224365234
2015-08-10,40.71418380737305
2015-08-11,39.92279815673828
2015-08-12,40.206661224365234
2015-08-13,40.198055267333984
2015-08-14,40.430320739746094
2015-08-17,40.705596923828125
2015-08-18,40.93073272705078
2015-08-19,40.35923767089844
2015-08-20,39.536624908447266
2015-08-21,37.293975830078125
2015-08-24,36.090389251708984
2015-08-25,35.042659759521484
2015-08-26,36.98224639892578
2015-08-27,38.01266860961914
2015-08-28,38.03863525390625
2015-08-31,37.683624267578125
2015-09-01,36.211612701416016
2015-09-02,37.54509735107422
2015-09-03,37.666324615478516
2015-09-04,36.89566421508789
2015-09-08,38.003990173339844
2015-09-09,37.293975830078125
2015-09-10,37.484466552734375
2015-09-11,37.648983001708984
2015-09-14,37.26799392700195
2015-09-15,38.081932067871094
2015-09-16,38.35901641845703
2015-09-17,38.31571960449219
2015-09-18,37.648983001708984
2015-09-21,38.194515228271484
2015-09-22,38.01266860961914
2015-09-23,37.98668670654297
2015-09-24,38.02132034301758
2015-09-25,38.04729461669922
2015-09-28,37.484466552734375
2015-09-29,37.61433792114258
2015-09-30,38.324405670166016
2015-10-01,38.62744903564453
2015-10-02,39.45870590209961
2015-10-05,40.37654495239258
2015-10-06,40.480445861816406
2015-10-07,40.52375411987305
2015-10-08,41.08657455444336
2015-10-09,40.792171478271484
2015-10-12,40.696929931640625
2015-10-13,40.6016845703125
2015-10-14,40.41985321044922
2015-10-15,40.705596923828125
2015-10-16,41.13853454589844
2015-10-19,41.2337760925293
2015-10-20,41.36366653442383
2015-10-21,40.870113372802734
2015-10-22,41.58879089355469
2015-10-23,45.779720306396484
2015-10-26,46.974647521972656
2015-10-27,46.489742279052734
2015-10-28,46.74085998535156
2015-10-29,46.20399856567383
2015-10-30,45.580562591552734
2015-11-02,46.10009002685547
2015-11-03,46.888065338134766
2015-11-04,47.10454559326172
2015-11-05,47.08721923828125
2015-11-06,47.55479431152344
2015-11-09,46.8967170715332
2015-11-10,46.3338737487793
2015-11-11,46.45510482788086
2015-11-12,46.16935729980469
2015-11-13,45.75374984741211
2015-11-16,46.559024810791016
2015-11-17,46.17546463012695
2015-11-18,46.942569732666016
2015-11-19,47.02104568481445
2015-11-20,47.23896789550781
2015-11-23,47.23896789550781
2015-11-24,47.29127502441406
2015-11-25,46.8031005859375
2015-11-27,47.01231002807617
2015-11-30,47.378448486328125
2015-12-01,48.13685607910156
2015-12-02,48.128143310546875
2015-12-03,47.247684478759766
2015-12-04,48.73834228515625
2015-12-07,48.65116882324219
2015-12-08,48.63374328613281
2015-12-09,47.92762756347656
2015-12-10,48.18043518066406
2015-12-11,47.125648498535156
2015-12-14,48.06711959838867
2015-12-15,48.11941146850586
2015-12-16,48.93010711669922
2015-12-17,48.55527877807617
2015-12-18,47.186668395996094
2015-12-21,47.796871185302734
2015-12-22,48.25016403198242
2015-12-23,48.65988540649414
2015-12-24,48.52912902832031
2015-12-28,48.77321243286133
2015-12-29,49.2962532043457
2015-12-30,49.087032318115234
2015-12-31,48.363502502441406
2016-01-04,47.770729064941406
2016-01-05,47.98865509033203
2016-01-06,47.116920471191406
2016-01-07,45.47807693481445
2016-01-08,45.617549896240234
2016-01-11,45.59140396118164
2016-01-12,46.00983428955078
2016-01-13,45.01606369018555
2016-01-14,46.29750061035156
2016-01-15,44.44944763183594
2016-01-19,44.07460021972656
2016-01-20,44.27509689331055
2016-01-21,44.004859924316406
2016-01-22,45.582698822021484
2016-01-25,45.14682388305664
2016-01-26,45.47807693481445
2016-01-27,44.64994812011719
2016-01-28,45.382179260253906
2016-01-29,48.023521423339844
2016-02-01,47.692264556884766
2016-02-02,46.20161056518555
2016-02-03,45.4693603515625
2016-02-04,45.32987976074219
2016-02-05,43.72590255737305
2016-02-08,43.072105407714844
2016-02-09,42.95878601074219
2016-02-10,43.333621978759766
2016-02-11,43.316184997558594
2016-02-12,44.02228546142578
2016-02-16,44.856380462646484
2016-02-17,46.02409744262695
2016-02-18,45.822174072265625
2016-02-19,45.497314453125
2016-02-22,46.22604751586914
2016-02-23,44.93539047241211
2016-02-24,45.09344482421875
2016-02-25,45.74314880371094
2016-02-26,45.04076385498047
2016-02-29,44.671993255615234
2016-03-01,46.164581298828125
2016-03-02,46.489444732666016
2016-03-03,45.962642669677734
2016-03-04,45.68168258666992
2016-03-07,44.8037109375
2016-03-08,45.34804916381836
2016-03-09,46.392860412597656
2016-03-10,45.699249267578125
2016-03-11,46.59479522705078
2016-03-14,46.68259048461914
2016-03-15,47.05133819580078
2016-03-16,47.71861267089844
2016-03-17,47.99079513549805
2016-03-18,46.96355056762695
2016-03-21,47.28839874267578
2016-03-22,47.472782135009766
2016-03-23,47.384986877441406
2016-03-24,47.595703125
2016-03-28,47.0074462890625
2016-03-29,48.034690856933594
2016-03-30,48.33320617675781
2016-03-31,48.49123764038086
2016-04-01,48.78976058959961
2016-04-04,48.66685104370117
2016-04-05,47.902984619140625
2016-04-06,48.3946647644043
2016-04-07,47.8151969909668
2016-04-08,47.78007507324219
2016-04-11,47.683494567871094
2016-04-12,47.98202133178711
2016-04-13,48.59659194946289
2016-04-14,48.60538864135742
2016-04-15,48.859989166259766
2016-04-18,49.5711784362793
2016-04-19,49.50971221923828
2016-04-20,48.807308197021484
2016-04-21,48.974151611328125
2016-04-22,45.462196350097656
2016-04-25,45.7519416809082
2016-04-26,45.163673400878906
2016-04-27,44.72467803955078
2016-04-28,43.81158447265625
2016-04-29,43.78523254394531
2016-05-02,44.434940338134766
2016-05-03,43.70622253417969
2016-05-04,43.78523254394531
2016-05-05,43.846683502197266
2016-05-06,44.24177551269531
2016-05-09,43.96083068847656
2016-05-10,44.794921875
2016-05-11,44.821250915527344
2016-05-12,45.225120544433594
2016-05-13,44.84760665893555
2016-05-16,45.50609588623047
2016-05-17,44.65732955932617
2016-05-18,44.92257308959961
2016-05-19,44.48933792114258
2016-05-20,44.75457763671875
2016-05-23,44.23294448852539
2016-05-24,45.61217498779297
2016-05-25,46.080772399902344
2016-05-26,45.87742233276367
2016-05-27,46.257606506347656
2016-05-31,46.858802795410156
2016-06-01,46.7261848449707
2016-06-02,46.39906692504883
2016-06-03,45.78902053833008
2016-06-06,46.0896110534668
2016-06-07,46.063087463378906
2016-06-08,46.01005172729492
2016-06-09,45.638710021972656
2016-06-10,45.51491928100586
2016-06-13,44.330204010009766
2016-06-14,44.056121826171875
2016-06-15,43.93233871459961
2016-06-16,44.55122375488281
2016-06-17,44.32136535644531
2016-06-20,44.268310546875
2016-06-21,45.25852584838867
2016-06-22,45.08171463012695
2016-06-23,45.895111083984375
2016-06-24,44.056121826171875
2016-06-27,42.8183479309082
2016-06-28,43.71131134033203
2016-06-29,44.68385314941406
2016-06-30,45.24085235595703
2016-07-01,45.23200988769531
2016-07-05,45.24085235595703
2016-07-06,45.426517486572266
2016-07-07,45.426517486572266
2016-07-08,46.23991775512695
2016-07-11,46.496315002441406
2016-07-12,47.04446792602539
2016-07-13,47.3097038269043
2016-07-14,47.5130615234375
2016-07-15,47.477699279785156
2016-07-18,47.70756912231445
2016-07-19,46.938377380371094
2016-07-20,49.431610107421875
2016-07-21,49.3343620300293
2016-07-22,50.0151481628418
2016-07-25,50.1566047668457
2016-07-26,50.183135986328125
2016-07-27,49.67918014526367
2016-07-28,49.69685745239258
2016-07-29,50.112403869628906
2016-08-01,50.023990631103516
2016-08-02,50.023990631103516
2016-08-03,50.36879348754883
2016-08-04,50.74013137817383
2016-08-05,51.244083404541016
2016-08-08,51.33249282836914
2016-08-09,51.45627975463867
2016-08-10,51.29713439941406
2016-08-11,51.54469680786133
2016-08-12,51.22640609741211
2016-08-15,51.38554763793945
2016-08-16,51.10084915161133
2016-08-17,51.20761489868164
2016-08-18,51.243202209472656
2016-08-19,51.260990142822266
2016-08-22,51.30546569824219
2016-08-23,51.50119400024414
2016-08-24,51.5545654296875
2016-08-25,51.75028991699219
2016-08-26,51.62574005126953
2016-08-29,51.68801498413086
2016-08-30,51.50119400024414
2016-08-31,51.118656158447266
2016-09-01,51.23429870605469
2016-09-02,51.30546569824219
2016-09-06,51.252098083496094
2016-09-07,51.296573638916016
2016-09-08,51.09196472167969
2016-09-09,50.006614685058594
2016-09-12,50.753902435302734
2016-09-13,50.29127883911133
2016-09-14,50.05108642578125
2016-09-15,50.878448486328125
2016-09-16,50.931827545166016
2016-09-19,50.64713668823242
2016-09-20,50.54039001464844
2016-09-21,51.38554382324219
2016-09-22,51.43891525268555
2016-09-23,51.09196472167969
2016-09-26,50.62046432495117
2016-09-27,51.5545654296875
2016-09-28,51.62574005126953
2016-09-29,51.06528091430664
2016-09-30,51.243202209472656
2016-10-03,51.083065032958984
2016-10-04,50.922935485839844
2016-10-05,51.278785705566406
2016-10-06,51.36775588989258
2016-10-07,51.42112350463867
2016-10-10,51.63462829589844
2016-10-11,50.878448486328125
2016-10-12,50.807281494140625
2016-10-13,50.638240814208984
2016-10-14,51.083065032958984
2016-10-17,50.90513610839844
2016-10-18,51.296573638916016
2016-10-19,51.1809196472168
2016-10-20,50.931827545166016
2016-10-21,53.07585525512695
2016-10-24,54.26797866821289
2016-10-25,54.25906753540039
2016-10-26,53.93880081176758
2016-10-27,53.467288970947266
2016-10-28,53.26267623901367
2016-10-31,53.307159423828125
2016-11-01,53.20039367675781
2016-11-02,52.87123489379883
2016-11-03,52.675514221191406
2016-11-04,52.23069381713867
2016-11-07,53.751991271972656
2016-11-08,53.79646682739258
2016-11-09,53.529563903808594
2016-11-10,52.221797943115234
2016-11-11,52.5064811706543
2016-11-14,51.705806732177734
2016-11-15,52.72684860229492
2016-11-16,53.425453186035156
2016-11-17,54.3121452331543
2016-11-18,54.05241775512695
2016-11-21,54.509185791015625
2016-11-22,54.7420654296875
2016-11-23,54.097190856933594
2016-11-25,54.213623046875
2016-11-28,54.285282135009766
2016-11-29,54.71519470214844
2016-11-30,53.9718132019043
2016-12-01,53.02241134643555
2016-12-02,53.06719970703125
2016-12-05,53.935977935791016
2016-12-06,53.69415283203125
2016-12-07,54.96597671508789
2016-12-08,54.64353942871094
2016-12-09,55.503360748291016
2016-12-12,55.68248748779297
2016-12-13,56.407958984375
2016-12-14,56.139278411865234
2016-12-15,56.04970169067383
2016-12-16,55.798919677734375
2016-12-19,56.98118591308594
2016-12-20,56.90953063964844
2016-12-21,56.90953063964844
2016-12-22,56.91848373413086
2016-12-23,56.64083480834961
2016-12-27,56.676666259765625
2016-12-28,56.416927337646484
2016-12-29,56.336307525634766
2016-12-30,55.655616760253906
2017-01-03,56.04970169067383
2017-01-04,55.798919677734375
2017-01-05,55.798919677734375
2017-01-06,56.28257751464844
2017-01-09,56.10343933105469
2017-01-10,56.08552932739258
2017-01-11,56.59606170654297
2017-01-12,56.07658386230469
2017-01-13,56.157196044921875
2017-01-17,56.00493621826172
2017-01-18,55.97805404663086
2017-01-19,55.798919677734375
2017-01-20,56.19300842285156
2017-01-23,56.39004898071289
2017-01-24,56.8916130065918
2017-01-25,57.03492736816406
2017-01-26,57.563331604003906
2017-01-27,58.91579055786133
2017-01-30,58.3336067199707
2017-01-31,57.90370559692383
2017-02-01,56.94536209106445
2017-02-02,56.57813262939453
2017-02-03,57.03492736816406
2017-02-06,56.99908447265625
2017-02-07,56.81101608276367
2017-02-08,56.730411529541016
2017-02-09,57.375274658203125
2017-02-10,57.32152557373047
2017-02-13,57.96638870239258
2017-02-14,58.18265151977539
2017-02-15,58.146610260009766
2017-02-16,58.13759994506836
2017-02-17,58.22771072387695
2017-02-21,58.11056900024414
2017-02-22,57.99342727661133
2017-02-23,58.22771072387695
2017-02-24,58.22771072387695
2017-02-27,57.87628936767578
2017-02-28,57.651023864746094
2017-03-01,58.51605224609375
2017-03-02,57.67803955078125
2017-03-03,57.894317626953125
2017-03-06,57.91231155395508
2017-03-07,58.029483795166016
2017-03-08,58.56113052368164
2017-03-09,58.326839447021484
2017-03-10,58.50704574584961
2017-03-13,58.308799743652344
2017-03-14,58.03848648071289
2017-03-15,58.344844818115234
2017-03-16,58.24573516845703
2017-03-17,58.45298385620117
2017-03-20,58.50704574584961
2017-03-21,57.8582763671875
2017-03-22,58.5971565246582
2017-03-23,58.45298385620117
2017-03-24,58.55208206176758
2017-03-27,58.66023254394531
2017-03-28,58.831424713134766
2017-03-29,58.993629455566406
2017-03-30,59.209877014160156
2017-03-31,59.34505844116211
2017-04-03,59.06570816040039
2017-04-04,59.2279167175293
2017-04-05,59.07471466064453
2017-04-06,59.2279167175293
2017-04-07,59.18284606933594
2017-04-10,59.04768371582031
2017-04-11,59.00263595581055
2017-04-12,58.7773551940918
2017-04-13,58.525062561035156
2017-04-17,59.00263595581055
2017-04-18,58.921546936035156
2017-04-19,58.606163024902344
2017-04-20,59.020660400390625
2017-04-21,59.8316535949707
2017-04-24,60.8498649597168
2017-04-25,61.20125961303711
2017-04-26,61.12017822265625
2017-04-27,61.516639709472656
2017-04-28,61.6878547668457
2017-05-01,62.543907165527344
2017-05-02,62.444766998291016
2017-05-03,62.24653244018555
2017-05-04,62.00322341918945
2017-05-05,62.17445755004883
2017-05-08,62.12038040161133
2017-05-09,62.21046447753906
2017-05-10,62.453773498535156
2017-05-11,61.6878547668457
2017-05-12,61.615760803222656
2017-05-15,61.66083908081055
2017-05-16,62.902400970458984
2017-05-17,61.15331268310547
2017-05-18,61.36175537109375
2017-05-19,61.34366226196289
2017-05-22,62.032371520996094
2017-05-23,62.24081802368164
2017-05-24,62.322357177734375
2017-05-25,63.09268569946289
2017-05-26,63.40080642700195
2017-05-30,63.80862045288086
2017-05-31,63.292057037353516
2017-06-01,63.52766799926758
2017-06-02,65.03207397460938
2017-06-05,65.50328063964844
2017-06-06,65.72077178955078
2017-06-07,65.60297393798828
2017-06-08,65.20423126220703
2017-06-09,63.727054595947266
2017-06-12,63.2376823425293
2017-06-13,64.02610778808594
2017-06-14,63.68172836303711
2017-06-15,63.346439361572266
2017-06-16,63.43705749511719
2017-06-19,64.22550201416016
2017-06-20,63.355491638183594
2017-06-21,63.68172836303711
2017-06-22,63.67266845703125
2017-06-23,64.53361511230469
2017-06-26,63.91736602783203
2017-06-27,62.721134185791016
2017-06-28,63.255794525146484
2017-06-29,62.0686149597168
2017-06-30,62.467384338378906
2017-07-03,61.778621673583984
2017-07-05,62.60332489013672
2017-07-06,62.141143798828125
2017-07-07,62.94769287109375
2017-07-10,63.41892623901367
2017-07-11,63.428001403808594
2017-07-12,64.47924041748047
2017-07-13,65.0411148071289
2017-07-14,65.95640563964844
2017-07-17,66.47297668457031
2017-07-18,66.42766571044922
2017-07-19,66.93514251708984
2017-07-20,67.26139068603516
2017-07-21,66.8717269897461
2017-07-24,66.69955444335938
2017-07-25,67.23421478271484
2017-07-26,67.10735321044922
2017-07-27,66.30077362060547
2017-07-28,66.19205474853516
2017-07-31,65.8839111328125
2017-08-01,65.7751693725586
2017-08-02,65.48517608642578
2017-08-03,65.3854751586914
2017-08-04,65.86579132080078
2017-08-07,65.61205291748047
2017-08-08,65.96546936035156
2017-08-09,65.67548370361328
2017-08-10,64.71487426757812
2017-08-11,65.70265197753906
2017-08-14,66.69047546386719
2017-08-15,66.7087173461914
2017-08-16,67.1004638671875
2017-08-17,65.96161651611328
2017-08-18,66.0436019897461
2017-08-21,65.73382568359375
2017-08-22,66.65402221679688
2017-08-23,66.2531509399414
2017-08-24,66.225830078125
2017-08-25,66.3442611694336
2017-08-28,66.3533706665039
2017-08-29,66.55382537841797
2017-08-30,67.42845916748047
2017-08-31,68.12083435058594
2017-09-01,67.36466217041016
2017-09-05,67.06401824951172
2017-09-06,66.87269592285156
2017-09-07,67.72911071777344
2017-09-08,67.4011001586914
2017-09-11,68.11175537109375
2017-09-12,68.03887176513672
2017-09-13,68.52174377441406
2017-09-14,68.12083435058594
2017-09-15,68.61283111572266
2017-09-18,68.4761734008789
2017-09-19,68.73128509521484
2017-09-20,68.2757339477539
2017-09-21,67.61065673828125
2017-09-22,67.79288482666016
2017-09-25,66.74514770507812
2017-09-26,66.74514770507812
2017-09-27,67.28265380859375
2017-09-28,67.30091094970703
2017-09-29,67.86575317382812
2017-10-02,67.97509765625
2017-10-03,67.6562271118164
2017-10-04,68.04798126220703
2017-10-05,69.21415710449219
2017-10-06,69.24147033691406
2017-10-09,69.50569915771484
2017-10-10,69.50569915771484
2017-10-11,69.6241455078125
2017-10-12,70.26187896728516
2017-10-13,70.59894561767578
2017-10-16,70.7447738647461
2017-10-17,70.69010925292969
2017-10-18,70.70831298828125
2017-10-19,70.98162841796875
2017-10-20,71.80157470703125
2017-10-23,71.81980895996094
2017-10-24,71.84713745117188
2017-10-25,71.6375961303711
2017-10-26,71.75603485107422
2017-10-27,76.3569564819336
2017-10-30,76.4298324584961
2017-10-31,75.78296661376953
2017-11-01,75.78296661376953
2017-11-02,76.57560729980469
2017-11-03,76.65760040283203
2017-11-06,76.958251953125
2017-11-07,76.77603912353516
2017-11-08,77.0402603149414
2017-11-09,76.61204528808594
2017-11-10,76.41161346435547
2017-11-13,76.46627807617188
2017-11-14,76.57560729980469
2017-11-15,75.98041534423828
2017-11-16,76.181884765625
2017-11-17,75.44934844970703
2017-11-20,75.5683822631836
2017-11-21,76.65802764892578
2017-11-22,76.0995101928711
2017-11-24,76.23682403564453
2017-11-27,76.79534912109375
2017-11-28,77.72019958496094
2017-11-29,76.31006622314453
2017-11-30,77.0700454711914
2017-12-01,77.1524658203125
2017-12-04,74.24069213867188
2017-12-05,74.70767211914062
2017-12-06,75.79730224609375
2017-12-07,75.5317611694336
2017-12-08,77.06088256835938
2017-12-11,78.0406494140625
2017-12-12,78.36111450195312
2017-12-13,78.1505355834961
2017-12-14,77.54619598388672
2017-12-15,79.52400207519531
2017-12-18,79.09363555908203
2017-12-19,78.59002685546875
2017-12-20,78.30616760253906
2017-12-21,78.28787994384766
2017-12-22,78.29701232910156
2017-12-26,78.19628143310547
2017-12-27,78.48014831542969
2017-12-28,78.48929595947266
2017-12-29,78.32449340820312
2018-01-02,78.69989776611328
2018-01-03,79.066162109375
2018-01-04,79.76207733154297
2018-01-05,80.75096130371094
2018-01-08,80.83336639404297
2018-01-09,80.77842712402344
2018-01-10,80.41218566894531
2018-01-11,80.6502456665039
2018-01-12,82.04203796386719
2018-01-16,80.89746856689453
2018-01-17,82.5364761352539
2018-01-18,82.49983215332031
2018-01-19,82.40827178955078
2018-01-22,83.88246154785156
2018-01-23,84.14801025390625
2018-01-24,84.07477569580078
2018-01-25,84.541748046875
2018-01-26,86.12580871582031
2018-01-29,85.99761962890625
2018-01-30,84.9171371459961
2018-01-31,86.99568939208984
2018-02-01,86.3089599609375
2018-02-02,84.03812408447266
2018-02-05,80.57699584960938
2018-02-06,83.62611389160156
2018-02-07,82.05118560791016
2018-02-08,77.8392105102539
2018-02-09,80.74178314208984
2018-02-12,81.61166381835938
2018-02-13,82.25260925292969
2018-02-14,83.5405502319336
2018-02-15,85.2424545288086
2018-02-16,84.63529205322266
2018-02-20,85.29764556884766
2018-02-21,84.16610717773438
2018-02-22,84.38688659667969
2018-02-23,86.53038787841797
2018-02-26,87.781494140625
2018-02-27,86.65916442871094
2018-02-28,86.26360321044922
2018-03-01,85.41722869873047
2018-03-02,85.60125732421875
2018-03-05,86.14399719238281
2018-03-06,85.84961700439453
2018-03-07,86.34638977050781
2018-03-08,86.87074279785156
2018-03-09,88.81185150146484
2018-03-12,89.02344512939453
2018-03-13,86.85234832763672
2018-03-14,86.33717346191406
2018-03-15,86.6407699584961
2018-03-16,87.02714538574219
2018-03-19,85.45404052734375
2018-03-20,85.67485809326172
2018-03-21,85.07685089111328
2018-03-22,82.60220336914062
2018-03-23,80.20113372802734
2018-03-26,86.27278900146484
2018-03-27,82.30782318115234
2018-03-28,82.23422241210938
2018-03-29,83.96373748779297
2018-04-02,81.4338607788086
2018-04-03,82.52861785888672
2018-04-04,84.93887329101562
2018-04-05,84.98486328125
2018-04-06,83.00699615478516
2018-04-09,83.50373840332031
2018-04-10,85.44485473632812
2018-04-11,84.50650024414062
2018-04-12,86.08882141113281
2018-04-13,85.62882995605469
2018-04-16,86.63158416748047
2018-04-17,88.37947845458984
2018-04-18,88.71986389160156
2018-04-19,88.4162826538086
2018-04-20,87.39511108398438
2018-04-23,87.71712493896484
2018-04-24,85.66561889648438
2018-04-25,84.92046356201172
2018-04-26,86.71437072753906
2018-04-27,88.1495132446289
2018-04-30,86.03361511230469
2018-05-01,87.39511108398438
2018-05-02,86.0243911743164
2018-05-03,86.53958129882812
2018-05-04,87.54232788085938
2018-05-07,88.5174789428711
2018-05-08,88.14029693603516
2018-05-09,89.17981719970703
2018-05-10,90.07218170166016
2018-05-11,89.87898254394531
2018-05-14,90.18260955810547
2018-05-15,89.5294418334961
2018-05-16,89.7603988647461
2018-05-17,88.86418914794922
2018-05-18,89.03047180175781
2018-05-21,90.17617797851562
2018-05-22,90.08378601074219
2018-05-23,91.15556335449219
2018-05-24,90.8321762084961
2018-05-25,90.87835693359375
2018-05-29,90.55497741699219
2018-05-30,91.42346954345703
2018-05-31,91.32185363769531
2018-06-01,93.12352752685547
2018-06-04,93.93657684326172
2018-06-05,94.41703796386719
2018-06-06,94.69422912597656
2018-06-07,93.20668029785156
2018-06-08,93.89962005615234
2018-06-11,93.36371612548828
2018-06-12,93.60397338867188
2018-06-13,93.17894744873047
2018-06-14,93.70560455322266
2018-06-15,92.51371765136719
2018-06-18,93.1882095336914
2018-06-19,93.1882095336914
2018-06-20,94.12139129638672
2018-06-21,93.44691467285156
2018-06-22,92.7724380493164
2018-06-25,90.90608978271484
2018-06-26,91.54361724853516
2018-06-27,90.1207275390625
2018-06-28,91.1278076171875
2018-06-29,91.1093521118164
2018-07-02,92.40286254882812
2018-07-03,91.51587677001953
2018-07-05,92.17189025878906
2018-07-06,93.46539306640625
2018-07-09,94.10289001464844
2018-07-10,94.35237121582031
2018-07-11,94.2230224609375
2018-07-12,96.26490020751953
2018-07-13,97.41060638427734
2018-07-16,96.93016052246094
2018-07-17,97.89105224609375
2018-07-18,97.12416076660156
2018-07-19,96.45895385742188
2018-07-20,98.18668365478516
2018-07-23,99.75740814208984
2018-07-24,99.4709701538086
2018-07-25,102.39984893798828
2018-07-26,101.2818832397461
2018-07-27,99.48945617675781
2018-07-30,97.35516357421875
2018-07-31,98.01116180419922
2018-08-01,98.19593048095703
2018-08-02,99.38782501220703
2018-08-03,99.82206726074219
2018-08-06,99.90522003173828
2018-08-07,100.59817504882812
2018-08-08,101.16175842285156
2018-08-09,101.32807922363281
2018-08-10,100.70904541015625
2018-08-13,99.97913360595703
2018-08-14,101.22644805908203
2018-08-15,99.85379028320312
2018-08-16,99.83521270751953
2018-08-17,99.7795639038086
2018-08-20,99.12104797363281
2018-08-21,98.29557800292969
2018-08-22,99.29727935791016
2018-08-23,99.76102447509766
2018-08-24,100.54011535644531
2018-08-27,101.6530990600586
2018-08-28,102.2652359008789
2018-08-29,103.8976058959961
2018-08-30,103.83271026611328
2018-08-31,104.18513488769531
2018-09-04,103.61009979248047
2018-09-05,100.62356567382812
2018-09-06,100.85545349121094
2018-09-07,100.36386108398438
2018-09-10,101.44902801513672
2018-09-11,103.17417907714844
2018-09-12,103.61009979248047
2018-09-13,104.7231216430664
2018-09-14,105.14974212646484
2018-09-17,104.00890350341797
2018-09-18,105.00135803222656
2018-09-19,103.600830078125
2018-09-20,105.33524322509766
2018-09-21,105.97522735595703
2018-09-24,106.35547637939453
2018-09-25,106.15142059326172
2018-09-26,105.71552276611328
2018-09-27,106.11433410644531
2018-09-28,106.0772476196289
2018-10-01,107.22733306884766
2018-10-02,106.80068969726562
2018-10-03,106.81922912597656
2018-10-04,104.61180877685547
2018-10-05,103.99964141845703
2018-10-08,102.81248474121094
2018-10-09,104.12023162841797
2018-10-10,98.4625244140625
2018-10-11,98.23067474365234
2018-10-12,101.62525939941406
2018-10-15,99.7981185913086
2018-10-16,102.95158386230469
2018-10-17,102.68260192871094
2018-10-18,100.63285064697266
2018-10-19,100.78126525878906
2018-10-22,101.68091583251953
2018-10-23,100.26187896728516
2018-10-24,94.90098571777344
2018-10-25,100.4473648071289
2018-10-26,99.20452880859375
2018-10-29,96.32002258300781
2018-10-30,96.2087173461914
2018-10-31,99.06536865234375
2018-11-01,98.23991394042969
2018-11-02,98.4625244140625
2018-11-05,99.71463775634766
2018-11-06,99.90941619873047
2018-11-07,103.84197998046875
2018-11-08,103.647216796875
2018-11-09,101.62525939941406
2018-11-12,99.12104797363281
2018-11-13,99.18598175048828
2018-11-14,97.77940368652344
2018-11-15,99.93119049072266
2018-11-16,100.87201690673828
2018-11-19,97.45338439941406
2018-11-20,94.74271392822266
2018-11-21,96.04682159423828
2018-11-23,96.00956726074219
2018-11-26,99.17665100097656
2018-11-27,99.80076599121094
2018-11-28,103.50812530517578
2018-11-29,102.64183044433594
2018-11-30,103.29386138916016
2018-12-03,104.41167449951172
2018-12-04,101.08623504638672
2018-12-06,101.7103500366211
2018-12-07,97.63967895507812
2018-12-10,100.21993255615234
2018-12-11,101.15142822265625
2018-12-12,101.60784912109375
2018-12-13,101.95252227783203
2018-12-14,98.76678466796875
2018-12-17,95.84188079833984
2018-12-18,96.84791564941406
2018-12-19,96.58707427978516
2018-12-20,94.55641174316406
2018-12-21,91.5010986328125
2018-12-24,87.68195343017578
2018-12-26,93.67147827148438
2018-12-27,94.24905395507812
2018-12-28,93.51315307617188
2018-12-31,94.61231231689453
2019-01-02,94.1931381225586
2019-01-03,90.72798919677734
2019-01-04,94.9476547241211
2019-01-07,95.06873321533203
2019-01-08,95.75804138183594
2019-01-09,97.1273422241211
2019-01-10,96.50325012207031
2019-01-11,95.75804138183594
2019-01-14,95.05943298339844
2019-01-15,97.81668853759766
2019-01-16,98.16133880615234
2019-01-17,98.85063171386719
2019-01-18,100.33169555664062
2019-01-22,98.4407730102539
2019-01-23,99.40022277832031
2019-01-24,98.92515563964844
2019-01-25,99.82870483398438
2019-01-28,97.88187408447266
2019-01-29,95.88846588134766
2019-01-30,99.0927963256836
2019-01-31,97.27639770507812
2019-02-01,95.73944091796875
2019-02-04,98.49666595458984
2019-02-05,99.87527465820312
2019-02-06,98.76678466796875
2019-02-07,98.058837890625
2019-02-08,98.43144226074219
2019-02-11,98.04023742675781
2019-02-12,99.56787872314453
2019-02-13,99.49335479736328
2019-02-14,99.57720184326172
2019-02-15,100.80677032470703
2019-02-19,100.76018524169922
2019-02-20,100.23632049560547
2019-02-21,102.35050964355469
2019-02-22,103.80985260009766
2019-02-25,104.38983917236328
2019-02-26,105.11015319824219
2019-02-27,104.93242645263672
2019-02-28,104.80145263671875
2019-03-01,105.26921081542969
2019-03-04,105.0166244506836
2019-03-05,104.49275970458984
2019-03-06,104.53953552246094
2019-03-07,103.26727294921875
2019-03-08,103.37953186035156
2019-03-11,105.54984283447266
2019-03-12,106.28887939453125
2019-03-13,107.11207580566406
2019-03-14,107.19627380371094
2019-03-15,108.43110656738281
2019-03-18,109.9839859008789
2019-03-19,110.05883026123047
2019-03-20,109.93722534179688
2019-03-21,112.46300506591797
2019-03-22,109.49756622314453
2019-03-25,110.06818389892578
2019-03-26,110.30206298828125
2019-03-27,109.2356185913086
2019-03-28,109.38528442382812
2019-03-29,110.33010864257812
2019-04-01,111.34044647216797
2019-04-02,111.49947357177734
2019-04-03,112.22914123535156
2019-04-04,111.65851593017578
2019-04-05,112.1543197631836
2019-04-08,112.19171905517578
2019-04-09,111.5836410522461
2019-04-10,112.4349365234375
2019-04-11,112.56591033935547
2019-04-12,113.14591979980469
2019-04-15,113.2394790649414
2019-04-16,112.97752380371094
2019-04-17,113.91299438476562
2019-04-18,115.40978240966797
2019-04-22,115.77462005615234
2019-04-23,117.34622192382812
2019-04-24,116.94393157958984
2019-04-25,120.81684112548828
2019-04-26,121.50907135009766
2019-04-29,121.39682006835938
2019-04-30,122.17330169677734
2019-05-01,119.62875366210938
2019-05-02,118.0665283203125
2019-05-03,120.58294677734375
2019-05-06,119.88134765625
2019-05-07,117.42105102539062
2019-05-08,117.41169738769531
2019-05-09,117.40231323242188
2019-05-10,118.92713928222656
2019-05-13,115.39105987548828
2019-05-14,116.68202209472656
2019-05-15,118.32516479492188
2019-05-16,121.05747985839844
2019-05-17,120.25
2019-05-20,118.51294708251953
2019-05-21,119.15141296386719
2019-05-22,119.87442016601562
2019-05-23,118.47541809082031
2019-05-24,118.53173065185547
2019-05-28,118.45660400390625
2019-05-29,117.31112670898438
2019-05-30,118.05288696289062
2019-05-31,116.1280517578125
2019-06-03,112.52249908447266
2019-06-04,115.63978576660156
2019-06-05,118.14678192138672
2019-06-06,120.0152359008789
2019-06-07,123.37663269042969
2019-06-10,124.5033950805664
2019-06-11,124.0339126586914
2019-06-12,123.46115112304688
2019-06-13,124.24049377441406
2019-06-14,124.36251068115234
2019-06-17,124.73811340332031
2019-06-18,126.90704345703125
2019-06-19,127.40470123291016
2019-06-20,128.58775329589844
2019-06-21,128.60653686523438
2019-06-24,129.3670654296875
2019-06-25,125.28272247314453
2019-06-26,125.75212860107422
2019-06-27,125.95874786376953
2019-06-28,125.78035736083984
2019-07-01,127.39530181884766
2019-07-02,128.2403106689453
2019-07-03,129.06663513183594
2019-07-05,128.6910400390625
2019-07-08,128.59713745117188
2019-07-09,128.12770080566406
2019-07-10,129.43284606933594
2019-07-11,129.94924926757812
2019-07-12,130.418701171875
2019-07-15,130.418701171875
2019-07-16,128.70985412597656
2019-07-17,127.94927215576172
2019-07-18,128.09010314941406
2019-07-19,128.27792358398438
2019-07-22,129.97743225097656
2019-07-23,130.784912109375
2019-07-24,132.1275634765625
2019-07-25,131.62991333007812
2019-07-26,132.70973205566406
2019-07-29,132.41860961914062
2019-07-30,131.7801513671875
2019-07-31,127.94927215576172
2019-08-01,129.62998962402344
2019-08-02,128.5408172607422
2019-08-05,124.13717651367188
2019-08-06,126.46575927734375
2019-08-07,127.01972961425781
2019-08-08,130.40936279296875
2019-08-09,129.30136108398438
2019-08-12,127.49858856201172
2019-08-13,130.1370391845703
2019-08-14,126.21800994873047
2019-08-15,125.9354248046875
2019-08-16,128.24343872070312
2019-08-19,130.39137268066406
2019-08-20,129.3079833984375
2019-08-21,130.74935913085938
2019-08-22,129.79786682128906
2019-08-23,125.66219329833984
2019-08-26,127.60283660888672
2019-08-27,127.87602996826172
2019-08-28,127.70645141601562
2019-08-29,130.11819458007812
2019-08-30,129.87322998046875
2019-09-03,128.15867614746094
2019-09-04,129.6565704345703
2019-09-05,131.93637084960938
2019-09-06,131.04141235351562
2019-09-09,129.55296325683594
2019-09-10,128.19638061523438
2019-09-11,128.23402404785156
2019-09-12,129.55296325683594
2019-09-13,129.36459350585938
2019-09-16,128.431884765625
2019-09-17,129.430419921875
2019-09-18,130.49497985839844
2019-09-19,132.89730834960938
2019-09-20,131.36170959472656
2019-09-23,131.07908630371094
2019-09-24,129.42108154296875
2019-09-25,131.28631591796875
2019-09-26,131.45590209960938
2019-09-27,129.75074768066406
2019-09-30,130.97547912597656
2019-10-01,129.1290283203125
2019-10-02,126.8492202758789
2019-10-03,128.38475036621094
2019-10-04,130.11819458007812
2019-10-07,129.17605590820312
2019-10-08,127.81012725830078
2019-10-09,130.23121643066406
2019-10-10,131.04141235351562
2019-10-11,131.58779907226562
2019-10-14,131.46534729003906
2019-10-15,133.36831665039062
2019-10-16,132.27548217773438
2019-10-17,131.5972137451172
2019-10-18,129.4492950439453
2019-10-21,130.41024780273438
2019-10-22,128.4696044921875
2019-10-23,129.28916931152344
2019-10-24,131.8327178955078
2019-10-25,132.57699584960938
2019-10-28,135.83651733398438
2019-10-29,134.55528259277344
2019-10-30,136.23219299316406
2019-10-31,135.0640106201172
2019-11-01,135.39376831054688
2019-11-04,136.17567443847656
2019-11-05,136.0908966064453
2019-11-06,135.7140655517578
2019-11-07,135.9024658203125
2019-11-08,137.5039825439453
2019-11-11,137.6453094482422
2019-11-12,138.54969787597656
2019-11-13,138.77572631835938
2019-11-14,139.4822998046875
2019-11-15,141.2816619873047
2019-11-18,141.63021850585938
2019-11-19,141.67730712890625
2019-11-20,141.43157958984375
2019-11-21,141.29922485351562
2019-11-22,141.4031524658203
2019-11-25,142.95346069335938
2019-11-26,143.70968627929688
2019-11-27,143.98377990722656
2019-11-29,143.0952606201172
2019-12-02,141.3654327392578
2019-12-03,141.13853454589844
2019-12-04,141.6489715576172
2019-12-05,141.72457885742188
2019-12-06,143.44497680664062
2019-12-09,143.0763397216797
2019-12-10,142.85891723632812
2019-12-11,143.39773559570312
2019-12-12,144.85342407226562
2019-12-13,146.07284545898438
2019-12-16,147.01812744140625
2019-12-17,146.22412109375
2019-12-18,145.92156982421875
2019-12-19,147.1882781982422
2019-12-20,148.79525756835938
2019-12-23,148.79525756835938
2019-12-24,148.76683044433594
2019-12-26,149.98623657226562
2019-12-27,150.2603759765625
2019-12-30,148.96539306640625
2019-12-31,149.06936645507812
2020-01-02,151.82957458496094
2020-01-03,149.93899536132812
2020-01-06,150.3265838623047
2020-01-07,148.95594787597656
2020-01-08,151.3285675048828
2020-01-09,153.21908569335938
2020-01-10,152.51010131835938
2020-01-13,154.34400939941406
2020-01-14,153.25692749023438
2020-01-15,154.24942016601562
2020-01-16,157.07582092285156
2020-01-17,157.95492553710938
2020-01-21,157.3877410888672
2020-01-22,156.63150024414062
2020-01-23,157.59568786621094
2020-01-24,156.00762939453125
2020-01-27,153.39871215820312
2020-01-28,156.40469360351562
2020-01-29,158.84347534179688
2020-01-30,163.32406616210938
2020-01-31,160.91358947753906
2020-02-03,164.83648681640625
2020-02-04,170.26234436035156
2020-02-05,170.0543975830078
2020-02-06,173.5802459716797
2020-02-07,173.8260498046875
2020-02-10,178.37278747558594
2020-02-11,174.34591674804688
2020-02-12,174.6011505126953
2020-02-13,173.6558837890625
2020-02-14,175.2061004638672
2020-02-18,176.98324584960938
2020-02-19,177.51405334472656
2020-02-20,174.80316162109375
2020-02-21,169.27716064453125
2020-02-24,161.9787139892578
2020-02-25,159.30577087402344
2020-02-26,161.29627990722656
2020-02-27,149.93145751953125
2020-02-28,153.56178283691406
2020-03-02,163.77960205078125
2020-03-03,155.93141174316406
2020-03-04,161.65643310546875
2020-03-05,157.59962463378906
2020-03-06,153.14471435546875
2020-03-09,142.76571655273438
2020-03-10,152.52859497070312
2020-03-11,145.6187744140625
2020-03-12,131.8084716796875
2020-03-13,150.54757690429688
2020-03-16,128.35833740234375
2020-03-17,138.92689514160156
2020-03-18,133.0786590576172
2020-03-19,135.26820373535156
2020-03-20,130.18772888183594
2020-03-23,128.88912963867188
2020-03-24,140.60462951660156
2020-03-25,139.2586212158203
2020-03-26,147.96942138671875
2020-03-27,141.89366149902344
2020-03-30,151.8745574951172
2020-03-31,149.48597717285156
2020-04-01,144.1780242919922
2020-04-02,147.1637420654297
2020-04-03,145.80833435058594
2020-04-06,156.6517791748047
2020-04-07,154.96461486816406
2020-04-08,156.51907348632812
2020-04-09,156.528564453125
2020-04-13,156.87925720214844
2020-04-14,164.64219665527344
2020-04-15,162.91708374023438
2020-04-16,167.80801391601562
2020-04-17,169.28665161132812
2020-04-20,165.93125915527344
2020-04-21,159.06878662109375
2020-04-22,164.47157287597656
2020-04-23,162.48109436035156
2020-04-24,165.4478759765625
2020-04-27,164.9739227294922
2020-04-28,160.9550323486328
2020-04-29,168.1776885986328
2020-04-30,169.86483764648438
2020-05-01,165.46681213378906
2020-05-04,169.51414489746094
2020-05-05,171.3340606689453
2020-05-06,173.02125549316406
2020-05-07,174.02597045898438
2020-05-08,175.04959106445312
2020-05-11,177.00218200683594
2020-05-12,172.99273681640625
2020-05-13,170.376708984375
2020-05-14,171.1160430908203
2020-05-15,173.60885620117188
2020-05-18,175.26756286621094
2020-05-19,174.0543670654297
2020-05-20,176.46864318847656
2020-05-21,174.34901428222656
2020-05-22,174.425048828125
2020-05-26,172.58111572265625
2020-05-27,172.80921936035156
2020-05-28,172.4195098876953
2020-05-29,174.17791748046875
2020-06-01,173.7787322998047
2020-06-02,175.75575256347656
2020-06-03,176.1835174560547
2020-06-04,173.86428833007812
2020-06-05,177.93235778808594
2020-06-08,179.0349884033203
2020-06-09,180.4036865234375
2020-06-10,187.09512329101562
2020-06-11,177.0484161376953
2020-06-12,178.44566345214844
2020-06-15,179.5862579345703
2020-06-16,183.9870147705078
2020-06-17,184.62388610839844
2020-06-18,186.60086059570312
2020-06-19,185.48880004882812
2020-06-22,190.64048767089844
2020-06-23,191.9141845703125
2020-06-24,188.04563903808594
2020-06-25,190.42185974121094
2020-06-26,186.61041259765625
2020-06-29,188.61595153808594
2020-06-30,193.4349365234375
2020-07-01,194.5660400390625
2020-07-02,196.048828125
2020-07-06,200.2689971923828
2020-07-07,197.94029235839844
2020-07-08,202.29351806640625
2020-07-09,203.7097930908203
2020-07-10,203.09194946289062
2020-07-13,196.81869506835938
2020-07-14,198.03533935546875
2020-07-15,197.74066162109375
2020-07-16,193.8246612548828
2020-07-17,192.8361358642578
2020-07-20,201.12445068359375
2020-07-21,198.41555786132812
2020-07-22,201.26699829101562
2020-07-23,192.51296997070312
2020-07-24,191.3343505859375
2020-07-27,193.75807189941406
2020-07-28,192.0187530517578
2020-07-29,193.95765686035156
2020-07-30,193.80563354492188
2020-07-31,194.86065673828125
2020-08-03,205.8198699951172
2020-08-04,202.73077392578125
2020-08-05,202.39808654785156
2020-08-06,205.63926696777344
2020-08-07,201.96083068847656
2020-08-10,197.94029235839844
2020-08-11,193.31137084960938
2020-08-12,198.83372497558594
2020-08-13,198.3679962158203
2020-08-14,198.55809020996094
2020-08-17,199.86978149414062
2020-08-18,201.01986694335938
2020-08-19,199.80029296875
2020-08-20,204.449951171875
2020-08-21,202.96359252929688
2020-08-24,203.60194396972656
2020-08-25,206.250732421875
2020-08-26,210.70973205566406
2020-08-27,215.8834228515625
2020-08-28,218.10345458984375
2020-08-31,214.8829803466797
2020-09-01,216.54087829589844
2020-09-02,220.7140350341797
2020-09-03,207.04148864746094
2020-09-04,204.13551330566406
2020-09-08,193.0926513671875
2020-09-09,201.3152618408203
2020-09-10,195.6747589111328
2020-09-11,194.39796447753906
2020-09-14,195.7128143310547
2020-09-15,198.9237518310547
2020-09-16,195.36981201171875
2020-09-17,193.3308563232422
2020-09-18,190.92982482910156
2020-09-21,192.97830200195312
2020-09-22,197.62794494628906
2020-09-23,191.12037658691406
2020-09-24,193.5976104736328
2020-09-25,198.00909423828125
2020-09-28,199.55258178710938
2020-09-29,197.47547912597656
2020-09-30,200.40057373046875
2020-10-01,202.43002319335938
2020-10-02,196.4560089111328
2020-10-05,200.44818115234375
2020-10-06,196.18923950195312
2020-10-07,199.92413330078125
2020-10-08,200.63876342773438
2020-10-09,205.6218719482422
2020-10-12,210.94798278808594
2020-10-13,212.33901977539062
2020-10-14,210.4334716796875
2020-10-15,209.29013061523438
2020-10-16,209.29013061523438
2020-10-19,204.1068878173828
2020-10-20,204.51661682128906
2020-10-21,204.65957641601562
2020-10-22,204.74526977539062
2020-10-23,206.02203369140625
2020-10-26,200.16236877441406
2020-10-27,203.1826934814453
2020-10-28,193.11166381835938
2020-10-29,195.05538940429688
2020-10-30,192.91165161132812
2020-11-02,192.77825927734375
2020-11-03,196.6846923828125
2020-11-04,206.17442321777344
2020-11-05,212.74871826171875
2020-11-06,213.15846252441406
2020-11-09,208.08006286621094
2020-11-10,201.04847717285156
2020-11-11,206.32696533203125
2020-11-12,205.2693328857422
2020-11-13,206.28878784179688
2020-11-16,206.97479248046875
2020-11-17,204.33560180664062
2020-11-18,201.6416778564453
2020-11-19,202.92178344726562
2020-11-20,200.98257446289062
2020-11-23,200.7150421142578
2020-11-24,204.29736328125
2020-11-25,204.3069305419922
2020-11-27,205.60609436035156
2020-11-30,204.49798583984375
2020-12-01,206.54229736328125
2020-12-02,205.73988342285156
2020-12-03,204.66036987304688
2020-12-04,204.7750244140625
2020-12-07,204.7081298828125
2020-12-08,206.3512420654297
2020-12-09,202.3294677734375
2020-12-10,201.10675048828125
2020-12-11,203.72418212890625
2020-12-14,204.62222290039062
2020-12-15,204.55531311035156
2020-12-16,209.47500610351562
2020-12-17,209.60874938964844
2020-12-18,208.8158416748047
2020-12-21,212.63702392578125
2020-12-22,213.92665100097656
2020-12-23,211.13723754882812
2020-12-24,212.7898712158203
2020-12-28,214.90106201171875
2020-12-29,214.12725830078125
2020-12-30,211.76771545410156
2020-12-31,212.47459411621094
2021-01-04,207.9561309814453
2021-01-05,208.15672302246094
2021-01-06,202.7593536376953
2021-01-07,208.52928161621094
2021-01-08,209.79981994628906
2021-01-11,207.7650909423828
2021-01-12,205.3195343017578
2021-01-13,206.6664276123047
2021-01-14,203.4949493408203
2021-01-15,203.14149475097656
2021-01-19,206.7620086669922
2021-01-20,214.30874633789062
2021-01-21,214.91062927246094
2021-01-22,215.84677124023438
2021-01-25,219.26673889160156
2021-01-26,221.94154357910156
2021-01-27,222.4860076904297
2021-01-28,228.24639892578125
2021-01-29,221.58807373046875
2021-02-01,228.9342041015625
2021-02-02,228.80044555664062
2021-02-03,232.1343994140625
2021-02-04,231.18865966796875
2021-02-05,231.3701934814453
2021-02-08,231.62811279296875
2021-02-09,232.86997985839844
2021-02-10,231.9624786376953
2021-02-11,233.55780029296875
2021-02-12,234.03543090820312
2021-02-16,232.80308532714844
2021-02-17,233.81800842285156
2021-02-18,233.42547607421875
2021-02-19,230.725341796875
2021-02-22,224.5399932861328
2021-02-23,223.3527069091797
2021-02-24,224.5782928466797
2021-02-25,219.25465393066406
2021-02-26,222.5005645751953
2021-03-01,226.86668395996094
2021-03-02,223.92718505859375
2021-03-03,217.88548278808594
2021-03-04,217.09075927734375
2021-03-05,221.75372314453125
2021-03-08,217.72268676757812
2021-03-09,223.84107971191406
2021-03-10,222.53883361816406
2021-03-11,227.04861450195312
2021-03-12,225.727294921875
2021-03-15,224.8272247314453
2021-03-16,227.60394287109375
2021-03-17,226.96241760253906
2021-03-18,220.91111755371094
2021-03-19,220.55682373046875
2021-03-22,225.95709228515625
2021-03-23,227.4794464111328
2021-03-24,225.44960021972656
2021-03-25,222.46226501464844
2021-03-26,226.42626953125
2021-03-29,225.23899841308594
2021-03-30,221.9930877685547
2021-03-31,225.74642944335938
2021-04-01,232.046630859375
2021-04-05,238.48098754882812
2021-04-06,237.32241821289062
2021-04-07,239.27569580078125
2021-04-08,242.48329162597656
2021-04-09,244.97274780273438
2021-04-12,245.03018188476562
2021-04-13,247.50045776367188
2021-04-14,244.72377014160156
2021-04-15,248.46755981445312
2021-04-16,249.65481567382812
2021-04-19,247.73983764648438
2021-04-20,247.28024291992188
2021-04-21,249.5016326904297
2021-04-22,246.23667907714844
2021-04-23,250.04736328125
2021-04-26,250.43035888671875
2021-04-27,250.83255004882812
2021-04-28,243.73757934570312
2021-04-29,241.77476501464844
2021-04-30,241.45872497558594
2021-05-03,241.15235900878906
2021-05-04,237.25540161132812
2021-05-05,235.9915313720703
2021-05-06,239.11289978027344
2021-05-07,241.7268829345703
2021-05-10,236.6713409423828
2021-05-11,235.76171875
2021-05-12,228.839111328125
2021-05-13,232.69775390625
2021-05-14,237.60009765625
2021-05-17,234.75637817382812
2021-05-18,232.74563598632812
2021-05-19,233.3214874267578
2021-05-20,236.54603576660156
2021-05-21,235.28887939453125
2021-05-24,240.67271423339844
2021-05-25,241.5748291015625
2021-05-26,241.35414123535156
2021-05-27,239.26199340820312
2021-05-28,239.61705017089844
2021-06-01,237.42898559570312
2021-06-02,237.33299255371094
2021-06-03,235.80712890625
2021-06-04,240.68231201171875
2021-06-07,243.58059692382812
2021-06-08,242.3905792236328
2021-06-09,243.36949157714844
2021-06-10,246.8723907470703
2021-06-11,247.49620056152344
2021-06-14,249.41554260253906
2021-06-15,247.94725036621094
2021-06-16,247.00672912597656
2021-06-17,250.38487243652344
2021-06-18,248.97409057617188
2021-06-21,252.04519653320312
2021-06-22,254.8090362548828
2021-06-23,254.57876586914062
2021-06-24,255.9414825439453
2021-06-25,254.33880615234375
2021-06-28,257.8896789550781
2021-06-29,260.4617004394531
2021-06-30,259.9818420410156
2021-07-01,260.6536560058594
2021-07-02,266.4598083496094
2021-07-06,266.4693908691406
2021-07-07,268.64788818359375
2021-07-08,266.2390441894531
2021-07-09,266.73809814453125
2021-07-12,266.14312744140625
2021-07-13,269.65557861328125
2021-07-14,271.1239318847656
2021-07-15,269.7036437988281
2021-07-16,269.4348449707031
2021-07-19,265.8455810546875
2021-07-20,268.06243896484375
2021-07-21,270.05859375
2021-07-22,274.60760498046875
2021-07-23,277.9953918457031
2021-07-26,277.400390625
2021-07-27,274.9914855957031
2021-07-28,274.6844177246094
2021-07-29,274.953125
2021-07-30,273.42724609375
2021-08-02,273.34075927734375
2021-08-03,275.548095703125
2021-08-04,274.9627685546875
2021-08-05,277.8513488769531
2021-08-06,277.7938232421875
2021-08-09,276.70941162109375
2021-08-10,274.8955383300781
2021-08-11,275.3849182128906
2021-08-12,278.1297302246094
2021-08-13,281.0472106933594
2021-08-16,282.7267150878906
2021-08-17,281.2679443359375
2021-08-18,279.5467834472656
2021-08-19,285.35443115234375
2021-08-20,292.65240478515625
2021-08-23,292.9312438964844
2021-08-24,290.97943115234375
2021-08-25,290.392822265625
2021-08-26,287.585205078125
2021-08-27,288.19091796875
2021-08-30,291.9120788574219
2021-08-31,290.2679443359375
2021-09-01,290.21978759765625
2021-09-02,289.5659484863281
2021-09-03,289.5563049316406
2021-09-07,288.6333312988281
2021-09-08,288.662109375
2021-09-09,285.8159484863281
2021-09-10,284.335205078125
2021-09-13,285.5659484863281
2021-09-14,288.25836181640625
2021-09-15,293.0948181152344
2021-09-16,293.4794006347656
2021-09-17,288.3351745605469
2021-09-20,282.97943115234375
2021-09-21,283.46026611328125
2021-09-22,287.0948181152344
2021-09-23,288.03704833984375
2021-09-24,287.8352355957031
2021-09-27,282.8544921875
2021-09-28,272.6141052246094
2021-09-29,273.07568359375
2021-09-30,271.07568359375
2021-10-01,277.9795227050781
2021-10-04,272.2198791503906
2021-10-05,277.652587890625
2021-10-06,281.8351745605469
2021-10-07,283.50830078125
2021-10-08,283.50830078125
2021-10-11,282.91217041015625
2021-10-12,281.61407470703125
2021-10-13,284.912109375
2021-10-14,291.10443115234375
2021-10-15,292.50823974609375
2021-10-18,295.46978759765625
2021-10-19,296.37359619140625
2021-10-20,295.585205078125
2021-10-21,298.8062438964844
2021-10-22,297.2678527832031
2021-10-25,296.2774353027344
2021-10-26,298.18133544921875
2021-10-27,310.7389221191406
2021-10-28,311.8735656738281
2021-10-29,318.8638916015625
2021-11-01,316.70037841796875
2021-11-02,320.3158264160156
2021-11-03,321.1523742675781
2021-11-04,323.49847412109375
2021-11-05,323.1330871582031
2021-11-08,324.02740478515625
2021-11-09,323.0273742675781
2021-11-10,318.0754089355469
2021-11-11,319.6427307128906
2021-11-12,323.7677307128906
2021-11-15,323.1427307128906
2021-11-16,326.4503173828125
2021-11-17,326.6719970703125
2021-11-18,328.7430419921875
2021-11-19,330.5154724121094
2021-11-22,327.3558349609375
2021-11-23,325.2847900390625
2021-11-24,325.50628662109375
2021-11-26,317.578369140625
2021-11-29,324.2734069824219
2021-11-30,318.45501708984375
2021-12-01,317.9637145996094
2021-12-02,317.3953857421875
2021-12-03,311.1533203125
2021-12-06,314.216552734375
2021-12-07,322.6260986328125
2021-12-08,322.67425537109375
2021-12-09,320.87286376953125
2021-12-10,329.9664611816406
2021-12-13,326.94171142578125
2021-12-14,316.2875671386719
2021-12-15,322.3659973144531
2021-12-16,312.9739074707031
2021-12-17,311.9142761230469
2021-12-20,308.1671142578125
2021-12-21,315.27618408203125
2021-12-22,320.9692687988281
2021-12-23,322.404541015625
2021-12-27,329.8797607421875
2021-12-28,328.72381591796875
2021-12-29,329.3980712890625
2021-12-30,326.8646240234375
2021-12-31,323.9747314453125
2022-01-03,322.46234130859375
2022-01-04,316.93304443359375
2022-01-05,304.76666259765625
2022-01-06,302.3584899902344
2022-01-07,302.5125732421875
2022-01-10,302.7340087890625
2022-01-11,303.4181213378906
2022-01-12,306.5872497558594
2022-01-13,293.6117248535156
2022-01-14,298.81353759765625
2022-01-18,291.5406188964844
2022-01-19,292.1956481933594
2022-01-20,290.5292663574219
2022-01-21,285.1636962890625
2022-01-24,285.4911804199219
2022-01-25,277.9004211425781
2022-01-26,285.8186950683594
2022-01-27,288.83380126953125
2022-01-28,296.9447326660156
2022-01-31,299.5649108886719
2022-02-01,297.4264221191406
2022-02-02,301.9538269042969
2022-02-03,290.19207763671875
2022-02-04,294.70989990234375
2022-02-07,289.9030456542969
2022-02-08,293.38055419921875
2022-02-09,299.78643798828125
2022-02-10,291.2805480957031
2022-02-11,284.21002197265625
2022-02-14,284.1714172363281
2022-02-15,289.440673828125
2022-02-16,289.10284423828125
2022-02-17,280.6373291015625
2022-02-18,277.9344787597656
2022-02-22,277.7318115234375
2022-02-23,270.5404357910156
2022-02-24,284.3632507324219
2022-02-25,286.98883056640625
2022-02-28,288.4175109863281
2022-03-01,284.7108154296875
2022-03-02,289.7688903808594
2022-03-03,285.6471252441406
2022-03-04,279.7974853515625
2022-03-07,269.2276611328125
2022-03-08,266.27386474609375
2022-03-09,278.484619140625
2022-03-10,275.6757507324219
2022-03-11,270.3473205566406
2022-03-14,266.84344482421875
2022-03-15,277.1815490722656
2022-03-16,284.17022705078125
2022-03-17,284.97137451171875
2022-03-18,290.0005187988281
2022-03-21,288.77459716796875
2022-03-22,293.5044250488281
2022-03-23,289.09320068359375
2022-03-24,293.543212890625
2022-03-25,293.13775634765625
2022-03-28,299.9140625
2022-03-29,304.4604797363281
2022-03-30,302.9643249511719
2022-03-31,297.60699462890625
2022-04-01,298.678466796875
2022-04-04,304.0357360839844
2022-04-05,300.0877685546875
2022-04-06,289.10284423828125
2022-04-07,290.907958984375
2022-04-08,286.6606140136719
2022-04-11,275.357177734375
2022-04-12,272.268310546875
2022-04-13,277.6352844238281
2022-04-14,270.11566162109375
2022-04-18,270.78167724609375
2022-04-19,275.3957824707031
2022-04-20,276.41900634765625
2022-04-21,271.06158447265625
2022-04-22,264.51702880859375
2022-04-25,270.9747314453125
2022-04-26,260.83935546875
2022-04-27,273.38800048828125
2022-04-28,279.575439453125
2022-04-29,267.88592529296875
2022-05-02,274.5946044921875
2022-05-03,271.9980163574219
2022-05-04,279.913330078125
2022-05-05,267.7218322753906
2022-05-06,265.1927185058594
2022-05-09,255.39505004882812
2022-05-10,260.1443176269531
2022-05-11,251.5050048828125
2022-05-12,246.48550415039062
2022-05-13,252.05517578125
2022-05-16,252.42198181152344
2022-05-17,257.55743408203125
2022-05-18,245.830810546875
2022-05-19,244.9213409423828
2022-05-20,244.36016845703125
2022-05-23,252.18751525878906
2022-05-24,251.1909637451172
2022-05-25,253.9967803955078
2022-05-26,257.2670593261719
2022-05-27,264.3687438964844
2022-05-31,263.0432434082031
2022-06-01,263.5754089355469
2022-06-02,265.66522216796875
2022-06-03,261.2532958984375
2022-06-06,260.0245361328125
2022-06-07,263.6528015136719
2022-06-08,261.6306457519531
2022-06-09,256.19317626953125
2022-06-10,244.77622985839844
2022-06-13,234.39456176757812
2022-06-14,236.55218505859375
2022-06-15,243.58615112304688
2022-06-16,237.01658630371094
2022-06-17,239.60960388183594
2022-06-21,245.5018768310547
2022-06-22,244.91165161132812
2022-06-23,250.45559692382812
2022-06-24,259.0086364746094
2022-06-27,256.28985595703125
2022-06-28,248.1529083251953
2022-06-29,251.81015014648438
2022-06-30,248.49156188964844
2022-07-01,251.15223693847656
2022-07-05,254.3161163330078
2022-07-06,257.5669860839844
2022-07-07,259.68585205078125
2022-07-08,258.9698791503906
2022-07-11,255.92218017578125
2022-07-12,245.43414306640625
2022-07-13,244.51499938964844
2022-07-14,245.830810546875
2022-07-15,248.3851318359375
2022-07-18,245.9952850341797
2022-07-19,251.1038360595703
2022-07-20,253.75491333007812
2022-07-21,256.24151611328125
2022-07-22,251.90689086914062
2022-07-25,250.42660522460938
2022-07-26,243.72158813476562
2022-07-27,260.0148010253906
2022-07-28,267.4358215332031
2022-07-29,271.625244140625
2022-08-01,268.9839172363281
2022-08-02,265.8974914550781
2022-08-03,273.299072265625
2022-08-04,274.4407653808594
2022-08-05,273.72479248046875
2022-08-08,271.2189636230469
2022-08-09,273.1346130371094
2022-08-10,279.7718811035156
2022-08-11,277.701416015625
2022-08-12,282.4326477050781
2022-08-15,283.94195556640625
2022-08-16,283.2066345214844
2022-08-17,282.4600524902344
2022-08-18,281.34503173828125
2022-08-19,277.4472961425781
2022-08-22,269.302734375
2022-08-23,268.0325927734375
2022-08-24,267.40234375
2022-08-25,270.36932373046875
2022-08-26,259.9365539550781
2022-08-29,257.16351318359375
2022-08-30,254.97225952148438
2022-08-31,253.5178680419922
2022-09-01,252.4803924560547
2022-09-02,248.2723846435547
2022-09-06,245.54786682128906
2022-09-07,250.24066162109375
2022-09-08,250.6575927734375
2022-09-09,256.41693115234375
2022-09-12,258.54034423828125
2022-09-13,244.32618713378906
2022-09-14,244.54920959472656
2022-09-15,237.917236328125
2022-09-16,237.2966766357422
2022-09-19,237.0834197998047
2022-09-20,235.07632446289062
2022-09-21,231.6827850341797
2022-09-22,233.6510467529297
2022-09-23,230.68414306640625
2022-09-26,230.22837829589844
2022-09-27,229.2200469970703
2022-09-28,233.73831176757812
2022-09-29,230.2769012451172
2022-09-30,225.8167724609375
2022-10-03,233.4183349609375
2022-10-04,241.31077575683594
2022-10-05,241.6210174560547
2022-10-06,239.28433227539062
2022-10-07,227.1160430908203
2022-10-10,222.2777862548828
2022-10-11,218.55458068847656
2022-10-12,218.88421630859375
2022-10-13,227.1160430908203
2022-10-14,221.6087646484375
2022-10-17,230.3059844970703
2022-10-18,231.24644470214844
2022-10-19,229.2878875732422
2022-10-20,228.96791076660156
2022-10-21,234.75634765625
2022-10-24,239.73037719726562
2022-10-25,243.0366668701172
2022-10-26,224.2848358154297
2022-10-27,219.8538360595703
2022-10-28,228.6964569091797
2022-10-31,225.07017517089844
2022-11-01,221.2306365966797
2022-11-02,213.4060516357422
2022-11-03,207.73399353027344
2022-11-04,214.65684509277344
2022-11-07,220.9397735595703
2022-11-08,221.90931701660156
2022-11-09,217.6819305419922
2022-11-10,235.5902099609375
2022-11-11,239.59457397460938
2022-11-14,234.20372009277344
2022-11-15,234.61093139648438
2022-11-16,235.03875732421875
2022-11-17,234.99012756347656
2022-11-18,234.54287719726562
2022-11-21,235.34988403320312
2022-11-22,238.2473602294922
2022-11-23,240.72682189941406
2022-11-25,240.6392822265625
2022-11-28,235.06788635253906
2022-11-29,233.67750549316406
2022-11-30,248.07754516601562
2022-12-01,247.6400146484375
2022-12-02,247.9608612060547
2022-12-05,243.27430725097656
2022-12-06,238.33493041992188
2022-12-07,237.60565185546875
2022-12-08,240.55178833007812
2022-12-09,238.62660217285156
2022-12-12,245.5203399658203
2022-12-13,249.8082733154297
2022-12-14,250.09999084472656
2022-12-15,242.1172332763672
2022-12-16,237.9168243408203
2022-12-19,233.794189453125
2022-12-20,235.10684204101562
2022-12-21,237.6640167236328
2022-12-22,231.5967559814453
2022-12-23,232.12179565429688
2022-12-27,230.4007568359375
2022-12-28,228.0380401611328
2022-12-29,234.3386688232422
2022-12-30,233.18162536621094
2023-01-03,232.94825744628906
2023-01-04,222.7583770751953
2023-01-05,216.1562957763672
2023-01-06,218.70376586914062
2023-01-09,220.83314514160156
2023-01-10,222.51527404785156
2023-01-11,229.24371337890625
2023-01-12,231.90785217285156
2023-01-13,232.60792541503906
2023-01-17,233.6969757080078
2023-01-18,229.2826385498047
2023-01-19,225.51002502441406
2023-01-20,233.570556640625
2023-01-23,235.8651885986328
2023-01-24,235.34017944335938
2023-01-25,233.94973754882812
2023-01-26,241.1351776123047
2023-01-27,241.2907257080078
2023-01-30,235.9916229248047
2023-01-31,240.950439453125
2023-02-01,245.75367736816406
2023-02-02,257.2757263183594
2023-02-03,251.19869995117188
2023-02-06,249.6624298095703
2023-02-07,260.15374755859375
2023-02-08,259.3467102050781
2023-02-09,256.3227844238281
2023-02-10,255.81719970703125
2023-02-13,263.8096923828125
2023-02-14,264.6361083984375
2023-02-15,262.5208740234375
2023-02-16,255.53196716308594
2023-02-17,251.5452117919922
2023-02-21,246.29127502441406
2023-02-22,245.16055297851562
2023-02-23,248.33827209472656
2023-02-24,242.92835998535156
2023-02-27,243.8446502685547
2023-02-28,243.12330627441406
2023-03-01,240.05284118652344
2023-03-02,244.77066040039062
2023-03-03,248.8451385498047
2023-03-06,250.38522338867188
2023-03-07,247.73390197753906
2023-03-08,247.2952423095703
2023-03-09,245.95013427734375
2023-03-10,242.31427001953125
2023-03-13,247.5097198486328
2023-03-14,254.20628356933594
2023-03-15,258.7389221191406
2023-03-16,269.2272644042969
2023-03-17,272.37567138671875
2023-03-20,265.35748291015625
2023-03-21,266.8683166503906
2023-03-22,265.4159851074219
2023-03-23,270.650390625
2023-03-24,273.48687744140625
2023-03-27,269.4027099609375
2023-03-28,268.28179931640625
2023-03-29,273.428466796875
2023-03-30,276.8790283203125
2023-03-31,281.021728515625
2023-04-03,279.97882080078125
2023-04-04,279.9300231933594
2023-04-05,277.1617736816406
2023-04-06,284.2384338378906
2023-04-10,282.0842590332031
2023-04-11,275.68988037109375
2023-04-12,276.33319091796875
2023-04-13,282.5229187011719
2023-04-14,278.9163818359375
2023-04-17,281.5091552734375
2023-04-18,281.0899963378906
2023-04-19,281.16796875
2023-04-20,278.8870544433594
2023-04-21,278.5459289550781
2023-04-24,274.6565856933594
2023-04-25,268.4669494628906
2023-04-26,287.91326904296875
2023-04-27,297.1344909667969
2023-04-28,299.503173828125
2023-05-01,297.8460693359375
2023-05-02,297.6998291015625
2023-05-03,296.7153625488281
2023-05-04,297.6998291015625
2023-05-05,302.8075256347656
2023-05-08,300.8580627441406
2023-05-09,299.24969482421875
2023-05-10,304.4256286621094
2023-05-11,302.2811279296875
2023-05-12,301.1700134277344
2023-05-15,301.6475830078125
2023-05-16,303.8699951171875
2023-05-17,306.7420959472656
2023-05-18,311.1576232910156
2023-05-19,310.98175048828125
2023-05-22,313.7560729980469
2023-05-23,307.9729309082031
2023-05-24,306.5955505371094
2023-05-25,318.38653564453125
2023-05-26,325.1954345703125
2023-05-30,323.5542907714844
2023-05-31,320.7994384765625
2023-06-01,324.892578125
2023-06-02,327.6474609375
2023-06-05,328.1749572753906
2023-06-06,325.96722412109375
2023-06-07,315.9053039550781
2023-06-08,317.74176025390625
2023-06-09,319.2364196777344
2023-06-12,324.179443359375
2023-06-13,326.5630798339844
2023-06-14,329.5426025390625
2023-06-15,340.0538635253906
2023-06-16,334.4172058105469
2023-06-20,330.2361755371094
2023-06-21,325.8499755859375
2023-06-22,331.85772705078125
2023-06-23,327.27618408203125
2023-06-26,321.00457763671875
2023-06-27,326.83660888671875
2023-06-28,328.08697509765625
2023-06-29,327.3055114746094
2023-06-30,332.6685791015625
2023-07-03,330.1776123046875
2023-07-05,330.3338317871094
2023-07-06,333.3817443847656
2023-07-07,329.42535400390625
2023-07-10,324.1598815917969
2023-07-11,324.78515625
2023-07-12,329.40576171875
2023-07-13,334.73956298828125
2023-07-14,337.2599792480469
2023-07-17,337.7386779785156
2023-07-18,351.1805419921875
2023-07-19,346.8725280761719
2023-07-20,338.85223388671875
2023-07-21,335.823974609375
2023-07-24,337.1329650878906
2023-07-25,342.8672790527344
2023-07-26,329.962646484375
2023-07-27,323.0755920410156
2023-07-28,330.5487976074219
2023-07-31,328.1553955078125
2023-08-01,328.565673828125
2023-08-02,319.92999267578125
2023-08-03,319.10943603515625
2023-08-04,320.20361328125
2023-08-07,322.47967529296875
2023-08-08,318.5135803222656
2023-08-09,314.7818908691406
2023-08-10,315.4656066894531
2023-08-11,313.59002685546875
2023-08-14,316.5500183105469
2023-08-15,314.42034912109375
2023-08-16,313.65679931640625
2023-08-17,310.21087646484375
2023-08-18,309.81939697265625
2023-08-21,315.10565185546875
2023-08-22,315.6734619140625
2023-08-23,320.117919921875
2023-08-24,313.23583984375
2023-08-25,316.18255615234375
2023-08-28,316.88739013671875
2023-08-29,321.498291015625
2023-08-30,321.8702392578125
2023-08-31,320.8619384765625
2023-09-01,321.74298095703125
2023-09-05,326.530029296875
2023-09-06,325.8741760253906
2023-09-07,322.9666442871094
2023-09-08,327.2348937988281
2023-09-11,330.8276672363281
2023-09-12,324.7874755859375
2023-09-13,328.9871826171875
2023-09-14,331.57171630859375
2023-09-15,323.2701110839844
2023-09-18,322.1345520019531
2023-09-19,321.7331848144531
2023-09-20,314.01904296875
2023-09-21,312.80517578125
2023-09-22,310.33819580078125
2023-09-25,310.85699462890625
2023-09-26,305.5707092285156
2023-09-27,306.20697021484375
2023-09-28,307.0390625
2023-09-29,309.1046447753906
2023-10-02,315.0273132324219
2023-10-03,306.7942810058594
2023-10-04,312.2471008300781
2023-10-05,312.6387023925781
2023-10-06,320.3724670410156
2023-10-09,322.8785400390625
2023-10-10,321.4786682128906
2023-10-11,325.4238586425781
2023-10-12,324.1903076171875
2023-10-13,320.8325500488281
2023-10-16,325.63922119140625
2023-10-17,325.0713806152344
2023-10-18,323.1624755859375
2023-10-19,324.3470153808594
2023-10-20,319.7948913574219
2023-10-23,322.3890686035156
2023-10-24,323.5735778808594
2023-10-25,333.500244140625
2023-10-26,320.9891662597656
2023-10-27,322.8687438964844
2023-10-30,330.21087646484375
2023-10-31,330.99407958984375
2023-11-01,338.7865295410156
2023-11-02,340.9892272949219
2023-11-03,345.3749084472656
2023-11-06,349.02642822265625
2023-11-07,352.9422607421875
2023-11-08,355.55609130859375
2023-11-09,353.0988464355469
2023-11-10,361.889892578125
2023-11-13,358.9627990722656
2023-11-14,362.47723388671875
2023-11-15,362.6243896484375
2023-11-16,369.00048828125
2023-11-17,362.80096435546875
2023-11-20,370.246337890625
2023-11-21,365.95953369140625
2023-11-22,370.6484680175781
2023-11-24,370.2364807128906
2023-11-27,371.3940124511719
2023-11-28,375.4060974121094
2023-11-29,371.6293640136719
2023-11-30,371.68829345703125
2023-12-01,367.3721008300781
2023-12-04,362.10455322265625
2023-12-05,365.4200439453125
2023-12-06,361.77093505859375
2023-12-07,363.8800048828125
2023-12-08,367.0974426269531
2023-12-11,364.22332763671875
2023-12-12,367.2445983886719
2023-12-13,367.23480224609375
2023-12-14,358.9556579589844
2023-12-15,363.6641845703125
2023-12-18,365.54754638671875
2023-12-19,366.14593505859375
2023-12-20,363.5562744140625
2023-12-21,366.42059326171875
2023-12-22,367.4407958984375
2023-12-26,367.519287109375
2023-12-27,366.9405822753906
2023-12-28,368.12744140625
2023-12-29,368.87298583984375
2024-01-02,363.8014831542969
2024-01-03,363.53662109375
2024-01-04,360.9273986816406
2024-01-05,360.740966796875
2024-01-08,367.5486755371094
2024-01-09,368.62774658203125
2024-01-10,375.4747314453125
2024-01-11,377.29925537109375
2024-01-12,381.0660705566406
2024-01-16,382.83172607421875
2024-01-17,382.0469665527344
2024-01-18,386.3631286621094
2024-01-19,391.0716247558594
2024-01-22,388.95281982421875
2024-01-23,391.2972717285156
2024-01-24,394.88751220703125
2024-01-25,397.1535339355469
2024-01-26,396.2314147949219
2024-01-29,401.9110412597656
2024-01-30,400.8026428222656
2024-01-31,390.00244140625
2024-02-01,396.0842590332031
2024-02-02,403.3824768066406
2024-02-05,397.91864013671875
2024-02-06,397.76165771484375
2024-02-07,406.1585388183594
2024-02-08,406.21734619140625
2024-02-09,412.53460693359375
2024-02-12,407.345458984375
2024-02-13,398.57586669921875
2024-02-14,402.42822265625
2024-02-15,399.5487365722656
2024-02-16,397.0919189453125
2024-02-20,395.8437805175781
2024-02-21,395.24432373046875
2024-02-22,404.5509948730469
2024-02-23,403.2635803222656
2024-02-26,400.5118713378906
2024-02-27,400.4529113769531
2024-02-28,400.6888122558594
2024-02-29,406.5067443847656
2024-03-01,408.3346252441406
2024-03-04,407.7646179199219
2024-03-05,395.7062072753906
2024-03-06,395.1558532714844
2024-03-07,402.0842590332031
2024-03-08,399.21466064453125
2024-03-11,397.5439453125
2024-03-12,408.1184387207031
2024-03-13,407.9414978027344
2024-03-14,417.8869934082031
2024-03-15,409.23876953125
2024-03-18,410.1232604980469
2024-03-19,414.1427307128906
2024-03-20,417.8968505859375
2024-03-21,421.9653625488281
2024-03-22,421.3463134765625
2024-03-25,415.56768798828125
2024-03-26,414.3785400390625
2024-03-27,414.162353515625
2024-03-28,413.4646301269531
2024-04-01,417.2481994628906
2024-04-02,414.17218017578125
2024-04-03,413.19921875
2024-04-04,410.673583984375
2024-04-05,418.18182373046875
2024-04-08,417.2678527832031
2024-04-09,418.9287109375
2024-04-10,415.9608154296875
2024-04-11,420.5502624511719
2024-04-12,414.62420654296875
2024-04-15,406.5067443847656
2024-04-16,407.43048095703125
2024-04-17,404.7377014160156
2024-04-18,397.29827880859375
2024-04-19,392.2370910644531
2024-04-22,394.0453186035156
2024-04-23,400.5414123535156
2024-04-24,402.0056457519531
2024-04-25,392.1585388183594
2024-04-26,399.31292724609375
2024-04-29,395.3131408691406
2024-04-30,382.6158752441406
2024-05-01,388.1291809082031
2024-05-02,390.97918701171875
2024-05-03,399.6470031738281
2024-05-06,406.4084167480469
2024-05-07,402.28082275390625
2024-05-08,403.46014404296875
2024-05-09,405.20947265625
2024-05-10,407.5877380371094
2024-05-13,406.58526611328125
2024-05-14,409.3763732910156
2024-05-15,416.5338439941406
2024-05-16,414.4761657714844
2024-05-17,413.708251953125
2024-05-20,418.7588806152344
2024-05-21,422.401611328125
2024-05-22,423.8587646484375
2024-05-23,420.3932189941406
2024-05-24,423.5043029785156
2024-05-28,423.6618347167969
2024-05-29,422.5296630859375
2024-05-30,408.25396728515625
2024-05-31,408.70684814453125
2024-06-03,407.1217346191406
2024-06-04,409.63232421875
2024-06-05,417.449462890625
2024-06-06,417.9515686035156
2024-06-07,417.2920227050781
2024-06-10,421.2497253417969
2024-06-11,425.98529052734375
2024-06-12,434.23565673828125
2024-06-13,434.74761962890625
2024-06-14,435.7222900390625
2024-06-17,441.4325256347656
2024-06-18,439.4339599609375
2024-06-20,438.8038635253906
2024-06-21,442.8207092285156
2024-06-24,440.74346923828125
2024-06-25,443.9726257324219
2024-06-26,445.1639099121094
2024-06-27,445.8432312011719
2024-06-28,440.0345458984375
2024-07-01,449.6632080078125
2024-07-02,452.1737365722656
2024-07-03,453.6406555175781
2024-07-05,460.3256530761719
2024-07-08,459.02606201171875
2024-07-09,452.42974853515625
2024-07-10,459.0359191894531
2024-07-11,447.66461181640625
2024-07-12,446.53240966796875
2024-07-15,446.93603515625
2024-07-16,442.5647277832031
2024-07-17,436.6575927734375
2024-07-18,433.55633544921875
2024-07-19,430.3467712402344
2024-07-22,436.0865478515625
2024-07-23,437.967041015625
2024-07-24,422.2638244628906
2024-07-25,411.9262390136719
2024-07-26,418.6899108886719
2024-07-29,420.1274108886719
2024-07-30,416.3763732910156
2024-07-31,411.8770446777344
2024-08-01,410.65618896484375
2024-08-02,402.1695556640625
2024-08-05,389.0359802246094
2024-08-06,393.427001953125
2024-08-07,392.2652282714844
2024-08-08,396.4593505859375
2024-08-09,399.73785400390625
2024-08-12,400.51556396484375
2024-08-13,407.6042175292969
2024-08-14,410.4100646972656
2024-08-15,415.2626953125
2024-08-16,412.7377624511719
2024-08-19,415.75579833984375
2024-08-20,418.9810485839844
2024-08-21,418.3301086425781
2024-08-22,409.8577575683594
2024-08-23,411.0807800292969
2024-08-26,407.82598876953125
2024-08-27,408.171142578125
2024-08-28,404.9755859375
2024-08-29,407.4610595703125
2024-08-30,411.4259948730469
2024-09-03,403.8314208984375
2024-09-04,403.2988586425781
2024-09-05,402.79583740234375
2024-09-06,396.1974792480469
2024-09-09,400.1624755859375
2024-09-10,408.5262756347656
2024-09-11,417.24517822265625
2024-09-12,421.15093994140625
2024-09-13,424.69171142578125
2024-09-16,425.43145751953125
2024-09-17,429.1893005371094
2024-09-18,424.90869140625
2024-09-19,432.6807861328125
2024-09-20,429.3075866699219
2024-09-23,427.57171630859375
2024-09-24,423.2912292480469
2024-09-25,426.1908874511719
2024-09-26,425.40185546875
2024-09-27,422.1569519042969
2024-09-30,424.40570068359375
2024-10-01,414.9273986816406
2024-10-02,411.4161071777344
2024-10-03,410.8341979980469
2024-10-04,410.36077880859375
2024-10-07,403.9300842285156
2024-10-08,409.02923583984375
2024-10-09,411.7415771484375
2024-10-10,410.14373779296875
2024-10-11,410.6172790527344
2024-10-14,413.3985900878906
2024-10-15,413.0040283203125
2024-10-16,410.41998291015625
2024-10-17,411.0117492675781
2024-10-18,412.43206787109375
2024-10-21,413.0435485839844
2024-10-22,421.65399169921875
2024-10-23,418.7838134765625
2024-10-24,418.9120178222656
2024-10-25,422.2851867675781
2024-10-28,420.7465515136719
2024-10-29,426.03314208984375
2024-10-30,426.6051330566406
2024-10-31,400.7838134765625
2024-11-01,404.7487487792969
2024-11-04,402.8648681640625
2024-11-05,405.8237609863281
2024-11-06,414.42437744140625
2024-11-07,419.6023864746094
2024-11-08,416.7519836425781
2024-11-11,412.2840576171875
2024-11-12,417.23529052734375
2024-11-13,419.3755798339844
2024-11-14,421.04241943359375
2024-11-15,409.3153076171875
2024-11-18,410.06488037109375
2024-11-19,412.0671081542969
2024-11-20,409.7985534667969
2024-11-21,408.0295715332031
2024-11-22,412.11114501953125
2024-11-25,413.88018798828125
2024-11-26,422.9722900390625
2024-11-27,418.03094482421875
2024-11-29,418.49542236328125
2024-12-02,425.9272766113281
2024-12-03,426.1446838378906
2024-12-04,432.291748046875
2024-12-05,437.4307556152344
2024-12-06,438.3696594238281
2024-12-09,440.7908935546875
2024-12-10,438.1324768066406
2024-12-11,443.72613525390625
2024-12-12,444.2894287109375
2024-12-13,442.0262756347656
2024-12-16,446.2956237792969
2024-12-17,449.1319274902344
2024-12-18,432.2621154785156
2024-12-19,431.90631103515625
2024-12-20,431.4813537597656
2024-12-23,430.1472473144531
2024-12-24,434.17938232421875
2024-12-26,432.9736328125
2024-12-27,425.4825134277344
2024-12-30,419.849365234375
2024-12-31,416.55841064453125
2025-01-02,413.672607421875
2025-01-03,418.38671875
2025-01-06,422.833984375
2025-01-07,417.4181823730469
2025-01-08,419.5824890136719
2025-01-10,414.0382995605469
2025-01-13,412.2989501953125
2025-01-14,410.7967529296875
2025-01-15,421.3119812011719
2025-01-16,419.60223388671875
2025-01-17,424.0001220703125
2025-01-21,423.4763488769531
2025-01-22,440.9688720703125
2025-01-23,441.47283935546875
2025-01-24,438.8539123535156
2025-01-27,429.4653015136719
2025-01-28,441.9571228027344
2025-01-29,437.1441955566406
2025-01-30,410.1247253417969
2025-01-31,410.19390869140625
2025-02-03,406.1024475097656
2025-02-04,407.5354309082031
2025-02-05,408.4446716308594
2025-02-06,410.9449768066406
2025-02-07,404.9461364746094
2025-02-10,407.38720703125
2025-02-11,406.6163330078125
2025-02-12,404.2444763183594
2025-02-13,405.72686767578125
2025-02-14,403.6416320800781
2025-02-18,404.8374328613281
2025-02-19,409.90728759765625
2025-02-20,412.0759582519531
2025-02-21,404.2331237792969
2025-02-24,400.06414794921875
2025-02-25,394.0235290527344
2025-02-26,395.83575439453125
2025-02-27,388.70587158203125
2025-02-28,393.1224060058594
2025-03-03,384.7052307128906
2025-03-04,384.82403564453125
2025-03-05,397.1131591796875
2025-03-06,393.0234375
2025-03-07,389.478271484375
2025-03-10,376.4563903808594
2025-03-11,376.74359130859375
2025-03-12,379.5361022949219
2025-03-13,375.07989501953125
2025-03-14,384.7745666503906
2025-03-17,384.9132080078125
2025-03-18,379.7836608886719
2025-03-19,384.0417785644531
2025-03-20,383.0713195800781
2025-03-21,387.4482727050781
2025-03-24,389.25048828125
2025-03-25,391.3102722167969
2025-03-26,386.17083740234375
2025-03-27,386.77484130859375
2025-03-28,375.1096496582031
2025-03-31,371.7328796386719
2025-04-01,378.46661376953125
2025-04-02,378.4171142578125
2025-04-03,369.4750671386719
2025-04-04,356.3343505859375
2025-04-07,354.3736267089844
2025-04-08,351.1058044433594
2025-04-09,386.6857604980469
2025-04-10,377.6347961425781
2025-04-11,384.6656494140625
2025-04-14,384.0318908691406
2025-04-15,381.97216796875
2025-04-16,367.98968505859375
2025-04-17,364.197021484375
2025-04-21,355.62139892578125
2025-04-22,363.2463684082031
2025-04-23,370.74261474609375
2025-04-24,383.52679443359375
2025-04-25,388.0325622558594
2025-04-28,387.3492431640625
2025-04-29,390.2012023925781
2025-04-30,391.4093017578125
2025-05-01,421.2556457519531
2025-05-02,431.0393981933594
2025-05-05,431.9207458496094
2025-05-06,429.0885925292969
2025-05-07,429.1282043457031
2025-05-08,433.9012451171875
2025-05-09,434.4557800292969
2025-05-12,444.8832092285156
2025-05-13,444.764404296875
2025-05-14,448.52734375
2025-05-15,449.53924560546875
2025-05-16,450.6702575683594
2025-05-19,455.2337646484375
2025-05-20,454.53936767578125
2025-05-21,448.98370361328125
2025-05-22,451.2555847167969
2025-05-23,446.6126403808594
2025-05-27,457.0393371582031
2025-05-28,453.7357482910156
2025-05-29,455.0453186035156
2025-05-30,456.7119445800781
2025-06-02,458.3092346191406
2025-06-03,459.3013000488281
2025-06-04,460.1941223144531
2025-06-05,463.97393798828125
2025-06-06,466.6525573730469
2025-06-09,469.0038146972656
2025-06-10,467.1883239746094
2025-06-11,468.87481689453125
2025-06-12,475.0753173828125
2025-06-13,471.1962585449219
2025-06-16,475.3431701660156
2025-06-17,474.25189208984375
2025-06-18,476.4344482421875
2025-06-20,473.616943359375
2025-06-23,482.1488037109375
2025-06-24,486.2261962890625
2025-06-25,488.369140625
2025-06-26,493.5080871582031
2025-06-27,492.0100402832031
2025-06-30,493.4684143066406
2025-07-01,488.1508483886719
2025-07-02,487.198486328125
2025-07-03,494.8870544433594
2025-07-07,493.77593994140625
2025-07-08,492.6846008300781
2025-07-09,499.5200500488281
2025-07-10,497.5061340332031
2025-07-11,499.3315734863281
2025-07-14,499.033935546875
2025-07-15,501.811767578125
2025-07-16,501.61334228515625
2025-07-17,507.6451721191406
2025-07-18,506.00823974609375
2025-07-21,506.01812744140625
2025-07-22,501.2660827636719
2025-07-23,501.861328125
2025-07-24,506.8316345214844
2025-07-25,509.6392517089844
2025-07-28,508.43878173828125
2025-07-29,508.50823974609375
2025-07-30,509.17291259765625
2025-07-31,529.2723388671875
2025-08-01,519.956787109375
2025-08-04,531.3955078125
2025-08-05,523.5679931640625
2025-08-06,520.7802734375
2025-08-07,516.7127685546875
2025-08-08,517.9031982421875
2025-08-11,517.6353149414062
2025-08-12,525.046142578125
2025-08-13,516.454833984375
2025-08-14,518.3397216796875
2025-08-15,516.0480346679688
2025-08-18,513.0023193359375
2025-08-19,505.7304382324219
2025-08-20,501.71258544921875
2025-08-21,501.06658935546875
2025-08-22,504.037841796875
2025-08-25,501.0865173339844
2025-08-26,498.8804931640625
2025-08-27,503.5509033203125
2025-08-28,506.43267822265625
2025-08-29,503.501220703125
2025-09-02,501.9410705566406
2025-09-03,502.1696472167969
2025-09-04,504.7731628417969
2025-09-05,491.8847961425781
2025-09-08,495.06463623046875
2025-09-09,495.2733154296875
2025-09-10,497.2209777832031
2025-09-11,497.8569641113281
2025-09-12,506.6910095214844
2025-09-15,512.1166381835938
2025-09-16,505.83642578125
2025-09-17,506.81024169921875
2025-09-18,505.2501525878906
2025-09-19,514.6704711914062
2025-09-22,511.21240234375
2025-09-23,506.0252685546875
2025-09-24,506.9394226074219
2025-09-25,503.8390808105469
2025-09-26,508.24114990234375
2025-09-29,511.36138916015625
2025-09-30,514.6903686523438
2025-10-01,516.4392700195312
2025-10-02,512.4942016601562
2025-10-03,514.0940551757812
2025-10-06,525.2435302734375
2025-10-07,520.682373046875
2025-10-08,521.546875
2025-10-09,519.1123657226562
2025-10-10,507.74432373046875
2025-10-13,510.8149108886719
2025-10-14,510.3378601074219
2025-10-15,510.19879150390625
2025-10-16,508.3902282714844
2025-10-17,510.3478698730469
2025-10-20,513.53759765625
2025-10-21,514.4021606445312
2025-10-22,517.2639770507812
2025-10-23,517.283935546875
2025-10-24,520.314697265625
2025-10-27,528.1749877929688
2025-10-28,538.6585083007812
2025-10-29,538.1417846679688
2025-10-30,522.451171875
2025-10-31,514.5512084960938
2025-11-03,513.776123046875
2025-11-04,511.0931701660156
2025-11-05,503.9682312011719
2025-11-06,493.9715576171875
2025-11-07,493.6933288574219
2025-11-10,502.8155517578125
2025-11-11,505.4786682128906
2025-11-12,507.9232177734375
2025-11-13,500.1225891113281
2025-11-14,506.9692687988281
2025-11-17,504.2961730957031
2025-11-18,490.6824035644531
2025-11-19,484.05438232421875
2025-11-20,476.3088684082031
2025-11-21,470.0268249511719
2025-11-24,471.8985290527344
2025-11-25,474.8752136230469
2025-11-26,483.3475036621094
2025-11-28,489.82867431640625
2025-12-01,484.5820007324219
2025-12-02,487.82757568359375
2025-12-03,475.6119689941406
2025-12-04,478.7081604003906
2025-12-05,481.01788330078125
2025-12-08,488.8430480957031
2025-12-09,489.8385925292969
2025-12-10,476.4382629394531
2025-12-11,481.3265075683594
2025-12-12,476.4084167480469
2025-12-15,472.7148742675781
2025-12-16,474.2779235839844
2025-12-17,474.00909423828125
2025-12-18,481.8342590332031
2025-12-19,483.7656555175781
2025-12-22,482.7701110839844
2025-12-23,484.6915588378906
2025-12-24,485.8563232421875
2025-12-26,485.5477294921875
2025-12-29,484.9404296875
2025-12-30,485.3187561035156
2025-12-31,481.4758605957031
2026-01-02,470.84320068359375
2026-01-05,470.75360107421875
2026-01-06,476.3885192871094
2026-01-07,481.3265075683594
2026-01-08,475.9902648925781
2026-01-09,477.15509033203125
2026-01-12,475.06439208984375
2026-01-13,468.5832824707031
2026-01-14,457.3433532714844
2026-01-15,454.6354064941406
2026-01-16,457.8211975097656
2026-01-20,452.5048522949219
2026-01-21,442.1409912109375
2026-01-22,449.1398620605469
2026-01-23,463.8841857910156
2026-01-26,468.1949768066406
2026-01-27,478.4493408203125
2026-01-28,479.4946594238281
2026-01-29,431.57806396484375
2026-01-30,428.3822937011719
2026-02-02,421.49298095703125
2026-02-03,409.3868713378906
2026-02-04,412.35369873046875
2026-02-05,391.9246520996094
2026-02-06,399.3615417480469
2026-02-09,411.76629638671875
2026-02-10,411.437744140625
2026-02-11,402.5771789550781
2026-02-12,400.05841064453125
2026-02-13,399.5407409667969
2026-02-17,395.1004943847656
2026-02-18,397.8283386230469
2026-02-19,397.5988464355469
2026-02-20,396.37152099609375
2026-02-23,383.6390686035156
2026-02-24,388.1593017578125
2026-02-25,399.7342224121094
2026-02-26,400.851806640625
2026-02-27,391.8912048339844
2026-03-02,397.6886291503906
2026-03-03,403.0570068359375
2026-03-04,404.32427978515625
2026-03-05,409.79241943359375
2026-03-06,408.0761413574219
2026-03-09,408.5251770019531
2026-03-10,404.8830871582031
2026-03-11,404.0049743652344
2026-03-12,400.9914855957031
2026-03-13,394.69512939453125
2026-03-16,399.08563232421875
2026-03-17,398.5467834472656
2026-03-18,390.9432678222656
2026-03-19,388.1792297363281
2026-03-20,381.0447082519531
2026-03-23,382.1722717285156
2026-03-24,371.9344177246094
2026-03-25,370.2381286621094
2026-03-26,365.1790771484375
2026-03-27,355.9989318847656
2026-03-30,358.1842041015625
2026-03-31,369.3699951171875
2026-04-01,368.57171630859375
2026-04-02,372.6528625488281
2026-04-06,372.0741271972656
2026-04-07,371.48541259765625
2026-04-08,373.52099609375
2026-04-09,372.26373291015625
2026-04-10,370.0684814453125
2026-04-13,383.539306640625
2026-04-14,392.2604064941406
2026-04-15,410.3312683105469
2026-04-16,419.35174560546875
2026-04-17,421.87628173828125
2026-04-20,417.1664733886719
2026-04-21,423.2433166503906
2026-04-22,431.984375
2026-04-23,414.8514709472656
2026-04-24,423.7023010253906
2026-04-27,423.9018859863281
2026-04-28,428.3222961425781
2026-04-29,423.5426330566406
2026-04-30,406.8987121582031
2026-05-01,413.5443115234375
2026-05-04,412.72607421875
2026-05-05,410.4909362792969
2026-05-06,413.0653381347656
2026-05-07,419.8606262207031
2026-05-08,414.22283935546875
2026-05-11,411.7681579589844
2026-05-12,406.8887023925781
2026-05-13,404.3342590332031
2026-05-14,408.5451354980469
2026-05-15,421.0081481933594
2026-05-18,422.6246643066406
2026-05-19,416.51788330078125
2026-05-20,420.1499938964844
2026-05-21,419.0899963378906
2026-05-22,418.57000732421875
2026-05-26,416.0299987792969
2026-05-27,412.6700134277344
2026-05-28,426.989990234375
2026-05-29,450.239990234375
2026-06-01,460.5199890136719
2026-06-02,441.30999755859375
2026-06-03,427.3399963378906
2026-06-04,428.04998779296875
2026-06-05,416.6700134277344
2026-06-08,411.739990234375
2026-06-09,403.4100036621094
2026-06-10,397.3599853515625
2026-06-11,390.3399963378906
