sentence,label,true,pred
"The members viewed the outlook for core price inflation as still quite benign, largely reflecting the ample availability of labor and other producer resources to accommodate rising economic activity and the favorable prospects for further robust growth in productivity.",2,neutral,dovish
"Those developments included a recent uptick in core measures of consumer prices, a drop in the dollar on foreign exchange markets, and still elevated energy prices--all against the backdrop of longer-term inflation expectations that were firmly anchored.",1,hawkish,neutral
"They generally judged that risks to the growth outlook, including strains in global financial markets, were significant and tilted to the downside; moreover, slow growth left the recovery more vulnerable to negative shocks.",0,dovish,neutral
Measures of forward inflation compensation based on Treasury Inflation-Protected Securities and inflation swaps fell further.,0,dovish,neutral
"The Committee again anticipated that it likely would be appropriate to maintain the current target range for the federal funds rate for a considerable time after the asset purchase program ends, especially if projected inflation continued to run below the Committee's 2 percent longer-run goal, and provided that longer-term inflation expectations remained well anchored.",0,dovish,dovish
"On a 12-month basis, both overall inflation and core inflation, which excludes changes in food and energy prices, had remained near 2 percent.",2,neutral,neutral
"However, it was noted that the Committee had in place tools that would enable it to remove policy accommodation quickly if necessary to avoid an undesirable increase in inflation.",1,hawkish,hawkish
"Moreover, survey data on labor market attitudes of both consumers and businesses had not signaled a significant deterioration in employment prospects.",2,neutral,neutral
"While a preemptive tightening move might be warranted in the not-too-distant future to help contain inflationary pressures in the economy, these members believed that a symmetrical directive would best convey the message that no tightening action was contemplated for the weeks immediately ahead.",1,hawkish,neutral
"The underlying rate of consumer price inflation in recent months was lower than the staff expected at the time of the November meeting, and the staff forecast anticipated that core PCE prices would rise a bit more slowly in 2011 and 2012 than previously projected.",0,dovish,neutral
They continued to expect that inflation would move up toward the Committee's 2 percent objective over the medium term as the effects of these transitory factors waned and conditions in the labor market improved further.,2,neutral,neutral
The near-term forecast again entailed a marked downshift in headline inflation as energy prices fall back consistent with readings from futures markets.,0,dovish,neutral
"In the household sector, the rise in home mortgage debt likely slowed a bit further in the first quarter, as home-price appreciation appeared to have remained sluggish.",2,neutral,neutral
"In the staff forecast prepared for this meeting, the economy was seen as likely to expand at a pace a little above that of its longer-run potential over this year and next, while hiring was expected to firm some more, resulting in a further decrease in the unemployment rate.",1,hawkish,neutral
"In the Committee's discussion of current and prospective economic developments, members commented that the statistical and anecdotal information that had become available since the October meeting continued to point to robust growth in overall economic activity, despite some indications of softening in interest-sensitive sectors of the economy.",1,hawkish,neutral
Participants commented on the continued improvement in labor market conditions in recent months driven by strong demand for workers.,2,neutral,neutral
An easing of supply constraints was expected to support continued gains in economic activity and employment as well as a reduction in inflation.,2,neutral,dovish
It was also noted that the weakness in homebuilding along with the continued rise in house prices suggested that supply constraints were also weighing on construction activity.,1,hawkish,neutral
"The drop in the unemployment rate over the past year, while welcome and significant, could overstate the degree of improvement in labor market conditions, in part because of the decline in the labor force participation rate.",2,neutral,neutral
"Some participants suggested that shifts of funds from abroad into U. S. Treasury securities may have put downward pressure on term premiums; the shifts, in turn, may have reflected in part a reaction to declines in foreign sovereign yields in response to actual and anticipated monetary policy actions abroad.",2,neutral,neutral
"Foreign economic growth remained sluggish, restrained by weak activity in Europe and the associated spillovers--including through trade--to the rest of the world.",2,neutral,neutral
"Many members were concerned about the still-sensitive state of financial markets and thought that an easing of policy would help to support improvements in market functioning, thereby mitigating some of the downside risks to economic growth.",0,dovish,dovish
"Crude oil prices continued to rise, reaching record levels in nominal terms over the intermeeting period.",1,hawkish,hawkish
"The staff assessed that households were in a better position than in the mid-2000s to weather a downturn in house prices, noting that mortgage debt growth has significantly lagged growth in house prices, leaving households with substantial equity cushions.",2,neutral,neutral
The civilian unemployment rate was 4.,2,neutral,neutral
"Total U. S. consumer prices, as measured by the PCE price index, increased 1.",1,hawkish,neutral
"Energy prices were moderating noticeably in response to lower worldwide demand, and core price inflation remained subdued.",0,dovish,neutral
"Although the required amount of cumulative tightening may have increased, members noted that an accelerated pace of policy tightening did not appear necessary at this time, as a degree of economic slack apparently remained, productivity growth would probably continue to damp increases in unit labor costs and prices, and inflation would most likely continue to be contained.",2,neutral,dovish
Consumer spending firmed somewhat during the first quarter despite the rising unemployment rate and significant financial strains.,0,dovish,neutral
Several participants reported that business contacts had expressed growing concerns about the increase in their input costs and that there were signs that an increasing number of firms were seeking to pass on these higher costs to their customers in the form of higher prices.,1,hawkish,hawkish
The significant decreases that had occurred in the prices of fuel oil and gasoline were a positive factor that would continue to bolster household spending for a while.,2,neutral,neutral
"As a result, growth of spending on consumer durables and houses was expected to slow; in contrast, however, overall business investment in equipment and software was projected to strengthen in response to the upward trend in replacement demand, especially for computers and software; also, continued solid economic growth abroad was expected to boost the growth of U. S. exports for some period ahead.",0,dovish,neutral
"Geopolitical uncertainties, notably those relating to developments in Iraq, frequently were cited by business contacts as a major reason for caution, but other factors inhibiting capital expenditures evidently included excess capacity and limited prospects for profits because of increased energy, insurance, pension, and other costs and a concomitant inability to raise selling prices.",1,hawkish,neutral
"The run-up in mortgage rates since the latter part of June was expected to curb housing demand to a limited extent in coming months, but the outlook for housing activity remained favorable, given an overall economic performance in line with current forecasts of a robust expansion, related growth in incomes, and still relatively attractive mortgage interest rates.",2,neutral,neutral
"In addition, to address the sizable demand for dollar funding in foreign jurisdictions, the FOMC authorized the expansion of its existing swap lines with the European Central Bank and Swiss National Bank; by the end of the intermeeting period, the formal quantity limits on these lines had been eliminated.",0,dovish,neutral
"In furtherance of these objectives, the Committee at its meeting in July reaffirmed the ranges it had established in January for growth of M2 and M3 of 1 to 5 percent and 2 to 6 percent respectively, measured from the fourth quarter of 1995 to the fourth quarter of 1996.",2,neutral,neutral
"Holiday shopping reportedly was relatively solid, and, reflecting the improvement in the housing market, demand for home furnishings and construction materials was up.",1,hawkish,neutral
"In keeping with its usual procedures under the Humphrey-Hawkins Act, the Committee would review its ranges at midyear, or sooner if interim conditions warranted, in light of the growth and velocity behavior of the aggregates and ongoing economic and financial developments.",2,neutral,neutral
"The U. S. trade deficit in goods and services widened substantially in January and February from its fourth-quarter average, with exports falling sharply and imports rising strongly.",1,hawkish,neutral
Labor cost increases had not turned up and core inflation continued to edge lower.,0,dovish,dovish
"At the conclusion of the discussion, the Committee voted to authorize and direct the Federal Reserve Bank of New York, until it was instructed otherwise, to execute transactions in the System Account in accordance with the following domestic policy directive: ""The Federal Open Market Committee seeks monetary and financial conditions that will foster price stability and promote sustainable growth in output.",1,hawkish,neutral
Any such rise in inflation expectations and associated upward pressure on inflation itself would likely prove costly to reverse.,1,hawkish,hawkish
"Even so, most members viewed a slowing to a rate closer to most estimates of the growth of the economy's potential as a reasonable expectation.",2,neutral,neutral
An easing of supply constraints was expected to support continued gains in economic activity and employment as well as a reduction in inflation.,2,neutral,dovish
One member was persuaded that policy had already become so expansionary that further easing ran an unacceptable risk of exacerbating inflation over time.,1,hawkish,hawkish
"Nonetheless, the risks to the forecast for real GDP growth were viewed as tilted a little to the downside, especially because the economy was not well positioned to withstand adverse shocks while the target for the federal funds rate was at its effective lower bound.",0,dovish,dovish
"Meeting Participants' Views and Committee Policy ActionIn conjunction with this FOMC meeting, all meeting participants-the four members of the Board of Governors and the presidents of the twelve Federal Reserve Banks-provided projections for economic growth, the unemployment rate, and consumer price inflation for each year from 2009 through 2011.",2,neutral,neutral
Private nonfarm payroll employment increased appreciably on balance over September and October.,1,hawkish,neutral
"The members generally agreed that, if necessary, their concerns about rising inflation could be addressed at the meeting in early February.",1,hawkish,neutral
Foreign economic growth declined in the second quarter.,2,neutral,neutral
"Job gains had been strong, on average, in recent months, and the unemployment rate had remained low.",1,hawkish,dovish
"Available information suggested that economic activity in the major foreign industrial countries continued to advance, but at an uneven pace; in Germany, activity rebounded from the contraction in the first quarter, while in Japan a considerable slowing of growth had occurred in the second quarter after very rapid expansion in the first quarter.",2,neutral,neutral
"Several participants observed that the trimmed mean measure of PCE price inflation constructed by the Federal Reserve Bank of Dallas had stayed near 2 percent recently, underscoring the view that the recent low readings on inflation will prove transitory.",2,neutral,dovish
"Broad equity price indexes were higher over the intermeeting period, amid heightened volatility.",2,neutral,neutral
"The hurricanes were also expected to depress payroll employment in September, with a reversal over the next few months.",2,neutral,neutral
"However, growth of mortgage loans on banks' books slowed somewhat in the first half of this year.",0,dovish,neutral
"Participants discussed their assessments of risks to financial stability, particularly in light of the Committee's highly accommodative stance of monetary policy.",0,dovish,dovish
"It was suggested that the weakening expansion of expenditures in these capital goods might reflect a surfeit in capacity following a period of extraordinary growth in many industries--for example, those related to fiber optics.",2,neutral,neutral
"Clearly, businesses regarded such investments as highly profitable, and they appeared to be leading to gains in productivity that in turn were helping to offset rising compensation and to maintain profit margins in highly competitive markets.",2,neutral,neutral
"Some members observed that while slower growth in consumer spending was the most probable forecast, they saw an upside risk from the wealth effects of the large rise that had occurred in the value of stock market holdings.",2,neutral,neutral
"With an increase in the target range at this meeting, the federal funds rate would be at or close to the lower end of the range of estimates of the longer-run neutral interest rate, and participants expressed that recent developments, including the volatility in financial markets and the increased concerns about global growth, made the appropriate extent and timing of future policy firming less clear than earlier.",1,hawkish,hawkish
"As long as the Federal Reserve is required to set and report ranges for money and debt growth, it should update them as appropriate.",2,neutral,neutral
Risks to the inflation projection also were seen as balanced.,2,neutral,neutral
Expectations of greater and longer-lasting slack in labor and product markets than anticipated earlier had led to downward revisions to forecasts of wage and price inflation.,0,dovish,dovish
"Given the substantial uncertainty still attached to projections of money growth consistent with the Committee's basic objectives for monetary policy, the members agreed that there was no firm basis for changing the tentative ranges set in July 1996.",2,neutral,neutral
"The median expectation for inflation over the next 5 to 10 years from the Michigan survey edged down in October to a new historical low, although it was noted that this drop could be explained by a reduction in the number of respondents who had previously expected relatively high inflation outcomes.",2,neutral,neutral
Improved prospects for a trade deal between the United States and China and accommodative monetary policy were cited as driving factors that outweighed weaker-than-expected announcements of corporate earnings for the fourth quarter of 2018 and earnings projections for 2019.,0,dovish,dovish
"Inflation continued to run below the Committee's longer-run objective, held down in part by the effects of declines in energy and non-energy import prices.",0,dovish,dovish
"The staff continued to view the uncertainty around its projections for real GDP growth, the unemployment rate, and inflation as generally similar to the average of the past 20 years.",2,neutral,neutral
"The course of underlying inflation pressures was more difficult to gauge, however.",2,neutral,neutral
"Accordingly, considerable caution needed to be exercised in assessing the outlook for productivity and in relying on projections of the economy and prices, which necessarily embodied judgments about this outlook, in making monetary policy.",2,neutral,neutral
"The risks to the forecast for real GDP were seen as tilted to the downside, reflecting the staff's assessment that monetary policy appeared to be better positioned to offset large positive shocks than substantial adverse ones.",0,dovish,neutral
Members commented that added fiscal stimulus might prove to be a useful complement to an accommodative monetary policy in the period immediately ahead when economic activity was likely to remain below the economy's potential.,0,dovish,dovish
"Housing demand remained strong, but business fixed investment was still in the doldrums and consumer spending had flagged in late summer before apparently picking up somewhat in the autumn.",2,neutral,neutral
"Businesses added a bit to their inventory positions after an extended period of sizable declines, but final sales changed little: business capital spending weakened somewhat further while growth in consumer spending, residential housing expenditures, and government outlays slowed.",2,neutral,neutral
"In contrast, Spanish economic activity stagnated in the third quarter, Greek GDP extended its decline, and more-recent indicators point to continued weakness in peripheral European economies.",2,neutral,neutral
"The Committee's assessments will take into account a wide range of information, including readings on public health, labor market conditions, inflation pressures and inflation expectations, and financial and international developments. """,2,neutral,neutral
"Committee Policy Action In their discussion of monetary policy for the period ahead, Committee members agreed that the stance of monetary policy should not be changed at this meeting.",2,neutral,neutral
"Continued gains in employment and income, high household net worth, and low gasoline prices were viewed as factors that should support consumer spending in coming months.",1,hawkish,neutral
"Business spending on equipment and structures was anticipated to continue to outpace the overall expansion of the economy, though the differential would tend to narrow over time in association with the gradual diminution of increases in sales and profits that was expected to be associated with moderating economic growth.",2,neutral,neutral
Inflation expectations that currently appeared by various measures and survey results to be essentially flat or even to have declined a bit were reinforcing the factors holding down price increases.,2,neutral,neutral
"Many members concluded that because there did not seem to be any urgency to tighten current policy for domestic reasons, given the likelihood that inflation would remain subdued for a while, important weight should be given to potential reactions abroad.",0,dovish,dovish
"Accordingly, in the context of the Committee's long-run objectives for price stability and sustainable economic growth, and giving careful consideration to economic, financial, and monetary developments, the Committee decided that a slightly higher or a slightly lower federal funds rate might be acceptable during the intermeeting period.",2,neutral,neutral
"Two members preferred to leave the target range at 1 to 1-1/4 percent, suggesting that the Committee should wait to raise the target range until inflation moves up closer to 2 percent on a sustained basis or inflation expectations increase.",2,neutral,dovish
"""The Federal Open Market Committee seeks monetary and financial conditions that will foster price stability and promote sustainable growth in output.",2,neutral,neutral
"On the more positive side, there were no signs that the pace of productivity gains was currently leveling out and no evidence of rising longer-term inflation expectations.",2,neutral,neutral
"In the staff forecast prepared for this meeting, the economy was seen as likely to expand at a moderate pace, supported by accommodative monetary policy and financial conditions.",0,dovish,dovish
"He also judged that the policy step would do little to improve near-term growth prospects, given the ongoing structural adjustments and external challenges faced by the U. S. economy.",2,neutral,neutral
"Accordingly, much stronger growth in such investment could occur, with concomitant effects on incomes and the growth of overall spending.",1,hawkish,neutral
Some participants noted that additional asset purchases could be used to provide more accommodation by lowering longer-term interest rates.,0,dovish,dovish
"Projections of the rate of inflation, as measured by the consumer price index, had a central tendency of 1-3/4 to 2-1/4 percent, on the high side of the outcome for 1997 when the rise in the index was held down by damped increases in food prices and declines in energy prices.",2,neutral,neutral
Members also agreed that there was only a remote possibility that the process of disinflation would cumulate to the point of a decline for an extended period in the general price level.,2,neutral,neutral
"On the positive side, weakness in world demand for oil was fostering a significant downtrend in energy prices, albeit with adverse effects on energy producers in this country and abroad.",0,dovish,neutral
"In that vein, several participants noted that inflation expectations had been sensitive to incoming data and to communications regarding monetary policy over the intermeeting period.",2,neutral,neutral
"With the Committee in the process of reviewing its monetary policy strategies and communication, and no additional accommodation being provided at this meeting, a few members indicated that they could support the Committee's decision even though they had not favored recent policy actions.",2,neutral,neutral
"Also, the recent evidence could be interpreted as indicating that the surprisingly sharp decline in measured inflation in 2003 exaggerated the drop in the underlying rate of inflation.",0,dovish,neutral
"In December, the consumer price index (CPI) rose somewhat faster than in recent months, primarily reflecting an upturn in consumer energy prices; core CPI inflation remained low.",2,neutral,neutral
"However, a few other participants pointed to the record of inflation consistently running below the Committee's 2 percent objective over recent years and expressed the concern that longer-run inflation expectations may have slipped below levels consistent with that objective.",0,dovish,dovish
"Inflation had been subdued of late, although the recent increase in crude oil and gasoline prices would push up inflation temporarily.",2,neutral,neutral
"Nonetheless, the Committee will respond to changes in economic prospects as needed to fulfill its obligation to maintain price stability. """,2,neutral,neutral
"Future policy adjustments would depend on the evolution of the outlook for both inflation and economic growth, as implied by incoming information.",2,neutral,neutral
The Committee's accompanying statement indicated that economic growth had been quite strong so far this year.,1,hawkish,neutral
"However, a couple of participants noted that the recent oil price decline could also be associated with increasing oil supply rather than softening global demand.",0,dovish,neutral
"The vote encompassed approval of the paragraph below for inclusion in the press statement to be released shortly after the meeting: ""The Committee perceives the upside and downside risks to the attainment of both sustainable growth and price stability for the next few quarters are roughly equal.",2,neutral,neutral
"One participant remarked that, with inflation having run consistently below 2 percent in recent years and market-based measures of inflation compensation still low, postponing an increase in the target range for the federal funds rate would help push inflation expectations up to levels consistent with the Committee's objective.",0,dovish,dovish
The behavior of inflation had been unexpectedly benign for an extended period of time for reasons that were not fully understood.,2,neutral,neutral
"Inflation had been subdued, even though the prices of some key commodities had increased recently.",2,neutral,neutral
"At the conclusion of the discussion, the Committee voted to authorize and direct the Federal Reserve Bank of New York, until it was instructed otherwise, to execute transactions in the System Account in accordance with the following domestic policy directive: ""The Federal Open Market Committee seeks monetary and financial conditions that will foster price stability and promote sustainable growth in output.",1,hawkish,neutral
"Although some of the recent data on economic activity had been better than anticipated, most participants saw the incoming information as broadly in line with their earlier projections for moderate growth; accordingly, their views on the economic outlook had not changed appreciably.",2,neutral,neutral
Money growth was damped by a rise in the opportunity cost of holding M2 assets (as typically occurs in periods of policy tightening).,1,hawkish,hawkish
"The risks to the forecast for real GDP growth and inflation were seen as tilted to the downside, reflecting recent financial developments and concerns about the foreign economic outlook, as well as the staff's assessment that neither monetary policy nor fiscal policy appeared well positioned to help the economy withstand adverse shocks.",0,dovish,neutral
"Mr. Plosser noted that the Committee could not afford to wait until there was clear evidence that inflation expectations were no longer anchored, as by then it would be too late to prevent a further increase in inflation pressures.",1,hawkish,hawkish
"Yields on nominal Treasury coupon securities declined over the intermeeting period while yields on inflation-indexed Treasury securities were roughly unchanged, which left inflation compensation noticeably lower.",0,dovish,neutral
"Retail energy prices were likely to retrace at least a portion of the post-hurricane increase, and consumer confidence should rebound.",2,neutral,neutral
"Moreover, a 50 basis point reduction that was associated with the communication of a Committee view that the risks to achieving its objectives for economic activity were balanced might be mistakenly interpreted in the view of some members as a signal that the Committee had come to the end of its policy easing moves--a judgment they were not prepared to make at this time.",0,dovish,neutral
"In contrast to price inflation, labor costs appeared to have remained quiescent.",2,neutral,neutral
"Nonetheless, the potential for significant further weakening in housing activity and home prices represented a downside risk to the economic outlook.",0,dovish,neutral
"Nevertheless, the staff continued to forecast that real GDP growth would pick up only gradually in 2012 and 2013, supported by accommodative monetary policy, easing credit conditions, and improvements in consumer and business sentiment.",0,dovish,dovish
"A variety of indicators, along with anecdotal reports, suggested that employment was expanding at a fairly good pace and labor compensation was rising moderately.",1,hawkish,neutral
"The forecast for headline inflation was in the same range as that for core inflation in 2008 and 2009, reflecting expectations that energy prices would level off and then turn down and that increases in food prices would slow to a pace more in line with core inflation.",2,neutral,neutral
"Business contacts in a number of Districts noted an improvement in housing activity and a continued rise in house prices, although their reports showed that the pace of sales and construction varied across regions.",1,hawkish,neutral
"In the residential real estate sector, home sales, prices, and construction had shown signs of stabilization in many areas and were increasing modestly in others, but a still-sizable inventory of unsold existing homes continued to restrain homebuilding.",2,neutral,neutral
Those participants saw substantial slack in resource utilization and hence continued to judge that inflation was likely to remain subdued over the medium term as the economy continued to recover.,0,dovish,dovish
"Job gains had been solid, on average, since the beginning of the year, and the unemployment rate had declined.",1,hawkish,neutral
"The members concluded that retaining a risk statement weighted toward more inflation pressures would best represent their current thinking, but they believed it was desirable to provide some recognition of the emergence of increased downside risks to the economic expansion in the statement to be released after this meeting.",1,hawkish,hawkish
"With crude oil prices expected to gradually decline from their current levels, the boost to retail food prices from the drought anticipated to be only temporary and comparatively small, long-run inflation expectations assumed to remain stable, and substantial resource slack persisting over the projection period, the staff continued to forecast that inflation would be subdued through 2014.",2,neutral,dovish
The period of sub-par expansion was expected to foster an appreciable easing of pressures on resources and some moderation in core price inflation.,0,dovish,dovish
"However, other participants noted that the continued subdued trend in wages was evidence of an absence of upward pressure on inflation from the current level of resource utilization.",0,dovish,neutral
"After falling steeply before the August FOMC meeting, emerging market equity prices were little changed, on net, over the period.",2,neutral,neutral
"Key factors that influence consumer spending--including a low unemployment rate, ongoing gains in real labor compensation, and still elevated measures of households' net worth--were supportive of a pickup in consumer spending to a solid pace in the near term.",1,hawkish,neutral
"As a result, the likely pace and extent of policy easing expected by investors increased, and yields on nominal and inflation-indexed Treasury coupon securities fell.",0,dovish,dovish
"However, asset purchases are not on a preset course, and the Committee's decisions about their pace will remain contingent on the Committee's outlook for the labor market and inflation as well as its assessment of the likely efficacy and costs of such purchases.",2,neutral,neutral
Pressures on resources would rise as the anticipated upturn and possible above-trend growth brought the economy closer to full capacity utilization.,1,hawkish,neutral
Committee Policy Action Members viewed the information on U. S. economic activity received over the intermeeting period as suggesting that the economy had been expanding moderately and generally agreed that the economic outlook was broadly similar to that at the time of their March meeting.,2,neutral,neutral
Members also expressed concern about the potential for an increase in inflation expectations given highly stimulative macroeconomic policies and economic growth that seemed to be gathering momentum.,1,hawkish,hawkish
"Nevertheless, most participants agreed that, although the level of inventories of unsold homes that homebuilders desired was uncertain, the correction of the housing sector was likely to continue to weigh heavily on economic activity through most of this year--somewhat longer than previously expected.",2,neutral,neutral
"The federal funds rate averaged a little higher than the level expected with an unchanged policy stance, in part because of unexpectedly high demand for reserves in late July and early August.",1,hawkish,neutral
"It was possible, though, that investors' uncertainty regarding inflation prospects, not just inflation expectations themselves, had risen.",1,hawkish,neutral
"Recent increases in house prices and equity prices were positives, but participants generally expected no more than moderate growth in consumer spending over the near term.",2,neutral,neutral
"However, economic activity continued to be depressed in areas affected by the downturn in the energy sector and falling agricultural commodity prices, al­though several participants noted that the recent firming in crude oil prices had led to a modest increase in drilling activity.",2,neutral,neutral
"In dissenting, Mr. Meyer noted that although the money growth ranges do not play an important role in the conduct of monetary policy today, Congress has mandated that the FOMC set and report ranges for money and credit growth.",2,neutral,neutral
"On balance, while the business investment outlook seemed vulnerable to somewhat greater than projected weakness in the short run, the members were persuaded that, against the background of large continuing gains in structural productivity and cost savings from further investment in equipment and software, business firms were likely to accelerate their spending for new capital after a period of adjustment.",2,neutral,neutral
Market-based measures of inflation compensation remained low; survey-based measures of longer-term inflation expectations were little changed.,0,dovish,neutral
"In addition, increases in oil prices were expected to pass through to consumer energy prices.",1,hawkish,hawkish
Risks to the inflation projection also were seen as balanced.,2,neutral,neutral
"With the boost from these factors fading, real GDP growth was projected to step down noticeably in 2023 and to be roughly equal to potential output growth in 2023 and 2024.",0,dovish,neutral
"Housing activity showed signs of dropping off from peak levels during the latter part of the summer, but the decline in mortgage rates this fall produced an upturn in several indicators of demand for single-family housing, including a rebound in a survey index of homebuying conditions.",2,neutral,neutral
"At the conclusion of the discussion, the Committee voted to authorize and direct the Federal Reserve Bank of New York, until it was instructed otherwise, to execute transactions in the System Account in accordance with the following domestic policy directive: The Federal Open Market Committee seeks monetary and financial conditions that will foster price stability and promote sustainable growth in output.",1,hawkish,neutral
Most survey-based measures of longer-term inflation expectations had been little changed in recent months.,2,neutral,neutral
"Conditions in the commercial paper (CP) market improved over the intermeeting period, likely reflecting recent measures taken in support of this market, greater demand from institutional investors, and the passing of year-end.",0,dovish,neutral
"A more robust contour for final sales over the forecast horizon would lead to somewhat greater pressure on resource margins, despite the expected strong growth of structural productivity, though the level of activity would remain below the economy's potential for some time.",0,dovish,neutral
"For 1997 the Committee agreed on a tentative basis to set the same ranges as in 1996 for growth of the monetary aggregages and debt, measured from the fourth quarter of 1996 to the fourth quarter of 1997.",2,neutral,neutral
"In contrast, M3 growth slowed considerably in April after a robust March advance.",2,neutral,neutral
"Many noted that the slowdown could be a temporary aberration and that other labor market indicators--such as new claims for unemployment insurance, the rate of job openings, and readings on consumers' perceptions of the labor market--remained positive.",2,neutral,neutral
These members expected that the target range would be maintained at this level until they were confident that the economy had weathered recent events and was on track to achieve the Committee's maximum employment and price stability goals.,2,neutral,neutral
"Instead, an upturn in foreign economic activity would depend more on recovery in the United States.",2,neutral,neutral
"There were more reports that rising wages and benefits and increasing costs of nonlabor inputs could no longer be fully offset by improvements in productivity, and more business firms appeared to be attempting or considering increases in their selling prices to maintain or improve their profit margins.",1,hawkish,hawkish
"Moreover, if, as some members thought likely, productivity growth slowed as employment picked up, the result could be reductions in slack accompanied by higher unit labor costs and associated pressures on prices.",1,hawkish,hawkish
"While more moderate growth in consumer spending for durable goods seemed likely after an extended period of robust expansion, these favorable factors suggested that the risks of a different outcome were tilted in the direction of faster-than-projected expansion.",1,hawkish,neutral
"Some participants believed that considerable labor market slack remained, especially when indicators other than the unemployment rate were taken into account, including the unusually large fraction of the labor force working part time for economic reasons.",0,dovish,dovish
"Most participants remarked that the standard of ""substantial further progress"" had been met with regard to the Committee's price-stability goal or that it was likely to be met soon.",1,hawkish,hawkish
"Recent data, supported by anecdotal reports from several though not all parts of the country, suggested that residential building activity was slowing somewhat, apparently in lagged response to earlier increases in mortgage interest rates.",1,hawkish,neutral
"The staff's June projections for the unemployment rate, real GDP growth, and inflation over the next few years were all a little lower, on balance, than those in its March forecast.",2,neutral,neutral
"The Committee reiterated, however, that purchases were not on a preset course, and that its decisions about the pace of purchases would remain contingent on its outlook for the labor market and inflation as well as its assessment of the likely efficacy and costs of such purchases.",2,neutral,neutral
"Nonetheless, considerable uncertainty surrounded expectations of rising inflation.",2,neutral,neutral
The unemployment rate fell to 5.,1,hawkish,neutral
"Consistent with the Committee's decision to leave the target range for the federal funds rate unchanged, the Board of Governors voted unanimously to leave the interest rates on required and excess reserve balances at 0.",2,neutral,neutral
Longer-term inflation expectations have remained stable.,2,neutral,neutral
"In contrast, some other participants judged that the economy had not yet reached maximum employment.",0,dovish,dovish
"How long the favorable factors that continued to stimulate substantial growth in consumer expenditures would persist was uncertain, notably with regard to the outlook for stock market prices and their effects on consumer resources and willingness to spend.",2,neutral,neutral
"While the absence of increasing price inflation was a welcome development, members were concerned that the break with historical patterns might not persist.",1,hawkish,neutral
Sub-par expansion over the next few quarters was expected to foster an appreciable further easing of pressures on resources and some moderation in core consumer price inflation.,0,dovish,dovish
The downside risks from the possibility that longer-term inflation expectations may have edged down or that the dollar could appreciate substantially were seen as roughly counterbalanced by the upside risk that inflation could increase more than expected in an economy that was projected to continue operating above its longer-run potential.,2,neutral,neutral
"The staff viewed the extent of uncertainty around its March projections for real GDP growth, the unemployment rate, and inflation as similar to the average over the past 20 years.",2,neutral,neutral
"In their discussion of monetary policy for the period ahead, members agreed that it would be appropriate to maintain the existing highly accommodative stance of monetary policy.",0,dovish,dovish
"Consumer price inflation remained subdued in November, with both the overall index and the index excluding food and energy items rising at the same relatively low rates as in October.",0,dovish,neutral
"A few participants pointed to continued strong growth in multifamily construction, although the limited pipeline of new projects in one District suggested that activity could slow in 2015.",2,neutral,neutral
"Moreover, anecdotal evidence suggested that most firms had little ability to raise their prices in the current economic environment.",1,hawkish,dovish
"The recent decline in the dollar was another factor that could add to inflation pressures, although the effect of prior changes in the foreign exchange value of the dollar on core consumer prices had apparently been limited.",1,hawkish,neutral
"However, other measures of labor utilization--including the labor force participation rate and the numbers of discouraged workers and those working part time for economic reasons--suggested more modest improvement, and other indicators of labor demand, such as rates of hiring and quits, remained low.",2,neutral,neutral
"Those factors included the increasing spread of the coronavirus in the United States since mid-June; the reactions of many states and localities in slowing or scaling back the reopening of their economies, especially for businesses, such as restaurants and bars, providing services that entail personal interactions; and some high-frequency indicators that pointed to a deceleration in economic activity.",0,dovish,neutral
"Market-based measures of inflation compensation continued to indicate expectations that inflation would decline notably in coming quarters, and measures of medium-term inflation compensation fell over the intermeeting period.",2,neutral,dovish
"The Committee also anticipates that inflation will settle, over coming quarters, at levels at or below those consistent with the Committee's dual mandate.",2,neutral,neutral
Participants judged that it would be appropriate to move the stance of monetary policy toward a neutral posture expeditiously.,2,neutral,neutral
"Economic activity expanded in the second quarter, partly reflecting growth in consumer spending and exports.",1,hawkish,neutral
"Nonfarm payroll employment increased sharply further in January and February, and the civilian unemployment rate, at 4.",1,hawkish,neutral
"In the end, they concurred that the statement should note that economic growth had rebounded in the current quarter but that it appeared likely to moderate to a more sustainable pace in coming quarters.",2,neutral,neutral
"As a result, most market interest rates rose somewhat in the period after the November 16 meeting.",1,hawkish,hawkish
"While a number of members saw some slight further disinflation as the most plausible outcome, no one expected a material change in inflation.",2,neutral,neutral
"Near-term risks to the economic outlook appear roughly balanced, but the Committee is monitoring inflation developments closely.",2,neutral,neutral
"However, it was noted that slower growth in productivity might have become the norm.",2,neutral,neutral
"Participants also noted that unemployment insurance claims continued to run at a historically elevated level, but the proportion of laid-off workers who expected to be recalled was unusually large.",0,dovish,neutral
Households' longer-term inflation expectations also edged up in both November and December.,1,hawkish,neutral
"The staff still expected that the pace of economic activity through 2011 would be sufficient to reduce the existing margins of economic slack, although the anticipated decline in the unemployment rate was somewhat slower than in the previous projection.",0,dovish,neutral
"They remarked that a stronger dollar, weaker demand, and lower oil prices were factors likely to put downward pressure on inflation in the period ahead and observed that this meant that the return of inflation to the Committee's 2 percent longer-run objective would likely be further delayed.",0,dovish,dovish
"In their comments about the external sector of the economy, members referred to indications of strengthening economic activity abroad that in conjunction with a weaker dollar was fostering some improvement in exports.",2,neutral,neutral
"Members generally agreed that, in light of some weaker-than-expected readings on measures of labor market conditions and in the absence of greater confidence about the inflation outlook, it would be prudent to wait for additional information bearing on the medium-term outlook before initiating the process of policy normalization.",2,neutral,dovish
"These included a decline in the cost of business capital, a recent rise in orders and backlogs of nondefense capital goods, persisting gains in productivity that undoubtedly pointed to growing profit opportunities, progress in strengthening business balance sheets, and reduced capital overhangs.",1,hawkish,neutral
"In contrast, the dollar appreciated against the AFE currencies, reflecting continued divergence in monetary policy expectations for the United States and AFEs as well as political uncertainty in Europe.",0,dovish,neutral
"Treasury bond yields declined somewhat, perhaps reflecting both expectations of lower policy rates and greater investor demands for safety.",0,dovish,dovish
"Inflation rose further in most foreign economies, reflecting a reversal of price declines seen in the spring of 2020, higher energy and commodity prices, and supply bottlenecks.",1,hawkish,neutral
Some members expressed concern about the longer-run prospects for large federal deficits and their implications for the future performance of the economy.,0,dovish,neutral
"Both total and core inflation were projected to move up slightly next year, as the low readings early this year were expected to be transitory, but nevertheless to continue to run below 2 percent.",0,dovish,neutral
"Market-based measures of inflation compensation remained low; most survey-based measures of longer-term inflation expectations were little changed, on balance, in recent months.",0,dovish,neutral
"Also, in the view of a number of participants, the economy was possibly producing in the neighborhood of its potential, and the persistent strength in spending of late suggested that resource markets could tighten further and inflation pressures build.",1,hawkish,hawkish
"On the one hand, an inverted yield curve could indicate an increased risk of recession; on the other hand, the low level of term premiums in recent years--reflecting, in part, central bank asset purchases--could temper the reliability of the slope of the yield curve as an indicator of future economic activity.",0,dovish,neutral
The pace of job gains slowed and the unemployment rate held steady.,2,neutral,neutral
"One participant, however, objected that purchases of MBS, when compared to purchases of longer-term Treasury securities, would likely result in higher interest rates for many borrowers in other sectors.",1,hawkish,neutral
"In any case, however, the assessment of the adverse effects of the increase in longer-term rates on financial conditions and ultimately on economic activity would depend importantly upon the extent to which rates stabilized at current levels or instead continued to rise.",2,neutral,neutral
"The recent depreciation of the dollar, while perhaps putting some upward pressure on prices, would damp the deterioration in net U. S. exports.",1,hawkish,neutral
"After deteriorating further early in the period, foreign equity prices bounced back and credit spreads on emerging market bonds narrowed, in both cases returning to December levels in most countries.",2,neutral,neutral
"In Latin America, indicators suggested that economic activity in Mexico and Brazil expanded further in the first quarter.",2,neutral,neutral
"For a variety of reasons, oil prices already had risen appreciably since the start of the year.",1,hawkish,neutral
"A couple of participants noted that uncertainties concerning both the level of, and the source of shifts in, potential output made it difficult to base decisions about monetary policy on real-time measures of the output gap.",2,neutral,neutral
"Moreover, the recent relatively low monthly readings on core inflation and modest wage pressures, at least by some measures, suggested that some slack remained in resource utilization.",0,dovish,dovish
"Labor markets appeared to be stabilizing as private nonfarm payrolls grew in September for the first time since January, and employment losses in July and August turned out to be smaller than data initially had indicated.",2,neutral,neutral
"Participants marked up their inflation projections, as they assessed that supply constraints in product and labor markets were larger and likely to be longer lasting than previously anticipated.",1,hawkish,hawkish
"The recent rebound in oil prices contributed to a strong appreciation of the Canadian dollar, the Brazilian real, and the Mexican peso.",1,hawkish,neutral
"It was generally agreed that developments relating to energy would continue to exert upward pressure on prices over the near term, including the passthrough or indirect effects of higher oil prices on core measures of inflation.",1,hawkish,neutral
The effect of higher energy prices on real incomes was likely still restraining consumer spending.,2,neutral,neutral
"With regard to the outlook for inflation, members referred to widespread indications of increasingly tight labor markets and to statistical and anecdotal reports of faster increases in labor compensation.",1,hawkish,hawkish
"Major stock price indexes were up a bit over the intermeeting period, as positive first-quarter earnings reports more than offset the negative effects of higher energy prices and rising interest rates.",1,hawkish,neutral
Almost all participants reaffirmed the view that further gradual increases in the target range for the federal funds rate would likely be consistent with sustaining the Committee's objectives of maximum employment and price stability.,1,hawkish,hawkish
"In their discussion of inflation developments, participants noted that readings on overall and core PCE inflation, measured on a 12-month change basis, had continued to run below the Committee's symmetric 2 percent objective.",0,dovish,dovish
"The Federal Reserve Bank of New York was authorized and directed, until instructed otherwise by the Committee, to execute transactions in the System Account in accordance with the following domestic policy directive: The information reviewed at this meeting suggests that the expansion in economic activity has slowed considerably after a very rapid advance in the first quarter.",0,dovish,neutral
A few participants commented that both survey- and market-based measures of short-term inflation expectations were at historically high levels.,1,hawkish,hawkish
"Regarding the economic outlook, most participants agreed that economic growth was likely to remain moderate over coming quarters and then pick up gradually.",2,neutral,neutral
"M2 growth picked up appreciably during December and January, evidently reflecting extra demands for liquidity and safety during the century-date-change period.",0,dovish,neutral
"Increase the System Open Market Account holdings of Treasury securities, agency mortgage-backed securities (MBS), and agency commercial mortgage-backed securities (CMBS) at least at the current pace to sustain smooth functioning of markets for these securities, thereby fostering effective transmission of monetary policy to broader financial conditions.",0,dovish,dovish
"” The vote encompassed approval of the text below for inclusion in the statement to be released at 2:15 p. m. : “In these circumstances, the Committee’s predominant policy concern remains the risk that inflation will fail to moderate as expected.",1,hawkish,hawkish
"Participants expected that, with further gradual increases in the federal funds rate, economic activity would expand at a solid rate during the remainder of this year and a moderate pace in the medium term, and that labor market conditions would remain strong.",1,hawkish,hawkish
"The explanations included a decline in inflation risk premiums, possibly reflecting a lower perceived probability of higher inflation outcomes; and special factors, including liquidity risk premiums, that might be influencing the pricing of Treasury Inflation-Protected Securities and inflation derivatives.",2,neutral,neutral
"Participants continued to expect that, as the effects of transitory factors waned and labor market conditions strengthened further, inflation would stabilize around the Committee's 2 percent objective over the medium term.",2,neutral,neutral
"Although single-family housing starts had come down substantially from their peak, the drop had lagged the decline in demand, and as a result, inventories of new homes had risen considerably.",0,dovish,neutral
"Some saw a risk that inflationary pressures might develop more rapidly than currently anticipated as resource utilization tightened, while several others thought that progress in achieving the Committee's inflation objective might lag if further appreciation of the dollar continued to depress non-energy commodity prices or if inflation was slow to respond to tighter resource utilization.",2,neutral,hawkish
"Mortgage credit conditions generally remained tight over the intermeeting period, though signs of easing continued to emerge amid further gains in house prices.",2,neutral,neutral
"Total nonfarm payroll employment rose solidly in July and August, with strong gains in private-sector jobs and declines in government employment.",2,neutral,neutral
Reserve market conditions associated with this directive had been expected to be consistent with some moderation in the growth of M2 and M3 over coming months.,2,neutral,hawkish
"In the circumstances, most members endorsed a proposal to delete as no longer necessary the previous summary statement relating to the risks to growth and inflation taken together.",2,neutral,neutral
Some participants judged that a less accommodative future stance of policy would likely be warranted and that the Committee should convey a strong commitment to address elevated inflation pressures.,1,hawkish,hawkish
"A couple of participants pointed to the decline in credit spreads to relatively low levels by historical standards; one of these participants noted the risk of either a sharp rise in spreads, which could have negative repercussions for aggregate demand, or a continuation of the decline in spreads, which could undermine financial stability over time.",0,dovish,neutral
Risk sentiment abroad fluctuated over the intermeeting period as market participants weighed increasing coronavirus cases in a number of countries against improving economic data releases and ongoing fiscal and monetary policy support.,2,neutral,neutral
"Even so, in the absence of major overhangs in inventories of business equipment and consumer durables, and given favorable conditions in financial markets, members believed that a resumption of moderate, sustainable growth after a relatively brief period of weakness was the most likely outlook for the economy.",2,neutral,neutral
"In keeping with the practice at meetings when the Committee establishes its long-run ranges for growth of the money and debt aggregates, the members of the Committee and the Federal Reserve Bank presidents not currently serving as members had prepared individual projections of economic activity, the rate of unemployment, and inflation for the year 1996.",2,neutral,neutral
"With regard to the federal sector, spending related to last year’s hurricanes appeared likely to abate, and federal expenditures overall would probably be providing less impetus to aggregate demand going forward.",0,dovish,neutral
"Several participants expressed the view that a decision regarding the long-run composition of the portfolio would not need to be made for some time, and a couple of participants highlighted the importance of making such a decision in the context of the ongoing review of the Federal Reserve's monetary policy strategies, tools, and communications practices.",2,neutral,neutral
"A couple of participants thought it premature to focus on this latter eventuality, observing that the purchase program had been effective and that more time was needed to assess the outlook for the labor market and inflation; moreover, international comparisons suggested that the Federal Reserve's balance sheet retained ample capacity relative to the scale of the U. S. economy.",2,neutral,dovish
"Committee Policy Action In their discussion of monetary policy for this meeting, members agreed that the coronavirus outbreak was causing tremendous human and economic hardship across the United States and around the world.",0,dovish,neutral
"As reflected in their SEP projections, participants regarded the current stance of monetary policy as likely to remain appropriate for a time as long as incoming information about the economy remained broadly consistent with the economic outlook.",2,neutral,neutral
"Nonetheless, participants noted a risk that the drop-back in inflation could be slower or more limited than the Committee would find desirable since resource utilization was currently tight and the pickup in price increases had been broadly based rather than being limited to a few specific sectors that could be linked to energy costs.",1,hawkish,hawkish
"In the Committee’s discussion of monetary policy for the intermeeting period, nearly all members favored keeping the target federal funds rate at 5-1/4 percent at this meeting.",2,neutral,neutral
The increase over the last few months in five-year measures of inflation compensation derived from Treasury nominal and inflation-indexed securities might be a warning sign that expectations were not as well anchored as they had been over the summer.,1,hawkish,hawkish
"If the outlook for the labor market does not improve substantially, the Committee will continue its purchases of Treasury and agency mortgage-backed securities, and employ its other policy tools as appropriate, until such improvement is achieved in a context of price stability.",0,dovish,dovish
Weaker demand and significantly lower oil prices were holding down consumer price inflation.,0,dovish,neutral
"A number of global factors were seen as contributing to downward pressure on term premiums, including central bank asset purchase programs and the strong worldwide demand for safe assets.",1,hawkish,dovish
"The nominal deficit on U. S. trade in goods and services widened substantially in July, reflecting both a decline in exports and a rise in imports.",1,hawkish,neutral
"The behavior of the monetary aggregates will continue to be evaluated in the light of progress toward price level stability, movements in their velocities, and developments in the economy and financial markets.",2,neutral,neutral
"In the context of this discussion, many participants commented that their view of potential output growth was somewhat more optimistic than that of the staff.",1,hawkish,neutral
One participant suggested that the economic projections would be more understandable if they were based on a common interest rate path.,2,neutral,neutral
The threat to global economic growth and financial stability posed by the fiscal situation in some European nations sparked widespread flight-to-quality flows over most of the intermeeting period.,2,neutral,neutral
"Moreover, not all measures of core inflation had accelerated; in particular, core PCE price inflation had been quite stable on a twelve-month basis for some time.",1,hawkish,neutral
"M2 growth dropped in the second quarter and remained modest in July, consistent with moderating growth of nominal income and rising opportunity cost.",1,hawkish,neutral
The slowdown would reflect factors that were expected to damp the growth of overall business investment spending and a greater saturation of potential computer markets that might lead to more emphasis on replacement demand rather than the further expansion of capacity.,0,dovish,neutral
A few observed that the combination of recent labor market improvements and continued softness in inflation had led them to lower their estimates of the longer-run normal rate of unemployment.,2,neutral,dovish
The weakness in commodity prices and the appreciation of the dollar also continued to weigh on activity in the energy and agricultural sectors.,0,dovish,neutral
"The stance of monetary policy remains accommodative, thereby supporting some further strengthening in labor market conditions and a sustained return to 2 percent inflation.",0,dovish,dovish
"Notwithstanding these developments, some participants cautioned that progress toward the Committee's inflation objective should not be overstated; they noted that inflation had been persistently below 2 percent during the current economic expansion and that core inflation on a 12-month basis was little changed in recent months at a level below 2 percent.",0,dovish,dovish
"The slower growth of final spending resulted in inventory overhangs in a number of industries, most notably those related to the motor vehicle sector.",2,neutral,neutral
"In contrast, a few participants cautioned that, despite increases in market-based measures of inflation compensation in recent months and the stabilization of some survey measures of inflation expectations, the levels of these indicators remained too low to be consistent with the Committee's 2 percent inflation objective.",0,dovish,dovish
Business contacts in a few Districts reported that they had begun to have some more ability to raise prices to cover higher input costs.,1,hawkish,hawkish
"Broad stock price indexes rose, on net, over the intermeeting period, boosted in part by favorable earnings reports from the retail sector.",2,neutral,neutral
"In addition, some policymakers observed that the timing and magnitude of future policy adjustments would ultimately be determined by the Committee's interpretation of the incoming data on the economy and prices rather than by its current expectation of those developments.",2,neutral,neutral
"The vote also encompassed approval of the sentence below for inclusion in the press statement to be released shortly after the meeting: Against the background of its long-run goals of price stability and sustainable economic growth and of the information currently available, the Committee believes that the risks are weighted mainly toward conditions that may generate heightened inflation pressures in the foreseeable future.",1,hawkish,hawkish
Participants also generally agreed that the recent data had not led them to significantly change their outlooks for the most likely rates of economic growth and inflation in coming quarters.,2,neutral,neutral
A widespread view that the Federal Reserve would take whatever steps were needed to hold down inflation over time probably had contributed to the persistence of subdued long-run inflation expectations during an extended period when rapidly rising demand was pressing on limited supply resources.,2,neutral,hawkish
"Incoming data suggested that, after a weak start to the year, foreign economic activity accelerated in the second quarter.",2,neutral,neutral
"Although productivity growth had slowed from the extraordinarily rapid pace that prevailed earlier in the expansion, data for the fourth quarter of 2004, as well as preliminary indications for the first quarter of this year, suggested that gains from efficiency remained substantial.",2,neutral,neutral
"Job gains had been robust in recent months, and the unemployment rate had declined substantially.",1,hawkish,neutral
"Most believed that downside risks to economic growth had diminished somewhat since the April meeting, but were still significant.",0,dovish,neutral
"Nonetheless, all but one of the members believed that in light of the uncertainties about the economic outlook, an immediate policy tightening was not needed in the absence of firmer indications that inflationary pressures might be emerging.",1,hawkish,dovish
"Although the initial offerings of these securities were well received, investor demand at the most recent sales was not as strong, a development consistent with the declines in the prices of non-agency residential mortgage-backed securities over the intermeeting period.",1,hawkish,neutral
"With energy prices having turned down, overall consumer price inflation had eased slightly in recent months, while core measures of consumer prices showed mixed changes on a twelve-month basis.",2,neutral,neutral
"A few participants expressed less confidence in this outlook for inflation and commented that inflation had averaged less than 2 percent over the past several years even as resource utilization had increased, or pointed to downward pressures from global or technology-related factors that could continue to suppress inflation.",0,dovish,dovish
"However, some participants indicated that underlying inflation remained subdued; that longer-term inflation expectations were likely to remain anchored, partly because modest changes in labor costs would constrain inflation trends; and that given the downside risks to economic growth, an early exit could unnecessarily damp the ongoing economic recovery.",0,dovish,dovish
"The producer price index for core intermediate materials dropped for a fifth month in February, reflecting, in part, weaker global demand and steep declines in the prices of a wide variety of energy-intensive goods, such as chemicals and plastics.",0,dovish,neutral
"In addition, the Committee reaffirmed its intention to keep the target federal funds rate at 0 to 1/4 percent and retained its forward guidance that it anticipates that this exceptionally low range for the federal funds rate will be appropriate at least as long as the unemployment rate remains above 6-1/2 percent, inflation between one and two years ahead is projected to be no more than a half percentage point above the Committee's 2 percent longer-run goal, and longer-term inflation expectations continue to be well anchored.",0,dovish,dovish
The recent information on inflation was seen as disappointing.,2,neutral,neutral
"The fundamentals underlying capital spending continued to be supportive, as business sector output expanded briskly, firms remained flush with funds, and relative price declines for high-tech equipment continued to push down its user cost.",1,hawkish,neutral
Homebuilding was forecast to decline somewhat but to stabilize at a relatively high level in the context of continued income growth and the generally favorable cash-flow affordability of home ownership.,2,neutral,neutral
"These participants stated that, in such circumstances, a major challenge facing policymakers—especially in the presence of the effective lower bound on the federal funds rate—was to maintain a policy stance sufficiently accommodative to keep average inflation at 2 percent and thereby bolster the credibility of the Committee's new policy framework, facilitating the achievement of both maximum employment and price stability.",0,dovish,dovish
An anticipated sharp slowdown in the pace of inventory accumulation also would damp domestic production as the growth of stocks was brought into balance with the expected more moderate trajectory of final sales.,2,neutral,neutral
"In considering the effectiveness of the operating regime, the staff observed that over recent years, the Federal Reserve had been able to implement monetary policy in an environment with ample reserves by adjusting administered rates--including the rates on required and excess reserve balances and the offered rate at the overnight reverse repurchase agreement facility--without needing to actively manage the supply of reserves.",2,neutral,neutral
"The Committee also noted that output had continued to expand at a solid pace, new hiring had appeared to pick up, and although incoming data on inflation showed that it had moved somewhat higher, longer-term inflation expectations had remained well contained.",1,hawkish,neutral
"With underlying inflation expected to be relatively low, the Committee believes that policy accommodation can be removed at a pace that is likely to be measured.",1,hawkish,hawkish
Setting the interest rate paid on required and excess reserve balances 15 basis points below the top of the target range for the federal funds rate was intended to foster trading in the federal funds market at rates well within the FOMC's target range.,2,neutral,neutral
Members noted that they expected to maintain this target range until they were confident that the economy had weathered recent events and was on track to achieve the Committee's maximum employment and price stability goals.,2,neutral,neutral
"With the risks to the forecast for economic activity tilted to the downside, the risks to the inflation projection were also viewed as having a downward skew.",0,dovish,dovish
"In several Districts, reports from business contacts or evidence from surveys pointed to some difficulty in finding qualified workers; in some cases, labor shortages were making it hard to fill customer demand or expand business.",2,neutral,neutral
"With energy price increases expected to slow next year, total PCE inflation was seen as likely to fall back in line with core inflation by the end of 2011, as in previous projections.",2,neutral,neutral
"The ongoing public health crisis will weigh heavily on economic activity, employment, and inflation in the near term, and poses considerable risks to the economic outlook over the medium term.",0,dovish,neutral
The information reviewed at this meeting indicated that economic activity had turned up in the final quarter of last year and strengthened further since then.,1,hawkish,neutral
"Broad stock price indexes rose, on net, over the intermeeting period, as investors responded to strong second-quarter earnings reports and indications that the economy may be stabilizing.",2,neutral,neutral
"Most Committee members, while acknowledging the deficiencies of structural models, viewed them as useful in their efforts to understand how the inflation process was changing and also as input to inflation forecasts.",2,neutral,neutral
The unemployment rate ticked down to 5.,1,hawkish,neutral
"In their discussion of considerations related to asset purchases, various participants noted that these purchases were an important part of the monetary policy toolkit and a critical aspect of the Federal Reserve's response to the economic effects of the pandemic, supporting smooth financial market functioning and accommodative financial conditions, which aided the flow of credit to households and businesses and supported the recovery.",0,dovish,dovish
"However, other participants observed that measures of longer-term inflation compensation derived from financial instruments had remained stable of late, and that survey-based measures of longer-term inflation expectations also had not changed appreciably, on net, in recent months.",2,neutral,neutral
"The risks to the forecast for real GDP were seen as tilted to the downside, reflecting the staff's assessment that neither monetary nor fiscal policy was well positioned to help the economy withstand substantial adverse shocks; the downside risks to the forecast of economic activity were seen as more pronounced than in December, mainly reflecting the greater uncertainty about global economic prospects and the financial market turbulence in the United States and abroad.",0,dovish,neutral
Risks to the inflation projection also were seen as balanced.,2,neutral,neutral
Many indicated that they expected cyclical pressures associated with a tightening labor market to show through to higher inflation over the medium term.,1,hawkish,hawkish
"Some members nonetheless referred to indications of increasing expenditures for various categories of high-tech equipment and software, and they noted that impetus to demand from a positive outcome in the war against Iraq should have a favorable effect on business capital spending, especially if it were accompanied by a rally in the stock market.",2,neutral,dovish
"Recent data on consumer prices and unit labor costs led the staff to revise down slightly its projection for core PCE price inflation for 2010 and 2011; as before, core inflation was projected to be quite subdued at rates below last year's pace.",0,dovish,neutral
The associated range for growth of total domestic nonfinancial sector debt was provisionally set at 3 to 7 percent for 1999.,2,neutral,neutral
"The Committee currently anticipates that, even after employment and inflation are near mandate-consistent levels, economic conditions may, for some time, warrant keeping the target federal funds rate below levels the Committee views as normal in the longer run. """,0,dovish,dovish
"Real yields increased more than their nominal counterparts, while inflation compensation implied by Treasury Inflation-Protected Securities declined.",2,neutral,neutral
This evaluation assumed continued sluggish growth in final demand during the period immediately ahead.,2,neutral,dovish
"While numerous contacts reported generally disappointing holiday sales in an environment of atypically large and widespread discounting, a surge in motor vehicle sales in December fostered by aggressive sales incentives and some pickup in retail sales late in the holiday season helped to sustain moderate overall growth in consumer spending through the year-end.",2,neutral,neutral
"In addition, contacts reported that softer export sales, weaker economic activity abroad, and elevated levels of uncertainty regarding the global outlook were weighing on business sentiment and leading firms to reassess plans for investment spending.",0,dovish,neutral
The external sector was projected to continue to support domestic economic activity throughout the forecast period.,2,neutral,neutral
"The unemployment rate was unchanged over the period between the April and June meetings, but payroll employment posted solid gains, and, on balance, a range of labor market indicators suggested that underutilization of labor resources diminished somewhat.",1,hawkish,neutral
The U. S. international trade deficit declined somewhat in May after reaching a record high in April.,2,neutral,neutral
"The Committee expects these effects to be transitory, but it will pay close attention to the evolution of inflation and inflation expectations.",2,neutral,neutral
"Broad U. S. stock price indexes declined, on net, over the intermeeting period, apparently in response to the downbeat economic data.",0,dovish,neutral
"In general, financial markets were viewed as well positioned to support more vigorous expansion in economic activity.",0,dovish,dovish
"On balance, core consumer price inflation was projected to remain subdued and quite possibly edge lower.",0,dovish,neutral
"The behavior of the monetary aggregates will continue to be evaluated in the light of progress toward price level stability, movements in their velocities, and developments in the economy and financial markets.",2,neutral,neutral
The nominal deficit on U. S. trade in goods and services widened substantially in the second quarter.,1,hawkish,neutral
"Nonetheless, with the unemployment rate anticipated to increase somewhat during the remainder of 2009 and to decline only gradually in 2010, the staff still expected core PCE inflation to slow substantially over the forecast period; the very low readings on hourly compensation lately suggested that such a process might already be in train.",0,dovish,dovish
"While participants generally felt that the pace of underlying productivity growth remained robust, careful attention would need to be paid to developments regarding unit labor costs and profit margins.",2,neutral,neutral
"However, some others emphasized that deferring the decision until later in the year would permit additional time to assess the outlook for economic activity and inflation.",2,neutral,neutral
"Auctions of GSE debt following the conservatorship announcement reportedly attracted heavy demand, but market participants indicated that liquidity in the secondary market for GSE debt remained somewhat lower than normal.",2,neutral,neutral
"In these circumstances, the Committee believed that some further measured policy firming was likely to be needed to keep the risks to the attainment of both sustainable economic growth and price stability roughly in balance.",1,hawkish,hawkish
"The staff expected the 12-month change in PCE prices to gradually move down in coming months, reflecting, importantly, the fading of base effects along with smaller expected monthly price increases, but PCE price inflation was forecast to still be well above 2 percent at the end of this year.",2,neutral,neutral
An upside risk was that inflation could increase more than expected in an economy that was projected to move further above its potential.,1,hawkish,hawkish
"The U. S. international trade deficit narrowed in May, as a large increase in exports of goods and services more than offset a moderate increase in imports.",0,dovish,neutral
"In their consideration of the appropriate stance of monetary policy, participants concurred that the labor market was very tight and that inflation was far above the Committee's 2 percent inflation objective.",1,hawkish,hawkish
"Most participants remarked that the standard of ""substantial further progress"" had been met with regard to the Committee's price-stability goal or that it was likely to be met soon.",1,hawkish,hawkish
"Moreover, the expected strength in aggregate demand would curb the extent of disinflation over time.",2,neutral,neutral
"Participants noted that the timing of the resumption of growth in the U. S. economy depended on the containment measures put in place, as well as the success of those measures, and on the responses of other policies, including fiscal policy.",2,neutral,neutral
"Moreover, it was difficult to anticipate how much the higher food and energy prices might affect inflation expectations and wage demands and thereby potentially become embedded more generally in the price structure.",1,hawkish,hawkish
"Participants generally expected that, over the medium term, real economic activity would increase at a pace sufficient to lead to a further gradual decline in the unemployment rate toward levels consistent with the Committee's objective of maximum employment.",1,hawkish,dovish
"However, reports from business contacts in several Districts indicated that employers in labor markets in which demand was high or in which workers in some occupations were in short supply were raising wages noticeably to compete for workers and limit turnover.",1,hawkish,hawkish
Participants anticipated that inflation would continue to gradually rise as resource utilization tightened further and as wage pressures became more apparent; several expected that declines in the foreign exchange value of the dollar in recent months would also likely help return inflation to 2 percent over the medium term.,1,hawkish,neutral
"Low readings on overall and core consumer price inflation in recent months, as well as the weakened economic outlook, kept near-term inflation expectations reported in surveys well below their high levels in mid-2008.",0,dovish,dovish
"In those Districts in which activity had been adversely affected by the drop in energy prices, drilling activity was either contracting less rapidly or was stabilizing.",0,dovish,neutral
"The December employment report showed that job growth had slowed appreciably, and other indicators also pointed to emerging weakness in the labor market in the intermeeting period.",0,dovish,dovish
"As a result, growth of spending on consumer durables was expected to be appreciably below the rapid pace in the first half of last year, and housing demand would increase only a little from its recent level.",2,neutral,neutral
"In the Committee's discussion of monetary policy for the intermeeting period, nearly all members favored keeping the target federal funds rate at 5-1/4 percent at this meeting.",2,neutral,neutral
"They noted that economic activity and employment had continued to recover but remained well below their levels at the beginning of the year, and that weaker demand and earlier declines in oil prices had been holding down consumer price inflation.",0,dovish,dovish
"In these circumstances, a pause seemed desirable to monitor the still-incomplete effects of the Committee's easing over the past year--a significant part of which had been implemented in recent months--and the contours of the turnaround in economic activity.",0,dovish,neutral
"If the outlook for the labor market does not improve substantially, the Committee will continue its purchases of agency mortgage-backed securities, undertake additional asset purchases, and employ its other policy tools as appropriate until such improvement is achieved in a context of price stability.",0,dovish,dovish
The staff viewed the uncertainty around the forecast for economic activity as similar to its normal level over the past 20 years.,2,neutral,neutral
"In the household sector, the rise in home mortgage debt likely slowed a bit further in the first quarter, as home-price appreciation appeared to have remained sluggish.",2,neutral,neutral
"Recent data suggested that growth of household spending had picked up, while business fixed investment had continued to grow strongly.",1,hawkish,neutral
"In their discussion of developments in asset markets, the participants' comments focused on two related issues: the low level of long-term interest rates and the continued run-up in home prices.",1,hawkish,neutral
"However, with monetary policy assumed to remain highly accommodative, the staff continued to anticipate that real GDP growth would outpace that of potential over much of this period, leading to a decline in the unemployment rate to historically low levels.",0,dovish,dovish
"While bank lending continues to contract, financial market conditions remain supportive of economic growth.",2,neutral,neutral
"In light of these significant policy actions, the risks to growth were now thought to be more closely balanced by the risks to inflation.",2,neutral,neutral
"Participants discussed several risks that, if realized, could necessitate a steeper path of increases in the target range; these risks included the possibility that inflation pressures could build unduly if output expanded well beyond its maximum sustainable level, perhaps owing to fiscal stimulus or accommodative financial market conditions.",1,hawkish,hawkish
The staff also reduced slightly its forecast of growth next year but continued to anticipate a moderate strengthening of the expansion in 2011 as well as a further pickup in economic growth in 2012.,1,hawkish,neutral
"Members referred, however, to a number of favorable factors that should continue to support at least moderate further growth in business investment, including the attractive pricing of and ongoing rapid technological improvements in computer and communications equipment and the wide availability of equity and debt financing on favorable terms to business firms.",2,neutral,neutral
"Construction employment posted another large increase, probably owing in part to hurricane-related activity.",2,neutral,neutral
"Participants' Views on Current Economic Conditions and the Economic Outlook In conjunction with this FOMC meeting, participants submitted their projections of the most likely outcomes for real GDP growth, the unemployment rate, and inflation for each year from 2021 through 2024 and over the longer run based on their individual assessments of appropriate monetary policy, including the path of the federal funds rate.",2,neutral,neutral
"With inflation running persistently below this longer-run goal, the Committee will aim to achieve inflation moderately above 2 percent for some time so that inflation averages 2 percent over time and longer-term inflation expectations remain well anchored at 2 percent.",2,neutral,dovish
"The considerable monetary ease already in place, the prospect of significantly more fiscal stimulus, the continuing strong gains in structural productivity, and the anticipated improvement in business confidence would provide significant impetus to spending.",2,neutral,dovish
"While participants viewed the downside risks to their forecasts of economic activity over the projection period as having diminished, their assessment of the most likely outcomes for economic activity and inflation over the projection period was not greatly changed.",2,neutral,neutral
"In particular, investors noted that the Committee attributed some of the recent increase in inflation to transitory factors, retained its earlier balance of risks assessment, and reiterated its belief that policy accommodation could be removed at a pace that would likely be measured.",1,hawkish,hawkish
"Several participants noted that the unseasonably warm weather of recent months added one more element of uncertainty to the interpretation of incoming data, and that this factor might account for a portion of the recent improvement in indicators of employment and housing.",2,neutral,neutral
"The System Open Market Account manager and the secretary will keep the Committee informed of ongoing developments regarding the System's balance sheet that could affect the attainment over time of the Committee's objectives of maximum employment and price stability. """,2,neutral,neutral
"However, if incoming information indicates faster progress toward the Committee's employment and inflation objectives than the Committee now expects, then increases in the target range for the federal funds rate are likely to occur sooner than currently anticipated.",1,hawkish,hawkish
"Taken together, these actions should maintain downward pressure on longer-term interest rates, support mortgage markets, and help to make broader financial conditions more accommodative.",0,dovish,dovish
"Though labor markets were expected to remain relatively tight for some time, the members saw little prospect that inflation would gather significant momentum in coming quarters.",2,neutral,neutral
"However, some areas that were affected by the slowdown in the energy sector experienced house price declines or increases in mortgage delinquency rates.",0,dovish,neutral
"At the same time, the staff viewed the risks around its outlook for the unemployment rate as roughly balanced.",2,neutral,neutral
"Most participants expected that, following the slowdown in the first quarter, real economic activity would resume expansion at a moderate pace, and that labor market conditions would improve further.",2,neutral,neutral
Members again mentioned concerns on the part of business contacts regarding the adverse economic implications of very large deficits for the economy over the longer term.,0,dovish,neutral
"In the United Kingdom, however, gilt yields declined and the pound weakened against the dollar in response to weaker-than-expected inflation data and to an upward revision by the Bank of England, at its early February policy meeting, of its assessment of the degree of slack in the labor market.",0,dovish,dovish
Many participants commented that measures of short-term inflation expectations were elevated or that far-forward measures of inflation compensation were near the upper edge of their historical range.,1,hawkish,hawkish
Most other interest rates in short-term markets were little changed over the period.,2,neutral,neutral
"Credit conditions in the commercial real estate (CRE) sector continued to ease, and growth in CRE loans at banks stayed solid.",1,hawkish,neutral
"1 The longer-run projections represent each participant's assessment of the rate to which each variable would be expected to converge, over time, under appropriate monetary policy and in the absence of further shocks to the economy.",2,neutral,neutral
"The longer-run projections represent each participant's assessment of the rate to which each variable would be expected to converge, over time, under appropriate monetary policy and in the absence of further shocks to the economy.",2,neutral,neutral
"Members saw the persistence of a relatively vigorous expansion in overall economic activity as a likely prospect in the context of continuing stimulus from fiscal and monetary policies, accommodative financial conditions, growing business optimism, favorable consumer sentiment, and robust increases in productivity.",0,dovish,dovish
"Moreover, broad equity price indexes had declined and borrowing costs for nonfinancial firms had increased, including a recent rise in corporate bond yields across most risk categories.",1,hawkish,neutral
"However, with the contraction in housing activity expected to abate this year, the pace of economic growth was anticipated to edge back up to a level that was close to the staff's estimate of potential output growth by the end of 2007 and to remain in that same range throughout 2008.",2,neutral,neutral
Mr. Broaddus dissented because he continued to believe that a modest tightening of policy would be prudent in light of the apparent persisting strength in aggregate demand for goods and services.,1,hawkish,hawkish
"However, the projected step-up in real GDP growth over the second half of this year was marked down a little, partly reflecting softer news on construction.",0,dovish,neutral
"However, equity prices subsequently retraced some of the earlier declines as concerns about trade policy seemed to ease and corporate earnings reports for the first quarter of 2018 generally came in stronger than expected.",2,neutral,neutral
"The recent decline in mortgage rates had sparked some refinancing and purchase activity, but the extent of the longer-term impact of lower rates on housing demand remained uncertain.",0,dovish,neutral
"While overall employment conditions, the buildup of household net worth, and access to financing would bolster consumer expendi- tures, members also cited a number of limiting factors.",2,neutral,neutral
"The foreign exchange value of the dollar, which depreciated immediately following the FOMC's November announcement of further asset purchases, subsequently appreciated amid intensifying concerns about stresses in the euro area and some apparent reassessment by investors of the monetary policy outlook in the United States.",0,dovish,neutral
The moderation reflected lower growth in most major expenditure sectors.,0,dovish,neutral
The Committee would be prepared to adjust the stance of monetary policy as appropriate if risks emerge that could impede the attainment of the Committee's goals.,2,neutral,neutral
Risks to the inflation projection also were seen as balanced.,2,neutral,neutral
"However, those concerns generally were seen as outweighed by the benefit of avoiding tying the Committee's decision too closely to the unemployment rate alone, while still being clear about the Committee's intention to provide the monetary accommodation needed to support a return to maximum employment and stable prices.",0,dovish,dovish
"Some restraint on aggregate demand would come from other sectors of the economy--notably government spending, net exports, housing, and perhaps business inventories.",2,neutral,neutral
The staff's forecast for inflation was little changed from the projection prepared for the previous FOMC meeting.,2,neutral,neutral
"The Committee's assessments will take into account a wide range of information, including readings on public health, labor market conditions, inflation pressures and inflation expectations, and financial and international developments. """,2,neutral,neutral
The invasion and related events were creating additional upward pressure on inflation and were likely to weigh on economic activity.,1,hawkish,hawkish
"Participants agreed to continue to explore ways to increase transparency and clarity in the Committee's policy communications, and they indicated a willingness to look into modifications to the SEP. At the end of the discussion, the Chairman asked the subcommittee on communications to explore potential approaches to providing more information about the Committee's collective judgment regarding the economic outlook and appropriate monetary policy through the SEP.",2,neutral,neutral
"A few members observed that, in their judgment, current and prospective economic conditions--including elevated unemployment and inflation at or below the Committee's objective--could warrant the initiation of additional securities purchases before long.",0,dovish,dovish
Those indicators were mixed regarding the pace of economic activity within the manufacturing sector.,2,neutral,neutral
"With longer-run inflation expectations assumed to remain stable, changes in commodity and import prices expected to be modest, and significant resource slack persisting over the forecast period, inflation was forecast to be subdued through 2015.",2,neutral,dovish
"Following these swings, inflation was expected to finish the year at just below 2 percent.",0,dovish,neutral
Most other market interest rates declined further on balance over the period in an atmosphere of greater volatility in financial markets.,0,dovish,neutral
"Job gains had been solid, on average, in recent months, and the unemployment rate had remained low.",1,hawkish,neutral
"A number of participants noted that continued high unemployment, particularly with large numbers of workers suffering very long spells of unemployment, would lead to an erosion of workers' skills that would have adverse consequences for those workers and for the economy's potential level of output in the longer term.",0,dovish,dovish
"Staff Economic Outlook In the forecast prepared for the March FOMC meeting, the staff's outlook for real economic activity was broadly similar to that at the time of the January meeting.",2,neutral,neutral
"Indeed, economic growth abroad was widely viewed as dependent to a significant extent on the performance of the U. S. economy.",2,neutral,neutral
"Participants' Views and Committee Policy ActionIn conjunction with this FOMC meeting, all meeting participants--the five members of the Board of Governors and the presidents of the 12 Federal Reserve Banks--provided projections for economic growth, the unemployment rate, and consumer price inflation for each year from 2009 through 2011 and over a longer horizon.",2,neutral,neutral
Equity prices in most foreign countries were up moderately since the January FOMC meeting.,2,neutral,neutral
A few participants particularly stressed the high uncertainty associated with the expected future path of the unemployment rate and commented that the unemployment rate could rise by considerably more than in the staff forecast.,0,dovish,neutral
Home prices continued to rise briskly.,1,hawkish,neutral
Market-based measures of inflation compensation have declined somewhat; survey-based measures of longer-term inflation expectations have remained stable.,0,dovish,neutral
"Members who preferred to retain an asymmetrical directive agreed that, although there was little likelihood of a further policy change during the intermeeting period, such a directive was the best way to convey their concerns about the risks of rising inflation and the potential need for policy tightening over time.",1,hawkish,hawkish
"With inventories lower, firms were beginning to raise production to meet at least a portion of increased demand, and this adjustment was expected to make an important contribution to economic recovery in the fourth quarter of the year and, to a lesser extent, in 2010 as well.",2,neutral,neutral
"M3 growth slowed less than that of M2 in November, in part because of stepped-up issuance of large time deposits as banks reduced their reliance on funding from overseas offices.",1,hawkish,neutral
The Committee decided to keep the target range for the federal funds rate at 0 to 1/4 percent and expects it will be appropriate to maintain this target range until labor market conditions have reached levels consistent with the Committee's assessments of maximum employment and inflation has risen to 2 percent and is on track to moderately exceed 2 percent for some time.,0,dovish,dovish
"However, most participants judged that inflation would stabilize around the Committee's 2 percent objective over the medium term.",2,neutral,neutral
The gains in employment over July and August were generally seen as larger than anticipated.,1,hawkish,neutral
"Several participants noted ongoing challenges in the agricultural sector, including those associated with increased trade uncertainty, weak export demand, and the effects of wet weather and severe flooding.",2,neutral,neutral
"Some participants suggested that the persistently high level of unemployment reflected the impact of structural factors, including mismatches between the skills of the unemployed and the skills demanded in sectors in which jobs were currently available.",2,neutral,neutral
"Consistent with the optimism driving stock prices, spreads of corporate bond yields over comparable-maturity Treasury yields narrowed markedly across the credit spectrum, most notably for debt securities of the lowest credit quality firms.",0,dovish,neutral
"Since the previous FOMC meeting, spreads on municipal bonds narrowed substantially, on net, moving near levels observed for several years before the pandemic, as investor demand exhibited some recovery over much of the period from earlier weak levels.",0,dovish,neutral
"That sentiment was apparently reinforced over the remainder of the period by the comments of several Federal Reserve officials and the release of the August employment report, which seemed to convey the view that the economy was emerging from its ""soft patch. """,2,neutral,neutral
"At the same time, the staff viewed the risks around its outlook for the unemployment rate as roughly balanced.",2,neutral,neutral
"Stock prices in the basic materials and industrial sectors underperformed the broader market, reportedly reflecting an increase in trade tensions with China.",2,neutral,neutral
"One participant suggested that excess liquidity might be leading to speculation in commodity markets, possibly putting upward pressure on prices.",1,hawkish,hawkish
"By 2009, the forecasts for both the headline and core PCE price indexes showed inflation receding from its 2008 level, in line with the previous forecasts.",2,neutral,neutral
"However, waiting was an acceptable alternative given the favorable economic news and the persisting uncertainties surrounding the relationship of output to prices.",2,neutral,neutral
"By the same token, the rate of price inflation was lower than had been reported, consistent with the findings of a number of studies of distortions in published price data.",2,neutral,neutral
"Most projected somewhat slower growth through next year, and a smaller reduction in unemployment, than they had projected in April.",0,dovish,dovish
Staff Economic Outlook The projection for U. S. economic activity prepared by the staff for the April–May FOMC meeting was revised up on net.,1,hawkish,neutral
"Participants discussed the open market operations that the Federal Reserve had undertaken since September to implement monetary policy, as well as forthcoming operational measures.",2,neutral,neutral
"While liquid deposits continued to grow slowly, heightened demand for safety and liquidity appeared to boost holdings of retail money market mutual funds.",1,hawkish,neutral
"Recent data suggested that growth of household spending had moderated from its strong fourth-quarter pace, while business fixed investment continued to grow strongly.",2,neutral,neutral
The staff viewed the extent of uncertainty around its June projections for real GDP growth and the unemployment rate as roughly in line with the average over the past 20 years.,2,neutral,neutral
"Consumer spending was projected to increase at a rate generally in line with the anticipated rise in disposable income; the favorable effects on household wealth of the advance that had occurred in stock prices and the ample availability of credit for most borrowers were expected to balance the damping effects of continuing consumer concerns about the adequacy of their savings, the security of their jobs, and the extent of their debt burdens.",2,neutral,neutral
A couple of participants remarked that the very low levels of inventories would likely be a factor supporting increases in production as demand continued to recover.,2,neutral,neutral
"Another participant mentioned, however, that recent sluggish growth of the monetary aggregates suggested that the stance of policy was not overly accommodative.",0,dovish,hawkish
"Indicators of longer-term inflation expectations are little changed, on balance.",2,neutral,neutral
"Moreover, substantial gains in productivity were muting the effects of rising labor compensation on unit costs, and vigorous competition in numerous markets was continuing to make it very difficult or impossible for business firms to raise their prices to cover rising costs or enhance profit margins.",1,hawkish,dovish
Participants commented that an increase in inflation from recent rates could have especially adverse effects on longer-run economic performance.,1,hawkish,hawkish
"In general, participants viewed recent consumer price developments as consistent with their expectation that inflation was on a trajectory to achieve the Committee's symmetric 2 percent objective on a sustained basis.",2,neutral,neutral
"Total nonfarm payroll employment increased at a solid pace in October and November, and the unemployment rate declined, reaching 4.",1,hawkish,neutral
"But the members generally were concerned that inflation might begin to rise over the intermediate term, especially if labor markets tightened further.",1,hawkish,hawkish
"Moreover, many members saw some risk that an easing move at this point might trigger a strong further advance in stock market prices that would not be justified on the basis of likely future earnings and could therefore lead to a relatively sharp and disruptive market adjustment later.",2,neutral,hawkish
Members agreed that they would continue to closely monitor inflation indicators and global economic and financial developments.,2,neutral,neutral
"Although members generally saw little risk that maintaining very low short-term interest rates could raise inflation expectations or create instability in asset markets, they noted that it was important to remain alert to these risks.",0,dovish,dovish
They noted that the economy had entered the new year with considerable momentum and very few indications that growth was moderating from what appeared to be an unsustainable rate.,1,hawkish,neutral
"In the emerging market economies (EMEs), a pickup in growth in China in the second quarter, supported by policy stimulus, appeared to be more than offset by slower growth in Latin America.",2,neutral,dovish
These arguments imply that slack in labor markets remains considerable and therefore that a reduction in the unemployment rate toward its longer-run normal level would not have much effect on inflation.,0,dovish,dovish
Measures of inflation compensation were little changed on net.,2,neutral,neutral
"At the conclusion of this discussion, the Committee voted to authorize and direct the Federal Reserve Bank of New York, until it was instructed otherwise, to execute transactions in the System Account in accordance with the following domestic policy directive: The information reviewed at this meeting suggests that the expansion in economic activity is still robust.",2,neutral,neutral
Both of these views would suggest a lower level of potential output and thus reduced scope for combating unemployment with additional monetary policy stimulus.,0,dovish,hawkish
The Federal Open Market Committee seeks monetary and financial conditions that will foster price stability and promote sustainable growth in output.,2,neutral,neutral
"Survey measures of expected future inflation were fairly stable, but some market-based measures of inflation expectations and inflation risk suggested continuing concern among market participants about the risk of higher medium-term inflation, perhaps reflecting large fiscal deficits and the size of the Federal Reserve's balance sheet.",1,hawkish,neutral
"In agriculture, depressed levels of crop prices and weak global demand continued to weaken farm income.",0,dovish,neutral
"Increases in the prices of energy, other commodities, and non-oil imports, as well as reports from some business contacts that higher costs were increasingly being passed through to prices, suggested that the downtrend in inflation had ended.",1,hawkish,hawkish
"In the context of this discussion, many participants commented that their view of potential output growth was somewhat more optimistic than that of the staff.",1,hawkish,neutral
"Demand-pull inflation pressures from emerging-market economies abroad appeared to be continuing, and anecdotal reports from business contacts suggested greater willingness domestically to pass rising costs through to prices.",1,hawkish,hawkish
"With regard to the consensus in favor of moving from an assessment of risks weighted toward rising inflation to one that was weighted toward economic weakness, with no intermediate issuance of a balanced risks assessment, some members observed that such a change was likely to be viewed as a relatively rapid shift by some observers.",0,dovish,dovish
"Moreover, the absence of significant growth in employment, should it persist, could at some point have significant adverse repercussions on consumer spending.",0,dovish,dovish
A key factor in this assessment continued to be their outlook for rapid further gains in structural productivity that would help to hold down increases in unit labor costs.,2,neutral,neutral
"These participants stated that, in such circumstances, a major challenge facing policymakers—especially in the presence of the effective lower bound on the federal funds rate—was to maintain a policy stance sufficiently accommodative to keep average inflation at 2 percent and thereby bolster the credibility of the Committee's new policy framework, facilitating the achievement of both maximum employment and price stability.",0,dovish,dovish
Such a directive would imply that any tightening should be implemented promptly if developments were perceived as pointing to rising inflation.,1,hawkish,hawkish
The average rate of growth of CRE loans at banks continued to be strong in October and November.,1,hawkish,neutral
"Although the unemployment rate has declined somewhat since the summer, it remains elevated.",0,dovish,dovish
"Looking ahead, the projected slowing in the growth of final sales, including the effects of weak export markets, likely would reinforce business efforts to bring the growth of their inventories into better alignment with that of their sales, and such a development should contribute to the projected slowing in overall economic activity in coming quarters.",0,dovish,neutral
"However, the increase in real GDP was projected to be sufficient to reduce slack in the labor market only slowly, and the unemployment rate was expected to remain elevated at the end of 2012.",2,neutral,neutral
"Against this background, the members agreed on the need to continue to monitor the economy with care for signs either of a potential upturn in inflation or greater softness in the expansion than they were currently forecasting and to be prepared to respond promptly in either direction.",2,neutral,neutral
"Nevertheless, a number of participants cited notable declines in survey measures of consumer confidence since the onset of financial turbulence in mid-summer, along with sharply higher oil prices, declines in house prices, and tighter underwriting standards for home equity loans and some types of consumer loans, as factors likely to restrain consumer spending going forward.",0,dovish,neutral
"However, investor demand for high-quality commercial mortgage-backed securities (CMBS) reportedly was robust, although issuance of CMBS remained muted.",1,hawkish,neutral
"To a considerable extent, however, any uptick in inflation expectations likely represented a reversal of anticipated declines in inflation earlier this year when economic prospects had seemed weaker and survey data did not confirm any increase in long-term inflation expectations.",2,neutral,neutral
"On balance, however, the members generally believed that prospective trends in overall economic activity and the persistence of strong competitive pressures in most markets, including the effects of foreign competition, were likely in the context of now firmly embedded expectations of low inflation to moderate any tendency for price inflation to accelerate over the year ahead.",2,neutral,neutral
"Core consumer price inflation continued to slow, and inflation expectations remained subdued over the closing months of 2003.",0,dovish,neutral
The Committee would be prepared to adjust the stance of monetary policy as appropriate if risks emerge that could impede the attainment of the Committee's goals.,2,neutral,neutral
"While accommodative financial conditions and reduced income tax rates should continue to undergird consumer spending and the data on retail sales for July displayed relatively impressive gains, negative wealth effects from falling stock market prices, declining payrolls, and sluggish income gains--should they persist--might well depress consumer expenditures over coming months.",0,dovish,dovish
"Financing conditions in capital markets remained broadly accommodative, supported by low interest rates and high equity valuations.",0,dovish,dovish
"These indicators suggested that the financial system was fairly resilient, as did the absence of a significant increase in funding stresses or margin calls earlier this year when prices of risky assets fell and volatility rose sharply.",2,neutral,neutral
"Nonetheless, with fiscal policy assumed to be tighter next year than this year, the staff anticipated that real GDP growth would not materially exceed increases in potential output in 2013.",2,neutral,neutral
"So far this year, payroll employment had expanded at a faster pace than last year and the unemployment rate had declined further, although it remained elevated.",2,neutral,neutral
"The weakness in labor market conditions remained an important concern to meeting participants, with unemployment expected to remain elevated for some time.",0,dovish,dovish
A number of participants stressed that recently enacted fiscal support would help address some of the hardships faced by these groups and that monetary policy would also help by promoting the economy's return to the Committee's goals of broad-based and inclusive maximum employment and price stability.,0,dovish,dovish
"Beyond 2017, the forecast for real GDP growth was little revised.",2,neutral,neutral
"The staff forecast for total PCE price inflation in 2018 was revised up slightly, mainly because of a faster-than-expected increase in consumer energy prices in the second half.",1,hawkish,neutral
"In July, the range for M3 had been raised by two percentage points to reflect developments that seemed to be fostering a return to the historical pattern of somewhat faster growth in M3 than in M2.",0,dovish,neutral
"A number of business contacts indicated that they were passing on at least a portion of these higher costs to their customers or that they planned to try to do so later this year; however, contacts were uncertain about the extent to which they could raise prices, given current market conditions and the cautious attitudes toward spending still held by households and businesses.",1,hawkish,neutral
"Market sentiment toward the syndicated leveraged loan market also improved, with the average bid price increasing noticeably and bid-asked spreads narrowing a bit further.",2,neutral,neutral
"Real residential investment appeared to have declined again in the fourth quarter, likely reflecting in part decreases in the affordability of housing arising from both the net increase in mortgage interest rates over the past year and ongoing, though somewhat slower, house price appreciation.",1,hawkish,neutral
"In these circumstances, an easing at some point of current uncertainties and strengthening confidence should induce inventory rebuilding, with positive implications, at least for a time, for the expansion of economic activity.",0,dovish,dovish
"Despite a recent uptick in consumer prices, year-over-year consumer inflation remained at a very low level.",0,dovish,neutral
"At the same time, the incentive to take advantage of increasingly efficient high-tech equipment and software typically available at declining prices would continue to provide an important underpinning for further large gains in investment spending, with favorable implications for continued rapid growth in productivity.",2,neutral,neutral
The demand for commercial paper declined as prime money market mutual funds experienced large net outflows after the net asset value of one such fund fell below $1 per share.,2,neutral,neutral
"In the view of a number of members, rapid growth of the monetary aggregates, though it had slowed very recently, was a further indication that financial conditions were not restraining economic activity.",1,hawkish,dovish
"The nominal deficit on U. S. trade in goods and services narrowed somewhat in August from a high rate in July; however, for the two months combined, the deficit was considerably wider than its average rate for the second quarter.",1,hawkish,neutral
Consumer price inflation had remained relatively subdued over the summer months.,0,dovish,neutral
"In their assessment of the outlook for inflation, members agreed that although forecasts of more moderate growth in aggregate demand at a pace around potential output had substantially reduced the odds on rising inflation, the risks still were pointed in that direction on balance.",2,neutral,hawkish
A few participants argued that maintaining a highly accommodative stance of monetary policy over the medium run would erode the stability of inflation expectations.,1,hawkish,hawkish
European equity prices were also lower over the period.,2,neutral,neutral
"Market-based measures of inflation compensation have moved up but remain low; most survey-based measures of longer-term inflation expectations are little changed, on balance, in recent months.",2,neutral,neutral
"These participants cited, for example, the still-elevated levels of long-term unemployment and workers employed part time for economic reasons as well as low labor force participation.",0,dovish,dovish
"Financial factors also seemed likely on balance to accommodate continuing growth in consumer spending, in particular the marked increases that had occurred in the value of stock holdings and a still-ample availability of credit to most households.",2,neutral,dovish
"At the same time, business firms generally were not raising their prices sufficiently to compensate for faster increases in their labor costs, to the extent that the latter were occurring, evidently because of the persistence of intense competition in most markets.",1,hawkish,neutral
"The vote encompassed approval of the paragraph below for inclusion in the statement to be released shortly after the meeting: ""The Committee judges that some further policy firming may yet be needed to address inflation risks but emphasizes that the extent and timing of any such firming will depend importantly on the evolution of the economic outlook as implied by incoming information.",1,hawkish,hawkish
"In the Committee's discussion of current and prospective economic developments, members referred to the widespread statistical and anecdotal evidence that the surprising strength in economic activity over the closing months of 1996 was persisting in 1997.",1,hawkish,neutral
"In considering the statement to be released following this meeting, members concurred that it should note that even with the rise in oil prices, the expansion remained firm and labor markets continued to improve gradually.",1,hawkish,neutral
The contemplated reserve conditions are expected to be consistent with considerable moderation in the growth in M2 and M3 over coming months.,2,neutral,hawkish
"While recognizing the improvement in a number of indicators of economic activity and labor market conditions since the fall, many members indicated that further improvement in the outlook for the labor market would be required before it would be appropriate to slow the pace of asset purchases.",0,dovish,hawkish
"Staff Economic Outlook In the economic forecast prepared for the January FOMC meeting, the staff's projection for the growth in real gross domestic product (GDP) in the near term was revised down a bit.",0,dovish,neutral
Weaker demand and significantly lower oil prices are holding down consumer price inflation.,0,dovish,dovish
Committee Policy Action Committee members saw the information received over the intermeeting period as suggesting that economic activity was expanding at a moderate pace.,1,hawkish,neutral
"In addition, the forecast for headline PCE price inflation incorporated a much higher rate of increase for energy prices for the first half of the year; as a result, headline PCE price inflation was expected to substantially exceed core PCE price inflation in 2008.",1,hawkish,neutral
"Some business executives reportedly believed that, with aggregate demand expanding robustly and the lower foreign exchange value of the dollar putting upward pressure on import prices, a degree of ""pricing power"" had returned.",1,hawkish,neutral
"Participants' Views on Current Conditions and the Economic Outlook In conjunction with this FOMC meeting, all meeting participants--the five members of the Board of Governors and the presidents of the 12 Federal Reserve Banks--provided projections of output growth, the unemployment rate, and inflation for each year from 2011 through 2013 and over the longer run.",2,neutral,neutral
"A couple of participants referred to information from business contacts suggesting that inflation was unlikely to decline further, and a few expressed concerns that maintaining a highly accommodative stance of monetary policy for an extended period could erode the stability of inflation expectations over time and hence posed upside risks to the inflation outlook.",1,hawkish,hawkish
"In their review of developments in key sectors of the economy, members again emphasized the ongoing strength in household spending and its vital role in moderating the weakness in overall economic activity.",2,neutral,neutral
"Housing starts and the demand for new homes had declined further, house prices in many parts of the country were falling faster than they had towards the end of 2007, and inventories of unsold homes remained quite elevated.",0,dovish,neutral
"To support continued progress toward maximum employment and price stability, the Committee today reaffirmed its view that a highly accommodative stance of monetary policy will remain appropriate for a considerable time after the asset purchase program ends and the economic recovery strengthens.",0,dovish,dovish
"While prices in equity markets had turned up from their recent lows, the cumulative losses in financial wealth incurred since early 2000 clearly were having an adverse impact on expenditures by households and the higher cost of equity capital was inhibiting business investment.",0,dovish,neutral
"In their discussion of monetary policy for the intermeeting period, Committee members agreed that the Federal Reserve's large-scale securities purchases were providing financial stimulus that would contribute to the gradual resumption of sustainable economic growth in a context of price stability.",0,dovish,dovish
"Reinforcing this outlook was recent evidence of somewhat faster than anticipated productivity growth, the prospect that world economic conditions would hold down energy prices, and a sharp drop in near-term inflation expectations of households as reported in recent surveys.",0,dovish,dovish
"Others indicated that because part of the recent decline in the jobless rate was associated with a reduction in labor force participation, the drop in the unemployment rate likely overstated the overall improvement in the labor market.",0,dovish,neutral
"However, the dollar partially retraced these increases following the much weaker-than-expected U. S. employment report for May, finishing the period a bit stronger against the currencies of the AFEs and about 3 percent higher against EME currencies.",0,dovish,neutral
"Weekly data for March, however, indicated that gasoline prices rose sharply.",1,hawkish,neutral
"Long-term sovereign bond yields declined notably in the advanced economies, in part as foreign central banks announced additional monetary policy easing measures.",0,dovish,neutral
"Participants generally agreed that the drag on U. S. economic activity from the appreciation of the dollar since the summer of 2014 and the slowdown in foreign economic growth, particularly in emerging market economies, was likely to continue to depress U. S. net exports for some time.",0,dovish,neutral
"Indeed, some members saw underlying inflation as relatively stable and put low odds on the possibility that prices now were accelerating.",2,neutral,neutral
These participants concluded that the Committee should wait to take another step in removing accommodation until the data on economic activity provided a greater level of confidence that economic growth was strong enough to withstand a possible downward shock to demand.,0,dovish,dovish
"The possibility that longer-term inflation expectations may have edged down was roughly counterbalanced by the risks that somewhat firmer inflation this year could be more persistent than expected, particularly in an economy that was projected to continue operating above its long-run potential.",1,hawkish,hawkish
"Members also agreed that their evaluation of progress on their objectives would take into account a wide range of information, including measures of labor market conditions, indicators of inflation pressures and inflation expectations, and readings on financial and international developments.",2,neutral,neutral
"Consumer credit continued to increase at a steady pace, with similar growth rates across credit card, automobile, and student loans.",1,hawkish,neutral
"In this regard the risks of rising inflation could not be dismissed, and while those risks appeared to be quite limited for the nearer term, excessive monetary stimulus had to be avoided to avert rising inflation expectations and added inflation pressures over time.",1,hawkish,hawkish
"Moreover, measures of labor compensation showed only moderate gains while relatively wide profit margins could allow firms to absorb somewhat larger increases in labor and other costs without boosting prices.",2,neutral,neutral
"In their discussion of prices, participants indicated that data over the intermeeting period, including measures of inflation expectations, suggested that underlying inflation was not in the process of moving higher.",2,neutral,neutral
"The expansion of M2 had declined substantially since late spring, apparently in part as a result of the widening opportunity costs of holding assets in M2 stemming from higher market interest rates and possibly also from slackening growth in household incomes.",1,hawkish,hawkish
"However, the deficit was up appreciably from its average for the first quarter, with the value of imports increasing substantially more than the value of exports.",1,hawkish,neutral
"On the foreign trade side of the economy, an anticipated firming of economic conditions abroad would provide impetus to real net exports, At the same time, however, imports were expected to rise appreciably in response to the expansion of domestic economic activity and the appreciation of the dollar, and on balance the external sector probably would not be boosting real GDP.",0,dovish,neutral
This action was taken against the backdrop of heightened concerns and uncertainty created by the recent terrorist attacks and their potentially adverse effects on asset prices and the performance of the economy.,0,dovish,neutral
"Nonetheless, the members also noted that the rise in compensation increases had been damped and that there continued to be few indications of accelerating price inflation in the statistical and anecdotal information available at this time; such developments underlined persisting uncertainties about behavior in labor markets and the level and growth of the economy's sustainable potential.",1,hawkish,neutral
"Market-based measures of inflation compensation remained low; most survey-based measures of longer-term inflation expectations were little changed, on balance, in recent months.",0,dovish,neutral
All members agreed that the statement to be released after the meeting should convey that inflation risks remained dominant and that consequently keeping policy unchanged at this meeting did not necessarily mark the end of the tightening cycle.,1,hawkish,hawkish
"It was noted, however, that increases in compensation that exceeded productivity gains might be absorbed to some extent by a narrowing of firms’ high profit margins.",1,hawkish,neutral
Participants noted the considerable uncertainty surrounding estimates of the output and unemployment gaps and the extent of their effects on prices.,2,neutral,neutral
"Still, most members projected that over the next couple of years, the unemployment rate would remain quite elevated and the level of inflation would remain below rates consistent over the longer run with the Federal Reserve's objectives.",0,dovish,dovish
"The extent and timing of any additional firming that may be needed to address these risks will depend on the evolution of the outlook for both inflation and economic growth, as implied by incoming information.",1,hawkish,hawkish
These participants preferred to wait until there was greater assurance that the transmission mechanism of monetary policy via financial markets and the supply of credit to households and businesses was working effectively.,2,neutral,neutral
The trimmed mean measure of 12-month PCE price inflation constructed by the Federal Reserve Bank of Dallas remained at or near 2 percent in recent months.,2,neutral,neutral
"Some price increases had been noted; however, apart from the energy and health care sectors, price inflation had remained relatively subdued, evidently reflecting the combination of diminished growth in overall demand and strong competitive pressures in most markets.",2,neutral,dovish
"Nonetheless, on balance, most members currently considered the upside risks to inflation to be a bit less pressing than those on the downside for the next few quarters.",0,dovish,dovish
"Although the moderation in the growth of aggregate demand would help limit inflation pressures over time, the Committee judged that some inflation risks remained.",1,hawkish,hawkish
"In view of the most recent information on the economy, members agreed that it was appropriate for the post-meeting statement to characterize economic growth as apparently continuing to moderate.",2,neutral,neutral
"However, some participants noted that the recent rise in the prices of oil and other commodities, as well as increases in import prices stemming from the decline in the foreign exchange value of the dollar, could boost inflation pressures.",1,hawkish,hawkish
"In light of the economic outlook, almost all members agreed to indicate that the Committee expects to maintain a highly accommodative stance for monetary policy and currently anticipates that economic conditions--including low rates of resource utilization and a subdued outlook for inflation over the medium run--are likely to warrant exceptionally low levels for the federal funds rate at least through late 2014, longer than had been indicated in recent FOMC statements.",0,dovish,dovish
"The Committee expects that, with appropriate policy accommodation, economic activity will expand at a moderate pace, with labor market indicators continuing to move toward levels the Committee judges consistent with its dual mandate.",0,dovish,dovish
Most major indexes of equity prices moved up sharply on the bullish economic reports.,1,hawkish,neutral
Participants pointed to potential interactions between financial stresses and the housing market contraction as the primary source of continuing downside risks to growth.,0,dovish,neutral
"Inflation has been running somewhat below the Committee's longer-run objective, apart from temporary variations that largely reflect fluctuations in energy prices.",0,dovish,neutral
"In response to evidence of a slowdown in economic activity and a rapid waning of inflationary pressures, central banks around the world eased policy sharply.",0,dovish,dovish
"In their discussion of forward guidance about the target federal funds rate, a few members suggested that lowering the unemployment threshold to 6 percent could effectively convey the Committee's intention to keep the target federal funds rate low for an extended period.",0,dovish,dovish
"In their review of the outlook for prices, members noted that incoming data over the intermeeting period had shown a slowing in core inflation from the high levels posted earlier in the year, consistent with the Committee's view that a portion of the earlier increase had reflected transitory factors.",2,neutral,dovish
The staff's outlook for inflation was broadly unchanged.,2,neutral,neutral
"Participants noted that the improved performance of investment suggested that the expansion was becoming more balanced, with strengthening business spending potentially offsetting some moderation in the growth of household spending from the elevated rates of recent years.",2,neutral,neutral
"In preparation for the Federal Reserve's semiannual report to the Congress on the economy and monetary policy, the members of the Board of Governors and the presidents of the Federal Reserve Banks submitted individual projections of the growth of GDP, the rate of unemployment, and core consumer price inflation for the years 2006 and 2007.",2,neutral,neutral
"At the same time, however, the near-term outlook for inflation had deteriorated, and the risks that underlying inflation pressures could prove to be greater than anticipated appeared to have risen.",1,hawkish,hawkish
"The staff raised slightly its projection for inflation during the second half of this year, as the upward pressure on consumer prices from earlier increases in import and commodity prices was expected to persist a little longer than previously anticipated.",1,hawkish,hawkish
"In their discussion of monetary policy for the period ahead, Committee members generally agreed that their overall assessments of the economic outlook were little changed since their previous meeting.",2,neutral,neutral
"Household spending was projected to grow at a fairly solid rate, supported by higher employment and somewhat lower energy prices but damped somewhat by lessened stimulus from gains in wealth and the need for households to rebuild savings.",1,hawkish,neutral
"At the conclusion of the discussion, the Committee voted to authorize and direct the Federal Reserve Bank of New York, until it was instructed otherwise, to execute transactions in the System Account in accordance with the following domestic policy directive: ""The Federal Open Market Committee seeks monetary and financial conditions that will foster price stability and promote sustainable growth in output.",1,hawkish,neutral
"Similarly, measures of underlying inflation continued to be somewhat low relative to levels seen as consistent with the dual mandate over the longer run.",2,neutral,dovish
"At the conclusion of the discussion, the Committee voted to authorize and direct the Federal Reserve Bank of New York, until it was instructed otherwise, to execute transactions in the System Account in accordance with the following domestic policy directive: ""Consistent with its statutory mandate, the Federal Open Market Committee seeks monetary and financial conditions that will foster maximum employment and price stability.",0,dovish,neutral
"This assessment will take into account a wide range of information, including measures of labor market conditions, indicators of inflation pressures and inflation expectations, and readings on financial and international developments. """,2,neutral,neutral
Core measures of price inflation had moved up over recent quarters and particularly so over the last few months.,1,hawkish,hawkish
"Indicators of supply and demand conditions for small business credit were generally unchanged over the past quarter, with demand appearing to remain weak.",2,neutral,neutral
"Although participants considered it unlikely that the economy would reenter a recession, many expressed concern that output growth, and the associated progress in reducing the level of unemployment, could be slow for some time.",0,dovish,neutral
"In addition, the Survey of Terms of Business Lending conducted in the first week of November showed that interest rates on C&I loans were generally little changed while spreads remained extremely wide.",1,hawkish,neutral
"Signs of an actual change in inflation were still quite tentative and anecdotal, and they did not warrant an adjustment to policy at this meeting.",2,neutral,neutral
"Moreover, economic theory indicates that the equilibrium level of short-term real interest rates would likely remain low relative to estimates of its level before the financial crisis if trend growth of total factor productivity does not pick up and if demographic projections for slow growth in working-age populations are borne out.",0,dovish,neutral
"More fundamentally, however, the members believed that current growth in aggregate demand, should it persist, would continue to exceed the expansion of potential output and, by putting added pressure on already tight labor markets, would at some point foster inflationary imbalances that would undermine the economic expansion.",1,hawkish,hawkish
"While there were no current indications that inflation might be accelerating and no policy move was called for at this time, the members saw a need for continuing vigilance.",2,neutral,neutral
"The staff's near-term forecast for inflation was revised up a little, as recent data showed somewhat faster-than-anticipated increases that were judged to be only partly transitory.",1,hawkish,neutral
"Pursuant to the Committee's instructions in March, the staff had activated its study of the possible employment of mortgage-backed securities guaranteed by the Government National Mortgage Association (Ginnie Maes) in outright System open market operations.",2,neutral,dovish
"Looking ahead, however, members reiterated earlier concerns that aggregate demand could continue to grow faster than potential aggregate supply, even under optimistic assumptions regarding future productivity gains.",1,hawkish,hawkish
Participants observed that both overall inflation and inflation for items other than food and energy remained near 2 percent on a 12-month basis.,2,neutral,neutral
"Despite the substantial monetary easing that had been implemented already and the fiscal stimulus, including federal tax rebates, that was in train, the forecast anticipated that sluggish hiring and the decline in household wealth would restrain the growth of both consumer spending and housing demand.",0,dovish,dovish
"Participants marked up their inflation projections, as they assessed that supply constraints in product and labor markets were larger and likely to be longer lasting than previously anticipated.",1,hawkish,hawkish
"Later in the period, AFE yields partially rebounded and foreign equity prices fully recovered on some easing of U. S. ­–China trade tensions, as well as perceptions of reduced political uncertainty in the United Kingdom and Italy.",2,neutral,neutral
"Several other participants, however, noted that increases in excess reserves or the monetary base, by themselves, might not have a significant stimulative effect on the economy or prices because the normal bank intermediation mechanism appeared to be impaired, and banks may not be willing to lend their excess reserves.",2,neutral,neutral
"The July-August deficit in U. S. trade in goods and services was higher than its average in the second quarter, as further growth in imports exceeded the rise in exports.",1,hawkish,neutral
"In their discussion of the economic situation and the outlook, meeting participants agreed that information received over the intermeeting period indicated that the labor market had continued to strengthen and that economic activity had been rising moderately so far this year.",1,hawkish,neutral
"At the conclusion of the discussion, the Committee voted to authorize and direct the Federal Reserve Bank of New York, until it was instructed otherwise, to execute transactions in the SOMA in accordance with the following domestic policy directive: ""Consistent with its statutory mandate, the Federal Open Market Committee seeks monetary and financial conditions that will foster maximum employment and price stability.",0,dovish,neutral
"At longer maturities, yields drifted lower over most of the intermeeting period in response to incoming data that suggested economic growth would remain moderate and inflation subdued, but they rebounded late in the period in response to the release of firmer economic data and growing concerns regarding the sustainability of current domestic asset prices.",1,hawkish,neutral
"Indeed, some expressed the concern that, with the persistence of considerable resource slack, inflation might run below mandate-consistent levels for some time.",0,dovish,dovish
"Although a spike in energy prices eroded real income growth in the second quarter, there were solid gains in wages and salaries.",1,hawkish,neutral
"Nonetheless, with rising productivity and moderate wage gains likely continuing to help hold down unit labor costs, the outlook for subdued inflation remained promising, especially for the nearer term.",0,dovish,neutral
Consumer price inflation was being held down by weaker demand and significantly lower oil prices.,0,dovish,neutral
"In that regard, the prospective strength of demand pressures and related outlook for productivity were subject to a wide range of uncertainty, and there were reasons to believe that economic growth could well slow without any adjustment to policy.",0,dovish,dovish
"Looking ahead, an abatement or reversal of some of the temporary factors reducing prices was likely to raise measured inflation.",1,hawkish,hawkish
"Still, core consumer price indices remained relatively damped and had risen only a little over the last year, especially when measured by the PCE chain-price index, and that suggested underlying price pressures remained largely contained.",2,neutral,neutral
Risks to the inflation projection also were seen as balanced.,2,neutral,neutral
"Survey-based measures of longer-term inflation expectations remained stable, although market-based measures of inflation compensation over the next five years, as well as over the five-year period beginning five years ahead, moved down further over the intermeeting period.",0,dovish,neutral
"The review of regional economic developments by the Federal Reserve Bank presidents pointed to moderate expansion in economic activity across much of the nation, though growth was described as modest in a few regions and relatively robust in some others.",2,neutral,neutral
"Although real growth was likely to be moderate in coming quarters, in his view it was unlikely to be slow enough to bring core inflation down.",1,hawkish,hawkish
"Largely as a consequence of rapidly expanding ""new economy"" investments, gains in productivity had occurred at remarkable rates in recent years.",2,neutral,neutral
"Over the same period, demand for auto loans reportedly strengthened further at many banks.",0,dovish,neutral
"Core inflation was then expected to edge down in 2009 as the impetus from prior increases in the prices of imports, energy, and other commodities abated and the margin of slack in resource use widened.",0,dovish,neutral
"The expansion of M3 picked up over September and October, reflecting a strong acceleration in its non-M2 component that was associated with strong inflows to institutional money market funds and stepped-up issuance of large time deposits to meet credit demands.",1,hawkish,neutral
The Committee then turned to a discussion of the economic and financial outlook and the implementation of monetary policy over the intermeeting period ahead.,2,neutral,neutral
"The staff forecast prepared for this meeting suggested that economic activity likely would start to turn up early in 2002 as inventory liquidation tapered off, and would gather strength only gradually.",2,neutral,neutral
Participants' concerns about inflation prospects generally had increased over the intermeeting period.,1,hawkish,hawkish
Several members reiterated that business spending was the critical factor that would govern to a substantial degree the timing and extent of the acceleration in overall economic activity.,2,neutral,neutral
"Despite further declines in vacancy rates and rising real estate prices, business spending on nonresidential construction also seemed to have been lackluster, with such activity not having changed much since last summer.",2,neutral,neutral
"However, reports from a couple of Districts indicated that the agricultural sector was still weak, with low commodity prices continuing to put financial pressure on farm-related businesses.",0,dovish,neutral
Several participants commented that the factors that had contributed to low inflation during the previous expansion could again exert more downward pressure on inflation than expected.,0,dovish,dovish
The recent strains in financial markets posed additional downside risks to economic growth.,0,dovish,neutral
"Job growth last month was fairly widespread, although heavy hiring in the construction sector was due partly to efforts to repair damage from the four hurricanes that hit the southeastern states.",2,neutral,neutral
Participants generally expected that household demand would gradually strengthen over coming quarters in response to the rise in household wealth from the substantial increase in equity prices that had occurred over the intermeeting period as well as the support for income provided by fiscal policy.,1,hawkish,dovish
"At the conclusion of the discussion, the Committee voted to authorize and direct the Federal Reserve Bank of New York, until it was instructed otherwise, to execute transactions in the System Account in accordance with the following domestic policy directive: The Federal Open Market Committee seeks monetary and financial conditions that will foster price stability and promote sustainable growth in output.",1,hawkish,neutral
But equity prices were only holding their own after a substantial decline earlier and the dollar had appreciated.,0,dovish,neutral
"Inflation readings available since the April meeting continued to run below the Committee's longer-run objective, partly reflecting earlier declines in energy prices and continued decreases in prices of non-energy imports.",0,dovish,dovish
"Although many participants remained concerned about downside risks attending the outlook for inflation, a majority of participants saw the risks to the outlook for inflation as balanced.",2,neutral,neutral
"A discernable upcreep was apparent in survey measures of short- and, to a limited extent, long-term inflation expectations over recent months.",1,hawkish,neutral
"With appropriate firming in the stance of monetary policy, participants expected inflation to return to the Committee's 2 percent objective over time and the labor market to remain strong.",1,hawkish,hawkish
"Job gains had been solid, on average, in recent months, and the unemployment rate had remained low.",1,hawkish,neutral
"In their discussion of the balance-of-risks sentence in the press statement to be issued shortly after this meeting, all the members agreed that the latter should continue to express, as it had for every meeting earlier this year, their belief that the risks remained weighted toward rising inflation.",1,hawkish,hawkish
"In the household sector, the ongoing deceleration in house prices further restrained the growth of home mortgage debt.",0,dovish,neutral
"In these circumstances, inflation pressures could be expected to remain subdued and some further disinflation might well occur.",0,dovish,dovish
"The labor market improved in August, and the unemployment rate edged down to 5.",1,hawkish,neutral
"Against the background of its long-run goals of price stability and sustainable economic growth and of the information currently available, the Committee believes that the risks continue to be weighted mainly toward conditions that may generate economic weakness in the foreseeable future.",0,dovish,dovish
Total nonfarm payroll employment expanded at a solid pace in July and August.,1,hawkish,neutral
"Members still saw the economic expansion continuing, and most believed that inflation was likely to stabilize near recent low readings in coming quarters and then gradually rise toward levels they consider more consistent with the Committee's dual mandate for maximum employment and price stability.",2,neutral,neutral
"Consumer price inflation, as measured by the 12-month percentage change in the price index for personal consumption expenditures (PCE), was below 2 percent in July.",0,dovish,neutral
"Although the aggregate balance sheet for the household sector was strong and the unemployment rate was low, consumer sentiment had deteriorated, and households were reportedly becoming more cautious in their expenditure decisions in light of uncertainty about the economic outlook and the reduction in purchasing power induced by price rises, particularly increases in the prices of essentials such as food, housing, and transportation.",1,hawkish,neutral
"Financial conditions affecting emerging market economies continued to improve for a time after the Committee eased monetary policy at its November 17 meeting, but that trend was subsequently reversed after Brazil's legislature decided to reject a key fiscal reform measure.",0,dovish,dovish
"Total nonfarm payroll employment was reported to have decreased in September, consistent with a substantial increase in the number of people who reported themselves as being absent from work due to bad weather and with payroll declines in the hurricane-affected states of Texas and Florida.",0,dovish,neutral
"The staff forecast prepared for this meeting continued to suggest that the expansion would gradually moderate from its currently elevated pace to a rate around, or perhaps a little below, the growth of the economy's estimated potential.",2,neutral,neutral
All members agreed that the FOMC statement for this meeting should again indicate that policy accommodation could be removed at a pace that was likely to be measured but that the Committee would respond to changes in economic prospects as needed to maintain price stability.,1,hawkish,hawkish
They noted that the realization of such a development could make it harder for the Committee to achieve 2 percent inflation over the longer run.,2,neutral,neutral
Recent data pointed to little change in underlying inflation trends.,2,neutral,neutral
"In the September Senior Credit Officer Opinion Survey on Dealer Financing Terms (SCOOS), dealers indicated, on net, that they loosened credit terms applicable to several important classes of counterparties and types of collateral over the past three months amid increased demand for funding for most types of securities covered in the survey.",2,neutral,neutral
"When the Committee decides to begin to remove policy accommodation, it will take a balanced approach consistent with its longer-run goals of maximum employment and inflation of 2 percent.",1,hawkish,hawkish
"Inflation had increased somewhat since earlier this year but remained below the Committee's 2 percent longer-run objective, partly reflecting earlier declines in energy prices and in prices of non-energy imports.",0,dovish,neutral
"Discussion of Communications Regarding Economic Projections As a follow-up to the FOMC's discussion in October about providing more information on the Committee's collective judgment regarding the economic outlook and appropriate monetary policy, the staff presented several options for enhancing the Summary of Economic Projections (SEP).",2,neutral,neutral
"On the upside, bottlenecks, supply disruptions, and historically high rates of resource utilization were seen as potential sources of greater-than-expected inflationary pressures, particularly if there were a significant rise in inflation expectations that altered inflation dynamics.",1,hawkish,hawkish
"In light of the robust expansion of capital spending thus far this year, the outlook for business investment spending was revised up appreciably, as more of the strength over the latter part of 2004 was attributed to underlying demand and less to the effects of the partial-expensing tax provision.",1,hawkish,neutral
"For the present, however, inflation remained subdued, and it was likely to remain relatively low for some time in light of the weakness in commodity and other import prices and the tendency for low current inflation to hold down expected price increases.",0,dovish,neutral
The members expected price pressures to remain relatively contained over the next several quarters in the context of what they anticipated would be only a gradual reduction of the excess capacity in labor and product markets as the recovery progressed.,2,neutral,neutral
Readings on consumer price inflation had picked up somewhat mainly because of increases in oil and gasoline prices earlier in the year.,1,hawkish,neutral
"At the conclusion of the discussion, the Committee voted to authorize and direct the Federal Reserve Bank of New York, until it was instructed otherwise, to execute transactions in the System Account in accordance with the following domestic policy directive: ""The Federal Open Market Committee seeks monetary and financial conditions that will foster price stability and promote sustainable growth in output.",1,hawkish,neutral
"However, a few participants expressed concern that higher household wealth might not translate into greater consumer spending, cautioning that household income growth remained slow, that households might not treat the additions to wealth arising from recent equity price increases as lasting, or that households' scope to extract housing equity for the purpose of increasing their expenditures was less than in the past.",2,neutral,neutral
"Residential MBS yields and residential mortgage interest rates declined, on net, over the intermeeting period to historically low levels, but their spreads to yields on long-term Treasury securities increased.",2,neutral,neutral
"In conjunction with the FOMC meeting in April, all meeting participants (Federal Reserve Board members and Reserve Bank presidents) provided annual projections for economic growth, the unemployment rate, and inflation for the period 2008 through 2010.",2,neutral,neutral
"In discussing the increases in U. S. longer-term interest rates that occurred in the wake of the June FOMC meeting and the associated press conference, meeting participants pointed to heightened financial market uncertainty about the path of monetary policy and a shift of market expectations toward less policy accommodation.",1,hawkish,hawkish
"In particular, the Committee decided today to keep the target range for the federal funds rate at 0 to 1/4 percent and currently anticipates that economic conditions--including low rates of resource utilization and a subdued outlook for inflation over the medium run--are likely to warrant exceptionally low levels for the federal funds rate at least through late 2014.",0,dovish,dovish
A number of participants indicated that the Committee should resume asset purchases only if substantially adverse economic circumstances warranted greater monetary policy accommodation than could be provided by lowering the federal funds rate to the effective lower bound.,0,dovish,dovish
A few participants judged that the expectations regarding the path of the federal funds rate implied by prices in financial markets were currently suggesting greater provision of accommodation at coming meetings than they saw as appropriate and that it might become necessary for the Committee to seek a better alignment of market expectations regarding the policy rate path with policymakers' own expectations for that path.,0,dovish,dovish
"Nonetheless, participants viewed the housing situation and its potential further effect on employment, income, and wealth as one of the major sources of downside risk to the economic outlook.",0,dovish,neutral
Some measures of inflation expectations were down notably over the intermeeting period.,0,dovish,neutral
The lagged effects of the substantial easing in monetary policy this year and the fiscal stimulus measures already enacted into law were expected to buttress demand and economic recovery over the next year.,0,dovish,dovish
"Participants expected that productivity growth would pick up as firms slowed hiring to a pace more in line with output growth but acknowledged that the improvement might be limited, particularly if business investment spending were to remain soft.",2,neutral,neutral
"Core price inflation was projected to rise a little over the forecast horizon, in part as a result of higher import prices but largely as a consequence of further increases in nominal labor compensation gains that would not be fully offset by growth in productivity.",1,hawkish,hawkish
"While anecdotal reports suggested that softening was confined to only a few areas, the delayed effects of the drop in stock market prices and forecasts of slower employment and income growth suggested some moderation in housing activity at some point.",0,dovish,neutral
"An environment involving such interest rates could have adverse repercussions on the functioning of some sectors of the money market, but the members agreed that the potential extent of such disruptions would not be sufficient to prevent the Committee from taking advantage of the full scope of conventional easing of the federal funds rate, should that become necessary.",0,dovish,dovish
"They also generally expected that inflation would remain, for some time, below levels the Committee considers most consistent, over the longer run, with maximum employment and price stability.",0,dovish,dovish
"Nonetheless, participants generally saw the unemployment rate as still elevated and were not yet confident that the recent progress toward the Committee's employment objective would be sustained.",0,dovish,dovish
"Indeed, consumer expenditures appeared to have been expanding moderately over the previous few months, buoyed by increases in employment, personal income, and household wealth.",2,neutral,neutral
"The real federal funds rate probably was not greatly out of line with its appropriate level, and the rise in longer-term interest rates and the exchange rate meant that financial conditions were now exerting more restraint than earlier this year.",1,hawkish,neutral
"On the other hand, including a reference risked the possibility of suggesting greater concern on the part of the Committee than was actually the case, perhaps leading to the misimpression that monetary policy was likely to respond to increases in volatility.",2,neutral,neutral
"To support continued progress toward maximum employment and price stability, the Committee expects that a highly accommodative stance of monetary policy will remain appropriate for a considerable time after the asset purchase program ends and the economic recovery strengthens.",0,dovish,dovish
"However, household spending had been relatively robust during the cyclical downturn and likely had only limited room for a pickup over coming quarters, and intense competitive pressures could well constrain profits, investment, and equity prices.",2,neutral,neutral
Members agreed to continue to monitor inflation developments closely.,2,neutral,neutral
"Rather, members agreed that inflation was likely to moderate in coming quarters, but they also concurred that it would be necessary to continue to monitor inflation developments carefully.",2,neutral,neutral
"Consistent with its statutory mandate, the Committee seeks to foster maximum employment and price stability.",0,dovish,neutral
"Household mortgage debt was expected to expand at a reduced rate in the fourth quarter, reflecting softer home prices and declining home sales, as well as a tightening in credit conditions for some borrowers.",0,dovish,neutral
"Although higher energy and other costs had the potential to add to inflation pressure, core inflation had been relatively low in the preceding few months and longer-term inflation expectations remained contained.",2,neutral,neutral
The members also agreed that the risks remained weighted mainly in the direction of greater inflation pressures and that further tightening actions might be necessary to bring about financial conditions that were sufficiently firm to contain upward pressures on labor costs and prices.,1,hawkish,hawkish
"Indeed, a number of members saw merit in the staff forecast that some further disinflation was a likely prospect in such circumstances.",0,dovish,dovish
"A few members expressed interest in using language specifying a period of time during which the federal funds rate was expected to remain exceptionally low, rather than a calendar date, arguing that such language might be better to indicate a constant stance of monetary policy over time.",0,dovish,dovish
"In determining how long to maintain a highly accommodative stance of monetary policy, the Committee will also consider other information, including additional measures of labor market conditions, indicators of inflation pressures and inflation expectations, and readings on financial developments.",0,dovish,dovish
President George dissented because she believed that an unchanged setting of policy was appropriate based on the incoming data and the outlook for economic activity over the medium term.,2,neutral,neutral
"Nevertheless, most participants agreed that, although the level of inventories of unsold homes that homebuilders desired was uncertain, the correction of the housing sector was likely to continue to weigh heavily on economic activity through most of this year--somewhat longer than previously expected.",2,neutral,neutral
Many participants noted that they expected household spending to be a primary contributor to economic growth going forward.,2,neutral,neutral
"However, participants remarked that the actual rise in inflation was larger than anticipated, with the 12-month change in the PCE price index reaching 3.",1,hawkish,neutral
"Participants' Views on Current Conditions and the Economic Outlook In conjunction with this FOMC meeting, members of the Board of Governors and participating Federal Reserve Bank presidents submitted their projections of the most likely outcomes for real GDP growth, the unemployment rate, inflation, and the federal funds rate for each year from 2015 through 2017 and over the longer run, conditional on each participant's judgment of appropriate monetary policy.",2,neutral,neutral
"With sales contracting and inventory imbalances still substantial, the manufacturing sector continued its sharp slide, and aggregate employment plunged.",0,dovish,neutral
"The Committee directs the Desk to purchase agency debt, agency MBS, and longer-term Treasury securities during the intermeeting period with the aim of providing support to private credit markets and economic activity.",0,dovish,dovish
"On balance, most participants still expected inflation to moderate later this year and in 2009.",2,neutral,neutral
"Monthly increases in nonfarm payroll employment averaged nearly 180, 000 over the three months ending in November, in line with the average pace of job creation over the past year.",2,neutral,neutral
A couple of participants indicated that they would not favor adopting a restrictive policy stance in the absence of clear signs of an overheating economy and rising inflation.,2,neutral,dovish
"Looking beyond the near term, the members anticipated that as the prevailing uncertainties began to diminish, the economy's resiliency abetted by broadly accommodative monetary and fiscal polices and the continuation of a strong uptrend in productivity would underpin a gradual economic recovery.",0,dovish,dovish
The staff's forecast for core PCE price inflation this year was revised down a little in response to recent data.,0,dovish,neutral
"The Committee directs the Desk to purchase GSE debt, GSE-guaranteed MBS, and longer-term Treasury securities during the intermeeting period with the aim of providing support to private credit markets and economic activity.",0,dovish,dovish
"In light of asset market developments over the intermeeting period, which in large part appeared to reflect heightened expectations among investors that the Federal Reserve would undertake additional purchases of longer-term securities, the November forecast was conditioned on lower long-term interest rates, higher stock prices, and a lower foreign exchange value of the dollar than was the staff's previous forecast.",0,dovish,dovish
Broad equity price indexes fell sharply over the intermeeting period on net.,2,neutral,neutral
"Inflation compensation for 2007 declined modestly, perhaps reflecting the further drop in spot energy prices, but was largely unchanged at longer maturities.",2,neutral,neutral
"However, participants generally saw these downward pressures on inflation starting to abate next year, with widespread distribution of vaccines reducing social-distancing concerns and spurring economic activity.",1,hawkish,dovish
"In contrast, businesses cut production and employment substantially in recent months--likely reflecting, in part, inventory overhangs that persisted into the early part of the year--and fixed investment continued to contract.",0,dovish,neutral
Many foreign central banks tightened monetary policy to address high inflation.,1,hawkish,neutral
"Participants' Views on Current Conditions and the Economic Outlook In conjunction with this FOMC meeting, members of the Board of Governors and Federal Reserve Bank presidents submitted their projections of the most likely outcomes for real GDP growth, the unemployment rate, inflation, and the federal funds rate for each year from 2015 through 2018 and over the longer run, conditional on each participant's judgment of appropriate monetary policy.",2,neutral,neutral
"In Japan, private consumption rebounded strongly, and private investment and net exports continued to boost growth.",2,neutral,neutral
"Although some members noted that a case could be made that the risks to inflation were now somewhat skewed to the upside and those to sustainable economic growth perhaps to the downside, the most likely outcome remained one of stable prices and sustainable growth, and the Committee agreed that it should retain a balanced assessment of risks conditional on appropriate policy.",2,neutral,neutral
"Consumer prices had edged up in recent months, but year-over-year consumer inflation remained at a very low level.",0,dovish,neutral
Nonfarm payroll employment continued to expand through July and the civilian unemployment rate was unchanged at 4.,1,hawkish,neutral
"Many of them expected that inflation was likely to rise gradually over the medium term, as resource slack diminished and inflation expectations remained stable.",2,neutral,neutral
"Measures of core inflation remained much more subdued, although they also moved up in some countries.",0,dovish,neutral
"The System Open Market Account Manager and the Secretary will keep the Committee informed of ongoing developments regarding the System's balance sheet that could affect the attainment over time of the Committee's objectives of maximum employment and price stability. """,2,neutral,neutral
Real outlays for office and computing equipment continued to grow rapidly as prices of personal computers and networking equipment remained on a steep downtrend.,2,neutral,neutral
"Market-based measures of inflation compensation had remained low, while survey-based measures of longer-term inflation expectations had changed little on balance.",0,dovish,neutral
"In any event, it was clear that forecasts in recent years typically had overstated the rise in inflation, and a great deal of uncertainty surrounded the extent to which productivity gains and other factors, some unspecified, might continue to hold down inflation in a period of robust economic growth and relatively tight labor markets.",2,neutral,neutral
"Reports from several Districts suggested that firms had greater scope than in the recent past to raise prices in response to strong demand or increases in input costs, including those associated with tariff increases and recent rises in fuel and freight expenses.",1,hawkish,hawkish
"Major reasons for optimism about the outlook were the substantial easing in monetary policy, whose lagged effects would be felt increasingly in the year ahead, and the fiscal stimulus measures that already had been enacted and might well be supplemented over coming months.",0,dovish,dovish
"At the conclusion of the discussion, the Committee voted to authorize and direct the Federal Reserve Bank of New York, until it was instructed otherwise, to execute transactions in the SOMA in accordance with the following domestic policy directive: ""Consistent with its statutory mandate, the Federal Open Market Committee seeks monetary and financial conditions that will foster maximum employment and price stability.",0,dovish,neutral
"Investor perceptions of a somewhat less accommodative tone of Federal Reserve communications, as well as the softer-than-expected reading for the April CPI, likely contributed to the decline in inflation compensation.",0,dovish,hawkish
"Nonetheless, those restraining influences were expected to abate over time and economic activity strengthen gradually.",2,neutral,neutral
"Going forward, consumer outlays were expected to be supported by further advances in employment and income.",1,hawkish,dovish
"At the same time, the staff viewed the risks around its outlook for the unemployment rate as roughly balanced.",2,neutral,neutral
"Core consumer inflation had moved lower, but overall consumer prices had been pushed up recently by sharp rises in energy prices.",1,hawkish,neutral
"However, this shortfall partly reflected the earlier declines in energy prices and decreasing prices of non-energy imports, and some participants pointed out that, by some measures, the most recent monthly inflation readings had firmed a bit.",0,dovish,neutral
"This assessment will take into account a wide range of information, including measures of labor market conditions, indicators of inflation pressures and inflation expectations, and readings on financial and international developments.",2,neutral,neutral
"Participants agreed that the longer-run normal federal funds rate was likely lower than in the past, in part because of secular forces that had put downward pressure on real interest rates.",0,dovish,neutral
Nonfarm payroll employment rose substantially further in October.,1,hawkish,neutral
Survey and market measures of long-term inflation expectations did not suggest that the earlier higher inflation readings were going to persist.,2,neutral,hawkish
Factors pointing to potentially higher inflation included increased pressures on food prices stemming from disappointing harvests in some areas and relatively low grain supplies.,1,hawkish,hawkish
"Over the medium term, participants expected strong growth in employment, driven by continued progress on vaccinations and an associated rebound of economic activity and of consumer and business confidence, as well as accommodative fiscal and monetary policy.",0,dovish,dovish
"Compared with the baseline, the disruption to economic activity was more severe and protracted in this scenario, with real GDP and inflation lower and the unemployment rate higher by the end of the medium-term projection.",0,dovish,dovish
"Two noted the possibility that sustained high levels of long-term unemployment could result in higher structural unemployment, an outcome that might be forestalled by increased aggregate demand.",0,dovish,dovish
"Over the intermeeting period, yields on short- and intermediate-term nominal Treasury securities fell, while yields on inflation-indexed Treasury securities of comparable maturity increased somewhat, pushing inflation compensation considerably lower at those horizons.",0,dovish,neutral
"Some members commented, however, that the relationship between the output gap and inflation was quite loose and that the outlook for productivity remained uncertain.",2,neutral,neutral
The Federal Open Market Committee seeks monetary and financial conditions that will foster price stability and promote sustainable growth in output.,2,neutral,neutral
Participants commented that demand for labor continued to outstrip available supply across many parts of the economy and that their business contacts continued to report difficulties in hiring and retaining workers.,2,neutral,neutral
"For 1998, the Committee agreed on a tentative basis to set the same ranges as in 1997 for growth of the monetary aggregates and debt, measured from the fourth quarter of 1997 to the fourth quarter of 1998.",2,neutral,neutral
"Housing demand and consumer spending firmed toward the end of the year, but capital spending remained quite weak in an environment of substantial business uncertainty and pessimism.",0,dovish,neutral
"Apart from notably adverse business sentiment and disappointing growth in sales and profits, factors that were curbing capital expenditures cited by members included persisting capital overhangs stemming from what were now seen as excessive earlier buildups in equipment and software and substantial idle capacity in many industrial and commercial structures.",0,dovish,neutral
"Members cited greater, albeit still occasional, indications of heightened worker demands in labor negotiations that likely were encouraged in part by ample job opportunities.",1,hawkish,hawkish
"The pace of real GDP growth was forecast to be faster over the second half of this year than in the first half, primarily reflecting a modest increase in the rate of growth of private domestic final purchases and a sizable turnaround in inventory investment.",1,hawkish,neutral
Members commented that the continued strong increases in energy and other commodity prices would prompt a difficult adjustment process involving both lower growth and higher rates of inflation in the near term.,2,neutral,hawkish
"The Committee also reiterated that it would continue its asset purchases, and employ its other policy tools as appropriate, until the outlook for the labor market has improved substantially in a context of price stability.",0,dovish,dovish
"The staff viewed the uncertainty around its December projections for real GDP growth, the unemployment rate, and inflation as similar to the average of the past 20 years.",2,neutral,neutral
"The growth of domestic nonfinancial debt slowed in October (latest data), reflecting a larger further paydown of federal debt and a reduced pace of private borrowing.",2,neutral,neutral
"As yields on inflation-indexed Treasury securities rose roughly in line with their nominal counterparts, longer-term inflation compensation remained about unchanged.",2,neutral,neutral
"At the conclusion of the discussion, the Committee voted to authorize and direct the Federal Reserve Bank of New York, until it was instructed otherwise, to execute transactions in the System Account in accordance with the following domestic policy directive: ""The Federal Open Market Committee seeks monetary and financial conditions that will foster price stability and promote sustainable growth in output.",1,hawkish,neutral
"In furtherance of these objectives, the Committee reaffirmed at its meeting in June the ranges it had established in February for growth of M2 and M3 of 1 to 5 percent and 2 to 6 percent respectively, measured from the fourth quarter of 1998 to the fourth quarter of 1999.",2,neutral,neutral
Persistently strong demand and increasingly supportive conditions in debt and equity markets suggested the possibility of rising inflation pressures.,1,hawkish,hawkish
"In the days immediately following the Brexit vote, asset prices were volatile, and some financial markets, particularly certain foreign exchange markets, experienced brief periods of strained liquidity.",2,neutral,neutral
"Moreover, a change in the ranges might be misinterpreted as a signal of greater reliance on the broad monetary aggregates in the formulation and conduct of monetary policy.",2,neutral,neutral
"In their discussion of the economic situation and outlook, meeting participants noted that the economic information received since the last meeting pointed to a somewhat more favorable outlook regarding both inflation and economic growth than they had earlier anticipated.",2,neutral,neutral
"Consistent with the view that recent lower inflation readings could be temporary, a number of participants mentioned the trimmed mean measure of PCE price inflation, produced by the Federal Reserve Bank of Dallas, which removes the influence of unusually large changes in the prices of individual items in either direction; these participants observed that the trimmed mean measure had been stable at or close to 2 percent over recent months.",2,neutral,neutral
"Those few members who expressed a preference for easing at this meeting believed that, with unit labor costs and inflation expectations contained, enough evidence of further weakness already existed to warrant an immediate action.",0,dovish,dovish
Some participants mentioned upside risks around the inflation outlook that could arise if temporary factors influencing inflation turned out to be more persistent than expected.,1,hawkish,hawkish
"Looking ahead, some growth in overall consumer spending appeared likely in association with the now more firmly entrenched economic expansion.",1,hawkish,neutral
"The staff continued to view the uncertainty around its projections for real GDP growth, the unemployment rate, and inflation as generally similar to the average of the past 20 years.",2,neutral,neutral
Indicators for China in July pointed to only a modest slowing of output growth from its torrid pace in the first half of the year.,2,neutral,neutral
"A potential negative cited by some members was the possibility that a weak job market, should it persist, would at some point adversely affect overall consumer sentiment and willingness to spend.",0,dovish,neutral
"Indeed, the members did not rule out the emergence of appreciably lower inflation.",0,dovish,dovish
"For the twelve months ended in September, prices of consumer items other than food and energy increased by a considerably smaller amount than in the year- earlier period.",2,neutral,neutral
"Headline stock price indexes in the AFEs generally ended the period higher, whereas bank stocks in Europe declined.",2,neutral,neutral
"Participants' Views on Current Conditions and the Economic Outlook In conjunction with this FOMC meeting, participants submitted their projections of the most likely outcomes for real GDP growth, the unemployment rate, and inflation for each year from 2022 through 2024 and over the longer run based on their individual assessments of appropriate monetary policy, including the path of the federal funds rate.",2,neutral,neutral
"Nearly all measures of total and core prices had decelerated over the past year, and in the context of forecasts implying a continued sizable gap between actual and potential output, the risk that inflationary pressures would intensify significantly over coming quarters appeared to be quite limited; indeed, inflation might edge a bit lower in the early stages of the expansion.",0,dovish,dovish
"The first round of the three-month U. S. dollar auctions that major foreign central banks announced on September 15 was held in October; demand was quite limited, and only the European Central Bank (ECB) drew on its swap line with the Federal Reserve.",1,hawkish,neutral
"Prominent among these risks were a possible intensification of strains in the euro zone, with potential spillovers to U. S. financial markets and institutions and thus to the broader U. S. economy; a larger-than-expected U. S. fiscal tightening; and the possibility of a further slowdown in global economic growth.",0,dovish,neutral
"In this regard, members referred to earlier unsustainable rates of investment by many high-tech firms that were now obliged to retrench despite still high rates of growth in the demand for their products and services.",1,hawkish,neutral
Participants agreed that the labor market had remained strong over the intermeeting period and that economic activity had risen at a moderate rate.,2,neutral,neutral
"The behavior of the monetary aggregates will continue to be evaluated in the light of progress toward price level stability, movements in their velocities, and developments in the economy and financial markets.",2,neutral,neutral
The deceleration seemed to reflect primarily an unwinding of heightened demand for the relative safety and liquidity of money market mutual funds that had boosted M2 in prior months.,0,dovish,neutral
"This assessment will take into account a wide range of information, including measures of labor market conditions, indicators of inflation pressures and inflation expectations, and readings on financial developments.",2,neutral,neutral
"The upswing in M2 growth since late winter stemmed in part from the temporary effects of mortgage refinancing, which boosted liquid deposits over this period, though M2 was also buoyed by strong gains in nominal income.",0,dovish,neutral
"In its March forecast, the staff's projection for real GDP growth over the medium term was somewhat higher than the one presented in January, mostly reflecting an improved outlook for economic activity abroad, a lower foreign exchange value for the dollar, and a higher projected path of equity prices.",2,neutral,neutral
"The slower growth of M2 followed strong expansion in August and September, however, and growth since midyear was at about the same pace as in the first half of the year.",2,neutral,neutral
"In their consideration of monetary policy at this meeting, participants reaffirmed that the Federal Reserve was committed to using its full range of tools to support the U. S. economy in this challenging time, thereby promoting its maximum-employment and price-stability goals.",0,dovish,dovish
"Some business contacts indicated that wage and price pressures were subdued; however, in one District, contacts pointed to rising wage pressures and labor shortages.",1,hawkish,neutral
Housing activity was generally holding up well across the country as the effects of appreciably reduced mortgage interest rates apparently compensated for the negative effects of declining financial wealth on the demand for housing.,0,dovish,neutral
"With today's action, the real federal funds rate--measured as the difference between the nominal funds rate and a moving average of core PCE inflation--would move slightly into positive territory.",1,hawkish,hawkish
"For now, the Committee should remain particularly vigilant to incoming information bearing on the outlook for inflation.",2,neutral,neutral
"Measures of longer-term inflation expectations edged up in early January, but remained lower than they had been in all but the last few weeks of 2008.",1,hawkish,neutral
"Although some decline in inflation could not be ruled out, persistence of the current degree of tightness in labor markets, consistent with the economy growing at a pace near its potential, could at some point begin to put more pressure on costs and prices, and growth somewhat above potential, which some members saw as a distinct possibility, would be even more likely to produce that result.",1,hawkish,hawkish
"Job gains had remained solid, and the unemployment rate had stayed near its recent low.",1,hawkish,neutral
"Looking ahead, reports from retailer contacts were somewhat mixed; many anticipated relatively depressed holiday sales and where possible were making efforts to limit buildups of holiday merchandise, while other retailers were confident that sales would be reasonably well maintained, albeit generally somewhat below levels or growth rates experienced in previous holiday seasons.",2,neutral,neutral
"With regard to the outlook for inflation, the gap between actual and potential output was anticipated to diminish only slowly unless aggregate demand expanded much more rapidly than the members currently foresaw.",2,neutral,neutral
They also agreed that the inflation situation seemed to have improved slightly and judged that it was no longer appropriate to indicate that a sustained moderation in inflation pressures had yet to be shown.,2,neutral,dovish
"The absence of further large gains in stock prices, should recent trends persist, would remove this stimulus and probably induce some moderation in the growth of consumer spending.",2,neutral,hawkish
"Without a reduction of aggregate demand growth, inflation would rise.",1,hawkish,hawkish
"Consumer sentiment was at or close to historically high levels according to recent surveys, evidently reflecting the strong uptrend in employment and income and to some extent the very large cumulative increase in stock market wealth over the course of recent years.",1,hawkish,neutral
"Advances in productivity had boosted profit margins, and high margins were helpful in that they could absorb some portion of any cost increases for a time.",2,neutral,neutral
Industrial production picked up in response to the advance in final demand and a slowdown in the runoff of excess inventory stocks.,2,neutral,neutral
"Participants agreed that the path of the economy would depend significantly on the course of the virus and that the ongoing public health crisis would continue to weigh on economic activity, employment, and inflation in the near term.",0,dovish,neutral
"As a result, as in the January forecast, real GDP was expected to rise at a moderate pace over 2011 and 2012, supported by accommodative monetary policy, increasing credit availability, and greater household and business confidence.",0,dovish,dovish
"However, in the view of at least some members, recent developments had reduced the unwelcome prospect of substantial additional disinflation.",2,neutral,hawkish
"Nonetheless, the Committee judged that some inflation risks remained.",1,hawkish,neutral
"Some participants stated that low interest rates appeared to be contributing to strong sales of autos or, more generally, of consumer durables.",2,neutral,dovish
"Survey-based measures of longer-run inflation expectations were little changed, on balance, in recent months, while market-based measures of inflation compensation remained low.",0,dovish,neutral
"The Committee expects that, with appropriate policy accommodation, economic growth will proceed at a moderate pace and the unemployment rate will gradually decline toward levels the Committee judges consistent with its dual mandate.",0,dovish,dovish
"In these circumstances, domestic demand would need to decelerate considerably for growth to proceed at a sustainable pace.",1,hawkish,neutral
"This increase was slower than a year earlier, as core PCE price inflation (which excludes changes in consumer food and energy prices) moved down to 1.",0,dovish,neutral
They also agreed that the war and related events were creating additional upward pressure on inflation and were weighing on global economic activity.,1,hawkish,hawkish
Several participants noted the increase in agricultural crop prices over 2020 and the associated improvement in farm revenues.,2,neutral,neutral
"Labor demand remained strong, and the labor market continued to be very tight.",0,dovish,hawkish
The members also agreed on the desirability of retaining the assessment that the risks with regard to the outlook for economic growth were balanced.,2,neutral,neutral
Another factor viewed as likely to exert a moderating effect on the growth of economic activity was the expectation of some slowing in inventory investment.,2,neutral,neutral
"In the context of the Committee's long-run objectives for price stability and sustainable economic growth, and giving careful consider- ation to economic, financial, and monetary developments, a somewhat higher federal funds rate would or a slightly lower federal funds rate might be acceptable in the intermeeting period.",2,neutral,neutral
"While labor markets were anticipated to remain tight in the near term, participants expected labor demand and supply to come into better balance over time, helping to ease upward pressure on wages and prices.",1,hawkish,dovish
"Members noted that most broad measures of inflation moved together over extended periods of time, but they did not always do so over short intervals.",2,neutral,neutral
"The Committee currently expects that, with gradual adjustments in the stance of monetary policy, economic activity will expand at a moderate pace and labor market indicators will strengthen.",0,dovish,neutral
"Consumer price inflation continued to run below the Committee's longer-run objective of 2 percent, restrained in part by earlier decreases in energy prices and in prices of non-energy imports.",0,dovish,dovish
Participants expected economic activity to contract sharply in the fourth quarter of 2008 and in early 2009.,0,dovish,dovish
Trends in wages and prices have remained stable in recent months.,2,neutral,neutral
Most participants continued to think that the cyclical pressures associated with a tightening labor market were likely to show through to higher inflation over the medium term.,1,hawkish,hawkish
"At earlier stages of processing, the producer price index for core intermediate materials continued to decline through May, albeit at a slower pace than that seen at the end of 2008.",0,dovish,neutral
"The pickup in demand had yet to materially narrow currently wide margins of idle labor and other resources, and these margins along with the uncertainties that still surrounded current forecasts of robust economic growth suggested that an accommodative monetary policy might remain desirable for a considerable period of time.",0,dovish,dovish
"Moreover, if declines in house prices were to damp consumption, that could feed back on employment and income, exerting additional restraint on the demand for housing.",0,dovish,neutral
"Against this background, the risks in the outlook for prices also seemed to be tilted toward somewhat higher inflation.",1,hawkish,hawkish
The unwinding in the early months of 1997 of special factors that had boosted net exports in the fourth quarter of 1996 was offsetting some of the effects on production of the persisting strength in domestic demand.,2,neutral,neutral
"For 1998, the Committee agreed on a tentative basis to set the same ranges as in 1997 for growth of the monetary aggregates and debt, measured from the fourth quarter of 1997 to the fourth quarter of 1998.",2,neutral,neutral
"In connection with the risks associated with an early start to policy normalization, many participants observed that a premature increase in rates might damp the apparent solid recovery in real activity and labor market conditions, undermining progress toward the Committee's objectives of maximum employment and 2 percent inflation.",2,neutral,dovish
More information might provide a better sense of how the higher interest rates were affecting aggregate demand and perhaps also help--to a small degree--to shed light on the considerable uncertainties surrounding the relationship of output to inflation.,1,hawkish,neutral
Recent data on core consumer prices led the staff to mark down slightly its forecast for core PCE inflation.,0,dovish,neutral
"Participants' assessments of the economic outlook were little changed, with the intermeeting information generally seen as suggesting that economic growth would remain moderate over coming quarters and then pick up gradually.",2,neutral,neutral
The effects of reduced monetary and fiscal policy stimulus were expected to be counterbalanced by continued low long-term interest rates and an abatement of energy-related headwinds.,2,neutral,neutral
"Looking ahead, the anticipated pickup in employment and related gains in incomes, undergirded by continued robust growth in structural productivity, was seen as supporting further expansion in consumer spending.",1,hawkish,dovish
Several members noted the benefits of accumulating further information that could help clarify the contours of the outlook for economic activity and inflation as well as the need for further policy action.,2,neutral,neutral
They noted that the realization of such a development could make it harder for the Committee to achieve 2 percent inflation over the longer run.,2,neutral,neutral
"Much of the current spending for equipment and software reportedly represented replacement demand largely associated with the short useful lives of various types of equipment, and there appeared to be little spending that would entail capital deepening.",2,neutral,neutral
Participants generally interpreted the information that became available during the intermeeting period as suggesting that economic growth would most likely remain moderate over coming quarters and then pick up very gradually.,2,neutral,neutral
"More broadly, signs of a pickup in growth in economic activity in some AFEs and emerging Asian economies other than China also appeared to contribute to the improvement in sentiment in financial markets.",2,neutral,neutral
"He thought future developments were equally likely to warrant an action in either direction, and he did not think the Committee should take a step that probably would cause expectations of further easing to become embedded in market interest rates.",2,neutral,hawkish
"Measures of inflation compensation based on TIPS fell in response to the soft reading on core inflation in the November CPI release but subsequently moved up against the backdrop of an improving global growth outlook, higher commodity prices, depreciation of the dollar, and the stronger-than-expected reading on core inflation in the December CPI release.",1,hawkish,neutral
"On balance, in light of the uncertainties in the outlook and given that a variety of special factors would continue to contain inflation for a time, the Committee could await further developments bearing on the strength of inflationary pressures without incurring a significant risk that disruptive policy actions would be needed later in response to an upturn in inflation and inflation expectations.",2,neutral,dovish
"A few participants judged that while the labor market was close to full employment, some margins of slack remained; these participants pointed to the employment-to-population ratio or the labor force participation rate for prime-age workers, which remained below pre-recession levels, as well as the absence to date of clear signs of a pickup in aggregate wage growth.",2,neutral,dovish
Such increases in productivity along with slack in foreign economies contributed to the very strong competition in most markets that was continuing generally to suppress efforts to raise prices.,2,neutral,neutral
"Yields on longer-term inflation-indexed Treasury securities, which are relatively illiquid, rose more sharply than did those on nominal securities.",1,hawkish,neutral
Participants' forecasts for economic growth for 2012 and 2013 were largely unchanged from their January projections and continued to indicate expectations that the recovery will strengthen somewhat over time.,2,neutral,neutral
"The faster pace of real GDP growth was expected to be supported by an easing in the restraint from changes in fiscal policy, increases in consumer and business confidence, further improvements in credit availability and financial conditions, and a pickup in the rate of foreign economic growth.",1,hawkish,dovish
Members expected to maintain an accommodative stance of monetary policy until those outcomes were achieved.,0,dovish,dovish
Some participants also noted that recent readings on some survey measures of consumers' inflation expectations had declined or stood at historically low levels.,0,dovish,dovish
"The unemployment rate was likely to remain low going forward, and various participants remarked that there were some indications that further strengthening in overall labor market conditions was possible without creating undesirable pressures on resources.",2,neutral,dovish
"Participants' Views on Current Conditions and the Economic Outlook In conjunction with this FOMC meeting, meeting participants--the 7 members of the Board of Governors and the presidents of the 12 Federal Reserve Banks, all of whom participate in the deliberations of the FOMC--submitted their assessments of real output growth, the unemployment rate, inflation, and the target federal funds rate for each year from 2013 through 2015 and over the longer run, under each participant's judgment of appropriate monetary policy.",2,neutral,neutral
Market-based measures of inflation compensation remained low; survey-based measures of longer-term inflation expectations had changed little on balance.,0,dovish,neutral
"Participants also observed that crude oil prices fell over the intermeeting period and other commodity prices also moderated, developments that were likely to damp headline inflation at the consumer level going forward.",0,dovish,dovish
"Even after adjusting for the effects of strikes on reported payrolls, the employment report for August showed weak job gains.",0,dovish,dovish
"It was observed that, after the early 1980s, the pass-through of energy prices into core inflation had been quite limited, suggesting that, in current circumstances, core inflation could stay relatively low and overall inflation would probably drop back if inflation expectations remained contained.",2,neutral,neutral
"In furtherance of these objectives, the Committee at its meeting in February established ranges for growth of M2 and M3 of 1 to 5 percent and 2 to 6 percent respectively, measured from the fourth quarter of 1998 to the fourth quarter of 1999.",2,neutral,neutral
"If incoming information broadly supports the Committee's expectation of ongoing improvement in labor market conditions and inflation moving back toward its longer-run objective, the Committee will likely reduce the pace of asset purchases in further measured steps at future meetings.",1,hawkish,hawkish
"Some members expressed a concern that in this context any further adverse shocks could have disproportionate effects, resulting in a significant slowing in growth going forward.",0,dovish,neutral
He was concerned that the flattening yield curve was partly due to falling longer-term inflation expectations or a lower neutral real rate of interest.,0,dovish,neutral
"In Japan, consumer prices were about unchanged, while wholesale prices edged up in March relative to their level of a year earlier and posted the first increase on a twelve-month basis since July 2000.",2,neutral,neutral
"Several mentioned that the revisions to the NIPA pointed to a modest downward adjustment in projected growth of actual and potential GDP, but thought that potential output growth was likely to be a bit higher than forecast by the staff.",2,neutral,neutral
"Members agreed that the Federal Reserve was committed to using its full range of tools to support the U. S. economy in this challenging time, thereby promoting its maximum-employment and price-stability goals.",0,dovish,dovish
"Some uncertainties, such as those associated with the election, had been resolved, but others persisted, including the prospects for oil prices and their consequences for the economy.",2,neutral,neutral
"To some, the continued subdued trend in wages was evidence of an absence of upward pressure on inflation from current levels of labor utilization.",0,dovish,dovish
"Depository institutions continued to bid aggressively for 28-day funds at the Term Auction Facility (TAF) during the intermeeting period, and demand for funds was strong at both of the 84-day TAF auctions.",0,dovish,neutral
"In their assessment of factors leading to this decision, the members focused on the further evidence that moderating demand and accelerating productivity were closing the gap between the growth of aggregate demand and potential supply, even before earlier Committee tightening actions had exerted their full restraining effects.",1,hawkish,neutral
The staff forecast prepared for this meeting suggested that the expansion in economic activity would slow in coming quarters to a pace somewhat above that of the economy's estimated potential and would moderate a bit further in 1998.,1,hawkish,neutral
"Indeed, the proposed reduction in the nominal federal funds rate would about offset the apparent increase in the real federal funds rate stemming from a recent decline in inflation.",0,dovish,dovish
Some participants judged that a less accommodative future stance of policy would likely be warranted and that the Committee should convey a strong commitment to address elevated inflation pressures.,1,hawkish,hawkish
"In these circumstances, the Committee believed that policy accommodation could be removed at a pace that would likely be measured but noted that it would respond to changes in economic prospects as needed to fulfill its obligation to maintain price stability.",1,hawkish,hawkish
"This assessment will take into account a wide range of information, including measures of labor market conditions, indicators of inflation pressures and inflation expectations, and readings on financial and international developments.",2,neutral,neutral
"Pressures on labor resources were likely to ease somewhat as the expansion of economic activity slowed, but inflation was projected to pick up gradually in association with a partial reversal of the decline in energy prices this year.",1,hawkish,hawkish
"This policy preference was based on expectations of growth in business activity at a pace averaging in the vicinity of the economy's potential, a perception among the members that the risks to such an outlook were more balanced than earlier, and anticipations that under these circumstances inflation would remain constrained.",2,neutral,dovish
