year,date,day_of_week,day_number,top10_gross,pct_change_yesterday,pct_change_last_week,num_releases,number1_release,number1_gross
2003,Dec 31New Year's Eve,Wednesday,365,"$31,297,176",-7%,+112.7%,33,The Lord of the Rings: The Return of the King,"$7,509,391"
2003,Dec 30,Tuesday,364,"$33,655,738",+2.9%,+37.7%,33,The Lord of the Rings: The Return of the King,"$9,615,240"
2003,Dec 29,Monday,363,"$32,692,309",-27.6%,+33.6%,33,The Lord of the Rings: The Return of the King,"$10,052,588"
2003,Dec 28,Sunday,362,"$45,131,519",-19.5%,+9.3%,37,The Lord of the Rings: The Return of the King,"$14,196,641"
2003,Dec 27,Saturday,361,"$56,086,805",-3.4%,+12.8%,37,The Lord of the Rings: The Return of the King,"$17,249,267"
2003,Dec 26,Friday,360,"$58,065,031",+25.5%,+50.1%,37,The Lord of the Rings: The Return of the King,"$19,152,196"
2003,Dec 25Christmas Day,Thursday,359,"$46,256,639",+24.6%,"+1,356.4%",41,The Lord of the Rings: The Return of the King,"$13,986,220"
2003,Dec 24,Wednesday,358,"$14,717,055",-39.8%,-62.7%,32,The Lord of the Rings: The Return of the King,"$7,544,400"
2003,Dec 23,Tuesday,357,"$24,448,919",-0.1%,+248.3%,34,The Lord of the Rings: The Return of the King,"$12,476,242"
2003,Dec 22,Monday,356,"$24,473,427",-40.7%,+328.7%,34,The Lord of the Rings: The Return of the King,"$13,563,208"
2003,Dec 21,Sunday,355,"$41,273,577",-17%,+121.6%,36,The Lord of the Rings: The Return of the King,"$23,326,111"
2003,Dec 20,Saturday,354,"$49,715,565",+28.6%,+48.1%,36,The Lord of the Rings: The Return of the King,"$27,492,053"
2003,Dec 19,Friday,353,"$38,673,102",+73.9%,+63.7%,36,The Lord of the Rings: The Return of the King,"$21,811,549"
2003,Dec 18,Thursday,352,"$22,232,970",-43.7%,+291.2%,29,The Lord of the Rings: The Return of the King,"$17,019,987"
2003,Dec 17,Wednesday,351,"$39,463,305",+462.2%,+584.1%,29,The Lord of the Rings: The Return of the King,"$34,450,834"
2003,Dec 16,Tuesday,350,"$7,019,621",+23%,+12.6%,30,Something's Gotta Give,"$1,580,422"
2003,Dec 15,Monday,349,"$5,708,350",-69.3%,-3.3%,31,Something's Gotta Give,"$1,487,724"
2003,Dec 14,Sunday,348,"$18,622,906",-44.5%,-18.5%,31,The Last Samurai,"$3,778,957"
2003,Dec 13,Saturday,347,"$33,559,373",+42.1%,-6.1%,31,Something's Gotta Give,"$7,026,916"
2003,Dec 12,Friday,346,"$23,617,693",+315.6%,-11.5%,31,Something's Gotta Give,"$5,270,128"
2003,Dec 11,Thursday,345,"$5,682,655",-1.5%,+4.2%,27,The Last Samurai,"$1,928,010"
2003,Dec 10,Wednesday,344,"$5,768,818",-7.5%,+8.7%,27,The Last Samurai,"$2,031,492"
2003,Dec 9,Tuesday,343,"$6,235,474",+5.6%,+4.8%,26,The Last Samurai,"$2,312,226"
2003,Dec 8,Monday,342,"$5,903,877",-74.2%,-3.9%,26,The Last Samurai,"$2,244,174"
2003,Dec 7,Sunday,341,"$22,846,349",-36.1%,-19.1%,27,The Last Samurai,"$6,686,637"
2003,Dec 6,Saturday,340,"$35,738,254",+33.9%,-34.6%,27,The Last Samurai,"$9,195,348"
2003,Dec 5,Friday,339,"$26,688,118",+389.4%,-53.5%,27,The Last Samurai,"$8,389,369"
2003,Dec 4,Thursday,338,"$5,452,948",+2.7%,-82.3%,30,Bad Santa,"$819,000"
2003,Dec 3,Wednesday,337,"$5,308,408",-10.8%,-78.5%,30,Bad Santa,"$788,000"
2003,Dec 2,Tuesday,336,"$5,949,724",-3.2%,-47.3%,30,Bad Santa,"$849,000"
2003,Dec 1,Monday,335,"$6,144,699",-78.2%,-26.4%,30,Bad Santa,"$868,000"
2003,Nov 30,Sunday,334,"$28,236,679",-48.3%,-14.7%,33,The Cat in the Hat,"$5,079,155"
2003,Nov 29,Saturday,333,"$54,644,611",-4.8%,+3.5%,33,The Cat in the Hat,"$9,308,895"
2003,Nov 28,Friday,332,"$57,426,179",+86.2%,+56.7%,33,The Cat in the Hat,"$10,071,635"
2003,Nov 27Thanksgiving,Thursday,331,"$30,840,264",+25%,+390.5%,39,Elf,"$5,497,000"
2003,Nov 26,Wednesday,330,"$24,678,194",+118.4%,+287.2%,37,The Haunted Mansion,"$4,548,648"
2003,Nov 25,Tuesday,329,"$11,300,191",+35.4%,+54%,31,The Cat in the Hat,"$2,580,680"
2003,Nov 24,Monday,328,"$8,346,651",-74.8%,+23.7%,31,The Cat in the Hat,"$1,974,480"
2003,Nov 23,Sunday,327,"$33,113,970",-37.3%,+7.7%,37,The Cat in the Hat,"$10,686,440"
2003,Nov 22,Saturday,326,"$52,787,740",+44.1%,+1.8%,38,The Cat in the Hat,"$16,402,040"
2003,Nov 21,Friday,325,"$36,637,914",+482.7%,+7.4%,38,The Cat in the Hat,"$11,240,680"
2003,Nov 20,Thursday,324,"$6,287,175",-1.4%,-14.3%,28,Master and Commander: The Far Side of the World,"$1,531,177"
2003,Nov 19,Wednesday,323,"$6,373,367",-13.2%,-12.3%,29,Master and Commander: The Far Side of the World,"$1,665,156"
2003,Nov 18,Tuesday,322,"$7,338,831",+8.7%,-64.4%,28,Master and Commander: The Far Side of the World,"$1,900,816"
2003,Nov 17,Monday,321,"$6,749,814",-78%,-53.1%,28,Master and Commander: The Far Side of the World,"$1,862,690"
2003,Nov 16,Sunday,320,"$30,741,502",-40.7%,-18.9%,36,Elf,"$7,229,000"
2003,Nov 15,Saturday,319,"$51,848,876",+52%,-13.4%,35,Elf,"$11,814,000"
2003,Nov 14,Friday,318,"$34,119,142",+364.9%,-20.1%,35,Master and Commander: The Far Side of the World,"$8,052,777"
2003,Nov 13,Thursday,317,"$7,338,368",+1%,-55.4%,36,The Matrix Revolutions,"$2,052,420"
2003,Nov 12,Wednesday,316,"$7,263,839",-64.8%,-75.1%,36,The Matrix Revolutions,"$2,223,433"
2003,Nov 11,Tuesday,315,"$20,618,864",+43.4%,+202.5%,34,Elf,"$5,681,000"
2003,Nov 10,Monday,314,"$14,382,226",-62.1%,+122.7%,36,The Matrix Revolutions,"$4,587,414"
2003,Nov 9,Sunday,313,"$37,903,332",-36.7%,+43.2%,36,The Matrix Revolutions,"$12,420,905"
2003,Nov 8,Saturday,312,"$59,875,964",+40.3%,+35.4%,36,The Matrix Revolutions,"$19,524,728"
2003,Nov 7,Friday,311,"$42,678,088",+159.3%,+161.7%,36,The Matrix Revolutions,"$16,529,521"
2003,Nov 6,Thursday,310,"$16,456,232",-43.6%,+142.8%,36,The Matrix Revolutions,"$11,003,481"
2003,Nov 5,Wednesday,309,"$29,175,861",+328%,+330%,36,The Matrix Revolutions,"$24,311,365"
2003,Nov 4,Tuesday,308,"$6,816,801",+5.6%,-10.3%,35,Brother Bear,"$1,612,628"
2003,Nov 3,Monday,307,"$6,457,049",-75.6%,-15.7%,35,Brother Bear,"$1,463,672"
2003,Nov 2,Sunday,306,"$26,476,373",-40.1%,-8.4%,38,Brother Bear,"$8,350,183"
2003,Nov 1,Saturday,305,"$44,218,814",+171.1%,-6.7%,38,Brother Bear,"$11,054,309"
2003,Oct 31Halloween,Friday,304,"$16,309,282",+140.6%,-58.9%,38,Scary Movie 3,"$4,416,000"
2003,Oct 30,Thursday,303,"$6,777,930",-0.1%,+0.9%,33,Scary Movie 3,"$2,063,000"
2003,Oct 29,Wednesday,302,"$6,785,600",-10.7%,+2.9%,33,Scary Movie 3,"$2,063,000"
2003,Oct 28,Tuesday,301,"$7,597,009",-0.8%,+0.4%,33,Scary Movie 3,"$2,483,000"
2003,Oct 27,Monday,300,"$7,659,270",-73.5%,+4.7%,33,Scary Movie 3,"$2,801,000"
2003,Oct 26,Sunday,299,"$28,889,498",-39.1%,+18%,40,Scary Movie 3,"$10,714,000"
2003,Oct 25,Saturday,298,"$47,399,627",+19.4%,+13.8%,39,Scary Movie 3,"$19,003,000"
2003,Oct 24,Friday,297,"$39,690,935",+490.9%,+19%,39,Scary Movie 3,"$18,397,000"
2003,Oct 23,Thursday,296,"$6,717,050",+1.9%,+3.5%,33,The Texas Chainsaw Massacre,"$1,867,000"
2003,Oct 22,Wednesday,295,"$6,594,172",-12.8%,+6.1%,33,The Texas Chainsaw Massacre,"$1,847,000"
2003,Oct 21,Tuesday,294,"$7,563,112",+3.4%,+18.1%,32,The Texas Chainsaw Massacre,"$2,212,000"
2003,Oct 20,Monday,293,"$7,315,086",-70.1%,-40.5%,32,The Texas Chainsaw Massacre,"$2,431,000"
2003,Oct 19,Sunday,292,"$24,481,408",-41.2%,-7.2%,41,The Texas Chainsaw Massacre,"$6,719,000"
2003,Oct 18,Saturday,291,"$41,660,696",+24.9%,+10.5%,41,The Texas Chainsaw Massacre,"$10,755,000"
2003,Oct 17,Friday,290,"$33,350,826",+414.1%,+12.5%,42,The Texas Chainsaw Massacre,"$10,620,000"
2003,Oct 16,Thursday,289,"$6,487,332",+4.4%,+34.8%,38,Kill Bill: Vol. 1,"$1,700,000"
2003,Oct 15,Wednesday,288,"$6,216,051",-2.9%,+37.6%,38,Kill Bill: Vol. 1,"$1,700,000"
2003,Oct 14,Tuesday,287,"$6,404,784",-47.9%,+23.3%,38,Kill Bill: Vol. 1,"$2,126,000"
2003,Oct 13Indig. Peoples' Day,Monday,286,"$12,287,570",-53.4%,+108.5%,72,Kill Bill: Vol. 1,"$3,196,215"
2003,Oct 12,Sunday,285,"$26,392,264",-30%,+36.6%,43,Kill Bill: Vol. 1,"$5,907,000"
2003,Oct 11,Saturday,284,"$37,686,842",+27.1%,+11.4%,43,Kill Bill: Vol. 1,"$7,995,000"
2003,Oct 10,Friday,283,"$29,644,597",+515.8%,+29.2%,43,Kill Bill: Vol. 1,"$8,187,000"
2003,Oct 9,Thursday,282,"$4,813,998",+6.6%,+1.9%,35,School of Rock,"$1,063,858"
2003,Oct 8,Wednesday,281,"$4,517,343",-13%,-3.1%,34,School of Rock,"$912,080"
2003,Oct 7,Tuesday,280,"$5,194,491",-11.9%,-2%,35,School of Rock,"$1,062,354"
2003,Oct 6,Monday,279,"$5,893,277",-69.5%,+18.4%,35,School of Rock,"$1,522,558"
2003,Oct 5,Sunday,278,"$19,319,086",-42.9%,+0.2%,44,School of Rock,"$4,903,911"
2003,Oct 4,Saturday,277,"$33,843,573",+47.5%,+5.1%,44,School of Rock,"$8,712,422"
2003,Oct 3,Friday,276,"$22,948,469",+385.7%,<0.1%,45,School of Rock,"$6,006,381"
2003,Oct 2,Thursday,275,"$4,724,677",+1.3%,-2.3%,36,The Rundown,"$1,009,125"
2003,Oct 1,Wednesday,274,"$4,663,923",-12%,-6.1%,36,The Rundown,"$1,008,640"
2003,Sep 30,Tuesday,273,"$5,300,871",+6.5%,-11.4%,36,The Rundown,"$1,213,985"
2003,Sep 29,Monday,272,"$4,975,906",-74.2%,-15.5%,36,The Rundown,"$1,197,760"
2003,Sep 28,Sunday,271,"$19,279,459",-40.1%,-8.5%,44,The Rundown,"$4,842,565"
2003,Sep 27,Saturday,270,"$32,204,574",+40.3%,-10.1%,44,The Rundown,"$7,675,120"
2003,Sep 26,Friday,269,"$22,955,915",+374.7%,-21.7%,47,The Rundown,"$6,036,080"
2003,Sep 25,Thursday,268,"$4,835,984",-2.6%,+18.6%,39,Underworld,"$1,221,220"
2003,Sep 24,Wednesday,267,"$4,964,650",-17%,+17%,39,Underworld,"$1,273,391"
2003,Sep 23,Tuesday,266,"$5,979,559",+1.5%,+22.8%,39,Underworld,"$1,646,698"
2003,Sep 22,Monday,265,"$5,891,503",-72%,+30%,45,Underworld,"$1,711,827"
2003,Sep 21,Sunday,264,"$21,078,577",-41.1%,+18.3%,48,Underworld,"$5,231,761"
2003,Sep 20,Saturday,263,"$35,814,687",+22.2%,+21.4%,48,Underworld,"$7,917,804"
2003,Sep 19,Friday,262,"$29,310,632",+618.6%,+29.6%,48,Underworld,"$8,604,194"
2003,Sep 18,Thursday,261,"$4,078,588",-3.9%,+40%,49,Once Upon a Time in Mexico,"$1,402,874"
2003,Sep 17,Wednesday,260,"$4,244,620",-12.8%,+47%,49,Once Upon a Time in Mexico,"$1,506,592"
2003,Sep 16,Tuesday,259,"$4,870,158",+7.5%,+50.3%,49,Once Upon a Time in Mexico,"$1,857,387"
2003,Sep 15,Monday,258,"$4,531,616",-74.6%,+62.6%,49,Once Upon a Time in Mexico,"$1,753,584"
2003,Sep 14,Sunday,257,"$17,820,537",-39.6%,+52.4%,51,Once Upon a Time in Mexico,"$6,267,426"
2003,Sep 13,Saturday,256,"$29,500,969",+30.4%,+41.4%,51,Once Upon a Time in Mexico,"$8,358,901"
2003,Sep 12,Friday,255,"$22,622,927",+676.7%,+65.8%,52,Once Upon a Time in Mexico,"$8,797,791"
2003,Sep 11,Thursday,254,"$2,912,668",+0.9%,-23.7%,48,Pirates of the Caribbean: The Curse of the Black Pearl,"$401,035"
2003,Sep 10,Wednesday,253,"$2,887,282",-10.9%,-29.4%,48,Open Range,"$377,067"
2003,Sep 9,Tuesday,252,"$3,240,598",+16.3%,-36%,48,Pirates of the Caribbean: The Curse of the Black Pearl,"$433,870"
2003,Sep 8,Monday,251,"$2,786,120",-76.2%,-87.7%,48,Jeepers Creepers 2,"$417,293"
2003,Sep 7,Sunday,250,"$11,693,552",-43.9%,-56.1%,51,Jeepers Creepers 2,"$1,653,075"
2003,Sep 6,Saturday,249,"$20,860,538",+52.9%,-24.8%,51,Dickie Roberts: Former Child Star,"$2,987,513"
2003,Sep 5,Friday,248,"$13,647,269",+257.3%,-34.6%,51,Dickie Roberts: Former Child Star,"$2,067,445"
2003,Sep 4,Thursday,247,"$3,819,457",-6.6%,-42.3%,48,Jeepers Creepers 2,"$651,434"
2003,Sep 3,Wednesday,246,"$4,088,988",-19.3%,-43.1%,48,Jeepers Creepers 2,"$751,078"
2003,Sep 2,Tuesday,245,"$5,066,653",-77.6%,-41.3%,48,Jeepers Creepers 2,"$953,111"
2003,Sep 1Labor Day,Monday,244,"$22,640,279",-15%,+163.9%,50,Freaky Friday,"$3,381,996"
2003,Aug 31,Sunday,243,"$26,628,071",-4%,+22%,50,Jeepers Creepers 2,"$4,514,179"
2003,Aug 30,Saturday,242,"$27,739,656",+32.8%,-13.6%,50,Jeepers Creepers 2,"$5,442,909"
2003,Aug 29,Friday,241,"$20,882,222",+215.4%,-19.9%,50,Jeepers Creepers 2,"$5,312,236"
2003,Aug 28,Thursday,240,"$6,620,187",-7.9%,-45.2%,49,S.W.A.T.,"$867,559"
2003,Aug 27,Wednesday,239,"$7,187,006",-16.8%,-42.6%,48,S.W.A.T.,"$928,149"
2003,Aug 26,Tuesday,238,"$8,637,730",+0.7%,-40.6%,48,S.W.A.T.,"$1,152,990"
2003,Aug 25,Monday,237,"$8,577,570",-60.7%,-42.5%,48,Freddy vs. Jason,"$1,269,000"
2003,Aug 24,Sunday,236,"$21,827,208",-32%,-39%,50,Freddy vs. Jason,"$3,490,000"
2003,Aug 23,Saturday,235,"$32,102,444",+23.1%,-35.1%,50,Freddy vs. Jason,"$5,288,000"
2003,Aug 22,Friday,234,"$26,074,042",+115.9%,-38.4%,49,Freddy vs. Jason,"$4,375,000"
2003,Aug 21,Thursday,233,"$12,075,261",-3.5%,+5.8%,43,Freddy vs. Jason,"$2,207,000"
2003,Aug 20,Wednesday,232,"$12,516,232",-14%,-8.6%,43,Freddy vs. Jason,"$2,504,000"
2003,Aug 19,Tuesday,231,"$14,546,587",-2.6%,-9.9%,42,Freddy vs. Jason,"$3,210,000"
2003,Aug 18,Monday,230,"$14,927,600",-58.2%,-10.1%,42,Freddy vs. Jason,"$3,695,000"
2003,Aug 17,Sunday,229,"$35,753,617",-27.7%,-1.9%,43,Freddy vs. Jason,"$9,495,000"
2003,Aug 16,Saturday,228,"$49,464,142",+16.8%,+4.1%,43,Freddy vs. Jason,"$12,832,000"
2003,Aug 15,Friday,227,"$42,356,999",+271.1%,+3.4%,43,Freddy vs. Jason,"$14,101,000"
2003,Aug 14,Thursday,226,"$11,413,179",-16.7%,-36.3%,38,S.W.A.T.,"$2,645,609"
2003,Aug 13,Wednesday,225,"$13,696,273",-15.1%,-30.5%,39,S.W.A.T.,"$3,239,607"
2003,Aug 12,Tuesday,224,"$16,136,994",-2.9%,-5.7%,39,S.W.A.T.,"$4,047,268"
2003,Aug 11,Monday,223,"$16,611,213",-54.4%,-7.6%,39,S.W.A.T.,"$4,555,338"
2003,Aug 10,Sunday,222,"$36,428,835",-23.3%,-4.9%,41,S.W.A.T.,"$10,435,323"
2003,Aug 9,Saturday,221,"$47,514,419",+16%,-1.6%,41,S.W.A.T.,"$13,042,768"
2003,Aug 8,Friday,220,"$40,957,483",+128.7%,+0.6%,41,S.W.A.T.,"$13,584,444"
2003,Aug 7,Thursday,219,"$17,909,602",-9.2%,+4.9%,38,Freaky Friday,"$4,892,329"
2003,Aug 6,Wednesday,218,"$19,719,033",+15.2%,+16.8%,38,Freaky Friday,"$6,005,641"
2003,Aug 5,Tuesday,217,"$17,112,263",-4.8%,-9.3%,37,American Wedding,"$4,502,885"
2003,Aug 4,Monday,216,"$17,974,200",-53.1%,-7.2%,37,American Wedding,"$5,027,620"
2003,Aug 3,Sunday,215,"$38,305,614",-20.7%,-10.1%,39,American Wedding,"$9,833,200"
2003,Aug 2,Saturday,214,"$48,288,564",+18.7%,-9.9%,39,American Wedding,"$11,308,180"
2003,Aug 1,Friday,213,"$40,696,505",+138.5%,-12.7%,39,American Wedding,"$12,228,060"
2003,Jul 31,Thursday,212,"$17,065,622",+1.1%,+6.7%,37,Spy Kids 3: Game Over,"$3,554,000"
2003,Jul 30,Wednesday,211,"$16,882,346",-10.5%,-1.7%,37,Spy Kids 3: Game Over,"$3,555,000"
2003,Jul 29,Tuesday,210,"$18,856,834",-2.7%,-2%,37,Spy Kids 3: Game Over,"$4,086,000"
2003,Jul 28,Monday,209,"$19,371,534",-54.5%,+0.5%,37,Spy Kids 3: Game Over,"$4,394,000"
2003,Jul 27,Sunday,208,"$42,615,739",-20.5%,+8.8%,40,Spy Kids 3: Game Over,"$9,424,000"
2003,Jul 26,Saturday,207,"$53,582,093",+15%,+8.4%,40,Spy Kids 3: Game Over,"$11,847,000"
2003,Jul 25,Friday,206,"$46,605,230",+191.4%,+1.1%,40,Spy Kids 3: Game Over,"$12,146,000"
2003,Jul 24,Thursday,205,"$15,994,575",-6.9%,+1.2%,34,Pirates of the Caribbean: The Curse of the Black Pearl,"$4,831,182"
2003,Jul 23,Wednesday,204,"$17,178,849",-10.8%,-3%,33,Pirates of the Caribbean: The Curse of the Black Pearl,"$5,082,012"
2003,Jul 22,Tuesday,203,"$19,249,923",-0.1%,+4.2%,33,Pirates of the Caribbean: The Curse of the Black Pearl,"$5,449,233"
2003,Jul 21,Monday,202,"$19,272,284",-50.8%,+5.5%,33,Bad Boys II,"$6,017,302"
2003,Jul 20,Sunday,201,"$39,185,266",-20.7%,+3%,36,Bad Boys II,"$13,435,935"
2003,Jul 19,Saturday,200,"$49,443,802",+7.2%,-1.2%,36,Bad Boys II,"$16,203,568"
2003,Jul 18,Friday,199,"$46,110,197",+191.7%,+5.5%,36,Bad Boys II,"$16,883,057"
2003,Jul 17,Thursday,198,"$15,809,809",-10.8%,-34%,29,Pirates of the Caribbean: The Curse of the Black Pearl,"$6,434,540"
2003,Jul 16,Wednesday,197,"$17,716,304",-4.1%,-36%,29,Pirates of the Caribbean: The Curse of the Black Pearl,"$7,056,602"
2003,Jul 15,Tuesday,196,"$18,469,202",+1.1%,+4.8%,29,Pirates of the Caribbean: The Curse of the Black Pearl,"$7,351,137"
2003,Jul 14,Monday,195,"$18,267,508",-52%,+2%,29,Pirates of the Caribbean: The Curse of the Black Pearl,"$7,504,567"
2003,Jul 13,Sunday,194,"$38,025,531",-24%,+0.1%,32,Pirates of the Caribbean: The Curse of the Black Pearl,"$14,374,903"
2003,Jul 12,Saturday,193,"$50,055,535",+14.5%,-3.3%,32,Pirates of the Caribbean: The Curse of the Black Pearl,"$17,414,693"
2003,Jul 11,Friday,192,"$43,711,526",+82.6%,+30.3%,32,Pirates of the Caribbean: The Curse of the Black Pearl,"$14,841,094"
2003,Jul 10,Thursday,191,"$23,938,102",-13.5%,-25.4%,34,Pirates of the Caribbean: The Curse of the Black Pearl,"$10,486,019"
2003,Jul 9,Wednesday,190,"$27,663,339",+57%,-15.3%,34,Pirates of the Caribbean: The Curse of the Black Pearl,"$13,509,262"
2003,Jul 8,Tuesday,189,"$17,622,963",-1.6%,+1.8%,33,Terminator 3: Rise of the Machines,"$5,038,209"
2003,Jul 7,Monday,188,"$17,909,747",-52.8%,+15.9%,33,Terminator 3: Rise of the Machines,"$5,705,435"
2003,Jul 6,Sunday,187,"$37,981,909",-26.6%,+22.3%,35,Terminator 3: Rise of the Machines,"$13,264,560"
2003,Jul 5,Saturday,186,"$51,745,433",+54.3%,+27.8%,35,Terminator 3: Rise of the Machines,"$17,740,575"
2003,Jul 4Independence Day,Friday,185,"$33,540,505",+4.5%,-7.5%,35,Terminator 3: Rise of the Machines,"$13,036,305"
2003,Jul 3,Thursday,184,"$32,102,705",-1.7%,+130.4%,36,Terminator 3: Rise of the Machines,"$11,875,296"
2003,Jul 2,Wednesday,183,"$32,670,973",+88.8%,+137.5%,36,Terminator 3: Rise of the Machines,"$12,435,320"
2003,Jul 1,Tuesday,182,"$17,304,509",+12%,+17.4%,33,Charlie's Angels: Full Throttle,"$4,081,025"
2003,Jun 30,Monday,181,"$15,448,576",-50.3%,+0.9%,34,Charlie's Angels: Full Throttle,"$4,842,833"
2003,Jun 29,Sunday,180,"$31,056,714",-23.3%,-19.1%,36,Charlie's Angels: Full Throttle,"$10,017,512"
2003,Jun 28,Saturday,179,"$40,503,785",+11.7%,-21.6%,36,Charlie's Angels: Full Throttle,"$13,005,042"
2003,Jun 27,Friday,178,"$36,260,668",+160.2%,-25.4%,36,Charlie's Angels: Full Throttle,"$14,611,667"
2003,Jun 26,Thursday,177,"$13,936,308",+1.3%,-1.2%,35,Hulk,"$4,079,335"
2003,Jun 25,Wednesday,176,"$13,756,845",-6.7%,-4.4%,35,Hulk,"$4,355,400"
2003,Jun 24,Tuesday,175,"$14,745,109",-3.7%,+3.5%,35,Hulk,"$5,070,325"
2003,Jun 23,Monday,174,"$15,309,075",-60.1%,+14.7%,35,Hulk,"$6,112,200"
2003,Jun 22,Sunday,173,"$38,401,096",-25.7%,+22.8%,35,Hulk,"$16,305,255"
2003,Jun 21,Saturday,172,"$51,685,489",+6.3%,+15.4%,35,Hulk,"$21,539,100"
2003,Jun 20,Friday,171,"$48,610,322",+244.7%,+27.7%,35,Hulk,"$24,284,065"
2003,Jun 19,Thursday,170,"$14,100,170",-2%,-2.4%,33,Finding Nemo,"$4,147,211"
2003,Jun 18,Wednesday,169,"$14,390,077",+1%,+5.1%,33,Finding Nemo,"$4,229,562"
2003,Jun 17,Tuesday,168,"$14,242,575",+6.7%,-2%,33,Finding Nemo,"$3,967,544"
2003,Jun 16,Monday,167,"$13,350,106",-57.3%,-6.4%,33,Finding Nemo,"$3,578,936"
2003,Jun 15,Sunday,166,"$31,262,125",-30.2%,-27.8%,36,Finding Nemo,"$8,525,834"
2003,Jun 14,Saturday,165,"$44,782,401",+17.6%,-28.8%,36,Finding Nemo,"$11,318,294"
2003,Jun 13,Friday,164,"$38,072,964",+163.5%,-21.9%,36,Finding Nemo,"$8,540,355"
2003,Jun 12,Thursday,163,"$14,450,678",+5.5%,+0.1%,33,Finding Nemo,"$5,053,355"
2003,Jun 11,Wednesday,162,"$13,696,794",-5.8%,-7.8%,33,Finding Nemo,"$4,837,555"
2003,Jun 10,Tuesday,161,"$14,535,555",+1.9%,-10.7%,33,Finding Nemo,"$4,665,338"
2003,Jun 9,Monday,160,"$14,266,051",-67.1%,-5.3%,33,Finding Nemo,"$4,502,691"
2003,Jun 8,Sunday,159,"$43,308,111",-31.2%,-11.9%,36,Finding Nemo,"$14,781,256"
2003,Jun 7,Saturday,158,"$62,939,373",+29.1%,-8.9%,36,Finding Nemo,"$19,504,251"
2003,Jun 6,Friday,157,"$48,763,597",+237.8%,+1.6%,36,2 Fast 2 Furious,"$19,664,160"
2003,Jun 5,Thursday,156,"$14,433,912",-2.9%,+48.1%,33,Finding Nemo,"$6,350,181"
2003,Jun 4,Wednesday,155,"$14,862,368",-8.7%,+49.4%,33,Finding Nemo,"$6,724,702"
2003,Jun 3,Tuesday,154,"$16,270,597",+8%,+50.5%,33,Finding Nemo,"$7,181,987"
2003,Jun 2,Monday,153,"$15,059,833",-69.4%,-61.6%,34,Finding Nemo,"$6,945,560"
2003,Jun 1,Sunday,152,"$49,156,943",-28.8%,-1.5%,34,Finding Nemo,"$22,032,107"
2003,May 31,Saturday,151,"$69,053,380",+43.9%,+17.9%,34,Finding Nemo,"$28,011,547"
2003,May 30,Friday,150,"$48,002,297",+392.5%,+14.3%,34,Finding Nemo,"$20,208,056"
2003,May 29,Thursday,149,"$9,747,428",-2%,-6.3%,34,Bruce Almighty,"$4,510,485"
2003,May 28,Wednesday,148,"$9,947,432",-8%,-2.6%,34,Bruce Almighty,"$4,684,635"
2003,May 27,Tuesday,147,"$10,809,193",-72.4%,-5.7%,34,Bruce Almighty,"$5,137,425"
2003,May 26Memorial Day,Monday,146,"$39,172,866",-21.5%,+167.4%,35,Bruce Almighty,"$17,780,715"
2003,May 25,Sunday,145,"$49,916,907",-14.8%,+16.7%,35,Bruce Almighty,"$22,413,105"
2003,May 24,Saturday,144,"$58,554,708",+39.4%,-4.7%,35,Bruce Almighty,"$25,425,900"
2003,May 23,Friday,143,"$42,007,816",+303.9%,-14.1%,35,Bruce Almighty,"$20,114,325"
2003,May 22,Thursday,142,"$10,399,305",+1.8%,-75.1%,34,The Matrix Reloaded,"$5,627,160"
2003,May 21,Wednesday,141,"$10,214,099",-10.9%,+3%,34,The Matrix Reloaded,"$6,323,052"
2003,May 20,Tuesday,140,"$11,463,700",-21.8%,+91.5%,34,The Matrix Reloaded,"$7,528,447"
2003,May 19,Monday,139,"$14,650,652",-65.8%,+123.5%,34,The Matrix Reloaded,"$10,108,350"
2003,May 18,Sunday,138,"$42,778,122",-30.4%,+48.5%,39,The Matrix Reloaded,"$26,054,783"
2003,May 17,Saturday,137,"$61,473,782",+25.7%,+46.5%,39,The Matrix Reloaded,"$34,389,237"
2003,May 16,Friday,136,"$48,903,577",+17.3%,+65.3%,39,The Matrix Reloaded,"$31,330,393"
2003,May 15,Thursday,135,"$41,701,589",+320.6%,+457%,49,The Matrix Reloaded,"$37,508,303"
2003,May 14,Wednesday,134,"$9,914,499",+65.6%,+29.6%,49,The Matrix Reloaded,"$5,000,000"
2003,May 13,Tuesday,133,"$5,987,490",-8.6%,-34.5%,48,X2: X-Men United,"$2,585,342"
2003,May 12,Monday,132,"$6,553,982",-77.3%,-29.6%,48,X2: X-Men United,"$3,002,778"
2003,May 11,Sunday,131,"$28,812,472",-31.3%,-19.4%,48,X2: X-Men United,"$10,551,383"
2003,May 10,Saturday,130,"$41,957,700",+41.9%,-23.6%,48,X2: X-Men United,"$17,108,345"
2003,May 9,Friday,129,"$29,578,314",+295.1%,-38.7%,48,X2: X-Men United,"$12,372,432"
2003,May 8,Thursday,128,"$7,486,769",-2.2%,+89.7%,46,X2: X-Men United,"$4,602,146"
2003,May 7,Wednesday,127,"$7,652,309",-16.3%,+91.5%,46,X2: X-Men United,"$4,896,464"
2003,May 6,Tuesday,126,"$9,138,969",-1.8%,+112.6%,51,X2: X-Men United,"$6,037,803"
2003,May 5,Monday,125,"$9,306,021",-74%,+121.9%,52,X2: X-Men United,"$6,549,717"
2003,May 4,Sunday,124,"$35,754,770",-34.9%,+128.7%,87,X2: X-Men United,"$22,310,123"
2003,May 3,Saturday,123,"$54,941,978",+13.9%,+70.9%,89,X2: X-Men United,"$32,000,629"
2003,May 2,Friday,122,"$48,224,063","+1,121.7%",+103.7%,89,X2: X-Men United,"$31,247,979"
2003,May 1,Thursday,121,"$3,947,248",-1.2%,-43.1%,77,Identity,"$1,023,935"
2003,Apr 30,Wednesday,120,"$3,995,045",-7.1%,-42.5%,80,Identity,"$1,061,749"
2003,Apr 29,Tuesday,119,"$4,298,347",+2.5%,-43.8%,80,Identity,"$1,217,781"
2003,Apr 28,Monday,118,"$4,194,697",-73.2%,-59.1%,79,Identity,"$1,234,840"
2003,Apr 27,Sunday,117,"$15,632,387",-51.4%,-16.9%,84,Identity,"$3,608,784"
2003,Apr 26,Saturday,116,"$32,157,040",+35.8%,+4.3%,84,Anger Management,"$7,077,718"
2003,Apr 25,Friday,115,"$23,677,379",+241.1%,-31.3%,84,Identity,"$5,814,196"
2003,Apr 24,Thursday,114,"$6,940,766",-0.1%,-35.4%,44,Anger Management,"$1,828,437"
2003,Apr 23,Wednesday,113,"$6,950,426",-9.1%,-5.3%,49,Anger Management,"$1,905,703"
2003,Apr 22,Tuesday,112,"$7,643,128",-25.5%,+19.1%,49,Anger Management,"$2,103,344"
2003,Apr 21,Monday,111,"$10,264,080",-45.5%,+63.9%,48,Anger Management,"$2,640,601"
2003,Apr 20Easter Sunday,Sunday,110,"$18,820,389",-38.9%,-1.9%,73,Anger Management,"$5,361,584"
2003,Apr 19,Saturday,109,"$30,825,857",-10.5%,-11%,73,Anger Management,"$9,566,257"
2003,Apr 18,Friday,108,"$34,440,783",+220.8%,+26%,73,Anger Management,"$10,077,747"
2003,Apr 17,Thursday,107,"$10,737,568",+46.3%,+128.2%,43,Anger Management,"$4,320,587"
2003,Apr 16,Wednesday,106,"$7,339,002",+14.3%,+54.1%,43,Anger Management,"$2,607,646"
2003,Apr 15,Tuesday,105,"$6,419,669",+2.5%,+18.9%,43,Anger Management,"$2,956,242"
2003,Apr 14,Monday,104,"$6,262,504",-67.4%,+32.4%,52,Anger Management,"$2,929,271"
2003,Apr 13,Sunday,103,"$19,191,956",-44.6%,-3.1%,69,Anger Management,"$9,296,191"
2003,Apr 12,Saturday,102,"$34,618,747",+26.6%,+2.5%,69,Anger Management,"$17,549,412"
2003,Apr 11,Friday,101,"$27,336,661",+480.9%,+13.3%,69,Anger Management,"$15,375,244"
2003,Apr 10,Thursday,100,"$4,705,751",-1.2%,+1.1%,65,Phone Booth,"$922,152"
2003,Apr 9,Wednesday,99,"$4,762,170",-11.8%,+1.6%,65,Phone Booth,"$967,348"
2003,Apr 8,Tuesday,98,"$5,398,720",+14.1%,+2%,65,Phone Booth,"$1,165,788"
2003,Apr 7,Monday,97,"$4,730,852",-76.1%,-11.6%,65,Phone Booth,"$1,021,739"
2003,Apr 6,Sunday,96,"$19,809,853",-41.3%,-8.3%,65,Phone Booth,"$3,695,030"
2003,Apr 5,Saturday,95,"$33,762,645",+40%,-5.7%,65,Phone Booth,"$6,151,537"
2003,Apr 4,Friday,94,"$24,122,510",+418.1%,-1.5%,65,Phone Booth,"$5,174,521"
2003,Apr 3,Thursday,93,"$4,655,521",-0.6%,-22.8%,57,Head of State,"$720,582"
2003,Apr 2,Wednesday,92,"$4,685,295",-11.4%,-17.7%,57,Basic,"$726,995"
2003,Apr 1,Tuesday,91,"$5,290,666",-1.1%,-13.9%,57,Basic,"$861,529"
2003,Mar 31,Monday,90,"$5,350,308",-75.2%,-7.9%,56,Basic,"$848,474"
2003,Mar 30,Sunday,89,"$21,597,250",-39.7%,+12.8%,58,Head of State,"$3,204,104"
2003,Mar 29,Saturday,88,"$35,807,675",+46.3%,+3.4%,57,Head of State,"$5,846,054"
2003,Mar 28,Friday,87,"$24,478,985",+306%,-0.6%,58,Head of State,"$4,453,326"
2003,Mar 27,Thursday,86,"$6,028,849",+6%,-2.2%,46,Bringing Down the House,"$1,147,018"
2003,Mar 26,Wednesday,85,"$5,689,832",-7.4%,-2.6%,46,Bringing Down the House,"$1,018,884"
2003,Mar 25,Tuesday,84,"$6,141,584",+5.8%,-10%,46,Bringing Down the House,"$1,069,966"
2003,Mar 24,Monday,83,"$5,807,573",-69.7%,-2.7%,46,Dreamcatcher,"$1,108,321"
2003,Mar 23,Sunday,82,"$19,154,018",-44.7%,-14%,53,Dreamcatcher,"$3,584,049"
2003,Mar 22,Saturday,81,"$34,633,538",+40.7%,-8.5%,53,Bringing Down the House,"$7,656,729"
2003,Mar 21,Friday,80,"$24,621,001",+299.2%,-7.7%,53,Dreamcatcher,"$5,454,567"
2003,Mar 20,Thursday,79,"$6,166,957",+5.6%,-10.5%,48,Bringing Down the House,"$1,483,094"
2003,Mar 19,Wednesday,78,"$5,839,198",-14.4%,-15%,48,Bringing Down the House,"$1,344,996"
2003,Mar 18,Tuesday,77,"$6,822,423",+14.3%,-11.6%,48,Bringing Down the House,"$1,580,600"
2003,Mar 17,Monday,76,"$5,971,049",-73.2%,-15.2%,48,Bringing Down the House,"$1,448,816"
2003,Mar 16,Sunday,75,"$22,269,180",-41.1%,-8.6%,50,Bringing Down the House,"$5,364,266"
2003,Mar 15,Saturday,74,"$37,840,454",+41.9%,-3.8%,50,Bringing Down the House,"$9,945,069"
2003,Mar 14,Friday,73,"$26,675,778",+287.1%,-4.8%,50,Bringing Down the House,"$6,745,599"
2003,Mar 13,Thursday,72,"$6,891,071",+0.3%,+37.5%,46,Bringing Down the House,"$1,988,636"
2003,Mar 12,Wednesday,71,"$6,872,937",-11%,+37.7%,46,Bringing Down the House,"$1,967,248"
2003,Mar 11,Tuesday,70,"$7,720,124",+9.7%,+39.4%,45,Bringing Down the House,"$2,121,179"
2003,Mar 10,Monday,69,"$7,038,192",-71.1%,+28.8%,45,Bringing Down the House,"$2,054,137"
2003,Mar 9,Sunday,68,"$24,357,267",-38.1%,+9.9%,47,Bringing Down the House,"$7,901,405"
2003,Mar 8,Saturday,67,"$39,326,820",+40.4%,+11.2%,47,Bringing Down the House,"$13,360,006"
2003,Mar 7,Friday,66,"$28,018,582",+458.9%,+13.5%,47,Bringing Down the House,"$9,839,615"
2003,Mar 6,Thursday,65,"$5,012,932",+0.4%,-14.2%,40,Old School,"$1,055,650"
2003,Mar 5,Wednesday,64,"$4,991,096",-9.9%,-16%,40,Old School,"$1,010,444"
2003,Mar 4,Tuesday,63,"$5,537,325",+1.3%,-13.5%,40,Cradle 2 the Grave,"$1,056,185"
2003,Mar 3,Monday,62,"$5,465,558",-75.3%,-4.5%,40,Cradle 2 the Grave,"$1,149,162"
2003,Mar 2,Sunday,61,"$22,165,604",-37.3%,-4.6%,42,Cradle 2 the Grave,"$4,276,042"
2003,Mar 1,Saturday,60,"$35,379,131",+43.3%,-8.7%,43,Cradle 2 the Grave,"$6,190,212"
2003,Feb 28,Friday,59,"$24,681,528",+322.3%,-10.9%,42,Cradle 2 the Grave,"$6,055,214"
2003,Feb 27,Thursday,58,"$5,845,182",-1.6%,-22.2%,38,Old School,"$1,405,635"
2003,Feb 26,Wednesday,57,"$5,938,421",-7.3%,-17.5%,37,Old School,"$1,456,542"
2003,Feb 25,Tuesday,56,"$6,402,903",+11.9%,-23.9%,37,Old School,"$1,540,369"
2003,Feb 24,Monday,55,"$5,720,120",-75.4%,-65.3%,37,Old School,"$1,484,255"
2003,Feb 23,Sunday,54,"$23,237,989",-40%,-26.1%,39,Daredevil,"$4,710,677"
2003,Feb 22,Saturday,53,"$38,731,394",+39.8%,-16.4%,39,Daredevil,"$7,980,468"
2003,Feb 21,Friday,52,"$27,712,060",+268.9%,-30.7%,39,Old School,"$6,165,012"
2003,Feb 20,Thursday,51,"$7,512,565",+4.3%,+36.1%,38,Daredevil,"$1,904,440"
2003,Feb 19,Wednesday,50,"$7,202,391",-14.4%,+30.5%,38,Daredevil,"$1,959,208"
2003,Feb 18,Tuesday,49,"$8,409,528",-48.9%,+45%,39,Daredevil,"$2,482,447"
2003,Feb 17Presidents' Day,Monday,48,"$16,469,342",-47.6%,+201.9%,42,Daredevil,"$4,723,035"
2003,Feb 16,Sunday,47,"$31,425,615",-32.1%,+28.9%,41,Daredevil,"$9,789,964"
2003,Feb 15,Saturday,46,"$46,312,055",+15.8%,+8.8%,42,Daredevil,"$15,200,297"
2003,Feb 14,Friday,45,"$39,992,310",+624.6%,+37.1%,42,Daredevil,"$15,320,158"
2003,Feb 13,Thursday,44,"$5,519,565",<0.1%,+21.4%,40,How to Lose a Guy in 10 Days,"$1,271,099"
2003,Feb 12,Wednesday,43,"$5,519,355",-4.9%,+21.4%,39,Chicago,"$1,210,000"
2003,Feb 11,Tuesday,42,"$5,801,111",+6.3%,+13.6%,39,How to Lose a Guy in 10 Days,"$1,292,619"
2003,Feb 10,Monday,41,"$5,456,071",-77.6%,+13.5%,39,How to Lose a Guy in 10 Days,"$1,198,448"
2003,Feb 9,Sunday,40,"$24,381,196",-42.7%,+12.7%,39,How to Lose a Guy in 10 Days,"$5,753,515"
2003,Feb 8,Saturday,39,"$42,567,065",+46%,+14%,39,How to Lose a Guy in 10 Days,"$10,056,761"
2003,Feb 7,Friday,38,"$29,162,478",+541.2%,+11.2%,39,How to Lose a Guy in 10 Days,"$7,964,574"
2003,Feb 6,Thursday,37,"$4,548,087",<0.1%,-13.1%,37,The Recruit,"$982,651"
2003,Feb 5,Wednesday,36,"$4,547,456",-10.9%,-8.2%,37,The Recruit,"$1,009,807"
2003,Feb 4,Tuesday,35,"$5,106,054",+6.2%,-4.5%,38,The Recruit,"$1,164,826"
2003,Feb 3,Monday,34,"$4,805,738",-77.8%,-7.5%,38,The Recruit,"$1,136,349"
2003,Feb 2,Sunday,33,"$21,630,802",-42.1%,+55.3%,38,The Recruit,"$4,108,509"
2003,Feb 1,Saturday,32,"$37,332,085",+42.4%,+1.2%,38,The Recruit,"$6,864,752"
2003,Jan 31,Friday,31,"$26,218,891",+401%,+13.4%,39,Final Destination 2,"$5,700,000"
2003,Jan 30,Thursday,30,"$5,232,800",+5.7%,-10.4%,33,Chicago,"$850,000"
2003,Jan 29,Wednesday,29,"$4,951,391",-7.4%,-6%,34,Chicago,"$805,000"
2003,Jan 28,Tuesday,28,"$5,344,553",+2.8%,-15.2%,34,Chicago,"$840,000"
2003,Jan 27,Monday,27,"$5,197,405",-62.7%,-74.1%,35,Darkness Falls,"$763,435"
2003,Jan 26,Sunday,26,"$13,924,976",-62.2%,-47.5%,37,Kangaroo Jack,"$3,010,726"
2003,Jan 25,Saturday,25,"$36,885,727",+59.6%,-8%,37,Kangaroo Jack,"$6,027,881"
2003,Jan 24,Friday,24,"$23,111,634",+295.7%,-11.4%,36,Darkness Falls,"$4,757,214"
2003,Jan 23,Thursday,23,"$5,840,386",+10.8%,-3.8%,38,Chicago,"$925,000"
2003,Jan 22,Wednesday,22,"$5,268,756",-16.4%,-12.1%,38,Chicago,"$865,000"
2003,Jan 21,Tuesday,21,"$6,304,771",-68.5%,-9.6%,39,Chicago,"$950,000"
2003,Jan 20MLK Day,Monday,20,"$20,038,088",-24.5%,+238.9%,39,Kangaroo Jack,"$5,315,274"
2003,Jan 19,Sunday,19,"$26,548,437",-33.8%,+25.3%,38,Kangaroo Jack,"$5,432,461"
2003,Jan 18,Saturday,18,"$40,074,272",+53.7%,+10%,38,Kangaroo Jack,"$7,424,521"
2003,Jan 17,Friday,17,"$26,072,468",+329.4%,+2.7%,37,National Security,"$4,484,216"
2003,Jan 16,Thursday,16,"$6,072,307",+1.3%,-17.7%,38,Catch Me If You Can,"$1,084,687"
2003,Jan 15,Wednesday,15,"$5,996,503",-14%,-21.6%,38,Catch Me If You Can,"$1,067,401"
2003,Jan 14,Tuesday,14,"$6,975,895",+18%,-20.3%,38,Catch Me If You Can,"$1,247,331"
2003,Jan 13,Monday,13,"$5,913,046",-72.1%,-28.7%,38,The Lord of the Rings: The Two Towers,"$1,039,226"
2003,Jan 12,Sunday,12,"$21,183,590",-41.8%,-17.6%,38,The Lord of the Rings: The Two Towers,"$4,222,472"
2003,Jan 11,Saturday,11,"$36,418,733",+43.4%,-18.1%,38,Just Married,"$7,372,447"
2003,Jan 10,Friday,10,"$25,396,194",+244.2%,-19.4%,38,Just Married,"$6,308,231"
2003,Jan 9,Thursday,9,"$7,377,414",-3.6%,-68.6%,42,Catch Me If You Can,"$1,689,887"
2003,Jan 8,Wednesday,8,"$7,649,612",-12.6%,-81.2%,42,Catch Me If You Can,"$1,774,125"
2003,Jan 7,Tuesday,7,"$8,755,132",+5.6%,-71.9%,42,The Lord of the Rings: The Two Towers,"$2,155,575"
2003,Jan 6,Monday,6,"$8,288,772",-67.8%,-74.2%,42,The Lord of the Rings: The Two Towers,"$2,133,465"
2003,Jan 5,Sunday,5,"$25,722,706",-42.2%,-41.8%,40,The Lord of the Rings: The Two Towers,"$6,741,564"
2003,Jan 4,Saturday,4,"$44,476,271",+41.2%,-17.7%,40,The Lord of the Rings: The Two Towers,"$10,699,493"
2003,Jan 3,Friday,3,"$31,499,005",+34.1%,-38.1%,39,The Lord of the Rings: The Two Towers,"$7,576,222"
2003,Jan 2,Thursday,2,"$23,493,938",-42.3%,-46.7%,47,The Lord of the Rings: The Two Towers,"$6,378,144"
2003,Jan 1New Year's Day,Wednesday,1,"$40,714,611",+30.7%,+9.6%,47,The Lord of the Rings: The Two Towers,"$11,040,273"
2004,Dec 31New Year's Eve,Friday,366,"$35,793,257",+2.9%,+93.9%,40,Meet the Fockers,"$12,140,180"
2004,Dec 30,Thursday,365,"$34,785,671",+6.5%,+22.2%,39,Meet the Fockers,"$12,172,280"
2004,Dec 29,Wednesday,364,"$32,660,802",-6%,+26.7%,39,Meet the Fockers,"$11,486,275"
2004,Dec 28,Tuesday,363,"$34,752,459",-5.7%,+113.3%,37,Meet the Fockers,"$12,629,620"
2004,Dec 27,Monday,362,"$36,868,944",-23.6%,+139%,37,Meet the Fockers,"$13,913,690"
2004,Dec 26,Sunday,361,"$48,255,501",+1%,+76%,40,Meet the Fockers,"$19,419,360"
2004,Dec 25Christmas Day,Saturday,360,"$47,769,723",+3.3%,+86.3%,40,Meet the Fockers,"$19,542,490"
2004,Dec 24,Friday,359,"$18,457,226",-35.2%,-39%,40,Meet the Fockers,"$7,159,130"
2004,Dec 23,Thursday,358,"$28,471,440",+10.5%,+264.3%,39,Meet the Fockers,"$12,330,000"
2004,Dec 22,Wednesday,357,"$25,771,034",+58.1%,+247.3%,39,Meet the Fockers,"$12,066,740"
2004,Dec 21,Tuesday,356,"$16,296,427",+5.6%,+109%,37,A Series of Unfortunate Events,"$4,218,332"
2004,Dec 20,Monday,355,"$15,429,077",-43.7%,+107.2%,37,A Series of Unfortunate Events,"$4,420,036"
2004,Dec 19,Sunday,354,"$27,410,146",-26.8%,+11.6%,41,A Series of Unfortunate Events,"$8,348,562"
2004,Dec 18,Saturday,353,"$37,432,437",+23.7%,-11.1%,41,A Series of Unfortunate Events,"$11,349,235"
2004,Dec 17,Friday,352,"$30,269,931",+287.3%,-5.1%,41,A Series of Unfortunate Events,"$10,363,959"
2004,Dec 16,Thursday,351,"$7,815,784",+5.3%,+5.6%,34,Ocean's Twelve,"$2,614,002"
2004,Dec 15,Wednesday,350,"$7,420,420",-4.8%,-26.7%,34,Ocean's Twelve,"$2,611,236"
2004,Dec 14,Tuesday,349,"$7,796,906",+4.7%,+51%,33,Ocean's Twelve,"$3,002,399"
2004,Dec 13,Monday,348,"$7,447,502",-69.7%,+56.7%,33,Ocean's Twelve,"$3,019,362"
2004,Dec 12,Sunday,347,"$24,555,790",-41.7%,+20.9%,35,Ocean's Twelve,"$8,683,880"
2004,Dec 11,Saturday,346,"$42,086,876",+31.9%,+25.7%,35,Ocean's Twelve,"$15,730,244"
2004,Dec 10,Friday,345,"$31,901,739",+331.2%,+46.5%,35,Ocean's Twelve,"$14,739,256"
2004,Dec 9,Thursday,344,"$7,398,019",-26.9%,+26.6%,33,Blade: Trinity,"$2,902,225"
2004,Dec 8,Wednesday,343,"$10,127,076",+96.1%,+76.7%,32,Blade: Trinity,"$5,521,319"
2004,Dec 7,Tuesday,342,"$5,165,008",+8.7%,-16.4%,32,National Treasure,"$1,128,134"
2004,Dec 6,Monday,341,"$4,751,407",-76.6%,-27.2%,32,National Treasure,"$1,107,220"
2004,Dec 5,Sunday,340,"$20,306,794",-39.3%,-33.2%,34,National Treasure,"$4,276,042"
2004,Dec 4,Saturday,339,"$33,478,862",+53.8%,-41.2%,34,National Treasure,"$7,666,947"
2004,Dec 3,Friday,338,"$21,771,297",+272.6%,-63%,34,National Treasure,"$5,061,978"
2004,Dec 2,Thursday,337,"$5,843,183",+1.9%,-81.8%,31,National Treasure,"$1,355,323"
2004,Dec 1,Wednesday,336,"$5,732,768",-7.2%,-78.9%,32,National Treasure,"$1,367,414"
2004,Nov 30,Tuesday,335,"$6,180,074",-5.3%,-50.2%,32,National Treasure,"$1,505,792"
2004,Nov 29,Monday,334,"$6,525,616",-78.5%,-35.2%,31,National Treasure,"$1,608,974"
2004,Nov 28,Sunday,333,"$30,395,811",-46.6%,-19.4%,33,National Treasure,"$6,518,163"
2004,Nov 27,Saturday,332,"$56,940,909",-3.3%,-6.6%,33,National Treasure,"$12,689,604"
2004,Nov 26,Friday,331,"$58,878,544",+83.2%,+46.1%,34,National Treasure,"$12,949,150"
2004,Nov 25Thanksgiving,Thursday,330,"$32,137,151",+18.3%,+385.5%,34,National Treasure,"$7,810,116"
2004,Nov 24,Wednesday,329,"$27,174,798",+119%,+313.4%,34,National Treasure,"$5,647,775"
2004,Nov 23,Tuesday,328,"$12,409,673",+23.2%,+71.9%,34,National Treasure,"$3,526,682"
2004,Nov 22,Monday,327,"$10,069,722",-73.3%,+43.3%,34,National Treasure,"$2,986,831"
2004,Nov 21,Sunday,326,"$37,706,472",-38.1%,+8.6%,37,National Treasure,"$9,435,319"
2004,Nov 20,Saturday,325,"$60,961,047",+51.2%,+6.9%,37,National Treasure,"$14,588,162"
2004,Nov 19,Friday,324,"$40,306,000",+508.9%,+3.3%,38,National Treasure,"$11,119,073"
2004,Nov 18,Thursday,323,"$6,619,322",+0.7%,-71%,37,The Incredibles,"$1,850,071"
2004,Nov 17,Wednesday,322,"$6,572,834",-9%,-44.1%,37,The Incredibles,"$1,817,795"
2004,Nov 16,Tuesday,321,"$7,219,231",+2.7%,-2.4%,36,The Incredibles,"$1,967,299"
2004,Nov 15,Monday,320,"$7,026,318",-79.8%,-9.5%,36,The Incredibles,"$2,140,624"
2004,Nov 14,Sunday,319,"$34,706,355",-39.2%,-1%,42,The Incredibles,"$13,949,731"
2004,Nov 13,Saturday,318,"$57,049,619",+46.3%,<0.1%,42,The Incredibles,"$22,373,991"
2004,Nov 12,Friday,317,"$39,000,730",+71%,-1.9%,43,The Incredibles,"$13,927,637"
2004,Nov 11,Thursday,316,"$22,807,348",+93.9%,+255%,38,The Incredibles,"$11,011,689"
2004,Nov 10,Wednesday,315,"$11,764,359",+59%,+93.3%,37,The Incredibles,"$4,510,094"
2004,Nov 9,Tuesday,314,"$7,399,418",-4.7%,-3.8%,37,The Incredibles,"$3,212,599"
2004,Nov 8,Monday,313,"$7,766,809",-77.8%,-3.2%,37,The Incredibles,"$3,802,480"
2004,Nov 7,Sunday,312,"$35,040,201",-38.5%,+58.4%,40,The Incredibles,"$20,440,611"
2004,Nov 6,Saturday,311,"$57,020,452",+43.4%,+55.8%,40,The Incredibles,"$29,523,934"
2004,Nov 5,Friday,310,"$39,767,453",+519%,+31.8%,40,The Incredibles,"$20,503,078"
2004,Nov 4,Thursday,309,"$6,424,012",+5.6%,+3.5%,37,Ray,"$1,354,050"
2004,Nov 3,Wednesday,308,"$6,085,368",-20.9%,+10.3%,37,Ray,"$1,333,990"
2004,Nov 2,Tuesday,307,"$7,689,140",-4.2%,+26.1%,37,Ray,"$1,553,885"
2004,Nov 1,Monday,306,"$8,023,640",-63.7%,+25.3%,37,Saw,"$1,888,522"
2004,Oct 31Halloween,Sunday,305,"$22,119,075",-39.5%,-4.7%,45,Saw,"$5,392,153"
2004,Oct 30,Saturday,304,"$36,588,334",+21.2%,-9.3%,45,The Grudge,"$8,806,068"
2004,Oct 29,Friday,303,"$30,180,778",+386.1%,-5.3%,45,The Grudge,"$7,725,169"
2004,Oct 28,Thursday,302,"$6,209,073",+12.5%,+13.5%,37,The Grudge,"$2,419,102"
2004,Oct 27,Wednesday,301,"$5,518,377",-9.5%,+15.9%,37,The Grudge,"$2,122,886"
2004,Oct 26,Tuesday,300,"$6,097,047",-4.8%,+8.8%,37,The Grudge,"$2,427,981"
2004,Oct 25,Monday,299,"$6,403,631",-72.4%,+20.3%,37,The Grudge,"$2,768,345"
2004,Oct 24,Sunday,298,"$23,221,277",-42.4%,+3.9%,46,The Grudge,"$8,986,659"
2004,Oct 23,Saturday,297,"$40,335,537",+26.5%,+7.3%,46,The Grudge,"$15,584,091"
2004,Oct 22,Friday,296,"$31,875,291",+482.7%,+21.1%,46,The Grudge,"$14,557,965"
2004,Oct 21,Thursday,295,"$5,470,062",+14.9%,-0.5%,39,Shark Tale,"$1,061,228"
2004,Oct 20,Wednesday,294,"$4,759,285",-15.1%,+1.2%,39,Shall We Dance?,"$966,000"
2004,Oct 19,Tuesday,293,"$5,603,759",+5.3%,+4.6%,39,Shall We Dance?,"$1,151,000"
2004,Oct 18,Monday,292,"$5,323,853",-76.2%,-58.6%,38,Shark Tale,"$1,031,085"
2004,Oct 17,Sunday,291,"$22,357,618",-40.5%,-17%,45,Shark Tale,"$6,479,857"
2004,Oct 16,Saturday,290,"$37,578,581",+42.8%,-8.9%,45,Shark Tale,"$9,874,275"
2004,Oct 15,Friday,289,"$26,323,723",+378.8%,-2.4%,44,Shark Tale,"$5,651,820"
2004,Oct 14,Thursday,288,"$5,498,414",+16.9%,-1.4%,44,Shark Tale,"$1,426,042"
2004,Oct 13,Wednesday,287,"$4,703,983",-12.2%,-11.5%,43,Shark Tale,"$1,269,892"
2004,Oct 12,Tuesday,286,"$5,359,547",-58.3%,-5.9%,43,Shark Tale,"$1,398,968"
2004,Oct 11Indig. Peoples' Day,Monday,285,"$12,868,029",-52.3%,+118.6%,43,Shark Tale,"$5,273,734"
2004,Oct 10,Sunday,284,"$26,952,598",-34.7%,+3.9%,48,Shark Tale,"$9,558,685"
2004,Oct 9,Saturday,283,"$41,250,221",+52.9%,-4.9%,48,Shark Tale,"$13,944,289"
2004,Oct 8,Friday,282,"$26,976,692",+383.6%,-7.9%,48,Shark Tale,"$7,827,325"
2004,Oct 7,Thursday,281,"$5,578,253",+5%,+71.8%,41,Shark Tale,"$2,056,631"
2004,Oct 6,Wednesday,280,"$5,313,234",-6.7%,+53.3%,41,Shark Tale,"$1,939,575"
2004,Oct 5,Tuesday,279,"$5,694,743",-3.3%,+39.7%,40,Shark Tale,"$2,063,088"
2004,Oct 4,Monday,278,"$5,886,820",-77.3%,+48.2%,40,Shark Tale,"$2,356,076"
2004,Oct 3,Sunday,277,"$25,935,645",-40.2%,+91.1%,47,Shark Tale,"$13,598,117"
2004,Oct 2,Saturday,276,"$43,389,242",+48.2%,+81.6%,47,Shark Tale,"$21,085,643"
2004,Oct 1,Friday,275,"$29,283,397",+802%,+60.3%,46,Shark Tale,"$12,920,846"
2004,Sep 30,Thursday,274,"$3,246,370",-6.3%,-2.8%,40,The Forgotten,"$1,117,348"
2004,Sep 29,Wednesday,273,"$3,465,950",-15%,+1.8%,41,The Forgotten,"$1,204,673"
2004,Sep 28,Tuesday,272,"$4,077,556",+2.6%,+6.8%,40,The Forgotten,"$1,467,225"
2004,Sep 27,Monday,271,"$3,972,298",-70.7%,+8.4%,41,The Forgotten,"$1,453,433"
2004,Sep 26,Sunday,270,"$13,568,635",-43.2%,-6.6%,49,The Forgotten,"$4,775,200"
2004,Sep 25,Saturday,269,"$23,889,510",+30.8%,-8.2%,49,The Forgotten,"$8,627,216"
2004,Sep 24,Friday,268,"$18,268,626",+446.9%,-5.6%,48,The Forgotten,"$7,619,695"
2004,Sep 23,Thursday,267,"$3,340,638",-1.9%,-20.4%,39,Sky Captain and the World of Tomorrow,"$722,983"
2004,Sep 22,Wednesday,266,"$3,403,740",-10.8%,-16.7%,39,Sky Captain and the World of Tomorrow,"$752,098"
2004,Sep 21,Tuesday,265,"$3,816,813",+4.1%,-3.2%,39,Sky Captain and the World of Tomorrow,"$878,317"
2004,Sep 20,Monday,264,"$3,665,987",-74.8%,-9.6%,39,Sky Captain and the World of Tomorrow,"$925,482"
2004,Sep 19,Sunday,263,"$14,525,402",-44.2%,+0.4%,45,Sky Captain and the World of Tomorrow,"$3,875,428"
2004,Sep 18,Saturday,262,"$26,010,541",+34.4%,+6.2%,45,Sky Captain and the World of Tomorrow,"$6,529,339"
2004,Sep 17,Friday,261,"$19,353,773",+360.9%,-1.1%,45,Sky Captain and the World of Tomorrow,"$5,175,511"
2004,Sep 16,Thursday,260,"$4,198,705",+2.8%,+30.8%,38,Resident Evil: Apocalypse,"$1,211,529"
2004,Sep 15,Wednesday,259,"$4,084,904",+3.5%,+13.1%,38,Resident Evil: Apocalypse,"$1,241,379"
2004,Sep 14,Tuesday,258,"$3,944,908",-2.7%,-5.7%,38,Resident Evil: Apocalypse,"$1,337,822"
2004,Sep 13,Monday,257,"$4,054,152",-72%,-75.6%,38,Resident Evil: Apocalypse,"$1,547,668"
2004,Sep 12,Sunday,256,"$14,466,625",-40.9%,-30.3%,43,Resident Evil: Apocalypse,"$5,317,962"
2004,Sep 11,Saturday,255,"$24,487,433",+25.1%,+12.8%,43,Resident Evil: Apocalypse,"$8,487,303"
2004,Sep 10,Friday,254,"$19,570,825",+509.9%,+22.5%,43,Resident Evil: Apocalypse,"$9,231,008"
2004,Sep 9,Thursday,253,"$3,208,975",-11.1%,-43.3%,37,Hero,"$571,000"
2004,Sep 8,Wednesday,252,"$3,611,398",-13.7%,-40.5%,37,Hero,"$640,000"
2004,Sep 7,Tuesday,251,"$4,183,945",-74.8%,-40.2%,37,Hero,"$784,000"
2004,Sep 6Labor Day,Monday,250,"$16,592,194",-20.1%,+115.3%,42,Hero,"$2,707,022"
2004,Sep 5,Sunday,249,"$20,755,267",-4.4%,-2.7%,42,Hero,"$3,221,000"
2004,Sep 4,Saturday,248,"$21,710,963",+35.9%,-32.5%,42,Hero,"$3,221,000"
2004,Sep 3,Friday,247,"$15,975,373",+182.3%,-36.9%,42,Hero,"$2,366,000"
2004,Sep 2,Thursday,246,"$5,658,087",-6.8%,-30.4%,39,Hero,"$1,086,000"
2004,Sep 1,Wednesday,245,"$6,069,317",-13.2%,-30.2%,39,Hero,"$1,233,000"
2004,Aug 31,Tuesday,244,"$6,993,112",-9.3%,-30.1%,38,Hero,"$1,558,000"
2004,Aug 30,Monday,243,"$7,706,320",-63.9%,-25.5%,38,Hero,"$1,841,000"
2004,Aug 29Athens Olympics,Sunday,242,"$21,324,962",-33.7%,-16.6%,41,Hero,"$4,700,000"
2004,Aug 28Athens Olympics,Saturday,241,"$32,160,997",+27.1%,-17.4%,41,Hero,"$6,600,000"
2004,Aug 27Athens Olympics,Friday,240,"$25,305,162",+211.4%,-20.1%,41,Hero,"$6,700,000"
2004,Aug 26Athens Olympics,Thursday,239,"$8,125,406",-6.5%,-26.3%,38,The Princess Diaries 2: Royal Engagement,"$1,304,471"
2004,Aug 25Athens Olympics,Wednesday,238,"$8,693,098",-13.1%,-24.6%,38,The Princess Diaries 2: Royal Engagement,"$1,360,841"
2004,Aug 24Athens Olympics,Tuesday,237,"$10,003,229",-3.3%,-20.9%,38,Exorcist: The Beginning,"$1,626,111"
2004,Aug 23Athens Olympics,Monday,236,"$10,344,880",-59.5%,-26.5%,38,Exorcist: The Beginning,"$1,917,473"
2004,Aug 22Athens Olympics,Sunday,235,"$25,562,492",-34.3%,-20.5%,42,Exorcist: The Beginning,"$4,697,341"
2004,Aug 21Athens Olympics,Saturday,234,"$38,934,581",+22.9%,-11.9%,42,Exorcist: The Beginning,"$6,334,532"
2004,Aug 20Athens Olympics,Friday,233,"$31,683,991",+187.5%,-27.2%,42,Exorcist: The Beginning,"$7,022,128"
2004,Aug 19Athens Olympics,Thursday,232,"$11,021,021",-4.4%,-28.3%,41,The Princess Diaries 2: Royal Engagement,"$2,457,226"
2004,Aug 18Athens Olympics,Wednesday,231,"$11,527,486",-8.8%,-38.8%,41,Alien vs. Predator,"$2,703,056"
2004,Aug 17Athens Olympics,Tuesday,230,"$12,646,164",-10.1%,+5.1%,41,Alien vs. Predator,"$3,226,112"
2004,Aug 16Athens Olympics,Monday,229,"$14,068,048",-56.2%,+18.5%,41,Alien vs. Predator,"$3,928,172"
2004,Aug 15Athens Olympics,Sunday,228,"$32,136,377",-27.3%,+21.3%,47,Alien vs. Predator,"$9,233,792"
2004,Aug 14Athens Olympics,Saturday,227,"$44,212,050",+1.7%,+19%,47,Alien vs. Predator,"$12,614,277"
2004,Aug 13Athens Olympics,Friday,226,"$43,493,411",+182.8%,+44.3%,47,Alien vs. Predator,"$16,442,987"
2004,Aug 12,Thursday,225,"$15,379,610",-18.3%,+9.2%,39,The Princess Diaries 2: Royal Engagement,"$5,705,912"
2004,Aug 11,Wednesday,224,"$18,835,275",+56.6%,+29.1%,39,The Princess Diaries 2: Royal Engagement,"$8,477,838"
2004,Aug 10,Tuesday,223,"$12,031,196",+1.3%,-24.6%,38,Collateral,"$3,086,324"
2004,Aug 9,Monday,222,"$11,874,014",-55.2%,-33.2%,38,Collateral,"$3,127,127"
2004,Aug 8,Sunday,221,"$26,494,016",-28.7%,-31.9%,42,Collateral,"$7,226,513"
2004,Aug 7,Saturday,220,"$37,168,518",+23.3%,-27.3%,42,Collateral,"$9,532,920"
2004,Aug 6,Friday,219,"$30,146,495",+114%,-35.8%,42,Collateral,"$7,942,025"
2004,Aug 5,Thursday,218,"$14,087,796",-3.4%,+1.7%,38,The Village,"$3,634,489"
2004,Aug 4,Wednesday,217,"$14,585,960",-8.5%,-9.6%,38,The Village,"$4,009,749"
2004,Aug 3,Tuesday,216,"$15,946,386",-10.3%,-12.3%,38,The Village,"$4,746,463"
2004,Aug 2,Monday,215,"$17,775,136",-54.3%,+1.9%,38,The Village,"$6,006,877"
2004,Aug 1,Sunday,214,"$38,909,368",-23.9%,+2.5%,40,The Village,"$12,886,097"
2004,Jul 31,Saturday,213,"$51,154,104",+9%,-1.4%,40,The Village,"$17,477,381"
2004,Jul 30,Friday,212,"$46,920,782",+238.6%,+3.5%,40,The Village,"$20,382,664"
2004,Jul 29,Thursday,211,"$13,855,778",-14.2%,-8.8%,34,The Bourne Supremacy,"$4,415,175"
2004,Jul 28,Wednesday,210,"$16,143,466",-11.2%,+5.5%,34,The Bourne Supremacy,"$5,207,565"
2004,Jul 27,Tuesday,209,"$18,174,925",+4.2%,+5%,33,The Bourne Supremacy,"$6,045,150"
2004,Jul 26,Monday,208,"$17,442,955",-54.1%,-5.4%,33,The Bourne Supremacy,"$6,472,425"
2004,Jul 25,Sunday,207,"$37,961,136",-26.8%,-5.6%,34,The Bourne Supremacy,"$14,543,175"
2004,Jul 24,Saturday,206,"$51,892,209",+14.5%,+2.6%,34,The Bourne Supremacy,"$19,542,565"
2004,Jul 23,Friday,205,"$45,333,008",+198.5%,+2.5%,34,The Bourne Supremacy,"$18,436,125"
2004,Jul 22,Thursday,204,"$15,189,184",-0.7%,-6.2%,33,"I, Robot","$4,529,286"
2004,Jul 21,Wednesday,203,"$15,303,099",-11.6%,-11.1%,33,"I, Robot","$4,776,416"
2004,Jul 20,Tuesday,202,"$17,316,619",-6.1%,-5%,33,"I, Robot","$5,546,979"
2004,Jul 19,Monday,201,"$18,443,083",-54.1%,-2.1%,33,"I, Robot","$6,362,656"
2004,Jul 18,Sunday,200,"$40,203,471",-20.5%,+3.7%,35,"I, Robot","$14,901,033"
2004,Jul 17,Saturday,199,"$50,589,484",+14.3%,+1%,35,"I, Robot","$19,206,675"
2004,Jul 16,Friday,198,"$44,244,012",+173.2%,+1.8%,35,"I, Robot","$18,072,179"
2004,Jul 15,Thursday,197,"$16,193,458",-6%,-30.4%,35,Spider-Man 2,"$4,837,478"
2004,Jul 14,Wednesday,196,"$17,219,852",-5.6%,-32.4%,34,Spider-Man 2,"$5,036,677"
2004,Jul 13,Tuesday,195,"$18,232,198",-3.3%,-24.5%,34,Spider-Man 2,"$5,432,683"
2004,Jul 12,Monday,194,"$18,846,715",-51.4%,-64.4%,33,Spider-Man 2,"$5,767,268"
2004,Jul 11,Sunday,193,"$38,778,553",-22.6%,-2.3%,34,Spider-Man 2,"$13,405,357"
2004,Jul 10,Saturday,192,"$50,103,352",+15.3%,-15.5%,34,Spider-Man 2,"$17,916,624"
2004,Jul 9,Friday,191,"$43,461,207",+86.7%,-21.1%,33,Spider-Man 2,"$13,858,762"
2004,Jul 8,Thursday,190,"$23,276,384",-8.6%,-38.3%,33,Spider-Man 2,"$9,137,510"
2004,Jul 7,Wednesday,189,"$25,469,269",+5.5%,-52.9%,32,Spider-Man 2,"$10,034,713"
2004,Jul 6,Tuesday,188,"$24,139,607",-54.4%,+38.2%,32,Spider-Man 2,"$12,012,472"
2004,Jul 5,Monday,187,"$52,927,730",+33.4%,+178.1%,31,Spider-Man 2,"$27,661,137"
2004,Jul 4Independence Day,Sunday,186,"$39,671,516",-33.1%,+9%,32,Spider-Man 2,"$21,955,628"
2004,Jul 3,Saturday,185,"$59,293,633",+7.7%,+21.7%,32,Spider-Man 2,"$33,748,257"
2004,Jul 2,Friday,184,"$55,058,015",+46%,+24.7%,31,Spider-Man 2,"$32,452,342"
2004,Jul 1,Thursday,183,"$37,710,402",-30.3%,+102.3%,32,Spider-Man 2,"$23,812,920"
2004,Jun 30,Wednesday,182,"$54,104,184",+209.8%,+178.2%,32,Spider-Man 2,"$40,442,604"
2004,Jun 29,Tuesday,181,"$17,464,483",-8.2%,-8.7%,30,Fahrenheit 9/11,"$3,788,000"
2004,Jun 28,Monday,180,"$19,034,439",-47.7%,+5.2%,30,Fahrenheit 9/11,"$4,454,000"
2004,Jun 27,Sunday,179,"$36,380,461",-25.3%,-2.9%,31,Fahrenheit 9/11,"$7,210,000"
2004,Jun 26,Saturday,178,"$48,716,731",+10.4%,-0.7%,31,Fahrenheit 9/11,"$8,150,000"
2004,Jun 25,Friday,177,"$44,147,458",+136.8%,+6.3%,31,Fahrenheit 9/11,"$8,565,000"
2004,Jun 24,Thursday,176,"$18,643,297",-4.1%,+11.1%,30,Dodgeball: A True Underdog Story,"$3,805,783"
2004,Jun 23,Wednesday,175,"$19,444,823",+1.6%,+14.3%,30,White Chicks,"$4,216,180"
2004,Jun 22,Tuesday,174,"$19,136,685",+5.8%,+17.1%,28,Dodgeball: A True Underdog Story,"$5,226,163"
2004,Jun 21,Monday,173,"$18,085,718",-51.7%,+2.5%,28,Dodgeball: A True Underdog Story,"$5,560,975"
2004,Jun 20,Sunday,172,"$37,456,117",-23.7%,-8.5%,33,Dodgeball: A True Underdog Story,"$8,173,301"
2004,Jun 19,Saturday,171,"$49,064,023",+18.1%,-14.9%,33,Dodgeball: A True Underdog Story,"$10,567,802"
2004,Jun 18,Friday,170,"$41,548,906",+147.7%,-21.2%,33,Dodgeball: A True Underdog Story,"$11,329,093"
2004,Jun 17,Thursday,169,"$16,774,661",-1.4%,+1.3%,27,Harry Potter and the Prisoner of Azkaban,"$3,568,359"
2004,Jun 16,Wednesday,168,"$17,009,088",+4%,+4.4%,27,Harry Potter and the Prisoner of Azkaban,"$3,623,498"
2004,Jun 15,Tuesday,167,"$16,347,795",-7.3%,+0.2%,27,Harry Potter and the Prisoner of Azkaban,"$3,742,468"
2004,Jun 14,Monday,166,"$17,642,442",-56.9%,+2.8%,27,Harry Potter and the Prisoner of Azkaban,"$3,988,420"
2004,Jun 13,Sunday,165,"$40,931,722",-29%,-18.6%,30,Harry Potter and the Prisoner of Azkaban,"$10,028,089"
2004,Jun 12,Saturday,164,"$57,674,747",+9.4%,-14.8%,30,Harry Potter and the Prisoner of Azkaban,"$13,541,888"
2004,Jun 11,Friday,163,"$52,726,024",+218.4%,-17.7%,30,Harry Potter and the Prisoner of Azkaban,"$11,340,416"
2004,Jun 10,Thursday,162,"$16,560,936",+1.7%,+26.2%,23,Harry Potter and the Prisoner of Azkaban,"$6,823,073"
2004,Jun 9,Wednesday,161,"$16,289,757",-0.2%,+14.5%,23,Harry Potter and the Prisoner of Azkaban,"$6,878,482"
2004,Jun 8,Tuesday,160,"$16,314,443",-4.9%,+2.7%,23,Harry Potter and the Prisoner of Azkaban,"$7,247,296"
2004,Jun 7,Monday,159,"$17,156,834",-65.9%,-67.4%,23,Harry Potter and the Prisoner of Azkaban,"$8,428,431"
2004,Jun 6,Sunday,158,"$50,276,635",-25.7%,-17.2%,30,Harry Potter and the Prisoner of Azkaban,"$23,925,205"
2004,Jun 5,Saturday,157,"$67,692,080",+5.7%,+1.4%,30,Harry Potter and the Prisoner of Azkaban,"$31,493,867"
2004,Jun 4,Friday,156,"$64,060,937",+388.3%,+12.8%,31,Harry Potter and the Prisoner of Azkaban,"$38,268,295"
2004,Jun 3,Thursday,155,"$13,117,853",-7.8%,+2%,32,Shrek 2,"$5,075,659"
2004,Jun 2,Wednesday,154,"$14,229,805",-10.4%,+13.7%,32,Shrek 2,"$5,395,432"
2004,Jun 1,Tuesday,153,"$15,886,471",-69.8%,+27.3%,31,The Day After Tomorrow,"$5,848,222"
2004,May 31Memorial Day,Monday,152,"$52,637,094",-13.3%,+199.5%,34,Shrek 2,"$23,408,002"
2004,May 30,Sunday,151,"$60,697,454",-9.1%,+21.3%,34,Shrek 2,"$24,780,215"
2004,May 29,Saturday,150,"$66,737,721",+17.5%,-1.7%,34,Shrek 2,"$27,235,110"
2004,May 28,Friday,149,"$56,777,886",+341.6%,+29.2%,34,The Day After Tomorrow,"$23,504,430"
2004,May 27,Thursday,148,"$12,856,813",+2.7%,-16.2%,35,Shrek 2,"$8,213,208"
2004,May 26,Wednesday,147,"$12,516,718",+0.3%,-29.3%,35,Shrek 2,"$8,003,467"
2004,May 25,Tuesday,146,"$12,479,314",-29%,+55.9%,35,Shrek 2,"$8,023,299"
2004,May 24,Monday,145,"$17,574,160",-64.9%,+111.4%,35,Shrek 2,"$11,512,320"
2004,May 23,Sunday,144,"$50,031,410",-26.3%,+86.5%,40,Shrek 2,"$34,900,541"
2004,May 22,Saturday,143,"$67,870,442",+54.4%,+69.5%,40,Shrek 2,"$44,797,042"
2004,May 21,Friday,142,"$43,951,914",+186.4%,+30.4%,40,Shrek 2,"$28,340,295"
2004,May 20,Thursday,141,"$15,348,619",-13.3%,+163.8%,35,Shrek 2,"$9,158,767"
2004,May 19,Wednesday,140,"$17,696,237",+121%,+187.8%,35,Shrek 2,"$11,786,415"
2004,May 18,Tuesday,139,"$8,005,554",-3.7%,+19.7%,35,Troy,"$4,214,460"
2004,May 17,Monday,138,"$8,312,150",-69%,+12%,35,Troy,"$4,577,335"
2004,May 16,Sunday,137,"$26,827,484",-33%,+5.2%,41,Troy,"$12,752,783"
2004,May 15,Saturday,136,"$40,044,256",+18.8%,+2.7%,41,Troy,"$17,058,889"
2004,May 14,Friday,135,"$33,715,056",+479.5%,-2.1%,41,Troy,"$17,053,740"
2004,May 13,Thursday,134,"$5,817,748",-5.4%,+52.5%,35,Van Helsing,"$2,556,125"
2004,May 12,Wednesday,133,"$6,148,258",-8.1%,+40.5%,35,Van Helsing,"$2,860,000"
2004,May 11,Tuesday,132,"$6,690,098",-9.8%,+29.6%,35,Van Helsing,"$3,253,250"
2004,May 10,Monday,131,"$7,419,553",-70.9%,+32.7%,35,Van Helsing,"$3,950,375"
2004,May 9,Sunday,130,"$25,489,453",-34.6%,+18.5%,40,Van Helsing,"$12,583,985"
2004,May 8,Saturday,129,"$38,988,520",+13.2%,+10.4%,40,Van Helsing,"$19,644,625"
2004,May 7,Friday,128,"$34,428,358",+802.6%,+31.1%,40,Van Helsing,"$19,519,430"
2004,May 6,Thursday,127,"$3,814,301",-12.8%,-18.2%,39,Mean Girls,"$793,219"
2004,May 5,Wednesday,126,"$4,375,108",-15.3%,-8.1%,38,Mean Girls,"$891,119"
2004,May 4,Tuesday,125,"$5,162,595",-7.7%,-9.3%,38,Mean Girls,"$1,088,364"
2004,May 3,Monday,124,"$5,592,148",-74%,-4.2%,38,Mean Girls,"$1,192,313"
2004,May 2,Sunday,123,"$21,516,022",-39.1%,-0.2%,42,Mean Girls,"$5,700,229"
2004,May 1,Saturday,122,"$35,312,854",+34.4%,+6.6%,42,Mean Girls,"$10,160,404"
2004,Apr 30,Friday,121,"$26,265,668",+463.3%,+6.4%,42,Mean Girls,"$8,571,562"
2004,Apr 29,Thursday,120,"$4,662,821",-2%,-5.8%,34,Man on Fire,"$1,415,082"
2004,Apr 28,Wednesday,119,"$4,758,416",-16.4%,-9%,34,Man on Fire,"$1,426,357"
2004,Apr 27,Tuesday,118,"$5,692,809",-2.5%,+3.4%,36,Man on Fire,"$1,734,282"
2004,Apr 26,Monday,117,"$5,838,589",-72.9%,+4.4%,36,Man on Fire,"$1,915,700"
2004,Apr 25,Sunday,116,"$21,549,464",-35%,+7.5%,38,Man on Fire,"$5,995,270"
2004,Apr 24,Saturday,115,"$33,138,612",+34.3%,+6.3%,38,Man on Fire,"$9,424,420"
2004,Apr 23,Friday,114,"$24,684,223",+398.7%,-9.3%,38,13 Going on 30,"$7,382,906"
2004,Apr 22,Thursday,113,"$4,949,970",-5.4%,-21%,38,Kill Bill: Vol. 2,"$1,546,000"
2004,Apr 21,Wednesday,112,"$5,231,429",-5%,-25%,38,Kill Bill: Vol. 2,"$1,761,000"
2004,Apr 20,Tuesday,111,"$5,508,134",-1.5%,-32.5%,37,Kill Bill: Vol. 2,"$1,994,000"
2004,Apr 19,Monday,110,"$5,593,912",-72.1%,-55.7%,38,Kill Bill: Vol. 2,"$2,146,000"
2004,Apr 18,Sunday,109,"$20,050,793",-35.7%,-7.5%,41,Kill Bill: Vol. 2,"$5,995,000"
2004,Apr 17,Saturday,108,"$31,165,700",+14.5%,-2.5%,41,Kill Bill: Vol. 2,"$8,335,000"
2004,Apr 16,Friday,107,"$27,216,571",+334.3%,-20.7%,41,Kill Bill: Vol. 2,"$10,775,000"
2004,Apr 15,Thursday,106,"$6,266,072",-10.2%,-52.1%,39,Home on the Range,"$871,845"
2004,Apr 14,Wednesday,105,"$6,974,536",-14.6%,-32.1%,39,Home on the Range,"$1,000,185"
2004,Apr 13,Tuesday,104,"$8,163,154",-35.4%,-15.4%,39,Home on the Range,"$1,127,865"
2004,Apr 12,Monday,103,"$12,632,800",-41.7%,+36.6%,39,Home on the Range,"$1,856,149"
2004,Apr 11Easter Sunday,Sunday,102,"$21,685,211",-32.2%,-27%,41,The Passion of the Christ,"$3,666,346"
2004,Apr 10,Saturday,101,"$31,969,039",-6.8%,-27.6%,41,The Passion of the Christ,"$4,973,293"
2004,Apr 9,Friday,100,"$34,306,472",+162%,+1.4%,41,The Passion of the Christ,"$6,577,084"
2004,Apr 8,Thursday,99,"$13,093,606",+27.5%,+90.5%,39,The Passion of the Christ,"$2,263,823"
2004,Apr 7,Wednesday,98,"$10,270,013",+6.4%,+44.6%,39,The Passion of the Christ,"$1,774,588"
2004,Apr 6,Tuesday,97,"$9,654,271",+4.4%,+27%,38,Hellboy,"$1,672,882"
2004,Apr 5,Monday,96,"$9,249,294",-68.9%,+26.8%,38,Hellboy,"$1,872,306"
2004,Apr 4,Sunday,95,"$29,693,560",-32.7%,+9.4%,39,Hellboy,"$5,841,310"
2004,Apr 3,Saturday,94,"$44,137,169",+30.5%,<0.1%,39,Hellboy,"$8,708,879"
2004,Apr 2,Friday,93,"$33,817,154",+392%,+8.8%,39,Hellboy,"$8,622,251"
2004,Apr 1,Thursday,92,"$6,873,024",-3.2%,-11.7%,39,The Passion of the Christ,"$1,279,188"
2004,Mar 31,Wednesday,91,"$7,100,748",-6.6%,-3.7%,39,Scooby-Doo 2: Monsters Unleashed,"$1,333,116"
2004,Mar 30,Tuesday,90,"$7,601,173",+4.2%,-8.9%,39,Scooby-Doo 2: Monsters Unleashed,"$1,412,214"
2004,Mar 29,Monday,89,"$7,295,704",-73.1%,-15.4%,39,Scooby-Doo 2: Monsters Unleashed,"$1,502,250"
2004,Mar 28,Sunday,88,"$27,130,812",-38.5%,-2.6%,42,Scooby-Doo 2: Monsters Unleashed,"$8,082,143"
2004,Mar 27,Saturday,87,"$44,134,078",+42%,+3.2%,42,Scooby-Doo 2: Monsters Unleashed,"$12,743,150"
2004,Mar 26,Friday,86,"$31,073,660",+299.1%,-11.2%,43,Scooby-Doo 2: Monsters Unleashed,"$8,613,038"
2004,Mar 25,Thursday,85,"$7,785,293",+5.6%,-13.1%,36,The Passion of the Christ,"$1,805,801"
2004,Mar 24,Wednesday,84,"$7,373,824",-11.6%,-8.7%,36,The Passion of the Christ,"$1,631,562"
2004,Mar 23,Tuesday,83,"$8,342,110",-3.3%,-13%,36,The Passion of the Christ,"$1,841,295"
2004,Mar 22,Monday,82,"$8,624,048",-69%,-9.1%,36,Dawn of the Dead,"$2,196,000"
2004,Mar 21,Sunday,81,"$27,846,010",-34.9%,-3.9%,38,The Passion of the Christ,"$6,503,042"
2004,Mar 20,Saturday,80,"$42,775,314",+22.2%,-0.9%,38,Dawn of the Dead,"$9,744,750"
2004,Mar 19,Friday,79,"$35,001,215",+290.8%,+20.2%,38,Dawn of the Dead,"$10,856,475"
2004,Mar 18,Thursday,78,"$8,955,811",+10.9%,-1%,35,The Passion of the Christ,"$2,781,756"
2004,Mar 17,Wednesday,77,"$8,076,191",-15.8%,-11.4%,35,The Passion of the Christ,"$2,604,574"
2004,Mar 16,Tuesday,76,"$9,593,960",+1.1%,-3.8%,35,The Passion of the Christ,"$3,025,648"
2004,Mar 15,Monday,75,"$9,486,817",-67.3%,-5.4%,37,The Passion of the Christ,"$3,170,680"
2004,Mar 14,Sunday,74,"$28,983,341",-32.9%,-20.3%,40,The Passion of the Christ,"$10,718,122"
2004,Mar 13,Saturday,73,"$43,175,287",+48.3%,-20.7%,40,The Passion of the Christ,"$13,452,908"
2004,Mar 12,Friday,72,"$29,116,215",+221.9%,-21%,40,The Passion of the Christ,"$7,959,948"
2004,Mar 11,Thursday,71,"$9,045,574",-0.7%,-16.8%,37,The Passion of the Christ,"$4,245,341"
2004,Mar 10,Wednesday,70,"$9,111,131",-8.6%,-21.1%,37,The Passion of the Christ,"$4,413,630"
2004,Mar 9,Tuesday,69,"$9,968,196",-0.6%,-22.2%,37,The Passion of the Christ,"$4,827,581"
2004,Mar 8,Monday,68,"$10,024,486",-72.4%,-24.6%,37,The Passion of the Christ,"$5,003,939"
2004,Mar 7,Sunday,67,"$36,351,973",-33.2%,-9.2%,40,The Passion of the Christ,"$17,652,644"
2004,Mar 6,Saturday,66,"$54,451,441",+47.8%,-3.1%,40,The Passion of the Christ,"$21,929,043"
2004,Mar 5,Friday,65,"$36,851,869",+239.1%,-6%,40,The Passion of the Christ,"$13,665,114"
2004,Mar 4,Thursday,64,"$10,867,814",-5.9%,-40.3%,40,The Passion of the Christ,"$7,638,654"
2004,Mar 3,Wednesday,63,"$11,551,067",-9.9%,-61.5%,40,The Passion of the Christ,"$8,402,362"
2004,Mar 2,Tuesday,62,"$12,818,085",-3.6%,+201.6%,40,The Passion of the Christ,"$9,283,076"
2004,Mar 1,Monday,61,"$13,298,136",-66.8%,+229.1%,40,The Passion of the Christ,"$10,131,876"
2004,Feb 29,Sunday,60,"$40,050,532",-28.7%,+129.3%,41,The Passion of the Christ,"$27,860,195"
2004,Feb 28,Saturday,59,"$56,198,502",+43.4%,+80.6%,41,The Passion of the Christ,"$33,077,939"
2004,Feb 27,Friday,58,"$39,189,050",+115.4%,+88.4%,41,The Passion of the Christ,"$22,909,948"
2004,Feb 26,Thursday,57,"$18,191,307",-39.3%,+238.9%,39,The Passion of the Christ,"$14,781,316"
2004,Feb 25,Wednesday,56,"$29,983,372",+605.5%,+451.7%,39,The Passion of the Christ,"$26,556,573"
2004,Feb 24,Tuesday,55,"$4,250,092",+5.2%,-30.5%,38,50 First Dates,"$1,228,847"
2004,Feb 23,Monday,54,"$4,040,334",-76.9%,-74.8%,38,50 First Dates,"$1,135,947"
2004,Feb 22,Sunday,53,"$17,467,957",-43.9%,-36.5%,40,50 First Dates,"$4,814,198"
2004,Feb 21,Saturday,52,"$31,121,997",+49.6%,-37.2%,41,50 First Dates,"$9,110,326"
2004,Feb 20,Friday,51,"$20,806,158",+287.6%,-7.3%,41,50 First Dates,"$6,502,801"
2004,Feb 19,Thursday,50,"$5,367,895",-1.2%,+19.6%,39,50 First Dates,"$1,937,331"
2004,Feb 18,Wednesday,49,"$5,434,492",-11.2%,+35.1%,41,50 First Dates,"$1,957,031"
2004,Feb 17,Tuesday,48,"$6,117,971",-61.8%,+39.8%,41,50 First Dates,"$2,308,935"
2004,Feb 16Presidents' Day,Monday,47,"$16,015,842",-41.8%,+232.4%,43,50 First Dates,"$5,255,634"
2004,Feb 15,Sunday,46,"$27,514,276",-44.4%,+26.3%,43,50 First Dates,"$10,048,582"
2004,Feb 14,Saturday,45,"$49,526,072",+120.8%,+29.2%,43,50 First Dates,"$19,751,267"
2004,Feb 13,Friday,44,"$22,433,343",+399.8%,-10.5%,43,50 First Dates,"$10,052,388"
2004,Feb 12,Thursday,43,"$4,488,099",+11.6%,+20.2%,37,Barbershop 2: Back in Business,"$1,002,040"
2004,Feb 11,Wednesday,42,"$4,021,431",-8.1%,+3%,37,Barbershop 2: Back in Business,"$901,004"
2004,Feb 10,Tuesday,41,"$4,374,951",-9.2%,+0.5%,37,Barbershop 2: Back in Business,"$1,008,255"
2004,Feb 9,Monday,40,"$4,817,923",-77.9%,+12.4%,37,Barbershop 2: Back in Business,"$1,320,714"
2004,Feb 8,Sunday,39,"$21,777,748",-43.2%,+89.2%,40,Barbershop 2: Back in Business,"$5,498,019"
2004,Feb 7,Saturday,38,"$38,323,223",+52.8%,+16.5%,40,Barbershop 2: Back in Business,"$10,602,925"
2004,Feb 6,Friday,37,"$25,077,512",+571.6%,+11.4%,40,Barbershop 2: Back in Business,"$8,140,668"
2004,Feb 5,Thursday,36,"$3,734,062",-4.4%,-29.5%,32,The Butterfly Effect,"$678,000"
2004,Feb 4,Wednesday,35,"$3,903,973",-10.3%,-30.1%,32,The Butterfly Effect,"$723,000"
2004,Feb 3,Tuesday,34,"$4,354,208",+1.6%,-18.4%,32,The Butterfly Effect,"$832,000"
2004,Feb 2,Monday,33,"$4,285,280",-62.8%,-17.1%,32,The Butterfly Effect,"$832,000"
2004,Feb 1,Sunday,32,"$11,511,643",-65%,-40.7%,38,You Got Served,"$2,784,302"
2004,Jan 31,Saturday,31,"$32,888,251",+46.1%,-7%,38,You Got Served,"$7,512,820"
2004,Jan 30,Friday,30,"$22,505,642",+324.7%,-2.7%,38,You Got Served,"$5,825,983"
2004,Jan 29,Thursday,29,"$5,299,519",-5.2%,-1.4%,33,The Butterfly Effect,"$1,228,000"
2004,Jan 28,Wednesday,28,"$5,587,800",+4.7%,+12.7%,33,The Butterfly Effect,"$1,279,000"
2004,Jan 27,Tuesday,27,"$5,337,438",+3.3%,-9.2%,33,The Butterfly Effect,"$1,279,000"
2004,Jan 26,Monday,26,"$5,166,647",-73.4%,-71.7%,33,The Butterfly Effect,"$1,329,000"
2004,Jan 25,Sunday,25,"$19,396,718",-45.2%,-23.4%,36,The Butterfly Effect,"$4,142,000"
2004,Jan 24,Saturday,24,"$35,368,898",+52.9%,-8.9%,36,Along Came Polly,"$7,592,325"
2004,Jan 23,Friday,23,"$23,131,354",+330.2%,-10.1%,36,The Butterfly Effect,"$6,044,000"
2004,Jan 22,Thursday,22,"$5,377,394",+8.5%,-8.5%,31,Along Came Polly,"$1,462,160"
2004,Jan 21,Wednesday,21,"$4,956,884",-15.7%,-8.8%,31,Along Came Polly,"$1,327,880"
2004,Jan 20,Tuesday,20,"$5,879,452",-67.8%,-5.5%,31,Along Came Polly,"$1,670,125"
2004,Jan 19MLK Day,Monday,19,"$18,247,412",-27.9%,+222.7%,42,Along Came Polly,"$4,729,640"
2004,Jan 18,Sunday,18,"$25,307,967",-34.8%,+20.6%,39,Along Came Polly,"$7,489,840"
2004,Jan 17,Saturday,17,"$38,809,530",+50.8%,+4.7%,39,Along Came Polly,"$11,354,120"
2004,Jan 16,Friday,16,"$25,740,685",+338.2%,+1.9%,39,Along Came Polly,"$8,877,225"
2004,Jan 15,Thursday,15,"$5,874,070",+8.1%,-17.9%,35,The Lord of the Rings: The Return of the King,"$1,036,039"
2004,Jan 14,Wednesday,14,"$5,435,741",-12.6%,-27.6%,35,The Lord of the Rings: The Return of the King,"$989,404"
2004,Jan 13,Tuesday,13,"$6,218,482",+10%,-21.1%,35,The Lord of the Rings: The Return of the King,"$1,148,156"
2004,Jan 12,Monday,12,"$5,654,091",-73.1%,-33.4%,36,The Lord of the Rings: The Return of the King,"$1,098,097"
2004,Jan 11,Sunday,11,"$20,979,951",-43.4%,-19.3%,37,The Lord of the Rings: The Return of the King,"$4,092,728"
2004,Jan 10,Saturday,10,"$37,075,778",+46.8%,-17%,37,The Lord of the Rings: The Return of the King,"$6,439,410"
2004,Jan 9,Friday,9,"$25,263,976",+253.1%,-42.9%,37,Big Fish,"$4,626,580"
2004,Jan 8,Thursday,8,"$7,154,561",-4.7%,-84.2%,33,The Lord of the Rings: The Return of the King,"$1,651,907"
2004,Jan 7,Wednesday,7,"$7,509,007",-4.7%,-76%,33,The Lord of the Rings: The Return of the King,"$1,805,059"
2004,Jan 6,Tuesday,6,"$7,882,487",-7.2%,-76.6%,33,The Lord of the Rings: The Return of the King,"$2,015,440"
2004,Jan 5,Monday,5,"$8,493,397",-67.3%,-74%,33,The Lord of the Rings: The Return of the King,"$2,228,471"
2004,Jan 4,Sunday,4,"$25,992,480",-41.8%,-42.4%,35,The Lord of the Rings: The Return of the King,"$7,015,027"
2004,Jan 3,Saturday,3,"$44,682,789",+1%,-20.3%,35,The Lord of the Rings: The Return of the King,"$10,563,221"
2004,Jan 2,Friday,2,"$44,220,027",-2.2%,-23.8%,35,The Lord of the Rings: The Return of the King,"$10,602,130"
2004,Jan 1New Year's Day,Thursday,1,"$45,197,472",+44.4%,-2.3%,36,The Lord of the Rings: The Return of the King,"$12,784,656"
2005,Dec 31New Year's Eve,Saturday,365,"$35,836,680",-20.5%,+77.6%,37,"The Chronicles of Narnia: The Lion, the Witch and the Wardrobe","$7,745,203"
2005,Dec 30,Friday,364,"$45,083,620",+18.5%,+23.7%,37,"The Chronicles of Narnia: The Lion, the Witch and the Wardrobe","$9,703,562"
2005,Dec 29,Thursday,363,"$38,052,935",+0.5%,+67.2%,37,"The Chronicles of Narnia: The Lion, the Witch and the Wardrobe","$8,875,130"
2005,Dec 28,Wednesday,362,"$37,854,530",-5.6%,+84.5%,37,"The Chronicles of Narnia: The Lion, the Witch and the Wardrobe","$8,756,930"
2005,Dec 27,Tuesday,361,"$40,092,401",-27.3%,+152%,36,"The Chronicles of Narnia: The Lion, the Witch and the Wardrobe","$9,224,127"
2005,Dec 26,Monday,360,"$55,163,752",+33.1%,+250.4%,39,King Kong,"$12,015,360"
2005,Dec 25Christmas Day,Sunday,359,"$41,446,790",-13.2%,+26.3%,39,King Kong,"$8,850,600"
2005,Dec 24,Saturday,358,"$20,176,875",-44.7%,-58.3%,35,"The Chronicles of Narnia: The Lion, the Witch and the Wardrobe","$4,740,768"
2005,Dec 23,Friday,357,"$36,456,528",+60.2%,+5.3%,35,"The Chronicles of Narnia: The Lion, the Witch and the Wardrobe","$7,930,875"
2005,Dec 22,Thursday,356,"$22,757,601",+10.9%,+76.5%,35,"The Chronicles of Narnia: The Lion, the Witch and the Wardrobe","$5,763,097"
2005,Dec 21,Wednesday,355,"$20,515,335",+29%,+26.3%,36,"The Chronicles of Narnia: The Lion, the Witch and the Wardrobe","$4,940,386"
2005,Dec 20,Tuesday,354,"$15,906,857",+1%,+103.8%,36,King Kong,"$5,244,960"
2005,Dec 19,Monday,353,"$15,743,365",-56.9%,+89.2%,36,King Kong,"$5,638,125"
2005,Dec 18,Sunday,352,"$36,542,812",-24.5%,+23.6%,38,King Kong,"$15,556,225"
2005,Dec 17,Saturday,351,"$48,424,550",+39.9%,+4.2%,38,King Kong,"$20,105,680"
2005,Dec 16,Friday,350,"$34,618,473",+168.5%,-7.6%,38,King Kong,"$14,468,240"
2005,Dec 15,Thursday,349,"$12,895,058",-20.6%,+189.3%,37,King Kong,"$6,295,755"
2005,Dec 14,Wednesday,348,"$16,245,661",+108.1%,+267.5%,37,King Kong,"$9,755,745"
2005,Dec 13,Tuesday,347,"$7,806,379",-6.2%,+64.9%,36,"The Chronicles of Narnia: The Lion, the Witch and the Wardrobe","$4,026,675"
2005,Dec 12,Monday,346,"$8,322,018",-71.9%,+82.4%,36,"The Chronicles of Narnia: The Lion, the Witch and the Wardrobe","$4,603,152"
2005,Dec 11,Sunday,345,"$29,563,937",-36.4%,+59.4%,40,"The Chronicles of Narnia: The Lion, the Witch and the Wardrobe","$17,223,441"
2005,Dec 10,Saturday,344,"$46,492,592",+24.1%,+45.2%,40,"The Chronicles of Narnia: The Lion, the Witch and the Wardrobe","$25,326,015"
2005,Dec 9,Friday,343,"$37,463,827",+740.6%,+64.4%,40,"The Chronicles of Narnia: The Lion, the Witch and the Wardrobe","$23,006,856"
2005,Dec 8,Thursday,342,"$4,456,601",+0.8%,-24.9%,36,Harry Potter and the Goblet of Fire,"$1,121,205"
2005,Dec 7,Wednesday,341,"$4,420,381",-6.6%,-26.4%,36,Harry Potter and the Goblet of Fire,"$1,122,444"
2005,Dec 6,Tuesday,340,"$4,733,994",+3.7%,-28.2%,36,Harry Potter and the Goblet of Fire,"$1,154,199"
2005,Dec 5,Monday,339,"$4,563,019",-75.4%,-34.1%,36,Harry Potter and the Goblet of Fire,"$1,139,298"
2005,Dec 4,Sunday,338,"$18,550,870",-42.1%,-37.6%,38,Harry Potter and the Goblet of Fire,"$5,620,827"
2005,Dec 3,Saturday,337,"$32,016,041",+40.5%,-41.8%,38,Harry Potter and the Goblet of Fire,"$8,886,217"
2005,Dec 2,Friday,336,"$22,790,259",+284.1%,-61%,38,Harry Potter and the Goblet of Fire,"$5,371,092"
2005,Dec 1,Thursday,335,"$5,933,155",-1.2%,-80.8%,39,Harry Potter and the Goblet of Fire,"$1,844,460"
2005,Nov 30,Wednesday,334,"$6,002,964",-9%,-81.7%,39,Harry Potter and the Goblet of Fire,"$1,947,313"
2005,Nov 29,Tuesday,333,"$6,597,151",-4.8%,-58.9%,39,Harry Potter and the Goblet of Fire,"$2,145,227"
2005,Nov 28,Monday,332,"$6,927,584",-76.7%,-50.2%,41,Harry Potter and the Goblet of Fire,"$2,441,373"
2005,Nov 27,Sunday,331,"$29,722,118",-46%,-31.8%,42,Harry Potter and the Goblet of Fire,"$11,751,498"
2005,Nov 26,Saturday,330,"$55,032,305",-5.7%,-15.6%,40,Harry Potter and the Goblet of Fire,"$20,204,338"
2005,Nov 25,Friday,329,"$58,387,568",+89.2%,-3.1%,40,Harry Potter and the Goblet of Fire,"$22,771,302"
2005,Nov 24Thanksgiving,Thursday,328,"$30,854,745",-5.8%,+567.4%,40,Harry Potter and the Goblet of Fire,"$12,409,162"
2005,Nov 23,Wednesday,327,"$32,762,697",+104.3%,+578.2%,41,Harry Potter and the Goblet of Fire,"$14,130,383"
2005,Nov 22,Tuesday,326,"$16,033,914",+15.2%,+204.7%,35,Harry Potter and the Goblet of Fire,"$9,002,342"
2005,Nov 21,Monday,325,"$13,918,954",-68.1%,+157%,36,Harry Potter and the Goblet of Fire,"$8,055,221"
2005,Nov 20,Sunday,324,"$43,585,060",-33.1%,+74.5%,41,Harry Potter and the Goblet of Fire,"$25,848,463"
2005,Nov 19,Saturday,323,"$65,175,854",+8.2%,+51.8%,41,Harry Potter and the Goblet of Fire,"$36,719,135"
2005,Nov 18,Friday,322,"$60,257,026","+1,203.4%",+54%,39,Harry Potter and the Goblet of Fire,"$40,118,363"
2005,Nov 17,Thursday,321,"$4,623,001",-4.3%,-56.6%,45,Chicken Little,"$935,439"
2005,Nov 16,Wednesday,320,"$4,830,904",-8.2%,-50.1%,45,Chicken Little,"$929,430"
2005,Nov 15,Tuesday,319,"$5,261,370",-2.9%,-29.7%,45,Chicken Little,"$1,005,555"
2005,Nov 14,Monday,318,"$5,415,869",-78.3%,-23.6%,45,Chicken Little,"$1,109,809"
2005,Nov 13,Sunday,317,"$24,972,855",-41.8%,-18.7%,52,Chicken Little,"$7,917,062"
2005,Nov 12,Saturday,316,"$42,934,769",+9.8%,-12%,51,Chicken Little,"$12,422,456"
2005,Nov 11,Friday,315,"$39,119,928",+267.1%,+8.6%,51,Chicken Little,"$11,314,072"
2005,Nov 10,Thursday,314,"$10,656,429",+10.1%,+88.3%,44,Chicken Little,"$2,935,963"
2005,Nov 9,Wednesday,313,"$9,676,953",+29.4%,+70.3%,44,Get Rich or Die Tryin',"$3,624,378"
2005,Nov 8,Tuesday,312,"$7,480,468",+5.5%,+19.9%,43,Chicken Little,"$2,230,622"
2005,Nov 7,Monday,311,"$7,091,533",-76.9%,-18%,43,Jarhead,"$1,964,965"
2005,Nov 6,Sunday,310,"$30,707,773",-37%,+41.6%,49,Chicken Little,"$12,122,834"
2005,Nov 5,Saturday,309,"$48,764,136",+35.3%,+49.3%,49,Chicken Little,"$17,355,335"
2005,Nov 4,Friday,308,"$36,036,279",+536.9%,+27.6%,49,Chicken Little,"$10,571,609"
2005,Nov 3,Thursday,307,"$5,658,299",-0.4%,+45.3%,44,Saw II,"$2,148,163"
2005,Nov 2,Wednesday,306,"$5,681,104",-8.9%,+49.5%,45,Saw II,"$2,246,187"
2005,Nov 1,Tuesday,305,"$6,236,536",-27.9%,+54.1%,45,Saw II,"$2,621,205"
2005,Oct 31Halloween,Monday,304,"$8,649,582",-60.1%,+99.5%,45,Saw II,"$4,526,635"
2005,Oct 30,Sunday,303,"$21,683,609",-33.6%,+31.2%,55,Saw II,"$8,551,695"
2005,Oct 29,Saturday,302,"$32,653,120",+15.6%,+16%,55,Saw II,"$11,061,985"
2005,Oct 28,Friday,301,"$28,246,989",+625.2%,+33.9%,54,Saw II,"$12,111,972"
2005,Oct 27,Thursday,300,"$3,895,081",+2.5%,-16.4%,47,Doom,"$669,460"
2005,Oct 26,Wednesday,299,"$3,800,972",-6.1%,-9.6%,49,Doom,"$731,125"
2005,Oct 25,Tuesday,298,"$4,048,280",-6.6%,-11.9%,48,Doom,"$882,470"
2005,Oct 24,Monday,297,"$4,335,157",-73.8%,-6.5%,48,Doom,"$1,034,620"
2005,Oct 23,Sunday,296,"$16,520,878",-41.3%,-1.9%,51,Doom,"$3,697,245"
2005,Oct 22,Saturday,295,"$28,139,873",+33.4%,-2%,51,Doom,"$5,933,850"
2005,Oct 21,Friday,294,"$21,087,783",+352.4%,+1.1%,52,Doom,"$5,857,775"
2005,Oct 20,Thursday,293,"$4,661,826",+10.9%,-27.8%,41,Elizabethtown,"$672,507"
2005,Oct 19,Wednesday,292,"$4,203,740",-8.5%,-20%,42,Elizabethtown,"$602,568"
2005,Oct 18,Tuesday,291,"$4,594,135",-0.9%,-12.4%,42,Elizabethtown,"$662,702"
2005,Oct 17,Monday,290,"$4,636,181",-72.5%,-57.7%,42,The Fog,"$684,645"
2005,Oct 16,Sunday,289,"$16,840,027",-41.3%,-25.4%,47,Wallace & Gromit: The Curse of the Were-Rabbit,"$3,509,275"
2005,Oct 15,Saturday,288,"$28,712,363",+37.7%,-16%,46,Wallace & Gromit: The Curse of the Were-Rabbit,"$5,092,443"
2005,Oct 14,Friday,287,"$20,848,459",+222.8%,-13.3%,46,The Fog,"$4,111,642"
2005,Oct 13,Thursday,286,"$6,457,690",+22.9%,+35.4%,43,Wallace & Gromit: The Curse of the Were-Rabbit,"$1,380,305"
2005,Oct 12,Wednesday,285,"$5,254,645",+0.1%,+16.5%,43,In Her Shoes,"$869,503"
2005,Oct 11,Tuesday,284,"$5,247,365",-52.2%,-6.5%,43,In Her Shoes,"$835,628"
2005,Oct 10Indig. Peoples' Day,Monday,283,"$10,969,818",-51.4%,+113.2%,45,Wallace & Gromit: The Curse of the Were-Rabbit,"$2,715,854"
2005,Oct 9,Sunday,282,"$22,580,612",-33.9%,+27.4%,47,Wallace & Gromit: The Curse of the Were-Rabbit,"$4,899,183"
2005,Oct 8,Saturday,281,"$34,182,333",+42.1%,+9.9%,47,Wallace & Gromit: The Curse of the Were-Rabbit,"$7,105,230"
2005,Oct 7,Friday,280,"$24,053,742",+404.4%,+6.5%,47,Wallace & Gromit: The Curse of the Were-Rabbit,"$4,021,574"
2005,Oct 6,Thursday,279,"$4,768,502",+5.8%,-0.7%,40,Flightplan,"$1,024,542"
2005,Oct 5,Wednesday,278,"$4,508,619",-19.6%,-3.6%,40,Flightplan,"$956,342"
2005,Oct 4,Tuesday,277,"$5,611,222",+9.1%,+5.2%,39,Flightplan,"$1,187,132"
2005,Oct 3,Monday,276,"$5,145,237",-71%,-12.5%,39,Flightplan,"$1,072,175"
2005,Oct 2,Sunday,275,"$17,718,217",-43%,-15.4%,45,Flightplan,"$3,567,888"
2005,Oct 1,Saturday,274,"$31,095,319",+37.7%,-14.7%,45,Flightplan,"$6,723,052"
2005,Sep 30Hurricane Katrina,Friday,273,"$22,588,078",+370.2%,-16.9%,45,Flightplan,"$4,514,799"
2005,Sep 29Hurricane Katrina,Thursday,272,"$4,804,210",+2.8%,+18.2%,36,Flightplan,"$1,477,993"
2005,Sep 28Hurricane Katrina,Wednesday,271,"$4,675,136",-12.4%,+15.6%,36,Flightplan,"$1,430,567"
2005,Sep 27Hurricane Katrina,Tuesday,270,"$5,335,490",-9.3%,+14.1%,36,Flightplan,"$1,680,817"
2005,Sep 26Hurricane Katrina,Monday,269,"$5,881,088",-71.9%,+38.7%,36,Flightplan,"$1,886,964"
2005,Sep 25Hurricane Katrina,Sunday,268,"$20,954,447",-42.5%,+34%,42,Flightplan,"$5,979,125"
2005,Sep 24Hurricane Katrina,Saturday,267,"$36,433,936",+34%,+24.7%,42,Flightplan,"$10,450,659"
2005,Sep 23Hurricane Katrina,Friday,266,"$27,190,838",+568.8%,+24.9%,42,Flightplan,"$8,200,154"
2005,Sep 22Hurricane Katrina,Thursday,265,"$4,065,598",+0.5%,-13.5%,35,Just Like Heaven,"$931,542"
2005,Sep 21Hurricane Katrina,Wednesday,264,"$4,043,558",-13.5%,-14.4%,35,Just Like Heaven,"$914,950"
2005,Sep 20Hurricane Katrina,Tuesday,263,"$4,674,811",+10.2%,-5.3%,35,Just Like Heaven,"$1,020,989"
2005,Sep 19Hurricane Katrina,Monday,262,"$4,240,937",-72.9%,-11.9%,35,Just Like Heaven,"$920,817"
2005,Sep 18Hurricane Katrina,Sunday,261,"$15,638,186",-46.5%,-7.9%,40,Just Like Heaven,"$3,805,132"
2005,Sep 17Hurricane Katrina,Saturday,260,"$29,217,824",+34.2%,-2.8%,40,Just Like Heaven,"$7,002,081"
2005,Sep 16Hurricane Katrina,Friday,259,"$21,764,719",+363.3%,-7.7%,40,Just Like Heaven,"$5,601,505"
2005,Sep 15Hurricane Katrina,Thursday,258,"$4,697,852",-0.6%,+18.3%,35,The Exorcism of Emily Rose,"$1,523,712"
2005,Sep 14Hurricane Katrina,Wednesday,257,"$4,725,200",-4.3%,+9.1%,35,The Exorcism of Emily Rose,"$1,542,692"
2005,Sep 13Hurricane Katrina,Tuesday,256,"$4,935,657",+2.5%,+1.1%,35,The Exorcism of Emily Rose,"$1,711,925"
2005,Sep 12Hurricane Katrina,Monday,255,"$4,815,844",-71.6%,-73.7%,35,The Exorcism of Emily Rose,"$1,876,762"
2005,Sep 11Hurricane Katrina,Sunday,254,"$16,981,142",-43.5%,-35.2%,40,The Exorcism of Emily Rose,"$6,821,983"
2005,Sep 10Hurricane Katrina,Saturday,253,"$30,048,031",+27.4%,+10.5%,40,The Exorcism of Emily Rose,"$11,953,674"
2005,Sep 9Hurricane Katrina,Friday,252,"$23,576,807",+493.6%,+17.8%,40,The Exorcism of Emily Rose,"$11,278,643"
2005,Sep 8Hurricane Katrina,Thursday,251,"$3,971,944",-8.3%,-36.3%,37,Transporter 2,"$787,261"
2005,Sep 7Hurricane Katrina,Wednesday,250,"$4,329,846",-11.3%,-41.3%,37,Transporter 2,"$910,332"
2005,Sep 6Hurricane Katrina,Tuesday,249,"$4,880,804",-73.3%,-39.4%,37,Transporter 2,"$1,129,800"
2005,Sep 5Hurricane KatrinaLabor Day,Monday,248,"$18,313,559",-30.1%,+133.4%,44,Transporter 2,"$3,563,888"
2005,Sep 4Hurricane Katrina,Sunday,247,"$26,196,271",-3.7%,+20.8%,42,Transporter 2,"$5,151,669"
2005,Sep 3Hurricane Katrina,Saturday,246,"$27,196,705",+35.8%,-15.6%,42,Transporter 2,"$5,815,921"
2005,Sep 2Hurricane Katrina,Friday,245,"$20,021,806",+221.2%,-15.8%,42,Transporter 2,"$5,573,130"
2005,Sep 1Hurricane Katrina,Thursday,244,"$6,233,129",-15.6%,-28.2%,37,The 40-Year-Old Virgin,"$1,404,225"
2005,Aug 31Hurricane Katrina,Wednesday,243,"$7,381,648",-8.4%,-22.2%,37,The 40-Year-Old Virgin,"$1,635,555"
2005,Aug 30Hurricane Katrina,Tuesday,242,"$8,059,372",+2.7%,-23.9%,36,The 40-Year-Old Virgin,"$1,906,445"
2005,Aug 29Hurricane Katrina,Monday,241,"$7,845,425",-63.8%,-27.1%,36,The 40-Year-Old Virgin,"$1,836,555"
2005,Aug 28Hurricane Katrina,Sunday,240,"$21,685,235",-32.7%,-17.9%,40,The 40-Year-Old Virgin,"$4,689,180"
2005,Aug 27Hurricane Katrina,Saturday,239,"$32,208,518",+35.4%,-11.9%,41,The 40-Year-Old Virgin,"$6,739,800"
2005,Aug 26Hurricane Katrina,Friday,238,"$23,790,854",+174%,-19.9%,40,The Brothers Grimm,"$5,195,000"
2005,Aug 25Hurricane Katrina,Thursday,237,"$8,682,525",-8.4%,-17.9%,36,The 40-Year-Old Virgin,"$2,347,125"
2005,Aug 24Hurricane Katrina,Wednesday,236,"$9,483,372",-10.5%,-13.7%,36,The 40-Year-Old Virgin,"$2,604,555"
2005,Aug 23Hurricane Katrina,Tuesday,235,"$10,592,342",-1.6%,-15.2%,36,The 40-Year-Old Virgin,"$2,901,885"
2005,Aug 22,Monday,234,"$10,763,247",-59.3%,-16.5%,36,The 40-Year-Old Virgin,"$3,015,700"
2005,Aug 21,Sunday,233,"$26,416,039",-27.7%,-9.6%,40,The 40-Year-Old Virgin,"$6,372,800"
2005,Aug 20,Saturday,232,"$36,557,920",+23.1%,-4.7%,40,The 40-Year-Old Virgin,"$7,994,450"
2005,Aug 19,Friday,231,"$29,693,039",+180.7%,-9%,40,The 40-Year-Old Virgin,"$7,055,565"
2005,Aug 18,Thursday,230,"$10,579,829",-3.7%,-9.2%,33,Four Brothers,"$2,048,317"
2005,Aug 17,Wednesday,229,"$10,989,277",-12%,-11.2%,33,Four Brothers,"$2,128,418"
2005,Aug 16,Tuesday,228,"$12,487,177",-3.2%,-9.3%,32,Four Brothers,"$2,493,198"
2005,Aug 15,Monday,227,"$12,896,886",-55.9%,-6.2%,32,Four Brothers,"$2,783,679"
2005,Aug 14,Sunday,226,"$29,229,049",-23.8%,+3.2%,35,Four Brothers,"$6,456,769"
2005,Aug 13,Saturday,225,"$38,354,770",+17.5%,+5.4%,35,Four Brothers,"$7,739,435"
2005,Aug 12,Friday,224,"$32,644,852",+180.3%,-2%,35,Four Brothers,"$6,980,721"
2005,Aug 11,Thursday,223,"$11,647,315",-5.9%,-16.6%,30,The Dukes of Hazzard,"$2,789,485"
2005,Aug 10,Wednesday,222,"$12,371,668",-10.1%,-11.4%,30,The Dukes of Hazzard,"$3,155,363"
2005,Aug 9,Tuesday,221,"$13,761,328",<0.1%,-5.5%,30,The Dukes of Hazzard,"$3,659,262"
2005,Aug 8,Monday,220,"$13,750,831",-51.5%,-12.8%,30,The Dukes of Hazzard,"$4,168,399"
2005,Aug 7,Sunday,219,"$28,335,745",-22.1%,-10.1%,33,The Dukes of Hazzard,"$8,059,592"
2005,Aug 6,Saturday,218,"$36,379,723",+9.2%,-9.8%,33,The Dukes of Hazzard,"$9,970,551"
2005,Aug 5,Friday,217,"$33,300,859",+138.6%,-0.4%,34,The Dukes of Hazzard,"$12,645,171"
2005,Aug 4,Thursday,216,"$13,959,079",<0.1%,-4.1%,33,Wedding Crashers,"$2,741,000"
2005,Aug 3,Wednesday,215,"$13,959,375",-4.1%,-13.7%,33,Wedding Crashers,"$2,852,000"
2005,Aug 2,Tuesday,214,"$14,557,786",-7.7%,-17.1%,33,Wedding Crashers,"$3,028,000"
2005,Aug 1,Monday,213,"$15,775,399",-50%,-10.3%,33,Wedding Crashers,"$3,356,000"
2005,Jul 31,Sunday,212,"$31,536,683",-21.8%,-14.7%,35,Wedding Crashers,"$6,462,000"
2005,Jul 30,Saturday,211,"$40,347,517",+20.6%,-14.3%,35,Wedding Crashers,"$7,738,000"
2005,Jul 29,Friday,210,"$33,449,668",+129.8%,-15.3%,35,Wedding Crashers,"$5,823,000"
2005,Jul 28,Thursday,209,"$14,556,742",-10%,-21.3%,34,Charlie and the Chocolate Factory,"$3,867,231"
2005,Jul 27,Wednesday,208,"$16,182,149",-7.9%,-15.7%,34,Charlie and the Chocolate Factory,"$4,427,226"
2005,Jul 26,Tuesday,207,"$17,570,750",<0.1%,-16.6%,34,Charlie and the Chocolate Factory,"$4,732,350"
2005,Jul 25,Monday,206,"$17,580,675",-52.4%,-21.6%,34,Charlie and the Chocolate Factory,"$4,625,491"
2005,Jul 24,Sunday,205,"$36,969,229",-21.4%,-20.1%,35,Charlie and the Chocolate Factory,"$8,571,373"
2005,Jul 23,Saturday,204,"$47,062,360",+19.2%,-16.8%,35,Charlie and the Chocolate Factory,"$10,615,814"
2005,Jul 22,Friday,203,"$39,491,145",+113.5%,-20.5%,35,Charlie and the Chocolate Factory,"$9,066,151"
2005,Jul 21,Thursday,202,"$18,497,088",-3.7%,+30.6%,35,Charlie and the Chocolate Factory,"$6,440,060"
2005,Jul 20,Wednesday,201,"$19,201,735",-8.8%,+27.6%,35,Charlie and the Chocolate Factory,"$6,884,339"
2005,Jul 19,Tuesday,200,"$21,056,237",-6.1%,+36.5%,35,Charlie and the Chocolate Factory,"$7,768,227"
2005,Jul 18,Monday,199,"$22,422,060",-51.5%,+39.7%,35,Charlie and the Chocolate Factory,"$8,534,478"
2005,Jul 17,Sunday,198,"$46,251,743",-18.2%,+27.1%,37,Charlie and the Chocolate Factory,"$16,112,728"
2005,Jul 16,Saturday,197,"$56,559,006",+13.9%,+9.7%,37,Charlie and the Chocolate Factory,"$19,351,327"
2005,Jul 15,Friday,196,"$49,651,304",+250.5%,+4.2%,37,Charlie and the Chocolate Factory,"$20,714,395"
2005,Jul 14,Thursday,195,"$14,165,715",-5.9%,-13.1%,34,Fantastic Four,"$4,606,835"
2005,Jul 13,Wednesday,194,"$15,054,163",-2.4%,-16.4%,34,Fantastic Four,"$5,085,098"
2005,Jul 12,Tuesday,193,"$15,426,935",-3.9%,-20.8%,34,Fantastic Four,"$5,482,317"
2005,Jul 11,Monday,192,"$16,048,186",-55.9%,-39.2%,34,Fantastic Four,"$6,176,738"
2005,Jul 10,Sunday,191,"$36,402,167",-29.4%,-9.9%,36,Fantastic Four,"$14,656,001"
2005,Jul 9,Saturday,190,"$51,580,032",+8.2%,+10.2%,36,Fantastic Four,"$20,141,511"
2005,Jul 8,Friday,189,"$47,650,939",+192.4%,+12.2%,36,Fantastic Four,"$21,263,992"
2005,Jul 7,Thursday,188,"$16,295,631",-9.5%,-38.4%,33,War of the Worlds,"$6,187,592"
2005,Jul 6,Wednesday,187,"$18,009,653",-7.6%,-45.9%,33,War of the Worlds,"$7,124,191"
2005,Jul 5,Tuesday,186,"$19,485,721",-26.2%,+22.1%,33,War of the Worlds,"$8,453,028"
2005,Jul 4Independence Day,Monday,185,"$26,394,860",-34.6%,+62.5%,33,War of the Worlds,"$12,183,228"
2005,Jul 3,Sunday,184,"$40,381,555",-13.7%,+22.1%,33,War of the Worlds,"$19,775,949"
2005,Jul 2,Saturday,183,"$46,793,854",+10.2%,+8%,33,War of the Worlds,"$23,182,200"
2005,Jul 1,Friday,182,"$42,476,843",+60.6%,+14.5%,33,War of the Worlds,"$21,920,576"
2005,Jun 30,Thursday,181,"$26,444,904",-20.6%,+73.5%,33,War of the Worlds,"$14,425,917"
2005,Jun 29,Wednesday,180,"$33,300,152",+108.7%,+88.4%,33,War of the Worlds,"$21,256,483"
2005,Jun 28,Tuesday,179,"$15,955,902",-1.8%,+5.2%,32,Batman Begins,"$3,727,338"
2005,Jun 27,Monday,178,"$16,245,407",-50.9%,-2.6%,32,Batman Begins,"$4,010,038"
2005,Jun 26,Sunday,177,"$33,065,620",-23.7%,-13.2%,34,Batman Begins,"$8,655,316"
2005,Jun 25,Saturday,176,"$43,341,423",+16.9%,-11.9%,34,Batman Begins,"$10,664,330"
2005,Jun 24,Friday,175,"$37,087,193",+143.3%,-7%,34,Batman Begins,"$8,269,743"
2005,Jun 23,Thursday,174,"$15,244,418",-13.8%,-28.3%,29,Batman Begins,"$4,475,440"
2005,Jun 22,Wednesday,173,"$17,675,608",+16.6%,-35.7%,29,Batman Begins,"$5,518,167"
2005,Jun 21,Tuesday,172,"$15,160,023",-9.1%,+6.6%,29,Batman Begins,"$5,404,419"
2005,Jun 20,Monday,171,"$16,684,473",-56.2%,+9.1%,29,Batman Begins,"$6,627,412"
2005,Jun 19,Sunday,170,"$38,086,475",-22.6%,+0.3%,29,Batman Begins,"$15,656,151"
2005,Jun 18,Saturday,169,"$49,191,022",+23.4%,-8%,29,Batman Begins,"$18,017,047"
2005,Jun 17,Friday,168,"$39,862,469",+87.4%,-7.4%,29,Batman Begins,"$15,072,242"
2005,Jun 16,Thursday,167,"$21,271,501",-22.6%,+80.3%,27,Batman Begins,"$9,083,178"
2005,Jun 15,Wednesday,166,"$27,493,565",+93.4%,+130%,27,Batman Begins,"$15,068,368"
2005,Jun 14,Tuesday,165,"$14,215,765",-7.1%,+17.6%,26,Mr. & Mrs. Smith,"$5,360,936"
2005,Jun 13,Monday,164,"$15,296,699",-59.7%,+29%,26,Mr. & Mrs. Smith,"$6,165,118"
2005,Jun 12,Sunday,163,"$37,958,655",-29%,+8.6%,26,Mr. & Mrs. Smith,"$13,972,763"
2005,Jun 11,Saturday,162,"$53,463,439",+24.2%,+5.4%,26,Mr. & Mrs. Smith,"$18,895,207"
2005,Jun 10,Friday,161,"$43,041,944",+264.8%,+8%,26,Mr. & Mrs. Smith,"$17,474,908"
2005,Jun 9,Thursday,160,"$11,799,752",-1.3%,-20.6%,24,Madagascar,"$2,856,223"
2005,Jun 8,Wednesday,159,"$11,953,978",-1.2%,-24.4%,24,Madagascar,"$2,776,311"
2005,Jun 7,Tuesday,158,"$12,093,081",+2%,-18.1%,24,Madagascar,"$2,674,679"
2005,Jun 6,Monday,157,"$11,860,065",-66.1%,-74.7%,24,Madagascar,"$2,548,529"
2005,Jun 5,Sunday,156,"$34,943,191",-31.1%,-39.5%,26,Madagascar,"$8,411,057"
2005,Jun 4,Saturday,155,"$50,731,483",+27.3%,-23.2%,26,Madagascar,"$11,603,462"
2005,Jun 3,Friday,154,"$39,857,590",+168.2%,-25.1%,26,The Longest Yard,"$8,741,824"
2005,Jun 2,Thursday,153,"$14,859,722",-6.1%,+6.4%,25,Star Wars: Episode III - Revenge of the Sith,"$3,903,255"
2005,Jun 1,Wednesday,152,"$15,818,649",+7.1%,+23.4%,25,Star Wars: Episode III - Revenge of the Sith,"$4,004,937"
2005,May 31,Tuesday,151,"$14,766,699",-68.5%,+4.1%,24,Star Wars: Episode III - Revenge of the Sith,"$4,406,639"
2005,May 30Memorial Day,Monday,150,"$46,937,869",-18.7%,+138.2%,28,Star Wars: Episode III - Revenge of the Sith,"$14,841,083"
2005,May 29,Sunday,149,"$57,722,080",-12.6%,+20.4%,28,Star Wars: Episode III - Revenge of the Sith,"$18,708,290"
2005,May 28,Saturday,148,"$66,057,346",+24.1%,+9.3%,28,Star Wars: Episode III - Revenge of the Sith,"$20,918,340"
2005,May 27,Friday,147,"$53,245,130",+281.1%,+11.9%,28,The Longest Yard,"$16,186,262"
2005,May 26,Thursday,146,"$13,971,957",+9%,-74.4%,28,Star Wars: Episode III - Revenge of the Sith,"$9,079,570"
2005,May 25,Wednesday,145,"$12,816,952",-9.6%,+136.6%,28,Star Wars: Episode III - Revenge of the Sith,"$8,652,951"
2005,May 24,Tuesday,144,"$14,179,683",-28%,+119.7%,28,Star Wars: Episode III - Revenge of the Sith,"$9,907,711"
2005,May 23,Monday,143,"$19,706,395",-58.9%,+184.6%,28,Star Wars: Episode III - Revenge of the Sith,"$14,352,807"
2005,May 22,Sunday,142,"$47,942,507",-20.7%,+96.1%,30,Star Wars: Episode III - Revenge of the Sith,"$34,212,468"
2005,May 21,Saturday,141,"$60,432,122",+27%,+58.5%,30,Star Wars: Episode III - Revenge of the Sith,"$40,693,760"
2005,May 20,Friday,140,"$47,599,037",-12.7%,+66.7%,30,Star Wars: Episode III - Revenge of the Sith,"$33,529,613"
2005,May 19,Thursday,139,"$54,527,362",+906.4%,+931.7%,29,Star Wars: Episode III - Revenge of the Sith,"$50,013,859"
2005,May 18,Wednesday,138,"$5,418,249",-16%,+1.5%,28,Monster-in-Law,"$1,609,000"
2005,May 17,Tuesday,137,"$6,452,921",-6.8%,+15%,28,Monster-in-Law,"$1,804,000"
2005,May 16,Monday,136,"$6,923,268",-71.7%,+15.3%,28,Monster-in-Law,"$1,784,000"
2005,May 15,Sunday,135,"$24,446,435",-35.9%,+19%,30,Monster-in-Law,"$5,807,000"
2005,May 14,Saturday,134,"$38,131,500",+33.5%,+26.5%,30,Monster-in-Law,"$9,539,000"
2005,May 13,Friday,133,"$28,561,752",+440.4%,+12.3%,30,Monster-in-Law,"$7,759,000"
2005,May 12,Thursday,132,"$5,285,007",-1%,+24%,33,Kingdom of Heaven,"$1,290,736"
2005,May 11,Wednesday,131,"$5,337,147",-4.9%,+19.7%,33,Kingdom of Heaven,"$1,337,384"
2005,May 10,Tuesday,130,"$5,612,789",-6.5%,+17.6%,33,Kingdom of Heaven,"$1,504,523"
2005,May 9,Monday,129,"$6,003,375",-70.8%,+19.7%,33,Kingdom of Heaven,"$1,703,271"
2005,May 8,Sunday,128,"$20,540,621",-31.9%,+13.7%,38,Kingdom of Heaven,"$5,227,225"
2005,May 7,Saturday,127,"$30,142,880",+18.5%,-12.3%,38,Kingdom of Heaven,"$7,261,033"
2005,May 6,Friday,126,"$25,431,840",+496.6%,+0.4%,38,Kingdom of Heaven,"$7,147,738"
2005,May 5,Thursday,125,"$4,263,112",-4.4%,-14.9%,33,The Hitchhiker's Guide to the Galaxy,"$1,066,917"
2005,May 4,Wednesday,124,"$4,457,062",-6.6%,-14%,33,The Hitchhiker's Guide to the Galaxy,"$1,133,207"
2005,May 3,Tuesday,123,"$4,773,647",-4.8%,-7.8%,33,The Hitchhiker's Guide to the Galaxy,"$1,258,703"
2005,May 2,Monday,122,"$5,014,292",-72.2%,-9.3%,33,The Hitchhiker's Guide to the Galaxy,"$1,427,420"
2005,May 1,Sunday,121,"$18,064,225",-47.4%,-10.4%,38,The Hitchhiker's Guide to the Galaxy,"$4,767,061"
2005,Apr 30,Saturday,120,"$34,353,068",+35.6%,+2.5%,38,The Hitchhiker's Guide to the Galaxy,"$8,508,117"
2005,Apr 29,Friday,119,"$25,334,390",+405.9%,+3%,38,The Hitchhiker's Guide to the Galaxy,"$7,828,025"
2005,Apr 28,Thursday,118,"$5,007,687",-3.4%,-0.8%,37,The Interpreter,"$1,476,555"
2005,Apr 27,Wednesday,117,"$5,184,213",+0.2%,+8.7%,37,The Interpreter,"$1,641,010"
2005,Apr 26,Tuesday,116,"$5,175,175",-6.4%,+7.1%,37,The Interpreter,"$1,668,590"
2005,Apr 25,Monday,115,"$5,529,046",-72.6%,+8.5%,37,The Interpreter,"$1,709,960"
2005,Apr 24,Sunday,114,"$20,164,513",-39.8%,+16.3%,39,The Interpreter,"$5,778,015"
2005,Apr 23,Saturday,113,"$33,511,976",+36.2%,+9.8%,39,The Interpreter,"$9,749,530"
2005,Apr 22,Friday,112,"$24,607,255",+387.5%,+4.2%,39,The Interpreter,"$7,294,910"
2005,Apr 21,Thursday,111,"$5,047,203",+5.8%,+9.8%,36,The Amityville Horror,"$1,412,405"
2005,Apr 20,Wednesday,110,"$4,768,657",-1.3%,+3.1%,36,The Amityville Horror,"$1,375,892"
2005,Apr 19,Tuesday,109,"$4,829,953",-5.2%,-5.6%,36,The Amityville Horror,"$1,540,001"
2005,Apr 18,Monday,108,"$5,095,355",-70.6%,-0.5%,36,The Amityville Horror,"$1,773,429"
2005,Apr 17,Sunday,107,"$17,339,899",-43.2%,-2.4%,41,The Amityville Horror,"$5,610,747"
2005,Apr 16,Saturday,106,"$30,510,715",+29.2%,-7.1%,41,The Amityville Horror,"$8,793,084"
2005,Apr 15,Friday,105,"$23,618,031",+413.9%,-6.1%,41,The Amityville Horror,"$9,103,176"
2005,Apr 14,Thursday,104,"$4,596,008",-0.6%,-23.3%,34,Sahara,"$1,227,511"
2005,Apr 13,Wednesday,103,"$4,623,888",-9.6%,-14.4%,34,Sahara,"$1,216,257"
2005,Apr 12,Tuesday,102,"$5,117,204",<0.1%,-11.2%,34,Sahara,"$1,402,049"
2005,Apr 11,Monday,101,"$5,121,849",-71.2%,-8.2%,34,Sahara,"$1,432,006"
2005,Apr 10,Sunday,100,"$17,757,698",-46%,-20.2%,38,Sahara,"$4,317,642"
2005,Apr 9,Saturday,99,"$32,857,722",+30.6%,-14.1%,38,Sahara,"$7,600,453"
2005,Apr 8,Friday,98,"$25,156,305",+320.1%,-24.4%,38,Sahara,"$6,150,277"
2005,Apr 7,Thursday,97,"$5,988,461",+10.9%,-40.5%,30,Sin City,"$1,745,000"
2005,Apr 6,Wednesday,96,"$5,399,667",-6.3%,-43.2%,30,Sin City,"$1,712,000"
2005,Apr 5,Tuesday,95,"$5,760,767",+3.3%,-35.6%,30,Sin City,"$2,036,000"
2005,Apr 4,Monday,94,"$5,578,174",-74.9%,-57.6%,30,Sin City,"$1,995,000"
2005,Apr 3,Sunday,93,"$22,241,873",-41.9%,+8%,33,Sin City,"$7,092,000"
2005,Apr 2,Saturday,92,"$38,270,314",+15.1%,+15.1%,33,Sin City,"$10,208,000"
2005,Apr 1,Friday,91,"$33,255,546",+230.3%,+0.6%,33,Sin City,"$11,820,000"
2005,Mar 31,Thursday,90,"$10,068,447",+5.9%,-24.6%,33,Beauty Shop,"$1,772,417"
2005,Mar 30,Wednesday,89,"$9,510,938",+6.4%,+6%,33,Beauty Shop,"$2,073,722"
2005,Mar 29,Tuesday,88,"$8,941,687",-32%,+0.9%,32,Guess Who,"$1,842,087"
2005,Mar 28,Monday,87,"$13,157,644",-36.1%,+53.3%,32,Guess Who,"$2,646,389"
2005,Mar 27Easter Sunday,Sunday,86,"$20,600,388",-38.1%,-20.7%,37,Guess Who,"$5,078,857"
2005,Mar 26,Saturday,85,"$33,253,332",+0.6%,-22.4%,37,Guess Who,"$7,748,667"
2005,Mar 25,Friday,84,"$33,052,055",+147.7%,-1.9%,37,Guess Who,"$7,843,922"
2005,Mar 24,Thursday,83,"$13,345,215",+48.8%,+90.2%,34,Miss Congeniality 2: Armed & Fabulous,"$3,055,304"
2005,Mar 23,Wednesday,82,"$8,969,605",+1.2%,+24.1%,33,Robots,"$2,112,075"
2005,Mar 22,Tuesday,81,"$8,862,073",+3.3%,+15.5%,33,The Ring Two,"$2,126,662"
2005,Mar 21,Monday,80,"$8,580,291",-67%,+12.9%,33,The Ring Two,"$2,354,128"
2005,Mar 20,Sunday,79,"$25,973,641",-39.4%,-6.8%,39,The Ring Two,"$7,157,884"
2005,Mar 19,Saturday,78,"$42,867,923",+27.3%,-3%,39,The Ring Two,"$13,102,145"
2005,Mar 18,Friday,77,"$33,677,447",+379.9%,+17.5%,39,The Ring Two,"$14,805,208"
2005,Mar 17,Thursday,76,"$7,017,451",-2.9%,+24.8%,33,Robots,"$2,102,125"
2005,Mar 16,Wednesday,75,"$7,229,284",-5.8%,+24.5%,33,Robots,"$2,163,269"
2005,Mar 15,Tuesday,74,"$7,671,241",+0.9%,+34.5%,34,Robots,"$2,304,161"
2005,Mar 14,Monday,73,"$7,600,497",-72.7%,+23%,34,Robots,"$2,426,946"
2005,Mar 13,Sunday,72,"$27,867,019",-36.9%,+5.3%,39,Robots,"$10,686,648"
2005,Mar 12,Saturday,71,"$44,185,145",+54.2%,-5.3%,39,Robots,"$15,461,397"
2005,Mar 11,Friday,70,"$28,663,523",+409.7%,-9.5%,39,Robots,"$9,897,256"
2005,Mar 10,Thursday,69,"$5,624,069",-3.1%,-4%,35,The Pacifier,"$1,402,270"
2005,Mar 9,Wednesday,68,"$5,805,095",+1.8%,+5.9%,35,The Pacifier,"$1,438,211"
2005,Mar 8,Tuesday,67,"$5,701,843",-7.7%,-6.7%,35,The Pacifier,"$1,362,754"
2005,Mar 7,Monday,66,"$6,177,858",-76.7%,+6.8%,35,The Pacifier,"$1,569,411"
2005,Mar 6,Sunday,65,"$26,470,035",-43.2%,+9%,38,The Pacifier,"$8,373,010"
2005,Mar 5,Saturday,64,"$46,642,471",+47.3%,+6.7%,38,The Pacifier,"$13,585,990"
2005,Mar 4,Friday,63,"$31,660,042",+440.7%,+2.5%,38,The Pacifier,"$8,593,694"
2005,Mar 3,Thursday,62,"$5,855,582",+6.9%,-14.1%,36,Hitch,"$1,211,145"
2005,Mar 2,Wednesday,61,"$5,479,985",-10.4%,-21.8%,36,Hitch,"$1,074,744"
2005,Mar 1,Tuesday,60,"$6,114,337",+5.7%,-21.3%,36,Hitch,"$1,178,422"
2005,Feb 28,Monday,59,"$5,783,023",-76.2%,-71.5%,36,Diary of a Mad Black Woman,"$1,266,786"
2005,Feb 27,Sunday,58,"$24,280,368",-44.5%,-24%,38,Diary of a Mad Black Woman,"$5,384,518"
2005,Feb 26,Saturday,57,"$43,716,171",+41.5%,-3.3%,38,Hitch,"$9,480,634"
2005,Feb 25,Friday,56,"$30,888,590",+353.2%,-5%,38,Diary of a Mad Black Woman,"$7,380,264"
2005,Feb 24,Thursday,55,"$6,815,579",-2.7%,+12.6%,35,Hitch,"$1,897,340"
2005,Feb 23,Wednesday,54,"$7,007,711",-9.8%,+30.3%,35,Hitch,"$1,909,035"
2005,Feb 22,Tuesday,53,"$7,771,245",-61.8%,+30.6%,35,Hitch,"$2,155,378"
2005,Feb 21Presidents' Day,Monday,52,"$20,317,785",-36.4%,+39.5%,38,Hitch,"$5,375,316"
2005,Feb 20,Sunday,51,"$31,939,238",-29.3%,+26.2%,38,Hitch,"$8,901,254"
2005,Feb 19,Saturday,50,"$45,199,952",+39.1%,+1.9%,38,Hitch,"$13,292,098"
2005,Feb 18,Friday,49,"$32,500,827",+437.1%,+13%,38,Constantine,"$10,882,297"
2005,Feb 17,Thursday,48,"$6,051,590",+12.5%,+21.2%,34,Hitch,"$2,652,946"
2005,Feb 16,Wednesday,47,"$5,378,536",-9.6%,+18.2%,34,Hitch,"$2,346,532"
2005,Feb 15,Tuesday,46,"$5,950,527",-59.2%,+16.6%,34,Hitch,"$2,658,085"
2005,Feb 14,Monday,45,"$14,567,544",-42.4%,+168.7%,34,Hitch,"$7,515,442"
2005,Feb 13,Sunday,44,"$25,308,107",-42.9%,+79.3%,39,Hitch,"$10,594,290"
2005,Feb 12,Saturday,43,"$44,347,830",+54.2%,+11.3%,39,Hitch,"$18,581,456"
2005,Feb 11,Friday,42,"$28,769,005",+476%,+3.4%,39,Hitch,"$13,966,468"
2005,Feb 10,Thursday,41,"$4,994,617",+9.8%,-10.3%,34,Boogeyman,"$822,329"
2005,Feb 9,Wednesday,40,"$4,548,816",-10.8%,-19.4%,33,Boogeyman,"$730,226"
2005,Feb 8,Tuesday,39,"$5,101,583",-5.9%,-14.5%,33,Boogeyman,"$872,928"
2005,Feb 7,Monday,38,"$5,422,033",-61.6%,-8.5%,34,Boogeyman,"$1,086,578"
2005,Feb 6,Sunday,37,"$14,116,144",-64.6%,-47.1%,37,Boogeyman,"$2,500,838"
2005,Feb 5,Saturday,36,"$39,828,770",+43.2%,-7.6%,37,Boogeyman,"$8,460,067"
2005,Feb 4,Friday,35,"$27,821,264",+399.5%,<0.1%,37,Boogeyman,"$8,059,750"
2005,Feb 3,Thursday,34,"$5,569,685",-1.3%,-5.5%,35,Hide and Seek,"$1,070,286"
2005,Feb 2,Wednesday,33,"$5,642,266",-5.5%,+0.6%,35,Hide and Seek,"$1,123,011"
2005,Feb 1,Tuesday,32,"$5,969,803",+0.7%,+5.3%,36,Hide and Seek,"$1,271,094"
2005,Jan 31,Monday,31,"$5,928,850",-77.8%,+0.2%,36,Hide and Seek,"$1,384,053"
2005,Jan 30,Sunday,30,"$26,661,737",-38.1%,+35%,37,Hide and Seek,"$5,356,517"
2005,Jan 29,Saturday,29,"$43,083,321",+54.8%,+28.9%,37,Hide and Seek,"$8,770,407"
2005,Jan 28,Friday,28,"$27,836,029",+372.3%,+10%,37,Hide and Seek,"$7,832,309"
2005,Jan 27,Thursday,27,"$5,893,734",+5.1%,-5.7%,33,Are We There Yet?,"$823,052"
2005,Jan 26,Wednesday,26,"$5,610,325",-1.1%,-2.2%,33,Are We There Yet?,"$786,975"
2005,Jan 25,Tuesday,25,"$5,670,030",-4.2%,-10%,33,Meet the Fockers,"$810,565"
2005,Jan 24,Monday,24,"$5,917,525",-70%,-75.1%,33,Are We There Yet?,"$1,123,019"
2005,Jan 23,Sunday,23,"$19,746,141",-40.9%,-40.1%,34,Are We There Yet?,"$5,210,744"
2005,Jan 22,Saturday,22,"$33,418,267",+32.1%,-26.9%,34,Are We There Yet?,"$7,883,103"
2005,Jan 21,Friday,21,"$25,297,862",+304.7%,-25%,35,Are We There Yet?,"$5,481,367"
2005,Jan 20,Thursday,20,"$6,250,567",+8.9%,+8.5%,35,Coach Carter,"$1,078,557"
2005,Jan 19,Wednesday,19,"$5,737,468",-9%,+3.8%,35,Meet the Fockers,"$995,120"
2005,Jan 18,Tuesday,18,"$6,302,319",-73.5%,+0.2%,34,Meet the Fockers,"$1,190,590"
2005,Jan 17MLK Day,Monday,17,"$23,761,943",-27.9%,+301%,38,Coach Carter,"$4,985,220"
2005,Jan 16,Sunday,16,"$32,979,574",-27.9%,+47.1%,38,Coach Carter,"$6,787,773"
2005,Jan 15,Saturday,15,"$45,738,964",+35.6%,+9.6%,38,Coach Carter,"$9,498,710"
2005,Jan 14,Friday,14,"$33,723,667",+485.5%,+15.8%,38,Coach Carter,"$7,896,478"
2005,Jan 13,Thursday,13,"$5,759,691",+4.2%,-23.3%,36,Meet the Fockers,"$1,834,040"
2005,Jan 12,Wednesday,12,"$5,525,474",-12.1%,-22.8%,36,Meet the Fockers,"$1,763,450"
2005,Jan 11,Tuesday,11,"$6,288,089",+6.1%,-23.3%,36,Meet the Fockers,"$2,046,995"
2005,Jan 10,Monday,10,"$5,926,173",-73.6%,-51%,36,Meet the Fockers,"$1,851,675"
2005,Jan 9,Sunday,9,"$22,414,017",-46.3%,-29%,38,Meet the Fockers,"$6,718,935"
2005,Jan 8,Saturday,8,"$41,740,477",+43.4%,-14.2%,38,Meet the Fockers,"$12,944,090"
2005,Jan 7,Friday,7,"$29,115,385",+287.7%,-18.7%,38,White Noise,"$8,919,645"
2005,Jan 6,Thursday,6,"$7,509,189",+5%,-78.4%,37,Meet the Fockers,"$2,924,920"
2005,Jan 5,Wednesday,5,"$7,154,447",-12.7%,-78.1%,37,Meet the Fockers,"$2,801,580"
2005,Jan 4,Tuesday,4,"$8,199,849",-32.2%,-76.4%,37,Meet the Fockers,"$3,189,220"
2005,Jan 3,Monday,3,"$12,102,568",-61.7%,-67.2%,37,Meet the Fockers,"$4,422,620"
2005,Jan 2,Sunday,2,"$31,588,636",-35.1%,-34.5%,40,Meet the Fockers,"$11,329,665"
2005,Jan 1New Year's Day,Saturday,1,"$48,673,216",+36%,+1.9%,40,Meet the Fockers,"$18,271,940"
2006,Dec 31New Year's Eve,Sunday,365,"$34,085,553",-33.9%,+69.8%,48,Night at the Museum,"$9,484,970"
2006,Dec 30,Saturday,364,"$51,545,942",+6.3%,+19%,48,Night at the Museum,"$13,738,364"
2006,Dec 29,Friday,363,"$48,510,636",+21.4%,+22.4%,48,Night at the Museum,"$13,543,571"
2006,Dec 28,Thursday,362,"$39,956,985",-4.8%,+124.9%,47,Night at the Museum,"$11,394,216"
2006,Dec 27,Wednesday,361,"$41,950,252",-15.3%,+124.7%,47,Night at the Museum,"$11,942,352"
2006,Dec 26,Tuesday,360,"$49,502,338",+0.1%,+307.8%,47,Night at the Museum,"$13,506,030"
2006,Dec 25Christmas Day,Monday,359,"$49,439,913",+19.3%,+50.6%,47,Night at the Museum,"$11,778,870"
2006,Dec 24,Sunday,358,"$20,076,264",-53.7%,-32.4%,43,Night at the Museum,"$5,708,502"
2006,Dec 23,Saturday,357,"$43,323,141",+9.3%,+1.8%,43,Night at the Museum,"$12,591,264"
2006,Dec 22,Friday,356,"$39,619,644",+123%,+17.5%,43,Night at the Museum,"$12,134,015"
2006,Dec 21,Thursday,355,"$17,769,136",-4.8%,+179.6%,48,Rocky Balboa,"$3,489,109"
2006,Dec 20,Wednesday,354,"$18,666,224",+53.8%,+190%,46,Rocky Balboa,"$6,204,105"
2006,Dec 19,Tuesday,353,"$12,137,406",+5.4%,+86.8%,43,The Pursuit of Happyness,"$2,856,735"
2006,Dec 18,Monday,352,"$11,512,039",-61.2%,+83.3%,43,The Pursuit of Happyness,"$2,877,841"
2006,Dec 17,Sunday,351,"$29,686,507",-30.3%,+29.8%,43,The Pursuit of Happyness,"$7,045,306"
2006,Dec 16,Saturday,350,"$42,566,845",+26.3%,+18.8%,43,The Pursuit of Happyness,"$10,544,653"
2006,Dec 15,Friday,349,"$33,713,344",+430.4%,+38.1%,44,The Pursuit of Happyness,"$8,951,750"
2006,Dec 14,Thursday,348,"$6,355,820",-1.2%,+36%,45,Apocalypto,"$1,153,592"
2006,Dec 13,Wednesday,347,"$6,436,182",-1%,+36.4%,45,Apocalypto,"$1,190,670"
2006,Dec 12,Tuesday,346,"$6,498,293",+3.5%,+31.7%,45,Apocalypto,"$1,340,932"
2006,Dec 11,Monday,345,"$6,281,422",-72.5%,+34.9%,45,Apocalypto,"$1,510,608"
2006,Dec 10,Sunday,344,"$22,865,868",-36.2%,+13.4%,45,Apocalypto,"$4,372,985"
2006,Dec 9,Saturday,343,"$35,826,497",+46.8%,+3.3%,45,Happy Feet,"$6,009,551"
2006,Dec 8,Friday,342,"$24,407,887",+422.1%,+8.7%,45,Apocalypto,"$4,904,946"
2006,Dec 7,Thursday,341,"$4,675,102",-0.9%,-17.9%,40,Casino Royale,"$1,024,161"
2006,Dec 6,Wednesday,340,"$4,719,921",-4.4%,-19.7%,40,Casino Royale,"$1,044,215"
2006,Dec 5,Tuesday,339,"$4,935,845",+6%,-23.2%,39,Casino Royale,"$1,112,818"
2006,Dec 4,Monday,338,"$4,657,889",-76.9%,-30.7%,40,Casino Royale,"$1,036,657"
2006,Dec 3,Sunday,337,"$20,170,174",-41.9%,-29.3%,42,Happy Feet,"$5,014,799"
2006,Dec 2,Saturday,336,"$34,690,148",+54.4%,-35.9%,42,Happy Feet,"$8,227,390"
2006,Dec 1,Friday,335,"$22,461,888",+294.5%,-61.3%,42,Casino Royale,"$4,632,565"
2006,Nov 30,Thursday,334,"$5,694,077",-3.2%,-80.9%,46,Casino Royale,"$1,551,530"
2006,Nov 29,Wednesday,333,"$5,880,557",-8.5%,-78.9%,46,Casino Royale,"$1,654,438"
2006,Nov 28,Tuesday,332,"$6,429,646",-4.3%,-54.6%,46,Casino Royale,"$1,770,492"
2006,Nov 27,Monday,331,"$6,716,953",-76.5%,-38.9%,46,Casino Royale,"$1,733,036"
2006,Nov 26,Sunday,330,"$28,537,063",-47.3%,-19.2%,49,Happy Feet,"$7,787,405"
2006,Nov 25,Saturday,329,"$54,121,015",-6.8%,+2.7%,49,Happy Feet,"$13,928,362"
2006,Nov 24,Friday,328,"$58,085,160",+94.5%,+40.8%,49,Happy Feet,"$15,322,279"
2006,Nov 23Thanksgiving,Thursday,327,"$29,860,913",+7.3%,+419.9%,49,Casino Royale,"$7,538,925"
2006,Nov 22,Wednesday,326,"$27,838,302",+96.5%,+382.8%,48,Happy Feet,"$7,462,263"
2006,Nov 21,Tuesday,325,"$14,163,799",+28.8%,+124.2%,46,Casino Royale,"$4,502,582"
2006,Nov 20,Monday,324,"$10,999,353",-68.8%,+56.2%,45,Casino Royale,"$3,836,772"
2006,Nov 19,Sunday,323,"$35,303,802",-33%,+36.2%,47,Happy Feet,"$12,148,078"
2006,Nov 18,Saturday,322,"$52,684,937",+27.7%,+19.3%,47,Happy Feet,"$17,128,133"
2006,Nov 17,Friday,321,"$41,267,649",+618.5%,+15.3%,47,Casino Royale,"$14,741,135"
2006,Nov 16,Thursday,320,"$5,743,667",-0.4%,-37.3%,45,Borat,"$2,000,791"
2006,Nov 15,Wednesday,319,"$5,766,420",-8.7%,-20.2%,45,Borat,"$2,101,530"
2006,Nov 14,Tuesday,318,"$6,317,605",-10.3%,-36.4%,44,Borat,"$2,383,125"
2006,Nov 13,Monday,317,"$7,040,724",-72.8%,-18.1%,44,Borat,"$2,557,281"
2006,Nov 12,Sunday,316,"$25,926,940",-41.3%,-9%,45,Borat,"$6,966,019"
2006,Nov 11,Saturday,315,"$44,173,771",+23.4%,-6.3%,45,Borat,"$11,523,137"
2006,Nov 10,Friday,314,"$35,799,465",+291%,+7.8%,45,Borat,"$9,780,744"
2006,Nov 9,Thursday,313,"$9,155,977",+26.7%,+67.9%,40,Borat,"$3,158,068"
2006,Nov 8,Wednesday,312,"$7,226,173",-27.2%,+26.4%,40,Borat,"$2,764,494"
2006,Nov 7,Tuesday,311,"$9,927,339",+15.5%,+17.4%,40,Borat,"$3,155,949"
2006,Nov 6,Monday,310,"$8,598,381",-69.8%,+47.7%,40,Borat,"$3,307,891"
2006,Nov 5,Sunday,309,"$28,484,680",-39.6%,+40.1%,41,Borat,"$7,081,803"
2006,Nov 4,Saturday,308,"$47,129,876",+41.9%,+39.7%,41,Borat,"$10,139,477"
2006,Nov 3,Friday,307,"$33,209,189",+509.2%,+13.3%,41,Borat,"$9,234,183"
2006,Nov 2,Thursday,306,"$5,451,706",-4.6%,+3.5%,42,Saw III,"$1,788,438"
2006,Nov 1,Wednesday,305,"$5,717,070",-32.4%,+11.4%,42,Saw III,"$2,078,770"
2006,Oct 31Halloween,Tuesday,304,"$8,455,106",+45.2%,+51.3%,42,Saw III,"$4,505,675"
2006,Oct 30,Monday,303,"$5,821,733",-71.4%,+2.3%,42,Saw III,"$2,593,561"
2006,Oct 29,Sunday,302,"$20,324,559",-39.8%,-4.4%,42,Saw III,"$7,604,133"
2006,Oct 28,Saturday,301,"$33,747,994",+15.2%,-1.3%,42,Saw III,"$11,534,385"
2006,Oct 27,Friday,300,"$29,304,384",+456.1%,+10%,42,Saw III,"$14,471,873"
2006,Oct 26,Thursday,299,"$5,269,778",+2.7%,-10.3%,42,The Departed,"$1,072,335"
2006,Oct 25,Wednesday,298,"$5,132,650",-8.1%,-7.3%,42,The Departed,"$1,067,129"
2006,Oct 24,Tuesday,297,"$5,587,223",-1.8%,-10.6%,42,The Prestige,"$1,170,095"
2006,Oct 23,Monday,296,"$5,691,754",-73.2%,-10.6%,42,The Prestige,"$1,195,155"
2006,Oct 22,Sunday,295,"$21,262,942",-37.8%,-8.9%,45,The Prestige,"$3,808,404"
2006,Oct 21,Saturday,294,"$34,179,290",+28.3%,-13.2%,45,The Prestige,"$5,851,002"
2006,Oct 20,Friday,293,"$26,636,673",+353.3%,-21.2%,45,The Prestige,"$5,142,402"
2006,Oct 19,Thursday,292,"$5,876,104",+6.1%,-7%,41,The Departed,"$1,559,368"
2006,Oct 18,Wednesday,291,"$5,539,427",-11.3%,-10.6%,41,The Departed,"$1,557,031"
2006,Oct 17,Tuesday,290,"$6,246,958",-1.9%,-3.6%,41,The Departed,"$1,753,305"
2006,Oct 16,Monday,289,"$6,368,159",-72.7%,-47.1%,41,The Departed,"$1,618,040"
2006,Oct 15,Sunday,288,"$23,328,062",-40.7%,-11.5%,45,The Departed,"$5,192,955"
2006,Oct 14,Saturday,287,"$39,364,729",+16.5%,-1.3%,45,The Departed,"$8,127,897"
2006,Oct 13,Friday,286,"$33,789,929",+435%,+5.2%,45,The Grudge 2,"$10,018,039"
2006,Oct 12,Thursday,285,"$6,316,178",+1.9%,+33.1%,41,The Departed,"$2,318,370"
2006,Oct 11,Wednesday,284,"$6,195,914",-4.4%,+34.3%,41,The Departed,"$2,396,299"
2006,Oct 10,Tuesday,283,"$6,479,360",-46.2%,+28.6%,41,The Departed,"$2,478,432"
2006,Oct 9Indig. Peoples' Day,Monday,282,"$12,038,943",-54.4%,+84.4%,42,The Departed,"$3,870,323"
2006,Oct 8,Sunday,281,"$26,373,320",-33.9%,+14.9%,45,The Departed,"$7,454,350"
2006,Oct 7,Saturday,280,"$39,882,446",+24.1%,+11.7%,45,The Departed,"$10,743,556"
2006,Oct 6,Friday,279,"$32,124,717",+577.2%,+28.7%,45,The Departed,"$8,689,561"
2006,Oct 5,Thursday,278,"$4,744,006",+2.8%,+4.2%,44,The Guardian,"$1,080,187"
2006,Oct 4,Wednesday,277,"$4,612,647",-8.4%,-4.3%,44,The Guardian,"$1,104,065"
2006,Oct 3,Tuesday,276,"$5,037,100",-22.8%,-4.8%,44,The Guardian,"$1,210,761"
2006,Oct 2,Monday,275,"$6,527,251",-71.6%,+21.7%,44,Open Season,"$1,755,827"
2006,Oct 1,Sunday,274,"$22,943,713",-35.7%,+19.6%,47,Open Season,"$7,179,211"
2006,Sep 30,Saturday,273,"$35,705,921",+43%,+13.9%,47,Open Season,"$10,232,453"
2006,Sep 29,Friday,272,"$24,965,264",+448.2%,-6.4%,47,Open Season,"$6,212,884"
2006,Sep 28,Thursday,271,"$4,554,158",-5.5%,+41.2%,47,Jackass Number Two,"$1,833,881"
2006,Sep 27,Wednesday,270,"$4,818,797",-8.9%,+35.3%,47,Jackass Number Two,"$1,971,394"
2006,Sep 26,Tuesday,269,"$5,290,455",-1.4%,+34.6%,46,Jackass Number Two,"$2,254,866"
2006,Sep 25,Monday,268,"$5,365,354",-72%,+41.4%,47,Jackass Number Two,"$2,403,236"
2006,Sep 24,Sunday,267,"$19,191,390",-38.8%,+38.4%,52,Jackass Number Two,"$7,049,298"
2006,Sep 23,Saturday,266,"$31,351,547",+17.6%,+28.4%,52,Jackass Number Two,"$10,150,356"
2006,Sep 22,Friday,265,"$26,663,709",+726.5%,+46.8%,52,Jackass Number Two,"$11,802,348"
2006,Sep 21,Thursday,264,"$3,226,039",-9.4%,-11.7%,46,Gridiron Gang,"$691,111"
2006,Sep 20,Wednesday,263,"$3,560,806",-9.4%,-2.3%,46,Gridiron Gang,"$731,586"
2006,Sep 19,Tuesday,262,"$3,930,382",+3.6%,+3.3%,46,Gridiron Gang,"$822,797"
2006,Sep 18,Monday,261,"$3,793,859",-72.6%,+0.8%,47,Gridiron Gang,"$840,916"
2006,Sep 17,Sunday,260,"$13,867,507",-43.2%,+10.4%,49,Gridiron Gang,"$3,370,327"
2006,Sep 16,Saturday,259,"$24,424,628",+34.4%,+15.2%,49,Gridiron Gang,"$6,239,520"
2006,Sep 15,Friday,258,"$18,168,245",+397.2%,+17.8%,49,Gridiron Gang,"$4,804,783"
2006,Sep 14,Thursday,257,"$3,654,223",+0.3%,-2.6%,43,The Covenant,"$498,132"
2006,Sep 13,Wednesday,256,"$3,643,542",-4.2%,-11.7%,43,The Covenant,"$502,660"
2006,Sep 12,Tuesday,255,"$3,803,564",+1.1%,-18.6%,43,The Covenant,"$566,417"
2006,Sep 11,Monday,254,"$3,763,614",-70%,-79.5%,43,The Covenant,"$593,864"
2006,Sep 10,Sunday,253,"$12,559,519",-40.8%,-50.5%,46,The Covenant,"$2,109,742"
2006,Sep 9,Saturday,252,"$21,199,313",+37.5%,-20.6%,46,The Covenant,"$3,616,012"
2006,Sep 8,Friday,251,"$15,421,339",+310.8%,-18.1%,46,The Covenant,"$3,126,704"
2006,Sep 7,Thursday,250,"$3,753,625",-9%,-35.1%,43,Crank,"$631,167"
2006,Sep 6,Wednesday,249,"$4,125,421",-11.7%,-38.2%,43,Crank,"$695,060"
2006,Sep 5,Tuesday,248,"$4,672,551",-74.5%,-39.8%,43,Crank,"$835,642"
2006,Sep 4Labor Day,Monday,247,"$18,357,307",-27.7%,+131.3%,48,Invincible,"$3,275,944"
2006,Sep 3,Sunday,246,"$25,395,774",-4.8%,+15%,48,Invincible,"$4,502,442"
2006,Sep 2,Saturday,245,"$26,687,322",+41.7%,-11.6%,48,Invincible,"$4,588,978"
2006,Sep 1,Friday,244,"$18,831,329",+225.6%,-21%,48,Crank,"$3,344,629"
2006,Aug 31,Thursday,243,"$5,783,706",-13.3%,-29.1%,40,Invincible,"$1,096,119"
2006,Aug 30,Wednesday,242,"$6,672,907",-14.1%,-18.7%,40,Invincible,"$1,307,718"
2006,Aug 29,Tuesday,241,"$7,766,688",-2.2%,-14.8%,40,Invincible,"$1,561,833"
2006,Aug 28,Monday,240,"$7,938,000",-64.1%,-15.8%,40,Invincible,"$1,644,051"
2006,Aug 27,Sunday,239,"$22,086,185",-26.8%,-8.4%,43,Invincible,"$4,893,533"
2006,Aug 26,Saturday,238,"$30,192,189",+26.7%,-10.6%,43,Invincible,"$6,736,898"
2006,Aug 25,Friday,237,"$23,824,803",+191.9%,-12.8%,43,Invincible,"$5,400,691"
2006,Aug 24,Thursday,236,"$8,160,811",-0.6%,-26.2%,43,Talladega Nights: The Ballad of Ricky Bobby,"$1,253,074"
2006,Aug 23,Wednesday,235,"$8,208,184",-9.9%,-22%,43,Talladega Nights: The Ballad of Ricky Bobby,"$1,261,500"
2006,Aug 22,Tuesday,234,"$9,114,845",-3.4%,-29%,43,Talladega Nights: The Ballad of Ricky Bobby,"$1,391,176"
2006,Aug 21,Monday,233,"$9,432,985",-60.9%,-28.4%,43,Snakes on a Plane,"$1,465,000"
2006,Aug 20,Sunday,232,"$24,100,689",-28.6%,-15.9%,48,Talladega Nights: The Ballad of Ricky Bobby,"$3,802,540"
2006,Aug 19,Saturday,231,"$33,755,925",+23.6%,-14.2%,48,Talladega Nights: The Ballad of Ricky Bobby,"$5,790,436"
2006,Aug 18,Friday,230,"$27,315,391",+147.1%,-24%,48,Snakes on a Plane,"$4,961,000"
2006,Aug 17,Thursday,229,"$11,053,464",+5%,-29%,41,Talladega Nights: The Ballad of Ricky Bobby,"$2,219,317"
2006,Aug 16,Wednesday,228,"$10,528,316",-18%,-36.8%,40,Talladega Nights: The Ballad of Ricky Bobby,"$2,334,475"
2006,Aug 15,Tuesday,227,"$12,844,071",-2.5%,-11.6%,40,Talladega Nights: The Ballad of Ricky Bobby,"$2,786,899"
2006,Aug 14,Monday,226,"$13,174,033",-54%,-23.2%,40,Talladega Nights: The Ballad of Ricky Bobby,"$2,902,001"
2006,Aug 13,Sunday,225,"$28,652,288",-27.2%,-13.4%,43,Talladega Nights: The Ballad of Ricky Bobby,"$6,221,126"
2006,Aug 12,Saturday,224,"$39,362,132",+9.6%,-6.5%,43,Talladega Nights: The Ballad of Ricky Bobby,"$8,692,884"
2006,Aug 11,Friday,223,"$35,925,151",+130.9%,-12.6%,43,Step Up,"$8,729,677"
2006,Aug 10,Thursday,222,"$15,557,687",-6.7%,+20.5%,39,Talladega Nights: The Ballad of Ricky Bobby,"$4,304,949"
2006,Aug 9,Wednesday,221,"$16,668,909",+14.7%,+17.5%,39,Talladega Nights: The Ballad of Ricky Bobby,"$4,537,732"
2006,Aug 8,Tuesday,220,"$14,530,114",-15.3%,-4.7%,38,Talladega Nights: The Ballad of Ricky Bobby,"$5,363,851"
2006,Aug 7,Monday,219,"$17,147,770",-48.2%,+14.5%,38,Talladega Nights: The Ballad of Ricky Bobby,"$6,968,211"
2006,Aug 6,Sunday,218,"$33,074,853",-21.5%,+3.8%,40,Talladega Nights: The Ballad of Ricky Bobby,"$12,990,767"
2006,Aug 5,Saturday,217,"$42,120,872",+2.5%,+3.2%,40,Talladega Nights: The Ballad of Ricky Bobby,"$16,034,487"
2006,Aug 4,Friday,216,"$41,107,368",+218.5%,+13.5%,40,Talladega Nights: The Ballad of Ricky Bobby,"$18,016,961"
2006,Aug 3,Thursday,215,"$12,906,102",-9.1%,-13.4%,35,Pirates of the Caribbean: Dead Man's Chest,"$2,310,578"
2006,Aug 2,Wednesday,214,"$14,191,193",-6.9%,-4.8%,35,Pirates of the Caribbean: Dead Man's Chest,"$2,549,037"
2006,Aug 1,Tuesday,213,"$15,242,743",+1.7%,-8.8%,35,Miami Vice,"$2,780,750"
2006,Jul 31,Monday,212,"$14,981,490",-53%,-12.1%,35,Miami Vice,"$3,049,720"
2006,Jul 30,Sunday,211,"$31,868,746",-21.9%,-19.4%,37,Miami Vice,"$7,522,290"
2006,Jul 29,Saturday,210,"$40,814,507",+12.7%,-24.9%,37,Miami Vice,"$9,183,840"
2006,Jul 28,Friday,209,"$36,217,614",+143.1%,-17.2%,37,Miami Vice,"$9,017,685"
2006,Jul 27,Thursday,208,"$14,901,017",<0.1%,-12.7%,31,Pirates of the Caribbean: Dead Man's Chest,"$3,745,513"
2006,Jul 26,Wednesday,207,"$14,902,532",-10.8%,-11.1%,31,Pirates of the Caribbean: Dead Man's Chest,"$3,709,259"
2006,Jul 25,Tuesday,206,"$16,707,423",-1.9%,-11.5%,30,Pirates of the Caribbean: Dead Man's Chest,"$4,220,967"
2006,Jul 24,Monday,205,"$17,037,427",-56.9%,-12.4%,30,Pirates of the Caribbean: Dead Man's Chest,"$4,304,211"
2006,Jul 23,Sunday,204,"$39,530,675",-27.2%,-10%,32,Pirates of the Caribbean: Dead Man's Chest,"$10,557,353"
2006,Jul 22,Saturday,203,"$54,326,380",+24.1%,-6.3%,32,Pirates of the Caribbean: Dead Man's Chest,"$14,665,667"
2006,Jul 21,Friday,202,"$43,761,460",+156.4%,-4.8%,32,Pirates of the Caribbean: Dead Man's Chest,"$9,992,181"
2006,Jul 20,Thursday,201,"$17,069,123",+1.8%,-23%,34,Pirates of the Caribbean: Dead Man's Chest,"$6,468,103"
2006,Jul 19,Wednesday,200,"$16,759,082",-11.3%,-32%,34,Pirates of the Caribbean: Dead Man's Chest,"$6,448,468"
2006,Jul 18,Tuesday,199,"$18,885,789",-2.9%,-27.5%,34,Pirates of the Caribbean: Dead Man's Chest,"$7,490,004"
2006,Jul 17,Monday,198,"$19,447,024",-55.7%,-29.7%,34,Pirates of the Caribbean: Dead Man's Chest,"$7,912,691"
2006,Jul 16,Sunday,197,"$43,901,444",-24.2%,-21.1%,35,Pirates of the Caribbean: Dead Man's Chest,"$18,954,137"
2006,Jul 15,Saturday,196,"$57,948,868",+26.1%,-19.9%,35,Pirates of the Caribbean: Dead Man's Chest,"$24,846,771"
2006,Jul 14,Friday,195,"$45,965,721",+107.5%,-42.1%,35,Pirates of the Caribbean: Dead Man's Chest,"$18,544,356"
2006,Jul 13,Thursday,194,"$22,156,784",-10.1%,+23.9%,33,Pirates of the Caribbean: Dead Man's Chest,"$12,358,033"
2006,Jul 12,Wednesday,193,"$24,647,191",-5.3%,+22.5%,33,Pirates of the Caribbean: Dead Man's Chest,"$14,154,725"
2006,Jul 11,Tuesday,192,"$26,037,924",-5.9%,-9.2%,33,Pirates of the Caribbean: Dead Man's Chest,"$15,731,919"
2006,Jul 10,Monday,191,"$27,667,283",-50.3%,-22.9%,33,Pirates of the Caribbean: Dead Man's Chest,"$18,140,271"
2006,Jul 9World Cup (Germany),Sunday,190,"$55,662,418",-23.1%,+17.4%,34,Pirates of the Caribbean: Dead Man's Chest,"$35,360,729"
2006,Jul 8World Cup (Germany),Saturday,189,"$72,343,705",-8.9%,+48.8%,34,Pirates of the Caribbean: Dead Man's Chest,"$44,443,225"
2006,Jul 7World Cup (Germany),Friday,188,"$79,381,532",+343.9%,+83.4%,34,Pirates of the Caribbean: Dead Man's Chest,"$55,830,600"
2006,Jul 6World Cup (Germany),Thursday,187,"$17,884,074",-11.1%,-21.8%,34,Superman Returns,"$5,310,443"
2006,Jul 5World Cup (Germany),Wednesday,186,"$20,123,052",-29.8%,-33.3%,34,Superman Returns,"$6,425,270"
2006,Jul 4Independence DayWorld Cup (Germany),Tuesday,185,"$28,680,616",-20.1%,+65.1%,35,Superman Returns,"$10,510,117"
2006,Jul 3World Cup (Germany),Monday,184,"$35,879,296",-24.3%,+115.5%,35,Superman Returns,"$12,988,054"
2006,Jul 2World Cup (Germany),Sunday,183,"$47,399,640",-2.5%,+27.2%,35,Superman Returns,"$17,797,603"
2006,Jul 1World Cup (Germany),Saturday,182,"$48,606,161",+12.3%,+2.7%,35,Superman Returns,"$18,419,067"
2006,Jun 30World Cup (Germany),Friday,181,"$43,293,891",+89.3%,+7.9%,35,Superman Returns,"$16,318,426"
2006,Jun 29World Cup (Germany),Thursday,180,"$22,868,756",-24.2%,+42.1%,33,Superman Returns,"$11,021,167"
2006,Jun 28World Cup (Germany),Wednesday,179,"$30,182,726",+73.7%,+87%,33,Superman Returns,"$18,037,277"
2006,Jun 27World Cup (Germany),Tuesday,178,"$17,375,835",+4.3%,+4.9%,34,Click,"$4,867,652"
2006,Jun 26World Cup (Germany),Monday,177,"$16,652,985",-55.3%,-4.4%,33,Click,"$5,638,403"
2006,Jun 25World Cup (Germany),Sunday,176,"$37,275,790",-21.2%,-9.4%,34,Click,"$11,281,471"
2006,Jun 24World Cup (Germany),Saturday,175,"$47,318,763",+17.9%,-7.5%,34,Click,"$14,303,608"
2006,Jun 23World Cup (Germany),Friday,174,"$40,135,374",+149.4%,-15.5%,34,Click,"$14,426,286"
2006,Jun 22World Cup (Germany),Thursday,173,"$16,093,275",-0.3%,+23.4%,33,Cars,"$4,150,678"
2006,Jun 21World Cup (Germany),Wednesday,172,"$16,140,790",-2.5%,+14.4%,33,Cars,"$4,100,864"
2006,Jun 20World Cup (Germany),Tuesday,171,"$16,556,623",-5%,+16.2%,32,Cars,"$4,012,147"
2006,Jun 19World Cup (Germany),Monday,170,"$17,426,754",-57.6%,+12.8%,32,Cars,"$4,060,577"
2006,Jun 18World Cup (Germany),Sunday,169,"$41,147,106",-19.6%,+2.8%,34,Cars,"$11,610,863"
2006,Jun 17World Cup (Germany),Saturday,168,"$51,177,393",+7.8%,-11.7%,34,Cars,"$12,914,955"
2006,Jun 16World Cup (Germany),Friday,167,"$47,493,569",+264.2%,+2%,34,Nacho Libre,"$10,800,231"
2006,Jun 15World Cup (Germany),Thursday,166,"$13,039,536",-7.6%,-4%,31,Cars,"$5,315,440"
2006,Jun 14World Cup (Germany),Wednesday,165,"$14,112,150",-1%,-8.4%,31,Cars,"$5,737,331"
2006,Jun 13World Cup (Germany),Tuesday,164,"$14,252,566",-7.7%,-43%,31,Cars,"$5,743,462"
2006,Jun 12World Cup (Germany),Monday,163,"$15,446,644",-61.4%,+32%,31,Cars,"$6,407,907"
2006,Jun 11World Cup (Germany),Sunday,162,"$40,041,749",-30.9%,+13.3%,33,Cars,"$17,124,836"
2006,Jun 10World Cup (Germany),Saturday,161,"$57,951,954",+24.5%,+8.5%,33,Cars,"$23,280,927"
2006,Jun 9World Cup (Germany),Friday,160,"$46,552,682",+242.8%,+18.4%,33,Cars,"$19,713,746"
2006,Jun 8,Thursday,159,"$13,579,072",-11.9%,+4.3%,32,The Break-Up,"$3,146,750"
2006,Jun 7,Wednesday,158,"$15,407,091",-38.4%,+17.3%,32,The Omen,"$4,583,064"
2006,Jun 6,Tuesday,157,"$25,006,539",+113.7%,+69.7%,32,The Omen,"$12,633,666"
2006,Jun 5,Monday,156,"$11,704,296",-66.9%,-72.9%,31,The Break-Up,"$3,914,250"
2006,Jun 4,Sunday,155,"$35,347,538",-33.8%,-34.3%,33,The Break-Up,"$10,207,335"
2006,Jun 3,Saturday,154,"$53,422,344",+35.9%,-16%,33,The Break-Up,"$15,027,650"
2006,Jun 2,Friday,153,"$39,311,187",+202%,-43.5%,33,The Break-Up,"$13,937,800"
2006,Jun 1,Thursday,152,"$13,018,878",-0.9%,+15.5%,34,X-Men: The Last Stand,"$5,375,353"
2006,May 31,Wednesday,151,"$13,130,781",-10.9%,+29.6%,34,X-Men: The Last Stand,"$5,805,109"
2006,May 30,Tuesday,150,"$14,732,013",-65.9%,+30.7%,34,X-Men: The Last Stand,"$7,289,543"
2006,May 29Memorial Day,Monday,149,"$43,140,802",-19.8%,+176.2%,36,X-Men: The Last Stand,"$20,110,492"
2006,May 28,Sunday,148,"$53,824,868",-15.4%,+24.4%,35,X-Men: The Last Stand,"$25,650,557"
2006,May 27,Saturday,147,"$63,609,988",-8.5%,+8.4%,35,X-Men: The Last Stand,"$31,997,843"
2006,May 26,Friday,146,"$69,526,836",+516.7%,+36.1%,35,X-Men: The Last Stand,"$45,102,265"
2006,May 25,Thursday,145,"$11,274,179",+11.3%,+126.3%,40,The Da Vinci Code,"$5,304,413"
2006,May 24,Wednesday,144,"$10,130,761",-10.1%,+109.8%,40,The Da Vinci Code,"$5,127,774"
2006,May 23,Tuesday,143,"$11,270,401",-27.8%,+92%,39,The Da Vinci Code,"$6,163,530"
2006,May 22,Monday,142,"$15,616,709",-63.9%,+171.5%,39,The Da Vinci Code,"$8,811,932"
2006,May 21,Sunday,141,"$43,273,142",-26.3%,+79.2%,41,The Da Vinci Code,"$21,125,768"
2006,May 20,Saturday,140,"$58,699,723",+14.9%,+81.6%,41,The Da Vinci Code,"$27,317,296"
2006,May 19,Friday,139,"$51,092,086",+925.6%,+107%,41,The Da Vinci Code,"$28,630,324"
2006,May 18,Thursday,138,"$4,981,652",+3.2%,-16.8%,44,Mission: Impossible III,"$1,652,061"
2006,May 17,Wednesday,137,"$4,828,244",-17.8%,-15%,44,Mission: Impossible III,"$1,612,125"
2006,May 16,Tuesday,136,"$5,870,226",+2.1%,-5.5%,44,Mission: Impossible III,"$1,945,682"
2006,May 15,Monday,135,"$5,751,752",-76.2%,-12.2%,44,Mission: Impossible III,"$1,875,999"
2006,May 14,Sunday,134,"$24,145,582",-25.3%,-4.6%,44,Mission: Impossible III,"$7,104,338"
2006,May 13,Saturday,133,"$32,321,673",+31%,-16.5%,44,Mission: Impossible III,"$10,380,186"
2006,May 12,Friday,132,"$24,680,518",+312.1%,-17.7%,44,Mission: Impossible III,"$7,524,447"
2006,May 11,Thursday,131,"$5,989,054",+5.4%,+30.8%,41,Mission: Impossible III,"$2,828,017"
2006,May 10,Wednesday,130,"$5,679,942",-8.5%,+21.7%,41,Mission: Impossible III,"$2,783,719"
2006,May 9,Tuesday,129,"$6,209,228",-5.2%,+23.3%,41,Mission: Impossible III,"$3,204,660"
2006,May 8,Monday,128,"$6,552,267",-74.1%,+26.1%,41,Mission: Impossible III,"$3,531,502"
2006,May 7,Sunday,127,"$25,311,041",-34.6%,+13.3%,41,Mission: Impossible III,"$12,701,240"
2006,May 6,Saturday,126,"$38,705,582",+29.1%,+2%,41,Mission: Impossible III,"$18,409,876"
2006,May 5,Friday,125,"$29,974,278",+554.5%,+16.3%,41,Mission: Impossible III,"$16,632,157"
2006,May 4,Thursday,124,"$4,579,477",-1.9%,-6.8%,42,RV,"$839,165"
2006,May 3,Wednesday,123,"$4,667,776",-7.3%,-3%,42,RV,"$836,740"
2006,May 2,Tuesday,122,"$5,035,636",-3.1%,-5.2%,42,RV,"$926,855"
2006,May 1,Monday,121,"$5,197,800",-76.7%,-4.9%,42,United 93,"$969,225"
2006,Apr 30,Sunday,120,"$22,333,854",-41.1%,-5.6%,42,RV,"$4,448,762"
2006,Apr 29,Saturday,119,"$37,930,389",+47.2%,-6.1%,42,RV,"$7,366,482"
2006,Apr 28,Friday,118,"$25,763,745",+424.5%,-16.7%,42,RV,"$4,599,523"
2006,Apr 27,Thursday,117,"$4,912,124",+2%,-34%,42,Silent Hill,"$1,076,190"
2006,Apr 26,Wednesday,116,"$4,813,967",-9.4%,-36.6%,42,Silent Hill,"$1,038,784"
2006,Apr 25,Tuesday,115,"$5,313,540",-2.7%,-36.7%,42,Silent Hill,"$1,248,112"
2006,Apr 24,Monday,114,"$5,463,371",-76.9%,-58.6%,42,Silent Hill,"$1,415,379"
2006,Apr 23,Sunday,113,"$23,652,347",-41.5%,-0.4%,43,Silent Hill,"$4,579,799"
2006,Apr 22,Saturday,112,"$40,413,492",+30.7%,+5%,43,Silent Hill,"$7,432,582"
2006,Apr 21,Friday,111,"$30,914,549",+315.2%,-31.2%,43,Silent Hill,"$8,140,217"
2006,Apr 20,Thursday,110,"$7,445,255",-1.9%,-28.1%,43,Scary Movie 4,"$1,977,813"
2006,Apr 19,Wednesday,109,"$7,590,191",-9.5%,+1.2%,43,Scary Movie 4,"$2,046,600"
2006,Apr 18,Tuesday,108,"$8,388,249",-36.4%,+10%,43,Scary Movie 4,"$2,441,967"
2006,Apr 17,Monday,107,"$13,180,871",-44.5%,+75.6%,43,Scary Movie 4,"$3,973,984"
2006,Apr 16Easter Sunday,Sunday,106,"$23,746,722",-38.3%,-3%,45,Scary Movie 4,"$7,762,176"
2006,Apr 15,Saturday,105,"$38,486,786",-14.3%,-12.8%,45,Scary Movie 4,"$13,443,698"
2006,Apr 14,Friday,104,"$44,902,508",+333.5%,+50.6%,45,Scary Movie 4,"$19,017,001"
2006,Apr 13,Thursday,103,"$10,359,101",+38.2%,+51.1%,39,Ice Age 2: The Meltdown,"$3,637,457"
2006,Apr 12,Wednesday,102,"$7,497,100",-1.7%,+7.5%,39,Ice Age 2: The Meltdown,"$2,627,311"
2006,Apr 11,Tuesday,101,"$7,626,757",+1.6%,-1.2%,39,Ice Age 2: The Meltdown,"$2,625,034"
2006,Apr 10,Monday,100,"$7,506,694",-69.4%,-4.6%,39,Ice Age 2: The Meltdown,"$2,558,516"
2006,Apr 9,Sunday,99,"$24,493,628",-44.5%,-22.6%,41,Ice Age 2: The Meltdown,"$9,433,008"
2006,Apr 8,Saturday,98,"$44,146,133",+48.1%,-17.4%,40,Ice Age 2: The Meltdown,"$15,773,985"
2006,Apr 7,Friday,97,"$29,810,500",+334.9%,-29.4%,40,Ice Age 2: The Meltdown,"$8,616,901"
2006,Apr 6,Thursday,96,"$6,853,950",-1.7%,+11.5%,39,Ice Age 2: The Meltdown,"$3,077,717"
2006,Apr 5,Wednesday,95,"$6,974,872",-9.6%,+11.7%,39,Ice Age 2: The Meltdown,"$3,202,445"
2006,Apr 4,Tuesday,94,"$7,718,487",-2%,+10.4%,39,Ice Age 2: The Meltdown,"$3,630,140"
2006,Apr 3,Monday,93,"$7,872,761",-75.1%,+12.1%,39,Ice Age 2: The Meltdown,"$3,984,233"
2006,Apr 2,Sunday,92,"$31,630,318",-40.8%,+36%,40,Ice Age 2: The Meltdown,"$18,293,907"
2006,Apr 1,Saturday,91,"$53,450,200",+26.5%,+30.2%,40,Ice Age 2: The Meltdown,"$27,950,775"
2006,Mar 31,Friday,90,"$42,254,172",+587.5%,+37.7%,40,Ice Age 2: The Meltdown,"$21,788,862"
2006,Mar 30,Thursday,89,"$6,145,623",-1.6%,-5.4%,43,Inside Man,"$1,789,430"
2006,Mar 29,Wednesday,88,"$6,246,430",-10.6%,+1.2%,43,Inside Man,"$1,873,970"
2006,Mar 28,Tuesday,87,"$6,990,703",-0.4%,+4.4%,43,Inside Man,"$2,170,505"
2006,Mar 27,Monday,86,"$7,020,492",-69.8%,+5.3%,43,Inside Man,"$2,281,445"
2006,Mar 26,Sunday,85,"$23,258,194",-43.4%,+0.7%,43,Inside Man,"$7,270,440"
2006,Mar 25,Saturday,84,"$41,064,035",+33.8%,+4.8%,43,Inside Man,"$12,244,210"
2006,Mar 24,Friday,83,"$30,680,543",+372.4%,+11.8%,43,Inside Man,"$9,440,295"
2006,Mar 23,Thursday,82,"$6,494,120",+5.2%,-15.1%,44,V for Vendetta,"$1,890,186"
2006,Mar 22,Wednesday,81,"$6,170,863",-7.8%,-18.1%,43,V for Vendetta,"$1,925,369"
2006,Mar 21,Tuesday,80,"$6,696,507",+0.4%,-15.5%,43,V for Vendetta,"$2,157,405"
2006,Mar 20,Monday,79,"$6,668,011",-71.1%,-14.8%,43,V for Vendetta,"$2,252,247"
2006,Mar 19,Sunday,78,"$23,087,938",-41.1%,-1.5%,44,V for Vendetta,"$6,511,389"
2006,Mar 18,Saturday,77,"$39,183,160",+42.8%,+2.4%,44,V for Vendetta,"$10,388,447"
2006,Mar 17,Friday,76,"$27,444,707",+258.7%,+0.1%,44,V for Vendetta,"$8,742,504"
2006,Mar 16,Thursday,75,"$7,651,464",+1.5%,+82.3%,40,Failure to Launch,"$2,050,490"
2006,Mar 15,Wednesday,74,"$7,539,057",-4.9%,+92.5%,40,Failure to Launch,"$2,035,491"
2006,Mar 14,Tuesday,73,"$7,923,981",+1.2%,+82.9%,40,Failure to Launch,"$2,134,418"
2006,Mar 13,Monday,72,"$7,828,783",-66.6%,+68%,40,Failure to Launch,"$2,037,210"
2006,Mar 12,Sunday,71,"$23,436,355",-38.7%,+18.8%,44,Failure to Launch,"$5,618,205"
2006,Mar 11,Saturday,70,"$38,257,208",+39.6%,+10.8%,44,Failure to Launch,"$10,280,261"
2006,Mar 10,Friday,69,"$27,409,807",+553%,+17.6%,44,Failure to Launch,"$8,512,856"
2006,Mar 9,Thursday,68,"$4,197,776",+7.2%,-10.5%,41,16 Blocks,"$870,020"
2006,Mar 8,Wednesday,67,"$3,916,162",-9.6%,-12%,41,16 Blocks,"$834,378"
2006,Mar 7,Tuesday,66,"$4,333,406",-7%,-16.3%,41,16 Blocks,"$915,463"
2006,Mar 6,Monday,65,"$4,658,963",-76.4%,-14.8%,41,16 Blocks,"$922,431"
2006,Mar 5,Sunday,64,"$19,733,905",-42.9%,-21.7%,46,Madea's Family Reunion,"$3,047,347"
2006,Mar 4,Saturday,63,"$34,543,732",+48.2%,-17.1%,46,Madea's Family Reunion,"$6,119,480"
2006,Mar 3,Friday,62,"$23,310,030",+396.8%,-18.3%,46,16 Blocks,"$3,732,117"
2006,Mar 2,Thursday,61,"$4,692,164",+5.5%,-31.1%,39,Madea's Family Reunion,"$1,001,949"
2006,Mar 1,Wednesday,60,"$4,449,105",-14%,-34.3%,39,Madea's Family Reunion,"$1,076,369"
2006,Feb 28,Tuesday,59,"$5,175,315",-5.3%,-31.7%,39,Madea's Family Reunion,"$1,361,373"
2006,Feb 27,Monday,58,"$5,466,139",-78.3%,-75.4%,39,Madea's Family Reunion,"$1,628,937"
2006,Feb 26Torino Olympics,Sunday,57,"$25,200,098",-39.5%,-24.2%,44,Madea's Family Reunion,"$7,163,594"
2006,Feb 25Torino Olympics,Saturday,56,"$41,678,936",+46.1%,-4.6%,44,Madea's Family Reunion,"$12,400,920"
2006,Feb 24Torino Olympics,Friday,55,"$28,527,829",+318.9%,-1.6%,44,Madea's Family Reunion,"$10,466,147"
2006,Feb 23Torino Olympics,Thursday,54,"$6,809,623",+0.6%,+20%,41,Eight Below,"$1,416,882"
2006,Feb 22Torino Olympics,Wednesday,53,"$6,770,389",-10.7%,+30.4%,41,Eight Below,"$1,377,502"
2006,Feb 21Torino Olympics,Tuesday,52,"$7,582,636",-65.8%,-35.4%,41,Eight Below,"$1,570,463"
2006,Feb 20Presidents' DayTorino Olympics,Monday,51,"$22,202,717",-33.2%,+215.8%,45,Eight Below,"$4,780,425"
2006,Feb 19Torino Olympics,Sunday,50,"$33,254,804",-23.9%,+36.3%,45,Eight Below,"$6,680,204"
2006,Feb 18Torino Olympics,Saturday,49,"$43,698,756",+50.8%,<0.1%,45,Eight Below,"$8,414,761"
2006,Feb 17Torino Olympics,Friday,48,"$28,983,592",+410.8%,-3%,45,Date Movie,"$6,839,360"
2006,Feb 16Torino Olympics,Thursday,47,"$5,673,611",+9.2%,+48.2%,42,Final Destination 3,"$1,101,000"
2006,Feb 15Torino Olympics,Wednesday,46,"$5,193,946",-55.7%,+41.2%,42,Final Destination 3,"$1,091,000"
2006,Feb 14Torino Olympics,Tuesday,45,"$11,736,814",+66.9%,+183.3%,42,Final Destination 3,"$2,946,000"
2006,Feb 13Torino Olympics,Monday,44,"$7,030,384",-71.2%,+61.4%,42,The Pink Panther,"$1,457,212"
2006,Feb 12Torino Olympics,Sunday,43,"$24,392,720",-44.2%,+74.2%,44,The Pink Panther,"$5,063,105"
2006,Feb 11Torino Olympics,Saturday,42,"$43,688,598",+46.2%,+16.8%,44,The Pink Panther,"$9,264,520"
2006,Feb 10Torino Olympics,Friday,41,"$29,888,456",+680.8%,+18.9%,44,Final Destination 3,"$7,120,000"
2006,Feb 9,Thursday,40,"$3,827,789",+4.1%,-20.5%,41,When a Stranger Calls,"$735,310"
2006,Feb 8,Wednesday,39,"$3,678,237",-11.2%,-22.5%,41,When a Stranger Calls,"$697,516"
2006,Feb 7,Tuesday,38,"$4,142,457",-4.9%,-16.8%,41,When a Stranger Calls,"$828,993"
2006,Feb 6,Monday,37,"$4,356,403",-68.9%,-18%,41,When a Stranger Calls,"$977,380"
2006,Feb 5,Sunday,36,"$14,000,151",-62.6%,-46%,42,When a Stranger Calls,"$2,776,125"
2006,Feb 4,Saturday,35,"$37,392,399",+48.8%,-9.9%,42,When a Stranger Calls,"$9,819,847"
2006,Feb 3,Friday,34,"$25,134,984",+421.9%,-4.1%,42,When a Stranger Calls,"$9,011,231"
2006,Feb 2,Thursday,33,"$4,816,271",+1.5%,-5.9%,41,Big Momma's House 2,"$1,001,591"
2006,Feb 1,Wednesday,32,"$4,744,165",-4.7%,-1.5%,41,Big Momma's House 2,"$964,019"
2006,Jan 31,Tuesday,31,"$4,979,082",-6.3%,-4.9%,41,Big Momma's House 2,"$1,068,964"
2006,Jan 30,Monday,30,"$5,311,869",-79.5%,-8.3%,41,Big Momma's House 2,"$1,289,890"
2006,Jan 29,Sunday,29,"$25,905,416",-37.6%,+22.3%,43,Big Momma's House 2,"$7,069,322"
2006,Jan 28,Saturday,28,"$41,513,317",+58.4%,+5.6%,43,Big Momma's House 2,"$12,292,234"
2006,Jan 27,Friday,27,"$26,206,618",+412.1%,-1.9%,43,Big Momma's House 2,"$8,374,500"
2006,Jan 26,Thursday,26,"$5,117,037",+6.3%,-1.4%,38,Underworld: Evolution,"$1,392,085"
2006,Jan 25,Wednesday,25,"$4,814,097",-8.1%,-4.3%,38,Underworld: Evolution,"$1,353,302"
2006,Jan 24,Tuesday,24,"$5,236,091",-9.6%,-3.7%,38,Underworld: Evolution,"$1,648,294"
2006,Jan 23,Monday,23,"$5,792,862",-72.6%,-73.4%,38,Underworld: Evolution,"$1,952,230"
2006,Jan 22,Sunday,22,"$21,177,348",-46.1%,-26.3%,38,Underworld: Evolution,"$6,163,867"
2006,Jan 21,Saturday,21,"$39,294,091",+47%,+3.1%,38,Underworld: Evolution,"$10,444,898"
2006,Jan 20,Friday,20,"$26,724,397",+415.1%,+2.8%,38,Underworld: Evolution,"$10,248,416"
2006,Jan 19,Thursday,19,"$5,188,407",+3.2%,-18.2%,34,Brokeback Mountain,"$744,615"
2006,Jan 18,Wednesday,18,"$5,028,011",-7.6%,-21.6%,34,Brokeback Mountain,"$746,512"
2006,Jan 17,Tuesday,17,"$5,439,056",-75%,-20.6%,34,Brokeback Mountain,"$743,437"
2006,Jan 16MLK Day,Monday,16,"$21,766,419",-24.2%,+213.9%,34,Hoodwinked,"$4,477,502"
2006,Jan 15,Sunday,15,"$28,727,596",-24.6%,+13.4%,34,Hoodwinked,"$4,328,817"
2006,Jan 14,Saturday,14,"$38,105,714",+46.5%,-9.6%,34,Hoodwinked,"$5,408,026"
2006,Jan 13,Friday,13,"$26,005,575",+310.2%,-14.5%,34,Glory Road,"$4,383,193"
2006,Jan 12,Thursday,12,"$6,339,434",-1.1%,-39.2%,34,Hostel,"$1,174,545"
2006,Jan 11,Wednesday,11,"$6,412,074",-6.4%,-35%,34,Hostel,"$1,245,198"
2006,Jan 10,Tuesday,10,"$6,850,758",-1.2%,-47.4%,34,Hostel,"$1,437,869"
2006,Jan 9,Monday,9,"$6,934,627",-72.6%,-81%,34,Hostel,"$1,747,616"
2006,Jan 8,Sunday,8,"$25,332,451",-39.9%,-40.5%,35,Hostel,"$4,655,047"
2006,Jan 7,Saturday,7,"$42,156,668",+38.6%,+17.6%,35,Hostel,"$7,281,000"
2006,Jan 6,Friday,6,"$30,413,512",+191.6%,-32.5%,35,Hostel,"$7,620,052"
2006,Jan 5,Thursday,5,"$10,428,699",+5.8%,-72.6%,36,"The Chronicles of Narnia: The Lion, the Witch and the Wardrobe","$1,952,722"
2006,Jan 4,Wednesday,4,"$9,860,355",-24.3%,-74%,36,"The Chronicles of Narnia: The Lion, the Witch and the Wardrobe","$1,900,104"
2006,Jan 3,Tuesday,3,"$13,017,717",-64.3%,-67.5%,36,"The Chronicles of Narnia: The Lion, the Witch and the Wardrobe","$2,578,517"
2006,Jan 2,Monday,2,"$36,513,356",-14.2%,-33.8%,37,"The Chronicles of Narnia: The Lion, the Witch and the Wardrobe","$8,025,469"
2006,Jan 1New Year's Day,Sunday,1,"$42,566,921",+18.8%,+2.7%,37,King Kong,"$8,795,475"
2007,Dec 31New Year's Eve,Monday,365,"$33,878,455",-29.4%,+49.7%,48,National Treasure: Book of Secrets,"$9,188,271"
2007,Dec 30,Sunday,364,"$48,013,131",-14.8%,+6.9%,46,National Treasure: Book of Secrets,"$10,738,052"
2007,Dec 29,Saturday,363,"$56,383,294",+5.3%,+5.8%,46,National Treasure: Book of Secrets,"$12,673,395"
2007,Dec 28,Friday,362,"$53,547,394",+17.4%,+6.9%,46,National Treasure: Book of Secrets,"$12,261,261"
2007,Dec 27,Thursday,361,"$45,627,074",-9.4%,+247.3%,44,National Treasure: Book of Secrets,"$10,517,241"
2007,Dec 26,Wednesday,360,"$50,384,621",-12.3%,+325.1%,44,National Treasure: Book of Secrets,"$12,441,267"
2007,Dec 25Christmas Day,Tuesday,359,"$57,429,830",+16.2%,+71.3%,45,National Treasure: Book of Secrets,"$13,656,128"
2007,Dec 24,Monday,358,"$22,637,732",-49.6%,+76.2%,40,National Treasure: Book of Secrets,"$7,004,295"
2007,Dec 23,Sunday,357,"$44,934,073",-15.7%,+18.8%,41,National Treasure: Book of Secrets,"$12,699,785"
2007,Dec 22,Saturday,356,"$53,272,862",+6.4%,-10.4%,41,National Treasure: Book of Secrets,"$15,344,648"
2007,Dec 21,Friday,355,"$50,075,157",+281.2%,-3.3%,41,National Treasure: Book of Secrets,"$16,739,339"
2007,Dec 20,Thursday,354,"$13,135,882",+10.8%,+203.3%,41,I Am Legend,"$6,064,109"
2007,Dec 19,Wednesday,353,"$11,851,616",-0.3%,+149.8%,41,I Am Legend,"$6,021,296"
2007,Dec 18,Tuesday,352,"$11,885,489",-7.5%,+136.4%,41,I Am Legend,"$6,503,117"
2007,Dec 17,Monday,351,"$12,845,822",-66%,+163%,41,I Am Legend,"$7,465,450"
2007,Dec 16,Sunday,350,"$37,824,930",-36.4%,+113.6%,40,I Am Legend,"$18,356,821"
2007,Dec 15,Saturday,349,"$59,467,177",+14.9%,+104.6%,40,I Am Legend,"$28,795,114"
2007,Dec 14,Friday,348,"$51,766,333","+1,095.3%",+145.9%,40,I Am Legend,"$30,059,386"
2007,Dec 13,Thursday,347,"$4,330,705",-8.7%,-0.8%,46,The Golden Compass,"$1,287,000"
2007,Dec 12,Wednesday,346,"$4,744,035",-5.6%,+12.1%,46,The Golden Compass,"$1,452,000"
2007,Dec 11,Tuesday,345,"$5,026,880",+2.9%,+11.5%,45,The Golden Compass,"$1,672,000"
2007,Dec 10,Monday,344,"$4,884,939",-72.4%,+12.9%,45,The Golden Compass,"$1,749,000"
2007,Dec 9,Sunday,343,"$17,705,994",-39.1%,+0.7%,46,The Golden Compass,"$6,834,000"
2007,Dec 8,Saturday,342,"$29,064,646",+38.1%,-2.2%,46,The Golden Compass,"$10,226,000"
2007,Dec 7,Friday,341,"$21,051,546",+382.3%,-1.5%,46,The Golden Compass,"$8,723,000"
2007,Dec 6,Thursday,340,"$4,364,849",+3.1%,-23.4%,44,Enchanted,"$801,316"
2007,Dec 5,Wednesday,339,"$4,231,954",-6.2%,-28.3%,44,Enchanted,"$766,881"
2007,Dec 4,Tuesday,338,"$4,510,208",+4.2%,-30.3%,43,Enchanted,"$810,883"
2007,Dec 3,Monday,337,"$4,327,743",-75.4%,-37.9%,43,Enchanted,"$779,510"
2007,Dec 2,Sunday,336,"$17,576,820",-40.8%,-39.5%,46,Enchanted,"$4,382,799"
2007,Dec 1,Saturday,335,"$29,714,587",+39.1%,-45%,46,Enchanted,"$7,185,621"
2007,Nov 30,Friday,334,"$21,367,681",+274.9%,-62.4%,46,Enchanted,"$4,834,896"
2007,Nov 29,Thursday,333,"$5,699,321",-3.5%,-80.7%,52,Enchanted,"$1,083,332"
2007,Nov 28,Wednesday,332,"$5,905,693",-8.7%,-81%,51,Enchanted,"$1,023,033"
2007,Nov 27,Tuesday,331,"$6,466,787",-7.3%,-32.2%,52,Enchanted,"$1,147,191"
2007,Nov 26,Monday,330,"$6,974,262",-76%,-11.1%,53,Enchanted,"$1,283,163"
2007,Nov 25,Sunday,329,"$29,064,623",-46.2%,+23.2%,55,Enchanted,"$7,152,801"
2007,Nov 24,Saturday,328,"$54,043,198",-4.8%,+37.7%,56,Enchanted,"$12,936,914"
2007,Nov 23,Friday,327,"$56,769,374",+92.4%,+105.8%,55,Enchanted,"$14,350,602"
2007,Nov 22Thanksgiving,Thursday,326,"$29,508,416",-4.9%,+533.1%,55,Enchanted,"$6,652,198"
2007,Nov 21,Wednesday,325,"$31,016,056",+225.4%,+569.7%,56,Enchanted,"$7,967,766"
2007,Nov 20,Tuesday,324,"$9,532,335",+21.5%,+86.2%,51,Beowulf,"$2,876,023"
2007,Nov 19,Monday,323,"$7,848,730",-66.7%,-44.9%,52,Beowulf,"$2,654,523"
2007,Nov 18,Sunday,322,"$23,597,642",-39.9%,-13.4%,53,Beowulf,"$7,012,634"
2007,Nov 17,Saturday,321,"$39,245,849",+42.3%,-2.8%,54,Beowulf,"$10,498,103"
2007,Nov 16,Friday,320,"$27,588,066",+491.9%,+2.8%,53,Beowulf,"$10,005,134"
2007,Nov 15,Thursday,319,"$4,661,144",+0.6%,-34.2%,56,American Gangster,"$1,423,125"
2007,Nov 14,Wednesday,318,"$4,631,663",-9.5%,-32.4%,56,American Gangster,"$1,451,795"
2007,Nov 13,Tuesday,317,"$5,118,699",-64.1%,-44.3%,56,American Gangster,"$1,590,680"
2007,Nov 12,Monday,316,"$14,238,827",-47.7%,+75.8%,56,Bee Movie,"$5,002,586"
2007,Nov 11,Sunday,315,"$27,242,926",-32.6%,-6.2%,58,Bee Movie,"$8,018,170"
2007,Nov 10,Saturday,314,"$40,395,190",+50.5%,-21.5%,58,Bee Movie,"$11,305,924"
2007,Nov 9,Friday,313,"$26,835,072",+279%,-29.3%,58,American Gangster,"$7,173,355"
2007,Nov 8,Thursday,312,"$7,080,379",+3.4%,+40.6%,54,American Gangster,"$2,762,450"
2007,Nov 7,Wednesday,311,"$6,850,266",-25.4%,-1.3%,54,American Gangster,"$2,931,840"
2007,Nov 6,Tuesday,310,"$9,181,952",+13.4%,+74.2%,54,American Gangster,"$3,527,370"
2007,Nov 5,Monday,309,"$8,097,932",-72.1%,+46%,54,American Gangster,"$3,573,180"
2007,Nov 4,Sunday,308,"$29,038,606",-43.6%,+56.5%,54,Bee Movie,"$10,871,968"
2007,Nov 3,Saturday,307,"$51,461,004",+35.5%,+61.3%,54,American Gangster,"$17,652,120"
2007,Nov 2,Friday,306,"$37,982,917",+654.4%,+23.7%,54,American Gangster,"$15,865,355"
2007,Nov 1,Thursday,305,"$5,034,748",-27.5%,+4.3%,56,Saw IV,"$1,554,652"
2007,Oct 31Halloween,Wednesday,304,"$6,939,876",+31.7%,+45.4%,55,Saw IV,"$2,808,522"
2007,Oct 30,Tuesday,303,"$5,270,436",-5%,-2.7%,55,Saw IV,"$1,844,808"
2007,Oct 29,Monday,302,"$5,547,484",-70.1%,+7.6%,55,Saw IV,"$2,085,443"
2007,Oct 28,Sunday,301,"$18,550,963",-41.8%,+7.8%,58,Saw IV,"$6,523,322"
2007,Oct 27,Saturday,300,"$31,895,448",+3.9%,+4%,58,Saw IV,"$10,477,464"
2007,Oct 26,Friday,299,"$30,711,287",+535.9%,+23.8%,58,Saw IV,"$14,755,978"
2007,Oct 25,Thursday,298,"$4,829,270",+1.2%,-12.5%,55,30 Days of Night,"$1,028,665"
2007,Oct 24,Wednesday,297,"$4,771,843",-11.9%,-13.8%,55,30 Days of Night,"$1,036,869"
2007,Oct 23,Tuesday,296,"$5,416,620",+5%,-9.7%,55,30 Days of Night,"$1,277,763"
2007,Oct 22,Monday,295,"$5,157,400",-70%,-16.3%,58,30 Days of Night,"$1,322,944"
2007,Oct 21,Sunday,294,"$17,214,243",-43.8%,-14.2%,60,30 Days of Night,"$3,820,876"
2007,Oct 20,Saturday,293,"$30,655,693",+23.6%,-10.6%,60,30 Days of Night,"$5,879,123"
2007,Oct 19,Friday,292,"$24,805,019",+349.5%,-4.4%,60,30 Days of Night,"$6,251,903"
2007,Oct 18,Thursday,291,"$5,517,965",-0.3%,+35.5%,56,Why Did I Get Married?,"$1,157,337"
2007,Oct 17,Wednesday,290,"$5,532,656",-7.7%,+35%,56,Why Did I Get Married?,"$1,129,694"
2007,Oct 16,Tuesday,289,"$5,995,759",-2.7%,+34.7%,56,Why Did I Get Married?,"$1,408,508"
2007,Oct 15,Monday,288,"$6,163,471",-69.3%,-29.6%,56,Why Did I Get Married?,"$1,715,482"
2007,Oct 14,Sunday,287,"$20,065,036",-41.5%,+10.6%,58,Why Did I Get Married?,"$5,145,210"
2007,Oct 13,Saturday,286,"$34,306,265",+32.2%,+29.7%,58,Why Did I Get Married?,"$8,790,348"
2007,Oct 12,Friday,285,"$25,958,342",+537.5%,+38.5%,58,Why Did I Get Married?,"$7,418,231"
2007,Oct 11,Thursday,284,"$4,072,071",-0.6%,-9.1%,56,The Heartbreak Kid,"$913,006"
2007,Oct 10,Wednesday,283,"$4,098,246",-8%,-6.9%,56,The Heartbreak Kid,"$966,063"
2007,Oct 9,Tuesday,282,"$4,452,790",-49.1%,-12.5%,55,The Heartbreak Kid,"$1,091,440"
2007,Oct 8Indig. Peoples' Day,Monday,281,"$8,750,606",-51.7%,+82.9%,55,The Game Plan,"$2,733,318"
2007,Oct 7,Sunday,280,"$18,133,809",-31.5%,-3%,57,The Game Plan,"$4,964,919"
2007,Oct 6,Saturday,279,"$26,458,444",+41.2%,-16.5%,57,The Game Plan,"$7,301,977"
2007,Oct 5,Friday,278,"$18,741,282",+318.5%,-16.3%,57,The Heartbreak Kid,"$4,675,669"
2007,Oct 4,Thursday,277,"$4,478,440",+1.7%,+3.5%,63,The Kingdom,"$1,076,125"
2007,Oct 3,Wednesday,276,"$4,402,982",-13.5%,-2.2%,63,The Kingdom,"$1,116,905"
2007,Oct 2,Tuesday,275,"$5,091,058",+6.4%,+1.8%,63,The Kingdom,"$1,382,535"
2007,Oct 1,Monday,274,"$4,785,391",-74.4%,-5.9%,63,The Kingdom,"$1,312,710"
2007,Sep 30,Sunday,273,"$18,703,083",-41%,+5.8%,65,The Game Plan,"$6,252,812"
2007,Sep 29,Saturday,272,"$31,690,687",+41.6%,+2.1%,65,The Game Plan,"$10,361,769"
2007,Sep 28,Friday,271,"$22,382,571",+417.3%,-15.5%,64,The Game Plan,"$6,336,390"
2007,Sep 27,Thursday,270,"$4,326,427",-3.9%,+4.5%,60,Resident Evil: Extinction,"$1,052,933"
2007,Sep 26,Wednesday,269,"$4,503,266",-10%,+8.9%,60,Resident Evil: Extinction,"$1,126,512"
2007,Sep 25,Tuesday,268,"$5,002,130",-1.6%,+9.1%,60,Resident Evil: Extinction,"$1,338,759"
2007,Sep 24,Monday,267,"$5,082,827",-71.2%,+17%,60,Resident Evil: Extinction,"$1,593,222"
2007,Sep 23,Sunday,266,"$17,677,116",-43.1%,+22.6%,62,Resident Evil: Extinction,"$5,400,086"
2007,Sep 22,Saturday,265,"$31,041,965",+17.2%,+17.7%,62,Resident Evil: Extinction,"$8,664,331"
2007,Sep 21,Friday,264,"$26,487,222",+539.8%,+39%,62,Resident Evil: Extinction,"$9,614,163"
2007,Sep 20,Thursday,263,"$4,140,068",<0.1%,-14.9%,57,The Brave One,"$965,414"
2007,Sep 19,Wednesday,262,"$4,136,800",-9.8%,-11.4%,57,The Brave One,"$1,022,288"
2007,Sep 18,Tuesday,261,"$4,586,706",+5.6%,-11.2%,57,The Brave One,"$1,154,400"
2007,Sep 17,Monday,260,"$4,343,015",-69.9%,-8%,57,The Brave One,"$1,076,320"
2007,Sep 16,Sunday,259,"$14,417,135",-45.3%,-8.6%,58,The Brave One,"$3,190,238"
2007,Sep 15,Saturday,258,"$26,368,961",+38.4%,-1.3%,58,The Brave One,"$5,651,917"
2007,Sep 14,Friday,257,"$19,055,118",+291.6%,+0.4%,58,The Brave One,"$4,629,333"
2007,Sep 13,Thursday,256,"$4,866,109",+4.2%,+9.1%,50,3:10 to Yuma,"$1,241,356"
2007,Sep 12,Wednesday,255,"$4,668,260",-9.7%,-4.6%,50,3:10 to Yuma,"$1,275,575"
2007,Sep 11,Tuesday,254,"$5,167,095",+9.4%,-14%,50,3:10 to Yuma,"$1,487,815"
2007,Sep 10,Monday,253,"$4,723,057",-70.1%,-78.8%,50,3:10 to Yuma,"$1,359,560"
2007,Sep 9,Sunday,252,"$15,773,857",-40.9%,-49%,51,3:10 to Yuma,"$3,731,005"
2007,Sep 8,Saturday,251,"$26,705,115",+40.7%,-17.1%,51,3:10 to Yuma,"$5,639,120"
2007,Sep 7,Friday,250,"$18,985,661",+325.6%,-33.7%,51,3:10 to Yuma,"$4,664,908"
2007,Sep 6,Thursday,249,"$4,460,407",-8.8%,-42%,48,Halloween,"$1,003,996"
2007,Sep 5,Wednesday,248,"$4,892,676",-18.6%,-42%,48,Halloween,"$1,131,597"
2007,Sep 4,Tuesday,247,"$6,007,002",-73.1%,-26.7%,48,Halloween,"$1,468,732"
2007,Sep 3Labor Day,Monday,246,"$22,309,081",-27.9%,+161.6%,49,Halloween,"$4,229,392"
2007,Sep 2,Sunday,245,"$30,936,842",-4%,+30.5%,49,Halloween,"$6,911,096"
2007,Sep 1,Saturday,244,"$32,219,501",+12.6%,-3.9%,49,Halloween,"$8,554,661"
2007,Aug 31,Friday,243,"$28,621,382",+272.2%,+7%,49,Halloween,"$10,896,610"
2007,Aug 30,Thursday,242,"$7,690,069",-8.9%,-31.6%,48,Superbad,"$1,734,119"
2007,Aug 29,Wednesday,241,"$8,438,441",+3%,-30.5%,48,Superbad,"$1,880,985"
2007,Aug 28,Tuesday,240,"$8,193,528",-3.9%,-44.3%,47,Superbad,"$2,184,068"
2007,Aug 27,Monday,239,"$8,528,248",-64%,-44.2%,47,Superbad,"$2,418,980"
2007,Aug 26,Sunday,238,"$23,705,998",-29.3%,-28.2%,48,Superbad,"$5,698,976"
2007,Aug 25,Saturday,237,"$33,517,958",+25.4%,-18%,48,Superbad,"$6,675,757"
2007,Aug 24,Friday,236,"$26,738,101",+137.7%,-22.3%,48,Superbad,"$5,669,636"
2007,Aug 23,Thursday,235,"$11,248,105",-7.4%,-19%,42,Superbad,"$3,466,533"
2007,Aug 22,Wednesday,234,"$12,143,651",-17.5%,-13.7%,42,Superbad,"$3,853,382"
2007,Aug 21,Tuesday,233,"$14,722,942",-3.7%,-3.4%,42,Superbad,"$4,755,124"
2007,Aug 20,Monday,232,"$15,290,114",-53.7%,-4.4%,42,Superbad,"$5,444,824"
2007,Aug 19,Sunday,231,"$33,015,668",-19.3%,-11.6%,45,Superbad,"$10,267,489"
2007,Aug 18,Saturday,230,"$40,893,945",+18.8%,-18.3%,45,Superbad,"$10,448,720"
2007,Aug 17,Friday,229,"$34,411,283",+147.7%,-26%,45,Superbad,"$12,336,202"
2007,Aug 16,Thursday,228,"$13,894,864",-1.3%,-19.9%,39,Rush Hour 3,"$3,617,000"
2007,Aug 15,Wednesday,227,"$14,071,196",-7.7%,-27.5%,39,Rush Hour 3,"$3,886,000"
2007,Aug 14,Tuesday,226,"$15,242,255",-4.7%,-26.9%,39,Rush Hour 3,"$4,493,000"
2007,Aug 13,Monday,225,"$15,988,075",-57.2%,-32.8%,39,Rush Hour 3,"$5,227,000"
2007,Aug 12,Sunday,224,"$37,361,999",-25.4%,-17.6%,42,Rush Hour 3,"$13,031,000"
2007,Aug 11,Saturday,223,"$50,078,834",+7.7%,-15.2%,42,Rush Hour 3,"$17,115,000"
2007,Aug 10,Friday,222,"$46,479,625",+167.9%,-13%,42,Rush Hour 3,"$18,954,000"
2007,Aug 9,Thursday,221,"$17,352,037",-10.6%,-1.3%,38,The Bourne Ultimatum,"$6,057,300"
2007,Aug 8,Wednesday,220,"$19,399,492",-7%,+5.7%,38,The Bourne Ultimatum,"$6,734,210"
2007,Aug 7,Tuesday,219,"$20,849,670",-12.4%,+3%,37,The Bourne Ultimatum,"$7,466,400"
2007,Aug 6,Monday,218,"$23,806,685",-47.5%,+6.5%,37,The Bourne Ultimatum,"$9,131,700"
2007,Aug 5,Sunday,217,"$45,368,987",-23.1%,-5.1%,39,The Bourne Ultimatum,"$19,324,800"
2007,Aug 4,Saturday,216,"$59,030,573",+10.5%,-3.2%,39,The Bourne Ultimatum,"$25,290,665"
2007,Aug 3,Friday,215,"$53,399,489",+203.7%,-12%,39,The Bourne Ultimatum,"$24,668,225"
2007,Aug 2,Thursday,214,"$17,584,356",-4.2%,+0.8%,32,The Simpsons Movie,"$5,727,034"
2007,Aug 1,Wednesday,213,"$18,347,532",-9.3%,+1.2%,32,The Simpsons Movie,"$6,406,944"
2007,Jul 31,Tuesday,212,"$20,239,109",-9.4%,-0.6%,32,The Simpsons Movie,"$7,501,425"
2007,Jul 30,Monday,211,"$22,349,944",-53.3%,+1%,32,The Simpsons Movie,"$9,277,515"
2007,Jul 29,Sunday,210,"$47,830,260",-21.6%,+15.2%,34,The Simpsons Movie,"$19,479,149"
2007,Jul 28,Saturday,209,"$61,001,881",+0.6%,+14.9%,34,The Simpsons Movie,"$23,799,369"
2007,Jul 27,Friday,208,"$60,655,456",+247.8%,+23.4%,34,The Simpsons Movie,"$30,758,269"
2007,Jul 26,Thursday,207,"$17,440,981",-3.8%,-13.3%,34,I Now Pronounce You Chuck & Larry,"$3,827,025"
2007,Jul 25,Wednesday,206,"$18,124,158",-11%,-16.2%,34,I Now Pronounce You Chuck & Larry,"$4,139,995"
2007,Jul 24,Tuesday,205,"$20,355,042",-8%,-7.8%,33,I Now Pronounce You Chuck & Larry,"$4,754,205"
2007,Jul 23,Monday,204,"$22,121,871",-46.7%,-3%,33,I Now Pronounce You Chuck & Larry,"$5,592,140"
2007,Jul 22,Sunday,203,"$41,526,988",-21.8%,-18.3%,35,Harry Potter and the Order of the Phoenix,"$10,014,778"
2007,Jul 21,Saturday,202,"$53,109,013",+8.1%,-18.1%,35,Harry Potter and the Order of the Phoenix,"$12,281,132"
2007,Jul 20,Friday,201,"$49,145,367",+144.2%,-7.6%,35,I Now Pronounce You Chuck & Larry,"$12,599,475"
2007,Jul 19,Thursday,200,"$20,122,100",-7%,-40.2%,34,Harry Potter and the Order of the Phoenix,"$7,617,199"
2007,Jul 18,Wednesday,199,"$21,634,899",-2%,-64.7%,34,Harry Potter and the Order of the Phoenix,"$8,438,206"
2007,Jul 17,Tuesday,198,"$22,069,618",-3.3%,"+2,206,961,700%",34,Harry Potter and the Order of the Phoenix,"$9,169,473"
2007,Jul 16,Monday,197,"$22,815,181",-55.1%,+4%,34,Harry Potter and the Order of the Phoenix,"$10,415,480"
2007,Jul 15,Sunday,196,"$50,854,612",-21.5%,+4.5%,34,Harry Potter and the Order of the Phoenix,"$22,955,554"
2007,Jul 14,Saturday,195,"$64,812,980",+21.9%,+8.5%,34,Harry Potter and the Order of the Phoenix,"$28,310,875"
2007,Jul 13,Friday,194,"$53,165,884",+58%,+2.9%,34,Harry Potter and the Order of the Phoenix,"$25,841,985"
2007,Jul 12,Thursday,193,"$33,645,345",-45.1%,-15.7%,38,Harry Potter and the Order of the Phoenix,"$18,374,405"
2007,Jul 11,Wednesday,192,"$61,291,850","+6,129,184,900%",+6.1%,38,Harry Potter and the Order of the Phoenix,"$44,232,338"
2007,Jul 10,Tuesday,191,"$20,039,328",-8.7%,-59.9%,37,Transformers,"$8,253,776"
2007,Jul 9,Monday,190,"$21,941,647",-54.9%,-23.8%,37,Transformers,"$9,927,640"
2007,Jul 8,Sunday,189,"$48,666,410",-18.5%,+17.3%,37,Transformers,"$22,144,125"
2007,Jul 7,Saturday,188,"$59,747,082",+15.7%,+11.9%,37,Transformers,"$25,701,839"
2007,Jul 6,Friday,187,"$51,651,924",+29.4%,+10.4%,37,Transformers,"$22,656,420"
2007,Jul 5,Thursday,186,"$39,927,970",-30.9%,+109.3%,39,Transformers,"$19,177,089"
2007,Jul 4Independence Day,Wednesday,185,"$57,762,142",+15.7%,+158.8%,39,Transformers,"$29,073,898"
2007,Jul 3,Tuesday,184,"$49,931,652",+73.4%,+227.5%,37,Transformers,"$27,851,016"
2007,Jul 2,Monday,183,"$28,789,748",-30.6%,+79.4%,36,Transformers,"$8,801,025"
2007,Jul 1,Sunday,182,"$41,494,294",-22.3%,+21.8%,36,Ratatouille,"$13,598,308"
2007,Jun 30,Saturday,181,"$53,401,587",+14.1%,+13.8%,36,Ratatouille,"$16,976,145"
2007,Jun 29,Friday,180,"$46,804,062",+145.3%,+14.2%,36,Ratatouille,"$16,452,942"
2007,Jun 28,Thursday,179,"$19,079,412",-14.5%,+32.9%,39,Live Free or Die Hard,"$5,916,933"
2007,Jun 27,Wednesday,178,"$22,315,942",+46.4%,+44.3%,39,Live Free or Die Hard,"$9,111,638"
2007,Jun 26,Tuesday,177,"$15,248,237",-5%,-6.6%,38,Evan Almighty,"$3,694,125"
2007,Jun 25,Monday,176,"$16,050,527",-52.9%,-4.6%,38,Evan Almighty,"$3,928,360"
2007,Jun 24,Sunday,175,"$34,072,665",-27.4%,-15.1%,39,Evan Almighty,"$8,361,280"
2007,Jun 23,Saturday,174,"$46,932,975",+14.6%,-8.1%,39,Evan Almighty,"$11,424,675"
2007,Jun 22,Friday,173,"$40,966,705",+185.3%,-12%,39,Evan Almighty,"$11,406,660"
2007,Jun 21,Thursday,172,"$14,361,252",-7.1%,+8%,38,Fantastic Four: Rise of the Silver Surfer,"$3,939,721"
2007,Jun 20,Wednesday,171,"$15,465,700",-5.2%,+14.4%,38,Fantastic Four: Rise of the Silver Surfer,"$4,464,001"
2007,Jun 19,Tuesday,170,"$16,320,988",-3%,+16%,38,Fantastic Four: Rise of the Silver Surfer,"$5,101,445"
2007,Jun 18,Monday,169,"$16,818,235",-58.1%,+14.7%,38,Fantastic Four: Rise of the Silver Surfer,"$5,896,708"
2007,Jun 17,Sunday,168,"$40,148,056",-21.4%,+13.8%,39,Fantastic Four: Rise of the Silver Surfer,"$16,413,435"
2007,Jun 16,Saturday,167,"$51,077,688",+9.7%,-1.2%,39,Fantastic Four: Rise of the Silver Surfer,"$19,647,670"
2007,Jun 15,Friday,166,"$46,555,472",+250.2%,+9.6%,39,Fantastic Four: Rise of the Silver Surfer,"$21,990,579"
2007,Jun 14,Thursday,165,"$13,292,366",-1.7%,+15.6%,38,Ocean's Thirteen,"$3,204,303"
2007,Jun 13,Wednesday,164,"$13,523,429",-3.9%,+12.5%,38,Ocean's Thirteen,"$3,442,280"
2007,Jun 12,Tuesday,163,"$14,070,042",-4%,+7.7%,38,Ocean's Thirteen,"$3,769,975"
2007,Jun 11,Monday,162,"$14,661,897",-58.4%,+6.4%,38,Ocean's Thirteen,"$4,155,375"
2007,Jun 10,Sunday,161,"$35,275,310",-31.8%,-11.2%,39,Ocean's Thirteen,"$9,040,222"
2007,Jun 9,Saturday,160,"$51,690,501",+21.6%,+2%,39,Ocean's Thirteen,"$13,914,465"
2007,Jun 8,Friday,159,"$42,496,215",+269.7%,+14.5%,39,Ocean's Thirteen,"$13,178,716"
2007,Jun 7,Thursday,158,"$11,495,252",-4.4%,-5.4%,37,Knocked Up,"$3,345,555"
2007,Jun 6,Wednesday,157,"$12,021,305",-8%,-2.7%,37,Knocked Up,"$3,631,815"
2007,Jun 5,Tuesday,156,"$13,070,090",-5.2%,-6.8%,37,Knocked Up,"$4,119,885"
2007,Jun 4,Monday,155,"$13,780,259",-65.3%,-70.6%,37,Knocked Up,"$4,435,695"
2007,Jun 3,Sunday,154,"$39,702,948",-21.7%,-36.5%,38,Pirates of the Caribbean: At World's End,"$13,514,578"
2007,Jun 2,Saturday,153,"$50,679,315",+36.5%,-26.9%,38,Pirates of the Caribbean: At World's End,"$17,873,601"
2007,Jun 1,Friday,152,"$37,114,133",+205.3%,-43%,38,Pirates of the Caribbean: At World's End,"$12,818,481"
2007,May 31,Thursday,151,"$12,157,589",-1.6%,-45.7%,36,Pirates of the Caribbean: At World's End,"$6,102,449"
2007,May 30,Wednesday,150,"$12,352,960",-12%,+33.7%,36,Pirates of the Caribbean: At World's End,"$6,405,448"
2007,May 29,Tuesday,149,"$14,031,166",-70.1%,+37.4%,36,Pirates of the Caribbean: At World's End,"$7,788,937"
2007,May 28Memorial Day,Monday,148,"$46,861,556",-25.1%,+229.2%,40,Pirates of the Caribbean: At World's End,"$25,069,370"
2007,May 27,Sunday,147,"$62,555,693",-9.8%,+23.6%,36,Pirates of the Caribbean: At World's End,"$34,121,377"
2007,May 26,Saturday,146,"$69,354,861",+6.5%,+1.9%,36,Pirates of the Caribbean: At World's End,"$37,701,051"
2007,May 25,Friday,145,"$65,116,690",+190.9%,+23.3%,36,Pirates of the Caribbean: At World's End,"$42,910,392"
2007,May 24,Thursday,144,"$22,381,573",+142.3%,+248%,42,Pirates of the Caribbean: At World's End,"$13,240,044"
2007,May 23,Wednesday,143,"$9,237,585",-9.5%,+47.1%,41,Shrek the Third,"$5,771,995"
2007,May 22,Tuesday,142,"$10,208,984",-28.3%,+51.9%,41,Shrek the Third,"$6,538,084"
2007,May 21,Monday,141,"$14,234,654",-71.9%,+109.8%,41,Shrek the Third,"$9,632,139"
2007,May 20,Sunday,140,"$50,607,050",-25.6%,+95.7%,44,Shrek the Third,"$36,124,782"
2007,May 19,Saturday,139,"$68,051,146",+28.9%,+75.3%,44,Shrek the Third,"$47,077,497"
2007,May 18,Friday,138,"$52,796,299",+720.9%,+83.1%,44,Shrek the Third,"$38,426,991"
2007,May 17,Thursday,137,"$6,431,653",+2.4%,-20.1%,45,Spider-Man 3,"$2,923,838"
2007,May 16,Wednesday,136,"$6,277,911",-6.6%,-29.1%,44,Spider-Man 3,"$3,146,611"
2007,May 15,Tuesday,135,"$6,721,270",-1%,-34.1%,44,Spider-Man 3,"$3,457,527"
2007,May 14,Monday,134,"$6,785,940",-73.8%,-44.8%,44,Spider-Man 3,"$3,592,825"
2007,May 13,Sunday,133,"$25,853,077",-33.4%,-45.1%,45,Spider-Man 3,"$15,825,695"
2007,May 12,Saturday,132,"$38,826,556",+34.6%,-37.6%,45,Spider-Man 3,"$25,178,865"
2007,May 11,Friday,131,"$28,838,223",+258.3%,-58.3%,45,Spider-Man 3,"$17,161,696"
2007,May 10,Thursday,130,"$8,049,437",-9.1%,+157.7%,43,Spider-Man 3,"$5,908,618"
2007,May 9,Wednesday,129,"$8,854,409",-13.2%,+153.1%,43,Spider-Man 3,"$6,717,488"
2007,May 8,Tuesday,128,"$10,198,143",-17%,+164.6%,42,Spider-Man 3,"$8,042,682"
2007,May 7,Monday,127,"$12,290,398",-73.9%,+225.1%,42,Spider-Man 3,"$10,285,268"
2007,May 6,Sunday,126,"$47,083,641",-24.4%,+246.5%,44,Spider-Man 3,"$39,937,865"
2007,May 5,Saturday,125,"$62,256,663",-10%,+154.8%,44,Spider-Man 3,"$51,336,732"
2007,May 4,Friday,124,"$69,211,133","+2,115.8%",+263.7%,44,Spider-Man 3,"$59,841,919"
2007,May 3,Thursday,123,"$3,123,533",-10.7%,-30.6%,45,Disturbia,"$460,717"
2007,May 2,Wednesday,122,"$3,498,584",-9.2%,-20.2%,45,Fracture,"$508,000"
2007,May 1,Tuesday,121,"$3,854,241",+1.9%,-13.1%,44,Disturbia,"$551,032"
2007,Apr 30,Monday,120,"$3,780,922",-72.2%,-13.2%,44,Disturbia,"$545,582"
2007,Apr 29,Sunday,119,"$13,589,318",-44.4%,-17.1%,47,Disturbia,"$1,837,722"
2007,Apr 28,Saturday,118,"$24,430,844",+28.4%,-17.2%,47,Disturbia,"$3,920,286"
2007,Apr 27,Friday,117,"$19,028,462",+322.7%,-17.5%,47,Disturbia,"$3,265,827"
2007,Apr 26,Thursday,116,"$4,501,305",+2.7%,-11%,47,Fracture,"$767,000"
2007,Apr 25,Wednesday,115,"$4,384,210",-1.2%,-18.6%,47,Fracture,"$813,000"
2007,Apr 24,Tuesday,114,"$4,436,022",+1.8%,-20.9%,47,Fracture,"$864,000"
2007,Apr 23,Monday,113,"$4,357,374",-73.4%,-28.6%,47,Fracture,"$801,000"
2007,Apr 22,Sunday,112,"$16,393,562",-44.4%,-28.5%,50,Fracture,"$2,714,000"
2007,Apr 21,Saturday,111,"$29,504,308",+28%,-24.2%,50,Disturbia,"$5,569,321"
2007,Apr 20,Friday,110,"$23,051,712",+355.6%,-23.8%,50,Disturbia,"$4,777,331"
2007,Apr 19,Thursday,109,"$5,060,192",-6%,-41.2%,52,Disturbia,"$1,162,717"
2007,Apr 18,Wednesday,108,"$5,382,885",-4%,-37.7%,52,Disturbia,"$1,153,976"
2007,Apr 17,Tuesday,107,"$5,608,486",-8.1%,-39.3%,52,Disturbia,"$1,254,490"
2007,Apr 16,Monday,106,"$6,101,620",-73.4%,-55.9%,52,Disturbia,"$1,398,199"
2007,Apr 15,Sunday,105,"$22,937,001",-41%,-4%,53,Disturbia,"$4,568,652"
2007,Apr 14,Saturday,104,"$38,905,866",+28.6%,-3.3%,53,Disturbia,"$8,817,968"
2007,Apr 13,Friday,103,"$30,253,341",+251.8%,-25.3%,53,Disturbia,"$8,838,362"
2007,Apr 12,Thursday,102,"$8,599,405",-0.5%,-49.5%,50,Blades of Glory,"$1,766,263"
2007,Apr 11,Wednesday,101,"$8,644,032",-6.4%,-31.9%,50,Blades of Glory,"$1,762,052"
2007,Apr 10,Tuesday,100,"$9,233,858",-33.2%,-8.1%,50,Blades of Glory,"$1,891,777"
2007,Apr 9,Monday,99,"$13,830,677",-42.1%,+50.5%,50,Meet the Robinsons,"$2,871,478"
2007,Apr 8Easter Sunday,Sunday,98,"$23,900,750",-40.6%,-22.7%,52,Blades of Glory,"$4,889,495"
2007,Apr 7,Saturday,97,"$40,239,914",-0.7%,-12.1%,52,Blades of Glory,"$8,830,454"
2007,Apr 6,Friday,96,"$40,515,851",+138%,+12.1%,52,Blades of Glory,"$8,802,381"
2007,Apr 5,Thursday,95,"$17,022,788",+34.1%,+129.2%,53,Blades of Glory,"$4,071,078"
2007,Apr 4,Wednesday,94,"$12,696,663",+26.3%,+71.3%,52,Blades of Glory,"$3,011,327"
2007,Apr 3,Tuesday,93,"$10,052,961",+9.4%,+26.3%,49,Blades of Glory,"$2,732,085"
2007,Apr 2,Monday,92,"$9,188,799",-70.3%,+10.8%,49,Blades of Glory,"$2,554,215"
2007,Apr 1,Sunday,91,"$30,926,961",-32.5%,+6.6%,49,Blades of Glory,"$8,312,260"
2007,Mar 31,Saturday,90,"$45,804,221",+26.7%,-5.7%,49,Blades of Glory,"$12,325,990"
2007,Mar 30,Friday,89,"$36,151,578",+386.7%,-6.3%,49,Blades of Glory,"$12,375,952"
2007,Mar 29,Thursday,88,"$7,427,794",+0.2%,-2.5%,52,300,"$1,663,365"
2007,Mar 28,Wednesday,87,"$7,413,176",-6.9%,-1.7%,52,300,"$1,612,404"
2007,Mar 27,Tuesday,86,"$7,959,850",-4%,-4.6%,52,300,"$1,707,320"
2007,Mar 26,Monday,85,"$8,290,562",-71.4%,+0.5%,52,300,"$1,818,247"
2007,Mar 25,Sunday,84,"$29,013,951",-40.3%,+3.2%,52,TMNT,"$6,026,338"
2007,Mar 24,Saturday,83,"$48,595,833",+25.9%,+17.6%,52,TMNT,"$9,487,426"
2007,Mar 23,Friday,82,"$38,591,531",+406.6%,+22.2%,52,TMNT,"$8,741,441"
2007,Mar 22,Thursday,81,"$7,617,767",+1%,-30.6%,52,300,"$2,916,262"
2007,Mar 21,Wednesday,80,"$7,542,279",-9.6%,-32.6%,52,300,"$2,988,110"
2007,Mar 20,Tuesday,79,"$8,340,213",+1.1%,-29.8%,52,300,"$3,318,411"
2007,Mar 19,Monday,78,"$8,251,399",-70.7%,-36.1%,52,300,"$3,455,216"
2007,Mar 18,Sunday,77,"$28,122,808",-31.9%,-18%,54,300,"$10,247,556"
2007,Mar 17,Saturday,76,"$41,312,971",+30.8%,-24%,54,300,"$12,557,442"
2007,Mar 16,Friday,75,"$31,580,317",+187.5%,-32.8%,54,300,"$10,072,330"
2007,Mar 15,Thursday,74,"$10,982,979",-1.8%,+76.9%,51,300,"$5,448,153"
2007,Mar 14,Wednesday,73,"$11,187,156",-5.9%,+82.4%,51,300,"$5,822,372"
2007,Mar 13,Tuesday,72,"$11,886,434",-8%,+80.9%,51,300,"$6,515,299"
2007,Mar 12,Monday,71,"$12,922,553",-62.3%,+93.3%,51,300,"$7,617,203"
2007,Mar 11,Sunday,70,"$34,316,788",-36.8%,+21.5%,53,300,"$18,097,726"
2007,Mar 10,Saturday,69,"$54,330,321",+15.5%,+19.8%,53,300,"$24,680,844"
2007,Mar 9,Friday,68,"$47,018,954",+657.4%,+59.6%,53,300,"$28,106,731"
2007,Mar 8,Thursday,67,"$6,208,210",+1.2%,+24.3%,51,Wild Hogs,"$2,324,861"
2007,Mar 7,Wednesday,66,"$6,132,538",-6.7%,+26.9%,51,Wild Hogs,"$2,324,128"
2007,Mar 6,Tuesday,65,"$6,570,645",-1.7%,+24.1%,51,Wild Hogs,"$2,532,601"
2007,Mar 5,Monday,64,"$6,685,831",-76.3%,+20.3%,51,Wild Hogs,"$2,534,712"
2007,Mar 4,Sunday,63,"$28,234,036",-37.7%,+23.2%,53,Wild Hogs,"$11,044,426"
2007,Mar 3,Saturday,62,"$45,332,417",+53.9%,+6.5%,53,Wild Hogs,"$17,404,024"
2007,Mar 2,Friday,61,"$29,462,989",+489.7%,-3.8%,53,Wild Hogs,"$11,250,573"
2007,Mar 1,Thursday,60,"$4,996,047",+3.3%,-34.8%,50,Ghost Rider,"$1,046,021"
2007,Feb 28,Wednesday,59,"$4,834,424",-8.7%,-37.2%,50,Ghost Rider,"$981,129"
2007,Feb 27,Tuesday,58,"$5,293,428",-4.7%,-41.4%,50,Ghost Rider,"$1,069,452"
2007,Feb 26,Monday,57,"$5,556,288",-75.8%,-77.9%,50,Ghost Rider,"$1,133,234"
2007,Feb 25,Sunday,56,"$22,912,963",-46.2%,-44.5%,53,Ghost Rider,"$5,137,012"
2007,Feb 24,Saturday,55,"$42,559,479",+39%,-23.6%,53,Ghost Rider,"$9,034,728"
2007,Feb 23,Friday,54,"$30,627,264",+299.8%,-25.5%,53,Ghost Rider,"$5,895,703"
2007,Feb 22,Thursday,53,"$7,660,949",-0.5%,+13.3%,46,Ghost Rider,"$2,128,934"
2007,Feb 21,Wednesday,52,"$7,702,078",-14.7%,-54.7%,46,Ghost Rider,"$2,173,097"
2007,Feb 20,Tuesday,51,"$9,033,168",-64.1%,+125.5%,46,Ghost Rider,"$2,635,158"
2007,Feb 19Presidents' Day,Monday,50,"$25,153,879",-39%,+366%,49,Ghost Rider,"$6,634,072"
2007,Feb 18,Sunday,49,"$41,257,280",-25.9%,+79.6%,49,Ghost Rider,"$12,630,333"
2007,Feb 17,Saturday,48,"$55,694,813",+35.5%,+47.3%,49,Ghost Rider,"$17,338,380"
2007,Feb 16,Friday,47,"$41,102,870",+507.6%,+55.9%,49,Ghost Rider,"$15,420,123"
2007,Feb 15,Thursday,46,"$6,764,397",-60.2%,+72.9%,49,Norbit,"$1,472,549"
2007,Feb 14,Wednesday,45,"$17,014,288",+324.6%,+326.2%,49,Daddy's Little Girls,"$4,575,101"
2007,Feb 13,Tuesday,44,"$4,006,724",-25.8%,-7.5%,47,Norbit,"$1,214,753"
2007,Feb 12,Monday,43,"$5,398,339",-76.5%,+15.6%,47,Norbit,"$1,891,613"
2007,Feb 11,Sunday,42,"$22,976,846",-39.2%,+101.9%,48,Norbit,"$9,141,777"
2007,Feb 10,Saturday,41,"$37,818,202",+43.5%,+17.8%,48,Norbit,"$14,642,318"
2007,Feb 9,Friday,40,"$26,363,036",+574%,+15.7%,48,Norbit,"$10,411,339"
2007,Feb 8,Thursday,39,"$3,911,348",-2%,-11.8%,47,Because I Said So,"$808,320"
2007,Feb 7,Wednesday,38,"$3,991,829",-7.8%,-10.5%,47,Because I Said So,"$859,675"
2007,Feb 6,Tuesday,37,"$4,329,594",-7.3%,-10.7%,47,Because I Said So,"$897,980"
2007,Feb 5,Monday,36,"$4,671,492",-58.9%,-4.5%,47,Because I Said So,"$895,750"
2007,Feb 4,Sunday,35,"$11,378,586",-64.6%,-46.1%,48,Because I Said So,"$2,475,480"
2007,Feb 3,Saturday,34,"$32,116,421",+41%,-10%,48,The Messengers,"$6,567,134"
2007,Feb 2,Friday,33,"$22,779,339",+413.7%,-11%,48,The Messengers,"$6,084,926"
2007,Feb 1,Thursday,32,"$4,433,954",-0.5%,-5.7%,47,Smokin' Aces,"$897,445"
2007,Jan 31,Wednesday,31,"$4,457,757",-8.1%,-0.8%,47,Smokin' Aces,"$910,025"
2007,Jan 30,Tuesday,30,"$4,848,980",-0.9%,+4.9%,47,Smokin' Aces,"$1,053,550"
2007,Jan 29,Monday,29,"$4,893,229",-76.8%,+8.8%,47,Smokin' Aces,"$1,131,180"
2007,Jan 28,Sunday,28,"$21,109,115",-40.8%,+42.8%,48,Epic Movie,"$4,065,192"
2007,Jan 27,Saturday,27,"$35,673,128",+39.5%,+11.4%,48,Epic Movie,"$7,713,507"
2007,Jan 26,Friday,26,"$25,580,770",+443.9%,+28.8%,48,Epic Movie,"$6,833,845"
2007,Jan 25,Thursday,25,"$4,702,892",+4.6%,-5.1%,46,Dreamgirls,"$686,403"
2007,Jan 24,Wednesday,24,"$4,494,952",-2.8%,-9.9%,46,Dreamgirls,"$677,903"
2007,Jan 23,Tuesday,23,"$4,622,458",+2.8%,-11.1%,46,Dreamgirls,"$684,177"
2007,Jan 22,Monday,22,"$4,497,303",-69.6%,-77.7%,46,Night at the Museum,"$667,446"
2007,Jan 21,Sunday,21,"$14,781,424",-53.8%,-46.1%,46,Night at the Museum,"$2,813,991"
2007,Jan 20,Saturday,20,"$32,017,277",+61.2%,-12.5%,46,Night at the Museum,"$6,100,821"
2007,Jan 19,Friday,19,"$19,863,444",+300.6%,-25.8%,46,Stomp the Yard,"$3,701,225"
2007,Jan 18,Thursday,18,"$4,958,165",-0.6%,-14.5%,47,Stomp the Yard,"$817,818"
2007,Jan 17,Wednesday,17,"$4,987,913",-4%,-12.5%,47,Dreamgirls,"$778,575"
2007,Jan 16,Tuesday,16,"$5,197,046",-74.2%,-15.1%,47,Stomp the Yard,"$833,325"
2007,Jan 15MLK Day,Monday,15,"$20,148,597",-26.6%,+243.2%,48,Night at the Museum,"$4,685,510"
2007,Jan 14,Sunday,14,"$27,441,925",-25%,+13.8%,47,Stomp the Yard,"$6,081,592"
2007,Jan 13,Saturday,13,"$36,590,127",+36.7%,-11.3%,47,Stomp the Yard,"$8,541,104"
2007,Jan 12,Friday,12,"$26,757,707",+361.2%,-11.9%,47,Stomp the Yard,"$7,210,616"
2007,Jan 11,Thursday,11,"$5,801,747",+1.8%,-55.9%,44,Night at the Museum,"$1,154,477"
2007,Jan 10,Wednesday,10,"$5,698,720",-6.9%,-58.5%,44,Night at the Museum,"$1,122,290"
2007,Jan 9,Tuesday,9,"$6,123,227",+4.3%,-70%,44,Night at the Museum,"$1,228,600"
2007,Jan 8,Monday,8,"$5,870,433",-75.7%,-85.7%,44,Night at the Museum,"$1,309,670"
2007,Jan 7,Sunday,7,"$24,111,172",-41.5%,-29.3%,44,Night at the Museum,"$6,151,952"
2007,Jan 6,Saturday,6,"$41,246,056",+35.8%,-20%,44,Night at the Museum,"$10,485,369"
2007,Jan 5,Friday,5,"$30,370,800",+130.7%,-37.4%,44,Night at the Museum,"$7,106,639"
2007,Jan 4,Thursday,4,"$13,164,213",-4.1%,-67.1%,48,Night at the Museum,"$3,408,072"
2007,Jan 3,Wednesday,3,"$13,729,519",-32.7%,-67.3%,48,Night at the Museum,"$3,687,434"
2007,Jan 2,Tuesday,2,"$20,408,425",-50.2%,-58.8%,48,Night at the Museum,"$5,714,468"
2007,Jan 1New Year's Day,Monday,1,"$41,019,401",+20.3%,-17%,50,Night at the Museum,"$11,464,626"
2008,Dec 31New Year's Eve,Wednesday,366,"$30,475,474",-11.9%,+204.1%,48,Marley & Me,"$6,883,821"
2008,Dec 30,Tuesday,365,"$34,586,529",-2.4%,+121.1%,47,Marley & Me,"$7,314,695"
2008,Dec 29,Monday,364,"$35,437,355",-23%,+122.2%,48,Marley & Me,"$7,506,989"
2008,Dec 28,Sunday,363,"$46,008,305",-23.9%,+105.6%,47,Marley & Me,"$9,686,659"
2008,Dec 27,Saturday,362,"$60,458,374",-4.8%,+100.6%,47,Marley & Me,"$12,717,753"
2008,Dec 26,Friday,361,"$63,530,336",-4.9%,+155.1%,47,Marley & Me,"$13,953,174"
2008,Dec 25Christmas Day,Thursday,360,"$66,821,137",+16.4%,+61.3%,52,Marley & Me,"$14,380,980"
2008,Dec 24,Wednesday,359,"$10,021,113",-35.9%,+64.3%,47,Yes Man,"$1,935,364"
2008,Dec 23,Tuesday,358,"$15,640,357",-1.9%,+142.1%,44,Yes Man,"$3,403,394"
2008,Dec 22,Monday,357,"$15,948,088",-28.7%,+150.9%,44,Yes Man,"$3,610,321"
2008,Dec 21,Sunday,356,"$22,377,388",-25.8%,+15.5%,46,Yes Man,"$5,121,271"
2008,Dec 20,Saturday,355,"$30,139,698",+21%,-9.8%,46,Yes Man,"$6,646,123"
2008,Dec 19,Friday,354,"$24,907,681",+291.5%,-3.2%,46,Yes Man,"$6,495,077"
2008,Dec 18,Thursday,353,"$6,362,779",+4.3%,+18.9%,50,The Day the Earth Stood Still,"$1,775,857"
2008,Dec 17,Wednesday,352,"$6,100,723",-5.6%,+13.9%,52,The Day the Earth Stood Still,"$1,805,033"
2008,Dec 16,Tuesday,351,"$6,459,444",+1.6%,+16.6%,50,The Day the Earth Stood Still,"$2,078,861"
2008,Dec 15,Monday,350,"$6,356,315",-67.2%,+16.7%,50,The Day the Earth Stood Still,"$2,336,980"
2008,Dec 14,Sunday,349,"$19,379,224",-42%,+2%,53,The Day the Earth Stood Still,"$6,944,791"
2008,Dec 13,Saturday,348,"$33,423,264",+29.9%,+8.9%,53,The Day the Earth Stood Still,"$11,920,581"
2008,Dec 12,Friday,347,"$25,725,655",+380.9%,+8.4%,53,The Day the Earth Stood Still,"$11,614,781"
2008,Dec 11,Thursday,346,"$5,349,657",-0.1%,-20.6%,53,Four Christmases,"$1,352,298"
2008,Dec 10,Wednesday,345,"$5,356,374",-3.3%,-20%,53,Four Christmases,"$1,336,195"
2008,Dec 9,Tuesday,344,"$5,537,462",+1.6%,-27.7%,52,Four Christmases,"$1,366,464"
2008,Dec 8,Monday,343,"$5,447,579",-71.3%,-28.3%,52,Four Christmases,"$1,228,377"
2008,Dec 7,Sunday,342,"$18,995,683",-38.1%,-37.5%,53,Four Christmases,"$4,033,960"
2008,Dec 6,Saturday,341,"$30,703,777",+29.3%,-48.1%,53,Four Christmases,"$6,969,302"
2008,Dec 5,Friday,340,"$23,741,028",+252.5%,-62.1%,53,Four Christmases,"$5,752,216"
2008,Dec 4,Thursday,339,"$6,734,660",+0.5%,-79.5%,50,Four Christmases,"$1,589,207"
2008,Dec 3,Wednesday,338,"$6,698,640",-12.5%,-79.8%,49,Four Christmases,"$1,558,323"
2008,Dec 2,Tuesday,337,"$7,657,604",+0.7%,-50.8%,50,Four Christmases,"$1,802,459"
2008,Dec 1,Monday,336,"$7,601,694",-75%,-34.4%,49,Four Christmases,"$1,658,235"
2008,Nov 30,Sunday,335,"$30,414,700",-48.6%,-13.6%,51,Four Christmases,"$5,782,092"
2008,Nov 29,Saturday,334,"$59,188,816",-5.5%,-0.2%,51,Four Christmases,"$12,194,271"
2008,Nov 28,Friday,333,"$62,637,611",+90.8%,+3.9%,51,Four Christmases,"$13,093,463"
2008,Nov 27Thanksgiving,Thursday,332,"$32,832,926",-1.2%,+425.4%,51,Four Christmases,"$8,902,878"
2008,Nov 26,Wednesday,331,"$33,235,833",+113.7%,+409.3%,51,Twilight,"$7,964,881"
2008,Nov 25,Tuesday,330,"$15,554,189",+34.2%,+104.7%,49,Twilight,"$6,012,635"
2008,Nov 24,Monday,329,"$11,587,676",-67.1%,+55.8%,50,Twilight,"$4,515,245"
2008,Nov 23,Sunday,328,"$35,204,239",-40.6%,+8.7%,51,Twilight,"$12,372,363"
2008,Nov 22,Saturday,327,"$59,315,069",-1.6%,+3.1%,52,Twilight,"$21,287,029"
2008,Nov 21,Friday,326,"$60,298,564",+865%,+33.8%,52,Twilight,"$35,978,348"
2008,Nov 20,Thursday,325,"$6,248,787",-4.2%,+13.2%,51,Quantum of Solace,"$3,047,678"
2008,Nov 19,Wednesday,324,"$6,526,023",-14.1%,+17.3%,51,Quantum of Solace,"$3,322,821"
2008,Nov 18,Tuesday,323,"$7,600,262",+2.2%,-58.6%,50,Quantum of Solace,"$4,052,368"
2008,Nov 17,Monday,322,"$7,436,177",-77%,-35.6%,50,Quantum of Solace,"$4,131,092"
2008,Nov 16,Sunday,321,"$32,398,969",-43.7%,-1.6%,55,Quantum of Solace,"$14,690,029"
2008,Nov 15,Saturday,320,"$57,543,301",+27.7%,+7.5%,55,Quantum of Solace,"$25,831,827"
2008,Nov 14,Friday,319,"$45,057,229",+715.9%,+21.4%,55,Quantum of Solace,"$27,007,026"
2008,Nov 13,Thursday,318,"$5,522,495",-0.7%,+8.5%,54,Madagascar: Escape 2 Africa,"$1,941,207"
2008,Nov 12,Wednesday,317,"$5,562,104",-69.7%,+16.6%,56,Madagascar: Escape 2 Africa,"$1,912,967"
2008,Nov 11,Tuesday,316,"$18,362,986",+59%,+160.2%,54,Madagascar: Escape 2 Africa,"$9,780,159"
2008,Nov 10,Monday,315,"$11,549,304",-64.9%,+91.8%,54,Madagascar: Escape 2 Africa,"$5,146,972"
2008,Nov 9,Sunday,314,"$32,915,324",-38.5%,+59.3%,58,Madagascar: Escape 2 Africa,"$18,020,388"
2008,Nov 8,Saturday,313,"$53,504,760",+44.1%,+58.2%,58,Madagascar: Escape 2 Africa,"$27,531,174"
2008,Nov 7,Friday,312,"$37,127,060",+629.3%,+150.4%,58,Madagascar: Escape 2 Africa,"$17,555,027"
2008,Nov 6,Thursday,311,"$5,090,915",+6.7%,-1.9%,59,Zack and Miri Make a Porno,"$1,032,915"
2008,Nov 5,Wednesday,310,"$4,769,744",-32.4%,-7.9%,58,Zack and Miri Make a Porno,"$1,069,396"
2008,Nov 4,Tuesday,309,"$7,058,524",+17.2%,+17.9%,58,High School Musical 3: Senior Year,"$1,901,744"
2008,Nov 3,Monday,308,"$6,020,133",-70.9%,-2.2%,59,Zack and Miri Make a Porno,"$1,184,236"
2008,Nov 2,Sunday,307,"$20,662,946",-38.9%,-21.9%,59,High School Musical 3: Senior Year,"$5,416,180"
2008,Nov 1,Saturday,306,"$33,818,770",+128.1%,-23.4%,59,High School Musical 3: Senior Year,"$8,218,452"
2008,Oct 31Halloween,Friday,305,"$14,825,488",+185.7%,-67.2%,59,Saw V,"$3,172,214"
2008,Oct 30,Thursday,304,"$5,188,586",+0.2%,+4.4%,54,Saw V,"$1,231,823"
2008,Oct 29,Wednesday,303,"$5,177,883",-13.5%,+1.9%,54,Saw V,"$1,237,717"
2008,Oct 28,Tuesday,302,"$5,985,940",-2.8%,+3.2%,53,Saw V,"$1,524,644"
2008,Oct 27,Monday,301,"$6,157,864",-76.7%,+9.4%,52,Saw V,"$1,679,350"
2008,Oct 26,Sunday,300,"$26,445,559",-40.1%,+33.7%,55,High School Musical 3: Senior Year,"$9,763,880"
2008,Oct 25,Saturday,299,"$44,151,710",-2.5%,+34.1%,54,High School Musical 3: Senior Year,"$15,304,911"
2008,Oct 24,Friday,298,"$45,262,882",+811%,+65.6%,54,High School Musical 3: Senior Year,"$16,961,393"
2008,Oct 23,Thursday,297,"$4,968,550",-2.2%,-14.1%,56,Max Payne,"$925,047"
2008,Oct 22,Wednesday,296,"$5,080,869",-12.4%,-1%,57,Max Payne,"$978,033"
2008,Oct 21,Tuesday,295,"$5,801,365",+3.1%,-0.3%,56,Max Payne,"$1,226,490"
2008,Oct 20,Monday,294,"$5,629,191",-71.5%,-47%,56,Max Payne,"$1,294,552"
2008,Oct 19,Sunday,293,"$19,775,854",-39.9%,-9.9%,59,Max Payne,"$4,088,891"
2008,Oct 18,Saturday,292,"$32,912,713",+20.4%,-0.5%,59,Max Payne,"$6,509,122"
2008,Oct 17,Friday,291,"$27,328,974",+372.2%,+6.1%,59,Max Payne,"$7,041,836"
2008,Oct 16,Thursday,290,"$5,787,021",+12.8%,-15.5%,58,Body of Lies,"$998,351"
2008,Oct 15,Wednesday,289,"$5,129,782",-11.9%,-14.1%,57,Body of Lies,"$939,144"
2008,Oct 14,Tuesday,288,"$5,821,060",-45.2%,+1.8%,58,Body of Lies,"$1,144,389"
2008,Oct 13Indig. Peoples' Day,Monday,287,"$10,628,554",-51.6%,+84.8%,58,Beverly Hills Chihuahua,"$2,823,779"
2008,Oct 12,Sunday,286,"$21,960,392",-33.6%,-7.1%,60,Beverly Hills Chihuahua,"$5,431,854"
2008,Oct 11,Saturday,285,"$33,094,300",+28.5%,-14.5%,59,Beverly Hills Chihuahua,"$7,557,164"
2008,Oct 10,Friday,284,"$25,758,018",+276.2%,-8.4%,60,Quarantine,"$5,379,867"
2008,Oct 9,Thursday,283,"$6,847,021",+14.7%,-25.6%,54,Beverly Hills Chihuahua,"$1,937,268"
2008,Oct 8,Wednesday,282,"$5,969,461",+4.4%,-47.6%,55,Beverly Hills Chihuahua,"$1,235,210"
2008,Oct 7,Tuesday,281,"$5,717,970",-0.6%,-24.8%,54,Beverly Hills Chihuahua,"$1,200,725"
2008,Oct 6,Monday,280,"$5,751,480",-75.7%,-12.9%,53,Beverly Hills Chihuahua,"$1,356,565"
2008,Oct 5,Sunday,279,"$23,647,255",-38.9%,+15.9%,55,Beverly Hills Chihuahua,"$8,816,642"
2008,Oct 4,Saturday,278,"$38,702,666",+37.6%,+7.5%,55,Beverly Hills Chihuahua,"$12,482,375"
2008,Oct 3,Friday,277,"$28,125,189",+205.7%,+9.2%,56,Beverly Hills Chihuahua,"$8,001,448"
2008,Oct 2,Thursday,276,"$4,970,960",-56.4%,+11.6%,53,Eagle Eye,"$1,543,158"
2008,Oct 1,Wednesday,275,"$5,768,448",-24.1%,+22.9%,53,Eagle Eye,"$1,781,225"
2008,Sep 30,Tuesday,274,"$7,153,146",+8.4%,+32%,52,Eagle Eye,"$2,351,508"
2008,Sep 29,Monday,273,"$5,869,113",-71.2%,+19.2%,52,Eagle Eye,"$2,078,092"
2008,Sep 28,Sunday,272,"$20,410,772",-43.3%,+16.5%,53,Eagle Eye,"$6,971,596"
2008,Sep 27,Saturday,271,"$36,001,501",+39.8%,+12.3%,53,Eagle Eye,"$12,378,941"
2008,Sep 26,Friday,270,"$25,751,088",+478.3%,+10.6%,53,Eagle Eye,"$9,800,184"
2008,Sep 25,Thursday,269,"$4,452,643",-5.2%,-21.3%,48,Lakeview Terrace,"$798,180"
2008,Sep 24,Wednesday,268,"$4,695,178",-13.3%,-17.9%,48,Lakeview Terrace,"$843,775"
2008,Sep 23,Tuesday,267,"$5,417,716",+10.1%,-16.9%,48,Lakeview Terrace,"$1,040,618"
2008,Sep 22,Monday,266,"$4,922,233",-71.9%,-17.3%,48,Lakeview Terrace,"$1,013,551"
2008,Sep 21,Sunday,265,"$17,520,108",-45.3%,-13.2%,50,Lakeview Terrace,"$3,369,936"
2008,Sep 20,Saturday,264,"$32,052,386",+37.7%,-6.3%,50,Lakeview Terrace,"$6,489,762"
2008,Sep 19,Friday,263,"$23,285,244",+311.7%,-16.1%,52,Lakeview Terrace,"$5,144,974"
2008,Sep 18,Thursday,262,"$5,655,330",-1.1%,+67%,51,Burn After Reading,"$1,407,226"
2008,Sep 17,Wednesday,261,"$5,719,427",-12.2%,+69.3%,51,Burn After Reading,"$1,437,723"
2008,Sep 16,Tuesday,260,"$6,515,702",+9.5%,+63.2%,51,Burn After Reading,"$1,640,625"
2008,Sep 15,Monday,259,"$5,949,633",-70.5%,+80%,51,Burn After Reading,"$1,493,389"
2008,Sep 14,Sunday,258,"$20,174,008",-41.1%,+78.9%,53,Burn After Reading,"$4,735,852"
2008,Sep 13,Saturday,257,"$34,225,350",+23.3%,+62%,53,Burn After Reading,"$7,937,585"
2008,Sep 12,Friday,256,"$27,764,261",+719.6%,+98.7%,53,Burn After Reading,"$6,454,564"
2008,Sep 11,Thursday,255,"$3,387,436",+0.3%,-16.7%,50,Tropic Thunder,"$542,954"
2008,Sep 10,Wednesday,254,"$3,378,479",-15.4%,-19.4%,49,Bangkok Dangerous,"$536,625"
2008,Sep 9,Tuesday,253,"$3,991,877",+20.8%,-20.3%,49,Bangkok Dangerous,"$704,716"
2008,Sep 8,Monday,252,"$3,305,580",-70.7%,-81.1%,49,Bangkok Dangerous,"$612,028"
2008,Sep 7,Sunday,251,"$11,278,874",-46.6%,-52.4%,51,Bangkok Dangerous,"$1,972,884"
2008,Sep 6,Saturday,250,"$21,128,149",+51.2%,-16.4%,52,Tropic Thunder,"$3,397,702"
2008,Sep 5,Friday,249,"$13,970,150",+243.6%,-28.8%,52,Bangkok Dangerous,"$2,742,090"
2008,Sep 4,Thursday,248,"$4,065,712",-3%,-43.9%,49,Tropic Thunder,"$723,450"
2008,Sep 3,Wednesday,247,"$4,189,319",-16.3%,-44.8%,49,Tropic Thunder,"$751,881"
2008,Sep 2,Tuesday,246,"$5,005,592",-71.4%,-41.8%,49,Tropic Thunder,"$899,643"
2008,Sep 1Labor Day,Monday,245,"$17,513,831",-26.1%,+91.9%,53,Tropic Thunder,"$3,083,510"
2008,Aug 31,Sunday,244,"$23,714,550",-6.1%,+2.4%,51,Tropic Thunder,"$4,304,402"
2008,Aug 30,Saturday,243,"$25,258,927",+28.7%,-22.1%,51,Tropic Thunder,"$4,200,171"
2008,Aug 29,Friday,242,"$19,628,509",+170.6%,-27.5%,52,Babylon A.D.,"$3,120,314"
2008,Aug 28,Thursday,241,"$7,252,472",-4.4%,-34.1%,49,Tropic Thunder,"$1,365,815"
2008,Aug 27,Wednesday,240,"$7,586,745",-11.7%,-36.1%,49,Tropic Thunder,"$1,439,940"
2008,Aug 26,Tuesday,239,"$8,595,039",-5.8%,-39.2%,48,Tropic Thunder,"$1,790,558"
2008,Aug 25,Monday,238,"$9,127,541",-60.6%,-33.3%,48,Tropic Thunder,"$1,897,596"
2008,Aug 24Beijing Olympics,Sunday,237,"$23,153,553",-28.6%,-23.4%,50,Tropic Thunder,"$4,950,454"
2008,Aug 23Beijing Olympics,Saturday,236,"$32,425,129",+19.7%,-19.4%,50,Tropic Thunder,"$6,477,403"
2008,Aug 22Beijing Olympics,Friday,235,"$27,088,488",+146.1%,-24.7%,50,The House Bunny,"$5,918,274"
2008,Aug 21Beijing Olympics,Thursday,234,"$11,008,913",-7.3%,-31.4%,45,Tropic Thunder,"$2,698,565"
2008,Aug 20Beijing Olympics,Wednesday,233,"$11,880,614",-15.9%,-37.6%,44,Tropic Thunder,"$2,905,228"
2008,Aug 19Beijing Olympics,Tuesday,232,"$14,128,228",+3.2%,-10%,43,Tropic Thunder,"$3,527,597"
2008,Aug 18Beijing Olympics,Monday,231,"$13,690,081",-54.7%,-16.8%,44,Tropic Thunder,"$3,590,742"
2008,Aug 17Beijing Olympics,Sunday,230,"$30,221,801",-24.9%,-9.7%,45,Tropic Thunder,"$8,021,055"
2008,Aug 16Beijing Olympics,Saturday,229,"$40,250,152",+12%,-2%,45,Tropic Thunder,"$9,582,941"
2008,Aug 15Beijing Olympics,Friday,228,"$35,951,477",+123.9%,+6.5%,47,Tropic Thunder,"$8,208,800"
2008,Aug 14Beijing Olympics,Thursday,227,"$16,057,046",-15.6%,-30.5%,45,Tropic Thunder,"$4,529,651"
2008,Aug 13Beijing Olympics,Wednesday,226,"$19,026,341",+21.3%,-42.6%,44,Tropic Thunder,"$6,503,141"
2008,Aug 12Beijing Olympics,Tuesday,225,"$15,689,415",-4.7%,-14.7%,43,The Dark Knight,"$3,515,389"
2008,Aug 11Beijing Olympics,Monday,224,"$16,460,262",-50.8%,-15.9%,43,Pineapple Express,"$3,848,972"
2008,Aug 10Beijing Olympics,Sunday,223,"$33,472,410",-18.5%,-17.6%,44,The Dark Knight,"$8,037,425"
2008,Aug 9Beijing Olympics,Saturday,222,"$41,078,309",+21.6%,-25.3%,44,The Dark Knight,"$10,502,243"
2008,Aug 8Beijing Olympics,Friday,221,"$33,772,279",+46.2%,-25.4%,45,Pineapple Express,"$7,913,360"
2008,Aug 7,Thursday,220,"$23,102,695",-30.4%,+9.3%,45,Pineapple Express,"$5,988,032"
2008,Aug 6,Wednesday,219,"$33,173,395",+80.3%,+52%,44,Pineapple Express,"$12,085,679"
2008,Aug 5,Tuesday,218,"$18,403,512",-6%,-21.4%,42,The Dark Knight,"$5,661,240"
2008,Aug 4,Monday,217,"$19,568,620",-51.8%,-18.4%,42,The Dark Knight,"$6,287,429"
2008,Aug 3,Sunday,216,"$40,638,638",-26.1%,-22.5%,43,The Dark Knight,"$12,764,034"
2008,Aug 2,Saturday,215,"$55,010,352",+21.5%,-12.1%,44,The Dark Knight,"$17,191,150"
2008,Aug 1,Friday,214,"$45,285,105",+114.3%,-18.7%,43,The Mummy: Tomb of the Dragon Emperor,"$15,228,130"
2008,Jul 31,Thursday,213,"$21,130,299",-3.2%,-28.5%,40,The Dark Knight,"$8,402,546"
2008,Jul 30,Wednesday,212,"$21,829,636",-6.8%,-31%,40,The Dark Knight,"$8,755,141"
2008,Jul 29,Tuesday,211,"$23,428,984",-2.4%,-31.5%,39,The Dark Knight,"$9,629,366"
2008,Jul 28,Monday,210,"$23,993,692",-54.3%,-35.1%,39,The Dark Knight,"$10,518,116"
2008,Jul 27,Sunday,209,"$52,464,257",-16.1%,-26.2%,40,The Dark Knight,"$23,661,680"
2008,Jul 26,Saturday,208,"$62,563,092",+12.4%,-24%,40,The Dark Knight,"$28,272,494"
2008,Jul 25,Friday,207,"$55,674,546",+88.3%,-42.9%,40,The Dark Knight,"$23,232,292"
2008,Jul 24,Thursday,206,"$29,567,910",-6.6%,+115.4%,40,The Dark Knight,"$16,464,405"
2008,Jul 23,Wednesday,205,"$31,658,870",-7.5%,+110.4%,40,The Dark Knight,"$18,377,288"
2008,Jul 22,Tuesday,204,"$34,220,588",-7.5%,+107.1%,39,The Dark Knight,"$20,868,722"
2008,Jul 21,Monday,203,"$36,978,264",-48%,+110.2%,39,The Dark Knight,"$24,493,313"
2008,Jul 20,Sunday,202,"$71,108,023",-13.7%,+78%,40,The Dark Knight,"$43,596,151"
2008,Jul 19,Saturday,201,"$82,362,335",-15.5%,+54.8%,40,The Dark Knight,"$47,650,240"
2008,Jul 18,Friday,200,"$97,512,060",+610.4%,+108.1%,39,The Dark Knight,"$67,165,092"
2008,Jul 17,Thursday,199,"$13,725,436",-8.8%,-19.4%,40,Hancock,"$2,906,861"
2008,Jul 16,Wednesday,198,"$15,046,984",-8.9%,-19.3%,41,Hancock,"$3,162,161"
2008,Jul 15,Tuesday,197,"$16,519,824",-6.1%,-17.5%,40,Hancock,"$3,510,957"
2008,Jul 14,Monday,196,"$17,592,393",-56%,-16.3%,41,Hancock,"$3,808,818"
2008,Jul 13,Sunday,195,"$39,948,449",-24.9%,-11%,43,Hellboy II: The Golden Army,"$9,147,420"
2008,Jul 12,Saturday,194,"$53,213,028",+13.6%,-15.3%,44,Hancock,"$12,767,241"
2008,Jul 11,Friday,193,"$46,858,206",+175.3%,+10.8%,42,Hellboy II: The Golden Army,"$13,729,140"
2008,Jul 10,Thursday,192,"$17,020,788",-8.8%,-55.4%,35,Hancock,"$5,840,165"
2008,Jul 9,Wednesday,191,"$18,656,793",-6.8%,-45.4%,36,Hancock,"$6,412,003"
2008,Jul 8,Tuesday,190,"$20,024,320",-4.8%,-23.3%,35,Hancock,"$7,423,215"
2008,Jul 7,Monday,189,"$21,026,325",-53.2%,-14.4%,36,Hancock,"$8,481,615"
2008,Jul 6,Sunday,188,"$44,897,196",-28.5%,-11.5%,39,Hancock,"$18,294,508"
2008,Jul 5,Saturday,187,"$62,809,801",+48.5%,-2.4%,40,Hancock,"$25,781,404"
2008,Jul 4Independence Day,Friday,186,"$42,286,474",+10.7%,-31.6%,38,Hancock,"$18,527,967"
2008,Jul 3,Thursday,185,"$38,197,087",+11.7%,+144.9%,41,Hancock,"$17,052,167"
2008,Jul 2,Wednesday,184,"$34,198,886",+31.1%,+126.5%,40,Hancock,"$17,386,366"
2008,Jul 1,Tuesday,183,"$26,094,824",+6.2%,"+1,204.7%",40,WALL·E,"$7,601,082"
2008,Jun 30,Monday,182,"$24,576,510",-51.6%,+38.7%,38,WALL·E,"$8,913,286"
2008,Jun 29,Sunday,181,"$50,740,315",-21.2%,+24.4%,42,WALL·E,"$17,807,221"
2008,Jun 28,Saturday,180,"$64,377,890",+4.2%,+24.8%,42,WALL·E,"$22,116,197"
2008,Jun 27,Friday,179,"$61,789,259",+296.2%,+42.2%,41,WALL·E,"$23,164,108"
2008,Jun 26,Thursday,178,"$15,596,964",+3.3%,-9.6%,40,Get Smart,"$4,352,221"
2008,Jun 25,Wednesday,177,"$15,098,888",+654.9%,-16.3%,41,Get Smart,"$4,338,296"
2008,Jun 24,Tuesday,176,"$16,397,011",-7.4%,-11.1%,39,Get Smart,"$4,772,339"
2008,Jun 23,Monday,175,"$17,716,720",-56.6%,-13.9%,40,Get Smart,"$5,119,453"
2008,Jun 22,Sunday,174,"$40,780,507",-21%,-18.1%,41,Get Smart,"$10,946,010"
2008,Jun 21,Saturday,173,"$51,589,282",+18.7%,-18.5%,41,Get Smart,"$14,372,327"
2008,Jun 20,Friday,172,"$43,455,648",+151.9%,-29.7%,43,Get Smart,"$13,365,143"
2008,Jun 19,Thursday,171,"$17,249,448",-4.4%,+9.5%,45,The Incredible Hulk,"$4,189,140"
2008,Jun 18,Wednesday,170,"$18,035,649",-2.2%,+7.1%,44,The Incredible Hulk,"$4,503,925"
2008,Jun 17,Tuesday,169,"$18,447,962",-10.4%,+2.8%,45,The Incredible Hulk,"$4,801,850"
2008,Jun 16,Monday,168,"$20,586,002",-58.6%,+8.9%,44,The Incredible Hulk,"$6,010,405"
2008,Jun 15,Sunday,167,"$49,781,242",-21.3%,+5.8%,47,The Incredible Hulk,"$15,562,200"
2008,Jun 14,Saturday,166,"$63,282,087",+2.3%,-2.9%,47,The Incredible Hulk,"$18,383,725"
2008,Jun 13,Friday,165,"$61,858,415",+292.7%,+7.2%,47,The Incredible Hulk,"$21,468,125"
2008,Jun 12,Thursday,164,"$15,752,492",-6.5%,+11.5%,43,Kung Fu Panda,"$5,391,343"
2008,Jun 11,Wednesday,163,"$16,847,289",-6.2%,+14.1%,42,Kung Fu Panda,"$5,665,504"
2008,Jun 10,Tuesday,162,"$17,952,226",-5%,+14.7%,43,Kung Fu Panda,"$6,064,854"
2008,Jun 9,Monday,161,"$18,897,724",-59.8%,+26.2%,43,Kung Fu Panda,"$6,316,507"
2008,Jun 8,Sunday,160,"$47,053,127",-27.8%,+12.3%,43,Kung Fu Panda,"$17,285,274"
2008,Jun 7,Saturday,159,"$65,159,587",+12.9%,+3.6%,45,Kung Fu Panda,"$22,649,938"
2008,Jun 6,Friday,158,"$57,696,576",+308.3%,-1.1%,44,Kung Fu Panda,"$20,303,918"
2008,Jun 5,Thursday,157,"$14,130,676",-4.3%,+38.3%,45,Sex and the City,"$4,754,287"
2008,Jun 4,Wednesday,156,"$14,759,274",-5.7%,+32.4%,45,Sex and the City,"$5,148,453"
2008,Jun 3,Tuesday,155,"$15,649,178",+4.5%,+17.1%,45,Sex and the City,"$5,505,349"
2008,Jun 2,Monday,154,"$14,977,656",-64.2%,-67.2%,46,Sex and the City,"$5,512,485"
2008,Jun 1,Sunday,153,"$41,881,366",-33.4%,-24.3%,47,Sex and the City,"$12,716,359"
2008,May 31,Saturday,152,"$62,911,231",+7.8%,+1.6%,46,Indiana Jones and the Kingdom of the Crystal Skull,"$19,827,731"
2008,May 30,Friday,151,"$58,351,539",+471.3%,+18.3%,46,Sex and the City,"$26,771,052"
2008,May 29,Thursday,150,"$10,214,675",-8.3%,-67.7%,46,Indiana Jones and the Kingdom of the Crystal Skull,"$5,277,340"
2008,May 28,Wednesday,149,"$11,143,608",-16.6%,+47.5%,46,Indiana Jones and the Kingdom of the Crystal Skull,"$6,040,893"
2008,May 27,Tuesday,148,"$13,368,607",-70.8%,+51.9%,45,Indiana Jones and the Kingdom of the Crystal Skull,"$7,604,606"
2008,May 26Memorial Day,Monday,147,"$45,728,348",-17.4%,+285.2%,46,Indiana Jones and the Kingdom of the Crystal Skull,"$26,779,538"
2008,May 25,Sunday,146,"$55,328,346",-10.7%,+54.2%,46,Indiana Jones and the Kingdom of the Crystal Skull,"$33,032,721"
2008,May 24,Saturday,145,"$61,930,808",+25.6%,+25.5%,46,Indiana Jones and the Kingdom of the Crystal Skull,"$36,533,839"
2008,May 23,Friday,144,"$49,308,891",+55.7%,"+11,498.6%",47,Indiana Jones and the Kingdom of the Crystal Skull,"$30,571,275"
2008,May 22,Thursday,143,"$31,665,715",+319.2%,+316.5%,56,Indiana Jones and the Kingdom of the Crystal Skull,"$25,041,072"
2008,May 21,Wednesday,142,"$7,553,363",-14.2%,<0.1%,53,The Chronicles of Narnia: Prince Caspian,"$2,674,895"
2008,May 20,Tuesday,141,"$8,801,453",-25.9%,+6.1%,53,The Chronicles of Narnia: Prince Caspian,"$3,203,150"
2008,May 19,Monday,140,"$11,870,116",-66.9%,+33.6%,54,The Chronicles of Narnia: Prince Caspian,"$4,774,987"
2008,May 18,Sunday,139,"$35,886,245",-27.3%,+6.5%,56,The Chronicles of Narnia: Prince Caspian,"$15,240,939"
2008,May 17,Saturday,138,"$49,359,813","+11,510.6%",+6.7%,56,The Chronicles of Narnia: Prince Caspian,"$20,396,123"
2008,May 16,Friday,137,"$39,542,610",+420.2%,+9.8%,57,The Chronicles of Narnia: Prince Caspian,"$19,397,743"
2008,May 15,Thursday,136,"$7,602,046",+0.7%,-14.8%,57,Iron Man,"$3,169,387"
2008,May 14,Wednesday,135,"$7,551,559",-9%,-19.4%,57,Iron Man,"$3,082,988"
2008,May 13,Tuesday,134,"$8,298,745",-6.6%,-19.2%,57,Iron Man,"$3,357,146"
2008,May 12,Monday,133,"$8,885,629",-73.6%,-12.3%,57,Iron Man,"$3,850,844"
2008,May 11,Sunday,132,"$33,705,715",-27.1%,-10.7%,57,Iron Man,"$14,942,808"
2008,May 10,Saturday,131,"$46,258,113",+28.4%,-21%,57,Iron Man,"$21,374,629"
2008,May 9,Friday,130,"$36,018,716",+303.8%,-30.9%,57,Iron Man,"$14,873,192"
2008,May 8,Thursday,129,"$8,920,013",-4.8%,+14.3%,54,Iron Man,"$5,328,031"
2008,May 7,Wednesday,128,"$9,373,135",-8.7%,+93.7%,54,Iron Man,"$5,747,344"
2008,May 6,Tuesday,127,"$10,266,668",+1.3%,+85.1%,54,Iron Man,"$6,505,784"
2008,May 5,Monday,126,"$10,136,885",-73.1%,+74.5%,53,Iron Man,"$6,934,568"
2008,May 4,Sunday,125,"$37,737,782",-35.6%,+92.2%,55,Iron Man,"$26,034,208"
2008,May 3,Saturday,124,"$58,579,251",+12.4%,+89.9%,57,Iron Man,"$37,350,099"
2008,May 2,Friday,123,"$52,114,096",+567.8%,+103.8%,55,Iron Man,"$35,234,361"
2008,May 1,Thursday,122,"$7,803,984",+61.3%,+42.5%,59,Iron Man,"$3,500,000"
2008,Apr 30,Wednesday,121,"$4,837,823",-12.8%,-11.2%,61,Baby Mama,"$1,079,665"
2008,Apr 29,Tuesday,120,"$5,546,058",-4.5%,-6.9%,60,Baby Mama,"$1,221,750"
2008,Apr 28,Monday,119,"$5,807,807",-70.4%,-9%,59,Harold & Kumar Escape from Guantanamo Bay,"$1,318,461"
2008,Apr 27,Sunday,118,"$19,629,884",-36.4%,-4.1%,60,Baby Mama,"$4,043,370"
2008,Apr 26,Saturday,117,"$30,842,231",+20.6%,-3%,60,Baby Mama,"$7,005,965"
2008,Apr 25,Friday,116,"$25,573,991",+367.1%,-6.6%,61,Baby Mama,"$6,357,775"
2008,Apr 24,Thursday,115,"$5,475,347",+0.5%,+37.2%,57,Forgetting Sarah Marshall,"$1,497,125"
2008,Apr 23,Wednesday,114,"$5,449,526",-8.5%,+38%,58,Forgetting Sarah Marshall,"$1,538,495"
2008,Apr 22,Tuesday,113,"$5,958,198",-6.6%,+34.6%,57,Forgetting Sarah Marshall,"$1,622,845"
2008,Apr 21,Monday,112,"$6,379,019",-68.8%,+40.4%,58,The Forbidden Kingdom,"$1,692,767"
2008,Apr 20,Sunday,111,"$20,475,876",-35.6%,+15.6%,59,The Forbidden Kingdom,"$5,661,567"
2008,Apr 19,Saturday,110,"$31,808,867",+16.1%,-3.6%,60,The Forbidden Kingdom,"$7,996,033"
2008,Apr 18,Friday,109,"$27,388,374",+586.4%,+1.2%,60,The Forbidden Kingdom,"$7,743,521"
2008,Apr 17,Thursday,108,"$3,990,182",+1%,-17%,54,Street Kings,"$716,657"
2008,Apr 16,Wednesday,107,"$3,949,028",-10.8%,-18%,53,Street Kings,"$769,036"
2008,Apr 15,Tuesday,106,"$4,427,973",-2.5%,-16.4%,53,Street Kings,"$922,716"
2008,Apr 14,Monday,105,"$4,543,677",-74.3%,-9.6%,53,Street Kings,"$1,000,598"
2008,Apr 13,Sunday,104,"$17,706,630",-46.4%,-9.7%,55,Street Kings,"$3,308,472"
2008,Apr 12,Saturday,103,"$33,010,934",+21.9%,+3%,55,Prom Night,"$8,317,732"
2008,Apr 11,Friday,102,"$27,075,174",+463.3%,+10%,55,Prom Night,"$9,524,480"
2008,Apr 10,Thursday,101,"$4,806,284",-0.2%,-14.9%,58,21,"$1,095,362"
2008,Apr 9,Wednesday,100,"$4,816,315",-9.1%,-9.2%,58,21,"$1,089,860"
2008,Apr 8,Tuesday,99,"$5,296,955",+5.4%,-11.2%,57,21,"$1,209,832"
2008,Apr 7,Monday,98,"$5,024,050",-74.4%,-18.5%,57,21,"$1,103,020"
2008,Apr 6,Sunday,97,"$19,619,534",-38.8%,-9.4%,57,21,"$3,920,248"
2008,Apr 5,Saturday,96,"$32,055,161",+30.2%,-9.7%,57,21,"$6,250,200"
2008,Apr 4,Friday,95,"$24,610,980",+335.7%,-13.5%,57,21,"$5,166,970"
2008,Apr 3,Thursday,94,"$5,648,587",+6.5%,-35.8%,53,21,"$1,770,623"
2008,Apr 2,Wednesday,93,"$5,303,964",-11%,-37.9%,54,21,"$1,656,086"
2008,Apr 1,Tuesday,92,"$5,962,754",-3.2%,-36.9%,53,21,"$1,908,745"
2008,Mar 31,Monday,91,"$6,162,523",-71.5%,-52.3%,53,21,"$1,991,358"
2008,Mar 30,Sunday,90,"$21,657,035",-39%,-3.1%,56,21,"$5,882,183"
2008,Mar 29,Saturday,89,"$35,505,695",+24.8%,+1%,56,21,"$9,568,719"
2008,Mar 28,Friday,88,"$28,459,474",+223.6%,-23.5%,56,21,"$8,655,041"
2008,Mar 27,Thursday,87,"$8,795,578",+3%,-23.9%,58,Horton Hears a Who!,"$3,109,801"
2008,Mar 26,Wednesday,86,"$8,542,857",-9.6%,-9.9%,58,Horton Hears a Who!,"$2,948,957"
2008,Mar 25,Tuesday,85,"$9,446,398",-26.9%,+0.5%,59,Horton Hears a Who!,"$3,178,339"
2008,Mar 24,Monday,84,"$12,923,665",-42.2%,+51.1%,59,Horton Hears a Who!,"$4,601,534"
2008,Mar 23Easter Sunday,Sunday,83,"$22,351,753",-36.4%,-21.4%,59,Horton Hears a Who!,"$5,207,854"
2008,Mar 22,Saturday,82,"$35,158,666",-5.5%,-17.3%,59,Horton Hears a Who!,"$9,218,133"
2008,Mar 21,Friday,81,"$37,202,466",+221.9%,+20%,59,Horton Hears a Who!,"$10,164,609"
2008,Mar 20,Thursday,80,"$11,555,849",+21.9%,+101.1%,58,Horton Hears a Who!,"$4,901,833"
2008,Mar 19,Wednesday,79,"$9,481,352",+0.9%,+68.4%,59,Horton Hears a Who!,"$3,960,861"
2008,Mar 18,Tuesday,78,"$9,400,804",+9.9%,+48.2%,57,Horton Hears a Who!,"$3,928,735"
2008,Mar 17,Monday,77,"$8,553,567",-69.9%,+30%,57,Horton Hears a Who!,"$3,615,494"
2008,Mar 16,Sunday,76,"$28,427,268",-33.2%,+24.8%,58,Horton Hears a Who!,"$12,901,768"
2008,Mar 15,Saturday,75,"$42,531,160",+37.2%,+15.1%,58,Horton Hears a Who!,"$18,773,953"
2008,Mar 14,Friday,74,"$30,998,832",+439.5%,+14.1%,58,Horton Hears a Who!,"$13,337,277"
2008,Mar 13,Thursday,73,"$5,746,350",+2.1%,+22.6%,53,"10,000 BC","$1,946,468"
2008,Mar 12,Wednesday,72,"$5,630,783",-11.2%,+22.4%,53,"10,000 BC","$1,988,376"
2008,Mar 11,Tuesday,71,"$6,343,020",-3.6%,+25.2%,52,"10,000 BC","$2,317,284"
2008,Mar 10,Monday,70,"$6,579,701",-71.1%,+30.3%,52,"10,000 BC","$2,684,495"
2008,Mar 9,Sunday,69,"$22,778,510",-38.3%,+19.3%,52,"10,000 BC","$9,344,388"
2008,Mar 8,Saturday,68,"$36,942,663",+36%,+13.7%,52,"10,000 BC","$14,016,202"
2008,Mar 7,Friday,67,"$27,160,625",+479.3%,+22.1%,52,"10,000 BC","$12,506,898"
2008,Mar 6,Thursday,66,"$4,688,817",+2%,-1.5%,57,Semi-Pro,"$841,000"
2008,Mar 5,Wednesday,65,"$4,599,075",-9.2%,-4.3%,57,Semi-Pro,"$871,000"
2008,Mar 4,Tuesday,64,"$5,065,165",+0.3%,+1.5%,56,Semi-Pro,"$1,009,000"
2008,Mar 3,Monday,63,"$5,050,608",-73.6%,-0.3%,57,Semi-Pro,"$1,139,000"
2008,Mar 2,Sunday,62,"$19,099,927",-41.2%,-9.5%,57,Semi-Pro,"$3,789,000"
2008,Mar 1,Saturday,61,"$32,488,395",+46%,-15.6%,57,Vantage Point,"$5,936,318"
2008,Feb 29,Friday,60,"$22,248,020",+367.2%,-12.9%,57,Semi-Pro,"$5,416,000"
2008,Feb 28,Thursday,59,"$4,762,107",-1%,-31.2%,54,Vantage Point,"$1,208,015"
2008,Feb 27,Wednesday,58,"$4,808,183",-3.6%,-27%,54,Vantage Point,"$1,242,647"
2008,Feb 26,Tuesday,57,"$4,989,506",-1.5%,-34.6%,54,Vantage Point,"$1,334,720"
2008,Feb 25,Monday,56,"$5,064,572",-76%,-77.2%,54,Vantage Point,"$1,344,182"
2008,Feb 24,Sunday,55,"$21,095,343",-45.2%,-36.6%,56,Vantage Point,"$4,988,895"
2008,Feb 23,Saturday,54,"$38,512,490",+50.8%,-15.8%,56,Vantage Point,"$9,940,407"
2008,Feb 22,Friday,53,"$25,536,550",+269%,-21.9%,56,Vantage Point,"$7,945,634"
2008,Feb 21,Thursday,52,"$6,920,506",+5.1%,-74.6%,56,Jumper,"$1,494,781"
2008,Feb 20,Wednesday,51,"$6,587,284",-13.7%,+43.1%,56,Jumper,"$1,515,989"
2008,Feb 19,Tuesday,50,"$7,629,585",-65.7%,+65.6%,57,Jumper,"$1,826,842"
2008,Feb 18Presidents' Day,Monday,49,"$22,255,546",-33.1%,+333.4%,57,The Spiderwick Chronicles,"$5,736,479"
2008,Feb 17,Sunday,48,"$33,291,161",-27.2%,+60.4%,56,Jumper,"$7,956,783"
2008,Feb 16,Saturday,47,"$45,757,827",+39.9%,+23.3%,56,Jumper,"$10,681,418"
2008,Feb 15,Friday,46,"$32,699,694",+20.2%,+27.7%,56,Jumper,"$8,716,607"
2008,Feb 14,Thursday,45,"$27,198,885",+491%,+278.3%,58,Jumper,"$6,625,015"
2008,Feb 13,Wednesday,44,"$4,602,341",<0.1%,-32.3%,54,Fool's Gold,"$1,276,327"
2008,Feb 12,Tuesday,43,"$4,606,404",-10.3%,-38.1%,54,Fool's Gold,"$1,242,305"
2008,Feb 11,Monday,42,"$5,135,645",-75.3%,-35.8%,54,Fool's Gold,"$1,294,356"
2008,Feb 10,Sunday,41,"$20,760,991",-44.1%,+4.1%,57,Fool's Gold,"$4,859,653"
2008,Feb 9,Saturday,40,"$37,117,003",+45%,-17.6%,57,Fool's Gold,"$9,215,272"
2008,Feb 8,Friday,39,"$25,602,402",+256.1%,-14.3%,57,Fool's Gold,"$7,514,370"
2008,Feb 7,Thursday,38,"$7,189,978",+5.8%,+18.9%,51,Hannah Montana and Miley Cyrus: Best of Both Worlds Concert,"$2,802,270"
2008,Feb 6,Wednesday,37,"$6,798,875",-8.7%,+8.5%,51,Hannah Montana and Miley Cyrus: Best of Both Worlds Concert,"$2,818,666"
2008,Feb 5,Tuesday,36,"$7,447,605",-6.8%,+10.3%,55,Hannah Montana and Miley Cyrus: Best of Both Worlds Concert,"$2,889,671"
2008,Feb 4,Monday,35,"$7,994,612",-59.9%,+11.2%,55,Hannah Montana and Miley Cyrus: Best of Both Worlds Concert,"$3,253,205"
2008,Feb 3,Sunday,34,"$19,933,873",-55.7%,-28.8%,56,Hannah Montana and Miley Cyrus: Best of Both Worlds Concert,"$9,365,468"
2008,Feb 2,Saturday,33,"$45,017,840",+50.6%,-3.1%,57,Hannah Montana and Miley Cyrus: Best of Both Worlds Concert,"$13,100,608"
2008,Feb 1,Friday,32,"$29,891,755",+394.4%,-14.9%,57,Hannah Montana and Miley Cyrus: Best of Both Worlds Concert,"$8,651,758"
2008,Jan 31,Thursday,31,"$6,045,947",-3.6%,-21.3%,58,Rambo,"$959,385"
2008,Jan 30,Wednesday,30,"$6,268,657",-7.2%,-13.1%,58,Rambo,"$1,038,529"
2008,Jan 29,Tuesday,29,"$6,753,284",-6.1%,-15.4%,58,Rambo,"$1,219,005"
2008,Jan 28,Monday,28,"$7,191,060",-74.3%,-71.4%,58,Rambo,"$1,377,351"
2008,Jan 27,Sunday,27,"$27,981,159",-39.8%,-16.1%,59,Rambo,"$4,784,437"
2008,Jan 26,Saturday,26,"$46,470,816",+32.3%,-7.7%,59,Meet the Spartans,"$7,647,828"
2008,Jan 25,Friday,25,"$35,125,897",+357%,-18.2%,59,Meet the Spartans,"$6,877,342"
2008,Jan 24,Thursday,24,"$7,686,476",+6.6%,+10.9%,52,Cloverfield,"$1,663,957"
2008,Jan 23,Wednesday,23,"$7,211,693",-9.7%,+11.6%,52,Cloverfield,"$1,667,710"
2008,Jan 22,Tuesday,22,"$7,982,231",-68.2%,+18.1%,52,Cloverfield,"$2,115,763"
2008,Jan 21MLK Day,Monday,21,"$25,113,814",-24.7%,+268%,55,Cloverfield,"$6,088,317"
2008,Jan 20,Sunday,20,"$33,344,598",-33.8%,+38.3%,53,Cloverfield,"$9,028,443"
2008,Jan 19,Saturday,19,"$50,354,984",+17.3%,+15.6%,54,Cloverfield,"$13,865,250"
2008,Jan 18,Friday,18,"$42,925,169",+519.5%,+36.9%,54,Cloverfield,"$17,164,536"
2008,Jan 17,Thursday,17,"$6,928,905",+7.2%,-1.4%,48,The Bucket List,"$1,746,297"
2008,Jan 16,Wednesday,16,"$6,462,331",-4.4%,-11%,48,The Bucket List,"$1,655,340"
2008,Jan 15,Tuesday,15,"$6,761,536",-0.9%,-13%,48,The Bucket List,"$1,731,202"
2008,Jan 14,Monday,14,"$6,823,653",-71.7%,-11.2%,48,The Bucket List,"$1,610,465"
2008,Jan 13,Sunday,13,"$24,115,215",-44.6%,-12.5%,49,The Bucket List,"$4,735,626"
2008,Jan 12,Saturday,12,"$43,559,332",+38.9%,-9.1%,49,The Bucket List,"$8,271,248"
2008,Jan 11,Friday,11,"$31,359,196",+346.3%,-15.1%,49,The Bucket List,"$6,385,542"
2008,Jan 10,Thursday,10,"$7,025,911",-3.3%,-63.4%,45,Juno,"$1,370,403"
2008,Jan 9,Wednesday,9,"$7,264,018",-6.5%,-67.1%,46,Juno,"$1,385,734"
2008,Jan 8,Tuesday,8,"$7,770,239",+1.2%,-81.1%,45,Juno,"$1,445,349"
2008,Jan 7,Monday,7,"$7,680,589",-72.1%,-77.3%,46,Juno,"$1,380,724"
2008,Jan 6,Sunday,6,"$27,572,194",-42.5%,-42.6%,47,National Treasure: Book of Secrets,"$4,965,352"
2008,Jan 5,Saturday,5,"$47,941,534",+29.7%,-15%,47,National Treasure: Book of Secrets,"$8,754,230"
2008,Jan 4,Friday,4,"$36,957,077",+92.7%,-31%,47,National Treasure: Book of Secrets,"$6,343,102"
2008,Jan 3,Thursday,3,"$19,175,013",-13.3%,-58%,46,National Treasure: Book of Secrets,"$3,580,254"
2008,Jan 2,Wednesday,2,"$22,109,201",-46.3%,-56.1%,45,National Treasure: Book of Secrets,"$4,284,619"
2008,Jan 1New Year's Day,Tuesday,1,"$41,206,942",+21.6%,-28.2%,48,National Treasure: Book of Secrets,"$9,679,556"
2009,Dec 31New Year's Eve,Thursday,365,"$49,529,328",-12%,+84.8%,43,Avatar,"$14,738,136"
2009,Dec 30,Wednesday,364,"$56,270,986",-1.4%,+23%,44,Avatar,"$18,466,123"
2009,Dec 29,Tuesday,363,"$57,089,938",-2%,+109.5%,44,Avatar,"$18,290,628"
2009,Dec 28,Monday,362,"$58,275,197",-23.2%,+119.5%,44,Avatar,"$19,418,139"
2009,Dec 27,Sunday,361,"$75,875,354",-21.5%,+90.5%,45,Avatar,"$24,247,681"
2009,Dec 26,Saturday,360,"$96,714,019",+17.1%,+116.8%,46,Avatar,"$28,274,406"
2009,Dec 25Christmas Day,Friday,359,"$82,622,672",+23.6%,+122.5%,46,Sherlock Holmes,"$24,608,941"
2009,Dec 24,Thursday,358,"$26,807,039",-41.4%,+295.6%,43,Avatar,"$11,150,998"
2009,Dec 23,Wednesday,357,"$45,745,826",+67.9%,+603.4%,45,Alvin and the Chipmunks: The Squeakquel,"$18,801,277"
2009,Dec 22,Tuesday,356,"$27,253,397",+2.6%,+288%,44,Avatar,"$16,086,461"
2009,Dec 21,Monday,355,"$26,550,599",-33.3%,+330%,44,Avatar,"$16,385,820"
2009,Dec 20,Sunday,354,"$39,820,865",-10.7%,+85.2%,47,Avatar,"$24,744,346"
2009,Dec 19,Saturday,353,"$44,612,737",+6.4%,+22.8%,48,Avatar,"$25,529,036"
2009,Dec 18,Friday,352,"$41,910,131",+518.4%,+68.9%,48,Avatar,"$26,752,099"
2009,Dec 17,Thursday,351,"$6,776,918",+4.2%,+13.9%,53,The Princess and the Frog,"$1,381,295"
2009,Dec 16,Wednesday,350,"$6,503,703",-7.4%,+14.1%,53,The Princess and the Frog,"$1,285,727"
2009,Dec 15,Tuesday,349,"$7,023,436",+13.8%,+5.6%,51,The Princess and the Frog,"$1,443,313"
2009,Dec 14,Monday,348,"$6,173,857",-71.3%,+1.9%,51,The Princess and the Frog,"$1,332,651"
2009,Dec 13,Sunday,347,"$21,500,688",-40.8%,-1.7%,55,The Princess and the Frog,"$6,663,537"
2009,Dec 12,Saturday,346,"$36,336,175",+46.4%,-0.4%,54,The Princess and the Frog,"$10,522,644"
2009,Dec 11,Friday,345,"$24,819,649",+317%,-11%,54,The Princess and the Frog,"$7,022,735"
2009,Dec 10,Thursday,344,"$5,952,132",+4.4%,-27.3%,49,The Blind Side,"$1,468,459"
2009,Dec 9,Wednesday,343,"$5,702,413",-14.2%,-30.5%,49,The Blind Side,"$1,413,948"
2009,Dec 8,Tuesday,342,"$6,649,717",+9.7%,-29.1%,49,The Blind Side,"$1,569,402"
2009,Dec 7,Monday,341,"$6,060,017",-72.3%,-31.9%,49,The Blind Side,"$1,442,171"
2009,Dec 6,Sunday,340,"$21,871,872",-40%,-37.5%,53,The Blind Side,"$4,726,463"
2009,Dec 5,Saturday,339,"$36,479,563",+30.8%,-45.7%,54,The Blind Side,"$8,547,892"
2009,Dec 4,Friday,338,"$27,885,964",+240.5%,-60.3%,53,The Blind Side,"$6,768,826"
2009,Dec 3,Thursday,337,"$8,189,172",-0.1%,-79.3%,49,The Twilight Saga: New Moon,"$2,104,795"
2009,Dec 2,Wednesday,336,"$8,201,186",-12.5%,-79.2%,49,The Blind Side,"$2,127,457"
2009,Dec 1,Tuesday,335,"$9,378,112",+5.4%,+87.6%,49,The Twilight Saga: New Moon,"$2,394,975"
2009,Nov 30,Monday,334,"$8,898,956",-74.6%,-56.2%,49,The Twilight Saga: New Moon,"$2,386,972"
2009,Nov 29,Sunday,333,"$34,993,779",-47.9%,-37.7%,53,The Twilight Saga: New Moon,"$8,635,398"
2009,Nov 28,Saturday,332,"$67,155,210",-4.5%,-22.3%,54,The Twilight Saga: New Moon,"$16,523,369"
2009,Nov 27,Friday,331,"$70,309,938",+77.4%,-32.6%,54,The Twilight Saga: New Moon,"$17,711,264"
2009,Nov 26Thanksgiving,Thursday,330,"$39,633,115",+0.4%,+422.5%,53,The Blind Side,"$9,489,335"
2009,Nov 25,Wednesday,329,"$39,479,514",+689.6%,+448%,53,The Twilight Saga: New Moon,"$14,198,803"
2009,Nov 24,Tuesday,328,"$24,172,227",+18.9%,+183.9%,52,The Twilight Saga: New Moon,"$11,328,695"
2009,Nov 23,Monday,327,"$20,329,605",-63.8%,+132%,51,The Twilight Saga: New Moon,"$10,506,486"
2009,Nov 22,Sunday,326,"$56,169,778",-35%,+77.1%,56,The Twilight Saga: New Moon,"$27,846,502"
2009,Nov 21,Saturday,325,"$86,468,218",-17.2%,+69.7%,55,The Twilight Saga: New Moon,"$42,288,881"
2009,Nov 20,Friday,324,"$104,379,799","+1,276.1%",+151.5%,55,The Twilight Saga: New Moon,"$72,703,754"
2009,Nov 19,Thursday,323,"$7,585,016",+5.3%,+27.8%,54,2012,"$3,174,501"
2009,Nov 18,Wednesday,322,"$7,204,046",-15.4%,-52.5%,55,2012,"$3,642,676"
2009,Nov 17,Tuesday,321,"$8,513,138",-2.8%,-9.7%,53,2012,"$4,551,284"
2009,Nov 16,Monday,320,"$8,761,872",-72.4%,+31.8%,54,2012,"$5,114,982"
2009,Nov 15,Sunday,319,"$31,709,547",-37.8%,+28.9%,57,2012,"$17,097,926"
2009,Nov 14,Saturday,318,"$50,959,378",+22.8%,+14.7%,57,2012,"$24,698,354"
2009,Nov 13,Friday,317,"$41,496,917",+599.3%,+21.8%,56,2012,"$23,441,334"
2009,Nov 12,Thursday,316,"$5,933,857",-60.9%,-11.7%,53,A Christmas Carol,"$1,533,625"
2009,Nov 11,Wednesday,315,"$15,164,543",+60.9%,+144.8%,54,A Christmas Carol,"$5,355,513"
2009,Nov 10,Tuesday,314,"$9,423,923",+41.7%,+17.3%,55,A Christmas Carol,"$2,412,171"
2009,Nov 9,Monday,313,"$6,649,677",-73%,-6.4%,55,A Christmas Carol,"$1,611,460"
2009,Nov 8,Sunday,312,"$24,600,298",-44.6%,+1.4%,58,A Christmas Carol,"$8,035,224"
2009,Nov 7,Saturday,311,"$44,428,367",+30.4%,+65.2%,58,A Christmas Carol,"$13,132,589"
2009,Nov 6,Friday,310,"$34,068,197",+407.2%,+27.9%,57,A Christmas Carol,"$8,883,262"
2009,Nov 5,Thursday,309,"$6,717,566",+8.4%,-31.1%,58,This Is It,"$2,169,261"
2009,Nov 4,Wednesday,308,"$6,195,522",-22.9%,-52.6%,57,This Is It,"$2,114,248"
2009,Nov 3,Tuesday,307,"$8,031,561",+13%,+10.8%,57,This Is It,"$2,673,807"
2009,Nov 2,Monday,306,"$7,106,235",-70.7%,+1%,57,This Is It,"$2,455,100"
2009,Nov 1,Sunday,305,"$24,268,587",-9.8%,+5.8%,60,This Is It,"$8,326,927"
2009,Oct 31Halloween,Saturday,304,"$26,897,623",+1%,-36.5%,61,This Is It,"$7,075,741"
2009,Oct 30,Friday,303,"$26,626,648",+173%,-25.4%,60,This Is It,"$7,831,726"
2009,Oct 29,Thursday,302,"$9,754,119",-25.4%,+19.4%,59,This Is It,"$3,762,871"
2009,Oct 28,Wednesday,301,"$13,080,452",+80.5%,+69.9%,58,This Is It,"$7,445,661"
2009,Oct 27,Tuesday,300,"$7,247,416",+3.1%,-15.7%,57,Paranormal Activity,"$1,705,132"
2009,Oct 26,Monday,299,"$7,032,458",-69.3%,-19.1%,57,Paranormal Activity,"$1,853,291"
2009,Oct 25,Sunday,298,"$22,937,581",-45.8%,-24.4%,59,Paranormal Activity,"$4,892,626"
2009,Oct 24,Saturday,297,"$42,335,006",+18.7%,-17%,60,Paranormal Activity,"$8,638,987"
2009,Oct 23,Friday,296,"$35,677,356",+336.8%,-17.5%,60,Paranormal Activity,"$7,572,457"
2009,Oct 22,Thursday,295,"$8,168,746",+6.1%,+17.3%,55,Paranormal Activity,"$1,911,768"
2009,Oct 21,Wednesday,294,"$7,697,806",-10.5%,+15.3%,54,Paranormal Activity,"$1,639,240"
2009,Oct 20,Tuesday,293,"$8,599,893",-1.1%,+17.1%,54,Law Abiding Citizen,"$1,801,997"
2009,Oct 19,Monday,292,"$8,695,634",-71.3%,-35%,54,Where the Wild Things Are,"$1,974,279"
2009,Oct 18,Sunday,291,"$30,341,807",-40.5%,+22.3%,60,Where the Wild Things Are,"$8,282,574"
2009,Oct 17,Saturday,290,"$51,027,426",+17.9%,+36.5%,60,Where the Wild Things Are,"$12,335,551"
2009,Oct 16,Friday,289,"$43,268,405",+521.2%,+45.6%,60,Where the Wild Things Are,"$12,077,282"
2009,Oct 15,Thursday,288,"$6,965,573",+4.3%,+22.1%,54,Couples Retreat,"$2,235,400"
2009,Oct 14,Wednesday,287,"$6,675,790",-9.1%,+20.5%,53,Couples Retreat,"$2,281,425"
2009,Oct 13,Tuesday,286,"$7,342,441",-45.1%,+15.8%,53,Couples Retreat,"$2,580,555"
2009,Oct 12Indig. Peoples' Day,Monday,285,"$13,369,551",-46.1%,+131.9%,53,Couples Retreat,"$4,006,225"
2009,Oct 11,Sunday,284,"$24,804,266",-33.6%,+12.6%,57,Couples Retreat,"$8,429,105"
2009,Oct 10,Saturday,283,"$37,369,444",+25.7%,-1.2%,56,Couples Retreat,"$13,379,125"
2009,Oct 9,Friday,282,"$29,718,727",+420.9%,+7.4%,57,Couples Retreat,"$12,478,510"
2009,Oct 8,Thursday,281,"$5,705,030",+3%,+32.5%,57,Zombieland,"$1,920,625"
2009,Oct 7,Wednesday,280,"$5,537,854",-12.7%,+9.7%,58,Zombieland,"$1,863,557"
2009,Oct 6,Tuesday,279,"$6,342,637",+10%,+25.1%,58,Zombieland,"$2,213,561"
2009,Oct 5,Monday,278,"$5,764,841",-73.8%,-12.3%,57,Zombieland,"$2,070,183"
2009,Oct 4,Sunday,277,"$22,029,861",-41.7%,+2%,61,Zombieland,"$5,911,665"
2009,Oct 3,Saturday,276,"$37,813,850",+36.6%,+9.8%,60,Zombieland,"$9,371,921"
2009,Oct 2,Friday,275,"$27,679,294",+542.8%,+18.6%,60,Zombieland,"$9,449,569"
2009,Oct 1,Thursday,274,"$4,306,267",-14.7%,-8.8%,55,Cloudy with a Chance of Meatballs,"$984,606"
2009,Sep 30,Wednesday,273,"$5,047,598",-0.4%,+1.4%,55,Surrogates,"$921,089"
2009,Sep 29,Tuesday,272,"$5,068,483",-22.9%,-14.1%,54,Surrogates,"$1,169,691"
2009,Sep 28,Monday,271,"$6,570,343",-69.6%,+26.8%,54,Cloudy with a Chance of Meatballs,"$2,333,459"
2009,Sep 27,Sunday,270,"$21,603,182",-37.3%,+0.3%,57,Cloudy with a Chance of Meatballs,"$8,242,798"
2009,Sep 26,Saturday,269,"$34,429,479",+47.5%,-2.6%,56,Cloudy with a Chance of Meatballs,"$11,184,070"
2009,Sep 25,Friday,268,"$23,343,528",+394.5%,-11.3%,56,Cloudy with a Chance of Meatballs,"$5,611,935"
2009,Sep 24,Thursday,267,"$4,721,071",-5.1%,+4.9%,51,Cloudy with a Chance of Meatballs,"$1,189,943"
2009,Sep 23,Wednesday,266,"$4,976,656",-15.7%,+8.8%,52,Cloudy with a Chance of Meatballs,"$1,214,862"
2009,Sep 22,Tuesday,265,"$5,903,437",+13.9%,+11%,50,Cloudy with a Chance of Meatballs,"$1,423,658"
2009,Sep 21,Monday,264,"$5,182,025",-75.9%,+8.4%,49,Cloudy with a Chance of Meatballs,"$1,302,641"
2009,Sep 20,Sunday,263,"$21,539,739",-39.1%,+31%,53,Cloudy with a Chance of Meatballs,"$9,014,546"
2009,Sep 19,Saturday,262,"$35,353,996",+34.3%,+14.2%,53,Cloudy with a Chance of Meatballs,"$13,152,744"
2009,Sep 18,Friday,261,"$26,320,789",+484.7%,+9.5%,53,Cloudy with a Chance of Meatballs,"$8,137,358"
2009,Sep 17,Thursday,260,"$4,501,741",-1.6%,-19.2%,53,I Can Do Bad All by Myself,"$940,473"
2009,Sep 16,Wednesday,259,"$4,575,229",-13.9%,-40.2%,53,I Can Do Bad All by Myself,"$967,263"
2009,Sep 15,Tuesday,258,"$5,316,208",+11.2%,-9.9%,51,I Can Do Bad All by Myself,"$1,227,767"
2009,Sep 14,Monday,257,"$4,782,184",-70.9%,-75.9%,51,I Can Do Bad All by Myself,"$1,289,821"
2009,Sep 13,Sunday,256,"$16,448,053",-46.9%,-39%,53,I Can Do Bad All by Myself,"$4,959,025"
2009,Sep 12,Saturday,255,"$30,956,620",+28.7%,+13.3%,53,I Can Do Bad All by Myself,"$9,887,100"
2009,Sep 11,Friday,254,"$24,046,841",+331.8%,+8.9%,54,I Can Do Bad All by Myself,"$8,600,660"
2009,Sep 10,Thursday,253,"$5,568,828",-27.2%,-23.8%,51,9,"$1,304,705"
2009,Sep 9,Wednesday,252,"$7,654,718",+29.7%,+1.2%,51,9,"$3,115,775"
2009,Sep 8,Tuesday,251,"$5,900,822",-70.3%,-36.9%,49,Inglourious Basterds,"$1,012,939"
2009,Sep 7Labor Day,Monday,250,"$19,872,657",-26.3%,+119.1%,55,Inglourious Basterds,"$3,321,096"
2009,Sep 6,Sunday,249,"$26,973,995",-1.3%,+4.2%,52,Inglourious Basterds,"$4,526,396"
2009,Sep 5,Saturday,248,"$27,321,621",+23.7%,-35.8%,50,The Final Destination,"$4,551,785"
2009,Sep 4,Friday,247,"$22,088,665",+202.2%,-40.1%,52,The Final Destination,"$3,613,548"
2009,Sep 3,Thursday,246,"$7,309,811",-3.3%,-23.9%,48,The Final Destination,"$1,608,990"
2009,Sep 2,Wednesday,245,"$7,562,962",-19.1%,-28%,48,Inglourious Basterds,"$1,683,414"
2009,Sep 1,Tuesday,244,"$9,347,064",+3.1%,-22.9%,49,The Final Destination,"$2,211,399"
2009,Aug 31,Monday,243,"$9,069,185",-65%,-24.5%,49,The Final Destination,"$2,233,058"
2009,Aug 30,Sunday,242,"$25,893,470",-39.1%,-13.2%,50,The Final Destination,"$6,402,975"
2009,Aug 29,Saturday,241,"$42,541,526",+15.3%,+3.7%,50,The Final Destination,"$10,159,266"
2009,Aug 28,Friday,240,"$36,894,396",+284.3%,+2.8%,50,The Final Destination,"$10,846,068"
2009,Aug 27,Thursday,239,"$9,600,786",-8.7%,-26.3%,47,Inglourious Basterds,"$3,152,719"
2009,Aug 26,Wednesday,238,"$10,510,223",-13.3%,-23.7%,46,Inglourious Basterds,"$3,585,341"
2009,Aug 25,Tuesday,237,"$12,118,651",+0.9%,-24.6%,47,Inglourious Basterds,"$4,245,157"
2009,Aug 24,Monday,236,"$12,014,313",-59.7%,-25%,46,Inglourious Basterds,"$4,665,534"
2009,Aug 23,Sunday,235,"$29,829,374",-27.3%,-11.2%,50,Inglourious Basterds,"$10,596,508"
2009,Aug 22,Saturday,234,"$41,004,501",+14.2%,-6.3%,51,Inglourious Basterds,"$13,074,907"
2009,Aug 21,Friday,233,"$35,902,082",+175.7%,-14%,51,Inglourious Basterds,"$14,383,261"
2009,Aug 20,Thursday,232,"$13,022,454",-5.4%,-5.5%,48,District 9,"$3,603,832"
2009,Aug 19,Wednesday,231,"$13,771,442",-14.3%,-5.6%,48,District 9,"$3,866,075"
2009,Aug 18,Tuesday,230,"$16,066,328",+0.3%,-6.3%,47,District 9,"$4,604,348"
2009,Aug 17,Monday,229,"$16,018,855",-52.3%,-4.5%,48,District 9,"$5,162,208"
2009,Aug 16,Sunday,228,"$33,582,052",-23.3%,-6%,54,District 9,"$10,577,398"
2009,Aug 15,Saturday,227,"$43,761,992",+4.8%,-2.8%,55,District 9,"$12,613,008"
2009,Aug 14,Friday,226,"$41,757,384",+202.9%,-7.1%,55,District 9,"$14,163,902"
2009,Aug 13,Thursday,225,"$13,785,306",-5.6%,+8.9%,43,G.I. Joe: The Rise of Cobra,"$4,363,656"
2009,Aug 12,Wednesday,224,"$14,595,481",-14.9%,+11.4%,43,G.I. Joe: The Rise of Cobra,"$4,809,945"
2009,Aug 11,Tuesday,223,"$17,144,135",+2.2%,+14.7%,43,G.I. Joe: The Rise of Cobra,"$5,960,560"
2009,Aug 10,Monday,222,"$16,776,790",-53%,+12.8%,42,G.I. Joe: The Rise of Cobra,"$6,405,981"
2009,Aug 9,Sunday,221,"$35,719,013",-20.7%,+10.2%,45,G.I. Joe: The Rise of Cobra,"$14,385,072"
2009,Aug 8,Saturday,220,"$45,031,742",+0.2%,+16.1%,44,G.I. Joe: The Rise of Cobra,"$18,168,671"
2009,Aug 7,Friday,219,"$44,930,640",+254.9%,+25%,46,G.I. Joe: The Rise of Cobra,"$22,159,303"
2009,Aug 6,Thursday,218,"$12,660,821",-3.3%,-27%,45,G-Force,"$2,243,816"
2009,Aug 5,Wednesday,217,"$13,097,452",-12.4%,-33.7%,44,G-Force,"$2,274,465"
2009,Aug 4,Tuesday,216,"$14,950,912",+0.5%,-24.9%,43,Funny People,"$2,691,265"
2009,Aug 3,Monday,215,"$14,878,364",-54.1%,-20.2%,43,Funny People,"$3,112,245"
2009,Aug 2,Sunday,214,"$32,423,132",-16.4%,-17%,46,Funny People,"$6,615,435"
2009,Aug 1,Saturday,213,"$38,780,202",+7.9%,-24.1%,48,Funny People,"$7,352,115"
2009,Jul 31,Friday,212,"$35,940,478",+107.3%,-25.2%,47,Funny People,"$8,690,230"
2009,Jul 30,Thursday,211,"$17,336,604",-12.2%,-2.2%,38,G-Force,"$4,003,224"
2009,Jul 29,Wednesday,210,"$19,747,379",-0.8%,+9%,37,G-Force,"$4,691,172"
2009,Jul 28,Tuesday,209,"$19,899,717",+6.7%,-10.8%,34,G-Force,"$4,759,512"
2009,Jul 27,Monday,208,"$18,645,494",-52.3%,-7.3%,34,G-Force,"$4,242,581"
2009,Jul 26,Sunday,207,"$39,076,198",-23.5%,-7.4%,37,Harry Potter and the Half-Blood Prince,"$8,934,970"
2009,Jul 25,Saturday,206,"$51,069,598",+6.3%,-12.4%,39,G-Force,"$11,581,097"
2009,Jul 24,Friday,205,"$48,060,057",+171.2%,-3.7%,39,G-Force,"$11,533,504"
2009,Jul 23,Thursday,204,"$17,719,390",-2.2%,-50.2%,35,Harry Potter and the Half-Blood Prince,"$6,857,479"
2009,Jul 22,Wednesday,203,"$18,116,553",-18.8%,-74.8%,35,Harry Potter and the Half-Blood Prince,"$7,518,238"
2009,Jul 21,Tuesday,202,"$22,320,941",+11%,+32.9%,35,Harry Potter and the Half-Blood Prince,"$9,511,151"
2009,Jul 20,Monday,201,"$20,105,654",-52.4%,+17.3%,35,Harry Potter and the Half-Blood Prince,"$9,924,409"
2009,Jul 19,Sunday,200,"$42,209,579",-27.6%,+15.2%,38,Harry Potter and the Half-Blood Prince,"$21,780,931"
2009,Jul 18,Saturday,199,"$58,268,427",+16.7%,+19.7%,38,Harry Potter and the Half-Blood Prince,"$29,234,224"
2009,Jul 17,Friday,198,"$49,911,457",+40.1%,+6.2%,38,Harry Potter and the Half-Blood Prince,"$26,820,572"
2009,Jul 16,Thursday,197,"$35,614,356",-50.4%,+81.1%,37,Harry Potter and the Half-Blood Prince,"$22,011,215"
2009,Jul 15,Wednesday,196,"$71,856,930",+327.8%,+235.4%,37,Harry Potter and the Half-Blood Prince,"$58,175,412"
2009,Jul 14,Tuesday,195,"$16,798,197",-2%,-31.2%,35,Ice Age: Dawn of the Dinosaurs,"$4,082,691"
2009,Jul 13,Monday,194,"$17,138,516",-53.2%,-29.1%,35,Ice Age: Dawn of the Dinosaurs,"$3,626,785"
2009,Jul 12,Sunday,193,"$36,635,059",-24.7%,-25.7%,38,Ice Age: Dawn of the Dinosaurs,"$8,067,225"
2009,Jul 11,Saturday,192,"$48,664,970",+3.5%,+20.7%,38,Ice Age: Dawn of the Dinosaurs,"$11,050,077"
2009,Jul 10,Friday,191,"$47,000,078",+139%,-25.4%,38,Brüno,"$14,400,065"
2009,Jul 9,Thursday,190,"$19,667,936",-8.2%,-52.7%,38,Ice Age: Dawn of the Dinosaurs,"$5,506,751"
2009,Jul 8,Wednesday,189,"$21,423,577",-12.2%,-50.4%,37,Ice Age: Dawn of the Dinosaurs,"$6,148,485"
2009,Jul 7,Tuesday,188,"$24,407,534",+0.9%,-12.3%,38,Ice Age: Dawn of the Dinosaurs,"$7,076,165"
2009,Jul 6,Monday,187,"$24,178,706",-51%,-11.6%,37,Ice Age: Dawn of the Dinosaurs,"$6,608,427"
2009,Jul 5,Sunday,186,"$49,315,387",+22.3%,-11.5%,38,Transformers: Revenge of the Fallen,"$13,643,085"
2009,Jul 4Independence Day,Saturday,185,"$40,327,633",-36%,-43.3%,38,Ice Age: Dawn of the Dinosaurs,"$11,322,506"
2009,Jul 3,Friday,184,"$62,976,884",+51.6%,-1.2%,38,Transformers: Revenge of the Fallen,"$17,989,701"
2009,Jul 2,Thursday,183,"$41,548,928",-3.8%,-0.8%,41,Transformers: Revenge of the Fallen,"$11,654,658"
2009,Jul 1,Wednesday,182,"$43,189,058",+55.3%,-43.4%,41,Ice Age: Dawn of the Dinosaurs,"$13,791,157"
2009,Jun 30,Tuesday,181,"$27,816,186",+1.7%,+64.8%,41,Transformers: Revenge of the Fallen,"$13,510,024"
2009,Jun 29,Monday,180,"$27,356,769",-50.9%,+56%,41,Transformers: Revenge of the Fallen,"$14,853,940"
2009,Jun 28,Sunday,179,"$55,753,230",-21.6%,+31.8%,42,Transformers: Revenge of the Fallen,"$32,020,558"
2009,Jun 27,Saturday,178,"$71,134,138",+11.6%,+36.5%,42,Transformers: Revenge of the Fallen,"$40,205,083"
2009,Jun 26,Friday,177,"$63,721,949",+52.1%,+40.5%,42,Transformers: Revenge of the Fallen,"$36,740,666"
2009,Jun 25,Thursday,176,"$41,884,660",-45.1%,+149.7%,41,Transformers: Revenge of the Fallen,"$29,094,472"
2009,Jun 24,Wednesday,175,"$76,239,074",+351.6%,+366.6%,42,Transformers: Revenge of the Fallen,"$62,016,476"
2009,Jun 23,Tuesday,174,"$16,883,730",-3.7%,-5%,40,The Proposal,"$4,663,186"
2009,Jun 22,Monday,173,"$17,541,148",-58.5%,+4.6%,40,The Proposal,"$4,651,404"
2009,Jun 21,Sunday,172,"$42,301,476",-18.8%,+18.1%,41,Up,"$8,461,136"
2009,Jun 20,Saturday,171,"$52,109,547",+14.9%,-1.5%,42,The Proposal,"$12,622,125"
2009,Jun 19,Friday,170,"$45,359,949",+170.4%,+11.7%,41,The Proposal,"$12,727,079"
2009,Jun 18,Thursday,169,"$16,776,333",+2.7%,-9.6%,42,The Hangover,"$5,185,012"
2009,Jun 17,Wednesday,168,"$16,340,491",-8.1%,-11.3%,42,The Hangover,"$5,050,273"
2009,Jun 16,Tuesday,167,"$17,779,157",+6%,-6%,41,The Hangover,"$5,528,308"
2009,Jun 15,Monday,166,"$16,775,333",-53.2%,-14.5%,41,The Hangover,"$5,531,460"
2009,Jun 14,Sunday,165,"$35,810,032",-32.3%,-19.2%,44,The Hangover,"$9,880,535"
2009,Jun 13,Saturday,164,"$52,908,092",+30.3%,-12.8%,45,Up,"$13,281,676"
2009,Jun 12,Friday,163,"$40,612,193",+118.7%,-23.4%,45,The Hangover,"$10,310,510"
2009,Jun 11,Thursday,162,"$18,567,375",+0.8%,+28.5%,39,The Hangover,"$6,091,024"
2009,Jun 10,Wednesday,161,"$18,421,695",-2.6%,+25.8%,38,The Hangover,"$6,655,228"
2009,Jun 9,Tuesday,160,"$18,907,772",-3.7%,+22.1%,37,The Hangover,"$6,589,423"
2009,Jun 8,Monday,159,"$19,626,229",-55.7%,+32%,37,The Hangover,"$7,659,108"
2009,Jun 7,Sunday,158,"$44,325,659",-26.9%,-1.1%,41,Up,"$13,206,468"
2009,Jun 6,Saturday,157,"$60,641,215",+14.4%,-5.5%,41,Up,"$17,860,059"
2009,Jun 5,Friday,156,"$53,004,738",+266.7%,+4.1%,42,The Hangover,"$16,734,033"
2009,Jun 4,Thursday,155,"$14,453,414",-1.3%,+26.4%,37,Up,"$6,169,951"
2009,Jun 3,Wednesday,154,"$14,647,364",-5.4%,+27%,38,Up,"$6,116,646"
2009,Jun 2,Tuesday,153,"$15,480,945",+4.1%,+13.6%,38,Up,"$6,405,897"
2009,Jun 1,Monday,152,"$14,864,718",-66.8%,-65.8%,38,Up,"$6,271,151"
2009,May 31,Sunday,151,"$44,834,098",-30.1%,-20.6%,39,Up,"$20,232,637"
2009,May 30,Saturday,150,"$64,157,614",+26.1%,+5%,38,Up,"$26,394,319"
2009,May 29,Friday,149,"$50,895,870",+345.1%,+0.3%,39,Up,"$21,481,834"
2009,May 28,Thursday,148,"$11,433,683",-0.9%,-46.5%,41,Night at the Museum: Battle of the Smithsonian,"$3,067,773"
2009,May 27,Wednesday,147,"$11,531,777",-15.4%,+31.3%,40,Night at the Museum: Battle of the Smithsonian,"$3,067,892"
2009,May 26,Tuesday,146,"$13,628,320",-68.7%,+36.3%,39,Terminator Salvation,"$3,688,038"
2009,May 25Memorial Day,Monday,145,"$43,513,220",-23%,+231.1%,43,Night at the Museum: Battle of the Smithsonian,"$15,878,718"
2009,May 24,Sunday,144,"$56,478,170",-7.6%,+58.2%,42,Night at the Museum: Battle of the Smithsonian,"$18,517,606"
2009,May 23,Saturday,143,"$61,109,600",+20.4%,+15.3%,42,Night at the Museum: Battle of the Smithsonian,"$20,086,972"
2009,May 22,Friday,142,"$50,767,717",+137.5%,+28.9%,42,Night at the Museum: Battle of the Smithsonian,"$15,568,708"
2009,May 21,Thursday,141,"$21,377,058",+143.5%,+112.6%,40,Terminator Salvation,"$13,372,491"
2009,May 20,Wednesday,140,"$8,780,572",-12.2%,-13.8%,39,Star Trek,"$3,117,839"
2009,May 19,Tuesday,139,"$9,995,775",-24%,-11.2%,39,Angels & Demons,"$3,603,421"
2009,May 18,Monday,138,"$13,143,908",-63.2%,+7.7%,39,Angels & Demons,"$4,737,211"
2009,May 17,Sunday,137,"$35,707,441",-32.7%,-9.1%,43,Star Trek,"$12,990,361"
2009,May 16,Saturday,136,"$53,022,582",+34.6%,-0.8%,44,Star Trek,"$18,284,070"
2009,May 15,Friday,135,"$39,398,010",+291.8%,-14.7%,44,Angels & Demons,"$16,471,357"
2009,May 14,Thursday,134,"$10,054,501",-1.2%,-8.7%,43,Star Trek,"$5,608,298"
2009,May 13,Wednesday,133,"$10,181,692",-9.6%,+27.4%,45,Star Trek,"$5,790,449"
2009,May 12,Tuesday,132,"$11,260,784",-7.7%,+27.5%,44,Star Trek,"$6,505,775"
2009,May 11,Monday,131,"$12,199,656",-68.9%,+29.9%,45,Star Trek,"$7,502,026"
2009,May 10,Sunday,130,"$39,279,088",-26.5%,+5.6%,46,Star Trek,"$21,061,701"
2009,May 9,Saturday,129,"$53,466,389",+15.7%,-3.2%,46,Star Trek,"$27,248,613"
2009,May 8,Friday,128,"$46,195,581",+319.4%,-14.7%,46,Star Trek,"$26,893,975"
2009,May 7,Thursday,127,"$11,014,966",+37.8%,+93.7%,45,Star Trek,"$4,000,000"
2009,May 6,Wednesday,126,"$7,993,208",-9.5%,+38.3%,44,X-Men Origins: Wolverine,"$4,011,209"
2009,May 5,Tuesday,125,"$8,831,317",-6%,+28.6%,44,X-Men Origins: Wolverine,"$4,632,575"
2009,May 4,Monday,124,"$9,390,211",-74.8%,+49.6%,44,X-Men Origins: Wolverine,"$5,451,023"
2009,May 3,Sunday,123,"$37,211,411",-32.6%,+48.1%,45,X-Men Origins: Wolverine,"$21,300,461"
2009,May 2,Saturday,122,"$55,222,499",+2%,+35.2%,45,X-Men Origins: Wolverine,"$29,323,711"
2009,May 1,Friday,121,"$54,138,888",+851.9%,+57.5%,45,X-Men Origins: Wolverine,"$34,433,831"
2009,Apr 30,Thursday,120,"$5,687,747",-1.6%,-17%,43,Obsessed,"$1,327,424"
2009,Apr 29,Wednesday,119,"$5,777,988",-15.9%,-38.4%,43,Obsessed,"$1,361,547"
2009,Apr 28,Tuesday,118,"$6,866,330",+9.4%,+1.3%,43,Obsessed,"$1,714,253"
2009,Apr 27,Monday,117,"$6,277,203",-75%,-1.8%,43,Obsessed,"$1,786,380"
2009,Apr 26,Sunday,116,"$25,118,987",-38.5%,+0.2%,46,Obsessed,"$6,243,947"
2009,Apr 25,Saturday,115,"$40,834,705",+18.8%,+3.5%,46,Obsessed,"$11,159,486"
2009,Apr 24,Friday,114,"$34,374,292",+401.3%,+4.7%,46,Obsessed,"$11,209,297"
2009,Apr 23,Thursday,113,"$6,856,425",-27%,-16.6%,47,Earth,"$1,623,244"
2009,Apr 22,Wednesday,112,"$9,386,136",+38.5%,+3.6%,47,Earth,"$4,023,788"
2009,Apr 21,Tuesday,111,"$6,776,375",+6%,-38.6%,46,17 Again,"$1,289,269"
2009,Apr 20,Monday,110,"$6,390,018",-74.5%,-57.8%,46,17 Again,"$1,141,477"
2009,Apr 19,Sunday,109,"$25,078,826",-36.4%,+3.2%,52,17 Again,"$5,170,096"
2009,Apr 18,Saturday,108,"$39,462,621",+20.2%,-11.3%,52,17 Again,"$9,135,058"
2009,Apr 17,Friday,107,"$32,829,099",+299.5%,-38.5%,51,17 Again,"$9,417,156"
2009,Apr 16,Thursday,106,"$8,216,761",-9.3%,-38.9%,47,Hannah Montana: The Movie,"$1,796,680"
2009,Apr 15,Wednesday,105,"$9,063,620",-17.9%,"+483,809.2%",47,Hannah Montana: The Movie,"$2,081,055"
2009,Apr 14,Tuesday,104,"$11,039,445",-27.1%,-12.8%,47,Hannah Montana: The Movie,"$2,640,933"
2009,Apr 13,Monday,103,"$15,141,984",-37.7%,+25.7%,47,Hannah Montana: The Movie,"$4,624,667"
2009,Apr 12Easter Sunday,Sunday,102,"$24,296,924",-45.4%,-30.9%,49,Fast & Furious,"$6,110,785"
2009,Apr 11,Saturday,101,"$44,469,578",-16.6%,-21.1%,48,Fast & Furious,"$10,433,360"
2009,Apr 10,Friday,100,"$53,346,871",+296.4%,-2.2%,49,Hannah Montana: The Movie,"$17,436,095"
2009,Apr 9,Thursday,99,"$13,457,890","+718,420.6%",+70.3%,46,Fast & Furious,"$4,689,655"
2009,Apr 8,Wednesday,98,"$11,098,646",-12.3%,+39.4%,46,Fast & Furious,"$3,859,015"
2009,Apr 7,Tuesday,97,"$12,656,633",+5.1%,+39.9%,47,Fast & Furious,"$4,655,045"
2009,Apr 6,Monday,96,"$12,042,399",-65.8%,+35.7%,48,Fast & Furious,"$5,104,975"
2009,Apr 5,Sunday,95,"$35,172,086",-37.6%,-5%,50,Fast & Furious,"$15,695,635"
2009,Apr 4,Saturday,94,"$56,383,692",+3.4%,-0.1%,50,Fast & Furious,"$24,694,235"
2009,Apr 3,Friday,93,"$54,531,110",+590.3%,+26.5%,50,Fast & Furious,"$30,560,630"
2009,Apr 2,Thursday,92,"$7,900,150",-0.8%,+16%,50,Monsters vs. Aliens,"$2,966,433"
2009,Apr 1,Wednesday,91,"$7,961,081",-12%,+16.3%,50,Monsters vs. Aliens,"$3,010,164"
2009,Mar 31,Tuesday,90,"$9,049,201",+2%,+16.3%,49,Monsters vs. Aliens,"$3,370,072"
2009,Mar 30,Monday,89,"$8,873,540",-76%,+19.4%,50,Monsters vs. Aliens,"$3,522,458"
2009,Mar 29,Sunday,88,"$37,005,493",-34.5%,+57.9%,51,Monsters vs. Aliens,"$18,282,288"
2009,Mar 28,Saturday,87,"$56,455,868",+30.9%,+46.7%,51,Monsters vs. Aliens,"$24,284,775"
2009,Mar 27,Friday,86,"$43,113,795",+533%,+37.9%,51,Monsters vs. Aliens,"$16,754,032"
2009,Mar 26,Thursday,85,"$6,811,165",-0.5%,-2.5%,49,Knowing,"$1,645,770"
2009,Mar 25,Wednesday,84,"$6,842,647",-12%,<0.1%,49,Knowing,"$1,586,671"
2009,Mar 24,Tuesday,83,"$7,777,677",+4.7%,+17.1%,49,Knowing,"$1,857,291"
2009,Mar 23,Monday,82,"$7,429,007",-68.3%,+1.4%,49,Knowing,"$1,820,529"
2009,Mar 22,Sunday,81,"$23,431,500",-39.1%,+6.9%,53,Knowing,"$5,762,243"
2009,Mar 21,Saturday,80,"$38,483,345",+23.1%,+5.8%,53,Knowing,"$9,872,734"
2009,Mar 20,Friday,79,"$31,259,946",+347.6%,+20.7%,53,Knowing,"$8,969,774"
2009,Mar 19,Thursday,78,"$6,984,342",+2.1%,+21%,47,Race to Witch Mountain,"$1,811,453"
2009,Mar 18,Wednesday,77,"$6,842,654",+3%,+17.9%,46,Race to Witch Mountain,"$1,745,947"
2009,Mar 17,Tuesday,76,"$6,640,868",-9.4%,<0.1%,47,Race to Witch Mountain,"$1,857,175"
2009,Mar 16,Monday,75,"$7,328,293",-66.6%,+8.7%,47,Race to Witch Mountain,"$1,893,763"
2009,Mar 15,Sunday,74,"$21,928,806",-39.7%,"+113,556.1%",48,Race to Witch Mountain,"$6,769,520"
2009,Mar 14,Saturday,73,"$36,372,231",+40.4%,-4.5%,48,Race to Witch Mountain,"$10,898,590"
2009,Mar 13,Friday,72,"$25,903,145",+348.8%,-30.4%,48,Race to Witch Mountain,"$6,734,104"
2009,Mar 12,Thursday,71,"$5,771,253",-0.5%,+31.2%,49,Watchmen,"$2,609,458"
2009,Mar 11,Wednesday,70,"$5,803,111",-12.7%,+29.5%,48,Watchmen,"$2,811,385"
2009,Mar 10,Tuesday,69,"$6,645,520",-1.4%,+30%,47,Watchmen,"$3,414,251"
2009,Mar 9,Monday,68,"$6,740,114","+34,833.7%",+28.6%,47,Watchmen,"$3,885,264"
2009,Mar 8,Sunday,67,"$22,486,542",-40.9%,+13.1%,49,Watchmen,"$12,314,598"
2009,Mar 7,Saturday,66,"$38,076,363",+2.3%,+6.3%,51,Watchmen,"$18,383,964"
2009,Mar 6,Friday,65,"$37,230,924",+746.6%,+49.1%,51,Watchmen,"$24,515,772"
2009,Mar 5,Thursday,64,"$4,397,874",-1.8%,-30.7%,52,Slumdog Millionaire,"$797,628"
2009,Mar 4,Wednesday,63,"$4,480,077",-12.3%,-25.6%,49,Slumdog Millionaire,"$827,626"
2009,Mar 3,Tuesday,62,"$5,110,643",-2.5%,-29.8%,50,Slumdog Millionaire,"$984,056"
2009,Mar 2,Monday,61,"$5,240,409",-73.6%,-29.7%,52,Madea Goes to Jail,"$972,389"
2009,Mar 1,Sunday,60,"$19,875,443",-44.5%,-28.1%,53,Madea Goes to Jail,"$3,645,085"
2009,Feb 28,Saturday,59,"$35,831,091",+43.4%,-25.5%,54,Madea Goes to Jail,"$7,826,565"
2009,Feb 27,Friday,58,"$24,978,138",+293.8%,-31.6%,53,Jonas Brothers: The 3D Concert Experience,"$4,960,309"
2009,Feb 26,Thursday,57,"$6,343,420",+5.3%,-21.9%,51,Madea Goes to Jail,"$1,410,977"
2009,Feb 25,Wednesday,56,"$6,025,647",-17.2%,-22%,50,Madea Goes to Jail,"$1,468,841"
2009,Feb 24,Tuesday,55,"$7,278,087",-2.4%,-22.4%,51,Madea Goes to Jail,"$1,975,834"
2009,Feb 23,Monday,54,"$7,458,102",-73%,-70%,51,Madea Goes to Jail,"$2,463,023"
2009,Feb 22,Sunday,53,"$27,641,648",-42.5%,-29.6%,51,Madea Goes to Jail,"$9,664,846"
2009,Feb 21,Saturday,52,"$48,092,703",+31.7%,-27.4%,51,Madea Goes to Jail,"$16,618,089"
2009,Feb 20,Friday,51,"$36,524,201",+349.5%,-21.3%,51,Madea Goes to Jail,"$14,748,012"
2009,Feb 19,Thursday,50,"$8,125,006",+5.1%,+10.2%,50,He's Just Not That Into You,"$1,251,224"
2009,Feb 18,Wednesday,49,"$7,727,081",-17.6%,+20.2%,49,He's Just Not That Into You,"$1,174,386"
2009,Feb 17,Tuesday,48,"$9,379,144",-62.3%,+29.1%,50,Friday the 13th,"$1,422,236"
2009,Feb 16Presidents' Day,Monday,47,"$24,876,267",-36.6%,+229.8%,51,Coraline,"$4,068,478"
2009,Feb 15,Sunday,46,"$39,239,331",-40.8%,+22.3%,49,Friday the 13th,"$6,986,233"
2009,Feb 14,Saturday,45,"$66,244,536",+42.7%,+22.5%,49,Friday the 13th,"$14,290,686"
2009,Feb 13,Friday,44,"$46,430,567",+529.5%,+22.6%,49,Friday the 13th,"$19,293,446"
2009,Feb 12,Thursday,43,"$7,376,069",+14.7%,+10.3%,46,He's Just Not That Into You,"$2,015,978"
2009,Feb 11,Wednesday,42,"$6,428,944",-11.5%,-0.6%,45,He's Just Not That Into You,"$1,816,197"
2009,Feb 10,Tuesday,41,"$7,264,811",-3.7%,+6.6%,44,He's Just Not That Into You,"$2,003,417"
2009,Feb 9,Monday,40,"$7,542,668",-76.5%,+9.5%,45,He's Just Not That Into You,"$1,847,389"
2009,Feb 8,Sunday,39,"$32,094,987",-40.6%,+93.5%,46,He's Just Not That Into You,"$6,429,867"
2009,Feb 7,Saturday,38,"$54,064,312",+42.7%,+14.7%,46,He's Just Not That Into You,"$10,920,281"
2009,Feb 6,Friday,37,"$37,881,747",+466.3%,+17%,46,He's Just Not That Into You,"$10,435,339"
2009,Feb 5,Thursday,36,"$6,689,929",+3.5%,-4.4%,47,Taken,"$2,015,744"
2009,Feb 4,Wednesday,35,"$6,465,501",-5.1%,-5.2%,47,Taken,"$1,965,989"
2009,Feb 3,Tuesday,34,"$6,813,679",-1.1%,-6.9%,47,Taken,"$2,141,970"
2009,Feb 2,Monday,33,"$6,889,287",-58.5%,-6.8%,47,Taken,"$2,222,858"
2009,Feb 1,Sunday,32,"$16,587,437",-64.8%,-48.6%,47,Taken,"$3,644,614"
2009,Jan 31,Saturday,31,"$47,142,689",+45.6%,-10.1%,47,Taken,"$11,655,053"
2009,Jan 30,Friday,30,"$32,372,308",+362.5%,-4.9%,47,Taken,"$9,417,370"
2009,Jan 29,Thursday,29,"$6,999,420",+2.6%,-18.1%,45,Underworld: Rise of the Lycans,"$1,096,977"
2009,Jan 28,Wednesday,28,"$6,821,065",-6.8%,-13.1%,45,Paul Blart: Mall Cop,"$1,158,610"
2009,Jan 27,Tuesday,27,"$7,317,214",-1%,-16.9%,45,Underworld: Rise of the Lycans,"$1,229,263"
2009,Jan 26,Monday,26,"$7,393,083",-77.1%,-75.7%,45,Underworld: Rise of the Lycans,"$1,382,106"
2009,Jan 25,Sunday,25,"$32,297,064",-38.4%,-21.6%,48,Paul Blart: Mall Cop,"$5,944,857"
2009,Jan 24,Saturday,24,"$52,414,401",+54%,-17.2%,48,Paul Blart: Mall Cop,"$10,066,149"
2009,Jan 23,Friday,23,"$34,035,868",+298.2%,-31.9%,48,Underworld: Rise of the Lycans,"$8,028,294"
2009,Jan 22,Thursday,22,"$8,547,780",+9%,+1.9%,48,Gran Torino,"$1,737,944"
2009,Jan 21,Wednesday,21,"$7,845,448",-10.9%,+1.1%,47,Gran Torino,"$1,654,057"
2009,Jan 20,Tuesday,20,"$8,803,192",-71.1%,-0.4%,47,Paul Blart: Mall Cop,"$1,591,683"
2009,Jan 19MLK Day,Monday,19,"$30,486,915",-25.9%,+254.9%,54,Paul Blart: Mall Cop,"$7,401,602"
2009,Jan 18,Sunday,18,"$41,169,951",-35%,+41.2%,49,Paul Blart: Mall Cop,"$8,805,501"
2009,Jan 17,Saturday,17,"$63,289,748",+26.6%,+24.5%,49,Paul Blart: Mall Cop,"$13,235,767"
2009,Jan 16,Friday,16,"$50,005,043",+496.2%,+19.8%,49,Paul Blart: Mall Cop,"$9,791,368"
2009,Jan 15,Thursday,15,"$8,386,605",+8.1%,+20.6%,45,Gran Torino,"$2,466,135"
2009,Jan 14,Wednesday,14,"$7,759,791",-12.2%,+1.1%,45,Gran Torino,"$2,384,202"
2009,Jan 13,Tuesday,13,"$8,837,597",+2.9%,+6.7%,45,Gran Torino,"$2,818,178"
2009,Jan 12,Monday,12,"$8,590,598",-70.5%,+0.5%,45,Gran Torino,"$2,804,378"
2009,Jan 11,Sunday,11,"$29,154,266",-42.6%,+5.1%,47,Gran Torino,"$7,704,256"
2009,Jan 10,Saturday,10,"$50,822,523",+21.8%,+7.7%,47,Gran Torino,"$12,148,276"
2009,Jan 9,Friday,9,"$41,735,576",+500%,-13.8%,47,Gran Torino,"$9,631,856"
2009,Jan 8,Thursday,8,"$6,956,045",-9.4%,-86.1%,48,The Curious Case of Benjamin Button,"$1,263,600"
2009,Jan 7,Wednesday,7,"$7,673,661",-7.4%,-74.8%,47,The Curious Case of Benjamin Button,"$1,383,926"
2009,Jan 6,Tuesday,6,"$8,285,134",-3%,-76%,46,Marley & Me,"$1,507,382"
2009,Jan 5,Monday,5,"$8,544,303",-69.2%,-75.9%,46,Marley & Me,"$1,571,618"
2009,Jan 4,Sunday,4,"$27,734,486",-41.2%,-39.7%,47,Marley & Me,"$5,448,910"
2009,Jan 3,Saturday,3,"$47,171,312",-2.6%,-22%,47,Marley & Me,"$9,177,480"
2009,Jan 2,Friday,2,"$48,408,846",-3.4%,-23.8%,47,Marley & Me,"$9,637,373"
2009,Jan 1New Year's Day,Thursday,1,"$50,130,384",+64.5%,-25%,51,Marley & Me,"$9,956,212"
2010,Dec 31New Year's Eve,Friday,365,"$41,714,306",-3.1%,+76.9%,48,True Grit,"$8,166,256"
2010,Dec 30,Thursday,364,"$43,057,257",+3.3%,+28.5%,48,Little Fockers,"$7,818,800"
2010,Dec 29,Wednesday,363,"$41,666,277",+0.2%,+34.1%,48,Little Fockers,"$7,712,225"
2010,Dec 28,Tuesday,362,"$41,577,972",-0.1%,+88.6%,47,Little Fockers,"$7,779,200"
2010,Dec 27,Monday,361,"$41,634,708",-14.6%,+114.9%,47,Little Fockers,"$8,415,680"
2010,Dec 26,Sunday,360,"$48,770,490",-7.2%,+38.4%,47,Little Fockers,"$11,315,225"
2010,Dec 25Christmas Day,Saturday,359,"$52,537,489",-36.4%,+13.6%,46,Little Fockers,"$14,568,320"
2010,Dec 24,Friday,358,"$23,584,111",-29.6%,-42.9%,48,Little Fockers,"$4,950,120"
2010,Dec 23,Thursday,357,"$33,496,724",+7.8%,+404.3%,48,Little Fockers,"$7,107,360"
2010,Dec 22,Wednesday,356,"$31,066,134",+40.9%,+391.4%,48,Little Fockers,"$7,142,775"
2010,Dec 21,Tuesday,355,"$22,042,324",+13.8%,+197.3%,44,Tron: Legacy,"$6,350,783"
2010,Dec 20,Monday,354,"$19,376,506",-45%,+201.1%,44,Tron: Legacy,"$6,075,208"
2010,Dec 19,Sunday,353,"$35,231,580",-27.3%,+66.9%,46,Tron: Legacy,"$11,480,261"
2010,Dec 18,Saturday,352,"$48,452,020",+17.3%,+39.6%,46,Tron: Legacy,"$15,036,169"
2010,Dec 17,Friday,351,"$41,309,926",+521.9%,+60.5%,46,Tron: Legacy,"$17,509,781"
2010,Dec 16,Thursday,350,"$6,642,074",+5.1%,+28.3%,47,The Chronicles of Narnia: The Voyage of the Dawn Treader,"$1,569,664"
2010,Dec 15,Wednesday,349,"$6,322,113",-14.7%,+22.2%,47,The Chronicles of Narnia: The Voyage of the Dawn Treader,"$1,422,976"
2010,Dec 14,Tuesday,348,"$7,414,875",+15.2%,+24.2%,46,The Chronicles of Narnia: The Voyage of the Dawn Treader,"$1,727,767"
2010,Dec 13,Monday,347,"$6,434,431",-69.5%,+31.5%,48,The Chronicles of Narnia: The Voyage of the Dawn Treader,"$1,638,099"
2010,Dec 12,Sunday,346,"$21,103,789",-39.2%,+3.8%,52,The Chronicles of Narnia: The Voyage of the Dawn Treader,"$6,033,501"
2010,Dec 11,Saturday,345,"$34,717,051",+34.9%,+4.6%,51,The Chronicles of Narnia: The Voyage of the Dawn Treader,"$9,716,366"
2010,Dec 10,Friday,344,"$25,740,117",+397.3%,+19.8%,51,The Chronicles of Narnia: The Voyage of the Dawn Treader,"$8,255,202"
2010,Dec 9,Thursday,343,"$5,175,989",<0.1%,-28.3%,48,Harry Potter and the Deathly Hallows: Part 1,"$1,122,066"
2010,Dec 8,Wednesday,342,"$5,174,698",-13.3%,-28.7%,48,Harry Potter and the Deathly Hallows: Part 1,"$1,129,638"
2010,Dec 7,Tuesday,341,"$5,969,860",+22%,-32%,48,Harry Potter and the Deathly Hallows: Part 1,"$1,279,219"
2010,Dec 6,Monday,340,"$4,894,353",-75.9%,-41.2%,48,Harry Potter and the Deathly Hallows: Part 1,"$1,138,366"
2010,Dec 5,Sunday,339,"$20,322,354",-38.8%,-40.9%,49,Tangled,"$6,514,983"
2010,Dec 4,Saturday,338,"$33,197,882",+54.5%,-49.2%,50,Tangled,"$9,947,510"
2010,Dec 3,Friday,337,"$21,484,505",+197.6%,-68.4%,50,Tangled,"$5,146,398"
2010,Dec 2,Thursday,336,"$7,219,788",-0.5%,-78.8%,47,Harry Potter and the Deathly Hallows: Part 1,"$1,891,483"
2010,Dec 1,Wednesday,335,"$7,253,961",-17.4%,-82%,47,Harry Potter and the Deathly Hallows: Part 1,"$1,935,386"
2010,Nov 30,Tuesday,334,"$8,783,244",+5.5%,-50.7%,47,Harry Potter and the Deathly Hallows: Part 1,"$2,278,481"
2010,Nov 29,Monday,333,"$8,321,717",-75.8%,-42.1%,47,Harry Potter and the Deathly Hallows: Part 1,"$2,339,162"
2010,Nov 28,Sunday,332,"$34,373,246",-47.4%,-14.8%,48,Tangled,"$10,665,154"
2010,Nov 27,Saturday,331,"$65,373,973",-4%,+0.4%,48,Harry Potter and the Deathly Hallows: Part 1,"$18,728,940"
2010,Nov 26,Friday,330,"$68,086,739",+100.3%,-13.8%,48,Harry Potter and the Deathly Hallows: Part 1,"$20,832,651"
2010,Nov 25Thanksgiving,Thursday,329,"$33,985,757",-15.7%,+507.2%,47,Harry Potter and the Deathly Hallows: Part 1,"$11,475,980"
2010,Nov 24,Wednesday,328,"$40,333,070",+126.6%,+563.9%,47,Harry Potter and the Deathly Hallows: Part 1,"$14,425,863"
2010,Nov 23,Tuesday,327,"$17,798,579",+23.8%,+131.8%,41,Harry Potter and the Deathly Hallows: Part 1,"$10,264,353"
2010,Nov 22,Monday,326,"$14,374,894",-64.4%,+123.5%,40,Harry Potter and the Deathly Hallows: Part 1,"$8,785,460"
2010,Nov 21,Sunday,325,"$40,340,324",-38.1%,+53.8%,42,Harry Potter and the Deathly Hallows: Part 1,"$25,106,568"
2010,Nov 20,Saturday,324,"$65,138,774",-17.6%,+41.3%,43,Harry Potter and the Deathly Hallows: Part 1,"$38,226,254"
2010,Nov 19,Friday,323,"$79,011,957","+1,311.7%",+122.8%,42,Harry Potter and the Deathly Hallows: Part 1,"$61,684,550"
2010,Nov 18,Thursday,322,"$5,597,027",-7.9%,-69.4%,44,Unstoppable,"$1,342,898"
2010,Nov 17,Wednesday,321,"$6,075,408",-20.9%,-37.6%,46,Unstoppable,"$1,445,752"
2010,Nov 16,Tuesday,320,"$7,676,775",+19.3%,-8.2%,46,Unstoppable,"$1,852,741"
2010,Nov 15,Monday,319,"$6,432,819",-75.5%,-18.3%,46,Unstoppable,"$1,532,066"
2010,Nov 14,Sunday,318,"$26,226,673",-43.1%,-22.3%,49,Megamind,"$8,115,053"
2010,Nov 13,Saturday,317,"$46,088,237",+30%,-22.6%,49,Megamind,"$13,196,912"
2010,Nov 12,Friday,316,"$35,464,373",+93.7%,-20.8%,48,Unstoppable,"$7,973,861"
2010,Nov 11,Thursday,315,"$18,307,634",+87.9%,+170.9%,46,Megamind,"$7,637,791"
2010,Nov 10,Wednesday,314,"$9,741,686",+16.5%,+55.2%,46,Due Date,"$2,577,178"
2010,Nov 9,Tuesday,313,"$8,360,297",+6.2%,-2.1%,44,Due Date,"$2,523,307"
2010,Nov 8,Monday,312,"$7,872,367",-76.7%,+1.8%,44,Due Date,"$2,319,273"
2010,Nov 7,Sunday,311,"$33,752,169",-43.3%,+67.5%,47,Megamind,"$12,938,964"
2010,Nov 6,Saturday,310,"$59,544,955",+33%,+81.5%,46,Megamind,"$20,547,472"
2010,Nov 5,Friday,309,"$44,779,596",+562.6%,+53.5%,47,Megamind,"$12,530,397"
2010,Nov 4,Thursday,308,"$6,757,896",+7.7%,-24.2%,43,Saw 3D,"$1,227,637"
2010,Nov 3,Wednesday,307,"$6,276,819",-26.5%,-12.7%,43,Saw 3D,"$1,265,605"
2010,Nov 2,Tuesday,306,"$8,540,391",+10.4%,+0.9%,43,Saw 3D,"$1,888,962"
2010,Nov 1,Monday,305,"$7,736,446",-61.6%,-5.7%,43,Saw 3D,"$1,988,381"
2010,Oct 31Halloween,Sunday,304,"$20,153,038",-38.6%,-25.8%,47,Saw 3D,"$5,681,091"
2010,Oct 30,Saturday,303,"$32,805,141",+12.4%,-27.6%,47,Saw 3D,"$7,873,032"
2010,Oct 29,Friday,302,"$29,178,035",+227.5%,-34.8%,47,Saw 3D,"$8,976,000"
2010,Oct 28,Thursday,301,"$8,909,676",+24%,+5.4%,44,Paranormal Activity 2,"$1,978,879"
2010,Oct 27,Wednesday,300,"$7,186,285",-15.1%,-14.3%,44,Paranormal Activity 2,"$1,865,776"
2010,Oct 26,Tuesday,299,"$8,462,054",+3.1%,-13.3%,44,Paranormal Activity 2,"$2,208,039"
2010,Oct 25,Monday,298,"$8,205,077",-69.8%,-13.3%,44,Paranormal Activity 2,"$2,426,747"
2010,Oct 24,Sunday,297,"$27,146,798",-40.1%,-2.6%,50,Paranormal Activity 2,"$7,528,877"
2010,Oct 23,Saturday,296,"$45,314,483",+1.3%,-0.9%,50,Paranormal Activity 2,"$13,040,274"
2010,Oct 22,Friday,295,"$44,744,621",+429.3%,+3%,50,Paranormal Activity 2,"$20,109,273"
2010,Oct 21,Thursday,294,"$8,454,064",+0.8%,+37%,51,Jackass 3D,"$3,288,325"
2010,Oct 20,Wednesday,293,"$8,389,661",-14%,+44.8%,51,Jackass 3D,"$3,402,906"
2010,Oct 19,Tuesday,292,"$9,757,595",+3.1%,+47.3%,51,Jackass 3D,"$4,053,927"
2010,Oct 18,Monday,291,"$9,465,238",-66%,-10.7%,51,Jackass 3D,"$4,448,427"
2010,Oct 17,Sunday,290,"$27,878,432",-39.1%,+33.3%,56,Jackass 3D,"$11,583,954"
2010,Oct 16,Saturday,289,"$45,745,490",+5.3%,+45.9%,56,Jackass 3D,"$16,725,083"
2010,Oct 15,Friday,288,"$43,454,991",+604%,+76.4%,56,Jackass 3D,"$22,044,604"
2010,Oct 14,Thursday,287,"$6,172,463",+6.5%,+4%,48,The Social Network,"$1,300,675"
2010,Oct 13,Wednesday,286,"$5,794,156",-12.5%,-4.6%,48,The Social Network,"$1,231,517"
2010,Oct 12,Tuesday,285,"$6,623,667",-37.5%,-8.8%,48,The Social Network,"$1,377,528"
2010,Oct 11Indig. Peoples' Day,Monday,284,"$10,594,121",-49.3%,+66.9%,48,The Social Network,"$2,188,088"
2010,Oct 10,Sunday,283,"$20,911,557",-33.3%,+2.4%,52,The Social Network,"$4,323,262"
2010,Oct 9,Saturday,282,"$31,363,356",+27.3%,-12.1%,52,The Social Network,"$6,332,837"
2010,Oct 8,Friday,281,"$24,628,964",+315%,-7.4%,52,Life as We Know It,"$5,227,215"
2010,Oct 7,Thursday,280,"$5,935,260",-2.3%,-1.4%,48,The Social Network,"$1,825,607"
2010,Oct 6,Wednesday,279,"$6,073,455",-16.4%,+0.6%,48,The Social Network,"$1,902,659"
2010,Oct 5,Tuesday,278,"$7,266,059",+14.5%,-2%,48,The Social Network,"$2,338,615"
2010,Oct 4,Monday,277,"$6,347,175",-68.9%,-4%,48,The Social Network,"$2,056,636"
2010,Oct 3,Sunday,276,"$20,421,366",-42.8%,-10.2%,50,The Social Network,"$5,569,315"
2010,Oct 2,Saturday,275,"$35,692,925",+34.1%,-5.9%,51,The Social Network,"$8,876,169"
2010,Oct 1,Friday,274,"$26,609,222",+342.3%,-5.8%,51,The Social Network,"$8,000,169"
2010,Sep 30,Thursday,273,"$6,016,701",-0.3%,+2.8%,49,Wall Street: Money Never Sleeps,"$1,493,291"
2010,Sep 29,Wednesday,272,"$6,035,107",-18.6%,+1.3%,49,Wall Street: Money Never Sleeps,"$1,586,625"
2010,Sep 28,Tuesday,271,"$7,410,618",+12.1%,+4.9%,50,Wall Street: Money Never Sleeps,"$1,976,580"
2010,Sep 27,Monday,270,"$6,612,633",-70.9%,+6.1%,50,Wall Street: Money Never Sleeps,"$1,708,167"
2010,Sep 26,Sunday,269,"$22,734,276",-40%,+10.2%,54,Legend of the Guardians: The Owls of Ga'Hoole,"$4,701,201"
2010,Sep 25,Saturday,268,"$37,916,469",+34.2%,+8.3%,54,Wall Street: Money Never Sleeps,"$7,631,976"
2010,Sep 24,Friday,267,"$28,251,165",+382.6%,-1.6%,53,Wall Street: Money Never Sleeps,"$6,913,160"
2010,Sep 23,Thursday,266,"$5,853,668",-1.8%,+27.4%,48,The Town,"$2,106,294"
2010,Sep 22,Wednesday,265,"$5,958,463",-15.7%,+34.4%,48,The Town,"$2,269,311"
2010,Sep 21,Tuesday,264,"$7,064,403",+13.3%,+27.3%,48,The Town,"$2,615,090"
2010,Sep 20,Monday,263,"$6,234,139",-69.8%,+30.3%,48,The Town,"$2,288,174"
2010,Sep 19,Sunday,262,"$20,631,931",-41.1%,+41.8%,53,The Town,"$6,036,163"
2010,Sep 18,Saturday,261,"$35,004,013",+22%,+37.2%,53,The Town,"$9,423,433"
2010,Sep 17,Friday,260,"$28,698,540",+524.5%,+32.5%,53,The Town,"$8,348,436"
2010,Sep 16,Thursday,259,"$4,595,515",+3.6%,-1.1%,46,Resident Evil: Afterlife,"$1,570,080"
2010,Sep 15,Wednesday,258,"$4,434,288",-20.1%,-11.4%,45,Resident Evil: Afterlife,"$1,563,125"
2010,Sep 14,Tuesday,257,"$5,549,024",+16%,-4.8%,44,Resident Evil: Afterlife,"$2,061,661"
2010,Sep 13,Monday,256,"$4,784,220",-67.1%,-74.7%,44,Resident Evil: Afterlife,"$2,046,236"
2010,Sep 12,Sunday,255,"$14,547,610",-43%,-43.2%,47,Resident Evil: Afterlife,"$6,101,648"
2010,Sep 11,Saturday,254,"$25,508,408",+17.8%,-6.4%,47,Resident Evil: Afterlife,"$9,809,654"
2010,Sep 10,Friday,253,"$21,651,584",+366.1%,<0.1%,47,Resident Evil: Afterlife,"$10,738,962"
2010,Sep 9,Thursday,252,"$4,645,555",-7.2%,-37.2%,46,The American,"$723,554"
2010,Sep 8,Wednesday,251,"$5,004,274",-14.2%,-36.1%,46,The American,"$834,188"
2010,Sep 7,Tuesday,250,"$5,830,095",-69.1%,-32.6%,46,The American,"$1,073,258"
2010,Sep 6Labor Day,Monday,249,"$18,896,216",-26.2%,+143.9%,49,The American,"$3,484,543"
2010,Sep 5,Sunday,248,"$25,611,273",-6.1%,+16.1%,49,The American,"$4,491,927"
2010,Sep 4,Saturday,247,"$27,263,317",+26%,-20.7%,49,The American,"$4,841,737"
2010,Sep 3,Friday,246,"$21,637,990",+192.5%,-29.8%,49,Machete,"$3,866,357"
2010,Sep 2,Thursday,245,"$7,398,635",-5.6%,-13.9%,45,The American,"$1,469,422"
2010,Sep 1,Wednesday,244,"$7,834,838",-9.4%,-20.1%,45,The American,"$1,674,363"
2010,Aug 31,Tuesday,243,"$8,651,575",+11.7%,-30.7%,44,Takers,"$1,744,373"
2010,Aug 30,Monday,242,"$7,747,050",-64.9%,-33%,44,Takers,"$1,757,321"
2010,Aug 29,Sunday,241,"$22,063,793",-35.8%,-25.4%,46,Takers,"$5,286,462"
2010,Aug 28,Saturday,240,"$34,360,430",+11.4%,-13.5%,46,Takers,"$7,749,635"
2010,Aug 27,Friday,239,"$30,842,649",+258.9%,-6%,46,The Last Exorcism,"$9,406,821"
2010,Aug 26,Thursday,238,"$8,593,089",-12.4%,-42.2%,43,The Expendables,"$1,485,071"
2010,Aug 25,Wednesday,237,"$9,809,955",-21.5%,-45.3%,43,The Expendables,"$1,641,501"
2010,Aug 24,Tuesday,236,"$12,489,627",+8.1%,-27.9%,43,The Expendables,"$2,077,789"
2010,Aug 23,Monday,235,"$11,558,357",-60.9%,-31.3%,43,The Expendables,"$1,950,768"
2010,Aug 22,Sunday,234,"$29,560,307",-25.6%,-18.3%,44,The Expendables,"$5,357,721"
2010,Aug 21,Saturday,233,"$39,719,269",+21%,-15.2%,44,The Expendables,"$6,677,450"
2010,Aug 20,Friday,232,"$32,817,942",+120.8%,-26.7%,44,The Expendables,"$4,932,861"
2010,Aug 19,Thursday,231,"$14,866,038",-17.1%,+8%,44,The Expendables,"$2,727,301"
2010,Aug 18,Wednesday,230,"$17,937,702",+3.6%,+27%,44,Vampires Suck,"$4,016,858"
2010,Aug 17,Tuesday,229,"$17,321,952",+2.9%,-2.3%,43,The Expendables,"$3,866,939"
2010,Aug 16,Monday,228,"$16,830,612",-53.5%,+0.4%,43,The Expendables,"$3,940,611"
2010,Aug 15,Sunday,227,"$36,187,632",-22.7%,+7.6%,44,The Expendables,"$9,594,329"
2010,Aug 14,Saturday,226,"$46,816,954",+4.5%,+6.9%,45,The Expendables,"$11,899,925"
2010,Aug 13,Friday,225,"$44,800,082",+225.4%,+11%,45,The Expendables,"$13,330,881"
2010,Aug 12,Thursday,224,"$13,768,043",-2.5%,-17.6%,40,The Other Guys,"$3,484,037"
2010,Aug 11,Wednesday,223,"$14,124,143",-20.3%,-19.9%,40,The Other Guys,"$3,769,202"
2010,Aug 10,Tuesday,222,"$17,722,574",+5.7%,-11.8%,40,The Other Guys,"$4,767,588"
2010,Aug 9,Monday,221,"$16,764,565",-50.2%,-12.5%,40,The Other Guys,"$4,979,332"
2010,Aug 8,Sunday,220,"$33,631,223",-23.2%,-11.3%,43,The Other Guys,"$9,910,142"
2010,Aug 7,Saturday,219,"$43,794,287",+8.5%,-9.6%,43,The Other Guys,"$12,508,787"
2010,Aug 6,Friday,218,"$40,377,658",+141.6%,-4.9%,43,The Other Guys,"$13,124,233"
2010,Aug 5,Thursday,217,"$16,711,960",-5.2%,-11.2%,39,Inception,"$3,618,265"
2010,Aug 4,Wednesday,216,"$17,626,329",-12.2%,-7.8%,39,Inception,"$3,788,206"
2010,Aug 3,Tuesday,215,"$20,084,323",+4.8%,-6.1%,39,Inception,"$4,122,497"
2010,Aug 2,Monday,214,"$19,164,313",-49.5%,-3.1%,39,Inception,"$4,289,390"
2010,Aug 1,Sunday,213,"$37,923,107",-21.7%,-14.2%,42,Inception,"$8,579,308"
2010,Jul 31,Saturday,212,"$48,442,218",+14.1%,-16.6%,42,Inception,"$10,711,709"
2010,Jul 30,Friday,211,"$42,455,820",+125.6%,-12.4%,42,Dinner for Schmucks,"$8,395,042"
2010,Jul 29,Thursday,210,"$18,819,359",-1.5%,-16.6%,36,Inception,"$5,289,225"
2010,Jul 28,Wednesday,209,"$19,111,796",-10.7%,-15.6%,36,Inception,"$5,522,151"
2010,Jul 27,Tuesday,208,"$21,393,235",+8.2%,-17.3%,36,Inception,"$6,068,219"
2010,Jul 26,Monday,207,"$19,774,782",-55.3%,-21.8%,36,Inception,"$6,065,477"
2010,Jul 25,Sunday,206,"$44,192,441",-23.9%,-13.2%,38,Inception,"$13,128,421"
2010,Jul 24,Saturday,205,"$58,092,468",+19.8%,-8.6%,38,Inception,"$16,512,872"
2010,Jul 23,Friday,204,"$48,472,483",+114.8%,-11.4%,38,Inception,"$13,083,719"
2010,Jul 22,Thursday,203,"$22,568,619",-0.4%,+1.7%,43,Inception,"$8,563,251"
2010,Jul 21,Wednesday,202,"$22,654,015",-12.4%,-9.6%,43,Inception,"$8,859,322"
2010,Jul 20,Tuesday,201,"$25,855,342",+2.2%,+1.4%,43,Inception,"$9,765,137"
2010,Jul 19,Monday,200,"$25,297,988",-50.3%,+7.5%,42,Inception,"$10,185,365"
2010,Jul 18,Sunday,199,"$50,940,143",-19.9%,+8.3%,44,Inception,"$19,211,530"
2010,Jul 17,Saturday,198,"$63,576,086",+16.2%,-10.1%,45,Inception,"$21,791,608"
2010,Jul 16,Friday,197,"$54,690,545",+146.4%,-15.5%,44,Inception,"$21,782,199"
2010,Jul 15,Thursday,196,"$22,198,948",-11.4%,-8.8%,43,Despicable Me,"$6,397,125"
2010,Jul 14,Wednesday,195,"$25,062,590",-1.7%,-2.3%,43,Despicable Me,"$7,159,885"
2010,Jul 13,Tuesday,194,"$25,497,425",+8.3%,-15.1%,42,Despicable Me,"$8,151,220"
2010,Jul 12,Monday,193,"$23,537,691",-50%,-60.2%,42,Despicable Me,"$7,525,540"
2010,Jul 11World Cup (South Africa),Sunday,192,"$47,037,876",-33.5%,+9.2%,45,Despicable Me,"$14,215,865"
2010,Jul 10World Cup (South Africa),Saturday,191,"$70,718,184",+9.3%,+7.7%,46,Despicable Me,"$20,838,620"
2010,Jul 9World Cup (South Africa),Friday,190,"$64,686,330",+165.6%,-8.1%,46,Despicable Me,"$21,342,640"
2010,Jul 8World Cup (South Africa),Thursday,189,"$24,353,022",-5.1%,-58.2%,44,The Twilight Saga: Eclipse,"$7,931,087"
2010,Jul 7World Cup (South Africa),Wednesday,188,"$25,664,412",-14.6%,-70%,43,The Twilight Saga: Eclipse,"$8,781,208"
2010,Jul 6World Cup (South Africa),Tuesday,187,"$30,035,870",-49.3%,+37.2%,43,The Twilight Saga: Eclipse,"$10,567,862"
2010,Jul 5World Cup (South Africa),Monday,186,"$59,213,406",+37.4%,+176.7%,45,The Twilight Saga: Eclipse,"$18,805,051"
2010,Jul 4Independence DayWorld Cup (South Africa),Sunday,185,"$43,091,856",-34.4%,-6.6%,45,The Twilight Saga: Eclipse,"$13,258,246"
2010,Jul 3World Cup (South Africa),Saturday,184,"$65,651,612",-6.7%,+11.4%,45,The Twilight Saga: Eclipse,"$23,420,629"
2010,Jul 2World Cup (South Africa),Friday,183,"$70,391,225",+20.8%,+42.7%,44,The Twilight Saga: Eclipse,"$28,153,316"
2010,Jul 1World Cup (South Africa),Thursday,182,"$58,257,294",-31.9%,+134.7%,43,The Twilight Saga: Eclipse,"$24,211,138"
2010,Jun 30World Cup (South Africa),Wednesday,181,"$85,530,949",+290.8%,+239.1%,42,The Twilight Saga: Eclipse,"$68,533,840"
2010,Jun 29World Cup (South Africa),Tuesday,180,"$21,885,926",+2.3%,-14.1%,41,Toy Story 3,"$8,217,939"
2010,Jun 28World Cup (South Africa),Monday,179,"$21,402,127",-53.6%,-15.7%,40,Toy Story 3,"$8,921,924"
2010,Jun 27World Cup (South Africa),Sunday,178,"$46,126,856",-21.7%,-19%,44,Toy Story 3,"$18,796,535"
2010,Jun 26World Cup (South Africa),Saturday,177,"$58,934,883",+19.5%,-10.7%,44,Toy Story 3,"$22,590,491"
2010,Jun 25World Cup (South Africa),Friday,176,"$49,328,304",+98.7%,-24%,44,Toy Story 3,"$17,950,643"
2010,Jun 24World Cup (South Africa),Thursday,175,"$24,821,255",-1.6%,+93.5%,41,Toy Story 3,"$13,056,504"
2010,Jun 23World Cup (South Africa),Wednesday,174,"$25,223,694",-1%,+63.4%,41,Toy Story 3,"$13,458,691"
2010,Jun 22World Cup (South Africa),Tuesday,173,"$25,471,989",+0.3%,+58.9%,41,Toy Story 3,"$15,123,212"
2010,Jun 21World Cup (South Africa),Monday,172,"$25,391,340",-55.4%,+49.1%,41,Toy Story 3,"$15,606,086"
2010,Jun 20World Cup (South Africa),Sunday,171,"$56,952,397",-13.7%,+45.7%,45,Toy Story 3,"$32,067,098"
2010,Jun 19World Cup (South Africa),Saturday,170,"$66,028,913",+1.8%,+21.5%,45,Toy Story 3,"$37,091,130"
2010,Jun 18World Cup (South Africa),Friday,169,"$64,887,674",+405.9%,+38%,45,Toy Story 3,"$41,148,961"
2010,Jun 17World Cup (South Africa),Thursday,168,"$12,825,603",-16.9%,<0.1%,42,The Karate Kid,"$4,370,744"
2010,Jun 16World Cup (South Africa),Wednesday,167,"$15,438,675",-3.7%,+13.3%,41,The Karate Kid,"$5,221,521"
2010,Jun 15World Cup (South Africa),Tuesday,166,"$16,025,451",-5.9%,+14.3%,42,The Karate Kid,"$5,610,113"
2010,Jun 14World Cup (South Africa),Monday,165,"$17,025,044",-56.5%,+31.2%,42,The Karate Kid,"$6,385,761"
2010,Jun 13World Cup (South Africa),Sunday,164,"$39,099,154",-28%,+13.9%,46,The Karate Kid,"$15,784,685"
2010,Jun 12World Cup (South Africa),Saturday,163,"$54,340,922",+15.6%,+11.9%,46,The Karate Kid,"$21,064,842"
2010,Jun 11World Cup (South Africa),Friday,162,"$47,010,984",+266.5%,+24.7%,46,The Karate Kid,"$18,816,278"
2010,Jun 10,Thursday,161,"$12,826,757",-5.8%,+2.2%,46,Shrek Forever After,"$2,784,275"
2010,Jun 9,Wednesday,160,"$13,622,813",-2.8%,+7.9%,46,Shrek Forever After,"$2,865,148"
2010,Jun 8,Tuesday,159,"$14,021,322",+8%,-2.4%,46,Shrek Forever After,"$2,947,305"
2010,Jun 7,Monday,158,"$12,979,628",-62.2%,-66.4%,46,Get Him to the Greek,"$2,493,995"
2010,Jun 6,Sunday,157,"$34,317,031",-29.3%,-26.1%,48,Shrek Forever After,"$8,199,763"
2010,Jun 5,Saturday,156,"$48,562,486",+28.9%,-6.4%,48,Shrek Forever After,"$10,794,153"
2010,Jun 4,Friday,155,"$37,685,556",+200.2%,-17.1%,48,Shrek Forever After,"$6,492,549"
2010,Jun 3,Thursday,154,"$12,554,419",-0.6%,-47.7%,41,Shrek Forever After,"$3,610,068"
2010,Jun 2,Wednesday,153,"$12,624,874",-12.1%,+34.7%,40,Shrek Forever After,"$3,445,815"
2010,Jun 1,Tuesday,152,"$14,364,173",-62.8%,+36.3%,40,Shrek Forever After,"$3,876,320"
2010,May 31Memorial Day,Monday,151,"$38,585,500",-16.9%,+214.8%,42,Shrek Forever After,"$13,749,371"
2010,May 30,Sunday,150,"$46,456,053",-10.5%,+15.9%,42,Shrek Forever After,"$15,034,800"
2010,May 29,Saturday,149,"$51,882,339",+14.1%,-11.9%,42,Shrek Forever After,"$16,915,426"
2010,May 28,Friday,148,"$45,459,419",+89.5%,+7.1%,42,Sex and the City 2,"$12,926,288"
2010,May 27,Thursday,147,"$23,983,952",+155.8%,+181.6%,45,Sex and the City 2,"$14,208,097"
2010,May 26,Wednesday,146,"$9,374,608",-11%,+5.4%,44,Shrek Forever After,"$4,076,616"
2010,May 25,Tuesday,145,"$10,534,857",-14%,+2.2%,44,Shrek Forever After,"$4,688,230"
2010,May 24,Monday,144,"$12,256,833",-69.4%,+19.9%,43,Shrek Forever After,"$5,705,388"
2010,May 23,Sunday,143,"$40,094,496",-31.9%,+19.9%,45,Shrek Forever After,"$21,145,279"
2010,May 22,Saturday,142,"$58,904,486",+38.8%,+8.8%,45,Shrek Forever After,"$28,890,587"
2010,May 21,Friday,141,"$42,439,979",+398.2%,+1.8%,45,Shrek Forever After,"$20,802,341"
2010,May 20,Thursday,140,"$8,518,073",-4.2%,-7.6%,44,Iron Man 2,"$3,037,827"
2010,May 19,Wednesday,139,"$8,893,216",-13.7%,-10.6%,44,Iron Man 2,"$3,145,551"
2010,May 18,Tuesday,138,"$10,304,457",+0.8%,-11.6%,45,Iron Man 2,"$3,565,064"
2010,May 17,Monday,137,"$10,219,676",-69.4%,-16.5%,45,Iron Man 2,"$3,715,485"
2010,May 16,Sunday,136,"$33,427,478",-38.3%,-23.9%,46,Iron Man 2,"$14,277,492"
2010,May 15,Saturday,135,"$54,144,384",+29.8%,-12.2%,46,Iron Man 2,"$22,642,564"
2010,May 14,Friday,134,"$41,703,226",+352.4%,-33.1%,46,Iron Man 2,"$15,120,949"
2010,May 13,Thursday,133,"$9,217,865",-7.3%,+99.6%,43,Iron Man 2,"$6,338,848"
2010,May 12,Wednesday,132,"$9,947,114",-14.7%,+117%,43,Iron Man 2,"$6,951,326"
2010,May 11,Tuesday,131,"$11,659,091",-4.7%,+101.2%,42,Iron Man 2,"$8,380,235"
2010,May 10,Monday,130,"$12,235,538",-72.1%,+109.7%,42,Iron Man 2,"$9,366,982"
2010,May 9,Sunday,129,"$43,927,491",-28.8%,+103.7%,44,Iron Man 2,"$31,106,633"
2010,May 8,Saturday,128,"$61,673,522",-1.1%,+79%,44,Iron Man 2,"$45,776,170"
2010,May 7,Friday,127,"$62,338,864","+1,249.6%",+95.3%,44,Iron Man 2,"$51,239,677"
2010,May 6,Thursday,126,"$4,619,070",+0.8%,-19.4%,45,A Nightmare on Elm Street,"$1,278,021"
2010,May 5,Wednesday,125,"$4,583,958",-20.9%,-18.7%,44,A Nightmare on Elm Street,"$1,293,444"
2010,May 4,Tuesday,124,"$5,794,021",-0.7%,-11.1%,44,A Nightmare on Elm Street,"$1,809,362"
2010,May 3,Monday,123,"$5,836,116",-72.9%,-4%,44,A Nightmare on Elm Street,"$2,077,045"
2010,May 2,Sunday,122,"$21,569,809",-37.4%,-8.6%,45,A Nightmare on Elm Street,"$6,575,371"
2010,May 1,Saturday,121,"$34,454,167",+7.9%,-5.6%,45,A Nightmare on Elm Street,"$10,590,972"
2010,Apr 30,Friday,120,"$31,917,615",+456.6%,+24.1%,45,A Nightmare on Elm Street,"$15,735,956"
2010,Apr 29,Thursday,119,"$5,734,189",+1.7%,-36.1%,44,The Back-up Plan,"$805,907"
2010,Apr 28,Wednesday,118,"$5,637,085",-13.6%,-17.1%,44,The Back-up Plan,"$832,377"
2010,Apr 27,Tuesday,117,"$6,521,002",+7.3%,-14.3%,44,The Back-up Plan,"$1,023,876"
2010,Apr 26,Monday,116,"$6,077,652",-74.2%,-18%,44,How to Train Your Dragon,"$844,721"
2010,Apr 25,Sunday,115,"$23,599,011",-35.3%,-16.3%,46,How to Train Your Dragon,"$5,033,915"
2010,Apr 24,Saturday,114,"$36,483,098",+41.9%,-21.7%,46,How to Train Your Dragon,"$6,775,807"
2010,Apr 23,Friday,113,"$25,714,056",+186.7%,-23.1%,46,The Back-up Plan,"$4,257,676"
2010,Apr 22,Thursday,112,"$8,970,032",+31.9%,+32.1%,46,Oceans,"$2,466,530"
2010,Apr 21,Wednesday,111,"$6,801,950",-10.7%,+3.8%,44,Kick-Ass,"$1,297,845"
2010,Apr 20,Tuesday,110,"$7,613,186",+2.7%,-3.3%,45,Kick-Ass,"$1,488,805"
2010,Apr 19,Monday,109,"$7,415,121",-73.7%,-2.1%,45,Kick-Ass,"$1,559,975"
2010,Apr 18,Sunday,108,"$28,178,838",-39.5%,-4.8%,46,How to Train Your Dragon,"$6,117,787"
2010,Apr 17,Saturday,107,"$46,588,166",+39.3%,-6%,47,How to Train Your Dragon,"$9,111,273"
2010,Apr 16,Friday,106,"$33,452,100",+392.6%,-12.9%,47,Kick-Ass,"$7,656,935"
2010,Apr 15,Thursday,105,"$6,790,432",+3.7%,-53.5%,44,Clash of the Titans,"$1,612,487"
2010,Apr 14,Wednesday,104,"$6,550,175",-16.8%,-54%,44,Clash of the Titans,"$1,589,103"
2010,Apr 13,Tuesday,103,"$7,874,315",+4%,-52.4%,44,Clash of the Titans,"$1,894,413"
2010,Apr 12,Monday,102,"$7,573,029",-74.4%,-64.8%,44,Clash of the Titans,"$1,892,202"
2010,Apr 11,Sunday,101,"$29,592,510",-40.3%,-21.3%,46,Clash of the Titans,"$7,255,921"
2010,Apr 10,Saturday,100,"$49,552,649",+29%,-18.1%,46,Clash of the Titans,"$11,041,748"
2010,Apr 9,Friday,99,"$38,425,310",+163.2%,-43.6%,46,Date Night,"$9,170,065"
2010,Apr 8,Thursday,98,"$14,598,824",+2.4%,-23.6%,43,Clash of the Titans,"$4,066,177"
2010,Apr 7,Wednesday,97,"$14,254,435",-13.9%,-12.9%,43,Clash of the Titans,"$4,224,231"
2010,Apr 6,Tuesday,96,"$16,555,184",-23%,+33%,43,Clash of the Titans,"$5,019,401"
2010,Apr 5,Monday,95,"$21,490,800",-42.8%,+74.4%,43,Clash of the Titans,"$6,393,396"
2010,Apr 4Easter Sunday,Sunday,94,"$37,598,284",-37.8%,+11.8%,44,Clash of the Titans,"$13,812,670"
2010,Apr 3,Saturday,93,"$60,489,568",-11.2%,+32.1%,44,Clash of the Titans,"$21,361,412"
2010,Apr 2,Friday,92,"$68,132,667",+256.7%,+102.7%,44,Clash of the Titans,"$26,061,023"
2010,Apr 1,Thursday,91,"$19,100,129",+16.6%,+144.3%,43,How to Train Your Dragon,"$5,242,114"
2010,Mar 31,Wednesday,90,"$16,374,545",+31.5%,+125.7%,42,The Last Song,"$5,125,103"
2010,Mar 30,Tuesday,89,"$12,449,694",+1%,+47.4%,41,How to Train Your Dragon,"$4,803,028"
2010,Mar 29,Monday,88,"$12,322,465",-63.4%,+48.3%,41,How to Train Your Dragon,"$4,814,037"
2010,Mar 28,Sunday,87,"$33,641,557",-26.6%,+12.9%,43,How to Train Your Dragon,"$14,101,190"
2010,Mar 27,Saturday,86,"$45,802,914",+36.3%,+0.7%,43,How to Train Your Dragon,"$17,519,363"
2010,Mar 26,Friday,85,"$33,605,720",+329.9%,-5.4%,43,How to Train Your Dragon,"$12,111,766"
2010,Mar 25,Thursday,84,"$7,816,947",+7.7%,-28%,42,Alice in Wonderland,"$2,574,066"
2010,Mar 24,Wednesday,83,"$7,256,145",-14.1%,"+4,371,071.7%",42,Alice in Wonderland,"$2,376,121"
2010,Mar 23,Tuesday,82,"$8,445,454",+1.6%,-33.4%,42,Alice in Wonderland,"$2,682,915"
2010,Mar 22,Monday,81,"$8,309,771",-72.1%,-33.1%,42,Alice in Wonderland,"$2,760,338"
2010,Mar 21,Sunday,80,"$29,790,952",-34.5%,-17.3%,46,Alice in Wonderland,"$9,928,104"
2010,Mar 20,Saturday,79,"$45,502,529",+28.2%,-15.6%,46,Alice in Wonderland,"$14,446,233"
2010,Mar 19,Friday,78,"$35,505,648",+227.2%,-10.5%,46,Alice in Wonderland,"$9,815,632"
2010,Mar 18,Thursday,77,"$10,851,966","+6,537,228.9%",-8.1%,41,Alice in Wonderland,"$5,123,133"
2010,Mar 17,Wednesday,76,"$9,826,141",-22.5%,-15%,41,Alice in Wonderland,"$4,716,921"
2010,Mar 16,Tuesday,75,"$12,671,481",+1.9%,-6.2%,41,Alice in Wonderland,"$6,010,072"
2010,Mar 15,Monday,74,"$12,430,189",-65.5%,"+8,342,308.7%",41,Alice in Wonderland,"$6,054,110"
2010,Mar 14,Sunday,73,"$36,024,566",-33.2%,-24.6%,44,Alice in Wonderland,"$18,535,803"
2010,Mar 13,Saturday,72,"$53,921,534",+35.9%,-26.5%,44,Alice in Wonderland,"$26,896,938"
2010,Mar 12,Friday,71,"$39,663,044",+236%,-35.4%,44,Alice in Wonderland,"$17,281,335"
2010,Mar 11,Thursday,70,"$11,806,126",+2.1%,+57.7%,41,Alice in Wonderland,"$6,766,997"
2010,Mar 10,Wednesday,69,"$11,566,576",-14.4%,+53.7%,40,Alice in Wonderland,"$6,772,798"
2010,Mar 9,Tuesday,68,"$13,511,984","+9,068,345.6%",+59.1%,40,Alice in Wonderland,"$7,976,108"
2010,Mar 8,Monday,67,"$14,277,209",-70.1%,"+14,871,992.7%",41,Alice in Wonderland,"$9,008,430"
2010,Mar 7,Sunday,66,"$47,770,444",-34.9%,+81.8%,44,Alice in Wonderland,"$31,086,988"
2010,Mar 6,Saturday,65,"$73,367,071",+19.5%,+56.2%,46,Alice in Wonderland,"$44,209,073"
2010,Mar 5,Friday,64,"$61,398,885",+719.9%,+98.3%,45,Alice in Wonderland,"$40,804,962"
2010,Mar 4,Thursday,63,"$7,488,669",-0.5%,+0.2%,41,Avatar,"$1,646,578"
2010,Mar 3,Wednesday,62,"$7,523,389",-11.4%,+3.2%,42,Shutter Island,"$1,651,191"
2010,Mar 2,Tuesday,61,"$8,493,197","+8,846,980.2%",+2%,42,Shutter Island,"$1,937,252"
2010,Mar 1,Monday,60,"$7,671,021",-70.8%,-7.6%,42,Shutter Island,"$1,774,857"
2010,Feb 28Vancouver Olympics,Sunday,59,"$26,270,279",-44.1%,"+13,267,717.7%",45,Shutter Island,"$5,696,632"
2010,Feb 27Vancouver Olympics,Saturday,58,"$46,961,156",+51.6%,-8.3%,45,Shutter Island,"$10,323,195"
2010,Feb 26Vancouver Olympics,Friday,57,"$30,970,259",+314.5%,-14.1%,45,Shutter Island,"$6,645,378"
2010,Feb 25Vancouver Olympics,Thursday,56,"$7,472,348",+2.5%,-21.7%,42,Shutter Island,"$2,687,866"
2010,Feb 24Vancouver Olympics,Wednesday,55,"$7,292,701",-12.4%,-23.2%,42,Shutter Island,"$2,638,537"
2010,Feb 23Vancouver Olympics,Tuesday,54,"$8,327,612",+0.3%,-25.8%,42,Shutter Island,"$3,149,100"
2010,Feb 22Vancouver Olympics,Monday,53,"$8,298,802","+4,191,214.1%","+7,903,521%",42,Shutter Island,"$3,338,123"
2010,Feb 21Vancouver Olympics,Sunday,52,"$31,224,598",-39%,"+21,386,611%",45,Shutter Island,"$10,703,887"
2010,Feb 20Vancouver Olympics,Saturday,51,"$51,206,526",+42.1%,-20.5%,45,Shutter Island,"$16,300,327"
2010,Feb 19Vancouver Olympics,Friday,50,"$36,041,556",+277.4%,"+27,939,090.7%",44,Shutter Island,"$14,058,226"
2010,Feb 18Vancouver Olympics,Thursday,49,"$9,548,779",+0.5%,"+9,743,552%",39,Valentine's Day,"$2,214,273"
2010,Feb 17Vancouver Olympics,Wednesday,48,"$9,496,844",-15.4%,"+4,500,773.9%",39,Valentine's Day,"$2,226,347"
2010,Feb 16Vancouver Olympics,Tuesday,47,"$11,222,198","+10,687,707.6%","+22,902,344.9%",39,Valentine's Day,"$2,686,154"
2010,Feb 15Presidents' DayVancouver Olympics,Monday,46,"$30,525,363","+20,907,682.9%","+37,685,533.3%",43,Percy Jackson & the Olympians: The Lightning Thief,"$7,425,567"
2010,Feb 14Vancouver Olympics,Sunday,45,"$71,046,284",+10.3%,"+81,662,295.4%",43,Valentine's Day,"$23,392,046"
2010,Feb 13Vancouver Olympics,Saturday,44,"$64,396,269","+49,919,488.4%",+44.3%,43,Valentine's Day,"$18,329,276"
2010,Feb 12Vancouver Olympics,Friday,43,"$47,613,213","+48,584,811.2%","+116,129,687.8%",42,Valentine's Day,"$14,539,385"
2010,Feb 11,Thursday,42,"$7,606,848","+3,605,041.2%","+8,546,920.2%",40,Avatar,"$2,135,304"
2010,Feb 10,Wednesday,41,"$6,498,130","+13,261,389.8%","+3,332,274.4%",40,Avatar,"$1,849,314"
2010,Feb 9,Tuesday,40,"$7,690,346","+9,494,154.3%","+11,831,201.5%",40,Avatar,"$2,025,264"
2010,Feb 8,Monday,39,"$8,163,760","+9,383,532.2%","+102,046,900%",40,Avatar,"$2,251,567"
2010,Feb 7,Sunday,38,"$16,991,138",-61.9%,-42.7%,41,Avatar,"$5,150,764"
2010,Feb 6,Saturday,37,"$44,630,244","+108,854,153.7%",-2.5%,42,Dear John,"$12,470,283"
2010,Feb 5,Friday,36,"$33,321,303","+37,439,566.3%",+16.7%,42,Dear John,"$13,764,704"
2010,Feb 4,Thursday,35,"$7,231,599","+3,708,412.3%",-11.3%,40,Avatar,"$2,703,975"
2010,Feb 3,Wednesday,34,"$7,321,652","+11,263,980%",-10.4%,40,Avatar,"$2,647,797"
2010,Feb 2,Tuesday,33,"$8,059,609","+100,745,012.5%",-11.8%,39,Avatar,"$2,688,514"
2010,Feb 1,Monday,32,"$7,874,429",-73.4%,-12.4%,39,Avatar,"$2,700,621"
2010,Jan 31,Sunday,31,"$29,656,157",-35.2%,+1.9%,42,Avatar,"$10,056,722"
2010,Jan 30,Saturday,30,"$45,771,827",+60.4%,-18.2%,42,Avatar,"$13,783,881"
2010,Jan 29,Friday,29,"$28,542,763",+250.2%,-18.8%,42,Avatar,"$7,439,426"
2010,Jan 28,Thursday,28,"$8,149,599",-0.3%,-21.7%,42,Avatar,"$3,155,062"
2010,Jan 27,Wednesday,27,"$8,172,461",-10.6%,-18%,41,Avatar,"$3,137,588"
2010,Jan 26,Tuesday,26,"$9,138,886",+1.7%,-21.5%,43,Avatar,"$3,198,046"
2010,Jan 25,Monday,25,"$8,985,815",-69.1%,-73.9%,43,Avatar,"$3,240,192"
2010,Jan 24,Sunday,24,"$29,102,618",-48%,-37.9%,45,Avatar,"$9,589,537"
2010,Jan 23,Saturday,23,"$55,970,441",+59.2%,-5.7%,45,Avatar,"$16,326,050"
2010,Jan 22,Friday,22,"$35,165,128",+237.8%,-17.7%,45,Avatar,"$9,028,494"
2010,Jan 21,Thursday,21,"$10,410,796",+4.4%,-5.9%,41,Avatar,"$3,945,213"
2010,Jan 20,Wednesday,20,"$9,971,957",-14.3%,-10%,40,Avatar,"$3,792,807"
2010,Jan 19,Tuesday,19,"$11,640,436",-66.2%,-5.5%,40,Avatar,"$4,190,947"
2010,Jan 18MLK Day,Monday,18,"$34,445,598",-26.5%,+196.8%,46,Avatar,"$11,615,834"
2010,Jan 17,Sunday,17,"$46,846,818",-21.1%,+16%,47,Avatar,"$15,137,240"
2010,Jan 16,Saturday,16,"$59,341,990",+38.8%,-4.9%,47,Avatar,"$17,254,108"
2010,Jan 15,Friday,15,"$42,747,229",+286.6%,+1.2%,47,The Book of Eli,"$11,672,970"
2010,Jan 14,Thursday,14,"$11,058,226",-0.2%,-15.4%,41,Avatar,"$4,698,802"
2010,Jan 13,Wednesday,13,"$11,076,563",-10.1%,-26.3%,41,Avatar,"$4,743,762"
2010,Jan 12,Tuesday,12,"$12,319,554",+6.2%,-26.1%,40,Avatar,"$5,066,734"
2010,Jan 11,Monday,11,"$11,604,656",-71.3%,-35.9%,40,Avatar,"$5,111,193"
2010,Jan 10,Sunday,10,"$40,398,831",-35.3%,-12.1%,45,Avatar,"$15,756,027"
2010,Jan 9,Saturday,9,"$62,425,170",+47.9%,-22.8%,44,Avatar,"$21,269,537"
2010,Jan 8,Friday,8,"$42,221,665",+223%,-45.5%,43,Avatar,"$13,280,653"
2010,Jan 7,Thursday,7,"$13,073,522",-13%,-73.6%,38,Avatar,"$6,094,445"
2010,Jan 6,Wednesday,6,"$15,020,863",-9.9%,-73.3%,39,Avatar,"$6,909,167"
2010,Jan 5,Tuesday,5,"$16,678,292",-7.8%,-70.8%,39,Avatar,"$7,327,233"
2010,Jan 4,Monday,4,"$18,093,502",-60.6%,-69%,39,Avatar,"$8,094,554"
2010,Jan 3,Sunday,3,"$45,964,712",-43.2%,-39.4%,44,Avatar,"$17,381,129"
2010,Jan 2,Saturday,2,"$80,864,532",+4.4%,-16.4%,46,Avatar,"$25,835,551"
2010,Jan 1New Year's Day,Friday,1,"$77,466,508",+56.4%,-6.2%,46,Avatar,"$25,274,008"
2011,Dec 31New Year's Eve,Saturday,365,"$42,241,242",-14.8%,+90.4%,46,Mission: Impossible - Ghost Protocol,"$8,731,970"
2011,Dec 30,Friday,364,"$49,603,855",+20.8%,+34.1%,47,Mission: Impossible - Ghost Protocol,"$10,631,148"
2011,Dec 29,Thursday,363,"$41,053,999",-1.4%,+65.4%,48,Mission: Impossible - Ghost Protocol,"$8,246,568"
2011,Dec 28,Wednesday,362,"$41,623,917",-8.7%,+51.6%,48,Mission: Impossible - Ghost Protocol,"$8,518,218"
2011,Dec 27,Tuesday,361,"$45,611,168",-26.3%,+190.5%,46,Mission: Impossible - Ghost Protocol,"$9,664,177"
2011,Dec 26,Monday,360,"$61,876,701",+13.5%,+329.4%,46,Mission: Impossible - Ghost Protocol,"$14,562,154"
2011,Dec 25Christmas Day,Sunday,359,"$54,535,936",+3.8%,+14.2%,45,Mission: Impossible - Ghost Protocol,"$13,653,650"
2011,Dec 24,Saturday,358,"$22,184,180",-40%,-47.1%,42,Mission: Impossible - Ghost Protocol,"$6,227,071"
2011,Dec 23,Friday,357,"$36,988,550",+49%,+7.2%,42,Mission: Impossible - Ghost Protocol,"$9,675,908"
2011,Dec 22,Thursday,356,"$24,826,392",-9.6%,+354.9%,43,Mission: Impossible - Ghost Protocol,"$6,421,102"
2011,Dec 21,Wednesday,355,"$27,461,218",+74.9%,+463.5%,43,Mission: Impossible - Ghost Protocol,"$8,921,045"
2011,Dec 20,Tuesday,354,"$15,701,776",+9%,+166.3%,41,Sherlock Holmes: A Game of Shadows,"$5,162,067"
2011,Dec 19,Monday,353,"$14,409,531",-51.5%,+199.1%,41,Sherlock Holmes: A Game of Shadows,"$4,926,128"
2011,Dec 18,Sunday,352,"$29,717,512",-29.1%,+82.2%,41,Sherlock Holmes: A Game of Shadows,"$10,334,634"
2011,Dec 17,Saturday,351,"$41,905,221",+21.4%,+49.8%,41,Sherlock Holmes: A Game of Shadows,"$14,694,463"
2011,Dec 16,Friday,350,"$34,511,230",+532.4%,+75.8%,41,Sherlock Holmes: A Game of Shadows,"$14,607,982"
2011,Dec 15,Thursday,349,"$5,457,042",+12%,+17.1%,46,New Year's Eve,"$1,058,002"
2011,Dec 14,Wednesday,348,"$4,873,638",-17.3%,+8.7%,45,New Year's Eve,"$1,026,098"
2011,Dec 13,Tuesday,347,"$5,896,283",+22.4%,+8.3%,45,New Year's Eve,"$1,314,197"
2011,Dec 12,Monday,346,"$4,817,642",-70.5%,+8.9%,45,New Year's Eve,"$988,277"
2011,Dec 11,Sunday,345,"$16,308,195",-41.7%,-13.9%,47,New Year's Eve,"$2,717,723"
2011,Dec 10,Saturday,344,"$27,970,230",+42.5%,-11.6%,47,New Year's Eve,"$5,274,009"
2011,Dec 9,Friday,343,"$19,633,444",+321.2%,+0.5%,47,New Year's Eve,"$5,027,448"
2011,Dec 8,Thursday,342,"$4,660,816",+3.9%,-29.1%,42,The Twilight Saga: Breaking Dawn - Part 1,"$1,125,367"
2011,Dec 7,Wednesday,341,"$4,484,033",-17.7%,-29.3%,41,The Twilight Saga: Breaking Dawn - Part 1,"$1,069,091"
2011,Dec 6,Tuesday,340,"$5,446,510",+23.1%,-31.5%,42,The Twilight Saga: Breaking Dawn - Part 1,"$1,315,111"
2011,Dec 5,Monday,339,"$4,423,469",-76.6%,-39.7%,42,The Twilight Saga: Breaking Dawn - Part 1,"$1,147,289"
2011,Dec 4,Sunday,338,"$18,939,811",-40.1%,-40%,40,The Twilight Saga: Breaking Dawn - Part 1,"$4,002,895"
2011,Dec 3,Saturday,337,"$31,629,037",+61.9%,-45.7%,39,The Twilight Saga: Breaking Dawn - Part 1,"$7,080,431"
2011,Dec 2,Friday,336,"$19,535,235",+197.3%,-66.8%,39,The Twilight Saga: Breaking Dawn - Part 1,"$5,452,139"
2011,Dec 1,Thursday,335,"$6,571,852",+3.6%,-76%,39,The Twilight Saga: Breaking Dawn - Part 1,"$2,239,118"
2011,Nov 30,Wednesday,334,"$6,340,915",-20.2%,-81%,43,The Twilight Saga: Breaking Dawn - Part 1,"$2,151,124"
2011,Nov 29,Tuesday,333,"$7,948,570",+8.4%,-61.8%,43,The Twilight Saga: Breaking Dawn - Part 1,"$2,642,924"
2011,Nov 28,Monday,332,"$7,332,534",-76.8%,-56.9%,43,The Twilight Saga: Breaking Dawn - Part 1,"$2,525,769"
2011,Nov 27,Sunday,331,"$31,549,455",-45.9%,-32.6%,40,The Twilight Saga: Breaking Dawn - Part 1,"$8,630,385"
2011,Nov 26,Saturday,330,"$58,290,497",-0.9%,-19.6%,40,The Twilight Saga: Breaking Dawn - Part 1,"$16,363,978"
2011,Nov 25,Friday,329,"$58,801,128",+114.8%,-36.6%,40,The Twilight Saga: Breaking Dawn - Part 1,"$16,689,211"
2011,Nov 24Thanksgiving,Thursday,328,"$27,368,704",-18.1%,+378.8%,43,The Twilight Saga: Breaking Dawn - Part 1,"$7,732,709"
2011,Nov 23,Wednesday,327,"$33,423,980",+60.7%,+424.8%,43,The Twilight Saga: Breaking Dawn - Part 1,"$12,437,564"
2011,Nov 22,Tuesday,326,"$20,804,632",+22.4%,+146.6%,46,The Twilight Saga: Breaking Dawn - Part 1,"$11,002,420"
2011,Nov 21,Monday,325,"$16,994,340",-63.7%,+139.2%,46,The Twilight Saga: Breaking Dawn - Part 1,"$9,853,481"
2011,Nov 20,Sunday,324,"$46,778,902",-35.5%,+68.7%,40,The Twilight Saga: Breaking Dawn - Part 1,"$26,450,532"
2011,Nov 19,Saturday,323,"$72,485,405",-21.9%,+54.6%,40,The Twilight Saga: Breaking Dawn - Part 1,"$40,029,203"
2011,Nov 18,Friday,322,"$92,787,171","+1,523.1%",+87.4%,41,The Twilight Saga: Breaking Dawn - Part 1,"$71,642,526"
2011,Nov 17,Thursday,321,"$5,716,613",-10.2%,-29.4%,50,Immortals,"$1,586,052"
2011,Nov 16,Wednesday,320,"$6,368,381",-24.5%,+13.9%,51,Immortals,"$1,865,629"
2011,Nov 15,Tuesday,319,"$8,438,057",+18.8%,+2%,53,Immortals,"$2,630,131"
2011,Nov 14,Monday,318,"$7,104,479",-74.4%,+13.3%,53,Immortals,"$2,439,693"
2011,Nov 13,Sunday,317,"$27,731,949",-40.9%,+9.2%,47,Immortals,"$7,236,897"
2011,Nov 12,Saturday,316,"$46,889,384",-5.3%,+6.9%,47,Immortals,"$10,128,045"
2011,Nov 11,Friday,315,"$49,504,799",+511.7%,+58.4%,47,Immortals,"$14,841,483"
2011,Nov 10,Thursday,314,"$8,093,146",+44.7%,+27%,54,Puss in Boots,"$2,377,573"
2011,Nov 9,Wednesday,313,"$5,593,381",-32.4%,-8.8%,54,Tower Heist,"$1,380,470"
2011,Nov 8,Tuesday,312,"$8,272,202",+31.9%,+5.6%,52,Puss in Boots,"$2,436,887"
2011,Nov 7,Monday,311,"$6,272,904",-75.3%,-24%,53,Puss in Boots,"$1,636,620"
2011,Nov 6,Sunday,310,"$25,384,247",-42.1%,+12.8%,49,Puss in Boots,"$10,155,869"
2011,Nov 5,Saturday,309,"$43,857,868",+40.3%,+33.2%,50,Puss in Boots,"$15,086,419"
2011,Nov 4,Friday,308,"$31,259,766",+390.5%,+27.9%,48,Tower Heist,"$8,062,980"
2011,Nov 3,Thursday,307,"$6,372,987",+4%,+5.6%,57,Puss in Boots,"$1,967,743"
2011,Nov 2,Wednesday,306,"$6,130,421",-21.7%,+8.3%,57,Puss in Boots,"$1,881,337"
2011,Nov 1,Tuesday,305,"$7,830,971",-5.1%,+8.2%,58,Puss in Boots,"$2,434,297"
2011,Oct 31Halloween,Monday,304,"$8,255,109",-63.3%,+30.3%,57,Paranormal Activity 3,"$2,531,585"
2011,Oct 30,Sunday,303,"$22,506,596",-31.6%,+2.6%,55,Puss in Boots,"$10,703,314"
2011,Oct 29,Saturday,302,"$32,920,705",+34.7%,-18.1%,55,Puss in Boots,"$13,804,995"
2011,Oct 28,Friday,301,"$24,446,052",+304.9%,-43.3%,55,Puss in Boots,"$9,569,130"
2011,Oct 27,Thursday,300,"$6,036,996",+6.6%,+11.2%,53,Paranormal Activity 3,"$2,315,212"
2011,Oct 26,Wednesday,299,"$5,662,666",-21.7%,+8.7%,40,Paranormal Activity 3,"$2,140,394"
2011,Oct 25,Tuesday,298,"$7,235,981",+14.2%,+16.6%,42,Paranormal Activity 3,"$2,868,765"
2011,Oct 24,Monday,297,"$6,337,253",-71.1%,+22.2%,43,Paranormal Activity 3,"$2,882,100"
2011,Oct 23,Sunday,296,"$21,932,650",-45.4%,+20.7%,50,Paranormal Activity 3,"$9,058,938"
2011,Oct 22,Saturday,295,"$40,199,338",-6.7%,+27.9%,49,Paranormal Activity 3,"$17,203,500"
2011,Oct 21,Friday,294,"$43,085,170",+693.7%,+86%,49,Paranormal Activity 3,"$26,305,745"
2011,Oct 20,Thursday,293,"$5,428,388",+4.2%,-7%,46,FootlooseOriginal Release,"$1,143,664"
2011,Oct 19,Wednesday,292,"$5,208,274",-16.1%,-3.7%,46,FootlooseOriginal Release,"$1,033,148"
2011,Oct 18,Tuesday,291,"$6,204,294",+19.7%,-5%,46,FootlooseOriginal Release,"$1,268,060"
2011,Oct 17,Monday,290,"$5,184,534",-71.5%,-52.7%,47,Real Steel,"$1,052,984"
2011,Oct 16,Sunday,289,"$18,178,328",-42.2%,-20.8%,50,Real Steel,"$4,432,777"
2011,Oct 15,Saturday,288,"$31,436,088",+35.7%,-4.3%,51,Real Steel,"$7,340,245"
2011,Oct 14,Friday,287,"$23,164,061",+296.8%,-4.4%,50,FootlooseOriginal Release,"$5,432,058"
2011,Oct 13,Thursday,286,"$5,838,103",+8%,+9.1%,47,Real Steel,"$1,469,886"
2011,Oct 12,Wednesday,285,"$5,408,050",-17.2%,+1.8%,47,Real Steel,"$1,405,914"
2011,Oct 11,Tuesday,284,"$6,531,556",-40.5%,-1%,47,Real Steel,"$1,835,896"
2011,Oct 10Indig. Peoples' Day,Monday,283,"$10,969,589",-52.2%,+104.3%,48,Real Steel,"$3,408,428"
2011,Oct 9,Sunday,282,"$22,966,066",-30.1%,+9.4%,53,Real Steel,"$7,970,377"
2011,Oct 8,Saturday,281,"$32,846,323",+35.5%,-8.9%,53,Real Steel,"$10,815,610"
2011,Oct 7,Friday,280,"$24,234,587",+353%,-7.7%,53,Real Steel,"$8,533,690"
2011,Oct 6,Thursday,279,"$5,349,560",+0.7%,-42.7%,49,Moneyball,"$885,586"
2011,Oct 5,Wednesday,278,"$5,312,604",-19.4%,-27.6%,48,Moneyball,"$953,698"
2011,Oct 4,Tuesday,277,"$6,594,528",+22.8%,-22.7%,48,Moneyball,"$1,061,172"
2011,Oct 3,Monday,276,"$5,368,127",-74.4%,-21.6%,48,Moneyball,"$852,592"
2011,Oct 2,Sunday,275,"$20,990,442",-41.8%,-21.3%,53,Dolphin Tale,"$3,903,006"
2011,Oct 1,Saturday,274,"$36,061,088",+37.4%,-19%,53,Dolphin Tale,"$6,522,453"
2011,Sep 30,Friday,273,"$26,248,130",+181.3%,-18.8%,53,Moneyball,"$3,829,418"
2011,Sep 29,Thursday,272,"$9,332,528",+27.1%,+43.1%,48,The Lion King2011 3D Release,"$2,208,347"
2011,Sep 28,Wednesday,271,"$7,341,687",-13.9%,+13.9%,49,The Lion King2011 3D Release,"$1,688,400"
2011,Sep 27,Tuesday,270,"$8,531,272",+24.6%,+4.3%,49,Moneyball,"$1,813,901"
2011,Sep 26,Monday,269,"$6,847,237",-74.3%,+4.2%,50,The Lion King2011 3D Release,"$1,478,639"
2011,Sep 25,Sunday,268,"$26,688,282",-40%,+18.9%,55,The Lion King2011 3D Release,"$6,614,597"
2011,Sep 24,Saturday,267,"$44,493,113",+37.7%,+30.4%,56,The Lion King2011 3D Release,"$9,239,018"
2011,Sep 23,Friday,266,"$32,317,549",+395.6%,+22.8%,56,Moneyball,"$6,728,195"
2011,Sep 22,Thursday,265,"$6,520,277",+1.1%,+28.7%,49,The Lion King2011 3D Release,"$2,249,502"
2011,Sep 21,Wednesday,264,"$6,447,975",-21.1%,+34%,52,The Lion King2011 3D Release,"$2,214,226"
2011,Sep 20,Tuesday,263,"$8,175,639",+24.4%,+33.9%,52,The Lion King2011 3D Release,"$2,616,404"
2011,Sep 19,Monday,262,"$6,573,845",-70.7%,+44.3%,50,The Lion King2011 3D Release,"$2,314,324"
2011,Sep 18,Sunday,261,"$22,440,185",-34.2%,+53.3%,56,The Lion King2011 3D Release,"$9,298,131"
2011,Sep 17,Saturday,260,"$34,120,160",+29.7%,+28%,56,The Lion King2011 3D Release,"$11,933,562"
2011,Sep 16,Friday,259,"$26,310,541",+419.3%,+34.4%,55,The Lion King2011 3D Release,"$8,919,921"
2011,Sep 15,Thursday,258,"$5,066,375",+5.3%,+12.6%,52,Contagion,"$1,788,450"
2011,Sep 14,Wednesday,257,"$4,810,719",-21.2%,-3.9%,53,Contagion,"$1,672,418"
2011,Sep 13,Tuesday,256,"$6,106,288",+34.1%,-3.7%,54,Contagion,"$2,192,305"
2011,Sep 12,Monday,255,"$4,555,210",-68.9%,-80.1%,54,Contagion,"$1,655,322"
2011,Sep 11,Sunday,254,"$14,633,663",-45.1%,-47.6%,61,Contagion,"$4,997,546"
2011,Sep 10,Saturday,253,"$26,661,717",+36.1%,-4.9%,60,Contagion,"$9,421,486"
2011,Sep 9,Friday,252,"$19,582,774",+335.1%,-5%,60,Contagion,"$7,984,564"
2011,Sep 8,Thursday,251,"$4,500,800",-10.1%,-37%,58,The Help,"$1,304,080"
2011,Sep 7,Wednesday,250,"$5,007,725",-21.1%,-33.1%,59,The Help,"$1,341,384"
2011,Sep 6,Tuesday,249,"$6,343,311",-72.2%,-30.8%,58,The Help,"$1,484,070"
2011,Sep 5Labor Day,Monday,248,"$22,853,275",-18.1%,+194.5%,62,The Help,"$5,286,948"
2011,Sep 4,Sunday,247,"$27,904,739",-0.5%,+42.1%,62,The Help,"$5,599,088"
2011,Sep 3,Saturday,246,"$28,034,332",+36%,+2.5%,62,The Help,"$5,364,078"
2011,Sep 2,Friday,245,"$20,614,991",+188.4%,-8.6%,62,The Help,"$3,631,457"
2011,Sep 1,Thursday,244,"$7,147,957",-4.6%,-25.8%,53,The Help,"$1,784,699"
2011,Aug 31,Wednesday,243,"$7,490,083",-18.3%,-21.5%,53,The Help,"$1,802,985"
2011,Aug 30,Tuesday,242,"$9,171,756",+18.2%,-27.2%,51,The Help,"$2,162,591"
2011,Aug 29,Monday,241,"$7,759,877",-60.5%,-28.4%,51,The Help,"$1,806,855"
2011,Aug 28,Sunday,240,"$19,631,016",-28.2%,-30.6%,55,The Help,"$4,251,768"
2011,Aug 27,Saturday,239,"$27,346,986",+21.3%,-28.8%,55,The Help,"$5,882,006"
2011,Aug 26,Friday,238,"$22,552,720",+134.1%,-26.8%,55,The Help,"$4,402,344"
2011,Aug 25,Thursday,237,"$9,634,765",+0.9%,-32.4%,51,The Help,"$2,640,369"
2011,Aug 24,Wednesday,236,"$9,546,048",-24.2%,-34.8%,51,The Help,"$2,636,642"
2011,Aug 23,Tuesday,235,"$12,590,600",+16.2%,-36.2%,51,The Help,"$3,073,232"
2011,Aug 22,Monday,234,"$10,838,035",-61.7%,-41.1%,51,The Help,"$2,606,233"
2011,Aug 21,Sunday,233,"$28,266,506",-26.4%,-32.2%,53,The Help,"$6,080,641"
2011,Aug 20,Saturday,232,"$38,417,969",+24.6%,-24.7%,53,The Help,"$8,099,476"
2011,Aug 19,Friday,231,"$30,829,299",+116.4%,-27.9%,53,The Help,"$5,838,542"
2011,Aug 18,Thursday,230,"$14,244,155",-2.7%,-24.3%,53,The Help,"$3,569,477"
2011,Aug 17,Wednesday,229,"$14,634,053",-25.9%,-33.6%,52,The Help,"$3,564,041"
2011,Aug 16,Tuesday,228,"$19,737,524",+7.2%,-11.9%,52,The Help,"$4,378,810"
2011,Aug 15,Monday,227,"$18,411,675",-55.8%,-7.2%,52,The Help,"$3,891,426"
2011,Aug 14,Sunday,226,"$41,662,576",-18.4%,-10.8%,54,Rise of the Planet of the Apes,"$8,796,455"
2011,Aug 13,Saturday,225,"$51,029,567",+19.3%,-12.6%,54,Rise of the Planet of the Apes,"$10,927,862"
2011,Aug 12,Friday,224,"$42,788,203",+127.5%,-13.6%,54,Rise of the Planet of the Apes,"$8,107,990"
2011,Aug 11,Thursday,223,"$18,808,699",-14.6%,<0.1%,54,The Help,"$4,333,909"
2011,Aug 10,Wednesday,222,"$22,034,845",-1.6%,+3.7%,53,The Help,"$5,539,917"
2011,Aug 9,Tuesday,221,"$22,394,219",+12.9%,-9.2%,52,Rise of the Planet of the Apes,"$6,673,092"
2011,Aug 8,Monday,220,"$19,841,290",-57.5%,-14%,53,Rise of the Planet of the Apes,"$6,652,998"
2011,Aug 7,Sunday,219,"$46,697,419",-20%,-4%,52,Rise of the Planet of the Apes,"$15,966,318"
2011,Aug 6,Saturday,218,"$58,375,045",+17.8%,-6.8%,52,Rise of the Planet of the Apes,"$19,305,174"
2011,Aug 5,Friday,217,"$49,538,091",+163.5%,-12.5%,52,Rise of the Planet of the Apes,"$19,534,699"
2011,Aug 4,Thursday,216,"$18,800,310",-11.5%,<0.1%,51,The Smurfs,"$4,092,559"
2011,Aug 3,Wednesday,215,"$21,254,234",-13.8%,+8.1%,52,The Smurfs,"$4,828,115"
2011,Aug 2,Tuesday,214,"$24,665,521",+6.9%,-0.6%,52,The Smurfs,"$5,664,831"
2011,Aug 1,Monday,213,"$23,071,721",-52.6%,-2.3%,52,The Smurfs,"$5,004,689"
2011,Jul 31,Sunday,212,"$48,634,424",-22.3%,-4.7%,54,Cowboys & Aliens,"$10,162,555"
2011,Jul 30,Saturday,211,"$62,607,554",+10.5%,-5.2%,54,Cowboys & Aliens,"$13,181,250"
2011,Jul 29,Friday,210,"$56,639,051",+201.1%,-8.5%,54,The Smurfs,"$13,260,814"
2011,Jul 28,Thursday,209,"$18,813,676",-4.3%,-17.5%,48,Captain America: The First Avenger,"$5,424,170"
2011,Jul 27,Wednesday,208,"$19,662,293",-20.7%,-15.5%,48,Captain America: The First Avenger,"$5,801,265"
2011,Jul 26,Tuesday,207,"$24,808,000",+5%,-12.2%,48,Captain America: The First Avenger,"$7,831,121"
2011,Jul 25,Monday,206,"$23,617,150",-53.7%,-19.6%,47,Captain America: The First Avenger,"$7,752,188"
2011,Jul 24,Sunday,205,"$51,049,303",-22.7%,-13%,48,Captain America: The First Avenger,"$17,414,942"
2011,Jul 23,Saturday,204,"$66,053,849",+6.8%,-11.1%,49,Captain America: The First Avenger,"$21,943,393"
2011,Jul 22,Friday,203,"$61,871,671",+171.2%,-46.5%,48,Captain America: The First Avenger,"$25,700,189"
2011,Jul 21,Thursday,202,"$22,811,461",-1.9%,+61%,48,Harry Potter and the Deathly Hallows: Part 2,"$11,229,178"
2011,Jul 20,Wednesday,201,"$23,259,486",-17.7%,+43.6%,48,Harry Potter and the Deathly Hallows: Part 2,"$12,267,217"
2011,Jul 19,Tuesday,200,"$28,254,690",-3.8%,+38.5%,49,Harry Potter and the Deathly Hallows: Part 2,"$15,388,166"
2011,Jul 18,Monday,199,"$29,378,747",-49.9%,+62.5%,49,Harry Potter and the Deathly Hallows: Part 2,"$18,043,081"
2011,Jul 17,Sunday,198,"$58,685,120",-21%,+49.1%,51,Harry Potter and the Deathly Hallows: Part 2,"$35,703,962"
2011,Jul 16,Saturday,197,"$74,261,459",-35.8%,"+243,101.1%",51,Harry Potter and the Deathly Hallows: Part 2,"$42,414,346"
2011,Jul 15,Friday,196,"$115,612,108",+716.2%,+145.6%,50,Harry Potter and the Deathly Hallows: Part 2,"$91,071,119"
2011,Jul 14,Thursday,195,"$14,164,609",-12.5%,-35.9%,47,Transformers: Dark of the Moon,"$3,916,728"
2011,Jul 13,Wednesday,194,"$16,192,875",-20.6%,-29.3%,47,Transformers: Dark of the Moon,"$4,624,283"
2011,Jul 12,Tuesday,193,"$20,398,904",+12.8%,-23.9%,47,Transformers: Dark of the Moon,"$6,065,103"
2011,Jul 11,Monday,192,"$18,079,631",-54.1%,-49.7%,47,Transformers: Dark of the Moon,"$5,865,438"
2011,Jul 10,Sunday,191,"$39,352,958","+128,778.2%",-34.3%,48,Transformers: Dark of the Moon,"$13,933,697"
2011,Jul 9,Saturday,190,"$54,043,039",+14.8%,-18.1%,48,Transformers: Dark of the Moon,"$18,326,865"
2011,Jul 8,Friday,189,"$47,078,362",+113.1%,-22.3%,48,Transformers: Dark of the Moon,"$14,842,714"
2011,Jul 7,Thursday,188,"$22,088,706",-3.6%,-38.2%,48,Transformers: Dark of the Moon,"$9,554,137"
2011,Jul 6,Wednesday,187,"$22,914,105",-14.6%,-56%,48,Transformers: Dark of the Moon,"$10,332,429"
2011,Jul 5,Tuesday,186,"$26,823,007",-25.4%,+7.4%,48,Transformers: Dark of the Moon,"$13,437,461"
2011,Jul 4Independence Day,Monday,185,"$35,933,803",-40%,+85.5%,49,Transformers: Dark of the Moon,"$18,033,185"
2011,Jul 3,Sunday,184,"$59,911,795",-9.2%,+36.9%,49,Transformers: Dark of the Moon,"$30,376,098"
2011,Jul 2,Saturday,183,"$65,957,561",+8.9%,+8.4%,49,Transformers: Dark of the Moon,"$34,487,884"
2011,Jul 1,Friday,182,"$60,555,408",+69.5%,+0.7%,49,Transformers: Dark of the Moon,"$32,988,883"
2011,Jun 30,Thursday,181,"$35,733,902",-31.3%,+113.7%,49,Transformers: Dark of the Moon,"$21,540,018"
2011,Jun 29,Wednesday,180,"$52,049,013",+108.3%,+221.3%,49,Transformers: Dark of the Moon,"$37,725,329"
2011,Jun 28,Tuesday,179,"$24,983,922",+28.9%,+37.6%,50,Cars 2,"$7,089,413"
2011,Jun 27,Monday,178,"$19,375,521",-55.7%,+15.6%,49,Cars 2,"$6,958,490"
2011,Jun 26,Sunday,177,"$43,771,068",-28.1%,-1.3%,52,Cars 2,"$17,043,509"
2011,Jun 25,Saturday,176,"$60,847,875",+1.2%,+18.6%,52,Cars 2,"$23,374,213"
2011,Jun 24,Friday,175,"$60,141,899",+259.6%,+22.2%,52,Cars 2,"$25,717,785"
2011,Jun 23,Thursday,174,"$16,722,862",+3.2%,+17%,43,Green Lantern,"$3,761,486"
2011,Jun 22,Wednesday,173,"$16,201,301",-10.8%,+18.1%,42,Green Lantern,"$3,922,060"
2011,Jun 21,Tuesday,172,"$18,155,234",+8.3%,+7.1%,43,Green Lantern,"$4,989,129"
2011,Jun 20,Monday,171,"$16,761,522",-62.2%,+14.5%,42,Green Lantern,"$5,114,443"
2011,Jun 19,Sunday,170,"$44,332,184",-13.6%,+24.9%,46,Green Lantern,"$15,106,779"
2011,Jun 18,Saturday,169,"$51,299,000",+4.2%,-5.3%,46,Green Lantern,"$16,681,001"
2011,Jun 17,Friday,168,"$49,225,277",+244.5%,+19.5%,46,Green Lantern,"$21,386,523"
2011,Jun 16,Thursday,167,"$14,290,659",+4.2%,-8.6%,42,Super 8,"$3,478,245"
2011,Jun 15,Wednesday,166,"$13,713,164",-19.1%,-5.1%,43,Super 8,"$3,370,194"
2011,Jun 14,Tuesday,165,"$16,945,004",+15.7%,+3.9%,44,Super 8,"$4,263,115"
2011,Jun 13,Monday,164,"$14,640,205",-58.8%,-7.2%,43,Super 8,"$3,968,067"
2011,Jun 12,Sunday,163,"$35,500,459",-34.5%,-13.7%,45,Super 8,"$9,357,504"
2011,Jun 11,Saturday,162,"$54,196,947",+31.6%,-10.4%,45,Super 8,"$13,950,854"
2011,Jun 10,Friday,161,"$41,175,701",+163.4%,-18.7%,45,Super 8,"$12,142,810"
2011,Jun 9,Thursday,160,"$15,632,622",+8.1%,+2%,48,X-Men: First Class,"$4,027,245"
2011,Jun 8,Wednesday,159,"$14,456,397",-11.3%,-8.7%,46,X-Men: First Class,"$4,238,061"
2011,Jun 7,Tuesday,158,"$16,305,571",+3.4%,-11%,45,X-Men: First Class,"$5,075,246"
2011,Jun 6,Monday,157,"$15,768,055",-61.7%,-69.3%,46,X-Men: First Class,"$5,452,193"
2011,Jun 5,Sunday,156,"$41,145,598",-32%,-41.3%,47,X-Men: First Class,"$13,989,658"
2011,Jun 4,Saturday,155,"$60,481,577",+19.4%,-22.9%,47,X-Men: First Class,"$19,713,168"
2011,Jun 3,Friday,154,"$50,639,335",+230.4%,-22.1%,47,X-Men: First Class,"$21,398,778"
2011,Jun 2,Thursday,153,"$15,326,034",-3.2%,-67%,43,The Hangover Part II,"$5,511,451"
2011,Jun 1,Wednesday,152,"$15,828,603",-13.6%,+55.2%,44,The Hangover Part II,"$6,293,188"
2011,May 31,Tuesday,151,"$18,316,372",-64.3%,+47.8%,44,The Hangover Part II,"$7,585,079"
2011,May 30Memorial Day,Monday,150,"$51,344,622",-26.7%,+225.4%,52,The Hangover Part II,"$17,480,581"
2011,May 29,Sunday,149,"$70,053,579",-10.7%,+63.3%,45,The Hangover Part II,"$26,274,106"
2011,May 28,Saturday,148,"$78,408,083",+20.6%,+31.8%,45,The Hangover Part II,"$29,690,008"
2011,May 27,Friday,147,"$64,988,960",+40%,+19.2%,45,The Hangover Part II,"$29,982,180"
2011,May 26,Thursday,146,"$46,428,741",+355.2%,+409.2%,49,The Hangover Part II,"$31,610,367"
2011,May 25,Wednesday,145,"$10,200,528",-17.7%,+7.7%,45,Pirates of the Caribbean: On Stranger Tides,"$4,705,903"
2011,May 24,Tuesday,144,"$12,395,600",-21.4%,+2.8%,45,Pirates of the Caribbean: On Stranger Tides,"$6,052,664"
2011,May 23,Monday,143,"$15,780,087",-63.2%,+45.9%,46,Pirates of the Caribbean: On Stranger Tides,"$8,143,152"
2011,May 22,Sunday,142,"$42,894,518",-27.9%,+18.7%,46,Pirates of the Caribbean: On Stranger Tides,"$23,369,935"
2011,May 21,Saturday,141,"$59,478,517",+9.1%,+10.2%,46,Pirates of the Caribbean: On Stranger Tides,"$31,921,474"
2011,May 20,Friday,140,"$54,511,117",+497.8%,+48.5%,46,Pirates of the Caribbean: On Stranger Tides,"$34,860,549"
2011,May 19,Thursday,139,"$9,118,137",-3.7%,-5.1%,52,Bridesmaids,"$2,859,640"
2011,May 18,Wednesday,138,"$9,468,119",-21.5%,-3%,50,Bridesmaids,"$2,947,180"
2011,May 17,Tuesday,137,"$12,062,199",+11.5%,-0.9%,51,Bridesmaids,"$3,414,060"
2011,May 16,Monday,136,"$10,818,311",-70.1%,-7.3%,52,Bridesmaids,"$2,990,950"
2011,May 15,Sunday,135,"$36,131,420",-33.1%,-19.6%,54,Thor,"$10,390,390"
2011,May 14,Saturday,134,"$53,973,338",+47.1%,-3.9%,54,Thor,"$15,171,878"
2011,May 13,Friday,133,"$36,701,006",+282.1%,-28.8%,55,Thor,"$9,140,767"
2011,May 12,Thursday,132,"$9,604,921",-1.6%,+34.2%,52,Thor,"$4,026,482"
2011,May 11,Wednesday,131,"$9,759,459",-19.8%,+24.3%,52,Thor,"$4,189,021"
2011,May 10,Tuesday,130,"$12,174,638",+4.3%,+21.7%,52,Thor,"$5,410,419"
2011,May 9,Monday,129,"$11,672,609",-74%,+24.6%,53,Thor,"$5,403,057"
2011,May 8,Sunday,128,"$44,937,843",-20%,+24.6%,56,Thor,"$16,900,279"
2011,May 7,Saturday,127,"$56,184,204",+8.9%,+4.7%,55,Thor,"$23,341,263"
2011,May 6,Friday,126,"$51,575,904",+620.5%,+1.5%,55,Thor,"$25,481,796"
2011,May 5,Thursday,125,"$7,158,096",-8.8%,+2.5%,49,Fast Five,"$4,117,720"
2011,May 4,Wednesday,124,"$7,849,291",-21.5%,+12.2%,49,Fast Five,"$4,627,880"
2011,May 3,Tuesday,123,"$10,004,073",+6.8%,+15.8%,49,Fast Five,"$6,158,360"
2011,May 2,Monday,122,"$9,366,762",-74%,-24.1%,49,Fast Five,"$6,231,240"
2011,May 1,Sunday,121,"$36,077,288",-32.8%,+46.9%,51,Fast Five,"$21,863,945"
2011,Apr 30,Saturday,120,"$53,680,220",+5.6%,+25.3%,51,Fast Five,"$29,935,460"
2011,Apr 29,Friday,119,"$50,824,502",+627.7%,+8%,51,Fast Five,"$34,399,360"
2011,Apr 28,Thursday,118,"$6,984,459",-0.1%,-45.8%,47,Rio,"$1,620,051"
2011,Apr 27,Wednesday,117,"$6,992,713",-19.1%,-33.7%,47,Rio,"$1,550,275"
2011,Apr 26,Tuesday,116,"$8,640,312",-30%,-28.4%,47,Rio,"$1,906,314"
2011,Apr 25,Monday,115,"$12,335,649",-49.8%,+27.9%,47,Rio,"$3,343,813"
2011,Apr 24Easter Sunday,Sunday,114,"$24,551,515",-42.7%,-14.8%,51,Rio,"$5,756,975"
2011,Apr 23,Saturday,113,"$42,857,263",-9%,-10.6%,51,Rio,"$9,881,250"
2011,Apr 22,Friday,112,"$47,077,564",+265.1%,+39.3%,51,Rio,"$10,685,096"
2011,Apr 21,Thursday,111,"$12,894,327",+22.2%,+135.7%,48,Rio,"$4,172,115"
2011,Apr 20,Wednesday,110,"$10,553,070",-12.5%,+91.1%,49,Rio,"$3,635,751"
2011,Apr 19,Tuesday,109,"$12,062,355",+25.1%,+71.6%,48,Rio,"$4,178,630"
2011,Apr 18,Monday,108,"$9,642,795",-66.6%,+61%,49,Rio,"$3,270,783"
2011,Apr 17,Sunday,107,"$28,832,149",-39.9%,+18.9%,50,Rio,"$11,413,055"
2011,Apr 16,Saturday,106,"$47,963,853",+41.9%,+13.8%,50,Rio,"$17,467,665"
2011,Apr 15,Friday,105,"$33,802,301",+517.8%,+5.7%,50,Rio,"$10,345,242"
2011,Apr 14,Thursday,104,"$5,471,737",-0.9%,-26.2%,47,Hop,"$831,880"
2011,Apr 13,Wednesday,103,"$5,520,916",-21.4%,-24.3%,46,Hop,"$903,335"
2011,Apr 12,Tuesday,102,"$7,027,620",+17.3%,-26.3%,46,Hanna,"$1,074,927"
2011,Apr 11,Monday,101,"$5,988,979",-75.3%,"+29,944,795%",47,Hanna,"$968,461"
2011,Apr 10,Sunday,100,"$24,248,922",-42.5%,"+63,812,852.6%",49,Hop,"$6,111,040"
2011,Apr 9,Saturday,99,"$42,160,082",+31.8%,"+28,876,668.5%",48,Hop,"$9,654,720"
2011,Apr 8,Friday,98,"$31,980,393",+331.4%,"+7,284,727.6%",48,Hop,"$5,532,480"
2011,Apr 7,Thursday,97,"$7,412,348",+1.6%,"+1,085,163.3%",51,Hop,"$2,004,240"
2011,Apr 6,Wednesday,96,"$7,292,710",-23.6%,"+3,798,186.5%",50,Hop,"$2,005,125"
2011,Apr 5,Tuesday,95,"$9,540,802","+47,703,910%","+2,806,018.2%",50,Hop,"$2,630,565"
2011,Apr 4,Monday,94,"$7,758,695","+20,417,518.4%","+7,053,259.1%",49,Hop,"$2,272,665"
2011,Apr 3,Sunday,93,"$29,086,568","+19,922,206.8%","+25,514,433.3%",52,Hop,"$10,540,155"
2011,Apr 2,Saturday,92,"$46,254,847","+10,536,311.6%","+27,532,547%",52,Hop,"$15,479,175"
2011,Apr 1,Friday,91,"$34,771,591","+5,090,908.9%","+20,697,275.6%",52,Hop,"$11,524,380"
2011,Mar 31,Thursday,90,"$7,018,670","+3,655,457.3%","+1,084,702.2%",48,Limitless,"$1,225,538"
2011,Mar 30,Wednesday,89,"$6,731,351","+1,979,709.1%","+1,956,688.1%",48,Limitless,"$1,157,181"
2011,Mar 29,Tuesday,88,"$8,097,595","+7,361,350%","+19,279,888.1%",48,Limitless,"$1,432,070"
2011,Mar 28,Monday,87,"$7,839,519","+6,876,671.1%","+1,063,606.8%",48,Sucker Punch,"$1,404,034"
2011,Mar 27,Sunday,86,"$27,563,488","+16,406,738.1%","+5,260,107.6%",52,Diary of a Wimpy Kid: Rodrick Rules,"$6,344,766"
2011,Mar 26,Saturday,85,"$44,195,950","+26,307,013.1%","+7,233,279.7%",52,Diary of a Wimpy Kid: Rodrick Rules,"$10,122,462"
2011,Mar 25,Friday,84,"$33,110,065","+5,117,375.3%","+9,353,025.7%",52,Sucker Punch,"$8,031,460"
2011,Mar 24,Thursday,83,"$7,588,758","+2,205,934.3%","+337,028.3%",49,Limitless,"$1,610,222"
2011,Mar 23,Wednesday,82,"$7,396,528","+17,610,681%","+390,424.2%",50,Limitless,"$1,601,183"
2011,Mar 22,Tuesday,81,"$9,019,960","+1,223,775.2%","+665,088.8%",49,Limitless,"$2,035,158"
2011,Mar 21,Monday,80,"$8,423,949","+1,607,523.9%","+1,178,074.7%",49,Limitless,"$1,902,117"
2011,Mar 20,Sunday,79,"$26,066,461","+4,266,096.6%","+2,854,934.1%",52,Limitless,"$4,883,163"
2011,Mar 19,Saturday,78,"$41,203,607","+11,639,337%","+6,233,426%",52,Limitless,"$7,392,507"
2011,Mar 18,Friday,77,"$31,580,918","+1,402,872.8%","+5,530,708.8%",52,Limitless,"$6,631,632"
2011,Mar 17,Thursday,76,"$8,831,922","+466,210.6%","+178,937.5%",47,Rango,"$2,048,031"
2011,Mar 16,Wednesday,75,"$9,912,369","+730,900.7%","+203,816.3%",47,Battle Los Angeles,"$2,359,421"
2011,Mar 15,Tuesday,74,"$11,870,540","+1,660,115.4%","+527,245.2%",49,Battle Los Angeles,"$3,001,655"
2011,Mar 14,Monday,73,"$10,557,180","+1,156,217.6%","+713,705.3%",48,Battle Los Angeles,"$3,044,610"
2011,Mar 13,Sunday,72,"$29,679,755","+4,490,029.3%","+1,423,389.4%",49,Battle Los Angeles,"$8,804,353"
2011,Mar 12,Saturday,71,"$47,123,666","+8,252,731.2%","+2,034,600.6%",49,Battle Los Angeles,"$13,369,524"
2011,Mar 11,Friday,70,"$35,267,417","+714,828.4%","+1,385,653.1%",49,Battle Los Angeles,"$13,399,310"
2011,Mar 10,Thursday,69,"$6,878,735","+141,408.6%","+93,475.5%",47,Rango,"$1,765,745"
2011,Mar 9,Wednesday,68,"$6,304,626","+279,981.1%","+57,173.1%",47,Rango,"$1,626,655"
2011,Mar 8,Tuesday,67,"$7,888,985","+533,299.9%","+146,480.9%",47,Rango,"$2,021,345"
2011,Mar 7,Monday,66,"$7,389,931","+354,333.1%","+79,524.3%",47,Rango,"$2,110,186"
2011,Mar 6,Sunday,65,"$31,752,887","+1,370,922.8%","+426,456.8%",49,Rango,"$11,868,857"
2011,Mar 5,Saturday,64,"$50,211,556","+1,972,849.2%","+570,356.2%",49,Rango,"$16,602,375"
2011,Mar 4,Friday,63,"$32,444,149","+441,256.9%","+414,362.8%",48,Rango,"$9,608,091"
2011,Mar 3,Thursday,62,"$5,841,511","+52,966.1%","+27,898%",46,Hall Pass,"$1,044,094"
2011,Mar 2,Wednesday,61,"$5,681,391","+105,462.8%","+23,532.1%",46,Hall Pass,"$1,048,297"
2011,Mar 1,Tuesday,60,"$7,154,371","+76,986.2%","+45,367.9%",46,Hall Pass,"$1,255,658"
2011,Feb 28,Monday,59,"$5,940,298","+79,699.8%",-76.3%,46,Hall Pass,"$1,102,332"
2011,Feb 27,Sunday,58,"$23,207,690","+263,563.8%",-38.7%,48,Gnomeo & Juliet,"$3,880,339"
2011,Feb 26,Saturday,57,"$42,558,300","+543,567.6%",-18.5%,48,Gnomeo & Juliet,"$6,363,197"
2011,Feb 25,Friday,56,"$26,887,158","+128,768.7%",-24.5%,48,Hall Pass,"$4,633,070"
2011,Feb 24,Thursday,55,"$8,261,198","+34,263%",+21.4%,46,Unknown,"$1,503,497"
2011,Feb 23,Wednesday,54,"$8,056,856","+51,103.4%",+27.8%,46,Unknown,"$1,481,389"
2011,Feb 22,Tuesday,53,"$10,495,374",-58.1%,+32.5%,45,Unknown,"$1,967,267"
2011,Feb 21Presidents' Day,Monday,52,"$25,034,827",-33.9%,+38.6%,44,Gnomeo & Juliet,"$6,261,707"
2011,Feb 20,Sunday,51,"$37,877,126",-27.5%,+15.3%,44,Gnomeo & Juliet,"$6,557,897"
2011,Feb 19,Saturday,50,"$52,221,938",+46.6%,-5.6%,44,Unknown,"$8,868,804"
2011,Feb 18,Friday,49,"$35,612,980",+423.1%,-11.4%,44,Unknown,"$6,739,166"
2011,Feb 17,Thursday,48,"$6,807,624",+8%,+31.5%,43,Just Go with It,"$1,884,157"
2011,Feb 16,Wednesday,47,"$6,303,762",-20.4%,+18.8%,43,Just Go with It,"$1,776,502"
2011,Feb 15,Tuesday,46,"$7,918,388",-56.1%,+32.6%,43,Just Go with It,"$2,343,296"
2011,Feb 14,Monday,45,"$18,056,596",-45%,+246.8%,43,Just Go with It,"$6,037,277"
2011,Feb 13,Sunday,44,"$32,858,856",-40.6%,+217.1%,46,Just Go with It,"$7,761,154"
2011,Feb 12,Saturday,43,"$55,302,223",+37.6%,+64%,46,Just Go with It,"$13,293,884"
2011,Feb 11,Friday,42,"$40,197,144",+676.6%,+64.8%,46,Justin Bieber: Never Say Never,"$12,364,386"
2011,Feb 10,Thursday,41,"$5,176,170",-2.4%,-14%,42,The King's Speech,"$805,562"
2011,Feb 9,Wednesday,40,"$5,304,583",-11.1%,-9.8%,44,Justin Bieber: Never Say Never,"$742,547"
2011,Feb 8,Tuesday,39,"$5,970,173",+14.7%,-3%,42,Sanctum,"$849,800"
2011,Feb 7,Monday,38,"$5,206,362",-49.8%,-13.4%,42,Sanctum,"$808,230"
2011,Feb 6,Sunday,37,"$10,361,581",-69.3%,-54.9%,45,The Roommate,"$1,703,359"
2011,Feb 5,Saturday,36,"$33,718,834",+38.2%,-12.7%,45,The Roommate,"$6,874,569"
2011,Feb 4,Friday,35,"$24,396,223",+305.5%,-5.5%,45,The Roommate,"$6,424,707"
2011,Feb 3,Thursday,34,"$6,015,943",+2.3%,-14%,44,No Strings Attached,"$1,018,918"
2011,Feb 2,Wednesday,33,"$5,882,196",-4.4%,-5%,43,No Strings Attached,"$982,078"
2011,Feb 1,Tuesday,32,"$6,153,280",+2.4%,-17.5%,43,No Strings Attached,"$976,126"
2011,Jan 31,Monday,31,"$6,011,341",-73.8%,+1.8%,43,The Rite,"$943,416"
2011,Jan 30,Sunday,30,"$22,984,108",-40.5%,+28%,45,The Rite,"$3,482,912"
2011,Jan 29,Saturday,29,"$38,608,256",+49.5%,-3.8%,45,The Rite,"$6,010,280"
2011,Jan 28,Friday,28,"$25,820,603",+268.9%,+1.3%,45,The Rite,"$5,296,201"
2011,Jan 27,Thursday,27,"$6,999,225",+13%,+5.6%,43,No Strings Attached,"$1,608,878"
2011,Jan 26,Wednesday,26,"$6,192,011",-17%,-5.1%,43,No Strings Attached,"$1,414,887"
2011,Jan 25,Tuesday,25,"$7,461,870",+26.3%,-7.7%,43,No Strings Attached,"$1,873,218"
2011,Jan 24,Monday,24,"$5,907,860",-67.1%,-74.5%,43,No Strings Attached,"$1,542,171"
2011,Jan 23,Sunday,23,"$17,949,751",-55.3%,-44.2%,45,No Strings Attached,"$4,141,076"
2011,Jan 22,Saturday,22,"$40,115,488",+57.4%,-6.9%,45,The Green Hornet,"$8,663,370"
2011,Jan 21,Friday,21,"$25,492,241",+284.5%,-22%,45,No Strings Attached,"$7,289,609"
2011,Jan 20,Thursday,20,"$6,630,572",+1.7%,-9.6%,46,The Green Hornet,"$1,601,712"
2011,Jan 19,Wednesday,19,"$6,521,443",-19.4%,-8.6%,47,The Green Hornet,"$1,526,746"
2011,Jan 18,Tuesday,18,"$8,087,261",-65.1%,+6.3%,47,The Green Hornet,"$2,200,242"
2011,Jan 17MLK Day,Monday,17,"$23,145,375",-28%,+263.9%,48,The Green Hornet,"$6,485,667"
2011,Jan 16,Sunday,16,"$32,154,603",-25.4%,+38.9%,48,The Green Hornet,"$9,774,944"
2011,Jan 15,Saturday,15,"$43,075,201",+31.8%,+8.4%,48,The Green Hornet,"$12,655,507"
2011,Jan 14,Friday,14,"$32,673,549",+345.5%,+23.2%,48,The Green Hornet,"$11,096,425"
2011,Jan 13,Thursday,13,"$7,334,608",+2.8%,-27.9%,43,True Grit,"$1,373,832"
2011,Jan 12,Wednesday,12,"$7,137,326",-6.2%,-30.2%,42,True Grit,"$1,303,616"
2011,Jan 11,Tuesday,11,"$7,606,643",+19.6%,-38.3%,42,True Grit,"$1,389,126"
2011,Jan 10,Monday,10,"$6,360,020",-72.5%,-59.1%,42,True Grit,"$1,110,164"
2011,Jan 9,Sunday,9,"$23,150,753",-41.8%,-40%,43,True Grit,"$3,598,584"
2011,Jan 8,Saturday,8,"$39,746,983",+49.8%,-30.4%,43,True Grit,"$6,579,404"
2011,Jan 7,Friday,7,"$26,525,743",+160.7%,-36.4%,43,True Grit,"$4,427,147"
2011,Jan 6,Thursday,6,"$10,175,702",-0.5%,-76.4%,47,True Grit,"$2,031,962"
2011,Jan 5,Wednesday,5,"$10,229,056",-17%,-75.5%,47,True Grit,"$1,940,218"
2011,Jan 4,Tuesday,4,"$12,328,266",-20.7%,-70.3%,47,True Grit,"$2,165,547"
2011,Jan 3,Monday,3,"$15,544,017",-59.7%,-62.7%,47,True Grit,"$2,621,913"
2011,Jan 2,Sunday,2,"$38,579,816",-32.4%,-20.9%,48,Little Fockers,"$6,574,885"
2011,Jan 1New Year's Day,Saturday,1,"$57,068,326",+36.8%,+8.6%,48,Little Fockers,"$11,443,880"
2012,Dec 31New Year's Eve,Monday,366,"$35,813,957",-22.4%,+94.5%,53,The Hobbit: An Unexpected Journey,"$6,919,722"
2012,Dec 30,Sunday,365,"$46,161,619",-19.2%,+45.5%,54,The Hobbit: An Unexpected Journey,"$9,718,097"
2012,Dec 29,Saturday,364,"$57,100,929",+9.9%,+53.9%,54,The Hobbit: An Unexpected Journey,"$11,588,637"
2012,Dec 28,Friday,363,"$51,951,999",+13.5%,+87.3%,54,The Hobbit: An Unexpected Journey,"$10,619,334"
2012,Dec 27,Thursday,362,"$45,787,118",-11.8%,+257.6%,51,The Hobbit: An Unexpected Journey,"$10,135,524"
2012,Dec 26,Wednesday,361,"$51,940,557",-23.7%,+334.5%,51,Les Misérables,"$12,158,640"
2012,Dec 25Christmas Day,Tuesday,360,"$68,092,782",+24.9%,+64.3%,49,Les Misérables,"$18,111,665"
2012,Dec 24,Monday,359,"$18,416,607",-41.9%,+54.2%,48,The Hobbit: An Unexpected Journey,"$6,897,267"
2012,Dec 23,Sunday,358,"$31,719,785",-14.5%,+0.6%,50,The Hobbit: An Unexpected Journey,"$12,649,372"
2012,Dec 22,Saturday,357,"$37,100,618",+33.7%,-21%,50,The Hobbit: An Unexpected Journey,"$14,160,166"
2012,Dec 21,Friday,356,"$27,739,608",+116.7%,-42.5%,50,The Hobbit: An Unexpected Journey,"$10,078,827"
2012,Dec 20,Thursday,355,"$12,803,563",+7.1%,+132.5%,47,The Hobbit: An Unexpected Journey,"$6,615,027"
2012,Dec 19,Wednesday,354,"$11,954,355",-9.5%,+121.3%,47,The Hobbit: An Unexpected Journey,"$6,327,187"
2012,Dec 18,Tuesday,353,"$13,212,390",+10.6%,+99%,44,The Hobbit: An Unexpected Journey,"$7,855,090"
2012,Dec 17,Monday,352,"$11,944,649",-62.1%,+133.4%,45,The Hobbit: An Unexpected Journey,"$7,738,293"
2012,Dec 16,Sunday,351,"$31,543,940",-32.8%,+74%,46,The Hobbit: An Unexpected Journey,"$19,751,941"
2012,Dec 15,Saturday,350,"$46,972,823",-2.7%,+52.4%,46,The Hobbit: An Unexpected Journey,"$27,739,815"
2012,Dec 14,Friday,349,"$48,262,631",+776.5%,+148.6%,46,The Hobbit: An Unexpected Journey,"$37,125,547"
2012,Dec 13,Thursday,348,"$5,506,049",+1.9%,-19.6%,48,Skyfall,"$951,744"
2012,Dec 12,Wednesday,347,"$5,402,534",-18.6%,-21.7%,48,Skyfall,"$963,787"
2012,Dec 11,Tuesday,346,"$6,639,101",+29.7%,-24.3%,48,Skyfall,"$1,162,083"
2012,Dec 10,Monday,345,"$5,117,708",-71.8%,-23.8%,48,Skyfall,"$888,168"
2012,Dec 9,Sunday,344,"$18,129,818",-41.2%,-31.7%,50,Rise of the Guardians,"$3,197,263"
2012,Dec 8,Saturday,343,"$30,826,467",+58.8%,-31.5%,50,Skyfall,"$5,018,913"
2012,Dec 7,Friday,342,"$19,411,343",+183.5%,-34%,50,Skyfall,"$3,122,096"
2012,Dec 6,Thursday,341,"$6,846,838",-0.7%,-32.4%,45,Skyfall,"$1,186,424"
2012,Dec 5,Wednesday,340,"$6,896,516",-21.3%,-32.1%,44,Skyfall,"$1,214,376"
2012,Dec 4,Tuesday,339,"$8,767,535",+30.5%,-29.4%,44,Skyfall,"$1,506,461"
2012,Dec 3,Monday,338,"$6,716,888",-74.7%,-38.4%,44,The Twilight Saga: Breaking Dawn - Part 2,"$1,214,476"
2012,Dec 2,Sunday,337,"$26,533,813",-41.1%,-37%,50,The Twilight Saga: Breaking Dawn - Part 2,"$4,389,831"
2012,Dec 1,Saturday,336,"$45,028,577",+53.1%,-41.5%,50,Skyfall,"$7,643,379"
2012,Nov 30,Friday,335,"$29,405,070",+190.5%,-63%,50,The Twilight Saga: Breaking Dawn - Part 2,"$5,500,983"
2012,Nov 29,Thursday,334,"$10,123,482",-0.4%,-72.8%,44,The Twilight Saga: Breaking Dawn - Part 2,"$2,157,426"
2012,Nov 28,Wednesday,333,"$10,164,292",-18.2%,-76.5%,45,The Twilight Saga: Breaking Dawn - Part 2,"$2,384,280"
2012,Nov 27,Tuesday,332,"$12,424,236",+14%,-52.4%,44,The Twilight Saga: Breaking Dawn - Part 2,"$2,721,622"
2012,Nov 26,Monday,331,"$10,899,601",-74.1%,-46.6%,45,The Twilight Saga: Breaking Dawn - Part 2,"$2,553,058"
2012,Nov 25,Sunday,330,"$42,130,960",-45.3%,-24.9%,47,The Twilight Saga: Breaking Dawn - Part 2,"$9,078,439"
2012,Nov 24,Saturday,329,"$77,007,084",-3.1%,-9.2%,47,The Twilight Saga: Breaking Dawn - Part 2,"$17,016,976"
2012,Nov 23,Friday,328,"$79,457,077",+113.8%,-20.3%,46,The Twilight Saga: Breaking Dawn - Part 2,"$17,546,033"
2012,Nov 22Thanksgiving,Thursday,327,"$37,170,496",-14.1%,+328.5%,46,The Twilight Saga: Breaking Dawn - Part 2,"$8,014,701"
2012,Nov 21,Wednesday,326,"$43,274,071",+65.7%,+366.7%,47,The Twilight Saga: Breaking Dawn - Part 2,"$12,779,287"
2012,Nov 20,Tuesday,325,"$26,122,163",+28%,+116.1%,46,The Twilight Saga: Breaking Dawn - Part 2,"$11,772,338"
2012,Nov 19,Monday,324,"$20,411,618",-63.6%,-9.6%,46,The Twilight Saga: Breaking Dawn - Part 2,"$10,090,710"
2012,Nov 18,Sunday,323,"$56,092,284",-33.8%,+25.4%,49,The Twilight Saga: Breaking Dawn - Part 2,"$28,456,648"
2012,Nov 17,Saturday,322,"$84,792,592",-14.9%,+29.1%,49,The Twilight Saga: Breaking Dawn - Part 2,"$41,443,147"
2012,Nov 16,Friday,321,"$99,632,870","+1,048.5%",+102.4%,47,The Twilight Saga: Breaking Dawn - Part 2,"$71,167,839"
2012,Nov 15,Thursday,320,"$8,675,362",-6.4%,-2.2%,46,Skyfall,"$5,186,943"
2012,Nov 14,Wednesday,319,"$9,271,477",-23.3%,+44.7%,46,Skyfall,"$5,541,933"
2012,Nov 13,Tuesday,318,"$12,086,699",-46.5%,+8.8%,46,Skyfall,"$7,215,854"
2012,Nov 12,Monday,317,"$22,588,564",-49.5%,+172.7%,45,Skyfall,"$11,327,664"
2012,Nov 11,Sunday,316,"$44,741,888",-31.9%,+44%,48,Skyfall,"$24,001,093"
2012,Nov 10,Saturday,315,"$65,691,994",+33.5%,+26.1%,49,Skyfall,"$33,859,544"
2012,Nov 9,Friday,314,"$49,216,445",+454.8%,+38%,48,Skyfall,"$30,504,077"
2012,Nov 8,Thursday,313,"$8,870,882",+38.5%,+42.2%,47,Skyfall,"$2,200,000"
2012,Nov 7,Wednesday,312,"$6,405,941",-42.3%,-16%,46,Wreck-It Ralph,"$1,822,013"
2012,Nov 6,Tuesday,311,"$11,104,962",+34.1%,+51.8%,46,Wreck-It Ralph,"$4,750,813"
2012,Nov 5,Monday,310,"$8,282,743",-73.3%,+76.4%,46,Wreck-It Ralph,"$2,961,132"
2012,Nov 4,Sunday,309,"$31,075,225",-40.3%,+73.8%,51,Wreck-It Ralph,"$14,232,730"
2012,Nov 3,Saturday,308,"$52,087,033",+46%,+65.6%,51,Wreck-It Ralph,"$21,299,342"
2012,Nov 2,Friday,307,"$35,671,419",+472%,+39.8%,51,Wreck-It Ralph,"$13,506,640"
2012,Nov 1,Thursday,306,"$6,236,682",-18.3%,-9.8%,42,Argo,"$1,317,256"
2012,Oct 31HalloweenHurricane Sandy,Wednesday,305,"$7,629,785",+4.3%,+19.1%,41,Argo,"$1,445,137"
2012,Oct 30Hurricane Sandy,Tuesday,304,"$7,314,827",+55.8%,-16.2%,42,Argo,"$1,533,372"
2012,Oct 29Hurricane Sandy,Monday,303,"$4,695,576",-73.7%,-28.8%,42,Argo,"$845,025"
2012,Oct 28,Sunday,302,"$17,884,392",-43.1%,-29.1%,47,Argo,"$2,868,820"
2012,Oct 27,Saturday,301,"$31,450,449",+23.3%,-34.5%,48,Argo,"$5,289,423"
2012,Oct 26,Friday,300,"$25,510,596",+269%,-39.9%,46,Argo,"$3,926,816"
2012,Oct 25,Thursday,299,"$6,913,212",+7.9%,-18.3%,42,Argo,"$1,328,401"
2012,Oct 24,Wednesday,298,"$6,408,755",-26.6%,-18.5%,42,Argo,"$1,318,075"
2012,Oct 23,Tuesday,297,"$8,732,205",+32.3%,-6.3%,42,Argo,"$1,727,437"
2012,Oct 22,Monday,296,"$6,599,265",-73.8%,-22.7%,42,Paranormal Activity 4,"$1,286,277"
2012,Oct 21,Sunday,295,"$25,210,768",-47.5%,-14.5%,48,Paranormal Activity 4,"$4,473,532"
2012,Oct 20,Saturday,294,"$47,990,428",+13.1%,-5.6%,48,Paranormal Activity 4,"$9,420,228"
2012,Oct 19,Friday,293,"$42,418,368",+401.4%,+14.9%,47,Paranormal Activity 4,"$15,110,106"
2012,Oct 18,Thursday,292,"$8,459,676",+7.5%,+15.9%,46,Argo,"$1,728,150"
2012,Oct 17,Wednesday,291,"$7,866,078",-15.6%,+3.7%,45,Argo,"$1,754,322"
2012,Oct 16,Tuesday,290,"$9,314,748",+9.1%,-7.1%,45,Argo,"$1,868,847"
2012,Oct 15,Monday,289,"$8,538,254",-71%,-51.4%,45,Argo,"$1,757,061"
2012,Oct 14,Sunday,288,"$29,488,040",-42%,-18.5%,55,Hotel Transylvania,"$5,202,139"
2012,Oct 13,Saturday,287,"$50,835,131",+37.6%,-4%,54,Taken 2,"$9,727,089"
2012,Oct 12,Friday,286,"$36,932,251",+406%,-10%,53,Sinister,"$7,416,439"
2012,Oct 11,Thursday,285,"$7,299,535",-3.8%,+17.2%,46,Taken 2,"$2,508,353"
2012,Oct 10,Wednesday,284,"$7,587,917",-24.3%,+27.5%,46,Taken 2,"$2,782,072"
2012,Oct 9,Tuesday,283,"$10,025,271",-42.9%,+18.5%,47,Taken 2,"$3,951,708"
2012,Oct 8Indig. Peoples' Day,Monday,282,"$17,572,045",-51.4%,+169.6%,46,Taken 2,"$5,501,950"
2012,Oct 7,Sunday,281,"$36,183,488",-31.6%,+31.8%,54,Taken 2,"$12,214,296"
2012,Oct 6,Saturday,280,"$52,926,380",+29%,+16.4%,54,Taken 2,"$18,942,416"
2012,Oct 5,Friday,279,"$41,014,404",+558.5%,+36.1%,54,Taken 2,"$18,358,057"
2012,Oct 4,Thursday,278,"$6,228,051",+4.6%,+31.9%,51,Looper,"$1,609,642"
2012,Oct 3,Wednesday,277,"$5,952,765",-29.6%,+3.6%,53,Looper,"$1,552,486"
2012,Oct 2,Tuesday,276,"$8,458,375",+29.8%,+25.5%,52,Looper,"$2,368,350"
2012,Oct 1,Monday,275,"$6,517,708",-76.3%,+26.7%,51,Hotel Transylvania,"$1,798,753"
2012,Sep 30,Sunday,274,"$27,460,645",-39.6%,+56.4%,56,Hotel Transylvania,"$12,602,119"
2012,Sep 29,Saturday,273,"$45,476,822",+50.9%,+46.9%,57,Hotel Transylvania,"$18,947,063"
2012,Sep 28,Friday,272,"$30,145,623",+538.5%,+28.9%,59,Hotel Transylvania,"$10,973,012"
2012,Sep 27,Thursday,271,"$4,721,121",-17.8%,+24.2%,55,End of Watch,"$1,046,554"
2012,Sep 26,Wednesday,270,"$5,746,294",-14.8%,+45.6%,54,End of Watch,"$1,216,923"
2012,Sep 25,Tuesday,269,"$6,741,405",+31%,+10.8%,53,End of Watch,"$1,484,052"
2012,Sep 24,Monday,268,"$5,144,839",-70.7%,-3.1%,53,End of Watch,"$1,268,421"
2012,Sep 23,Sunday,267,"$17,556,639",-43.3%,+6.5%,57,End of Watch,"$3,428,166"
2012,Sep 22,Saturday,266,"$30,965,466",+32.4%,+14.8%,57,House at the End of the Street,"$5,378,115"
2012,Sep 21,Friday,265,"$23,380,206",+515.2%,+9%,57,House at the End of the Street,"$4,621,259"
2012,Sep 20,Thursday,264,"$3,800,136",-3.7%,+10.7%,51,Resident Evil: Retribution,"$1,036,402"
2012,Sep 19,Wednesday,263,"$3,947,809",-35.1%,+8.7%,52,Resident Evil: Retribution,"$1,126,991"
2012,Sep 18,Tuesday,262,"$6,081,639",+14.6%,+31.7%,52,Resident Evil: Retribution,"$1,869,698"
2012,Sep 17,Monday,261,"$5,308,883",-67.8%,+48.9%,52,Resident Evil: Retribution,"$1,682,409"
2012,Sep 16,Sunday,260,"$16,481,292",-38.9%,+43.7%,56,Resident Evil: Retribution,"$5,054,578"
2012,Sep 15,Saturday,259,"$26,973,676",+25.7%,+23.2%,56,Resident Evil: Retribution,"$7,634,314"
2012,Sep 14,Friday,258,"$21,455,042",+525%,+60.3%,56,Resident Evil: Retribution,"$8,363,335"
2012,Sep 13,Thursday,257,"$3,433,050",-5.5%,-28.7%,51,Lawless,"$515,044"
2012,Sep 12,Wednesday,256,"$3,632,127",-21.3%,-21.3%,51,Lawless,"$564,326"
2012,Sep 11,Tuesday,255,"$4,617,350",+29.5%,-31%,51,Lawless,"$758,424"
2012,Sep 10,Monday,254,"$3,566,413",-68.9%,-83.8%,52,Lawless,"$558,505"
2012,Sep 9,Sunday,253,"$11,465,784",-47.6%,-60.3%,54,The Possession,"$2,008,186"
2012,Sep 8,Saturday,252,"$21,893,089",+63.5%,-23.9%,55,The Possession,"$4,423,641"
2012,Sep 7,Friday,251,"$13,388,131",+177.9%,-37.2%,55,The Possession,"$2,885,645"
2012,Sep 6,Thursday,250,"$4,817,349",+4.4%,-32.4%,50,The Possession,"$787,714"
2012,Sep 5,Wednesday,249,"$4,613,552",-31.1%,-36.8%,50,The Possession,"$781,159"
2012,Sep 4,Tuesday,248,"$6,693,070",-69.6%,-30.4%,50,The Possession,"$1,201,397"
2012,Sep 3Labor Day,Monday,247,"$22,042,965",-23.7%,+158.3%,53,The Possession,"$3,346,360"
2012,Sep 2,Sunday,246,"$28,882,399",+0.4%,+34.5%,53,The Possession,"$5,326,620"
2012,Sep 1,Saturday,245,"$28,780,629",+35%,-10.2%,53,The Possession,"$6,327,200"
2012,Aug 31,Friday,244,"$21,318,565",+199%,-5.1%,53,The Possession,"$6,078,660"
2012,Aug 30,Thursday,243,"$7,129,283",-2.4%,-31.3%,48,The Expendables 2,"$1,052,413"
2012,Aug 29,Wednesday,242,"$7,300,872",-24%,-33.1%,47,Lawless,"$1,136,084"
2012,Aug 28,Tuesday,241,"$9,612,281",+12.7%,-35.9%,44,The Expendables 2,"$1,644,780"
2012,Aug 27,Monday,240,"$8,532,347",-60.3%,-33.6%,45,The Expendables 2,"$1,361,996"
2012,Aug 26,Sunday,239,"$21,478,660",-33%,-37.1%,47,The Expendables 2,"$3,989,596"
2012,Aug 25,Saturday,238,"$32,061,546",+42.7%,-33.3%,48,The Expendables 2,"$5,597,075"
2012,Aug 24,Friday,237,"$22,466,425",+116.5%,-44.6%,49,The Expendables 2,"$3,836,908"
2012,Aug 23,Thursday,236,"$10,378,103",-4.9%,-27.3%,43,The Expendables 2,"$2,036,110"
2012,Aug 22,Wednesday,235,"$10,916,252",-27.2%,-29.3%,44,The Expendables 2,"$2,163,690"
2012,Aug 21,Tuesday,234,"$14,997,722",+16.7%,-16.1%,42,The Expendables 2,"$3,230,645"
2012,Aug 20,Monday,233,"$12,851,361",-62.4%,-14%,43,The Expendables 2,"$2,792,129"
2012,Aug 19,Sunday,232,"$34,146,319",-28.9%,-1%,45,The Expendables 2,"$7,886,826"
2012,Aug 18,Saturday,231,"$48,033,796",+18.4%,-4.6%,45,The Expendables 2,"$10,210,399"
2012,Aug 17,Friday,230,"$40,579,668",+184.2%,-8.4%,45,The Expendables 2,"$10,494,145"
2012,Aug 16,Thursday,229,"$14,279,568",-7.5%,+1.1%,46,The Bourne Legacy,"$3,052,175"
2012,Aug 15,Wednesday,228,"$15,434,974",-13.7%,+5.2%,46,The Bourne Legacy,"$3,164,525"
2012,Aug 14,Tuesday,227,"$17,880,585",+19.7%,+9.8%,46,The Bourne Legacy,"$4,344,200"
2012,Aug 13,Monday,226,"$14,943,158",-56.7%,-1.1%,46,The Bourne Legacy,"$3,857,355"
2012,Aug 12London Olympics,Sunday,225,"$34,483,396",-31.5%,+3.7%,46,The Bourne Legacy,"$9,737,000"
2012,Aug 11London Olympics,Saturday,224,"$50,349,042",+13.6%,+18.4%,46,The Bourne Legacy,"$14,474,425"
2012,Aug 10London Olympics,Friday,223,"$44,311,444",+213.7%,+24.3%,46,The Bourne Legacy,"$13,931,400"
2012,Aug 9London Olympics,Thursday,222,"$14,125,155",-3.8%,-7.2%,40,The Dark Knight Rises,"$3,586,326"
2012,Aug 8London Olympics,Wednesday,221,"$14,677,270",-9.9%,-9.2%,40,The Dark Knight Rises,"$3,688,489"
2012,Aug 7London Olympics,Tuesday,220,"$16,286,825",+7.8%,-17.2%,38,The Dark Knight Rises,"$4,673,412"
2012,Aug 6London Olympics,Monday,219,"$15,109,234",-54.6%,-9.2%,38,The Dark Knight Rises,"$4,725,498"
2012,Aug 5London Olympics,Sunday,218,"$33,247,530",-21.8%,-11%,39,The Dark Knight Rises,"$11,238,166"
2012,Aug 4London Olympics,Saturday,217,"$42,539,390",+19.3%,-12.4%,39,The Dark Knight Rises,"$14,273,114"
2012,Aug 3London Olympics,Friday,216,"$35,661,765",+134.4%,-6.8%,40,The Dark Knight Rises,"$10,226,050"
2012,Aug 2London Olympics,Thursday,215,"$15,213,975",-5.9%,-32.8%,36,The Dark Knight Rises,"$6,818,467"
2012,Aug 1London Olympics,Wednesday,214,"$16,163,935",-17.8%,-27.4%,36,The Dark Knight Rises,"$7,333,325"
2012,Jul 31London Olympics,Tuesday,213,"$19,660,362",+18.1%,-32%,39,The Dark Knight Rises,"$8,773,116"
2012,Jul 30London Olympics,Monday,212,"$16,647,681",-55.4%,-40.9%,37,The Dark Knight Rises,"$8,160,046"
2012,Jul 29London Olympics,Sunday,211,"$37,366,379",-23.1%,-35.1%,41,The Dark Knight Rises,"$19,654,489"
2012,Jul 28London Olympics,Saturday,210,"$48,568,404",+26.9%,-28.9%,41,The Dark Knight Rises,"$24,712,417"
2012,Jul 27London Olympics,Friday,209,"$38,282,303",+69%,-59.9%,42,The Dark Knight Rises,"$17,734,545"
2012,Jul 26,Thursday,208,"$22,655,887",+1.7%,+24.6%,38,The Dark Knight Rises,"$13,202,371"
2012,Jul 25,Wednesday,207,"$22,269,916",-23%,+22.1%,39,The Dark Knight Rises,"$13,770,092"
2012,Jul 24,Tuesday,206,"$28,905,436",+2.6%,+22.9%,37,The Dark Knight Rises,"$17,762,472"
2012,Jul 23,Monday,205,"$28,172,333",-51.1%,+50%,37,The Dark Knight Rises,"$19,389,129"
2012,Jul 22,Sunday,204,"$57,613,704",-15.6%,+31%,40,The Dark Knight Rises,"$40,200,432"
2012,Jul 21,Saturday,203,"$68,263,571",-28.5%,+18.7%,40,The Dark Knight Rises,"$44,931,966"
2012,Jul 20,Friday,202,"$95,519,546",+425.1%,+97%,40,The Dark Knight Rises,"$75,754,897"
2012,Jul 19,Thursday,201,"$18,189,467",-0.3%,-13.1%,44,Ice Age: Continental Drift,"$4,620,310"
2012,Jul 18,Wednesday,200,"$18,240,651",-22.5%,-13.6%,42,Ice Age: Continental Drift,"$5,105,534"
2012,Jul 17,Tuesday,199,"$23,526,595",+25.3%,-9.6%,41,Ice Age: Continental Drift,"$6,804,326"
2012,Jul 16,Monday,198,"$18,779,781",-57.3%,-16.7%,41,Ice Age: Continental Drift,"$5,263,877"
2012,Jul 15,Sunday,197,"$43,992,603",-23.5%,-12.9%,45,Ice Age: Continental Drift,"$12,935,466"
2012,Jul 14,Saturday,196,"$57,523,004",+18.6%,-14.7%,44,Ice Age: Continental Drift,"$16,965,452"
2012,Jul 13,Friday,195,"$48,486,912",+131.7%,-19.1%,44,Ice Age: Continental Drift,"$16,728,341"
2012,Jul 12,Thursday,194,"$20,926,207",-0.9%,-50.7%,45,The Amazing Spider-Man,"$6,158,618"
2012,Jul 11,Wednesday,193,"$21,117,257",-18.8%,-57.9%,44,The Amazing Spider-Man,"$6,503,281"
2012,Jul 10,Tuesday,192,"$26,022,290",+15.4%,-58.3%,43,The Amazing Spider-Man,"$8,631,651"
2012,Jul 9,Monday,191,"$22,545,239",-55.4%,-17.5%,43,The Amazing Spider-Man,"$7,556,439"
2012,Jul 8,Sunday,190,"$50,504,978",-25.1%,-2.4%,46,The Amazing Spider-Man,"$17,867,545"
2012,Jul 7,Saturday,189,"$67,471,251",+12.5%,+1.4%,46,The Amazing Spider-Man,"$23,657,104"
2012,Jul 6,Friday,188,"$59,969,651",+41.3%,-16.1%,46,The Amazing Spider-Man,"$20,480,039"
2012,Jul 5,Thursday,187,"$42,451,229",-15.4%,+165.7%,43,The Amazing Spider-Man,"$15,814,761"
2012,Jul 4Independence Day,Wednesday,186,"$50,181,956",-19.6%,+201.9%,42,The Amazing Spider-Man,"$23,335,925"
2012,Jul 3,Tuesday,185,"$62,410,071",+128.4%,+189%,42,The Amazing Spider-Man,"$35,016,884"
2012,Jul 2,Monday,184,"$27,319,524",-47.2%,+30.9%,42,Ted,"$8,729,105"
2012,Jul 1,Sunday,183,"$51,763,455",-22.2%,+21.9%,47,Ted,"$15,952,075"
2012,Jun 30,Saturday,182,"$66,560,623",-6.9%,+16.4%,47,Ted,"$17,879,285"
2012,Jun 29,Friday,181,"$71,469,606",+347.4%,+35.7%,47,Ted,"$20,583,845"
2012,Jun 28,Thursday,180,"$15,974,623",-3.9%,+14.9%,40,Brave,"$6,641,012"
2012,Jun 27,Wednesday,179,"$16,620,956",-23%,+11.9%,40,Brave,"$6,834,139"
2012,Jun 26,Tuesday,178,"$21,594,899",+3.5%,+29.6%,39,Brave,"$8,926,775"
2012,Jun 25,Monday,177,"$20,871,472",-50.9%,+35.1%,39,Brave,"$8,948,171"
2012,Jun 24,Sunday,176,"$42,474,225",-25.7%,+10.7%,42,Brave,"$18,006,143"
2012,Jun 23,Saturday,175,"$57,194,065",+8.6%,+24.1%,42,Brave,"$23,682,115"
2012,Jun 22,Friday,174,"$52,678,901",+279%,+45%,42,Brave,"$24,635,336"
2012,Jun 21,Thursday,173,"$13,901,234",-6.4%,-9.5%,42,Madagascar 3: Europe's Most Wanted,"$4,443,580"
2012,Jun 20,Wednesday,172,"$14,847,772",-10.9%,-12.3%,42,Madagascar 3: Europe's Most Wanted,"$4,511,005"
2012,Jun 19,Tuesday,171,"$16,660,878",+7.9%,-18.8%,42,Madagascar 3: Europe's Most Wanted,"$5,032,286"
2012,Jun 18,Monday,170,"$15,445,539",-59.7%,-17.8%,42,Madagascar 3: Europe's Most Wanted,"$4,380,845"
2012,Jun 17,Sunday,169,"$38,359,717",-16.8%,-20.3%,45,Madagascar 3: Europe's Most Wanted,"$10,675,972"
2012,Jun 16,Saturday,168,"$46,081,054",+26.9%,-26.4%,45,Madagascar 3: Europe's Most Wanted,"$13,347,088"
2012,Jun 15,Friday,167,"$36,322,653",+136.5%,-40.5%,45,Madagascar 3: Europe's Most Wanted,"$10,032,414"
2012,Jun 14,Thursday,166,"$15,357,313",-9.3%,+30%,45,Madagascar 3: Europe's Most Wanted,"$5,411,245"
2012,Jun 13,Wednesday,165,"$16,933,045",-17.5%,+44%,45,Madagascar 3: Europe's Most Wanted,"$5,753,661"
2012,Jun 12,Tuesday,164,"$20,522,740",+9.2%,+40.1%,45,Madagascar 3: Europe's Most Wanted,"$7,140,020"
2012,Jun 11,Monday,163,"$18,801,125",-60.9%,+41%,46,Madagascar 3: Europe's Most Wanted,"$6,328,868"
2012,Jun 10,Sunday,162,"$48,119,942",-23.1%,+34%,47,Madagascar 3: Europe's Most Wanted,"$17,096,727"
2012,Jun 9,Saturday,161,"$62,581,667",+2.6%,+16.2%,48,Madagascar 3: Europe's Most Wanted,"$22,569,192"
2012,Jun 8,Friday,160,"$61,003,503",+416.5%,+43.7%,48,Prometheus,"$21,466,267"
2012,Jun 7,Thursday,159,"$11,809,812",+0.4%,<0.1%,47,Snow White and the Huntsman,"$4,074,840"
2012,Jun 6,Wednesday,158,"$11,758,739",-19.7%,+4.5%,48,Snow White and the Huntsman,"$4,244,445"
2012,Jun 5,Tuesday,157,"$14,649,686",+9.9%,-1.5%,47,Snow White and the Huntsman,"$5,565,175"
2012,Jun 4,Monday,156,"$13,331,700",-62.9%,-65.2%,48,Snow White and the Huntsman,"$5,376,525"
2012,Jun 3,Sunday,155,"$35,911,978",-33.3%,-25.6%,53,Snow White and the Huntsman,"$14,714,700"
2012,Jun 2,Saturday,154,"$53,845,431",+26.9%,+2.8%,53,Snow White and the Huntsman,"$21,034,475"
2012,Jun 1,Friday,153,"$42,444,585",+259.3%,-2.8%,53,Snow White and the Huntsman,"$20,468,525"
2012,May 31,Thursday,152,"$11,812,970",+5%,+3.9%,49,Men in Black³,"$4,114,554"
2012,May 30,Wednesday,151,"$11,252,798",-24.4%,+6.8%,49,Men in Black³,"$3,985,712"
2012,May 29,Tuesday,150,"$14,879,562",-61.2%,+10.7%,49,Men in Black³,"$5,648,570"
2012,May 28Memorial Day,Monday,149,"$38,321,270",-20.6%,+170.4%,52,Men in Black³,"$14,661,938"
2012,May 27,Sunday,148,"$48,283,155",-7.8%,+25.3%,52,Men in Black³,"$17,792,788"
2012,May 26,Saturday,147,"$52,385,950",+19.9%,-3.9%,53,Men in Black³,"$19,135,582"
2012,May 25,Friday,146,"$43,685,062",+284.1%,+6.9%,52,Men in Black³,"$17,664,409"
2012,May 24,Thursday,145,"$11,371,969",+7.9%,-11%,49,The Avengers,"$4,445,167"
2012,May 23,Wednesday,144,"$10,538,338",-21.6%,-26.7%,50,The Avengers,"$3,968,406"
2012,May 22,Tuesday,143,"$13,446,794",-5.1%,-3.7%,50,The Avengers,"$4,917,764"
2012,May 21,Monday,142,"$14,174,334",-63.2%,+12.7%,50,The Avengers,"$5,687,934"
2012,May 20,Sunday,141,"$38,527,492",-29.4%,-21.5%,53,The Avengers,"$16,820,987"
2012,May 19,Saturday,140,"$54,534,949",+33.4%,-15.2%,53,The Avengers,"$23,587,069"
2012,May 18,Friday,139,"$40,870,533",+219.7%,-11.4%,54,The Avengers,"$15,236,046"
2012,May 17,Thursday,138,"$12,784,128",-11.1%,-18.1%,55,The Avengers,"$6,208,368"
2012,May 16,Wednesday,137,"$14,373,276",+3%,-14.8%,55,The Avengers,"$6,339,757"
2012,May 15,Tuesday,136,"$13,957,702",+11%,-35.7%,53,The Avengers,"$8,477,854"
2012,May 14,Monday,135,"$12,574,957",-74.4%,-42.9%,53,The Avengers,"$7,923,789"
2012,May 13,Sunday,134,"$49,074,165",-23.7%,-27.7%,57,The Avengers,"$30,923,238"
2012,May 12,Saturday,133,"$64,344,688",+39.4%,-25.1%,57,The Avengers,"$42,905,519"
2012,May 11,Friday,132,"$46,148,443",+195.6%,-50.4%,57,The Avengers,"$29,223,517"
2012,May 10,Thursday,131,"$15,613,813",-7.5%,+189.3%,51,The Avengers,"$12,391,566"
2012,May 9,Wednesday,130,"$16,877,636",-22.3%,+191.5%,51,The Avengers,"$13,612,910"
2012,May 8,Tuesday,129,"$21,723,104",-1.4%,+179.9%,51,The Avengers,"$17,677,190"
2012,May 7,Monday,128,"$22,035,920",-67.5%,+250.3%,51,The Avengers,"$18,898,999"
2012,May 6,Sunday,127,"$67,872,744",-20.9%,+189.4%,55,The Avengers,"$57,066,733"
2012,May 5,Saturday,126,"$85,853,324",-7.7%,+116.7%,54,The Avengers,"$69,557,990"
2012,May 4,Friday,125,"$92,974,978","+1,622.7%",+231%,54,The Avengers,"$80,813,985"
2012,May 3,Thursday,124,"$5,397,176",-6.8%,-30.7%,49,Think Like a Man,"$941,884"
2012,May 2,Wednesday,123,"$5,789,932",-25.4%,-22.5%,49,Think Like a Man,"$1,021,480"
2012,May 1,Tuesday,122,"$7,760,235",+23.4%,-20.9%,50,Think Like a Man,"$1,342,591"
2012,Apr 30,Monday,121,"$6,289,890",-73.2%,-27.9%,51,Think Like a Man,"$1,251,280"
2012,Apr 29,Sunday,120,"$23,456,727",-40.8%,-25.7%,52,Think Like a Man,"$4,413,742"
2012,Apr 28,Saturday,119,"$39,627,385",+41.1%,-17.7%,52,Think Like a Man,"$7,692,464"
2012,Apr 27,Friday,118,"$28,087,061",+260.8%,-28.3%,52,Think Like a Man,"$5,497,935"
2012,Apr 26,Thursday,117,"$7,784,827",+4.2%,+18%,46,Think Like a Man,"$1,893,743"
2012,Apr 25,Wednesday,116,"$7,472,223",-23.8%,+16.1%,45,Think Like a Man,"$1,951,643"
2012,Apr 24,Tuesday,115,"$9,809,825",+12.4%,+20.9%,45,Think Like a Man,"$2,623,742"
2012,Apr 23,Monday,114,"$8,728,819",-72.4%,+22.9%,45,Think Like a Man,"$2,762,627"
2012,Apr 22,Sunday,113,"$31,590,208",-34.4%,+16.7%,47,Think Like a Man,"$8,345,415"
2012,Apr 21,Saturday,112,"$48,158,083",+22.9%,+8.7%,47,Think Like a Man,"$13,165,054"
2012,Apr 20,Friday,111,"$39,192,701",+493.9%,+17.1%,47,Think Like a Man,"$12,125,834"
2012,Apr 19,Thursday,110,"$6,599,285",+2.5%,-35.8%,43,The Hunger Games,"$1,439,178"
2012,Apr 18,Wednesday,109,"$6,435,748",-20.7%,-40.1%,43,The Hunger Games,"$1,332,029"
2012,Apr 17,Tuesday,108,"$8,116,757",+14.3%,-36.3%,43,The Hunger Games,"$1,565,935"
2012,Apr 16,Monday,107,"$7,102,761",-73.8%,-51.9%,43,The Hunger Games,"$1,396,955"
2012,Apr 15,Sunday,106,"$27,077,063",-38.9%,+4.5%,45,The Hunger Games,"$5,376,041"
2012,Apr 14,Saturday,105,"$44,316,110",+32.5%,+2.3%,45,The Hunger Games,"$9,317,258"
2012,Apr 13,Friday,104,"$33,457,571",+225.3%,-27.1%,45,The Hunger Games,"$6,403,525"
2012,Apr 12,Thursday,103,"$10,283,608",-4.2%,-45%,44,The Hunger Games,"$2,831,632"
2012,Apr 11,Wednesday,102,"$10,735,808",-15.7%,-32%,44,The Hunger Games,"$2,850,685"
2012,Apr 10,Tuesday,101,"$12,736,114",-13.7%,-8.6%,43,The Hunger Games,"$3,293,283"
2012,Apr 9,Monday,100,"$14,762,162",-43%,+29.9%,43,The Hunger Games,"$4,143,217"
2012,Apr 8Easter Sunday,Sunday,99,"$25,910,655",-40.2%,-28.2%,45,The Hunger Games,"$7,294,332"
2012,Apr 7,Saturday,98,"$43,338,317",-5.6%,-24.7%,45,The Hunger Games,"$13,017,393"
2012,Apr 6,Friday,97,"$45,925,725",+145.7%,+1.7%,45,The Hunger Games,"$12,799,832"
2012,Apr 5,Thursday,96,"$18,691,120",+18.4%,+49.3%,47,The Hunger Games,"$6,399,758"
2012,Apr 4,Wednesday,95,"$15,792,341",+13.3%,+30.6%,46,The Hunger Games,"$4,608,765"
2012,Apr 3,Tuesday,94,"$13,938,147",+22.7%,-8.4%,47,The Hunger Games,"$5,324,246"
2012,Apr 2,Monday,93,"$11,363,412",-68.5%,-24.6%,46,The Hunger Games,"$4,522,495"
2012,Apr 1,Sunday,92,"$36,102,740",-37.3%,-26.1%,48,The Hunger Games,"$15,159,630"
2012,Mar 31,Saturday,91,"$57,589,683",+27.6%,-19.7%,49,The Hunger Games,"$24,738,873"
2012,Mar 30,Friday,90,"$45,146,387",+260.5%,-44.4%,48,The Hunger Games,"$18,652,560"
2012,Mar 29,Thursday,89,"$12,523,198",+3.6%,+85.6%,46,The Hunger Games,"$8,173,400"
2012,Mar 28,Wednesday,88,"$12,088,459",-20.6%,+57.4%,47,The Hunger Games,"$8,051,705"
2012,Mar 27,Tuesday,87,"$15,222,136",+1%,+68.4%,46,The Hunger Games,"$10,348,198"
2012,Mar 26,Monday,86,"$15,072,803",-69.1%,+89.8%,46,The Hunger Games,"$10,823,788"
2012,Mar 25,Sunday,85,"$48,839,422",-31.9%,+88.2%,46,The Hunger Games,"$34,877,678"
2012,Mar 24,Saturday,84,"$71,726,603",-11.6%,+94.4%,46,The Hunger Games,"$50,394,419"
2012,Mar 23,Friday,83,"$81,127,302","+1,102.2%",+162.2%,46,The Hunger Games,"$67,263,650"
2012,Mar 22,Thursday,82,"$6,748,139",-12.1%,-30.9%,51,21 Jump Street,"$2,794,256"
2012,Mar 21,Wednesday,81,"$7,680,177",-15%,-16.5%,53,21 Jump Street,"$3,010,041"
2012,Mar 20,Tuesday,80,"$9,038,842",+13.8%,-24.7%,52,21 Jump Street,"$4,036,855"
2012,Mar 19,Monday,79,"$7,939,456",-69.4%,-23.7%,52,21 Jump Street,"$3,607,564"
2012,Mar 18,Sunday,78,"$25,944,600",-29.7%,-15.9%,53,21 Jump Street,"$10,133,267"
2012,Mar 17,Saturday,77,"$36,892,992",+19.2%,-26.9%,53,21 Jump Street,"$12,929,856"
2012,Mar 16,Friday,76,"$30,937,621",+216.6%,-10.7%,53,21 Jump Street,"$13,239,489"
2012,Mar 15,Thursday,75,"$9,771,196",+6.3%,+15.3%,54,The Lorax,"$3,429,005"
2012,Mar 14,Wednesday,74,"$9,195,170",-23.4%,+16.5%,53,The Lorax,"$3,126,450"
2012,Mar 13,Tuesday,73,"$12,005,737",+15.3%,+11.9%,53,The Lorax,"$3,916,050"
2012,Mar 12,Monday,72,"$10,409,874",-66.3%,+9.2%,53,The Lorax,"$3,426,660"
2012,Mar 11,Sunday,71,"$30,867,820",-38.9%,-24.9%,54,The Lorax,"$11,369,110"
2012,Mar 10,Saturday,70,"$50,482,777",+45.7%,-21.7%,54,The Lorax,"$17,905,880"
2012,Mar 9,Friday,69,"$34,658,548",+309.1%,-14.1%,54,John Carter,"$9,811,935"
2012,Mar 8,Thursday,68,"$8,472,704",+7.4%,+32.9%,51,The Lorax,"$2,889,975"
2012,Mar 7,Wednesday,67,"$7,891,163",-26.5%,+30%,51,The Lorax,"$2,611,125"
2012,Mar 6,Tuesday,66,"$10,733,223",+12.6%,+33.9%,51,The Lorax,"$3,674,910"
2012,Mar 5,Monday,65,"$9,532,131",-76.8%,+35.8%,51,The Lorax,"$3,485,750"
2012,Mar 4,Sunday,64,"$41,097,364",-36.2%,+55.5%,53,The Lorax,"$21,404,460"
2012,Mar 3,Saturday,63,"$64,455,250",+59.7%,+37.2%,53,The Lorax,"$31,286,310"
2012,Mar 2,Friday,62,"$40,349,116",+532.9%,+18.8%,53,The Lorax,"$17,526,300"
2012,Mar 1,Thursday,61,"$6,375,075",+5.1%,-22.5%,52,Act of Valor,"$1,575,977"
2012,Feb 29,Wednesday,60,"$6,068,277",-24.3%,-24.2%,52,Act of Valor,"$1,546,735"
2012,Feb 28,Tuesday,59,"$8,017,231",+14.2%,-27.5%,52,Act of Valor,"$1,992,519"
2012,Feb 27,Monday,58,"$7,019,960",-73.4%,-74.3%,52,Act of Valor,"$1,947,483"
2012,Feb 26,Sunday,57,"$26,431,600",-43.8%,-38%,54,Act of Valor,"$5,951,509"
2012,Feb 25,Saturday,56,"$46,995,872",+38.4%,-16.3%,54,Act of Valor,"$9,478,265"
2012,Feb 24,Friday,55,"$33,957,330",+312.6%,-13.4%,54,Act of Valor,"$9,046,858"
2012,Feb 23,Thursday,54,"$8,229,367",+2.7%,-17%,52,Safe House,"$1,435,660"
2012,Feb 22,Wednesday,53,"$8,009,257",-27.5%,-15.1%,52,Safe House,"$1,467,125"
2012,Feb 21,Tuesday,52,"$11,053,410",-59.5%,-60.2%,52,Safe House,"$1,981,335"
2012,Feb 20Presidents' Day,Monday,51,"$27,273,253",-36%,+149.1%,54,Journey 2: The Mysterious Island,"$6,088,827"
2012,Feb 19,Sunday,50,"$42,600,860",-24.1%,+0.5%,54,Safe House,"$7,412,375"
2012,Feb 18,Saturday,49,"$56,127,549",+43.2%,-21%,54,Safe House,"$9,737,520"
2012,Feb 17,Friday,48,"$39,198,305",+295.6%,-28.6%,54,The Vow,"$7,400,854"
2012,Feb 16,Thursday,47,"$9,909,397",+5%,+77.6%,50,The Vow,"$2,913,731"
2012,Feb 15,Wednesday,46,"$9,434,361",-66%,+67.4%,50,The Vow,"$2,924,771"
2012,Feb 14,Tuesday,45,"$27,751,878",+153.5%,+274.5%,52,The Vow,"$11,555,393"
2012,Feb 13,Monday,44,"$10,948,210",-74.2%,+68.8%,51,The Vow,"$3,330,484"
2012,Feb 12,Sunday,43,"$42,375,050",-40.4%,+207.2%,53,Safe House,"$10,245,915"
2012,Feb 11,Saturday,42,"$71,068,286",+29.5%,+65.3%,53,The Vow,"$16,673,851"
2012,Feb 10,Friday,41,"$54,877,215",+883.6%,+75.2%,53,The Vow,"$15,293,042"
2012,Feb 9,Thursday,40,"$5,579,351",-1%,-8.8%,47,Chronicle,"$1,230,209"
2012,Feb 8,Wednesday,39,"$5,637,340",-23.9%,-7%,47,Chronicle,"$1,256,102"
2012,Feb 7,Tuesday,38,"$7,410,804",+14.2%,-1%,46,Chronicle,"$1,685,163"
2012,Feb 6,Monday,37,"$6,487,375",-53%,+3.1%,45,Chronicle,"$1,691,695"
2012,Feb 5,Sunday,36,"$13,794,705",-67.9%,-42.1%,49,Chronicle,"$3,258,907"
2012,Feb 4,Saturday,35,"$43,001,918",+37.3%,+7%,48,Chronicle,"$10,145,008"
2012,Feb 3,Friday,34,"$31,321,114",+411.7%,+14.8%,49,Chronicle,"$8,600,183"
2012,Feb 2,Thursday,33,"$6,120,778",+1%,-12.1%,44,The Grey,"$1,263,881"
2012,Feb 1,Wednesday,32,"$6,060,961",-19.1%,-11.3%,44,The Grey,"$1,251,368"
2012,Jan 31,Tuesday,31,"$7,487,642",+19%,-16.3%,44,The Grey,"$1,625,153"
2012,Jan 30,Monday,30,"$6,291,797",-73.6%,-21.9%,45,The Grey,"$1,451,030"
2012,Jan 29,Sunday,29,"$23,816,166",-40.8%,+1.6%,47,The Grey,"$5,002,705"
2012,Jan 28,Saturday,28,"$40,204,977",+47.3%,-14.5%,47,The Grey,"$8,180,679"
2012,Jan 27,Friday,27,"$27,285,465",+291.6%,-16.6%,47,The Grey,"$6,481,717"
2012,Jan 26,Thursday,26,"$6,967,243",+1.9%,+6%,43,Underworld: Awakening,"$1,537,978"
2012,Jan 25,Wednesday,25,"$6,834,559",-23.6%,+3.5%,42,Underworld: Awakening,"$1,539,354"
2012,Jan 24,Tuesday,24,"$8,947,316",+11.1%,+8.3%,43,Underworld: Awakening,"$2,131,064"
2012,Jan 23,Monday,23,"$8,052,261",-65.6%,-66.3%,43,Underworld: Awakening,"$2,110,492"
2012,Jan 22,Sunday,22,"$23,432,076",-50.1%,-27.9%,47,Underworld: Awakening,"$5,764,659"
2012,Jan 21,Saturday,21,"$46,997,058",+43.7%,+14.2%,46,Underworld: Awakening,"$10,202,990"
2012,Jan 20,Friday,20,"$32,713,883",+397.6%,+0.9%,46,Underworld: Awakening,"$9,339,076"
2012,Jan 19,Thursday,19,"$6,574,134",-0.5%,-4%,40,Contraband,"$1,574,650"
2012,Jan 18,Wednesday,18,"$6,605,224",-20.1%,-9.7%,41,Contraband,"$1,631,910"
2012,Jan 17,Tuesday,17,"$8,263,421",-65.4%,-9%,41,Contraband,"$2,175,880"
2012,Jan 16MLK Day,Monday,16,"$23,877,633",-26.5%,+232.3%,44,Beauty and the Beast2012 3D Release,"$4,462,017"
2012,Jan 15,Sunday,15,"$32,485,568",-21.1%,+19.3%,44,Contraband,"$7,200,445"
2012,Jan 14,Saturday,14,"$41,160,876",+26.9%,-18.9%,43,Contraband,"$8,517,425"
2012,Jan 13,Friday,13,"$32,425,630",+373.6%,-23.7%,43,Contraband,"$8,631,945"
2012,Jan 12,Thursday,12,"$6,847,291",-6.4%,-40.5%,39,Mission: Impossible - Ghost Protocol,"$1,321,322"
2012,Jan 11,Wednesday,11,"$7,318,604",-19.4%,-41.3%,39,Mission: Impossible - Ghost Protocol,"$1,366,469"
2012,Jan 10,Tuesday,10,"$9,077,159",+26.3%,-44.5%,39,Mission: Impossible - Ghost Protocol,"$1,701,316"
2012,Jan 9,Monday,9,"$7,184,966",-73.6%,-81.6%,39,The Devil Inside,"$1,396,343"
2012,Jan 8,Sunday,8,"$27,236,125",-46.3%,-36.1%,44,The Devil Inside,"$5,195,613"
2012,Jan 7,Saturday,7,"$50,758,384",+19.4%,+20.2%,44,The Devil Inside,"$11,780,138"
2012,Jan 6,Friday,6,"$42,495,240",+269.1%,-14.3%,44,The Devil Inside,"$16,756,764"
2012,Jan 5,Thursday,5,"$11,514,178",-7.6%,-72%,40,Mission: Impossible - Ghost Protocol,"$2,451,383"
2012,Jan 4,Wednesday,4,"$12,458,350",-23.8%,-70.1%,40,Mission: Impossible - Ghost Protocol,"$2,634,866"
2012,Jan 3,Tuesday,3,"$16,349,769",-58%,-64.2%,41,Mission: Impossible - Ghost Protocol,"$3,428,017"
2012,Jan 2,Monday,2,"$38,968,608",-8.6%,-37%,46,Mission: Impossible - Ghost Protocol,"$8,780,560"
2012,Jan 1New Year's Day,Sunday,1,"$42,649,126",+1%,-21.8%,46,Mission: Impossible - Ghost Protocol,"$10,058,761"
2013,Dec 31New Year's Eve,Tuesday,365,"$35,875,563",-6.8%,+61%,47,Frozen,"$7,076,451"
2013,Dec 30,Monday,364,"$38,492,098",-19.4%,+16.6%,47,Frozen,"$7,898,402"
2013,Dec 29,Sunday,363,"$47,772,637",-22.4%,+11.9%,48,The Hobbit: The Desolation of Smaug,"$8,441,089"
2013,Dec 28,Saturday,362,"$61,538,651",+4.9%,+19.4%,48,The Hobbit: The Desolation of Smaug,"$10,585,522"
2013,Dec 27,Friday,361,"$58,639,116",+0.4%,+44.4%,48,Frozen,"$10,167,906"
2013,Dec 26,Thursday,360,"$58,404,212",-13.1%,+271.6%,46,The Hobbit: The Desolation of Smaug,"$10,523,771"
2013,Dec 25Christmas Day,Wednesday,359,"$67,174,241",-1.3%,+35.9%,45,The Hobbit: The Desolation of Smaug,"$9,306,295"
2013,Dec 24,Tuesday,358,"$22,279,461",-32.5%,+77%,39,The Hobbit: The Desolation of Smaug,"$5,265,696"
2013,Dec 23,Monday,357,"$33,006,551",-22.7%,+185.1%,40,The Hobbit: The Desolation of Smaug,"$7,823,089"
2013,Dec 22,Sunday,356,"$42,676,295",-17.2%,+16.4%,41,The Hobbit: The Desolation of Smaug,"$10,608,659"
2013,Dec 21,Saturday,355,"$51,540,431",+26.9%,-0.5%,41,The Hobbit: The Desolation of Smaug,"$12,270,560"
2013,Dec 20,Friday,354,"$40,621,066",+158.5%,-18.6%,41,Anchorman 2: The Legend Continues,"$8,737,314"
2013,Dec 19,Thursday,353,"$15,715,002",-12.3%,+168.9%,42,Anchorman 2: The Legend Continues,"$5,120,471"
2013,Dec 18,Wednesday,352,"$17,915,553",+42.3%,+198.8%,41,Anchorman 2: The Legend Continues,"$8,103,172"
2013,Dec 17,Tuesday,351,"$12,589,275",+8.8%,+59.7%,40,The Hobbit: The Desolation of Smaug,"$6,295,431"
2013,Dec 16,Monday,350,"$11,575,285",-68.4%,+80.3%,40,The Hobbit: The Desolation of Smaug,"$6,202,204"
2013,Dec 15,Sunday,349,"$36,671,035",-29.2%,+61%,42,The Hobbit: The Desolation of Smaug,"$18,024,194"
2013,Dec 14,Saturday,348,"$51,779,026",+3.7%,+33.7%,42,The Hobbit: The Desolation of Smaug,"$24,430,416"
2013,Dec 13,Friday,347,"$49,918,942",+754.2%,+122.6%,42,The Hobbit: The Desolation of Smaug,"$31,190,587"
2013,Dec 12,Thursday,346,"$5,843,906",-2.5%,-22.3%,42,The Hunger Games: Catching Fire,"$1,809,345"
2013,Dec 11,Wednesday,345,"$5,995,406",-24%,-21%,41,The Hunger Games: Catching Fire,"$1,855,493"
2013,Dec 10,Tuesday,344,"$7,884,914",+22.8%,-21.8%,41,Frozen,"$2,463,619"
2013,Dec 9,Monday,343,"$6,419,315",-71.8%,-26.2%,40,Frozen,"$2,051,152"
2013,Dec 8,Sunday,342,"$22,778,460",-41.2%,-41.6%,43,Frozen,"$9,829,173"
2013,Dec 7,Saturday,341,"$38,741,592",+72.8%,-46.9%,43,Frozen,"$15,063,237"
2013,Dec 6,Friday,340,"$22,421,404",+198.2%,-71.1%,43,The Hunger Games: Catching Fire,"$7,775,778"
2013,Dec 5,Thursday,339,"$7,520,010",-0.9%,-78.4%,50,The Hunger Games: Catching Fire,"$2,938,977"
2013,Dec 4,Wednesday,338,"$7,590,457",-24.7%,-83%,50,The Hunger Games: Catching Fire,"$3,017,817"
2013,Dec 3,Tuesday,337,"$10,081,780",+15.9%,-56.4%,51,The Hunger Games: Catching Fire,"$4,009,955"
2013,Dec 2,Monday,336,"$8,700,287",-77.7%,-51%,48,The Hunger Games: Catching Fire,"$3,402,550"
2013,Dec 1,Sunday,335,"$39,032,275",-46.5%,-20.4%,49,Frozen,"$15,207,908"
2013,Nov 30,Saturday,334,"$72,937,879",-5.9%,-6.5%,50,The Hunger Games: Catching Fire,"$28,401,259"
2013,Nov 29,Friday,333,"$77,522,018",+122.6%,-11.4%,49,The Hunger Games: Catching Fire,"$31,570,448"
2013,Nov 28Thanksgiving,Thursday,332,"$34,829,569",-22%,+484.9%,46,The Hunger Games: Catching Fire,"$14,951,629"
2013,Nov 27,Wednesday,331,"$44,675,957",+93.4%,+525.3%,47,The Hunger Games: Catching Fire,"$20,808,110"
2013,Nov 26,Tuesday,330,"$23,099,357",+30.1%,+147.5%,45,The Hunger Games: Catching Fire,"$15,960,309"
2013,Nov 25,Monday,329,"$17,748,824",-63.8%,+123.1%,45,The Hunger Games: Catching Fire,"$12,321,722"
2013,Nov 24,Sunday,328,"$49,023,630",-37.2%,+71.7%,51,The Hunger Games: Catching Fire,"$34,505,044"
2013,Nov 23,Saturday,327,"$78,036,129",-10.9%,+51.1%,51,The Hunger Games: Catching Fire,"$52,619,106"
2013,Nov 22,Friday,326,"$87,533,820","+1,369.9%",+150.7%,51,The Hunger Games: Catching Fire,"$70,950,136"
2013,Nov 21,Thursday,325,"$5,954,995",-16.7%,-27.6%,47,Thor: The Dark World,"$1,679,992"
2013,Nov 20,Wednesday,324,"$7,144,793",-23.4%,-13.1%,49,Thor: The Dark World,"$2,004,268"
2013,Nov 19,Tuesday,323,"$9,331,338",+17.3%,-14.1%,48,Thor: The Dark World,"$2,729,808"
2013,Nov 18,Monday,322,"$7,955,766",-72.1%,-64.2%,47,The Best Man Holiday,"$2,428,795"
2013,Nov 17,Sunday,321,"$28,550,094",-44.7%,-32.8%,51,Thor: The Dark World,"$9,300,119"
2013,Nov 16,Saturday,320,"$51,642,886",+47.9%,-18.8%,53,Thor: The Dark World,"$16,761,427"
2013,Nov 15,Friday,319,"$34,919,804",+324.5%,-32.6%,53,The Best Man Holiday,"$10,686,720"
2013,Nov 14,Thursday,318,"$8,226,234",<0.1%,+13.9%,49,Thor: The Dark World,"$3,546,237"
2013,Nov 13,Wednesday,317,"$8,219,377",-24.4%,+10.1%,48,Thor: The Dark World,"$3,565,731"
2013,Nov 12,Tuesday,316,"$10,868,597",-51.1%,+2.1%,48,Thor: The Dark World,"$5,244,111"
2013,Nov 11,Monday,315,"$22,246,538",-47.6%,+172%,48,Thor: The Dark World,"$10,417,194"
2013,Nov 10,Sunday,314,"$42,477,755",-33.2%,+43.6%,53,Thor: The Dark World,"$21,760,621"
2013,Nov 9,Saturday,313,"$63,621,798",+22.7%,+24.2%,53,Thor: The Dark World,"$32,078,010"
2013,Nov 8,Friday,312,"$51,830,868",+617.9%,+47.3%,53,Thor: The Dark World,"$31,899,210"
2013,Nov 7,Thursday,311,"$7,220,243",-3.3%,-0.5%,45,Last Vegas,"$1,396,793"
2013,Nov 6,Wednesday,310,"$7,467,796",-29.9%,+17.1%,45,Ender's Game,"$1,503,661"
2013,Nov 5,Tuesday,309,"$10,647,828",+30.2%,+22.7%,45,Ender's Game,"$2,112,732"
2013,Nov 4,Monday,308,"$8,178,162",-72.4%,+9%,45,Ender's Game,"$1,867,868"
2013,Nov 3,Sunday,307,"$29,588,606",-42.2%,+26.4%,51,Ender's Game,"$6,441,563"
2013,Nov 2,Saturday,306,"$51,212,103",+45.5%,+34.2%,51,Ender's Game,"$10,750,306"
2013,Nov 1,Friday,305,"$35,186,390",+385%,+11%,51,Ender's Game,"$9,825,482"
2013,Oct 31Halloween,Thursday,304,"$7,254,552",+13.8%,+14.9%,45,Jackass Presents: Bad Grandpa,"$1,776,627"
2013,Oct 30,Wednesday,303,"$6,376,212",-26.5%,-1.3%,46,Jackass Presents: Bad Grandpa,"$2,021,657"
2013,Oct 29,Tuesday,302,"$8,676,994",+15.7%,+1.8%,45,Jackass Presents: Bad Grandpa,"$2,900,230"
2013,Oct 28,Monday,301,"$7,502,083",-68%,+9%,45,Jackass Presents: Bad Grandpa,"$2,804,645"
2013,Oct 27,Sunday,300,"$23,413,852",-38.7%,+7%,51,Jackass Presents: Bad Grandpa,"$7,980,462"
2013,Oct 26,Saturday,299,"$38,167,552",+20.4%,-3.8%,51,Jackass Presents: Bad Grandpa,"$11,514,488"
2013,Oct 25,Friday,298,"$31,707,075",+402.3%,+8.4%,51,Jackass Presents: Bad Grandpa,"$12,560,227"
2013,Oct 24,Thursday,297,"$6,312,070",-2.3%,-22.2%,48,Gravity,"$2,277,175"
2013,Oct 23,Wednesday,296,"$6,459,297",-24.2%,-20.2%,48,Gravity,"$2,317,300"
2013,Oct 22,Tuesday,295,"$8,526,156",+23.8%,-11.8%,48,Gravity,"$2,951,072"
2013,Oct 21,Monday,294,"$6,885,483",-68.5%,-56.4%,50,Gravity,"$2,405,523"
2013,Oct 20,Sunday,293,"$21,877,396",-44.8%,-23.6%,56,Gravity,"$7,401,895"
2013,Oct 19,Saturday,292,"$39,662,989",+35.5%,-9.2%,55,Gravity,"$13,609,193"
2013,Oct 18,Friday,291,"$29,261,910",+260.5%,-6.1%,55,Gravity,"$9,016,073"
2013,Oct 17,Thursday,290,"$8,116,179",+0.2%,-9%,47,Gravity,"$3,522,487"
2013,Oct 16,Wednesday,289,"$8,097,449",-16.2%,-9%,47,Gravity,"$3,488,266"
2013,Oct 15,Tuesday,288,"$9,661,958",-38.8%,-13.2%,47,Gravity,"$4,001,126"
2013,Oct 14Indig. Peoples' Day,Monday,287,"$15,775,036",-44.9%,+60.4%,47,Gravity,"$6,201,076"
2013,Oct 13,Sunday,286,"$28,648,526",-34.4%,-5.5%,54,Gravity,"$12,125,859"
2013,Oct 12,Saturday,285,"$43,661,765",+40.1%,-8.9%,54,Gravity,"$18,461,329"
2013,Oct 11,Friday,284,"$31,159,506",+249.4%,-6.5%,53,Gravity,"$12,601,068"
2013,Oct 10,Thursday,283,"$8,917,509",+0.2%,+77.9%,51,Gravity,"$5,346,180"
2013,Oct 9,Wednesday,282,"$8,900,497",-20%,+66.4%,52,Gravity,"$5,338,032"
2013,Oct 8,Tuesday,281,"$11,131,693",+13.2%,+61.3%,51,Gravity,"$6,638,467"
2013,Oct 7,Monday,280,"$9,835,789",-67.6%,+74.7%,52,Gravity,"$6,027,128"
2013,Oct 6,Sunday,279,"$30,324,587",-36.7%,+31.7%,60,Gravity,"$15,298,941"
2013,Oct 5,Saturday,278,"$47,919,003",+43.8%,+19.4%,61,Gravity,"$23,001,353"
2013,Oct 4,Friday,277,"$33,313,684",+564.4%,+16.8%,60,Gravity,"$17,484,818"
2013,Oct 3,Thursday,276,"$5,013,913",-6.3%,+12.4%,53,Cloudy with a Chance of Meatballs 2,"$1,081,191"
2013,Oct 2,Wednesday,275,"$5,349,299",-22.5%,+11.2%,54,Cloudy with a Chance of Meatballs 2,"$1,078,722"
2013,Oct 1,Tuesday,274,"$6,900,213",+22.6%,+12.6%,51,Cloudy with a Chance of Meatballs 2,"$1,532,085"
2013,Sep 30,Monday,273,"$5,629,524",-75.6%,+15.7%,52,Cloudy with a Chance of Meatballs 2,"$1,346,798"
2013,Sep 29,Sunday,272,"$23,026,214",-42.6%,+35%,59,Cloudy with a Chance of Meatballs 2,"$9,693,422"
2013,Sep 28,Saturday,271,"$40,129,503",+40.7%,+27.9%,60,Cloudy with a Chance of Meatballs 2,"$15,078,511"
2013,Sep 27,Friday,270,"$28,525,716",+539.3%,+33.4%,60,Cloudy with a Chance of Meatballs 2,"$9,245,997"
2013,Sep 26,Thursday,269,"$4,462,070",-7.3%,-3.1%,57,Prisoners,"$1,428,155"
2013,Sep 25,Wednesday,268,"$4,812,199",-21.4%,+1.8%,57,Prisoners,"$1,603,054"
2013,Sep 24,Tuesday,267,"$6,125,757",+25.8%,-4.1%,55,Prisoners,"$2,177,311"
2013,Sep 23,Monday,266,"$4,867,507",-71.5%,-12.4%,55,Prisoners,"$1,658,359"
2013,Sep 22,Sunday,265,"$17,055,971",-45.7%,-11.7%,59,Prisoners,"$4,847,216"
2013,Sep 21,Saturday,264,"$31,387,375",+46.8%,-1.8%,59,Prisoners,"$8,995,489"
2013,Sep 20,Friday,263,"$21,387,860",+364.4%,-39.4%,59,Prisoners,"$6,974,348"
2013,Sep 19,Thursday,262,"$4,605,836",-2.5%,+17.1%,54,Insidious: Chapter 2,"$1,200,236"
2013,Sep 18,Wednesday,261,"$4,725,998",-26%,+7.9%,54,Insidious: Chapter 2,"$1,241,855"
2013,Sep 17,Tuesday,260,"$6,386,191",+14.9%,+17.3%,53,Insidious: Chapter 2,"$1,868,998"
2013,Sep 16,Monday,259,"$5,558,016",-71.2%,+26.2%,53,Insidious: Chapter 2,"$1,772,068"
2013,Sep 15,Sunday,258,"$19,311,400",-39.6%,+17.7%,57,Insidious: Chapter 2,"$6,643,342"
2013,Sep 14,Saturday,257,"$31,954,671",-9.4%,+19.6%,58,Insidious: Chapter 2,"$13,397,398"
2013,Sep 13,Friday,256,"$35,265,297",+796.7%,+90.6%,58,Insidious: Chapter 2,"$20,231,363"
2013,Sep 12,Thursday,255,"$3,932,856",-10.2%,-19.6%,57,Riddick,"$1,009,775"
2013,Sep 11,Wednesday,254,"$4,380,678",-19.5%,-9.9%,57,Riddick,"$1,181,365"
2013,Sep 10,Tuesday,253,"$5,444,456",+23.6%,-14.6%,57,Riddick,"$1,646,710"
2013,Sep 9,Monday,252,"$4,404,040",-73.2%,-82.6%,57,Riddick,"$1,398,150"
2013,Sep 8,Sunday,251,"$16,403,956",-38.6%,-44.2%,60,Riddick,"$4,505,150"
2013,Sep 7,Saturday,250,"$26,727,696",+44.5%,-9.3%,60,Riddick,"$7,208,240"
2013,Sep 6,Friday,249,"$18,502,652",+278.1%,-29.5%,59,Riddick,"$7,316,985"
2013,Sep 5,Thursday,248,"$4,893,465",+0.6%,-35.5%,54,The Butler,"$1,129,967"
2013,Sep 4,Wednesday,247,"$4,863,619",-23.7%,-38.5%,52,The Butler,"$1,056,643"
2013,Sep 3,Tuesday,246,"$6,372,443",-74.8%,-38%,54,The Butler,"$1,348,389"
2013,Sep 2Labor Day,Monday,245,"$25,294,910",-13.9%,+184.2%,56,The Butler,"$5,322,986"
2013,Sep 1,Sunday,244,"$29,378,179",-0.3%,+30.7%,56,The Butler,"$5,696,673"
2013,Aug 31,Saturday,243,"$29,479,246",+12.4%,-13.5%,56,The Butler,"$5,561,003"
2013,Aug 30,Friday,242,"$26,235,255",+245.6%,-2.2%,56,One Direction: This Is Us,"$8,868,530"
2013,Aug 29,Thursday,241,"$7,591,314",-4%,-38.7%,49,The Butler,"$1,716,010"
2013,Aug 28,Wednesday,240,"$7,907,283",-23.1%,-40.4%,49,The Butler,"$1,761,420"
2013,Aug 27,Tuesday,239,"$10,279,658",+15.5%,-30.4%,46,The Butler,"$2,181,547"
2013,Aug 26,Monday,238,"$8,901,308",-60.4%,-29.9%,46,The Butler,"$1,845,504"
2013,Aug 25,Sunday,237,"$22,480,489",-34.1%,-31.8%,50,The Butler,"$4,721,104"
2013,Aug 24,Saturday,236,"$34,096,049",+27%,-22.4%,49,The Butler,"$6,991,645"
2013,Aug 23,Friday,235,"$26,838,951",+116.6%,-26.8%,51,The Butler,"$4,791,063"
2013,Aug 22,Thursday,234,"$12,393,342",-6.6%,-8.5%,46,The Butler,"$2,445,834"
2013,Aug 21,Wednesday,233,"$13,273,501",-10.1%,-11.8%,45,The Mortal Instruments: City of Bones,"$3,006,254"
2013,Aug 20,Tuesday,232,"$14,759,170",+16.2%,-30.9%,44,The Butler,"$3,054,407"
2013,Aug 19,Monday,231,"$12,699,619",-61.5%,-25.9%,44,The Butler,"$2,704,405"
2013,Aug 18,Sunday,230,"$32,969,536",-24.9%,-12.8%,48,The Butler,"$7,023,143"
2013,Aug 17,Saturday,229,"$43,924,221",+19.7%,-17%,48,The Butler,"$9,292,108"
2013,Aug 16,Friday,228,"$36,680,342",+170.7%,-21.9%,48,The Butler,"$8,322,061"
2013,Aug 15,Thursday,227,"$13,549,918",-10%,-27.7%,40,We're the Millers,"$2,948,258"
2013,Aug 14,Wednesday,226,"$15,047,295",-29.6%,-36.5%,40,We're the Millers,"$3,171,471"
2013,Aug 13,Tuesday,225,"$21,373,798",+24.8%,+26.6%,40,We're the Millers,"$4,177,460"
2013,Aug 12,Monday,224,"$17,127,215",-54.7%,+11.3%,40,We're the Millers,"$3,528,117"
2013,Aug 11,Sunday,223,"$37,817,779",-28.5%,+14.8%,44,Elysium,"$7,969,879"
2013,Aug 10,Saturday,222,"$52,894,781",+12.7%,+12.6%,44,Elysium,"$10,749,286"
2013,Aug 9,Friday,221,"$46,938,189",+150.4%,+23.5%,44,Elysium,"$11,088,228"
2013,Aug 8,Thursday,220,"$18,748,940",-20.9%,-8%,43,We're the Millers,"$4,710,550"
2013,Aug 7,Wednesday,219,"$23,691,791",+40.3%,+14%,42,We're the Millers,"$6,778,233"
2013,Aug 6,Tuesday,218,"$16,881,336",+9.7%,-19.3%,39,2 Guns,"$3,145,775"
2013,Aug 5,Monday,217,"$15,392,214",-53.3%,-16%,39,2 Guns,"$2,994,750"
2013,Aug 4,Sunday,216,"$32,955,306",-29.9%,-24.5%,42,2 Guns,"$7,199,500"
2013,Aug 3,Saturday,215,"$46,986,385",+23.7%,-17.6%,42,2 Guns,"$9,922,505"
2013,Aug 2,Friday,214,"$37,996,392",+86.5%,-25.6%,42,2 Guns,"$9,937,125"
2013,Aug 1,Thursday,213,"$20,373,266",-2%,+3.7%,40,The Smurfs 2,"$4,356,891"
2013,Jul 31,Wednesday,212,"$20,783,635",-0.6%,+0.6%,40,The Smurfs 2,"$5,203,980"
2013,Jul 30,Tuesday,211,"$20,905,749",+14.1%,-21.9%,39,The Wolverine,"$5,983,708"
2013,Jul 29,Monday,210,"$18,326,621",-58%,-18.9%,39,The Wolverine,"$5,548,959"
2013,Jul 28,Sunday,209,"$43,636,004",-23.4%,-10.7%,40,The Wolverine,"$14,266,349"
2013,Jul 27,Saturday,208,"$56,989,097",+11.6%,-13.9%,42,The Wolverine,"$18,191,631"
2013,Jul 26,Friday,207,"$51,078,299",+159.9%,-13.8%,42,The Wolverine,"$20,655,772"
2013,Jul 25,Thursday,206,"$19,650,551",-4.9%,-11.9%,44,The Conjuring,"$4,224,379"
2013,Jul 24,Wednesday,205,"$20,657,364",-22.8%,-18.8%,44,The Conjuring,"$4,517,407"
2013,Jul 23,Tuesday,204,"$26,754,665",+18.5%,+3.4%,44,The Conjuring,"$5,603,104"
2013,Jul 22,Monday,203,"$22,585,865",-53.8%,+1.6%,44,The Conjuring,"$5,536,412"
2013,Jul 21,Sunday,202,"$48,837,240",-26.2%,-4.3%,47,The Conjuring,"$10,959,863"
2013,Jul 20,Saturday,201,"$66,186,272",+11.6%,-5%,47,The Conjuring,"$13,939,346"
2013,Jul 19,Friday,200,"$59,282,224",+165.8%,-6%,47,The Conjuring,"$16,956,117"
2013,Jul 18,Thursday,199,"$22,304,335",-12.4%,-1.1%,44,Despicable Me 2,"$5,000,505"
2013,Jul 17,Wednesday,198,"$25,447,257",-1.7%,+2.6%,44,Turbo,"$5,552,403"
2013,Jul 16,Tuesday,197,"$25,876,249",+16.4%,-14.9%,43,Despicable Me 2,"$6,845,130"
2013,Jul 15,Monday,196,"$22,222,419",-56.5%,-16%,43,Despicable Me 2,"$5,644,230"
2013,Jul 14,Sunday,195,"$51,037,268",-26.8%,-16.6%,43,Despicable Me 2,"$13,009,750"
2013,Jul 13,Saturday,194,"$69,691,158",+10.5%,-12.4%,43,Despicable Me 2,"$17,433,065"
2013,Jul 12,Friday,193,"$63,048,853",+179.6%,-19.7%,44,Grown Ups 2,"$16,311,822"
2013,Jul 11,Thursday,192,"$22,548,091",-9.1%,-63.2%,42,Despicable Me 2,"$9,153,130"
2013,Jul 10,Wednesday,191,"$24,805,399",-18.4%,-65%,42,Despicable Me 2,"$9,672,740"
2013,Jul 9,Tuesday,190,"$30,406,926",+15%,+19.4%,43,Despicable Me 2,"$12,070,940"
2013,Jul 8,Monday,189,"$26,441,171",-56.8%,-2.5%,43,Despicable Me 2,"$10,512,110"
2013,Jul 7,Sunday,188,"$61,162,214",-23.1%,+15.5%,42,Despicable Me 2,"$23,662,240"
2013,Jul 6,Saturday,187,"$79,555,272",+1.3%,+14.7%,42,Despicable Me 2,"$29,377,950"
2013,Jul 5,Friday,186,"$78,546,499",+28.1%,+35.1%,42,Despicable Me 2,"$30,477,125"
2013,Jul 4Independence Day,Thursday,185,"$61,315,688",-13.5%,+157.5%,49,Despicable Me 2,"$24,546,980"
2013,Jul 3,Wednesday,184,"$70,884,730",+178.4%,+176%,48,Despicable Me 2,"$35,010,665"
2013,Jul 2,Tuesday,183,"$25,463,033",-6.1%,-18.7%,48,Monsters University,"$7,573,068"
2013,Jul 1,Monday,182,"$27,113,639",-48.8%,-5.1%,47,Monsters University,"$7,898,760"
2013,Jun 30,Sunday,181,"$52,935,518",-23.7%,-19.9%,47,Monsters University,"$13,522,498"
2013,Jun 29,Saturday,180,"$69,350,440",+19.3%,-15.9%,48,Monsters University,"$17,668,664"
2013,Jun 28,Friday,179,"$58,140,404",+144.1%,-27.4%,47,Monsters University,"$14,416,583"
2013,Jun 27,Thursday,178,"$23,813,881",-7.3%,+65.5%,45,Monsters University,"$9,492,291"
2013,Jun 26,Wednesday,177,"$25,687,014",-18%,+37.8%,44,Monsters University,"$10,036,422"
2013,Jun 25,Tuesday,176,"$31,318,573",+9.7%,+37.2%,45,Monsters University,"$11,848,064"
2013,Jun 24,Monday,175,"$28,558,627",-56.8%,+23.9%,45,Monsters University,"$11,019,202"
2013,Jun 23,Sunday,174,"$66,056,165",-19.9%,+8.7%,46,Monsters University,"$23,222,379"
2013,Jun 22,Saturday,173,"$82,479,324",+2.9%,+27.7%,46,Monsters University,"$28,733,991"
2013,Jun 21,Friday,172,"$80,130,977",+457%,+18.1%,46,Monsters University,"$30,473,099"
2013,Jun 20,Thursday,171,"$14,386,556",-22.8%,-46.6%,44,Man of Steel,"$7,011,050"
2013,Jun 19,Wednesday,170,"$18,639,875",-18.3%,-3.4%,43,Man of Steel,"$9,002,279"
2013,Jun 18,Tuesday,169,"$22,826,591",-0.9%,+50.5%,43,Man of Steel,"$11,511,127"
2013,Jun 17,Monday,168,"$23,044,832",-62.1%,+43.1%,43,Man of Steel,"$12,585,005"
2013,Jun 16,Sunday,167,"$60,770,288",-5.9%,+70.1%,43,Man of Steel,"$36,290,677"
2013,Jun 15,Saturday,166,"$64,583,383",-4.8%,+18.2%,43,Man of Steel,"$36,315,318"
2013,Jun 14,Friday,165,"$67,850,384",+151.8%,+33%,43,Man of Steel,"$44,013,367"
2013,Jun 13,Thursday,164,"$26,944,124",+39.7%,+82.2%,44,Man of Steel,"$12,062,124"
2013,Jun 12,Wednesday,163,"$19,290,743",+27.2%,+36.3%,43,This Is the End,"$7,815,952"
2013,Jun 11,Tuesday,162,"$15,170,842",-5.8%,-10.6%,43,The Purge,"$2,686,990"
2013,Jun 10,Monday,161,"$16,098,548",-55%,+12.1%,43,The Purge,"$3,310,105"
2013,Jun 9,Sunday,160,"$35,734,945",-34.6%,-23.1%,45,The Purge,"$6,821,840"
2013,Jun 8,Saturday,159,"$54,644,226",+7.1%,-13.3%,46,The Purge,"$10,460,880"
2013,Jun 7,Friday,158,"$51,005,753",+244.9%,+3.7%,45,The Purge,"$16,775,640"
2013,Jun 6,Thursday,157,"$14,786,608",+4.5%,-0.5%,43,Now You See Me,"$3,061,456"
2013,Jun 5,Wednesday,156,"$14,154,440",-16.6%,-14.7%,43,Now You See Me,"$2,977,310"
2013,Jun 4,Tuesday,155,"$16,965,239",+18.1%,-21.7%,43,Fast & Furious 6,"$3,556,990"
2013,Jun 3,Monday,154,"$14,360,474",-69.1%,-75.2%,42,Fast & Furious 6,"$2,968,500"
2013,Jun 2,Sunday,153,"$46,453,994",-26.3%,-39%,44,Fast & Furious 6,"$10,376,090"
2013,Jun 1,Saturday,152,"$63,011,636",+28.1%,-29.1%,45,Fast & Furious 6,"$14,043,660"
2013,May 31,Friday,151,"$49,202,289",+231.2%,-40.7%,45,Fast & Furious 6,"$10,744,690"
2013,May 30,Thursday,150,"$14,853,940",-10.5%,-33.2%,45,Fast & Furious 6,"$4,993,170"
2013,May 29,Wednesday,149,"$16,592,307",-23.4%,+46.4%,45,Fast & Furious 6,"$5,780,050"
2013,May 28,Tuesday,148,"$21,668,320",-62.6%,+53%,45,Fast & Furious 6,"$8,029,310"
2013,May 27Memorial Day,Monday,147,"$57,928,144",-24%,+268.2%,46,Fast & Furious 6,"$19,661,750"
2013,May 26,Sunday,146,"$76,204,368",-14.3%,+71.4%,46,Fast & Furious 6,"$26,941,170"
2013,May 25,Saturday,145,"$88,879,670",+7.2%,+50.1%,47,Fast & Furious 6,"$31,696,570"
2013,May 24,Friday,144,"$82,948,634",+272.8%,+91.9%,48,Fast & Furious 6,"$38,737,505"
2013,May 23,Thursday,143,"$22,249,981",+96.4%,+12.3%,48,The Hangover Part III,"$11,789,463"
2013,May 22,Wednesday,142,"$11,330,443",-20%,-3.7%,48,Star Trek Into Darkness,"$5,327,026"
2013,May 21,Tuesday,141,"$14,160,988",-10%,+11.2%,48,Star Trek Into Darkness,"$6,761,446"
2013,May 20,Monday,140,"$15,732,124",-64.6%,+41.5%,48,Star Trek Into Darkness,"$7,982,835"
2013,May 19,Sunday,139,"$44,452,397",-24.9%,+3%,50,Star Trek Into Darkness,"$21,594,735"
2013,May 18,Saturday,138,"$59,211,381",+37%,-3.7%,49,Star Trek Into Darkness,"$26,947,822"
2013,May 17,Friday,137,"$43,225,704",+118.2%,-6%,49,Star Trek Into Darkness,"$21,623,002"
2013,May 16,Thursday,136,"$19,811,602",+68.5%,+90.6%,51,Star Trek Into Darkness,"$11,536,422"
2013,May 15,Wednesday,135,"$11,760,801",-7.6%,+8.3%,51,The Great Gatsby,"$3,910,118"
2013,May 14,Tuesday,134,"$12,730,404",+14.5%,-12.9%,50,Iron Man 3,"$5,161,138"
2013,May 13,Monday,133,"$11,121,166",-74.2%,-20.1%,50,Iron Man 3,"$4,615,742"
2013,May 12,Sunday,132,"$43,149,674",-29.8%,-16.8%,54,Iron Man 3,"$20,758,656"
2013,May 11,Saturday,131,"$61,505,248",+33.7%,-20.7%,54,Iron Man 3,"$32,053,127"
2013,May 10,Friday,130,"$45,987,536",+342.5%,-41.9%,53,Iron Man 3,"$19,713,832"
2013,May 9,Thursday,129,"$10,391,979",-4.3%,+126.4%,51,Iron Man 3,"$7,609,602"
2013,May 8,Wednesday,128,"$10,858,039",-25.7%,+108.3%,51,Iron Man 3,"$8,112,391"
2013,May 7,Tuesday,127,"$14,616,350",+5%,+103.4%,51,Iron Man 3,"$11,286,896"
2013,May 6,Monday,126,"$13,916,636",-73.2%,+126.4%,51,Iron Man 3,"$11,267,610"
2013,May 5,Sunday,125,"$51,833,689",-33.2%,+146.7%,52,Iron Man 3,"$43,012,812"
2013,May 4,Saturday,124,"$77,551,831",-2%,+134.6%,52,Iron Man 3,"$62,273,218"
2013,May 3,Friday,123,"$79,103,004","+1,623.6%",+228.7%,52,Iron Man 3,"$68,858,555"
2013,May 2,Thursday,122,"$4,589,496",-12%,-19.3%,50,Pain & Gain,"$1,102,060"
2013,May 1,Wednesday,121,"$5,213,086",-27.5%,-14.6%,50,Pain & Gain,"$1,312,805"
2013,Apr 30,Tuesday,120,"$7,186,093",+16.9%,-9.6%,51,Pain & Gain,"$1,956,630"
2013,Apr 29,Monday,119,"$6,147,463",-70.7%,-4.1%,51,Pain & Gain,"$1,703,075"
2013,Apr 28,Sunday,118,"$21,010,975",-36.5%,-14%,53,Pain & Gain,"$5,410,981"
2013,Apr 27,Saturday,117,"$33,063,232",+37.4%,-21%,53,Oblivion,"$7,811,520"
2013,Apr 26,Friday,116,"$24,067,692",+323.3%,-20.4%,53,Pain & Gain,"$7,491,446"
2013,Apr 25,Thursday,115,"$5,686,011",-6.8%,-13.6%,51,Oblivion,"$2,080,650"
2013,Apr 24,Wednesday,114,"$6,104,031",-23.2%,-4.3%,51,Oblivion,"$2,288,715"
2013,Apr 23,Tuesday,113,"$7,949,123",+24%,-7.6%,53,Oblivion,"$3,158,805"
2013,Apr 22,Monday,112,"$6,412,300",-73.7%,-10.7%,53,Oblivion,"$2,704,845"
2013,Apr 21,Sunday,111,"$24,418,371",-41.7%,-8.6%,54,Oblivion,"$9,041,355"
2013,Apr 20,Saturday,110,"$41,853,857",+38.5%,-8.4%,54,Oblivion,"$14,715,885"
2013,Apr 19,Friday,109,"$30,217,455",+359.3%,-5.7%,54,Oblivion,"$13,297,245"
2013,Apr 18,Thursday,108,"$6,578,342",+3.2%,-9.3%,50,42,"$1,936,385"
2013,Apr 17,Wednesday,107,"$6,376,479",-25.9%,-8.7%,52,42,"$1,855,391"
2013,Apr 16,Tuesday,106,"$8,600,689",+19.8%,-5.4%,51,42,"$2,521,371"
2013,Apr 15,Monday,105,"$7,178,787",-73.1%,-4.7%,51,42,"$2,231,810"
2013,Apr 14,Sunday,104,"$26,708,961",-41.6%,-12.8%,51,42,"$7,085,264"
2013,Apr 13,Saturday,103,"$45,715,109",+42.6%,-9.1%,51,42,"$11,340,057"
2013,Apr 12,Friday,102,"$32,058,883",+341.8%,-27%,51,42,"$9,061,823"
2013,Apr 11,Thursday,101,"$7,255,813",+3.9%,-44.7%,54,Evil Dead,"$1,349,322"
2013,Apr 10,Wednesday,100,"$6,984,578",-23.2%,-44%,54,Evil Dead,"$1,358,320"
2013,Apr 9,Tuesday,99,"$9,095,802",+20.8%,-41.8%,54,Evil Dead,"$1,854,306"
2013,Apr 8,Monday,98,"$7,529,918",-75.4%,-58.5%,53,Evil Dead,"$1,703,987"
2013,Apr 7,Sunday,97,"$30,632,619",-39.1%,-3.5%,54,The Croods,"$5,825,646"
2013,Apr 6,Saturday,96,"$50,282,864",+14.5%,-2.2%,54,G.I. Joe: Retaliation,"$8,928,764"
2013,Apr 5,Friday,95,"$43,911,674",+234.7%,-19.3%,54,Evil Dead,"$11,899,350"
2013,Apr 4,Thursday,94,"$13,118,002",+5.2%,-43.7%,51,The Croods,"$3,662,654"
2013,Apr 3,Wednesday,93,"$12,467,376",-20.2%,+7.9%,51,The Croods,"$3,277,554"
2013,Apr 2,Tuesday,92,"$15,631,269",-13.8%,+7.3%,51,G.I. Joe: Retaliation,"$4,012,941"
2013,Apr 1,Monday,91,"$18,140,506",-42.9%,+47%,51,The Croods,"$5,005,449"
2013,Mar 31Easter Sunday,Sunday,90,"$31,748,241",-38.3%,-9.1%,53,G.I. Joe: Retaliation,"$9,682,790"
2013,Mar 30,Saturday,89,"$51,439,417",-5.4%,-6%,53,G.I. Joe: Retaliation,"$15,497,787"
2013,Mar 29,Friday,88,"$54,389,655",+133.5%,+44.6%,53,G.I. Joe: Retaliation,"$15,321,237"
2013,Mar 28,Thursday,87,"$23,297,230",+101.6%,+267%,50,G.I. Joe: Retaliation,"$10,506,875"
2013,Mar 27,Wednesday,86,"$11,558,442",-20.6%,+72.1%,49,The Croods,"$4,227,300"
2013,Mar 26,Tuesday,85,"$14,564,836",+18.1%,+75.7%,49,The Croods,"$5,025,142"
2013,Mar 25,Monday,84,"$12,336,431",-64.7%,+77.1%,49,The Croods,"$4,201,106"
2013,Mar 24,Sunday,83,"$34,926,583",-36.2%,+43.3%,51,The Croods,"$13,013,520"
2013,Mar 23,Saturday,82,"$54,702,348",+45.4%,+37.1%,51,The Croods,"$18,980,862"
2013,Mar 22,Friday,81,"$37,612,464",+492.5%,+31.5%,51,The Croods,"$11,645,354"
2013,Mar 21,Thursday,80,"$6,347,865",-5.5%,-33.8%,45,Oz the Great and Powerful,"$2,582,193"
2013,Mar 20,Wednesday,79,"$6,716,199",-19%,-29.3%,45,Oz the Great and Powerful,"$2,692,504"
2013,Mar 19,Tuesday,78,"$8,290,727",+19%,-35.4%,45,Oz the Great and Powerful,"$3,293,392"
2013,Mar 18,Monday,77,"$6,966,583",-71.4%,-34.6%,46,Oz the Great and Powerful,"$2,903,718"
2013,Mar 17,Sunday,76,"$24,369,469",-38.9%,-27.5%,45,Oz the Great and Powerful,"$11,646,564"
2013,Mar 16,Saturday,75,"$39,897,427",+39.4%,-25.5%,46,Oz the Great and Powerful,"$18,221,991"
2013,Mar 15,Friday,74,"$28,612,548",+198.6%,-23.5%,45,Oz the Great and Powerful,"$11,384,147"
2013,Mar 14,Thursday,73,"$9,582,304",+0.8%,+82.8%,52,Oz the Great and Powerful,"$5,128,774"
2013,Mar 13,Wednesday,72,"$9,501,979",-26%,+68.9%,51,Oz the Great and Powerful,"$5,134,381"
2013,Mar 12,Tuesday,71,"$12,835,916",+20.5%,+80.1%,51,Oz the Great and Powerful,"$7,108,000"
2013,Mar 11,Monday,70,"$10,655,972",-68.3%,+88.9%,51,Oz the Great and Powerful,"$6,322,016"
2013,Mar 10,Sunday,69,"$33,627,749",-37.2%,+52.2%,51,Oz the Great and Powerful,"$21,996,261"
2013,Mar 9,Saturday,68,"$53,542,550",+43.1%,+35.9%,51,Oz the Great and Powerful,"$33,017,570"
2013,Mar 8,Friday,67,"$37,405,896",+613.6%,+42.1%,51,Oz the Great and Powerful,"$24,096,622"
2013,Mar 7,Thursday,66,"$5,241,744",-6.8%,-2.3%,50,Jack the Giant Slayer,"$1,290,409"
2013,Mar 6,Wednesday,65,"$5,624,202",-21.1%,+5.7%,49,Jack the Giant Slayer,"$1,544,127"
2013,Mar 5,Tuesday,64,"$7,125,634",+26.3%,+3.8%,49,Jack the Giant Slayer,"$2,091,491"
2013,Mar 4,Monday,63,"$5,642,490",-74.5%,+4.9%,49,Jack the Giant Slayer,"$1,663,116"
2013,Mar 3,Sunday,62,"$22,090,477",-43.9%,+9.3%,51,Jack the Giant Slayer,"$7,503,927"
2013,Mar 2,Saturday,61,"$39,410,078",+49.7%,+1.3%,51,Jack the Giant Slayer,"$12,004,736"
2013,Mar 1,Friday,60,"$26,321,135",+390.8%,+4.9%,51,Jack the Giant Slayer,"$7,693,563"
2013,Feb 28,Thursday,59,"$5,362,635",+0.8%,-28.5%,50,Identity Thief,"$998,425"
2013,Feb 27,Wednesday,58,"$5,320,620",-22.5%,-29.2%,50,Identity Thief,"$950,325"
2013,Feb 26,Tuesday,57,"$6,865,181",+27.6%,-31.2%,51,Identity Thief,"$1,224,360"
2013,Feb 25,Monday,56,"$5,379,432",-73.4%,-76%,50,Identity Thief,"$934,380"
2013,Feb 24,Sunday,55,"$20,204,943",-48.1%,-45.5%,51,Snitch,"$3,383,094"
2013,Feb 23,Saturday,54,"$38,909,980",+55%,-22.1%,51,Identity Thief,"$6,668,780"
2013,Feb 22,Friday,53,"$25,102,945",+234.7%,-26.8%,51,Snitch,"$4,162,673"
2013,Feb 21,Thursday,52,"$7,499,032",-0.2%,-76.6%,51,Identity Thief,"$1,519,200"
2013,Feb 20,Wednesday,51,"$7,513,316",-24.7%,+38.3%,51,Identity Thief,"$1,471,725"
2013,Feb 19,Tuesday,50,"$9,975,544",-55.4%,+39.8%,51,A Good Day to Die Hard,"$2,105,433"
2013,Feb 18Presidents' Day,Monday,49,"$22,382,361",-39.7%,+253.1%,55,Escape from Planet Earth,"$5,210,921"
2013,Feb 17,Sunday,48,"$37,091,869",-25.8%,+74.2%,55,A Good Day to Die Hard,"$7,464,595"
2013,Feb 16,Saturday,47,"$49,977,181",+45.7%,+34.5%,55,A Good Day to Die Hard,"$10,165,916"
2013,Feb 15,Friday,46,"$34,289,907",+7%,+43.2%,55,A Good Day to Die Hard,"$7,204,334"
2013,Feb 14,Thursday,45,"$32,039,196",+489.6%,+577.1%,54,Safe Haven,"$8,828,918"
2013,Feb 13,Wednesday,44,"$5,433,890",-23.9%,+10.6%,52,Identity Thief,"$2,041,655"
2013,Feb 12,Tuesday,43,"$7,137,414",+12.6%,+13.5%,52,Identity Thief,"$2,826,900"
2013,Feb 11,Monday,42,"$6,339,230",-70.2%,+24.7%,52,Identity Thief,"$2,497,095"
2013,Feb 10,Sunday,41,"$21,291,997",-42.7%,+102.3%,55,Identity Thief,"$8,653,455"
2013,Feb 9,Saturday,40,"$37,159,344",+55.2%,+16.8%,55,Identity Thief,"$14,809,815"
2013,Feb 8,Friday,39,"$23,942,623",+406%,+5.8%,55,Identity Thief,"$11,087,755"
2013,Feb 7,Thursday,38,"$4,731,796",-3.7%,-16%,50,Warm Bodies,"$1,019,533"
2013,Feb 6,Wednesday,37,"$4,911,367",-21.9%,-9.2%,49,Warm Bodies,"$1,059,135"
2013,Feb 5,Tuesday,36,"$6,289,246",+23.7%,-12.2%,49,Warm Bodies,"$1,439,550"
2013,Feb 4,Monday,35,"$5,083,904",-51.7%,-12.1%,49,Warm Bodies,"$1,252,897"
2013,Feb 3,Sunday,34,"$10,527,320",-66.9%,-50.4%,53,Warm Bodies,"$3,188,270"
2013,Feb 2,Saturday,33,"$31,809,524",+40.6%,-14.1%,52,Warm Bodies,"$9,025,393"
2013,Feb 1,Friday,32,"$22,622,347",+301.5%,-1.7%,52,Warm Bodies,"$8,140,304"
2013,Jan 31,Thursday,31,"$5,635,109",+4.2%,-14.4%,46,Hansel & Gretel: Witch Hunters,"$1,220,048"
2013,Jan 30,Wednesday,30,"$5,408,559",-24.5%,-15.4%,45,Hansel & Gretel: Witch Hunters,"$1,173,361"
2013,Jan 29,Tuesday,29,"$7,166,376",+23.8%,-14%,45,Hansel & Gretel: Witch Hunters,"$1,734,256"
2013,Jan 28,Monday,28,"$5,786,753",-72.7%,-68.4%,45,Hansel & Gretel: Witch Hunters,"$1,434,173"
2013,Jan 27,Sunday,27,"$21,222,346",-42.7%,-26.2%,49,Hansel & Gretel: Witch Hunters,"$5,396,098"
2013,Jan 26,Saturday,26,"$37,025,592",+60.8%,-18.8%,50,Hansel & Gretel: Witch Hunters,"$8,276,687"
2013,Jan 25,Friday,25,"$23,021,500",+249.7%,-31.1%,49,Hansel & Gretel: Witch Hunters,"$6,018,171"
2013,Jan 24,Thursday,24,"$6,583,259",+3%,-22.9%,49,Mama,"$1,098,505"
2013,Jan 23,Wednesday,23,"$6,393,883",-23.3%,-24.9%,50,Mama,"$1,032,330"
2013,Jan 22,Tuesday,22,"$8,333,396",-54.6%,-24.3%,49,Mama,"$1,508,790"
2013,Jan 21MLK Day,Monday,21,"$18,337,137",-36.2%,+94.1%,51,Mama,"$3,745,505"
2013,Jan 20,Sunday,20,"$28,744,310",-37%,+3.3%,51,Mama,"$7,464,540"
2013,Jan 19,Saturday,19,"$45,601,966",+36.6%,-1.5%,51,Mama,"$10,839,465"
2013,Jan 18,Friday,18,"$33,392,122",+291%,-12.4%,51,Mama,"$10,098,305"
2013,Jan 17,Thursday,17,"$8,539,213",+0.4%,-0.2%,46,Zero Dark Thirty,"$1,830,748"
2013,Jan 16,Wednesday,16,"$8,508,292",-22.8%,+2.5%,46,Zero Dark Thirty,"$1,847,754"
2013,Jan 15,Tuesday,15,"$11,014,649",+16.6%,+3.2%,47,Zero Dark Thirty,"$2,443,811"
2013,Jan 14,Monday,14,"$9,447,455",-66.1%,+10.4%,47,Zero Dark Thirty,"$2,302,701"
2013,Jan 13,Sunday,13,"$27,835,945",-39.9%,-0.7%,51,Zero Dark Thirty,"$6,050,267"
2013,Jan 12,Saturday,12,"$46,294,515",+21.5%,-5.2%,51,Zero Dark Thirty,"$9,354,467"
2013,Jan 11,Friday,11,"$38,104,371",+345.3%,-4.3%,50,Zero Dark Thirty,"$9,034,202"
2013,Jan 10,Thursday,10,"$8,556,566",+3.1%,-56.7%,47,Django Unchained,"$1,871,443"
2013,Jan 9,Wednesday,9,"$8,300,876",-22.2%,-62.9%,47,Django Unchained,"$1,882,028"
2013,Jan 8,Tuesday,8,"$10,674,332",+24.8%,-77.2%,46,Django Unchained,"$2,428,066"
2013,Jan 7,Monday,7,"$8,555,917",-69.5%,-76.1%,46,Django Unchained,"$1,872,463"
2013,Jan 6,Sunday,6,"$28,028,765",-42.6%,-39.3%,48,Django Unchained,"$5,406,158"
2013,Jan 5,Saturday,5,"$48,815,166",+22.7%,-14.5%,49,Django Unchained,"$8,426,744"
2013,Jan 4,Friday,4,"$39,795,766",+101.4%,-23.4%,49,Texas Chainsaw,"$10,227,996"
2013,Jan 3,Thursday,3,"$19,758,976",-11.8%,-56.8%,49,Django Unchained,"$3,884,067"
2013,Jan 2,Wednesday,2,"$22,394,295",-52.3%,-56.9%,49,Django Unchained,"$4,551,813"
2013,Jan 1New Year's Day,Tuesday,1,"$46,905,180",+31%,-31.1%,53,The Hobbit: An Unexpected Journey,"$9,454,721"
2014,Dec 31New Year's Eve,Wednesday,365,"$33,400,735",-12.4%,+110%,49,The Hobbit: The Battle of the Five Armies,"$6,001,672"
2014,Dec 30,Tuesday,364,"$38,119,055",+9.2%,+48.8%,49,The Hobbit: The Battle of the Five Armies,"$7,972,307"
2014,Dec 29,Monday,363,"$34,909,156",-26.4%,+54.5%,49,The Hobbit: The Battle of the Five Armies,"$7,557,834"
2014,Dec 28,Sunday,362,"$47,402,342",-25.2%,+28%,48,The Hobbit: The Battle of the Five Armies,"$11,010,085"
2014,Dec 27,Saturday,361,"$63,376,195",-6.4%,+32.1%,48,The Hobbit: The Battle of the Five Armies,"$14,302,456"
2014,Dec 26,Friday,360,"$67,721,150",-4.4%,+82.8%,48,The Hobbit: The Battle of the Five Armies,"$15,608,854"
2014,Dec 25Christmas Day,Thursday,359,"$70,818,446",+5.4%,+23.3%,49,Unbroken,"$15,434,400"
2014,Dec 24,Wednesday,358,"$15,904,649",-37.9%,-45.9%,42,The Hobbit: The Battle of the Five Armies,"$6,024,132"
2014,Dec 23,Tuesday,357,"$25,615,878",+13.3%,+253.9%,43,The Hobbit: The Battle of the Five Armies,"$9,803,414"
2014,Dec 22,Monday,356,"$22,599,868",-39%,+275.2%,43,The Hobbit: The Battle of the Five Armies,"$9,007,010"
2014,Dec 21,Sunday,355,"$37,021,438",-22.8%,+95.1%,44,The Hobbit: The Battle of the Five Armies,"$16,763,949"
2014,Dec 20,Saturday,354,"$47,985,403",+29.5%,+51.1%,44,The Hobbit: The Battle of the Five Armies,"$21,397,014"
2014,Dec 19,Friday,353,"$37,052,544",+148.5%,+60.6%,44,The Hobbit: The Battle of the Five Armies,"$16,563,371"
2014,Dec 18,Thursday,352,"$14,911,757",-49.3%,+217.4%,45,The Hobbit: The Battle of the Five Armies,"$9,955,093"
2014,Dec 17,Wednesday,351,"$29,413,896",+306.4%,+538.1%,44,The Hobbit: The Battle of the Five Armies,"$24,452,117"
2014,Dec 16,Tuesday,350,"$7,237,381",+20.2%,+25%,43,Exodus: Gods and Kings,"$2,209,485"
2014,Dec 15,Monday,349,"$6,023,603",-68.3%,+33.4%,44,Exodus: Gods and Kings,"$1,972,434"
2014,Dec 14,Sunday,348,"$18,973,016",-40.3%,+6.8%,45,Exodus: Gods and Kings,"$6,001,967"
2014,Dec 13,Saturday,347,"$31,765,671",+37.7%,+1.2%,45,Exodus: Gods and Kings,"$9,246,422"
2014,Dec 12,Friday,346,"$23,069,451",+391.1%,+21.6%,45,Exodus: Gods and Kings,"$8,867,545"
2014,Dec 11,Thursday,345,"$4,697,657",+1.9%,-27.6%,46,The Hunger Games: Mockingjay - Part 1,"$1,431,583"
2014,Dec 10,Wednesday,344,"$4,609,389",-20.4%,-29.3%,47,The Hunger Games: Mockingjay - Part 1,"$1,389,399"
2014,Dec 9,Tuesday,343,"$5,789,646",+28.2%,-32.9%,46,The Hunger Games: Mockingjay - Part 1,"$1,785,778"
2014,Dec 8,Monday,342,"$4,515,534",-74.6%,-36.4%,46,The Hunger Games: Mockingjay - Part 1,"$1,437,896"
2014,Dec 7,Sunday,341,"$17,759,121",-43.4%,-41%,46,The Hunger Games: Mockingjay - Part 1,"$5,449,393"
2014,Dec 6,Saturday,340,"$31,380,030",+65.5%,-46.7%,46,The Hunger Games: Mockingjay - Part 1,"$9,914,689"
2014,Dec 5,Friday,339,"$18,964,767",+192.4%,-69.8%,46,The Hunger Games: Mockingjay - Part 1,"$6,662,680"
2014,Dec 4,Thursday,338,"$6,486,272",-0.6%,-76.2%,50,The Hunger Games: Mockingjay - Part 1,"$2,317,894"
2014,Dec 3,Wednesday,337,"$6,523,598",-24.4%,-81.7%,51,The Hunger Games: Mockingjay - Part 1,"$2,332,453"
2014,Dec 2,Tuesday,336,"$8,634,566",+21.6%,-59.3%,50,The Hunger Games: Mockingjay - Part 1,"$3,160,145"
2014,Dec 1,Monday,335,"$7,101,157",-76.4%,-53.9%,49,The Hunger Games: Mockingjay - Part 1,"$2,635,435"
2014,Nov 30,Sunday,334,"$30,093,521",-48.9%,-30.3%,50,The Hunger Games: Mockingjay - Part 1,"$10,780,932"
2014,Nov 29,Saturday,333,"$58,898,760",-6.3%,-15.2%,50,The Hunger Games: Mockingjay - Part 1,"$21,992,225"
2014,Nov 28,Friday,332,"$62,872,698",+130.3%,-12.5%,50,The Hunger Games: Mockingjay - Part 1,"$24,199,442"
2014,Nov 27Thanksgiving,Thursday,331,"$27,300,436",-23.6%,+354.6%,49,The Hunger Games: Mockingjay - Part 1,"$11,079,983"
2014,Nov 26,Wednesday,330,"$35,710,584",+68.4%,+425.6%,49,The Hunger Games: Mockingjay - Part 1,"$14,620,517"
2014,Nov 25,Tuesday,329,"$21,206,963",+37.5%,+127.6%,47,The Hunger Games: Mockingjay - Part 1,"$12,131,853"
2014,Nov 24,Monday,328,"$15,419,089",-64.3%,+104.5%,48,The Hunger Games: Mockingjay - Part 1,"$8,978,318"
2014,Nov 23,Sunday,327,"$43,159,181",-37.9%,+35.4%,46,The Hunger Games: Mockingjay - Part 1,"$25,851,819"
2014,Nov 22,Saturday,326,"$69,474,818",-3.3%,+26.6%,46,The Hunger Games: Mockingjay - Part 1,"$40,905,873"
2014,Nov 21,Friday,325,"$71,833,356","+1,096.2%",+84.1%,46,The Hunger Games: Mockingjay - Part 1,"$55,139,942"
2014,Nov 20,Thursday,324,"$6,005,234",-11.6%,-24.3%,51,Interstellar,"$1,811,803"
2014,Nov 19,Wednesday,323,"$6,794,457",-27.1%,-15.9%,51,Interstellar,"$2,022,943"
2014,Nov 18,Tuesday,322,"$9,317,112",+23.6%,-61.4%,51,Interstellar,"$2,666,312"
2014,Nov 17,Monday,321,"$7,539,116",-76.3%,-48.7%,51,Interstellar,"$2,163,528"
2014,Nov 16,Sunday,320,"$31,871,601",-41.9%,-17.6%,52,Big Hero 6,"$10,274,455"
2014,Nov 15,Saturday,319,"$54,858,239",+40.6%,-8.2%,53,Big Hero 6,"$16,404,851"
2014,Nov 14,Friday,318,"$39,021,769",+392.1%,-11.8%,52,Dumb and Dumber To,"$14,226,115"
2014,Nov 13,Thursday,317,"$7,929,468",-1.9%,+35%,52,Interstellar,"$3,366,661"
2014,Nov 12,Wednesday,316,"$8,082,419",-66.5%,+23.8%,54,Interstellar,"$3,416,154"
2014,Nov 11,Tuesday,315,"$24,138,220",+64.1%,+182.6%,52,Big Hero 6,"$10,508,182"
2014,Nov 10,Monday,314,"$14,708,989",-62%,+143.8%,51,Interstellar,"$5,274,857"
2014,Nov 9,Sunday,313,"$38,666,528",-35.3%,+89.3%,53,Big Hero 6,"$16,356,239"
2014,Nov 8,Saturday,312,"$59,745,315",+35%,+62%,52,Big Hero 6,"$24,050,595"
2014,Nov 7,Friday,311,"$44,252,038",+653.2%,+152.1%,52,Interstellar,"$16,871,009"
2014,Nov 6,Thursday,310,"$5,875,057",-10%,-11.5%,52,Fury,"$820,269"
2014,Nov 5,Wednesday,309,"$6,529,675",-23.5%,-1.5%,54,Interstellar,"$1,350,209"
2014,Nov 4,Tuesday,308,"$8,540,347",+41.6%,-5%,51,Nightcrawler,"$1,235,750"
2014,Nov 3,Monday,307,"$6,032,207",-70.5%,-13.6%,51,Nightcrawler,"$950,530"
2014,Nov 2,Sunday,306,"$20,430,279",-44.6%,-15.8%,53,The Book of Life,"$2,965,994"
2014,Nov 1,Saturday,305,"$36,887,533",+110.1%,-8.6%,53,Ouija,"$5,000,775"
2014,Oct 31Halloween,Friday,304,"$17,553,216",+164.4%,-45.9%,54,Ouija,"$3,436,620"
2014,Oct 30,Thursday,303,"$6,638,622",+0.2%,-15.2%,50,Fury,"$1,107,483"
2014,Oct 29,Wednesday,302,"$6,627,666",-26.2%,-18.5%,51,John Wick,"$1,143,559"
2014,Oct 28,Tuesday,301,"$8,986,640",+28.7%,-14.7%,51,John Wick,"$1,622,334"
2014,Oct 27,Monday,300,"$6,983,014",-71.2%,-19.9%,50,John Wick,"$1,301,034"
2014,Oct 26,Sunday,299,"$24,266,297",-39.9%,-15.8%,52,Ouija,"$3,929,685"
2014,Oct 25,Saturday,298,"$40,380,008",+24.5%,-17.4%,52,Ouija,"$7,644,900"
2014,Oct 24,Friday,297,"$32,425,274",+314.2%,-13.6%,52,Ouija,"$8,301,410"
2014,Oct 23,Thursday,296,"$7,827,800",-3.8%,-8.6%,52,Fury,"$2,024,267"
2014,Oct 22,Wednesday,295,"$8,136,177",-22.8%,-7.7%,53,Fury,"$2,129,575"
2014,Oct 21,Tuesday,294,"$10,534,364",+20.8%,-6.8%,53,Fury,"$2,836,980"
2014,Oct 20,Monday,293,"$8,721,630",-69.7%,-54%,53,Fury,"$2,357,185"
2014,Oct 19,Sunday,292,"$28,815,383",-41%,-15.7%,56,Fury,"$5,756,470"
2014,Oct 18,Saturday,291,"$48,870,273",+30.2%,-10.8%,58,Fury,"$9,122,797"
2014,Oct 17,Friday,290,"$37,547,766",+338.5%,-12.3%,56,Fury,"$8,823,154"
2014,Oct 16,Thursday,289,"$8,562,519",-2.8%,-4.2%,57,Gone Girl,"$2,271,612"
2014,Oct 15,Wednesday,288,"$8,811,941",-22.1%,-0.8%,60,Gone Girl,"$2,345,806"
2014,Oct 14,Tuesday,287,"$11,308,159",-40.3%,-4.9%,58,Gone Girl,"$2,810,909"
2014,Oct 13Indig. Peoples' Day,Monday,286,"$18,951,627",-44.5%,+98.2%,60,Gone Girl,"$3,953,213"
2014,Oct 12,Sunday,285,"$34,175,985",-37.6%,+6.4%,62,Gone Girl,"$7,022,720"
2014,Oct 11,Saturday,284,"$54,804,494",+28%,-5%,62,Gone Girl,"$11,245,191"
2014,Oct 10,Friday,283,"$42,818,136",+379.3%,-7.7%,61,Dracula Untold,"$8,920,830"
2014,Oct 9,Thursday,282,"$8,933,549",+0.6%,+64.7%,52,Gone Girl,"$3,281,568"
2014,Oct 8,Wednesday,281,"$8,879,263",-25.3%,+44.3%,55,Gone Girl,"$3,253,521"
2014,Oct 7,Tuesday,280,"$11,887,904",+24.3%,+42.8%,54,Gone Girl,"$4,157,423"
2014,Oct 6,Monday,279,"$9,563,659",-70.2%,+43.4%,55,Gone Girl,"$3,275,569"
2014,Oct 5,Sunday,278,"$32,128,660",-44.3%,+34.1%,57,Gone Girl,"$9,158,205"
2014,Oct 4,Saturday,277,"$57,714,516",+24.4%,+39.3%,57,Gone Girl,"$15,175,369"
2014,Oct 3,Friday,276,"$46,405,985",+755.6%,+51.6%,58,Annabelle,"$15,453,016"
2014,Oct 2,Thursday,275,"$5,423,531",-11.9%,-14.3%,56,The Equalizer,"$2,179,125"
2014,Oct 1,Wednesday,274,"$6,153,973",-26.1%,+10.1%,55,The Equalizer,"$2,567,660"
2014,Sep 30,Tuesday,273,"$8,324,096",+24.8%,+15.2%,53,The Equalizer,"$3,631,659"
2014,Sep 29,Monday,272,"$6,670,978",-72.1%,+18.3%,53,The Equalizer,"$2,970,345"
2014,Sep 28,Sunday,271,"$23,953,093",-42.2%,+9.4%,57,The Equalizer,"$8,150,390"
2014,Sep 27,Saturday,270,"$41,424,765",+35.3%,+5.8%,58,The Equalizer,"$13,491,996"
2014,Sep 26,Friday,269,"$30,615,744",+384%,+5.7%,55,The Equalizer,"$12,495,441"
2014,Sep 25,Thursday,268,"$6,324,984",+13.1%,+66.7%,54,The Maze Runner,"$1,983,698"
2014,Sep 24,Wednesday,267,"$5,591,215",-22.6%,+32.3%,54,The Maze Runner,"$1,765,224"
2014,Sep 23,Tuesday,266,"$7,223,829",+28.1%,+22.6%,54,The Maze Runner,"$2,390,967"
2014,Sep 22,Monday,265,"$5,639,070",-74.3%,+21.8%,54,The Maze Runner,"$1,865,634"
2014,Sep 21,Sunday,264,"$21,900,825",-44%,+21.9%,58,The Maze Runner,"$7,782,073"
2014,Sep 20,Saturday,263,"$39,140,524",+35.1%,+19.5%,57,The Maze Runner,"$13,469,870"
2014,Sep 19,Friday,262,"$28,962,318",+663.5%,+28.2%,57,The Maze Runner,"$11,260,861"
2014,Sep 18,Thursday,261,"$3,793,499",-10.2%,+5.7%,56,No Good Deed,"$1,047,165"
2014,Sep 17,Wednesday,260,"$4,225,400",-28.3%,+19.2%,54,No Good Deed,"$1,178,729"
2014,Sep 16,Tuesday,259,"$5,894,056",+27.3%,+27.2%,53,No Good Deed,"$1,821,612"
2014,Sep 15,Monday,258,"$4,631,608",-74.2%,+35.8%,53,No Good Deed,"$1,610,263"
2014,Sep 14,Sunday,257,"$17,971,276",-45.1%,+51.9%,55,No Good Deed,"$5,646,803"
2014,Sep 13,Saturday,256,"$32,759,129",+45%,+42.1%,56,No Good Deed,"$9,783,147"
2014,Sep 12,Friday,255,"$22,600,087",+529.5%,+71.2%,55,No Good Deed,"$8,820,333"
2014,Sep 11,Thursday,254,"$3,590,148",+1.3%,-16.3%,52,Guardians of the Galaxy,"$727,245"
2014,Sep 10,Wednesday,253,"$3,545,093",-23.5%,-24.5%,53,Guardians of the Galaxy,"$728,882"
2014,Sep 9,Tuesday,252,"$4,635,494",+35.9%,-31.4%,51,Guardians of the Galaxy,"$941,747"
2014,Sep 8,Monday,251,"$3,411,151",-71.2%,-86%,51,Guardians of the Galaxy,"$721,759"
2014,Sep 7,Sunday,250,"$11,833,378",-48.7%,-62.6%,52,Guardians of the Galaxy,"$2,599,715"
2014,Sep 6,Saturday,249,"$23,046,979",+74.6%,-22.8%,52,Guardians of the Galaxy,"$5,050,351"
2014,Sep 5,Friday,248,"$13,203,011",+207.6%,-38.1%,52,Guardians of the Galaxy,"$2,707,279"
2014,Sep 4,Thursday,247,"$4,291,857",-8.6%,-45.3%,50,Guardians of the Galaxy,"$841,150"
2014,Sep 3,Wednesday,246,"$4,697,760",-30.5%,-40.7%,50,Guardians of the Galaxy,"$974,670"
2014,Sep 2,Tuesday,245,"$6,758,767",-72.3%,-37%,50,Guardians of the Galaxy,"$1,387,915"
2014,Sep 1Labor Day,Monday,244,"$24,404,702",-22.8%,+189.9%,51,Guardians of the Galaxy,"$5,824,589"
2014,Aug 31,Sunday,243,"$31,597,857",+5.8%,+23.8%,49,Guardians of the Galaxy,"$7,015,565"
2014,Aug 30,Saturday,242,"$29,856,586",+40%,-25.4%,49,Guardians of the Galaxy,"$6,220,274"
2014,Aug 29,Friday,241,"$21,321,073",+171.8%,-32.6%,49,Guardians of the Galaxy,"$3,846,423"
2014,Aug 28,Thursday,240,"$7,843,895",-1%,-29%,47,Guardians of the Galaxy,"$1,562,456"
2014,Aug 27,Wednesday,239,"$7,924,145",-26.2%,-32.1%,48,Guardians of the Galaxy,"$1,507,039"
2014,Aug 26,Tuesday,238,"$10,735,021",+27.5%,-33.7%,48,Guardians of the Galaxy,"$2,109,302"
2014,Aug 25,Monday,237,"$8,418,871",-67%,-35.6%,47,Guardians of the Galaxy,"$1,662,402"
2014,Aug 24,Sunday,236,"$25,523,842",-36.2%,-30.3%,50,Guardians of the Galaxy,"$4,902,775"
2014,Aug 23,Saturday,235,"$39,997,934",+26.3%,-19.4%,49,Guardians of the Galaxy,"$7,480,888"
2014,Aug 22,Friday,234,"$31,656,738",+186.4%,-18.4%,50,If I Stay,"$6,827,007"
2014,Aug 21,Thursday,233,"$11,054,655",-5.2%,-33.6%,54,Guardians of the Galaxy,"$2,573,025"
2014,Aug 20,Wednesday,232,"$11,661,818",-28%,-44.8%,53,Guardians of the Galaxy,"$2,623,129"
2014,Aug 19,Tuesday,231,"$16,200,050",+23.9%,-30%,52,Teenage Mutant Ninja Turtles,"$3,513,719"
2014,Aug 18,Monday,230,"$13,072,646",-64.3%,-31.3%,52,Guardians of the Galaxy,"$2,884,902"
2014,Aug 17,Sunday,229,"$36,612,176",-26.2%,-23%,53,Teenage Mutant Ninja Turtles,"$8,894,556"
2014,Aug 16,Saturday,228,"$49,613,794",+27.9%,-21.4%,55,Teenage Mutant Ninja Turtles,"$11,618,104"
2014,Aug 15,Friday,227,"$38,801,790",+133.2%,-34.3%,53,Teenage Mutant Ninja Turtles,"$8,010,487"
2014,Aug 14,Thursday,226,"$16,641,078",-21.2%,+19.7%,53,Teenage Mutant Ninja Turtles,"$4,317,208"
2014,Aug 13,Wednesday,225,"$21,110,555",-8.8%,+24.1%,53,Let's Be Cops,"$5,205,858"
2014,Aug 12,Tuesday,224,"$23,150,549",+21.6%,+1.6%,52,Teenage Mutant Ninja Turtles,"$7,570,117"
2014,Aug 11,Monday,223,"$19,039,876",-59.9%,-8.4%,54,Teenage Mutant Ninja Turtles,"$6,670,138"
2014,Aug 10,Sunday,222,"$47,526,485",-24.7%,+1%,57,Teenage Mutant Ninja Turtles,"$17,810,885"
2014,Aug 9,Saturday,221,"$63,134,114",+6.9%,+4.5%,58,Teenage Mutant Ninja Turtles,"$22,162,059"
2014,Aug 8,Friday,220,"$59,057,750",+324.6%,-2.1%,57,Teenage Mutant Ninja Turtles,"$25,602,161"
2014,Aug 7,Thursday,219,"$13,907,660",-18.3%,+17.2%,50,Guardians of the Galaxy,"$7,631,397"
2014,Aug 6,Wednesday,218,"$17,013,131",-25.3%,+24.8%,50,Guardians of the Galaxy,"$8,808,382"
2014,Aug 5,Tuesday,217,"$22,786,305",+9.7%,+22.6%,50,Guardians of the Galaxy,"$11,907,821"
2014,Aug 4,Monday,216,"$20,776,594",-55.8%,+25.6%,49,Guardians of the Galaxy,"$11,722,356"
2014,Aug 3,Sunday,215,"$47,040,392",-22.2%,+23.2%,55,Guardians of the Galaxy,"$25,485,690"
2014,Aug 2,Saturday,214,"$60,428,240",+0.2%,+25.2%,53,Guardians of the Galaxy,"$30,989,857"
2014,Aug 1,Friday,213,"$60,314,983",+408.1%,+32.1%,54,Guardians of the Galaxy,"$37,845,336"
2014,Jul 31,Thursday,212,"$11,870,627",-12.9%,-5.8%,50,Lucy,"$3,234,890"
2014,Jul 30,Wednesday,211,"$13,634,087",-26.7%,-6.7%,50,Lucy,"$3,744,140"
2014,Jul 29,Tuesday,210,"$18,590,136",+12.4%,+2.1%,50,Lucy,"$5,441,695"
2014,Jul 28,Monday,209,"$16,545,438",-56.7%,+9.3%,50,Lucy,"$4,967,320"
2014,Jul 27,Sunday,208,"$38,172,148",-20.9%,+6.4%,53,Lucy,"$11,786,650"
2014,Jul 26,Saturday,207,"$48,267,288",+5.7%,-2.7%,52,Lucy,"$15,024,580"
2014,Jul 25,Friday,206,"$45,654,873",+262.2%,+1.3%,52,Lucy,"$17,088,110"
2014,Jul 24,Thursday,205,"$12,605,677",-13.8%,-3.6%,44,Dawn of the Planet of the Apes,"$3,312,183"
2014,Jul 23,Wednesday,204,"$14,620,541",-19.7%,-7.2%,44,Dawn of the Planet of the Apes,"$3,886,167"
2014,Jul 22,Tuesday,203,"$18,210,044",+20.3%,-14.1%,42,Dawn of the Planet of the Apes,"$5,076,572"
2014,Jul 21,Monday,202,"$15,140,097",-57.8%,-10.4%,42,Dawn of the Planet of the Apes,"$4,206,553"
2014,Jul 20,Sunday,201,"$35,872,742",-27.7%,-2.9%,45,Dawn of the Planet of the Apes,"$11,059,498"
2014,Jul 19,Saturday,200,"$49,629,195",+10.2%,-1.1%,45,Dawn of the Planet of the Apes,"$14,774,045"
2014,Jul 18,Friday,199,"$45,048,634",+244.6%,-3.6%,45,The Purge: Anarchy,"$13,006,545"
2014,Jul 17,Thursday,198,"$13,073,435",-17%,-1.3%,43,Dawn of the Planet of the Apes,"$5,826,776"
2014,Jul 16,Wednesday,197,"$15,749,629",-25.7%,+13.1%,42,Dawn of the Planet of the Apes,"$6,676,696"
2014,Jul 15,Tuesday,196,"$21,196,218",+25.4%,+14.2%,42,Dawn of the Planet of the Apes,"$9,621,188"
2014,Jul 14,Monday,195,"$16,898,549",-54.3%,+5.9%,43,Dawn of the Planet of the Apes,"$8,216,757"
2014,Jul 13World Cup (Brazil),Sunday,194,"$36,947,019",-26.4%,+4.3%,44,Dawn of the Planet of the Apes,"$19,465,117"
2014,Jul 12World Cup (Brazil),Saturday,193,"$50,185,210",+7.4%,+8.1%,45,Dawn of the Planet of the Apes,"$25,501,223"
2014,Jul 11World Cup (Brazil),Friday,192,"$46,710,965",+252.7%,+39.4%,44,Dawn of the Planet of the Apes,"$27,645,087"
2014,Jul 10World Cup (Brazil),Thursday,191,"$13,244,537",-4.9%,-55.6%,41,Transformers: Age of Extinction,"$3,450,198"
2014,Jul 9World Cup (Brazil),Wednesday,190,"$13,920,000",-25%,-48.4%,40,Transformers: Age of Extinction,"$3,684,571"
2014,Jul 8World Cup (Brazil),Tuesday,189,"$18,554,711",+16.3%,-14.7%,39,Transformers: Age of Extinction,"$5,230,389"
2014,Jul 7World Cup (Brazil),Monday,188,"$15,959,089",-54.9%,-25.3%,41,Transformers: Age of Extinction,"$4,770,186"
2014,Jul 6World Cup (Brazil),Sunday,187,"$35,421,549",-23.7%,-23.5%,43,Transformers: Age of Extinction,"$11,625,260"
2014,Jul 5World Cup (Brazil),Saturday,186,"$46,425,414",+38.6%,-23.3%,43,Transformers: Age of Extinction,"$14,805,256"
2014,Jul 4Independence DayWorld Cup (Brazil),Friday,185,"$33,498,583",+12.2%,-47.8%,44,Transformers: Age of Extinction,"$10,619,669"
2014,Jul 3World Cup (Brazil),Thursday,184,"$29,853,611",+10.6%,+108.9%,47,Transformers: Age of Extinction,"$9,660,418"
2014,Jul 2World Cup (Brazil),Wednesday,183,"$26,989,870",+24.1%,+63.4%,48,Transformers: Age of Extinction,"$7,732,244"
2014,Jul 1World Cup (Brazil),Tuesday,182,"$21,751,961",+1.9%,+5.7%,44,Transformers: Age of Extinction,"$10,410,443"
2014,Jun 30World Cup (Brazil),Monday,181,"$21,351,319",-53.9%,+30.5%,43,Transformers: Age of Extinction,"$10,504,274"
2014,Jun 29World Cup (Brazil),Sunday,180,"$46,312,005",-23.5%,+29.4%,44,Transformers: Age of Extinction,"$25,735,547"
2014,Jun 28World Cup (Brazil),Saturday,179,"$60,506,189",-5.8%,+13.7%,44,Transformers: Age of Extinction,"$32,434,708"
2014,Jun 27World Cup (Brazil),Friday,178,"$64,219,488",+349.4%,+37.1%,44,Transformers: Age of Extinction,"$41,868,135"
2014,Jun 26World Cup (Brazil),Thursday,177,"$14,289,130",-13.5%,-24.2%,43,How to Train Your Dragon 2,"$3,134,774"
2014,Jun 25World Cup (Brazil),Wednesday,176,"$16,519,423",-19.7%,-14.5%,44,How to Train Your Dragon 2,"$3,524,302"
2014,Jun 24World Cup (Brazil),Tuesday,175,"$20,575,246",+25.8%,-13.1%,42,22 Jump Street,"$4,465,576"
2014,Jun 23World Cup (Brazil),Monday,174,"$16,359,592",-54.3%,-20%,42,22 Jump Street,"$3,638,450"
2014,Jun 22World Cup (Brazil),Sunday,173,"$35,778,472",-32.7%,-24.9%,45,22 Jump Street,"$7,323,082"
2014,Jun 21World Cup (Brazil),Saturday,172,"$53,200,613",+13.6%,-15.9%,46,22 Jump Street,"$10,812,737"
2014,Jun 20World Cup (Brazil),Friday,171,"$46,829,984",+148.4%,-29.4%,45,Think Like a Man Too,"$12,180,056"
2014,Jun 19World Cup (Brazil),Thursday,170,"$18,852,892",-2.4%,+38.5%,47,22 Jump Street,"$5,424,480"
2014,Jun 18World Cup (Brazil),Wednesday,169,"$19,325,035",-18.3%,+18.9%,47,22 Jump Street,"$5,774,371"
2014,Jun 17World Cup (Brazil),Tuesday,168,"$23,665,336",+15.8%,+22.8%,46,22 Jump Street,"$7,348,908"
2014,Jun 16World Cup (Brazil),Monday,167,"$20,444,783",-57.1%,+16.3%,47,22 Jump Street,"$6,830,926"
2014,Jun 15World Cup (Brazil),Sunday,166,"$47,653,932",-24.7%,+18.8%,49,How to Train Your Dragon 2,"$13,695,816"
2014,Jun 14World Cup (Brazil),Saturday,165,"$63,293,822",-4.6%,+17.1%,48,22 Jump Street,"$18,726,869"
2014,Jun 13World Cup (Brazil),Friday,164,"$66,329,968",+387.5%,+11.2%,49,22 Jump Street,"$25,144,490"
2014,Jun 12World Cup (Brazil),Thursday,163,"$13,607,325",-16.3%,+5.3%,45,The Fault in Our Stars,"$3,705,483"
2014,Jun 11,Wednesday,162,"$16,249,424",-15.6%,+17.3%,46,The Fault in Our Stars,"$4,168,922"
2014,Jun 10,Tuesday,161,"$19,263,880",+9.5%,+9.7%,44,The Fault in Our Stars,"$5,002,851"
2014,Jun 9,Monday,160,"$17,585,528",-56.2%,+18.3%,43,The Fault in Our Stars,"$5,095,488"
2014,Jun 8,Sunday,159,"$40,127,551",-25.8%,-7.6%,45,Maleficent,"$10,675,116"
2014,Jun 7,Saturday,158,"$54,051,034",-9.4%,-14.3%,46,Maleficent,"$13,463,278"
2014,Jun 6,Friday,157,"$59,674,098",+361.7%,+16.5%,46,The Fault in Our Stars,"$26,062,046"
2014,Jun 5,Thursday,156,"$12,925,035",-6.7%,+18.1%,43,Maleficent,"$5,399,117"
2014,Jun 4,Wednesday,155,"$13,849,879",-21.1%,+11.3%,41,Maleficent,"$5,612,603"
2014,Jun 3,Tuesday,154,"$17,554,813",+18.1%,+7.8%,42,Maleficent,"$7,196,208"
2014,Jun 2,Monday,153,"$14,860,712",-65.8%,-64.1%,42,Maleficent,"$6,207,742"
2014,Jun 1,Sunday,152,"$43,419,763",-31.2%,-20.3%,44,Maleficent,"$19,383,198"
2014,May 31,Saturday,151,"$63,074,298",+23.2%,+2.9%,45,Maleficent,"$25,750,641"
2014,May 30,Friday,150,"$51,207,824",+367.7%,-14%,43,Maleficent,"$24,297,459"
2014,May 29,Thursday,149,"$10,948,720",-12%,+8.2%,47,X-Men: Days of Future Past,"$4,968,474"
2014,May 28,Wednesday,148,"$12,444,800",-23.6%,+19.4%,45,X-Men: Days of Future Past,"$5,716,351"
2014,May 27,Tuesday,147,"$16,288,909",-60.6%,+18.4%,47,X-Men: Days of Future Past,"$8,207,674"
2014,May 26Memorial Day,Monday,146,"$41,387,512",-24.1%,+180.7%,46,X-Men: Days of Future Past,"$19,752,944"
2014,May 25,Sunday,145,"$54,495,732",-11.1%,+27.3%,46,X-Men: Days of Future Past,"$26,028,036"
2014,May 24,Saturday,144,"$61,310,011",+3%,-3.2%,45,X-Men: Days of Future Past,"$29,283,650"
2014,May 23,Friday,143,"$59,541,079",+488.5%,-2.8%,46,X-Men: Days of Future Past,"$35,511,974"
2014,May 22,Thursday,142,"$10,117,521",-3%,+21.4%,43,Godzilla,"$4,581,331"
2014,May 21,Wednesday,141,"$10,425,480",-24.2%,+23.4%,42,Godzilla,"$4,962,197"
2014,May 20,Tuesday,140,"$13,761,300",-6.7%,+23.6%,44,Godzilla,"$6,944,417"
2014,May 19,Monday,139,"$14,742,076",-65.6%,+58.6%,45,Godzilla,"$7,672,038"
2014,May 18,Sunday,138,"$42,810,675",-32.4%,+21.6%,45,Godzilla,"$22,617,414"
2014,May 17,Saturday,137,"$63,338,402",+3.4%,+29.8%,46,Godzilla,"$32,160,363"
2014,May 16,Friday,136,"$61,246,837",+635%,+53.4%,45,Godzilla,"$38,410,607"
2014,May 15,Thursday,135,"$8,332,778",-1.4%,+18.3%,45,Neighbors,"$3,556,110"
2014,May 14,Wednesday,134,"$8,450,094",-24.1%,+7%,46,Neighbors,"$3,656,085"
2014,May 13,Tuesday,133,"$11,135,424",+19.8%,+2.1%,47,Neighbors,"$4,836,050"
2014,May 12,Monday,132,"$9,294,397",-73.6%,+8.8%,46,Neighbors,"$4,443,045"
2014,May 11,Sunday,131,"$35,217,670",-27.8%,-5.2%,47,Neighbors,"$11,655,475"
2014,May 10,Saturday,130,"$48,800,928",+22.3%,-11%,47,Neighbors,"$17,803,950"
2014,May 9,Friday,129,"$39,916,186",+466.7%,-19.6%,46,Neighbors,"$19,574,490"
2014,May 8,Thursday,128,"$7,043,365",-10.8%,+17.1%,47,The Amazing Spider-Man 2,"$3,560,737"
2014,May 7,Wednesday,127,"$7,894,646",-27.6%,+15.7%,47,The Amazing Spider-Man 2,"$4,123,636"
2014,May 6,Tuesday,126,"$10,902,252",+27.6%,+26.1%,46,The Amazing Spider-Man 2,"$6,239,731"
2014,May 5,Monday,125,"$8,541,037",-77%,+30.6%,46,The Amazing Spider-Man 2,"$5,168,281"
2014,May 4,Sunday,124,"$37,144,126",-32.3%,+41.2%,48,The Amazing Spider-Man 2,"$23,280,183"
2014,May 3,Saturday,123,"$54,850,816",+10.5%,+35%,48,The Amazing Spider-Man 2,"$33,161,137"
2014,May 2,Friday,122,"$49,646,854",+725.6%,+62%,48,The Amazing Spider-Man 2,"$35,167,017"
2014,May 1,Thursday,121,"$6,013,774",-11.8%,-26.6%,49,The Other Woman,"$1,867,137"
2014,Apr 30,Wednesday,120,"$6,820,823",-21.1%,-22.1%,48,The Other Woman,"$2,002,195"
2014,Apr 29,Tuesday,119,"$8,642,387",+32.2%,-23.4%,48,The Other Woman,"$2,602,479"
2014,Apr 28,Monday,118,"$6,537,521",-75.1%,-46.9%,47,The Other Woman,"$1,909,909"
2014,Apr 27,Sunday,117,"$26,299,573",-35.3%,-2.4%,50,The Other Woman,"$5,811,624"
2014,Apr 26,Saturday,116,"$40,639,744",+32.6%,-7.5%,50,The Other Woman,"$9,664,324"
2014,Apr 25,Friday,115,"$30,647,187",+273.8%,-33.2%,50,The Other Woman,"$9,287,804"
2014,Apr 24,Thursday,114,"$8,198,055",-6.3%,-50.4%,47,Captain America: The Winter Soldier,"$1,764,778"
2014,Apr 23,Wednesday,113,"$8,750,969",-22.4%,-41.5%,49,Heaven Is for Real,"$1,870,128"
2014,Apr 22,Tuesday,112,"$11,277,049",-8.4%,-28.2%,48,Heaven Is for Real,"$2,435,665"
2014,Apr 21,Monday,111,"$12,305,841",-54.3%,+14.4%,47,Rio 2,"$2,678,457"
2014,Apr 20Easter Sunday,Sunday,110,"$26,955,631",-38.6%,-27.1%,52,Heaven Is for Real,"$6,397,295"
2014,Apr 19,Saturday,109,"$43,916,883",-4.3%,-18.1%,52,Captain America: The Winter Soldier,"$10,336,793"
2014,Apr 18,Friday,108,"$45,910,053",+177.8%,+13.3%,51,Captain America: The Winter Soldier,"$9,503,748"
2014,Apr 17,Thursday,107,"$16,527,396",+10.4%,+93.8%,44,Captain America: The Winter Soldier,"$4,317,709"
2014,Apr 16,Wednesday,106,"$14,964,299",-4.7%,+66%,44,Heaven Is for Real,"$3,703,141"
2014,Apr 15,Tuesday,105,"$15,703,788",+46%,+24.2%,43,Captain America: The Winter Soldier,"$4,726,740"
2014,Apr 14,Monday,104,"$10,755,839",-70.9%,+0.4%,44,Captain America: The Winter Soldier,"$3,462,915"
2014,Apr 13,Sunday,103,"$36,958,016",-31%,-8.2%,48,Rio 2,"$11,847,273"
2014,Apr 12,Saturday,102,"$53,593,479",+32.2%,-12.1%,49,Captain America: The Winter Soldier,"$17,734,355"
2014,Apr 11,Friday,101,"$40,532,977",+375.2%,-25.7%,48,Rio 2,"$12,007,367"
2014,Apr 10,Thursday,100,"$8,529,480",-5.4%,+13.3%,43,Captain America: The Winter Soldier,"$4,582,140"
2014,Apr 9,Wednesday,99,"$9,012,654",-28.7%,+9.5%,43,Captain America: The Winter Soldier,"$4,805,702"
2014,Apr 8,Tuesday,98,"$12,641,601",+18%,+22.1%,44,Captain America: The Winter Soldier,"$6,977,056"
2014,Apr 7,Monday,97,"$10,713,379",-73.4%,+19.8%,43,Captain America: The Winter Soldier,"$6,219,552"
2014,Apr 6,Sunday,96,"$40,280,721",-34%,+24.7%,50,Captain America: The Winter Soldier,"$23,430,665"
2014,Apr 5,Saturday,95,"$60,999,165",+11.9%,+12.6%,50,Captain America: The Winter Soldier,"$34,666,864"
2014,Apr 4,Friday,94,"$54,520,888",+624.2%,+42.4%,50,Captain America: The Winter Soldier,"$36,926,192"
2014,Apr 3,Thursday,93,"$7,528,066",-8.5%,-17.5%,43,Noah,"$2,300,385"
2014,Apr 2,Wednesday,92,"$8,231,575",-20.5%,-17.3%,44,Noah,"$2,610,467"
2014,Apr 1,Tuesday,91,"$10,349,833",+15.7%,-14%,42,Noah,"$3,604,455"
2014,Mar 31,Monday,90,"$8,945,764",-72.3%,-9.9%,43,Noah,"$3,105,382"
2014,Mar 30,Sunday,89,"$32,299,195",-40.4%,-6.9%,47,Noah,"$10,933,848"
2014,Mar 29,Saturday,88,"$54,162,709",+41.5%,+4.6%,46,Noah,"$17,603,390"
2014,Mar 28,Friday,87,"$38,284,205",+319.5%,-11.5%,47,Noah,"$15,183,234"
2014,Mar 27,Thursday,86,"$9,125,280",-8.3%,+49.7%,48,Divergent,"$3,068,363"
2014,Mar 26,Wednesday,85,"$9,948,194",-17.3%,+46%,47,Divergent,"$3,308,229"
2014,Mar 25,Tuesday,84,"$12,035,236",+21.2%,+36.1%,47,Divergent,"$4,198,386"
2014,Mar 24,Monday,83,"$9,930,149",-71.4%,+29.5%,48,Divergent,"$3,577,283"
2014,Mar 23,Sunday,82,"$34,707,927",-33%,+25.4%,48,Divergent,"$11,970,266"
2014,Mar 22,Saturday,81,"$51,802,153",+19.7%,+26.6%,48,Divergent,"$19,853,462"
2014,Mar 21,Friday,80,"$43,274,211",+609.7%,+41.9%,48,Divergent,"$22,784,019"
2014,Mar 20,Thursday,79,"$6,097,142",-10.5%,-38.5%,50,300: Rise of an Empire,"$1,344,184"
2014,Mar 19,Wednesday,78,"$6,812,410",-22.9%,-31.7%,49,300: Rise of an Empire,"$1,574,426"
2014,Mar 18,Tuesday,77,"$8,840,152",+15.3%,-30%,49,300: Rise of an Empire,"$2,031,500"
2014,Mar 17,Monday,76,"$7,665,809",-72.3%,-26.7%,49,300: Rise of an Empire,"$1,731,111"
2014,Mar 16,Sunday,75,"$27,676,765",-32.4%,-22.4%,53,Mr. Peabody & Sherman,"$6,836,372"
2014,Mar 15,Saturday,74,"$40,932,817",+34.2%,-22.8%,52,Mr. Peabody & Sherman,"$9,518,316"
2014,Mar 14,Friday,73,"$30,495,947",+207.5%,-21.7%,52,Need for Speed,"$6,662,415"
2014,Mar 13,Thursday,72,"$9,916,175",-0.6%,+55.9%,49,300: Rise of an Empire,"$2,988,113"
2014,Mar 12,Wednesday,71,"$9,972,486",-21%,+62.1%,49,300: Rise of an Empire,"$3,088,419"
2014,Mar 11,Tuesday,70,"$12,621,739",+20.8%,+41.4%,49,300: Rise of an Empire,"$4,208,230"
2014,Mar 10,Monday,69,"$10,451,896",-70.7%,+45.4%,49,300: Rise of an Empire,"$3,882,331"
2014,Mar 9,Sunday,68,"$35,680,977",-32.7%,+33.8%,50,300: Rise of an Empire,"$11,494,701"
2014,Mar 8,Saturday,67,"$53,048,351",+36.3%,+16.3%,50,300: Rise of an Empire,"$16,089,450"
2014,Mar 7,Friday,66,"$38,928,994",+512.1%,+22.4%,50,300: Rise of an Empire,"$17,454,309"
2014,Mar 6,Thursday,65,"$6,359,727",+3.4%,+20.2%,51,Non-Stop,"$1,606,835"
2014,Mar 5,Wednesday,64,"$6,151,465",-31.1%,+12.7%,51,Non-Stop,"$1,668,565"
2014,Mar 4,Tuesday,63,"$8,924,721",+24.2%,+28.7%,50,Non-Stop,"$2,563,940"
2014,Mar 3,Monday,62,"$7,186,660",-73%,+29.7%,50,Non-Stop,"$2,023,950"
2014,Mar 2,Sunday,61,"$26,664,927",-41.5%,+3.6%,54,Son of God,"$6,797,385"
2014,Mar 1,Saturday,60,"$45,613,722",+43.4%,+7.9%,53,Non-Stop,"$12,406,350"
2014,Feb 28,Friday,59,"$31,810,831",+501%,+21%,53,Non-Stop,"$10,057,535"
2014,Feb 27,Thursday,58,"$5,293,135",-3%,-32.1%,49,The Lego Movie,"$1,262,118"
2014,Feb 26,Wednesday,57,"$5,459,316",-21.3%,-31.3%,49,The Lego Movie,"$1,218,037"
2014,Feb 25,Tuesday,56,"$6,936,703",+25.2%,-33.2%,49,The Lego Movie,"$1,573,324"
2014,Feb 24,Monday,55,"$5,541,477",-78.5%,-79.2%,50,The Lego Movie,"$1,241,150"
2014,Feb 23Sochi Olympics,Sunday,54,"$25,750,267",-39.1%,-39.7%,50,The Lego Movie,"$9,550,587"
2014,Feb 22Sochi Olympics,Saturday,53,"$42,275,736",+60.9%,-25.3%,52,The Lego Movie,"$14,479,033"
2014,Feb 21Sochi Olympics,Friday,52,"$26,282,702",+237.1%,-53.4%,51,The Lego Movie,"$7,275,739"
2014,Feb 20Sochi Olympics,Thursday,51,"$7,797,836",-1.8%,-8%,48,The Lego Movie,"$2,703,156"
2014,Feb 19Sochi Olympics,Wednesday,50,"$7,944,583",-23.5%,-6.3%,49,The Lego Movie,"$2,673,346"
2014,Feb 18Sochi Olympics,Tuesday,49,"$10,391,038",-61%,+26.4%,48,The Lego Movie,"$3,552,198"
2014,Feb 17Presidents' DaySochi Olympics,Monday,48,"$26,652,365",-37.6%,+240.1%,49,The Lego Movie,"$12,632,036"
2014,Feb 16Sochi Olympics,Sunday,47,"$42,696,306",-24.6%,+14%,49,The Lego Movie,"$16,785,339"
2014,Feb 15Sochi Olympics,Saturday,46,"$56,616,093",+0.3%,-6%,49,The Lego Movie,"$20,262,417"
2014,Feb 14Sochi Olympics,Friday,45,"$56,447,069",+565.8%,+60.7%,48,About Last Night,"$12,871,109"
2014,Feb 13Sochi Olympics,Thursday,44,"$8,478,250",<0.1%,+81.6%,50,The Lego Movie,"$2,441,259"
2014,Feb 12Sochi Olympics,Wednesday,43,"$8,476,707",+3.1%,+81.4%,50,RoboCop,"$2,808,698"
2014,Feb 11Sochi Olympics,Tuesday,42,"$8,219,000",+4.9%,+46.9%,49,The Lego Movie,"$3,131,104"
2014,Feb 10Sochi Olympics,Monday,41,"$7,837,631",-79.1%,+68.1%,49,The Lego Movie,"$3,494,064"
2014,Feb 9Sochi Olympics,Sunday,40,"$37,457,700",-37.8%,+250%,50,The Lego Movie,"$21,142,548"
2014,Feb 8Sochi Olympics,Saturday,39,"$60,212,584",+71.4%,+78.4%,50,The Lego Movie,"$30,813,599"
2014,Feb 7Sochi Olympics,Friday,38,"$35,120,111",+652.2%,+63.2%,49,The Lego Movie,"$17,094,132"
2014,Feb 6,Thursday,37,"$4,669,192",<0.1%,-27.5%,45,Ride Along,"$701,920"
2014,Feb 5,Wednesday,36,"$4,673,853",-16.5%,-23.3%,45,Ride Along,"$702,415"
2014,Feb 4,Tuesday,35,"$5,596,078",+20%,-31.2%,45,Ride Along,"$844,405"
2014,Feb 3,Monday,34,"$4,662,939",-56.4%,-27.5%,45,Ride Along,"$775,380"
2014,Feb 2,Sunday,33,"$10,701,780",-68.3%,-57.4%,45,Frozen,"$2,119,450"
2014,Feb 1,Saturday,32,"$33,755,287",+56.8%,-20.7%,45,Ride Along,"$6,461,750"
2014,Jan 31,Friday,31,"$21,522,952",+234.1%,-16.4%,45,Ride Along,"$4,011,035"
2014,Jan 30,Thursday,30,"$6,442,746",+5.7%,-20.7%,42,Ride Along,"$1,158,780"
2014,Jan 29,Wednesday,29,"$6,096,973",-25%,-26.2%,42,Ride Along,"$1,062,215"
2014,Jan 28,Tuesday,28,"$8,129,189",+26.4%,-15%,42,Ride Along,"$1,545,040"
2014,Jan 27,Monday,27,"$6,430,916",-74.4%,-79%,42,Ride Along,"$1,351,910"
2014,Jan 26,Sunday,26,"$25,127,383",-41%,-33.5%,43,Ride Along,"$5,159,330"
2014,Jan 25,Saturday,25,"$42,586,914",+65.3%,-33.2%,43,Ride Along,"$9,822,055"
2014,Jan 24,Friday,24,"$25,756,625",+217.2%,-43.2%,44,Ride Along,"$6,318,110"
2014,Jan 23,Thursday,23,"$8,120,125",-1.8%,-11.6%,43,Ride Along,"$1,744,265"
2014,Jan 22,Wednesday,22,"$8,264,939",-13.6%,-6.2%,43,Ride Along,"$1,770,895"
2014,Jan 21,Tuesday,21,"$9,562,187",-68.7%,-14.9%,42,Ride Along,"$2,103,770"
2014,Jan 20MLK Day,Monday,20,"$30,566,069",-19.1%,+226.1%,41,Ride Along,"$7,110,210"
2014,Jan 19,Sunday,19,"$37,779,813",-40.8%,+33.2%,41,Ride Along,"$10,425,645"
2014,Jan 18,Saturday,18,"$63,764,988",+40.6%,+32.9%,41,Ride Along,"$16,683,695"
2014,Jan 17,Friday,17,"$45,343,118",+393.8%,+25.5%,41,Ride Along,"$14,406,830"
2014,Jan 16,Thursday,16,"$9,183,075",+4.2%,+5.3%,40,Lone Survivor,"$2,831,875"
2014,Jan 15,Wednesday,15,"$8,811,500",-21.6%,-7.2%,40,Lone Survivor,"$2,817,500"
2014,Jan 14,Tuesday,14,"$11,233,798",+19.9%,-9.9%,40,Lone Survivor,"$3,623,025"
2014,Jan 13,Monday,13,"$9,373,190",-67%,-6.1%,41,Lone Survivor,"$3,306,250"
2014,Jan 12,Sunday,12,"$28,362,487",-40.9%,+6.1%,42,Lone Survivor,"$8,984,385"
2014,Jan 11,Saturday,11,"$47,992,363",+32.9%,-2.9%,42,Lone Survivor,"$14,461,775"
2014,Jan 10,Friday,10,"$36,124,969",+314.1%,-15.9%,43,Lone Survivor,"$14,403,750"
2014,Jan 9,Thursday,9,"$8,724,720",-8.1%,-65.6%,45,The Wolf of Wall Street,"$1,469,075"
2014,Jan 8,Wednesday,8,"$9,494,589",-23.9%,-80.4%,45,The Wolf of Wall Street,"$1,643,640"
2014,Jan 7,Tuesday,7,"$12,471,587",+24.9%,-65.2%,45,The Wolf of Wall Street,"$1,955,396"
2014,Jan 6,Monday,6,"$9,984,206",-62.6%,-74.1%,45,Frozen,"$1,728,610"
2014,Jan 5,Sunday,5,"$26,723,321",-45.9%,-44.1%,45,Frozen,"$4,785,996"
2014,Jan 4,Saturday,4,"$49,402,611",+15.1%,-19.7%,45,Frozen,"$8,037,475"
2014,Jan 3,Friday,3,"$42,939,384",+69.3%,-26.8%,45,Paranormal Activity: The Marked Ones,"$8,722,144"
2014,Jan 2,Thursday,2,"$25,361,378",-47.6%,-56.6%,49,Frozen,"$5,304,617"
2014,Jan 1New Year's Day,Wednesday,1,"$48,419,707",+35%,-27.9%,49,Frozen,"$8,718,939"
2015,Dec 31New Year's Eve,Thursday,365,"$46,868,992",-14.4%,+28.4%,47,Star Wars: Episode VII - The Force Awakens,"$22,932,686"
2015,Dec 30,Wednesday,364,"$54,777,964",-1.4%,+5.6%,48,Star Wars: Episode VII - The Force Awakens,"$28,085,057"
2015,Dec 29,Tuesday,363,"$55,562,793",+1.5%,+9.3%,47,Star Wars: Episode VII - The Force Awakens,"$29,528,583"
2015,Dec 28,Monday,362,"$54,748,725",-28.6%,+7.4%,47,Star Wars: Episode VII - The Force Awakens,"$31,362,029"
2015,Dec 27,Sunday,361,"$76,637,723",-24%,-1.2%,47,Star Wars: Episode VII - The Force Awakens,"$43,145,665"
2015,Dec 26,Saturday,360,"$100,899,732",+5.3%,+12.7%,47,Star Wars: Episode VII - The Force Awakens,"$56,731,532"
2015,Dec 25Christmas Day,Friday,359,"$95,835,574",+35.3%,+43.4%,46,Star Wars: Episode VII - The Force Awakens,"$49,325,663"
2015,Dec 24,Thursday,358,"$36,498,889",-29.6%,+691.5%,45,Star Wars: Episode VII - The Force Awakens,"$27,395,725"
2015,Dec 23,Wednesday,357,"$51,875,572",+2%,+800.8%,47,Star Wars: Episode VII - The Force Awakens,"$38,022,183"
2015,Dec 22,Tuesday,356,"$50,838,630",-0.3%,+595.6%,47,Star Wars: Episode VII - The Force Awakens,"$37,361,729"
2015,Dec 21,Monday,355,"$50,973,958",-34.3%,+786.3%,47,Star Wars: Episode VII - The Force Awakens,"$40,109,742"
2015,Dec 20,Sunday,354,"$77,558,069",-13.3%,+326.4%,46,Star Wars: Episode VII - The Force Awakens,"$60,553,189"
2015,Dec 19,Saturday,353,"$89,504,402",-33.9%,+204.7%,46,Star Wars: Episode VII - The Force Awakens,"$68,294,204"
2015,Dec 18,Friday,352,"$135,434,693","+2,837.1%",+607.8%,47,Star Wars: Episode VII - The Force Awakens,"$119,119,282"
2015,Dec 17,Thursday,351,"$4,611,212",-19.9%,-22.2%,47,The Hunger Games: Mockingjay - Part 2,"$875,470"
2015,Dec 16,Wednesday,350,"$5,759,058",-21.2%,-6.1%,48,The Hunger Games: Mockingjay - Part 2,"$1,030,120"
2015,Dec 15,Tuesday,349,"$7,308,788",+27.1%,-9%,47,In the Heart of the Sea,"$1,362,181"
2015,Dec 14,Monday,348,"$5,751,011",-68.4%,-4.3%,47,In the Heart of the Sea,"$1,053,372"
2015,Dec 13,Sunday,347,"$18,189,664",-38.1%,-19.2%,46,The Good Dinosaur,"$3,160,217"
2015,Dec 12,Saturday,346,"$29,371,556",+53.5%,-23.7%,45,The Hunger Games: Mockingjay - Part 2,"$5,021,834"
2015,Dec 11,Friday,345,"$19,134,232",+222.8%,-25.8%,46,In the Heart of the Sea,"$3,849,684"
2015,Dec 10,Thursday,344,"$5,927,446",-3.4%,-19.9%,46,The Hunger Games: Mockingjay - Part 2,"$1,284,836"
2015,Dec 9,Wednesday,343,"$6,135,220",-23.6%,-19.4%,47,The Hunger Games: Mockingjay - Part 2,"$1,380,282"
2015,Dec 8,Tuesday,342,"$8,029,022",+33.7%,-24.2%,47,The Hunger Games: Mockingjay - Part 2,"$1,790,383"
2015,Dec 7,Monday,341,"$6,006,901",-73.3%,-30.6%,47,The Hunger Games: Mockingjay - Part 2,"$1,365,908"
2015,Dec 6,Sunday,340,"$22,501,859",-41.5%,-37.2%,46,The Hunger Games: Mockingjay - Part 2,"$4,891,690"
2015,Dec 5,Saturday,339,"$38,475,436",+49.2%,-40.8%,45,The Hunger Games: Mockingjay - Part 2,"$8,301,010"
2015,Dec 4,Friday,338,"$25,784,262",+248.5%,-61.5%,46,Krampus,"$6,021,050"
2015,Dec 3,Thursday,337,"$7,398,780",-2.8%,-76.7%,41,The Hunger Games: Mockingjay - Part 2,"$2,131,846"
2015,Dec 2,Wednesday,336,"$7,614,692",-28.1%,-80.4%,42,The Hunger Games: Mockingjay - Part 2,"$2,186,352"
2015,Dec 1,Tuesday,335,"$10,591,985",+22.4%,-47.7%,42,The Hunger Games: Mockingjay - Part 2,"$3,102,455"
2015,Nov 30,Monday,334,"$8,655,490",-75.8%,-43.1%,42,The Hunger Games: Mockingjay - Part 2,"$2,546,218"
2015,Nov 29,Sunday,333,"$35,807,639",-44.9%,-11.2%,42,The Hunger Games: Mockingjay - Part 2,"$10,525,430"
2015,Nov 28,Saturday,332,"$65,013,471",-3%,+8.6%,43,The Hunger Games: Mockingjay - Part 2,"$20,215,233"
2015,Nov 27,Friday,331,"$67,029,295",+111%,+6.1%,41,The Hunger Games: Mockingjay - Part 2,"$21,263,932"
2015,Nov 26Thanksgiving,Thursday,330,"$31,769,160",-18.2%,+529.2%,45,The Hunger Games: Mockingjay - Part 2,"$10,314,742"
2015,Nov 25,Wednesday,329,"$38,841,427",+91.7%,+586.1%,45,The Hunger Games: Mockingjay - Part 2,"$13,663,451"
2015,Nov 24,Tuesday,328,"$20,265,024",+33.2%,+156.7%,42,The Hunger Games: Mockingjay - Part 2,"$11,356,003"
2015,Nov 23,Monday,327,"$15,211,520",-62.3%,+165.5%,42,The Hunger Games: Mockingjay - Part 2,"$8,540,357"
2015,Nov 22,Sunday,326,"$40,323,359",-32.6%,+62.7%,46,The Hunger Games: Mockingjay - Part 2,"$23,245,556"
2015,Nov 21,Saturday,325,"$59,856,543",-5.2%,+40.7%,46,The Hunger Games: Mockingjay - Part 2,"$33,841,369"
2015,Nov 20,Friday,324,"$63,155,505","+1,150.9%",+139.1%,46,The Hunger Games: Mockingjay - Part 2,"$45,579,056"
2015,Nov 19,Thursday,323,"$5,048,858",-10.8%,-40.9%,44,Spectre,"$2,060,290"
2015,Nov 18,Wednesday,322,"$5,661,061",-28.3%,-74.1%,44,Spectre,"$2,383,058"
2015,Nov 17,Tuesday,321,"$7,894,851",+37.8%,-44.3%,44,Spectre,"$3,247,692"
2015,Nov 16,Monday,320,"$5,729,313",-76.9%,-38.8%,43,Spectre,"$2,430,554"
2015,Nov 15,Sunday,319,"$24,790,346",-41.7%,-34.5%,46,Spectre,"$8,492,847"
2015,Nov 14,Saturday,318,"$42,548,132",+61.1%,-31.3%,46,Spectre,"$15,072,303"
2015,Nov 13,Friday,317,"$26,412,480",+208.9%,-46.1%,46,Spectre,"$10,115,954"
2015,Nov 12,Thursday,316,"$8,549,125",-60.9%,+97.5%,44,Spectre,"$4,343,170"
2015,Nov 11,Wednesday,315,"$21,845,089",+54.1%,+381.1%,42,Spectre,"$7,915,302"
2015,Nov 10,Tuesday,314,"$14,177,451",+51.3%,+99.3%,42,Spectre,"$7,321,682"
2015,Nov 9,Monday,313,"$9,368,612",-75.3%,+82.1%,41,Spectre,"$5,316,879"
2015,Nov 8,Sunday,312,"$37,873,784",-38.9%,+110.8%,42,Spectre,"$16,684,763"
2015,Nov 7,Saturday,311,"$61,943,908",+26.5%,+178.1%,43,Spectre,"$26,283,806"
2015,Nov 6,Friday,310,"$48,974,670","+1,031.4%",+169.2%,43,Spectre,"$27,434,579"
2015,Nov 5,Thursday,309,"$4,328,608",-4.7%,-27.7%,40,The Martian,"$955,115"
2015,Nov 4,Wednesday,308,"$4,540,306",-36.2%,-27%,39,The Martian,"$1,066,793"
2015,Nov 3,Tuesday,307,"$7,114,114",+38.3%,-13.9%,39,The Martian,"$1,472,489"
2015,Nov 2,Monday,306,"$5,144,288",-71.4%,-19.4%,38,The Martian,"$1,151,099"
2015,Nov 1,Sunday,305,"$17,970,207",-19.3%,-23.3%,41,The Martian,"$3,675,193"
2015,Oct 31Halloween,Saturday,304,"$22,270,542",+22.4%,-43.3%,40,The Martian,"$4,564,809"
2015,Oct 30,Friday,303,"$18,193,425",+203.7%,-32.8%,41,The Martian,"$3,475,095"
2015,Oct 29,Thursday,302,"$5,990,843",-3.7%,-13.4%,41,The Martian,"$1,177,093"
2015,Oct 28,Wednesday,301,"$6,218,849",-24.7%,-25.7%,40,The Martian,"$1,251,481"
2015,Oct 27,Tuesday,300,"$8,259,312",+29.4%,-14.4%,41,The Martian,"$1,574,997"
2015,Oct 26,Monday,299,"$6,382,511",-72.8%,-15.3%,41,The Martian,"$1,215,127"
2015,Oct 25,Sunday,298,"$23,429,914",-40.4%,-18.4%,44,Goosebumps,"$4,527,637"
2015,Oct 24,Saturday,297,"$39,304,681",+45.2%,-13.6%,44,The Martian,"$7,265,327"
2015,Oct 23,Friday,296,"$27,069,272",+291.2%,-21.8%,44,The Martian,"$4,353,926"
2015,Oct 22,Thursday,295,"$6,920,146",-17.3%,-1.6%,43,The Martian,"$1,589,880"
2015,Oct 21,Wednesday,294,"$8,366,993",-13.3%,+15.8%,41,Back To The Future DayTriple Bill,"$1,650,000"
2015,Oct 20,Tuesday,293,"$9,652,049",+28.1%,-0.3%,41,The Martian,"$2,100,170"
2015,Oct 19,Monday,292,"$7,532,512",-73.8%,-51.2%,40,The Martian,"$1,594,290"
2015,Oct 18,Sunday,291,"$28,721,983",-36.8%,-5%,40,Goosebumps,"$6,506,400"
2015,Oct 17,Saturday,290,"$45,477,674",+31.4%,+0.6%,40,Goosebumps,"$9,766,066"
2015,Oct 16,Friday,289,"$34,606,278",+392.2%,+10.3%,40,Goosebumps,"$7,346,090"
2015,Oct 15,Thursday,288,"$7,031,629",-2.7%,-21.6%,43,The Martian,"$2,590,610"
2015,Oct 14,Wednesday,287,"$7,225,933",-25.4%,-18.2%,43,The Martian,"$2,634,337"
2015,Oct 13,Tuesday,286,"$9,682,578",-37.3%,-23.8%,42,The Martian,"$3,454,333"
2015,Oct 12Indig. Peoples' Day,Monday,285,"$15,443,053",-48.9%,+56.4%,43,The Martian,"$4,900,783"
2015,Oct 11,Sunday,284,"$30,237,688",-33.1%,-18.7%,51,The Martian,"$10,398,160"
2015,Oct 10,Saturday,283,"$45,194,236",+44.1%,-25.8%,51,The Martian,"$15,877,535"
2015,Oct 9,Friday,282,"$31,372,765",+249.9%,-24.8%,51,The Martian,"$10,729,571"
2015,Oct 8,Thursday,281,"$8,966,834",+1.4%,+27.7%,48,The Martian,"$3,801,813"
2015,Oct 7,Wednesday,280,"$8,838,821",-30.4%,+8.4%,47,The Martian,"$3,741,530"
2015,Oct 6,Tuesday,279,"$12,699,806",+28.7%,+8.7%,46,The Martian,"$5,457,240"
2015,Oct 5,Monday,278,"$9,871,170",-73.5%,+16%,47,The Martian,"$4,401,171"
2015,Oct 4,Sunday,277,"$37,201,311",-38.9%,+12.2%,54,The Martian,"$13,911,129"
2015,Oct 3,Saturday,276,"$60,931,961",+46.1%,+11.7%,56,The Martian,"$22,251,765"
2015,Oct 2,Friday,275,"$41,701,074",+493.7%,+9.8%,56,The Martian,"$18,145,681"
2015,Oct 1,Thursday,274,"$7,023,605",-13.8%,+10.9%,49,Hotel Transylvania 2,"$1,787,821"
2015,Sep 30,Wednesday,273,"$8,151,046",-30.2%,+13%,49,Hotel Transylvania 2,"$1,974,312"
2015,Sep 29,Tuesday,272,"$11,681,420",+37.2%,+19.2%,47,Hotel Transylvania 2,"$2,976,332"
2015,Sep 28,Monday,271,"$8,512,100",-74.3%,+19.2%,47,Hotel Transylvania 2,"$2,338,978"
2015,Sep 27,Sunday,270,"$33,148,353",-39.2%,+45%,50,Hotel Transylvania 2,"$14,387,467"
2015,Sep 26,Saturday,269,"$54,545,591",+43.6%,+35.9%,50,Hotel Transylvania 2,"$20,751,428"
2015,Sep 25,Friday,268,"$37,973,934",+499.7%,+14.2%,50,Hotel Transylvania 2,"$13,325,427"
2015,Sep 24,Thursday,267,"$6,332,379",-12.2%,+41.5%,53,Black Mass,"$1,642,234"
2015,Sep 23,Wednesday,266,"$7,215,092",-26.4%,+46.2%,52,Black Mass,"$1,974,459"
2015,Sep 22,Tuesday,265,"$9,803,712",+37.3%,+29.6%,53,Black Mass,"$2,712,307"
2015,Sep 21,Monday,264,"$7,140,065",-68.8%,+17.5%,52,Black Mass,"$2,134,142"
2015,Sep 20,Sunday,263,"$22,864,866",-43%,+15.8%,54,Maze Runner: The Scorch Trials,"$7,065,317"
2015,Sep 19,Saturday,262,"$40,130,851",+20.6%,+17.3%,53,Maze Runner: The Scorch Trials,"$12,247,195"
2015,Sep 18,Friday,261,"$33,262,909",+643.3%,+19.1%,53,Maze Runner: The Scorch Trials,"$11,003,998"
2015,Sep 17,Thursday,260,"$4,474,800",-9.3%,+11%,51,The Perfect Guy,"$1,054,328"
2015,Sep 16,Wednesday,259,"$4,934,434",-34.8%,+12.1%,51,The Perfect Guy,"$1,174,322"
2015,Sep 15,Tuesday,258,"$7,563,942",+24.4%,+32.8%,51,The Perfect Guy,"$1,902,855"
2015,Sep 14,Monday,257,"$6,077,905",-69.2%,-66.7%,51,The Perfect Guy,"$1,690,813"
2015,Sep 13,Sunday,256,"$19,743,199",-42.3%,-13.4%,53,The Visit,"$5,600,995"
2015,Sep 12,Saturday,255,"$34,219,623",+22.6%,+57.3%,54,The Visit,"$10,619,455"
2015,Sep 11,Friday,254,"$27,921,097",+592.6%,+80.5%,54,The Perfect Guy,"$9,911,385"
2015,Sep 10,Thursday,253,"$4,031,284",-8.4%,-29.8%,48,War Room,"$984,777"
2015,Sep 9,Wednesday,252,"$4,402,289",-22.7%,-28.9%,47,War Room,"$957,961"
2015,Sep 8,Tuesday,251,"$5,696,319",-68.8%,-23.7%,46,War Room,"$1,143,573"
2015,Sep 7Labor Day,Monday,250,"$18,263,671",-19.9%,+205.9%,47,War Room,"$3,908,023"
2015,Sep 6,Sunday,249,"$22,809,733",+4.9%,+27.2%,47,War Room,"$3,883,743"
2015,Sep 5,Saturday,248,"$21,754,335",+40.6%,-18%,47,War Room,"$3,267,354"
2015,Sep 4,Friday,247,"$15,469,217",+169.5%,-17.8%,47,The Transporter Refueled,"$2,438,210"
2015,Sep 3,Thursday,246,"$5,739,749",-7.3%,-21.9%,48,Straight Outta Compton,"$1,005,680"
2015,Sep 2,Wednesday,245,"$6,190,791",-17.1%,-22.4%,47,A Walk in the Woods,"$1,169,000"
2015,Sep 1,Tuesday,244,"$7,463,632",+25%,-29.8%,46,Straight Outta Compton,"$1,490,950"
2015,Aug 31,Monday,243,"$5,971,133",-66.7%,-28.8%,46,Straight Outta Compton,"$1,335,350"
2015,Aug 30,Sunday,242,"$17,934,585",-32.4%,-22.4%,46,Straight Outta Compton,"$3,707,560"
2015,Aug 29,Saturday,241,"$26,534,912",+41.1%,-21.7%,46,Straight Outta Compton,"$5,561,340"
2015,Aug 28,Friday,240,"$18,808,621",+155.9%,-33.7%,46,War Room,"$4,048,820"
2015,Aug 27,Thursday,239,"$7,350,532",-7.8%,-37.1%,45,Straight Outta Compton,"$1,936,220"
2015,Aug 26,Wednesday,238,"$7,973,946",-25%,-38.5%,46,Straight Outta Compton,"$2,100,925"
2015,Aug 25,Tuesday,237,"$10,631,915",+26.8%,-41.7%,43,Straight Outta Compton,"$3,040,550"
2015,Aug 24,Monday,236,"$8,381,960",-63.8%,-46%,43,Straight Outta Compton,"$2,720,990"
2015,Aug 23,Sunday,235,"$23,126,395",-31.7%,-36.7%,44,Straight Outta Compton,"$7,547,350"
2015,Aug 22,Saturday,234,"$33,873,694",+19.5%,-29.3%,44,Straight Outta Compton,"$10,542,550"
2015,Aug 21,Friday,233,"$28,356,158",+142.5%,-37.3%,44,Straight Outta Compton,"$8,274,120"
2015,Aug 20,Thursday,232,"$11,694,140",-9.9%,+15.2%,41,Straight Outta Compton,"$4,550,020"
2015,Aug 19,Wednesday,231,"$12,974,911",-28.8%,+11.7%,41,Straight Outta Compton,"$5,237,120"
2015,Aug 18,Tuesday,230,"$18,224,638",+17.5%,-3%,41,Straight Outta Compton,"$7,277,190"
2015,Aug 17,Monday,229,"$15,509,725",-57.6%,+17%,43,Straight Outta Compton,"$7,458,960"
2015,Aug 16,Sunday,228,"$36,551,284",-23.7%,+17.1%,43,Straight Outta Compton,"$16,776,345"
2015,Aug 15,Saturday,227,"$47,913,088",+5.9%,+8.5%,43,Straight Outta Compton,"$19,299,170"
2015,Aug 14,Friday,226,"$45,239,837",+345.7%,+19.4%,43,Straight Outta Compton,"$24,124,665"
2015,Aug 13,Thursday,225,"$10,150,484",-12.6%,-29.6%,43,Mission: Impossible - Rogue Nation,"$2,570,138"
2015,Aug 12,Wednesday,224,"$11,612,054",-38.2%,-32.4%,43,Mission: Impossible - Rogue Nation,"$2,930,485"
2015,Aug 11,Tuesday,223,"$18,785,466",+41.7%,-18.2%,43,Mission: Impossible - Rogue Nation,"$4,563,528"
2015,Aug 10,Monday,222,"$13,261,263",-57.5%,-30.1%,43,Mission: Impossible - Rogue Nation,"$3,315,825"
2015,Aug 9,Sunday,221,"$31,222,435",-29.3%,-22.1%,44,Mission: Impossible - Rogue Nation,"$8,453,810"
2015,Aug 8,Saturday,220,"$44,160,194",+16.6%,-14.3%,44,Mission: Impossible - Rogue Nation,"$11,878,136"
2015,Aug 7,Friday,219,"$37,877,853",+162.7%,-15%,43,Fantastic Four,"$11,282,868"
2015,Aug 6,Thursday,218,"$14,420,908",-16%,-16%,41,Mission: Impossible - Rogue Nation,"$4,510,482"
2015,Aug 5,Wednesday,217,"$17,174,321",-25.2%,-11.2%,41,Mission: Impossible - Rogue Nation,"$5,201,265"
2015,Aug 4,Tuesday,216,"$22,973,317",+21.1%,+4.5%,41,Mission: Impossible - Rogue Nation,"$7,232,284"
2015,Aug 3,Monday,215,"$18,968,549",-52.7%,+5.6%,40,Mission: Impossible - Rogue Nation,"$6,790,087"
2015,Aug 2,Sunday,214,"$40,092,471",-22.2%,-0.2%,41,Mission: Impossible - Rogue Nation,"$15,566,537"
2015,Aug 1,Saturday,213,"$51,523,988",+15.7%,+0.2%,43,Mission: Impossible - Rogue Nation,"$19,652,426"
2015,Jul 31,Friday,212,"$44,551,346",+159.5%,-4.7%,42,Mission: Impossible - Rogue Nation,"$20,301,126"
2015,Jul 30,Thursday,211,"$17,165,612",-11.2%,-1.3%,42,Minions,"$2,820,510"
2015,Jul 29,Wednesday,210,"$19,329,783",-12.1%,+2.3%,42,Vacation,"$3,821,231"
2015,Jul 28,Tuesday,209,"$21,990,989",+22.4%,-18.9%,40,Ant-Man,"$4,265,463"
2015,Jul 27,Monday,208,"$17,964,565",-55.3%,-15.3%,40,Ant-Man,"$3,322,992"
2015,Jul 26,Sunday,207,"$40,186,135",-21.9%,-19.4%,40,Ant-Man,"$7,803,583"
2015,Jul 25,Saturday,206,"$51,426,531",+10%,-24.5%,40,Ant-Man,"$9,853,066"
2015,Jul 24,Friday,205,"$46,763,122",+169%,-22.8%,39,Pixels,"$9,110,510"
2015,Jul 23,Thursday,204,"$17,382,909",-8%,-6.9%,39,Minions,"$4,785,210"
2015,Jul 22,Wednesday,203,"$18,887,807",-30.3%,-16.5%,40,Minions,"$5,173,200"
2015,Jul 21,Tuesday,202,"$27,117,488",+27.8%,-12.9%,39,Minions,"$8,018,460"
2015,Jul 20,Monday,201,"$21,216,316",-57.5%,-10.9%,40,Ant-Man,"$6,403,901"
2015,Jul 19,Sunday,200,"$49,882,590",-26.8%,-9.9%,36,Ant-Man,"$15,111,351"
2015,Jul 18,Saturday,199,"$68,123,858",+12.4%,-5.8%,36,Minions,"$20,218,590"
2015,Jul 17,Friday,198,"$60,582,577",+224.6%,-19.5%,36,Ant-Man,"$22,649,199"
2015,Jul 16,Thursday,197,"$18,663,121",-17.5%,+17.2%,38,Minions,"$9,483,705"
2015,Jul 15,Wednesday,196,"$22,615,374",-27.4%,+20%,39,Minions,"$11,505,175"
2015,Jul 14,Tuesday,195,"$31,149,541",+30.8%,+28.3%,40,Minions,"$16,838,415"
2015,Jul 13,Monday,194,"$23,813,639",-57%,+21.5%,39,Minions,"$12,946,010"
2015,Jul 12,Sunday,193,"$55,380,843",-23.4%,+40.7%,40,Minions,"$30,816,665"
2015,Jul 11,Saturday,192,"$72,301,086",-3.9%,+105.4%,41,Minions,"$38,859,535"
2015,Jul 10,Friday,191,"$75,261,905",+372.6%,+43.4%,41,Minions,"$46,042,205"
2015,Jul 9,Thursday,190,"$15,923,598",-15.5%,-53.3%,39,Inside Out,"$4,221,904"
2015,Jul 8,Wednesday,189,"$18,840,553",-22.4%,-50.5%,39,Inside Out,"$5,022,626"
2015,Jul 7,Tuesday,188,"$24,269,618",+23.8%,-2.4%,38,Inside Out,"$6,440,373"
2015,Jul 6,Monday,187,"$19,604,645",-50.2%,-8.6%,39,Inside Out,"$4,954,006"
2015,Jul 5,Sunday,186,"$39,370,047",+11.9%,-24.8%,39,Inside Out,"$9,002,366"
2015,Jul 4Independence Day,Saturday,185,"$35,192,188",-32.9%,-48.6%,39,Jurassic World,"$8,539,045"
2015,Jul 3,Friday,184,"$52,470,660",+53.7%,-1.6%,39,Inside Out,"$12,559,310"
2015,Jul 2,Thursday,183,"$34,131,821",-10.4%,+49.9%,41,Inside Out,"$7,784,239"
2015,Jul 1,Wednesday,182,"$38,080,373",+53.1%,+60.9%,42,Magic Mike XXL,"$9,306,397"
2015,Jun 30,Tuesday,181,"$24,867,157",+15.9%,-23.4%,39,Inside Out,"$8,783,438"
2015,Jun 29,Monday,180,"$21,456,779",-59%,-20.9%,39,Inside Out,"$6,920,675"
2015,Jun 28,Sunday,179,"$52,325,438",-23.5%,-32.1%,41,Jurassic World,"$17,359,440"
2015,Jun 27,Saturday,178,"$68,403,710",+28.2%,-20.2%,41,Jurassic World,"$22,480,290"
2015,Jun 26,Friday,177,"$53,344,583",+134.3%,-29.8%,41,Inside Out,"$14,986,853"
2015,Jun 25,Thursday,176,"$22,764,853",-3.8%,-6.1%,38,Inside Out,"$9,477,440"
2015,Jun 24,Wednesday,175,"$23,674,042",-27.1%,-11.6%,39,Jurassic World,"$9,440,200"
2015,Jun 23,Tuesday,174,"$32,456,474",+19.6%,+0.8%,39,Jurassic World,"$13,130,460"
2015,Jun 22,Monday,173,"$27,136,568",-64.8%,-15.5%,39,Jurassic World,"$11,566,225"
2015,Jun 21,Sunday,172,"$77,025,235",-10.1%,+5.6%,40,Jurassic World,"$38,361,540"
2015,Jun 20,Saturday,171,"$85,693,514",+12.7%,-8%,40,Jurassic World,"$39,112,435"
2015,Jun 19,Friday,170,"$76,021,617",+213.5%,-23.9%,39,Inside Out,"$34,266,177"
2015,Jun 18,Thursday,169,"$24,247,523",-9.5%,+150.7%,44,Jurassic World,"$17,822,580"
2015,Jun 17,Wednesday,168,"$26,779,056",-16.9%,+123.9%,44,Jurassic World,"$19,895,470"
2015,Jun 16,Tuesday,167,"$32,210,230",+0.2%,+110.9%,44,Jurassic World,"$24,342,515"
2015,Jun 15,Monday,166,"$32,130,929",-56%,+141.9%,44,Jurassic World,"$25,344,820"
2015,Jun 14,Sunday,165,"$72,966,633",-21.7%,+127.9%,44,Jurassic World,"$57,207,490"
2015,Jun 13,Saturday,164,"$93,131,964",-6.8%,+95.4%,45,Jurassic World,"$69,644,830"
2015,Jun 12,Friday,163,"$99,936,547",+933.4%,+131.9%,45,Jurassic World,"$81,953,950"
2015,Jun 11,Thursday,162,"$9,670,439",-19.2%,-17.9%,44,Spy,"$2,341,741"
2015,Jun 10,Wednesday,161,"$11,961,113",-21.7%,-25.9%,43,Spy,"$2,763,133"
2015,Jun 9,Tuesday,160,"$15,269,242",+15%,+1%,43,Spy,"$3,741,587"
2015,Jun 8,Monday,159,"$13,282,613",-58.5%,+6.7%,43,Spy,"$3,005,064"
2015,Jun 7,Sunday,158,"$32,022,947",-32.8%,-16.8%,41,Spy,"$7,600,989"
2015,Jun 6,Saturday,157,"$47,673,133",+10.6%,-8.7%,42,Spy,"$11,183,770"
2015,Jun 5,Friday,156,"$43,094,745",+265.7%,+6.5%,42,Insidious: Chapter 3,"$10,461,496"
2015,Jun 4,Thursday,155,"$11,784,457",-26.9%,+24.3%,42,San Andreas,"$3,525,162"
2015,Jun 3,Wednesday,154,"$16,131,089",+6.7%,+59.9%,42,Entourage,"$5,372,395"
2015,Jun 2,Tuesday,153,"$15,111,431",+21.4%,+9.1%,41,San Andreas,"$5,757,391"
2015,Jun 1,Monday,152,"$12,451,683",-67.7%,-66.9%,40,San Andreas,"$4,817,189"
2015,May 31,Sunday,151,"$38,508,809",-26.2%,-21.1%,39,San Andreas,"$15,932,001"
2015,May 30,Saturday,150,"$52,202,780",+29%,+0.3%,40,San Andreas,"$20,508,124"
2015,May 29,Friday,149,"$40,461,137",+326.8%,-7.6%,40,San Andreas,"$18,148,048"
2015,May 28,Thursday,148,"$9,480,492",-6%,-19.7%,42,Mad Max: Fury Road,"$2,208,143"
2015,May 27,Wednesday,147,"$10,085,811",-27.2%,-15.4%,44,Mad Max: Fury Road,"$2,318,209"
2015,May 26,Tuesday,146,"$13,850,382",-63.2%,-10.7%,44,Mad Max: Fury Road,"$3,045,462"
2015,May 25Memorial Day,Monday,145,"$37,668,060",-22.9%,+135%,72,Tomorrowland,"$9,651,035"
2015,May 24,Sunday,144,"$48,826,431",-6.2%,+4.2%,43,Tomorrowland,"$11,456,887"
2015,May 23,Saturday,143,"$52,050,420",+18.9%,-23.3%,43,Tomorrowland,"$11,849,203"
2015,May 22,Friday,142,"$43,786,054",+270.7%,-27.9%,43,Tomorrowland,"$9,722,075"
2015,May 21,Thursday,141,"$11,811,111",-0.9%,+78.7%,46,Pitch Perfect 2,"$3,908,850"
2015,May 20,Wednesday,140,"$11,923,834",-23.1%,+61.6%,44,Mad Max: Fury Road,"$3,933,036"
2015,May 19,Tuesday,139,"$15,514,328",-3.2%,+54.7%,44,Pitch Perfect 2,"$5,278,960"
2015,May 18,Monday,138,"$16,031,226",-65.8%,+86.9%,45,Mad Max: Fury Road,"$5,329,473"
2015,May 17,Sunday,137,"$46,878,575",-30.9%,+26.9%,47,Pitch Perfect 2,"$16,462,020"
2015,May 16,Saturday,136,"$67,827,845",+11.7%,+34.5%,46,Pitch Perfect 2,"$24,745,125"
2015,May 15,Friday,135,"$60,745,153",+818.9%,+87%,46,Pitch Perfect 2,"$28,009,745"
2015,May 14,Thursday,134,"$6,610,566",-10.4%,-41.4%,45,Avengers: Age of Ultron,"$4,037,065"
2015,May 13,Wednesday,133,"$7,379,345",-26.4%,-38.8%,44,Avengers: Age of Ultron,"$4,342,154"
2015,May 12,Tuesday,132,"$10,027,152",+16.9%,-38.9%,45,Avengers: Age of Ultron,"$5,990,413"
2015,May 11,Monday,131,"$8,575,977",-76.8%,-45.2%,45,Avengers: Age of Ultron,"$5,398,779"
2015,May 10,Sunday,130,"$36,949,748",-26.7%,-37.3%,47,Avengers: Age of Ultron,"$22,678,911"
2015,May 9,Saturday,129,"$50,420,085",+55.2%,-27.9%,48,Avengers: Age of Ultron,"$33,835,656"
2015,May 8,Friday,128,"$32,482,351",+187.9%,-65.8%,46,Avengers: Age of Ultron,"$21,232,362"
2015,May 7,Thursday,127,"$11,280,737",-6.4%,+181.1%,48,Avengers: Age of Ultron,"$8,613,154"
2015,May 6,Wednesday,126,"$12,051,985",-26.5%,+160.6%,47,Avengers: Age of Ultron,"$9,409,838"
2015,May 5,Tuesday,125,"$16,407,085",+4.8%,+150.5%,47,Avengers: Age of Ultron,"$13,132,812"
2015,May 4,Monday,124,"$15,655,813",-73.4%,+209.2%,48,Avengers: Age of Ultron,"$13,228,555"
2015,May 3,Sunday,123,"$58,950,847",-15.7%,+199.8%,46,Avengers: Age of Ultron,"$50,319,942"
2015,May 2Mayweather/Pacquiao Fight,Saturday,122,"$69,953,261",-26.4%,+89.7%,45,Avengers: Age of Ultron,"$56,526,635"
2015,May 1,Friday,121,"$95,075,705","+2,269.5%",+295.5%,45,Avengers: Age of Ultron,"$84,424,532"
2015,Apr 30,Thursday,120,"$4,012,460",-13.2%,-38%,52,The Age of Adaline,"$833,724"
2015,Apr 29,Wednesday,119,"$4,624,820",-29.4%,-30.4%,53,Furious 7,"$991,885"
2015,Apr 28,Tuesday,118,"$6,550,182",+29.4%,-24.3%,53,Furious 7,"$1,427,695"
2015,Apr 27,Monday,117,"$5,062,558",-74.3%,-30.7%,53,Furious 7,"$1,160,150"
2015,Apr 26,Sunday,116,"$19,663,695",-46.7%,-30.8%,55,Furious 7,"$4,531,520"
2015,Apr 25,Saturday,115,"$36,877,228",+53.4%,-20.4%,55,Furious 7,"$8,415,680"
2015,Apr 24,Friday,114,"$24,039,406",+271.6%,-29.1%,55,The Age of Adaline,"$4,962,070"
2015,Apr 23,Thursday,113,"$6,469,417",-2.7%,-4.9%,45,Furious 7,"$1,726,050"
2015,Apr 22,Wednesday,112,"$6,648,269",-23.1%,-3.4%,46,Furious 7,"$1,704,520"
2015,Apr 21,Tuesday,111,"$8,648,159",+18.3%,-12.5%,45,Furious 7,"$2,297,250"
2015,Apr 20,Monday,110,"$7,308,684",-74.3%,-3.3%,44,Furious 7,"$2,021,640"
2015,Apr 19,Sunday,109,"$28,403,279",-38.7%,-6.5%,45,Furious 7,"$7,909,555"
2015,Apr 18,Saturday,108,"$46,339,477",+36.7%,-12.1%,45,Furious 7,"$12,922,640"
2015,Apr 17,Friday,107,"$33,892,068",+398.4%,-16%,45,Furious 7,"$8,324,400"
2015,Apr 16,Thursday,106,"$6,800,645",-1.2%,-57.1%,42,Furious 7,"$2,916,280"
2015,Apr 15,Wednesday,105,"$6,880,670",-30.4%,-60.2%,45,Furious 7,"$2,917,550"
2015,Apr 14,Tuesday,104,"$9,881,674",+30.8%,-58.2%,45,Furious 7,"$4,363,870"
2015,Apr 13,Monday,103,"$7,554,807",-75.1%,-68.9%,45,Furious 7,"$3,639,980"
2015,Apr 12,Sunday,102,"$30,393,740",-42.3%,-38.8%,44,Furious 7,"$15,263,490"
2015,Apr 11,Saturday,101,"$52,690,970",+30.6%,-26.9%,44,Furious 7,"$25,459,260"
2015,Apr 10,Friday,100,"$40,337,576",+154.3%,-57.5%,44,Furious 7,"$18,863,180"
2015,Apr 9,Thursday,99,"$15,862,310",-8.3%,+27.5%,40,Furious 7,"$8,228,890"
2015,Apr 8,Wednesday,98,"$17,304,236",-26.8%,+62.4%,43,Furious 7,"$9,187,550"
2015,Apr 7,Tuesday,97,"$23,646,221",-2.6%,+70.1%,42,Furious 7,"$13,311,640"
2015,Apr 6,Monday,96,"$24,283,090",-51.1%,+121.6%,42,Furious 7,"$14,015,350"
2015,Apr 5Easter Sunday,Sunday,95,"$49,646,135",-31.2%,+36.9%,41,Furious 7,"$33,153,120"
2015,Apr 4,Saturday,94,"$72,119,331",-24%,+23.2%,41,Furious 7,"$46,626,580"
2015,Apr 3,Friday,93,"$94,904,393",+662.9%,+110.5%,41,Furious 7,"$67,407,340"
2015,Apr 2,Thursday,92,"$12,439,929",+16.7%,+72.9%,43,Home,"$4,509,352"
2015,Apr 1,Wednesday,91,"$10,657,615",-23.4%,+40.7%,43,Home,"$3,405,551"
2015,Mar 31,Tuesday,90,"$13,905,093",+26.9%,+33.1%,42,Home,"$4,603,520"
2015,Mar 30,Monday,89,"$10,959,287",-69.8%,+27.9%,42,Home,"$3,603,940"
2015,Mar 29,Sunday,88,"$36,267,333",-38.1%,+21.1%,40,Home,"$14,507,122"
2015,Mar 28,Saturday,87,"$58,544,786",+29.8%,+22.2%,39,Home,"$21,883,869"
2015,Mar 27,Friday,86,"$45,093,255",+526.7%,+14.1%,40,Home,"$15,716,740"
2015,Mar 26,Thursday,85,"$7,195,923",-5%,-17.6%,42,The Divergent Series: Insurgent,"$2,558,519"
2015,Mar 25,Wednesday,84,"$7,576,303",-27.5%,-17.6%,44,The Divergent Series: Insurgent,"$2,577,223"
2015,Mar 24,Tuesday,83,"$10,447,443",+21.9%,-8.1%,44,The Divergent Series: Insurgent,"$3,760,364"
2015,Mar 23,Monday,82,"$8,568,297",-71.4%,-6.1%,44,The Divergent Series: Insurgent,"$3,159,037"
2015,Mar 22,Sunday,81,"$29,956,912",-37.4%,-1.5%,43,The Divergent Series: Insurgent,"$11,430,686"
2015,Mar 21,Saturday,80,"$47,889,467",+21.2%,-0.4%,43,The Divergent Series: Insurgent,"$19,686,052"
2015,Mar 20,Friday,79,"$39,525,639",+352.6%,+6%,43,The Divergent Series: Insurgent,"$21,146,942"
2015,Mar 19,Thursday,78,"$8,733,905",-5%,+55%,47,Cinderella,"$4,471,504"
2015,Mar 18,Wednesday,77,"$9,193,619",-19.2%,+52.8%,50,Cinderella,"$4,572,369"
2015,Mar 17,Tuesday,76,"$11,372,856",+24.6%,+45.5%,49,Cinderella,"$5,816,593"
2015,Mar 16,Monday,75,"$9,129,001",-70%,+51%,49,Cinderella,"$4,811,307"
2015,Mar 15,Sunday,74,"$30,423,657",-36.7%,+61.8%,48,Cinderella,"$17,825,512"
2015,Mar 14,Saturday,73,"$48,063,261",+29%,+50.6%,48,Cinderella,"$27,055,754"
2015,Mar 13,Friday,72,"$37,271,074",+561.4%,+70.4%,48,Cinderella,"$22,996,095"
2015,Mar 12,Thursday,71,"$5,635,527",-6.4%,-1.2%,44,The Second Best Exotic Marigold Hotel,"$842,828"
2015,Mar 11,Wednesday,70,"$6,017,991",-23%,+8.3%,46,Chappie,"$961,855"
2015,Mar 10,Tuesday,69,"$7,818,415",+29.3%,+4.9%,46,Chappie,"$1,396,172"
2015,Mar 9,Monday,68,"$6,044,813",-67.9%,-3.8%,46,Chappie,"$1,098,782"
2015,Mar 8,Sunday,67,"$18,806,367",-41.1%,-16.7%,45,Chappie,"$3,571,976"
2015,Mar 7,Saturday,66,"$31,906,261",+45.9%,-20.8%,45,Chappie,"$5,240,654"
2015,Mar 6,Friday,65,"$21,870,579",+283.5%,-17.5%,45,Chappie,"$4,534,152"
2015,Mar 5,Thursday,64,"$5,703,536",+2.6%,-20.4%,44,Focus,"$1,203,495"
2015,Mar 4,Wednesday,63,"$5,557,631",-25.5%,-19%,46,Focus,"$1,286,208"
2015,Mar 3,Tuesday,62,"$7,455,929",+18.6%,-20.9%,46,Focus,"$1,860,439"
2015,Mar 2,Monday,61,"$6,284,967",-72.2%,-14.9%,46,Focus,"$1,518,217"
2015,Mar 1,Sunday,60,"$22,582,146",-43.9%,-17.4%,47,Focus,"$4,598,888"
2015,Feb 28,Saturday,59,"$40,282,347",+51.9%,-7.8%,47,Focus,"$7,634,350"
2015,Feb 27,Friday,58,"$26,513,703",+270.2%,-19.2%,46,Focus,"$6,451,899"
2015,Feb 26,Thursday,57,"$7,161,773",+4.4%,-38.7%,46,Fifty Shades of Grey,"$1,790,520"
2015,Feb 25,Wednesday,56,"$6,862,942",-27.2%,-39.5%,45,Fifty Shades of Grey,"$1,772,230"
2015,Feb 24,Tuesday,55,"$9,424,126",+27.6%,-39.1%,45,Fifty Shades of Grey,"$2,265,910"
2015,Feb 23,Monday,54,"$7,385,671",-73%,-75.3%,46,Fifty Shades of Grey,"$1,846,390"
2015,Feb 22,Sunday,53,"$27,348,157",-37.4%,-47.1%,45,The SpongeBob Movie: Sponge Out of Water,"$5,344,478"
2015,Feb 21,Saturday,52,"$43,708,356",+33.3%,-50.3%,46,Fifty Shades of Grey,"$8,991,100"
2015,Feb 20,Friday,51,"$32,793,988",+180.7%,-42.1%,45,Fifty Shades of Grey,"$8,041,025"
2015,Feb 19,Thursday,50,"$11,681,191",+3%,+95.7%,50,Fifty Shades of Grey,"$4,229,490"
2015,Feb 18,Wednesday,49,"$11,340,438",-26.7%,+84.8%,50,Fifty Shades of Grey,"$4,175,440"
2015,Feb 17,Tuesday,48,"$15,464,927",-48.4%,+77.6%,49,Fifty Shades of Grey,"$5,487,230"
2015,Feb 16Presidents' Day,Monday,47,"$29,941,825",-42.1%,+274%,51,The SpongeBob Movie: Sponge Out of Water,"$8,550,121"
2015,Feb 15,Sunday,46,"$51,731,279",-41.1%,+42.9%,50,Fifty Shades of Grey,"$18,140,150"
2015,Feb 14,Saturday,45,"$87,900,659",+55.3%,+48.6%,50,Fifty Shades of Grey,"$36,752,460"
2015,Feb 13,Friday,44,"$56,607,658",+848.3%,+51.3%,50,Fifty Shades of Grey,"$30,278,840"
2015,Feb 12,Thursday,43,"$5,969,515",-2.7%,-3.2%,52,The SpongeBob Movie: Sponge Out of Water,"$1,527,552"
2015,Feb 11,Wednesday,42,"$6,138,013",-29.5%,+5.5%,51,American Sniper,"$1,468,160"
2015,Feb 10,Tuesday,41,"$8,707,471",+8.8%,+11.3%,50,The SpongeBob Movie: Sponge Out of Water,"$2,294,121"
2015,Feb 9,Monday,40,"$8,006,176",-77.9%,+23.6%,50,The SpongeBob Movie: Sponge Out of Water,"$2,500,426"
2015,Feb 8,Sunday,39,"$36,197,013",-38.8%,+189.2%,51,The SpongeBob Movie: Sponge Out of Water,"$16,372,597"
2015,Feb 7,Saturday,38,"$59,153,298",+58.1%,+42.1%,53,The SpongeBob Movie: Sponge Out of Water,"$24,086,968"
2015,Feb 6,Friday,37,"$37,403,463",+506.7%,+42.9%,52,The SpongeBob Movie: Sponge Out of Water,"$14,905,447"
2015,Feb 5,Thursday,36,"$6,165,344",+5.9%,-19.8%,53,American Sniper,"$2,506,106"
2015,Feb 4,Wednesday,35,"$5,819,529",-25.6%,-26.9%,54,American Sniper,"$2,273,342"
2015,Feb 3,Tuesday,34,"$7,825,091",+20.8%,-27.2%,53,American Sniper,"$2,923,141"
2015,Feb 2,Monday,33,"$6,475,068",-48.3%,-21%,54,American Sniper,"$2,645,109"
2015,Feb 1,Sunday,32,"$12,515,579",-69.9%,-65.6%,52,American Sniper,"$4,244,376"
2015,Jan 31,Saturday,31,"$41,633,588",+59.1%,-31.7%,53,American Sniper,"$16,510,536"
2015,Jan 30,Friday,30,"$26,168,351",+240.3%,-33%,53,American Sniper,"$9,905,616"
2015,Jan 29,Thursday,29,"$7,689,912",-3.4%,-39.8%,50,American Sniper,"$3,668,056"
2015,Jan 28,Wednesday,28,"$7,959,126",-26%,-35.6%,47,American Sniper,"$3,823,135"
2015,Jan 27,Tuesday,27,"$10,749,844",+31.2%,-37.2%,48,American Sniper,"$5,017,038"
2015,Jan 26,Monday,26,"$8,192,561",-77.5%,-80.5%,47,American Sniper,"$4,183,367"
2015,Jan 25,Sunday,25,"$36,414,830",-40.3%,-26.7%,53,American Sniper,"$17,779,615"
2015,Jan 24,Saturday,24,"$60,998,127",+56.1%,-17.3%,53,American Sniper,"$28,635,135"
2015,Jan 23,Friday,23,"$39,067,863",+205.7%,-30.2%,53,American Sniper,"$18,213,554"
2015,Jan 22,Thursday,22,"$12,778,538",+3.5%,+90.1%,49,American Sniper,"$7,656,492"
2015,Jan 21,Wednesday,21,"$12,352,014",-27.9%,+71%,49,American Sniper,"$7,555,269"
2015,Jan 20,Tuesday,20,"$17,120,365",-59.2%,+76.8%,49,American Sniper,"$9,924,117"
2015,Jan 19MLK Day,Monday,19,"$41,939,900",-15.6%,+515.7%,52,American Sniper,"$17,942,391"
2015,Jan 18,Sunday,18,"$49,665,377",-32.7%,+94.1%,50,American Sniper,"$24,383,294"
2015,Jan 17,Saturday,17,"$73,784,569",+31.8%,+61.7%,51,American Sniper,"$34,547,284"
2015,Jan 16,Friday,16,"$55,981,447",+732.6%,+67.2%,51,American Sniper,"$30,338,488"
2015,Jan 15,Thursday,15,"$6,723,287",-6.9%,-5.1%,48,Taken 3,"$1,744,100"
2015,Jan 14,Wednesday,14,"$7,222,660",-25.4%,-2.2%,48,Taken 3,"$2,130,294"
2015,Jan 13,Tuesday,13,"$9,685,545",+42.2%,+1.9%,48,Taken 3,"$3,292,457"
2015,Jan 12,Monday,12,"$6,811,565",-73.4%,-25.5%,47,Taken 3,"$2,418,409"
2015,Jan 11,Sunday,11,"$25,586,629",-43.9%,-7%,50,Taken 3,"$8,706,533"
2015,Jan 10,Saturday,10,"$45,640,158",+36.3%,-2.2%,49,Taken 3,"$15,615,092"
2015,Jan 9,Friday,9,"$33,481,583",+372.5%,-35.2%,49,Taken 3,"$14,880,032"
2015,Jan 8,Thursday,8,"$7,086,374",-4%,-84.7%,46,The Hobbit: The Battle of the Five Armies,"$1,335,176"
2015,Jan 7,Wednesday,7,"$7,384,467",-22.3%,-77.9%,46,The Hobbit: The Battle of the Five Armies,"$1,438,419"
2015,Jan 6,Tuesday,6,"$9,504,633",+3.9%,-75.1%,47,The Hobbit: The Battle of the Five Armies,"$1,929,458"
2015,Jan 5,Monday,5,"$9,147,210",-66.7%,-73.8%,46,The Hobbit: The Battle of the Five Armies,"$1,777,417"
2015,Jan 4,Sunday,4,"$27,507,774",-41%,-42%,48,The Hobbit: The Battle of the Five Armies,"$5,295,001"
2015,Jan 3,Saturday,3,"$46,657,518",-9.8%,-26.4%,48,The Hobbit: The Battle of the Five Armies,"$8,135,890"
2015,Jan 2,Friday,2,"$51,702,782",+11.7%,-23.7%,48,The Hobbit: The Battle of the Five Armies,"$8,301,199"
2015,Jan 1New Year's Day,Thursday,1,"$46,302,628",+38.6%,-34.6%,48,The Hobbit: The Battle of the Five Armies,"$9,320,601"
2016,Dec 31New Year's Eve,Saturday,366,"$48,726,595",-20.1%,+37.4%,50,Rogue One: A Star Wars Story,"$14,632,828"
2016,Dec 30,Friday,365,"$60,985,934",+14.3%,+9.5%,51,Rogue One: A Star Wars Story,"$18,224,317"
2016,Dec 29,Thursday,364,"$53,356,579",-4.5%,+35.3%,52,Rogue One: A Star Wars Story,"$16,722,532"
2016,Dec 28,Wednesday,363,"$55,873,826",-16.1%,+36.7%,52,Rogue One: A Star Wars Story,"$18,021,482"
2016,Dec 27,Tuesday,362,"$66,574,257",-22.2%,+146.5%,50,Rogue One: A Star Wars Story,"$22,515,612"
2016,Dec 26,Monday,361,"$85,591,349",+12.9%,+234.8%,64,Rogue One: A Star Wars Story,"$32,085,637"
2016,Dec 25Christmas Day,Sunday,360,"$75,833,566",-20.9%,-8.2%,49,Rogue One: A Star Wars Story,"$25,865,004"
2016,Dec 24,Saturday,359,"$35,458,836",-36.3%,-46%,47,Rogue One: A Star Wars Story,"$15,308,508"
2016,Dec 23,Friday,358,"$55,697,825",+41.2%,-34.5%,47,Rogue One: A Star Wars Story,"$22,860,256"
2016,Dec 22,Thursday,357,"$39,444,486",-3.5%,+634%,51,Rogue One: A Star Wars Story,"$16,773,075"
2016,Dec 21,Wednesday,356,"$40,884,496",+51.4%,+574.8%,52,Rogue One: A Star Wars Story,"$14,965,790"
2016,Dec 20,Tuesday,355,"$27,004,546",+5.6%,+225.7%,45,Rogue One: A Star Wars Story,"$17,582,978"
2016,Dec 19,Monday,354,"$25,568,518",-51.7%,+335.6%,47,Rogue One: A Star Wars Story,"$17,596,150"
2016,Dec 18,Sunday,353,"$52,891,489",-19.5%,+181.2%,48,Rogue One: A Star Wars Story,"$37,679,172"
2016,Dec 17,Saturday,352,"$65,707,159",-22.7%,+106.5%,50,Rogue One: A Star Wars Story,"$46,308,115"
2016,Dec 16,Friday,351,"$84,996,975","+1,481.8%",+305.1%,49,Rogue One: A Star Wars Story,"$71,094,394"
2016,Dec 15,Thursday,350,"$5,373,598",-11.3%,+1.6%,48,Moana,"$1,298,884"
2016,Dec 14,Wednesday,349,"$6,058,732",-26.9%,+8.5%,51,Office Christmas Party,"$1,438,227"
2016,Dec 13,Tuesday,348,"$8,291,410",+41.3%,+1.2%,50,Office Christmas Party,"$2,042,642"
2016,Dec 12,Monday,347,"$5,869,223",-68.8%,+5.3%,48,Office Christmas Party,"$1,404,127"
2016,Dec 11,Sunday,346,"$18,807,218",-40.9%,-20.4%,48,Moana,"$5,601,396"
2016,Dec 10,Saturday,345,"$31,819,176",+51.6%,-16.4%,49,Moana,"$8,726,486"
2016,Dec 9,Friday,344,"$20,983,463",+296.8%,-5.2%,50,Office Christmas Party,"$6,538,673"
2016,Dec 8,Thursday,343,"$5,288,833",-5.3%,-29.4%,52,Moana,"$1,394,539"
2016,Dec 7,Wednesday,342,"$5,585,860",-31.8%,-28.1%,55,Moana,"$1,390,221"
2016,Dec 6,Tuesday,341,"$8,190,529",+47%,-30.1%,54,Moana,"$2,176,133"
2016,Dec 5,Monday,340,"$5,571,971",-76.4%,-34.6%,54,Moana,"$1,419,381"
2016,Dec 4,Sunday,339,"$23,622,021",-38%,-37.5%,53,Moana,"$8,766,289"
2016,Dec 3,Saturday,338,"$38,079,967",+72.1%,-42%,54,Moana,"$12,960,057"
2016,Dec 2,Friday,337,"$22,125,335",+195.5%,-67.1%,53,Moana,"$6,544,643"
2016,Dec 1,Thursday,336,"$7,486,507",-3.6%,-76.6%,52,Moana,"$1,931,920"
2016,Nov 30,Wednesday,335,"$7,763,559",-33.7%,-81.1%,53,Moana,"$1,990,227"
2016,Nov 29,Tuesday,334,"$11,712,637",+37.4%,-40.4%,51,Moana,"$3,181,287"
2016,Nov 28,Monday,333,"$8,525,150",-77.4%,-42.5%,52,Moana,"$2,331,622"
2016,Nov 27,Sunday,332,"$37,794,022",-42.4%,-3.4%,51,Moana,"$13,507,512"
2016,Nov 26,Saturday,331,"$65,632,359",-2.3%,+13%,52,Moana,"$21,330,881"
2016,Nov 25,Friday,330,"$67,182,370",+110.2%,+36.1%,52,Moana,"$21,793,008"
2016,Nov 24Thanksgiving,Thursday,329,"$31,954,618",-22.4%,+361.1%,51,Moana,"$9,929,639"
2016,Nov 23,Wednesday,328,"$41,175,769",+109.6%,+411.8%,53,Moana,"$15,519,234"
2016,Nov 22,Tuesday,327,"$19,647,586",+32.6%,+62.7%,50,Fantastic Beasts and Where to Find Them,"$9,301,677"
2016,Nov 21,Monday,326,"$14,815,858",-62.1%,+72%,52,Fantastic Beasts and Where to Find Them,"$6,758,059"
2016,Nov 20,Sunday,325,"$39,141,358",-32.6%,+13.2%,51,Fantastic Beasts and Where to Find Them,"$18,493,911"
2016,Nov 19,Saturday,324,"$58,063,129",+17.6%,-1.1%,51,Fantastic Beasts and Where to Find Them,"$26,248,042"
2016,Nov 18,Friday,323,"$49,376,038",+612.5%,-6.2%,52,Fantastic Beasts and Where to Find Them,"$29,661,434"
2016,Nov 17,Thursday,322,"$6,929,684",-13.9%,-47.8%,51,Doctor Strange,"$2,089,025"
2016,Nov 16,Wednesday,321,"$8,044,879",-33.4%,-24.6%,51,Doctor Strange,"$2,469,584"
2016,Nov 15,Tuesday,320,"$12,076,667",+40.2%,-35.1%,50,Doctor Strange,"$3,717,306"
2016,Nov 14,Monday,319,"$8,613,839",-75.1%,-32.9%,51,Doctor Strange,"$2,638,728"
2016,Nov 13,Sunday,318,"$34,569,418",-41.1%,-27.2%,49,Doctor Strange,"$10,429,233"
2016,Nov 12,Saturday,317,"$58,692,930",+11.5%,-19.5%,52,Doctor Strange,"$17,614,185"
2016,Nov 11,Friday,316,"$52,635,745",+296.7%,-12.6%,51,Doctor Strange,"$14,926,647"
2016,Nov 10,Thursday,315,"$13,267,687",+24.3%,+178.6%,58,Doctor Strange,"$5,993,999"
2016,Nov 9,Wednesday,314,"$10,669,877",-42.7%,+112.3%,56,Doctor Strange,"$5,061,877"
2016,Nov 8,Tuesday,313,"$18,609,076",+44.9%,+136.7%,54,Doctor Strange,"$7,658,060"
2016,Nov 7,Monday,312,"$12,845,729",-73%,+54.8%,54,Doctor Strange,"$6,209,922"
2016,Nov 6,Sunday,311,"$47,508,479",-34.8%,+139.5%,56,Doctor Strange,"$21,104,305"
2016,Nov 5,Saturday,310,"$72,912,256",+21%,+129.2%,55,Doctor Strange,"$31,368,671"
2016,Nov 4,Friday,309,"$60,243,405","+1,165%",+165.7%,55,Doctor Strange,"$32,585,335"
2016,Nov 3,Thursday,308,"$4,762,418",-5.2%,-33.4%,60,Inferno,"$905,477"
2016,Nov 2,Wednesday,307,"$5,025,357",-36.1%,-28.1%,62,Inferno,"$978,059"
2016,Nov 1,Tuesday,306,"$7,860,280",-5.3%,-25.1%,65,Inferno,"$1,674,404"
2016,Oct 31Halloween,Monday,305,"$8,296,074",-58.2%,+4.5%,63,Boo! A Madea Halloween,"$1,941,626"
2016,Oct 30,Sunday,304,"$19,835,660",-37.6%,-24.4%,63,Boo! A Madea Halloween,"$4,807,333"
2016,Oct 29,Saturday,303,"$31,805,056",+40.3%,-29.7%,64,Boo! A Madea Halloween,"$7,802,221"
2016,Oct 28,Friday,302,"$22,673,471",+216.9%,-39.8%,64,Inferno,"$5,575,613"
2016,Oct 27,Thursday,301,"$7,154,373",+2.3%,+13%,69,Jack Reacher: Never Go Back,"$1,454,032"
2016,Oct 26,Wednesday,300,"$6,993,401",-33.4%,+20.1%,71,Jack Reacher: Never Go Back,"$1,525,438"
2016,Oct 25,Tuesday,299,"$10,497,490",+32.2%,+16.2%,70,Jack Reacher: Never Go Back,"$2,449,159"
2016,Oct 24,Monday,298,"$7,941,621",-69.7%,+16.1%,71,Jack Reacher: Never Go Back,"$1,828,058"
2016,Oct 23,Sunday,297,"$26,245,405",-42%,+20%,74,Boo! A Madea Halloween,"$7,281,034"
2016,Oct 22,Saturday,296,"$45,231,940",+20.1%,+27.8%,72,Boo! A Madea Halloween,"$11,750,186"
2016,Oct 21,Friday,295,"$37,648,649",+494.4%,+35.8%,75,Boo! A Madea Halloween,"$9,470,228"
2016,Oct 20,Thursday,294,"$6,333,793",+8.7%,-0.2%,72,The Accountant,"$2,003,570"
2016,Oct 19,Wednesday,293,"$5,825,075",-35.5%,-28.5%,69,The Accountant,"$1,841,007"
2016,Oct 18,Tuesday,292,"$9,036,078",+32.1%,-11%,69,The Accountant,"$3,106,507"
2016,Oct 17,Monday,291,"$6,841,043",-68.7%,-49.9%,72,The Accountant,"$2,234,024"
2016,Oct 16,Sunday,290,"$21,863,252",-38.2%,-11.9%,70,The Accountant,"$6,076,639"
2016,Oct 15,Saturday,289,"$35,395,266",+27.6%,-10.2%,69,The Accountant,"$9,561,314"
2016,Oct 14,Friday,288,"$27,730,358",+336.9%,-3.9%,71,The Accountant,"$9,072,320"
2016,Oct 13,Thursday,287,"$6,346,766",-22.1%,-1.7%,65,The Girl on the Train,"$1,851,520"
2016,Oct 12,Wednesday,286,"$8,144,902",-19.7%,+27.8%,66,The Girl on the Train,"$2,143,460"
2016,Oct 11,Tuesday,285,"$10,149,117",-25.7%,+3.3%,65,The Girl on the Train,"$2,956,295"
2016,Oct 10Indig. Peoples' Day,Monday,284,"$13,660,056",-45%,+63.3%,64,The Girl on the Train,"$3,096,055"
2016,Oct 9,Sunday,283,"$24,829,230",-37%,-6.4%,65,The Girl on the Train,"$5,737,435"
2016,Oct 8,Saturday,282,"$39,420,846",+36.6%,-11.2%,64,The Girl on the Train,"$9,537,175"
2016,Oct 7,Friday,281,"$28,860,055",+347%,-7.7%,66,The Girl on the Train,"$9,261,655"
2016,Oct 6,Thursday,280,"$6,455,682",+1.3%,+13.1%,67,Deepwater Horizon,"$1,328,403"
2016,Oct 5,Wednesday,279,"$6,373,512",-35.1%,-1.7%,66,Deepwater Horizon,"$1,428,577"
2016,Oct 4,Tuesday,278,"$9,822,904",+17.4%,+2.6%,65,Miss Peregrine's Home for Peculiar Children,"$2,363,206"
2016,Oct 3,Monday,277,"$8,363,729",-68.5%,+33.2%,64,Miss Peregrine's Home for Peculiar Children,"$2,163,204"
2016,Oct 2,Sunday,276,"$26,521,782",-40.3%,+12.2%,65,Miss Peregrine's Home for Peculiar Children,"$7,824,396"
2016,Oct 1,Saturday,275,"$44,410,843",+42%,+11.8%,67,Miss Peregrine's Home for Peculiar Children,"$12,004,974"
2016,Sep 30,Friday,274,"$31,278,723",+448.1%,+5.8%,67,Miss Peregrine's Home for Peculiar Children,"$9,041,770"
2016,Sep 29,Thursday,273,"$5,706,951",-12%,+17.1%,66,The Magnificent Seven,"$2,151,669"
2016,Sep 28,Wednesday,272,"$6,484,402",-32.3%,+19%,66,The Magnificent Seven,"$2,485,021"
2016,Sep 27,Tuesday,271,"$9,574,651",+52.5%,+6.4%,67,The Magnificent Seven,"$3,948,231"
2016,Sep 26,Monday,270,"$6,277,156",-73.4%,+7.8%,63,The Magnificent Seven,"$2,617,583"
2016,Sep 25,Sunday,269,"$23,632,599",-40.5%,+31.7%,66,The Magnificent Seven,"$8,349,459"
2016,Sep 24,Saturday,268,"$39,708,091",+34.3%,+30.3%,64,The Magnificent Seven,"$13,685,923"
2016,Sep 23,Friday,267,"$29,566,426",+506.5%,+28.6%,63,The Magnificent Seven,"$12,668,015"
2016,Sep 22,Thursday,266,"$4,874,928",-10.5%,-10.3%,64,Sully,"$1,714,539"
2016,Sep 21,Wednesday,265,"$5,448,541",-39.4%,-10.7%,67,Sully,"$1,926,388"
2016,Sep 20,Tuesday,264,"$8,996,673",+54.4%,+1.9%,67,Sully,"$2,702,144"
2016,Sep 19,Monday,263,"$5,825,147",-67.5%,-5.3%,65,Sully,"$2,026,008"
2016,Sep 18,Sunday,262,"$17,946,463",-41.1%,-7.8%,67,Sully,"$5,563,064"
2016,Sep 17,Saturday,261,"$30,463,387",+32.5%,-14.2%,66,Sully,"$9,556,921"
2016,Sep 16,Friday,260,"$22,996,732",+323.2%,-10.3%,66,Sully,"$6,533,032"
2016,Sep 15,Thursday,259,"$5,434,650",-10.9%,+41%,60,Sully,"$2,780,372"
2016,Sep 14,Wednesday,258,"$6,099,701",-30.9%,+41.8%,59,Sully,"$3,141,400"
2016,Sep 13,Tuesday,257,"$8,827,982",+43.6%,+44.5%,61,Sully,"$4,585,158"
2016,Sep 12,Monday,256,"$6,149,505",-68.4%,-67.8%,60,Sully,"$3,006,120"
2016,Sep 11,Sunday,255,"$19,464,656",-45.2%,-21.5%,59,Sully,"$8,207,498"
2016,Sep 10,Saturday,254,"$35,492,978",+38.4%,+41%,59,Sully,"$14,660,116"
2016,Sep 9,Friday,253,"$25,647,612",+565.3%,+51.4%,59,Sully,"$12,160,687"
2016,Sep 8,Thursday,252,"$3,855,239",-10.3%,-50.4%,56,Don't Breathe,"$928,687"
2016,Sep 7,Wednesday,251,"$4,300,187",-29.6%,-42.9%,57,Don't Breathe,"$1,034,969"
2016,Sep 6,Tuesday,250,"$6,110,965",-68%,-46.7%,57,Don't Breathe,"$1,527,623"
2016,Sep 5Labor Day,Monday,249,"$19,098,138",-23%,+132%,58,Don't Breathe,"$3,874,704"
2016,Sep 4,Sunday,248,"$24,787,122",-1.5%,+0.4%,57,Don't Breathe,"$5,703,888"
2016,Sep 3,Saturday,247,"$25,165,172",+48.6%,-33.6%,54,Don't Breathe,"$5,947,359"
2016,Sep 2,Friday,246,"$16,935,598",+118%,-40.8%,54,Don't Breathe,"$4,181,976"
2016,Sep 1,Thursday,245,"$7,768,966",+3.2%,-18%,58,Don't Breathe,"$1,831,298"
2016,Aug 31,Wednesday,244,"$7,530,767",-34.3%,-26.5%,59,Don't Breathe,"$1,853,494"
2016,Aug 30,Tuesday,243,"$11,457,852",+39.2%,-23%,60,Don't Breathe,"$2,980,896"
2016,Aug 29,Monday,242,"$8,231,663",-66.7%,-27.7%,58,Don't Breathe,"$2,346,558"
2016,Aug 28,Sunday,241,"$24,695,716",-34.9%,-23.9%,57,Don't Breathe,"$6,498,319"
2016,Aug 27,Saturday,240,"$37,914,396",+32.5%,-14.7%,57,Don't Breathe,"$9,880,037"
2016,Aug 26,Friday,239,"$28,616,453",+202.2%,-19.4%,57,Don't Breathe,"$10,033,350"
2016,Aug 25,Thursday,238,"$9,469,720",-7.5%,-32.5%,54,Suicide Squad,"$1,690,218"
2016,Aug 24,Wednesday,237,"$10,240,023",-31.2%,-36.1%,54,Suicide Squad,"$1,827,395"
2016,Aug 23,Tuesday,236,"$14,882,760",+30.8%,-37%,54,Suicide Squad,"$2,691,263"
2016,Aug 22,Monday,235,"$11,382,416",-64.9%,-38%,55,Suicide Squad,"$2,135,015"
2016,Aug 21Rio Olympics,Sunday,234,"$32,455,490",-27%,-26.7%,54,Suicide Squad,"$6,200,017"
2016,Aug 20Rio Olympics,Saturday,233,"$44,474,341",+25.3%,-25.8%,54,Suicide Squad,"$8,646,691"
2016,Aug 19Rio Olympics,Friday,232,"$35,487,368",+153%,-28.5%,55,Suicide Squad,"$6,008,693"
2016,Aug 18Rio Olympics,Thursday,231,"$14,025,044",-12.5%,-25.7%,53,Suicide Squad,"$3,570,684"
2016,Aug 17Rio Olympics,Wednesday,230,"$16,036,213",-32.2%,-26.3%,53,Suicide Squad,"$4,125,332"
2016,Aug 16Rio Olympics,Tuesday,229,"$23,635,708",+28.8%,-18.3%,53,Suicide Squad,"$6,233,298"
2016,Aug 15Rio Olympics,Monday,228,"$18,352,819",-58.6%,-24.6%,54,Suicide Squad,"$5,003,280"
2016,Aug 14Rio Olympics,Sunday,227,"$44,296,668",-26.1%,-18.5%,53,Suicide Squad,"$12,901,642"
2016,Aug 13Rio Olympics,Saturday,226,"$59,907,488",+20.7%,-17.8%,53,Suicide Squad,"$17,530,577"
2016,Aug 12Rio Olympics,Friday,225,"$49,619,427",+163%,-45.2%,54,Sausage Party,"$13,510,615"
2016,Aug 11Rio Olympics,Thursday,224,"$18,864,337",-13.3%,+12.3%,46,Suicide Squad,"$8,202,167"
2016,Aug 10Rio Olympics,Wednesday,223,"$21,766,484",-24.7%,+12.3%,47,Suicide Squad,"$9,815,378"
2016,Aug 9Rio Olympics,Tuesday,222,"$28,913,363",+18.8%,+8%,47,Suicide Squad,"$14,261,461"
2016,Aug 8Rio Olympics,Monday,221,"$24,342,562",-55.2%,+7.9%,48,Suicide Squad,"$13,143,474"
2016,Aug 7Rio Olympics,Sunday,220,"$54,365,151",-25.4%,+5.8%,47,Suicide Squad,"$30,210,168"
2016,Aug 6Rio Olympics,Saturday,219,"$72,901,184",-19.4%,+13.7%,49,Suicide Squad,"$38,578,832"
2016,Aug 5Rio Olympics,Friday,218,"$90,480,847",+438.5%,+52.4%,50,Suicide Squad,"$64,893,248"
2016,Aug 4,Thursday,217,"$16,802,273",-13.3%,-12.8%,50,Jason Bourne,"$3,933,930"
2016,Aug 3,Wednesday,216,"$19,379,741",-27.6%,-11.9%,50,Jason Bourne,"$4,569,745"
2016,Aug 2,Tuesday,215,"$26,780,123",+18.8%,+0.8%,48,Jason Bourne,"$6,785,655"
2016,Aug 1,Monday,214,"$22,550,667",-56.1%,-8.5%,48,Jason Bourne,"$6,201,325"
2016,Jul 31,Sunday,213,"$51,387,918",-19.8%,+1.5%,48,Jason Bourne,"$15,807,760"
2016,Jul 30,Saturday,212,"$64,114,641",+8%,-2.8%,49,Jason Bourne,"$20,796,380"
2016,Jul 29,Friday,211,"$59,373,015",+208.2%,-4%,48,Jason Bourne,"$22,611,225"
2016,Jul 28,Thursday,210,"$19,263,291",-12.4%,+11.4%,48,Star Trek Beyond,"$4,302,826"
2016,Jul 27,Wednesday,209,"$21,993,974",-17.3%,+25.5%,48,Star Trek Beyond,"$4,906,308"
2016,Jul 26,Tuesday,208,"$26,580,100",+7.8%,+6.8%,48,Star Trek Beyond,"$7,005,970"
2016,Jul 25,Monday,207,"$24,646,276",-51.3%,+28.2%,48,Star Trek Beyond,"$6,252,063"
2016,Jul 24,Sunday,206,"$50,648,644",-23.2%,+13.7%,49,Star Trek Beyond,"$16,337,120"
2016,Jul 23,Saturday,205,"$65,947,194",+6.7%,+13.1%,50,Star Trek Beyond,"$20,661,714"
2016,Jul 22,Friday,204,"$61,825,116",+257.5%,+27.4%,49,Star Trek Beyond,"$22,254,377"
2016,Jul 21,Thursday,203,"$17,291,327",-1.3%,-20.5%,51,The Secret Life of Pets,"$5,965,735"
2016,Jul 20,Wednesday,202,"$17,521,545",-29.6%,-24.6%,49,The Secret Life of Pets,"$6,279,925"
2016,Jul 19,Tuesday,201,"$24,892,256",+29.5%,-19.5%,50,The Secret Life of Pets,"$8,916,415"
2016,Jul 18,Monday,200,"$19,228,462",-56.8%,-19.6%,48,The Secret Life of Pets,"$6,790,450"
2016,Jul 17,Sunday,199,"$44,553,724",-23.6%,-23.6%,49,The Secret Life of Pets,"$15,610,560"
2016,Jul 16,Saturday,198,"$58,315,329",+20.1%,-23.9%,50,The Secret Life of Pets,"$20,028,900"
2016,Jul 15,Friday,197,"$48,540,690",+123.1%,-31.7%,49,Ghostbusters,"$17,129,166"
2016,Jul 14,Thursday,196,"$21,760,118",-6.3%,+6.3%,48,The Secret Life of Pets,"$10,389,130"
2016,Jul 13,Wednesday,195,"$23,229,947",-24.9%,+0.8%,48,The Secret Life of Pets,"$11,070,560"
2016,Jul 12,Tuesday,194,"$30,918,432",+29.3%,+2.3%,48,The Secret Life of Pets,"$15,105,025"
2016,Jul 11,Monday,193,"$23,918,119",-59%,-37.8%,48,The Secret Life of Pets,"$11,670,245"
2016,Jul 10,Sunday,192,"$58,303,511",-23.9%,+7.1%,48,The Secret Life of Pets,"$28,765,550"
2016,Jul 9,Saturday,191,"$76,628,316",+7.8%,+25.2%,47,The Secret Life of Pets,"$37,044,595"
2016,Jul 8,Friday,190,"$71,057,850",+247.2%,+11.2%,48,The Secret Life of Pets,"$38,542,760"
2016,Jul 7,Thursday,189,"$20,464,624",-11.2%,+11.3%,47,Finding Dory,"$5,857,141"
2016,Jul 6,Wednesday,188,"$23,054,860",-23.7%,+0.1%,46,Finding Dory,"$6,382,911"
2016,Jul 5,Tuesday,187,"$30,217,196",-21.4%,-4%,44,Finding Dory,"$8,203,206"
2016,Jul 4Independence Day,Monday,186,"$38,433,748",-29.4%,+71%,61,Finding Dory,"$9,619,207"
2016,Jul 3,Sunday,185,"$54,454,947",-11%,+9.7%,45,Finding Dory,"$13,277,242"
2016,Jul 2,Saturday,184,"$61,208,530",-4.2%,-7.1%,45,Finding Dory,"$14,995,286"
2016,Jul 1,Friday,183,"$63,915,781",+247.5%,+3.7%,44,The Purge: Election Year,"$14,513,360"
2016,Jun 30,Thursday,182,"$18,394,881",-20.1%,-31.4%,45,Finding Dory,"$8,768,132"
2016,Jun 29,Wednesday,181,"$23,020,374",-26.9%,-19.1%,48,Finding Dory,"$10,414,502"
2016,Jun 28,Tuesday,180,"$31,477,612",+40.1%,-13.6%,48,Finding Dory,"$14,666,974"
2016,Jun 27,Monday,179,"$22,474,496",-54.7%,-27.3%,45,Finding Dory,"$10,222,138"
2016,Jun 26,Sunday,178,"$49,623,945",-24.7%,-17.6%,44,Finding Dory,"$22,021,773"
2016,Jun 25,Saturday,177,"$65,897,891",+6.9%,-15.9%,44,Finding Dory,"$27,735,155"
2016,Jun 24,Friday,176,"$61,637,005",+129.7%,-27.1%,44,Finding Dory,"$23,203,026"
2016,Jun 23,Thursday,175,"$26,831,362",-5.7%,+135.4%,39,Finding Dory,"$17,408,514"
2016,Jun 22,Wednesday,174,"$28,459,988",-21.9%,+102.2%,40,Finding Dory,"$18,085,347"
2016,Jun 21,Tuesday,173,"$36,434,040",+17.9%,+94.4%,41,Finding Dory,"$23,192,485"
2016,Jun 20,Monday,172,"$30,900,266",-48.7%,+111.7%,42,Finding Dory,"$19,571,283"
2016,Jun 19,Sunday,171,"$60,257,676",-23.1%,+63.5%,41,Finding Dory,"$34,669,397"
2016,Jun 18,Saturday,170,"$78,319,162",-7.4%,+50.7%,41,Finding Dory,"$45,644,471"
2016,Jun 17,Friday,169,"$84,607,922",+642.2%,+66.7%,40,Finding Dory,"$54,746,405"
2016,Jun 16,Thursday,168,"$11,399,004",-19%,+7.4%,45,The Conjuring 2,"$3,001,462"
2016,Jun 15,Wednesday,167,"$14,073,452",-24.9%,+24.3%,47,The Conjuring 2,"$3,651,819"
2016,Jun 14,Tuesday,166,"$18,743,068",+28.4%,+18.2%,45,The Conjuring 2,"$4,813,332"
2016,Jun 13,Monday,165,"$14,595,396",-60.4%,+16.3%,44,The Conjuring 2,"$4,302,159"
2016,Jun 12,Sunday,164,"$36,849,373",-29.1%,+2.4%,47,The Conjuring 2,"$10,012,384"
2016,Jun 11,Saturday,163,"$51,974,461",+2.4%,+9.4%,45,The Conjuring 2,"$14,004,701"
2016,Jun 10,Friday,162,"$50,743,414",+378%,+26.3%,46,The Conjuring 2,"$16,389,229"
2016,Jun 9,Thursday,161,"$10,615,281",-6.2%,-0.7%,43,Teenage Mutant Ninja Turtles: Out of the Shadows,"$2,186,557"
2016,Jun 8,Wednesday,160,"$11,318,060",-28.6%,-6.9%,44,Teenage Mutant Ninja Turtles: Out of the Shadows,"$2,289,789"
2016,Jun 7,Tuesday,159,"$15,860,487",+26.4%,-3.9%,44,Teenage Mutant Ninja Turtles: Out of the Shadows,"$3,605,827"
2016,Jun 6,Monday,158,"$12,548,027",-65.1%,-68.4%,45,Teenage Mutant Ninja Turtles: Out of the Shadows,"$2,841,228"
2016,Jun 5,Sunday,157,"$35,990,964",-24.3%,-27.8%,44,Teenage Mutant Ninja Turtles: Out of the Shadows,"$9,810,628"
2016,Jun 4,Saturday,156,"$47,523,254",+18.3%,-11.9%,43,Teenage Mutant Ninja Turtles: Out of the Shadows,"$13,021,637"
2016,Jun 3,Friday,155,"$40,169,803",+275.9%,-24.9%,43,Teenage Mutant Ninja Turtles: Out of the Shadows,"$12,484,117"
2016,Jun 2,Thursday,154,"$10,685,127",-12.1%,+30.4%,43,X-Men: Apocalypse,"$3,563,628"
2016,Jun 1,Wednesday,153,"$12,161,064",-26.3%,+37.3%,45,X-Men: Apocalypse,"$4,285,264"
2016,May 31,Tuesday,152,"$16,499,938",-58.4%,+38.4%,43,X-Men: Apocalypse,"$6,514,207"
2016,May 30Memorial Day,Monday,151,"$39,699,971",-20.4%,+244.2%,47,X-Men: Apocalypse,"$14,040,571"
2016,May 29,Sunday,150,"$49,865,252",-7.6%,+38.2%,46,X-Men: Apocalypse,"$18,973,867"
2016,May 28,Saturday,149,"$53,947,521",+0.8%,+0.6%,45,X-Men: Apocalypse,"$20,493,504"
2016,May 27,Friday,148,"$53,516,661",+553%,+38.5%,46,X-Men: Apocalypse,"$26,302,191"
2016,May 26,Thursday,147,"$8,195,316",-7.5%,+16.3%,50,Captain America: Civil War,"$2,076,849"
2016,May 25,Wednesday,146,"$8,859,466",-25.7%,+15%,48,Captain America: Civil War,"$2,272,708"
2016,May 24,Tuesday,145,"$11,921,146",+3.4%,+3.1%,47,Captain America: Civil War,"$2,889,710"
2016,May 23,Monday,144,"$11,532,888",-68%,+32.6%,47,Captain America: Civil War,"$3,020,789"
2016,May 22,Sunday,143,"$36,076,358",-32.7%,+3.3%,50,The Angry Birds Movie,"$11,446,237"
2016,May 21,Saturday,142,"$53,620,166",+38.8%,-0.3%,53,The Angry Birds Movie,"$15,876,962"
2016,May 20,Friday,141,"$38,628,229",+447.9%,+12.5%,52,The Angry Birds Movie,"$10,831,978"
2016,May 19,Thursday,140,"$7,049,603",-8.5%,-37.7%,49,Captain America: Civil War,"$3,730,264"
2016,May 18,Wednesday,139,"$7,705,420",-33.3%,-37.5%,49,Captain America: Civil War,"$3,899,984"
2016,May 17,Tuesday,138,"$11,559,639",+32.9%,-37.8%,48,Captain America: Civil War,"$5,928,602"
2016,May 16,Monday,137,"$8,695,153",-75.1%,-48.5%,48,Captain America: Civil War,"$4,751,083"
2016,May 15,Sunday,136,"$34,914,858",-35.1%,-45.1%,50,Captain America: Civil War,"$21,064,772"
2016,May 14,Saturday,135,"$53,766,097",+56.5%,-34%,48,Captain America: Civil War,"$31,960,342"
2016,May 13,Friday,134,"$34,344,365",+203.4%,-60.7%,48,Captain America: Civil War,"$19,612,028"
2016,May 12,Thursday,133,"$11,318,287",-8.1%,+156.9%,41,Captain America: Civil War,"$8,160,569"
2016,May 11,Wednesday,132,"$12,321,971",-33.7%,+110.9%,40,Captain America: Civil War,"$8,976,371"
2016,May 10,Tuesday,131,"$18,575,552",+10%,+131.1%,40,Captain America: Civil War,"$13,761,120"
2016,May 9,Monday,130,"$16,892,045",-73.4%,+185.5%,41,Captain America: Civil War,"$13,291,876"
2016,May 8,Sunday,129,"$63,573,611",-21.9%,+125.6%,45,Captain America: Civil War,"$42,427,980"
2016,May 7,Saturday,128,"$81,421,781",-6.9%,+90.8%,45,Captain America: Civil War,"$61,209,001"
2016,May 6,Friday,127,"$87,415,719","+1,884.3%",+235.3%,43,Captain America: Civil War,"$75,502,161"
2016,May 5,Thursday,126,"$4,405,330",-24.6%,-40.5%,43,The Jungle Book,"$1,778,587"
2016,May 4,Wednesday,125,"$5,841,636",-27.3%,-22.7%,44,The Jungle Book,"$2,334,906"
2016,May 3,Tuesday,124,"$8,038,104",+35.9%,-30.3%,44,The Jungle Book,"$3,223,963"
2016,May 2,Monday,123,"$5,915,840",-79%,-28.1%,42,The Jungle Book,"$2,403,303"
2016,May 1,Sunday,122,"$28,184,154",-34%,-13.4%,48,The Jungle Book,"$13,819,408"
2016,Apr 30,Saturday,121,"$42,682,601",+63.7%,-16%,47,The Jungle Book,"$19,618,425"
2016,Apr 29,Friday,120,"$26,070,723",+252.3%,-24.1%,48,The Jungle Book,"$10,276,873"
2016,Apr 28,Thursday,119,"$7,400,494",-2%,-23.7%,42,The Jungle Book,"$3,741,017"
2016,Apr 27,Wednesday,118,"$7,553,547",-34.5%,-24.5%,41,The Jungle Book,"$3,696,979"
2016,Apr 26,Tuesday,117,"$11,531,040",+40.1%,-21.9%,42,The Jungle Book,"$5,860,170"
2016,Apr 25,Monday,116,"$8,228,138",-74.7%,-28.3%,42,The Jungle Book,"$4,145,387"
2016,Apr 24,Sunday,115,"$32,532,234",-36%,-29.8%,43,The Jungle Book,"$18,369,560"
2016,Apr 23,Saturday,114,"$50,800,687",+47.9%,-24.6%,44,The Jungle Book,"$26,716,782"
2016,Apr 22,Friday,113,"$34,358,910",+254.3%,-33.1%,45,The Jungle Book,"$16,452,479"
2016,Apr 21,Thursday,112,"$9,698,813",-3.1%,+102.5%,43,The Jungle Book,"$5,580,012"
2016,Apr 20,Wednesday,111,"$10,010,381",-32.2%,+84.5%,40,The Jungle Book,"$5,850,752"
2016,Apr 19,Tuesday,110,"$14,770,029",+28.6%,+77%,41,The Jungle Book,"$8,958,687"
2016,Apr 18,Monday,109,"$11,482,570",-75.2%,+91.4%,40,The Jungle Book,"$7,023,511"
2016,Apr 17,Sunday,108,"$46,317,289",-31.3%,+89.2%,46,The Jungle Book,"$30,436,171"
2016,Apr 16,Saturday,107,"$67,398,024",+31.2%,+68.4%,43,The Jungle Book,"$40,811,977"
2016,Apr 15,Friday,106,"$51,360,832",+972.3%,+92.8%,44,The Jungle Book,"$32,013,316"
2016,Apr 14,Thursday,105,"$4,789,960",-11.7%,-38.8%,45,The Boss,"$1,236,050"
2016,Apr 13,Wednesday,104,"$5,424,616",-35%,-33.1%,45,The Boss,"$1,401,550"
2016,Apr 12,Tuesday,103,"$8,342,405",+39%,-24.5%,44,The Boss,"$2,329,555"
2016,Apr 11,Monday,102,"$6,000,417",-75.5%,-25.5%,46,The Boss,"$1,628,110"
2016,Apr 10,Sunday,101,"$24,481,093",-38.8%,-22.8%,47,Batman v Superman: Dawn of Justice,"$6,630,748"
2016,Apr 9,Saturday,100,"$40,026,777",+50.3%,-21.2%,48,Batman v Superman: Dawn of Justice,"$10,660,730"
2016,Apr 8,Friday,99,"$26,637,318",+240.6%,-26.1%,48,The Boss,"$8,099,225"
2016,Apr 7,Thursday,98,"$7,821,203",-3.6%,-52.5%,53,Batman v Superman: Dawn of Justice,"$2,721,160"
2016,Apr 6,Wednesday,97,"$8,111,294",-26.6%,-50.4%,52,Batman v Superman: Dawn of Justice,"$2,840,624"
2016,Apr 5,Tuesday,96,"$11,056,393",+37.3%,-51.6%,51,Batman v Superman: Dawn of Justice,"$4,088,296"
2016,Apr 4,Monday,95,"$8,050,194",-74.6%,-69.7%,52,Batman v Superman: Dawn of Justice,"$3,192,415"
2016,Apr 3,Sunday,94,"$31,722,462",-37.6%,-40.3%,52,Batman v Superman: Dawn of Justice,"$13,986,679"
2016,Apr 2,Saturday,93,"$50,810,354",+41%,-36%,51,Batman v Superman: Dawn of Justice,"$22,334,278"
2016,Apr 1,Friday,92,"$36,026,456",+118.7%,-67.5%,51,Batman v Superman: Dawn of Justice,"$15,014,297"
2016,Mar 31,Thursday,91,"$16,474,321",+0.8%,+49.3%,56,Batman v Superman: Dawn of Justice,"$7,742,367"
2016,Mar 30,Wednesday,90,"$16,338,413",-28.5%,+65.4%,56,Batman v Superman: Dawn of Justice,"$8,102,420"
2016,Mar 29,Tuesday,89,"$22,863,536",-14.1%,+70.4%,54,Batman v Superman: Dawn of Justice,"$12,180,163"
2016,Mar 28,Monday,88,"$26,604,074",-50%,+149.7%,55,Batman v Superman: Dawn of Justice,"$15,040,496"
2016,Mar 27Easter Sunday,Sunday,87,"$53,164,925",-33.1%,+66.8%,50,Batman v Superman: Dawn of Justice,"$33,791,754"
2016,Mar 26,Saturday,86,"$79,412,159",-28.4%,+64.1%,50,Batman v Superman: Dawn of Justice,"$50,657,088"
2016,Mar 25,Friday,85,"$110,981,675",+905.9%,+212.1%,50,Batman v Superman: Dawn of Justice,"$81,558,505"
2016,Mar 24,Thursday,84,"$11,033,232",+11.7%,+2.3%,54,Zootopia,"$4,489,610"
2016,Mar 23,Wednesday,83,"$9,877,845",-26.4%,-16.3%,52,Zootopia,"$3,579,037"
2016,Mar 22,Tuesday,82,"$13,417,054",+26%,-2.7%,52,Zootopia,"$4,686,529"
2016,Mar 21,Monday,81,"$10,652,475",-66.6%,-0.2%,53,Zootopia,"$3,724,578"
2016,Mar 20,Sunday,80,"$31,878,409",-34.1%,-6.8%,53,Zootopia,"$11,336,079"
2016,Mar 19,Saturday,79,"$48,392,195",+36.1%,-3.5%,53,Zootopia,"$16,233,914"
2016,Mar 18,Friday,78,"$35,563,719",+229.6%,+5.1%,52,The Divergent Series: Allegiant,"$11,935,887"
2016,Mar 17,Thursday,77,"$10,789,937",-8.5%,+23.1%,54,Zootopia,"$4,548,579"
2016,Mar 16,Wednesday,76,"$11,798,460",-14.4%,+34.2%,57,Zootopia,"$4,607,516"
2016,Mar 15,Tuesday,75,"$13,783,580",+29.2%,+12.4%,54,Zootopia,"$6,053,209"
2016,Mar 14,Monday,74,"$10,668,605",-68.8%,+6.8%,52,Zootopia,"$4,601,180"
2016,Mar 13,Sunday,73,"$34,189,268",-31.8%,-19.4%,51,Zootopia,"$16,558,962"
2016,Mar 12,Saturday,72,"$50,165,192",+48.2%,-16.8%,51,Zootopia,"$22,696,848"
2016,Mar 11,Friday,71,"$33,851,432",+286.3%,-15.1%,52,Zootopia,"$12,084,077"
2016,Mar 10,Thursday,70,"$8,763,919",-0.3%,+49.6%,46,Zootopia,"$3,908,259"
2016,Mar 9,Wednesday,69,"$8,790,970",-28.3%,+35.7%,47,Zootopia,"$3,724,824"
2016,Mar 8,Tuesday,68,"$12,266,349",+22.7%,+39.2%,46,Zootopia,"$5,374,968"
2016,Mar 7,Monday,67,"$9,993,951",-76.5%,+48.8%,46,Zootopia,"$4,543,674"
2016,Mar 6,Sunday,66,"$42,443,923",-29.6%,+78.5%,48,Zootopia,"$23,927,191"
2016,Mar 5,Saturday,65,"$60,286,000",+51.2%,+48.7%,48,Zootopia,"$31,636,202"
2016,Mar 4,Friday,64,"$39,860,287",+580.4%,+47.9%,48,Zootopia,"$19,500,008"
2016,Mar 3,Thursday,63,"$5,858,468",-9.5%,-28.9%,49,Deadpool,"$2,103,883"
2016,Mar 2,Wednesday,62,"$6,476,392",-26.5%,-20.7%,49,Deadpool,"$2,214,542"
2016,Mar 1,Tuesday,61,"$8,813,890",+31.2%,-21.3%,49,Deadpool,"$2,854,596"
2016,Feb 29,Monday,60,"$6,716,370",-71.8%,-24%,51,Deadpool,"$2,330,907"
2016,Feb 28,Sunday,59,"$23,781,538",-41.3%,-29.4%,50,Deadpool,"$8,075,134"
2016,Feb 27,Saturday,58,"$40,548,036",+50.5%,-21.6%,50,Deadpool,"$14,160,782"
2016,Feb 26,Friday,57,"$26,948,602",+227.2%,-24.4%,50,Deadpool,"$8,879,279"
2016,Feb 25,Thursday,56,"$8,237,111",+0.8%,-36.9%,52,Deadpool,"$3,853,861"
2016,Feb 24,Wednesday,55,"$8,171,538",-27%,-40.2%,54,Deadpool,"$3,795,775"
2016,Feb 23,Tuesday,54,"$11,196,952",+26.7%,-39.8%,54,Deadpool,"$5,158,806"
2016,Feb 22,Monday,53,"$8,836,352",-73.8%,-75%,55,Deadpool,"$4,465,513"
2016,Feb 21,Sunday,52,"$33,704,621",-34.9%,-55.5%,52,Deadpool,"$15,960,385"
2016,Feb 20,Saturday,51,"$51,746,536",+45.1%,-29.1%,52,Deadpool,"$24,291,774"
2016,Feb 19,Friday,50,"$35,668,549",+173.3%,-46.9%,51,Deadpool,"$16,218,008"
2016,Feb 18,Thursday,49,"$13,049,057",-4.4%,+174.3%,50,Deadpool,"$8,023,839"
2016,Feb 17,Wednesday,48,"$13,653,569",-26.6%,+165%,49,Deadpool,"$8,617,589"
2016,Feb 16,Tuesday,47,"$18,610,761",-47.3%,+159.7%,50,Deadpool,"$11,559,606"
2016,Feb 15Presidents' Day,Monday,46,"$35,337,538",-53.3%,+471.3%,53,Deadpool,"$19,759,214"
2016,Feb 14,Sunday,45,"$75,666,393",+3.7%,+451.8%,48,Deadpool,"$42,591,022"
2016,Feb 13,Saturday,44,"$72,998,770",+8.7%,+90.1%,48,Deadpool,"$42,508,025"
2016,Feb 12,Friday,43,"$67,145,474","+1,311.5%",+186.8%,48,Deadpool,"$47,335,592"
2016,Feb 11,Thursday,42,"$4,757,009",-7.7%,-23%,48,Kung Fu Panda 3,"$1,017,718"
2016,Feb 10,Wednesday,41,"$5,152,126",-28.1%,-19.9%,48,Kung Fu Panda 3,"$928,227"
2016,Feb 9,Tuesday,40,"$7,167,134",+15.9%,-20.1%,47,Kung Fu Panda 3,"$1,471,325"
2016,Feb 8,Monday,39,"$6,185,270",-54.9%,-11%,46,Kung Fu Panda 3,"$1,551,979"
2016,Feb 7,Sunday,38,"$13,712,846",-64.3%,-59.1%,48,Kung Fu Panda 3,"$4,858,343"
2016,Feb 6,Saturday,37,"$38,391,000",+64%,-27.1%,48,Kung Fu Panda 3,"$11,202,630"
2016,Feb 5,Friday,36,"$23,412,906",+279.2%,-27.1%,48,Kung Fu Panda 3,"$5,181,208"
2016,Feb 4,Thursday,35,"$6,174,459",-4%,-19.8%,44,Kung Fu Panda 3,"$1,324,164"
2016,Feb 3,Wednesday,34,"$6,433,493",-28.2%,-18.3%,47,Kung Fu Panda 3,"$1,402,979"
2016,Feb 2,Tuesday,33,"$8,965,679",+29%,-12.8%,46,Kung Fu Panda 3,"$2,291,034"
2016,Feb 1,Monday,32,"$6,949,564",-79.3%,-12.4%,46,Kung Fu Panda 3,"$1,750,738"
2016,Jan 31,Sunday,31,"$33,568,763",-36.3%,+49.5%,49,Kung Fu Panda 3,"$12,672,117"
2016,Jan 30,Saturday,30,"$52,661,836",+63.9%,+19.6%,49,Kung Fu Panda 3,"$18,157,304"
2016,Jan 29,Friday,29,"$32,123,234",+317.2%,+9.9%,50,Kung Fu Panda 3,"$10,452,621"
2016,Jan 28,Thursday,28,"$7,699,195",-2.2%,-12.7%,42,The Revenant,"$1,516,028"
2016,Jan 27,Wednesday,27,"$7,871,152",-23.4%,-12.9%,45,The Revenant,"$1,580,322"
2016,Jan 26,Tuesday,26,"$10,277,562",+29.6%,-20.9%,45,The Revenant,"$2,001,092"
2016,Jan 25,Monday,25,"$7,932,603",-64.7%,-73.9%,45,The Revenant,"$1,471,686"
2016,Jan 24,Sunday,24,"$22,452,464",-49%,-49.6%,45,Star Wars: Episode VII - The Force Awakens,"$3,728,739"
2016,Jan 23,Saturday,23,"$44,049,209",+50.7%,-23.9%,45,The Revenant,"$7,774,449"
2016,Jan 22,Friday,22,"$29,235,230",+231.6%,-32.1%,47,The Revenant,"$4,611,198"
2016,Jan 21,Thursday,21,"$8,816,230",-2.4%,-22.6%,41,The Revenant,"$2,134,066"
2016,Jan 20,Wednesday,20,"$9,034,126",-30.5%,-19.8%,41,The Revenant,"$2,215,817"
2016,Jan 19,Tuesday,19,"$12,998,277",-57.3%,-9%,43,The Revenant,"$3,139,651"
2016,Jan 18MLK Day,Monday,18,"$30,432,499",-31.7%,+173.1%,46,Star Wars: Episode VII - The Force Awakens,"$6,678,148"
2016,Jan 17,Sunday,17,"$44,581,953",-23%,+18.5%,43,Ride Along 2,"$9,874,250"
2016,Jan 16,Saturday,16,"$57,867,997",+34.4%,-5.9%,44,Ride Along 2,"$13,463,515"
2016,Jan 15,Friday,15,"$43,052,282",+278%,-1.7%,43,Ride Along 2,"$11,905,330"
2016,Jan 14,Thursday,14,"$11,389,255",+1.2%,-12.6%,45,The Revenant,"$4,028,602"
2016,Jan 13,Wednesday,13,"$11,259,044",-21.2%,-19.1%,46,The Revenant,"$3,792,314"
2016,Jan 12,Tuesday,12,"$14,287,887",+28.2%,-20.9%,46,The Revenant,"$4,946,729"
2016,Jan 11,Monday,11,"$11,142,640",-70.4%,-34.9%,46,The Revenant,"$4,023,383"
2016,Jan 10,Sunday,10,"$37,610,955",-38.9%,-15.9%,47,Star Wars: Episode VII - The Force Awakens,"$12,405,333"
2016,Jan 9,Saturday,9,"$61,523,262",+40.5%,-20.5%,47,Star Wars: Episode VII - The Force Awakens,"$19,204,072"
2016,Jan 8,Friday,8,"$43,778,482",+236.1%,-42.7%,47,The Revenant,"$14,351,951"
2016,Jan 7,Thursday,7,"$13,025,117",-6.4%,-72.2%,45,Star Wars: Episode VII - The Force Awakens,"$5,972,359"
2016,Jan 6,Wednesday,6,"$13,919,905",-23%,-74.6%,45,Star Wars: Episode VII - The Force Awakens,"$6,210,432"
2016,Jan 5,Tuesday,5,"$18,069,712",+5.6%,-67.5%,45,Star Wars: Episode VII - The Force Awakens,"$7,967,428"
2016,Jan 4,Monday,4,"$17,118,460",-61.7%,-68.7%,48,Star Wars: Episode VII - The Force Awakens,"$8,021,882"
2016,Jan 3,Sunday,3,"$44,741,615",-42.2%,-41.6%,49,Star Wars: Episode VII - The Force Awakens,"$21,479,271"
2016,Jan 2,Saturday,2,"$77,397,883",+1.3%,-23.3%,49,Star Wars: Episode VII - The Force Awakens,"$34,368,250"
2016,Jan 1New Year's Day,Friday,1,"$76,398,126",+63%,-20.3%,48,Star Wars: Episode VII - The Force Awakens,"$34,394,152"
2017,Dec 31New Year's Eve,Sunday,365,"$45,058,610",-31.7%,+19%,44,Star Wars: Episode VIII - The Last Jedi,"$13,566,649"
2017,Dec 30,Saturday,364,"$65,944,668",+5.8%,+1.5%,44,Star Wars: Episode VIII - The Last Jedi,"$19,924,241"
2017,Dec 29,Friday,363,"$62,341,373",+8.3%,+1.4%,44,Star Wars: Episode VIII - The Last Jedi,"$19,029,250"
2017,Dec 28,Thursday,362,"$57,554,148",-4.4%,+74%,45,Star Wars: Episode VIII - The Last Jedi,"$19,490,329"
2017,Dec 27,Wednesday,361,"$60,173,634",-15%,+90.3%,45,Star Wars: Episode VIII - The Last Jedi,"$21,846,132"
2017,Dec 26,Tuesday,360,"$70,791,207",-3.6%,+148.3%,45,Star Wars: Episode VIII - The Last Jedi,"$27,734,356"
2017,Dec 25Christmas Day,Monday,359,"$73,401,807",-3.2%,+39.7%,59,Star Wars: Episode VIII - The Last Jedi,"$27,459,557"
2017,Dec 24,Sunday,358,"$37,849,494",-41.7%,-42.9%,43,Star Wars: Episode VIII - The Last Jedi,"$17,629,999"
2017,Dec 23,Saturday,357,"$64,951,725",+5.6%,-22.8%,43,Star Wars: Episode VIII - The Last Jedi,"$29,172,415"
2017,Dec 22,Friday,356,"$61,502,043",+85.9%,-47.3%,43,Star Wars: Episode VIII - The Last Jedi,"$24,763,084"
2017,Dec 21,Thursday,355,"$33,077,231",+4.6%,+577.7%,43,Star Wars: Episode VIII - The Last Jedi,"$17,892,347"
2017,Dec 20,Wednesday,354,"$31,617,933",+10.9%,+426.1%,43,Star Wars: Episode VIII - The Last Jedi,"$16,889,863"
2017,Dec 19,Tuesday,353,"$28,507,490",+4%,+248.1%,41,Star Wars: Episode VIII - The Last Jedi,"$20,254,189"
2017,Dec 18,Monday,352,"$27,424,111",-58.6%,+394.1%,41,Star Wars: Episode VIII - The Last Jedi,"$21,556,373"
2017,Dec 17,Sunday,351,"$66,276,341",-21.2%,+224.7%,47,Star Wars: Episode VIII - The Last Jedi,"$51,331,888"
2017,Dec 16,Saturday,350,"$84,117,566",-28%,+175.1%,47,Star Wars: Episode VIII - The Last Jedi,"$63,993,205"
2017,Dec 15,Friday,349,"$116,792,459","+2,293%",+463.9%,47,Star Wars: Episode VIII - The Last Jedi,"$104,684,491"
2017,Dec 14,Thursday,348,"$4,880,591",-18.8%,-31%,52,Coco,"$1,070,423"
2017,Dec 13,Wednesday,347,"$6,009,678",-26.6%,-15.7%,55,Coco,"$1,188,180"
2017,Dec 12,Tuesday,346,"$8,189,972",+47.6%,-20.4%,54,Coco,"$1,759,297"
2017,Dec 11,Monday,345,"$5,550,500",-72.8%,-15.9%,54,Coco,"$1,109,991"
2017,Dec 10,Sunday,344,"$20,411,998",-33.3%,-28.4%,55,Coco,"$6,077,052"
2017,Dec 9,Saturday,343,"$30,582,338",+47.7%,-27.7%,57,Coco,"$8,174,557"
2017,Dec 8,Friday,342,"$20,712,423",+192.9%,-20.1%,58,Coco,"$4,200,706"
2017,Dec 7,Thursday,341,"$7,070,717",-0.9%,-25.1%,60,Coco,"$1,533,550"
2017,Dec 6,Wednesday,340,"$7,131,940",-30.7%,-20.6%,63,Coco,"$1,577,924"
2017,Dec 5,Tuesday,339,"$10,288,815",+55.9%,-22.9%,59,Coco,"$2,490,329"
2017,Dec 4,Monday,338,"$6,598,433",-76.8%,-29.5%,61,Coco,"$1,495,179"
2017,Dec 3,Sunday,337,"$28,496,461",-32.6%,-31.9%,58,Coco,"$9,381,292"
2017,Dec 2,Saturday,336,"$42,297,179",+63.2%,-37.3%,58,Coco,"$11,867,693"
2017,Dec 1,Friday,335,"$25,915,312",+174.4%,-62.6%,58,Coco,"$6,284,319"
2017,Nov 30,Thursday,334,"$9,443,571",+5.1%,-72.2%,60,Coco,"$2,039,278"
2017,Nov 29,Wednesday,333,"$8,987,913",-32.7%,-79.1%,58,Coco,"$2,000,972"
2017,Nov 28,Tuesday,332,"$13,351,652",+42.6%,-51.6%,56,Coco,"$3,304,140"
2017,Nov 27,Monday,331,"$9,362,167",-77.6%,-52.2%,57,Coco,"$2,322,084"
2017,Nov 26,Sunday,330,"$41,827,157",-38%,-17.4%,58,Coco,"$13,435,870"
2017,Nov 25,Saturday,329,"$67,417,028",-2.7%,-8.7%,58,Coco,"$18,378,913"
2017,Nov 24,Friday,328,"$69,313,582",+104.3%,+1.4%,57,Coco,"$18,987,822"
2017,Nov 23Thanksgiving,Thursday,327,"$33,928,458",-21.3%,+362.8%,60,Coco,"$8,918,749"
2017,Nov 22,Wednesday,326,"$43,089,303",+56.1%,+411.2%,61,Coco,"$13,187,576"
2017,Nov 21,Tuesday,325,"$27,604,823",+41%,+124.6%,56,Justice League,"$10,551,093"
2017,Nov 20,Monday,324,"$19,580,801",-61.3%,+90.3%,58,Justice League,"$7,508,311"
2017,Nov 19,Sunday,323,"$50,621,177",-31.4%,+44%,60,Justice League,"$22,690,920"
2017,Nov 18,Saturday,322,"$73,815,901",+8%,+33%,61,Justice League,"$32,680,117"
2017,Nov 17,Friday,321,"$68,379,288",+832.6%,+43.8%,61,Justice League,"$38,471,202"
2017,Nov 16,Thursday,320,"$7,331,730",-13%,-32%,60,Thor: Ragnarok,"$2,419,866"
2017,Nov 15,Wednesday,319,"$8,429,298",-31.4%,-12.6%,58,Thor: Ragnarok,"$2,919,452"
2017,Nov 14,Tuesday,318,"$12,292,773",+19.5%,-23.1%,57,Thor: Ragnarok,"$4,489,361"
2017,Nov 13,Monday,317,"$10,290,193",-70.7%,-11.5%,58,Thor: Ragnarok,"$3,699,478"
2017,Nov 12,Sunday,316,"$35,155,983",-36.7%,-18.4%,59,Thor: Ragnarok,"$14,972,824"
2017,Nov 11,Saturday,315,"$55,507,201",+16.7%,-11%,61,Thor: Ragnarok,"$23,744,122"
2017,Nov 10,Friday,314,"$47,558,312",+341%,-19.6%,60,Thor: Ragnarok,"$18,361,360"
2017,Nov 9,Thursday,313,"$10,784,118",+11.9%,+97.4%,60,Thor: Ragnarok,"$7,024,207"
2017,Nov 8,Wednesday,312,"$9,640,220",-39.7%,+56.8%,59,Thor: Ragnarok,"$6,148,407"
2017,Nov 7,Tuesday,311,"$15,984,573",+37.5%,+111.9%,58,Thor: Ragnarok,"$10,824,443"
2017,Nov 6,Monday,310,"$11,621,417",-73%,+133.9%,59,Thor: Ragnarok,"$8,247,661"
2017,Nov 5,Sunday,309,"$43,101,496",-30.9%,+181.7%,61,Thor: Ragnarok,"$32,070,301"
2017,Nov 4,Saturday,308,"$62,375,745",+5.4%,+167.8%,62,Thor: Ragnarok,"$44,203,752"
2017,Nov 3,Friday,307,"$59,169,676",+982.8%,+206.5%,62,Thor: Ragnarok,"$46,470,936"
2017,Nov 2,Thursday,306,"$5,464,291",-11.1%,+13.2%,60,A Bad Moms Christmas,"$2,009,550"
2017,Nov 1,Wednesday,305,"$6,146,712",-18.5%,+17.8%,61,A Bad Moms Christmas,"$2,516,556"
2017,Oct 31Halloween,Tuesday,304,"$7,544,877",+51.8%,-11%,59,Jigsaw,"$2,223,252"
2017,Oct 30,Monday,303,"$4,969,217",-67.5%,-15.2%,58,Jigsaw,"$1,400,201"
2017,Oct 29,Sunday,302,"$15,299,332",-34.3%,-22.2%,58,Jigsaw,"$3,815,041"
2017,Oct 28,Saturday,301,"$23,295,216",+20.7%,-27.3%,61,Jigsaw,"$5,654,051"
2017,Oct 27,Friday,300,"$19,304,832",+299.8%,-23.4%,61,Jigsaw,"$7,171,360"
2017,Oct 26,Thursday,299,"$4,828,745",-7.5%,-15.2%,64,Boo 2! A Madea Halloween,"$822,281"
2017,Oct 25,Wednesday,298,"$5,219,220",-38.5%,-9.2%,64,Boo 2! A Madea Halloween,"$849,570"
2017,Oct 24,Tuesday,297,"$8,480,466",+44.6%,-2.4%,62,Boo 2! A Madea Halloween,"$1,562,742"
2017,Oct 23,Monday,296,"$5,863,382",-70.2%,-11.7%,61,Boo 2! A Madea Halloween,"$1,060,097"
2017,Oct 22,Sunday,295,"$19,666,662",-38.6%,-12%,65,Boo 2! A Madea Halloween,"$4,957,577"
2017,Oct 21,Saturday,294,"$32,033,329",+27.1%,-11.4%,65,Boo 2! A Madea Halloween,"$8,818,022"
2017,Oct 20,Friday,293,"$25,207,800",+342.6%,-17.2%,66,Boo 2! A Madea Halloween,"$7,451,354"
2017,Oct 19,Thursday,292,"$5,695,184",-1%,-12.6%,64,Blade Runner 2049,"$1,284,488"
2017,Oct 18,Wednesday,291,"$5,750,719",-33.8%,-20.1%,64,Blade Runner 2049,"$1,302,529"
2017,Oct 17,Tuesday,290,"$8,687,735",+30.8%,-16.1%,67,Blade Runner 2049,"$1,848,120"
2017,Oct 16,Monday,289,"$6,640,725",-70.3%,-56.2%,66,Blade Runner 2049,"$1,444,435"
2017,Oct 15,Sunday,288,"$22,359,541",-38.1%,-20.9%,63,Happy Death Day,"$5,016,890"
2017,Oct 14,Saturday,287,"$36,145,995",+18.8%,-3.9%,64,Happy Death Day,"$9,362,760"
2017,Oct 13,Friday,286,"$30,428,923",+366.8%,-2.1%,62,Happy Death Day,"$11,659,375"
2017,Oct 12,Thursday,285,"$6,518,140",-9.4%,+24.6%,63,Blade Runner 2049,"$2,234,210"
2017,Oct 11,Wednesday,284,"$7,195,126",-30.5%,+22.7%,63,Blade Runner 2049,"$2,462,894"
2017,Oct 10,Tuesday,283,"$10,353,740",-31.7%,+25.2%,65,Blade Runner 2049,"$3,557,142"
2017,Oct 9Indig. Peoples' Day,Monday,282,"$15,152,864",-46.4%,+184.3%,66,Blade Runner 2049,"$4,471,019"
2017,Oct 8,Sunday,281,"$28,285,111",-24.8%,+37.7%,63,Blade Runner 2049,"$8,856,061"
2017,Oct 7,Saturday,280,"$37,624,025",+21%,+6.4%,61,Blade Runner 2049,"$11,301,357"
2017,Oct 6,Friday,279,"$31,091,933",+494.5%,+27.6%,64,Blade Runner 2049,"$12,595,704"
2017,Oct 5,Thursday,278,"$5,229,961",-10.8%,-23%,62,American Made,"$1,054,345"
2017,Oct 4,Wednesday,277,"$5,865,933",-29.1%,-8.3%,63,American Made,"$1,253,065"
2017,Oct 3,Tuesday,276,"$8,268,173",+55.1%,-28.3%,62,American Made,"$2,011,565"
2017,Oct 2,Monday,275,"$5,330,590",-74.1%,-23.2%,61,American Made,"$1,276,595"
2017,Oct 1,Sunday,274,"$20,543,100",-41.9%,-23.6%,60,Kingsman: The Golden Circle,"$4,480,023"
2017,Sep 30,Saturday,273,"$35,357,409",+45.1%,-22.2%,60,It,"$7,811,673"
2017,Sep 29,Friday,272,"$24,363,397",+258.6%,-32.5%,61,American Made,"$6,168,025"
2017,Sep 28,Thursday,271,"$6,793,459",+6.2%,-4%,60,Kingsman: The Golden Circle,"$1,961,944"
2017,Sep 27,Wednesday,270,"$6,397,907",-44.5%,-12.7%,60,Kingsman: The Golden Circle,"$2,222,107"
2017,Sep 26,Tuesday,269,"$11,526,211",+66%,+12.5%,61,Kingsman: The Golden Circle,"$3,892,373"
2017,Sep 25,Monday,268,"$6,945,351",-74.2%,-8.8%,62,Kingsman: The Golden Circle,"$2,602,154"
2017,Sep 24,Sunday,267,"$26,885,165",-40.9%,+6.8%,61,Kingsman: The Golden Circle,"$9,072,928"
2017,Sep 23,Saturday,266,"$45,474,388",+25.9%,+6%,63,Kingsman: The Golden Circle,"$14,676,814"
2017,Sep 22,Friday,265,"$36,113,081",+410.3%,+7.5%,63,Kingsman: The Golden Circle,"$15,273,268"
2017,Sep 21,Thursday,264,"$7,076,405",-3.4%,-30.8%,60,It,"$3,932,254"
2017,Sep 20,Wednesday,263,"$7,327,735",-28.5%,-31%,60,It,"$4,022,988"
2017,Sep 19,Tuesday,262,"$10,246,308",+34.6%,-32.8%,60,It,"$5,361,721"
2017,Sep 18,Monday,261,"$7,612,952",-69.8%,-31%,61,It,"$4,208,189"
2017,Sep 17,Sunday,260,"$25,174,282",-41.3%,-28.5%,60,It,"$15,105,428"
2017,Sep 16,Saturday,259,"$42,912,874",+27.7%,-26.4%,59,It,"$25,835,611"
2017,Sep 15,Friday,258,"$33,607,183",+228.7%,-43.5%,59,It,"$19,162,071"
2017,Sep 14,Thursday,257,"$10,224,288",-3.7%,+341.7%,58,It,"$7,202,374"
2017,Sep 13,Wednesday,256,"$10,618,854",-30.4%,+256.4%,58,It,"$7,907,855"
2017,Sep 12,Tuesday,255,"$15,257,449",+38.3%,+280.4%,60,It,"$11,435,492"
2017,Sep 11,Monday,254,"$11,034,172",-68.7%,-15%,59,It,"$8,761,479"
2017,Sep 10,Sunday,253,"$35,203,661",-39.7%,+85.4%,59,It,"$27,991,412"
2017,Sep 9,Saturday,252,"$58,343,815",-2%,+212%,61,It,"$44,986,221"
2017,Sep 8,Friday,251,"$59,530,906","+2,471.8%",+430.2%,60,It,"$50,425,786"
2017,Sep 7,Thursday,250,"$2,314,756",-22.3%,-50.2%,58,The Hitman's Bodyguard,"$524,001"
2017,Sep 6,Wednesday,249,"$2,979,235",-25.7%,-37.2%,56,The Hitman's Bodyguard,"$635,013"
2017,Sep 5,Tuesday,248,"$4,011,084",-69.1%,-46.4%,56,The Hitman's Bodyguard,"$921,067"
2017,Sep 4Labor Day,Monday,247,"$12,986,558",-31.6%,+158.4%,101,The Hitman's Bodyguard,"$2,736,702"
2017,Sep 3,Sunday,246,"$18,985,044",+1.5%,+38.3%,59,The Hitman's Bodyguard,"$4,103,269"
2017,Sep 2,Saturday,245,"$18,699,133",+66.6%,-3.9%,59,The Hitman's Bodyguard,"$3,990,708"
2017,Sep 1,Friday,244,"$11,227,027",+141.8%,-23.4%,56,The Hitman's Bodyguard,"$2,442,033"
2017,Aug 31,Thursday,243,"$4,643,478",-2.1%,-30.2%,53,The Hitman's Bodyguard,"$1,015,496"
2017,Aug 30,Wednesday,242,"$4,742,783",-36.7%,-34.8%,53,The Hitman's Bodyguard,"$1,047,510"
2017,Aug 29,Tuesday,241,"$7,487,116",+49%,-32.7%,52,The Hitman's Bodyguard,"$1,672,296"
2017,Aug 28,Monday,240,"$5,026,080",-63.4%,-31.8%,53,The Hitman's Bodyguard,"$1,132,289"
2017,Aug 27,Sunday,239,"$13,728,238",-29.5%,-30.9%,53,The Hitman's Bodyguard,"$3,200,129"
2017,Aug 26,Saturday,238,"$19,462,155",+32.8%,-35.9%,54,The Hitman's Bodyguard,"$3,890,629"
2017,Aug 25,Friday,237,"$14,655,339",+120.3%,-42.7%,52,The Hitman's Bodyguard,"$3,171,861"
2017,Aug 24,Thursday,236,"$6,651,285",-8.5%,-24.6%,53,The Hitman's Bodyguard,"$1,648,167"
2017,Aug 23,Wednesday,235,"$7,269,364",-34.6%,-24.7%,53,The Hitman's Bodyguard,"$1,727,417"
2017,Aug 22,Tuesday,234,"$11,117,164",+50.9%,-27.1%,52,The Hitman's Bodyguard,"$2,849,926"
2017,Aug 21,Monday,233,"$7,365,690",-62.9%,-31.5%,54,The Hitman's Bodyguard,"$1,953,990"
2017,Aug 20,Sunday,232,"$19,864,922",-34.6%,-18.7%,52,The Hitman's Bodyguard,"$5,442,788"
2017,Aug 19,Saturday,231,"$30,375,343",+18.8%,-18.3%,53,The Hitman's Bodyguard,"$7,902,414"
2017,Aug 18,Friday,230,"$25,558,624",+189.9%,-24%,56,The Hitman's Bodyguard,"$8,039,302"
2017,Aug 17,Thursday,229,"$8,815,839",-8.7%,-11.4%,55,Annabelle: Creation,"$2,543,557"
2017,Aug 16,Wednesday,228,"$9,653,919",-36.7%,-13.3%,57,Annabelle: Creation,"$2,845,011"
2017,Aug 15,Tuesday,227,"$15,248,720",+41.9%,-10.2%,58,Annabelle: Creation,"$4,526,776"
2017,Aug 14,Monday,226,"$10,745,642",-56%,-28.1%,57,Annabelle: Creation,"$3,622,473"
2017,Aug 13,Sunday,225,"$24,442,510",-34.3%,-15.5%,55,Annabelle: Creation,"$8,316,092"
2017,Aug 12,Saturday,224,"$37,185,315",+10.6%,-10.4%,54,Annabelle: Creation,"$11,677,885"
2017,Aug 11,Friday,223,"$33,621,206",+237.8%,-4%,55,Annabelle: Creation,"$15,012,427"
2017,Aug 10,Thursday,222,"$9,953,638",-10.6%,-35.2%,52,Dunkirk,"$1,801,222"
2017,Aug 9,Wednesday,221,"$11,138,270",-34.4%,-32.2%,54,Dunkirk,"$1,953,774"
2017,Aug 8,Tuesday,220,"$16,975,501",+13.5%,-24.3%,52,Dunkirk,"$2,743,180"
2017,Aug 7,Monday,219,"$14,950,528",-48.3%,-7.3%,51,Dunkirk,"$2,718,391"
2017,Aug 6,Sunday,218,"$28,926,543",-30.3%,-20.4%,52,Dunkirk,"$4,937,427"
2017,Aug 5,Saturday,217,"$41,482,785",+18.4%,-21.9%,52,Dunkirk,"$7,210,818"
2017,Aug 4,Friday,216,"$35,030,846",+127.9%,-21.5%,52,The Dark Tower,"$7,724,436"
2017,Aug 3,Thursday,215,"$15,368,993",-6.5%,-18.1%,50,Dunkirk,"$3,328,522"
2017,Aug 2,Wednesday,214,"$16,438,454",-26.7%,-13.4%,50,Dunkirk,"$3,513,238"
2017,Aug 1,Tuesday,213,"$22,429,123",+39.1%,-18.8%,50,Dunkirk,"$4,472,370"
2017,Jul 31,Monday,212,"$16,129,548",-55.6%,-28.9%,50,Dunkirk,"$3,324,258"
2017,Jul 30,Sunday,211,"$36,341,667",-31.6%,-25.4%,51,Dunkirk,"$7,530,839"
2017,Jul 29,Saturday,210,"$53,128,844",+19.1%,-18.1%,53,Dunkirk,"$11,182,034"
2017,Jul 28,Friday,209,"$44,616,620",+137.6%,-24.8%,52,The Emoji Movie,"$10,025,217"
2017,Jul 27,Thursday,208,"$18,775,681",-1.1%,+25%,52,Dunkirk,"$5,193,474"
2017,Jul 26,Wednesday,207,"$18,980,147",-31.3%,+12.5%,51,Dunkirk,"$5,171,437"
2017,Jul 25,Tuesday,206,"$27,627,263",+21.8%,+10.8%,53,Dunkirk,"$7,383,712"
2017,Jul 24,Monday,205,"$22,685,232",-53.4%,+22.7%,51,Dunkirk,"$6,444,109"
2017,Jul 23,Sunday,204,"$48,728,223",-24.9%,+12.4%,53,Dunkirk,"$13,233,584"
2017,Jul 22,Saturday,203,"$64,880,400",+9.4%,+10.1%,54,Dunkirk,"$17,543,645"
2017,Jul 21,Friday,202,"$59,322,863",+294.9%,+10.3%,53,Dunkirk,"$19,736,259"
2017,Jul 20,Thursday,201,"$15,024,104",-11%,-21.3%,50,Spider-Man: Homecoming,"$4,466,934"
2017,Jul 19,Wednesday,200,"$16,873,077",-32.3%,-18.7%,51,Spider-Man: Homecoming,"$4,967,279"
2017,Jul 18,Tuesday,199,"$24,928,490",+34.9%,-16.9%,50,Spider-Man: Homecoming,"$7,536,245"
2017,Jul 17,Monday,198,"$18,485,190",-57.4%,-18%,51,War for the Planet of the Apes,"$5,787,356"
2017,Jul 16,Sunday,197,"$43,345,012",-26.4%,-16.8%,52,War for the Planet of the Apes,"$14,858,085"
2017,Jul 15,Saturday,196,"$58,930,124",+9.5%,-15%,52,War for the Planet of the Apes,"$19,293,223"
2017,Jul 14,Friday,195,"$53,793,302",+181.8%,-30%,52,War for the Planet of the Apes,"$22,111,621"
2017,Jul 13,Thursday,194,"$19,091,244",-8%,+6.1%,52,Spider-Man: Homecoming,"$8,885,094"
2017,Jul 12,Wednesday,193,"$20,757,284",-30.8%,+10.1%,53,Spider-Man: Homecoming,"$9,902,669"
2017,Jul 11,Tuesday,192,"$29,999,465",+33.1%,-3.6%,53,Spider-Man: Homecoming,"$15,053,665"
2017,Jul 10,Monday,191,"$22,539,162",-56.7%,-33.6%,52,Spider-Man: Homecoming,"$12,201,383"
2017,Jul 9,Sunday,190,"$52,109,277",-24.9%,+12.7%,52,Spider-Man: Homecoming,"$29,201,277"
2017,Jul 8,Saturday,189,"$69,358,643",-9.8%,+23.3%,52,Spider-Man: Homecoming,"$37,045,244"
2017,Jul 7,Friday,188,"$76,855,426",+327.1%,+40.4%,52,Spider-Man: Homecoming,"$50,780,982"
2017,Jul 6,Thursday,187,"$17,995,626",-4.5%,+22.3%,51,Despicable Me 3,"$8,180,065"
2017,Jul 5,Wednesday,186,"$18,849,593",-39.4%,+2.8%,52,Despicable Me 3,"$7,990,315"
2017,Jul 4Independence Day,Tuesday,185,"$31,120,342",-8.4%,+57.2%,51,Despicable Me 3,"$12,728,355"
2017,Jul 3,Monday,184,"$33,957,858",-26.5%,+119.3%,53,Despicable Me 3,"$13,857,900"
2017,Jul 2,Sunday,183,"$46,223,092",-17.8%,+21.1%,53,Despicable Me 3,"$19,098,605"
2017,Jul 1,Saturday,182,"$56,245,725",+2.8%,+9.4%,53,Despicable Me 3,"$24,330,080"
2017,Jun 30,Friday,181,"$54,738,724",+271.9%,+35.4%,51,Despicable Me 3,"$29,005,340"
2017,Jun 29,Thursday,180,"$14,719,860",-19.7%,-36.4%,49,Baby Driver,"$3,322,360"
2017,Jun 28,Wednesday,179,"$18,340,719",-7.3%,-39.5%,50,Baby Driver,"$5,706,745"
2017,Jun 27,Tuesday,178,"$19,794,057",+27.8%,-11.9%,52,Transformers: The Last Knight,"$5,675,124"
2017,Jun 26,Monday,177,"$15,487,094",-59.4%,-20.3%,51,Transformers: The Last Knight,"$4,718,310"
2017,Jun 25,Sunday,176,"$38,162,647",-25.8%,-30.6%,48,Transformers: The Last Knight,"$13,475,789"
2017,Jun 24,Saturday,175,"$51,421,153",+27.2%,-18%,48,Transformers: The Last Knight,"$17,451,280"
2017,Jun 23,Friday,174,"$40,439,473",+74.8%,-34.1%,49,Transformers: The Last Knight,"$13,753,004"
2017,Jun 22,Thursday,173,"$23,128,753",-23.7%,+75.7%,51,Transformers: The Last Knight,"$8,136,954"
2017,Jun 21,Wednesday,172,"$30,303,385",+34.8%,+107.8%,50,Transformers: The Last Knight,"$15,658,535"
2017,Jun 20,Tuesday,171,"$22,473,793",+15.7%,+8.5%,50,Cars 3,"$6,767,823"
2017,Jun 19,Monday,170,"$19,425,551",-64.7%,+35.4%,49,Cars 3,"$5,481,494"
2017,Jun 18,Sunday,169,"$55,006,576",-12.3%,+35.7%,51,Cars 3,"$15,643,700"
2017,Jun 17,Saturday,168,"$62,685,655",+2.1%,+14.8%,49,Cars 3,"$18,449,946"
2017,Jun 16,Friday,167,"$61,383,551",+366.3%,+45.6%,49,Cars 3,"$19,595,034"
2017,Jun 15,Thursday,166,"$13,163,857",-9.7%,-20.2%,48,Wonder Woman,"$6,021,478"
2017,Jun 14,Wednesday,165,"$14,580,182",-29.6%,-12%,48,Wonder Woman,"$6,344,618"
2017,Jun 13,Tuesday,164,"$20,718,990",+44.4%,-18.9%,50,Wonder Woman,"$8,851,388"
2017,Jun 12,Monday,163,"$14,348,345",-64.6%,-28.4%,50,Wonder Woman,"$6,266,071"
2017,Jun 11,Sunday,162,"$40,527,728",-25.8%,-22.4%,51,Wonder Woman,"$18,815,924"
2017,Jun 10,Saturday,161,"$54,615,031",+29.6%,-16.7%,51,Wonder Woman,"$24,003,287"
2017,Jun 9,Friday,160,"$42,144,780",+155.4%,-31.2%,51,Wonder Woman,"$15,701,461"
2017,Jun 8,Thursday,159,"$16,498,506",-0.5%,+84.4%,46,Wonder Woman,"$9,145,783"
2017,Jun 7,Wednesday,158,"$16,575,845",-35.1%,+57.2%,46,Wonder Woman,"$9,326,011"
2017,Jun 6,Tuesday,157,"$25,551,059",+27.5%,+62.9%,47,Wonder Woman,"$14,342,175"
2017,Jun 5,Monday,156,"$20,034,068",-61.6%,-44.1%,46,Wonder Woman,"$11,757,063"
2017,Jun 4,Sunday,155,"$52,201,996",-20.3%,+19.5%,47,Wonder Woman,"$29,750,819"
2017,Jun 3,Saturday,154,"$65,529,573",+6.9%,+40.8%,48,Wonder Woman,"$35,253,398"
2017,Jun 2,Friday,153,"$61,290,814",+585%,+40%,47,Wonder Woman,"$38,247,254"
2017,Jun 1,Thursday,152,"$8,948,184",-15.1%,-25.5%,45,Pirates of the Caribbean: Dead Men Tell No Tales,"$3,435,067"
2017,May 31,Wednesday,151,"$10,544,990",-32.8%,+29.7%,45,Pirates of the Caribbean: Dead Men Tell No Tales,"$4,250,754"
2017,May 30,Tuesday,150,"$15,683,356",-56.2%,+19.5%,45,Pirates of the Caribbean: Dead Men Tell No Tales,"$6,846,183"
2017,May 29Memorial Day,Monday,149,"$35,842,252",-17.9%,+217.8%,62,Pirates of the Caribbean: Dead Men Tell No Tales,"$15,493,514"
2017,May 28,Sunday,148,"$43,677,507",-6.1%,+35.1%,45,Pirates of the Caribbean: Dead Men Tell No Tales,"$19,079,904"
2017,May 27,Saturday,147,"$46,535,890",+6.3%,+2.5%,44,Pirates of the Caribbean: Dead Men Tell No Tales,"$20,335,475"
2017,May 26,Friday,146,"$43,778,702",+264.2%,+16.4%,44,Pirates of the Caribbean: Dead Men Tell No Tales,"$23,567,874"
2017,May 25,Thursday,145,"$12,018,919",+47.8%,+70.5%,56,Baywatch,"$4,606,514"
2017,May 24,Wednesday,144,"$8,130,318",-38.1%,+4.9%,54,Guardians of the Galaxy Vol. 2,"$2,534,650"
2017,May 23,Tuesday,143,"$13,125,040",+16.4%,+11.1%,55,Guardians of the Galaxy Vol. 2,"$3,388,947"
2017,May 22,Monday,142,"$11,276,622",-65.1%,+25.1%,54,Guardians of the Galaxy Vol. 2,"$3,597,323"
2017,May 21,Sunday,141,"$32,321,750",-28.8%,-23.2%,54,Guardians of the Galaxy Vol. 2,"$10,985,538"
2017,May 20,Saturday,140,"$45,389,134",+20.6%,-8.7%,54,Guardians of the Galaxy Vol. 2,"$14,951,137"
2017,May 19,Friday,139,"$37,620,803",+433.8%,+14.9%,54,Alien: Covenant,"$15,301,274"
2017,May 18,Thursday,138,"$7,047,592",-9%,-26.8%,53,Guardians of the Galaxy Vol. 2,"$3,696,324"
2017,May 17,Wednesday,137,"$7,748,769",-34.4%,-25.3%,50,Guardians of the Galaxy Vol. 2,"$3,971,856"
2017,May 16,Tuesday,136,"$11,810,459",+31%,-27.4%,51,Guardians of the Galaxy Vol. 2,"$5,946,795"
2017,May 15,Monday,135,"$9,016,237",-78.6%,-27.7%,51,Guardians of the Galaxy Vol. 2,"$4,701,588"
2017,May 14,Sunday,134,"$42,099,797",-15.3%,-16.7%,52,Guardians of the Galaxy Vol. 2,"$20,893,084"
2017,May 13,Saturday,133,"$49,715,085",+51.8%,-26.9%,53,Guardians of the Galaxy Vol. 2,"$27,879,884"
2017,May 12,Friday,132,"$32,745,593",+240%,-50.2%,54,Guardians of the Galaxy Vol. 2,"$16,490,524"
2017,May 11,Thursday,131,"$9,631,746",-7.1%,+135.1%,51,Guardians of the Galaxy Vol. 2,"$7,159,453"
2017,May 10,Wednesday,130,"$10,367,390",-36.3%,+116.2%,52,Guardians of the Galaxy Vol. 2,"$7,527,728"
2017,May 9,Tuesday,129,"$16,278,298",+30.5%,+98.2%,51,Guardians of the Galaxy Vol. 2,"$12,097,479"
2017,May 8,Monday,128,"$12,477,324",-75.3%,+136.5%,51,Guardians of the Galaxy Vol. 2,"$9,862,655"
2017,May 7,Sunday,127,"$50,535,786",-25.7%,+116.8%,52,Guardians of the Galaxy Vol. 2,"$39,127,045"
2017,May 6,Saturday,126,"$68,016,275",+3.4%,+101.4%,53,Guardians of the Galaxy Vol. 2,"$51,304,539"
2017,May 5,Friday,125,"$65,804,066","+1,506%",+176.5%,52,Guardians of the Galaxy Vol. 2,"$56,078,520"
2017,May 4,Thursday,124,"$4,097,304",-14.5%,-23.2%,51,The Fate of the Furious,"$961,990"
2017,May 3,Wednesday,123,"$4,794,901",-41.6%,-16.1%,51,The Fate of the Furious,"$1,168,220"
2017,May 2,Tuesday,122,"$8,213,580",+55.7%,-14.5%,52,The Fate of the Furious,"$1,869,080"
2017,May 1,Monday,121,"$5,275,991",-77.4%,-12.5%,50,The Fate of the Furious,"$1,340,125"
2017,Apr 30,Sunday,120,"$23,307,231",-31%,-5.6%,55,The Fate of the Furious,"$5,808,560"
2017,Apr 29,Saturday,119,"$33,771,288",+41.9%,-15.8%,55,The Fate of the Furious,"$8,983,250"
2017,Apr 28,Friday,118,"$23,797,287",+345.9%,-8.9%,54,The Fate of the Furious,"$5,144,730"
2017,Apr 27,Thursday,117,"$5,337,007",-6.6%,-46.7%,54,The Fate of the Furious,"$1,940,625"
2017,Apr 26,Wednesday,116,"$5,712,587",-40.5%,-45.9%,56,The Fate of the Furious,"$2,111,370"
2017,Apr 25,Tuesday,115,"$9,605,661",+59.2%,-38.9%,53,The Fate of the Furious,"$3,512,405"
2017,Apr 24,Monday,114,"$6,032,776",-75.6%,-65.3%,55,The Fate of the Furious,"$2,462,540"
2017,Apr 23,Sunday,113,"$24,681,391",-38.5%,-31%,55,The Fate of the Furious,"$10,482,090"
2017,Apr 22,Saturday,112,"$40,114,283",+53.5%,-24.1%,55,The Fate of the Furious,"$16,942,100"
2017,Apr 21,Friday,111,"$26,130,366",+161.1%,-61.2%,54,The Fate of the Furious,"$10,984,225"
2017,Apr 20,Thursday,110,"$10,009,388",-5.1%,-10%,52,The Fate of the Furious,"$4,543,550"
2017,Apr 19,Wednesday,109,"$10,551,449",-32.9%,+0.5%,52,The Fate of the Furious,"$4,891,515"
2017,Apr 18,Tuesday,108,"$15,717,855",-9.6%,+12.3%,51,The Fate of the Furious,"$8,150,190"
2017,Apr 17,Monday,107,"$17,390,287",-51.4%,+86.2%,51,The Fate of the Furious,"$8,524,260"
2017,Apr 16Easter Sunday,Sunday,106,"$35,774,114",-32.3%,+24%,50,The Fate of the Furious,"$21,548,065"
2017,Apr 15,Saturday,105,"$52,838,894",-21.5%,+14.5%,50,The Fate of the Furious,"$31,543,625"
2017,Apr 14,Friday,104,"$67,269,700",+504.6%,+115.1%,50,The Fate of the Furious,"$45,695,015"
2017,Apr 13,Thursday,103,"$11,125,859",+6%,+4.2%,56,The Boss Baby,"$3,072,323"
2017,Apr 12,Wednesday,102,"$10,497,612",-25%,-1.5%,54,The Boss Baby,"$2,704,289"
2017,Apr 11,Tuesday,101,"$13,997,974",+49.8%,-14.8%,51,The Boss Baby,"$3,387,051"
2017,Apr 10,Monday,100,"$9,341,538",-67.6%,-17.6%,52,The Boss Baby,"$2,180,761"
2017,Apr 9,Sunday,99,"$28,855,765",-37.5%,-35.9%,57,The Boss Baby,"$7,603,610"
2017,Apr 8,Saturday,98,"$46,160,313",+47.6%,-30.9%,56,The Boss Baby,"$11,831,324"
2017,Apr 7,Friday,97,"$31,271,836",+192.8%,-37.2%,56,The Boss Baby,"$6,928,554"
2017,Apr 6,Thursday,96,"$10,679,246",+0.2%,-16.1%,48,Beauty and the Beast,"$3,166,251"
2017,Apr 5,Wednesday,95,"$10,660,937",-35.1%,-21.7%,47,Beauty and the Beast,"$3,053,839"
2017,Apr 4,Tuesday,94,"$16,432,321",+45%,-19.8%,47,Beauty and the Beast,"$4,569,209"
2017,Apr 3,Monday,93,"$11,330,326",-74.9%,-26.4%,49,Beauty and the Beast,"$3,167,150"
2017,Apr 2,Sunday,92,"$45,051,082",-32.5%,-21.5%,48,The Boss Baby,"$14,461,891"
2017,Apr 1,Saturday,91,"$66,777,262",+34%,-15.3%,50,The Boss Baby,"$20,115,863"
2017,Mar 31,Friday,90,"$49,822,179",+291.6%,-11.8%,50,The Boss Baby,"$15,621,148"
2017,Mar 30,Thursday,89,"$12,723,692",-6.6%,-24.9%,50,Beauty and the Beast,"$6,053,717"
2017,Mar 29,Wednesday,88,"$13,622,743",-33.5%,-25.3%,51,Beauty and the Beast,"$6,295,792"
2017,Mar 28,Tuesday,87,"$20,499,177",+33.2%,-28.1%,49,Beauty and the Beast,"$9,473,259"
2017,Mar 27,Monday,86,"$15,395,446",-73.2%,-24.4%,50,Beauty and the Beast,"$7,061,470"
2017,Mar 26,Sunday,85,"$57,385,440",-27.2%,-18.9%,52,Beauty and the Beast,"$28,532,197"
2017,Mar 25,Saturday,84,"$78,876,604",+39.7%,-18.4%,52,Beauty and the Beast,"$38,292,423"
2017,Mar 24,Friday,83,"$56,471,238",+233.3%,-33.5%,51,Beauty and the Beast,"$23,602,097"
2017,Mar 23,Thursday,82,"$16,944,792",-7.1%,+46.5%,47,Beauty and the Beast,"$10,905,961"
2017,Mar 22,Wednesday,81,"$18,241,552",-36.1%,+37.3%,48,Beauty and the Beast,"$11,538,802"
2017,Mar 21,Tuesday,80,"$28,528,078",+40%,+67.2%,47,Beauty and the Beast,"$17,878,785"
2017,Mar 20,Monday,79,"$20,375,732",-71.2%,+41.1%,47,Beauty and the Beast,"$13,531,723"
2017,Mar 19,Sunday,78,"$70,756,066",-26.8%,+64.6%,47,Beauty and the Beast,"$48,266,365"
2017,Mar 18,Saturday,77,"$96,604,297",+13.8%,+55.5%,48,Beauty and the Beast,"$62,706,808"
2017,Mar 17,Friday,76,"$84,864,913",+633.9%,+91.7%,48,Beauty and the Beast,"$63,777,443"
2017,Mar 16,Thursday,75,"$11,563,909",-12.9%,-3.5%,52,Kong: Skull Island,"$3,878,594"
2017,Mar 15,Wednesday,74,"$13,283,935",-22.1%,+11.5%,52,Kong: Skull Island,"$4,619,039"
2017,Mar 14,Tuesday,73,"$17,057,504",+18.1%,-3.1%,50,Kong: Skull Island,"$6,404,143"
2017,Mar 13,Monday,72,"$14,439,885",-66.4%,+2.8%,51,Kong: Skull Island,"$5,348,046"
2017,Mar 12,Sunday,71,"$42,976,704",-30.8%,-9.1%,52,Kong: Skull Island,"$17,002,107"
2017,Mar 11,Saturday,70,"$62,105,056",+40.3%,-4.3%,53,Kong: Skull Island,"$23,880,293"
2017,Mar 10,Friday,69,"$44,281,085",+269.7%,-20.7%,53,Kong: Skull Island,"$20,143,072"
2017,Mar 9,Thursday,68,"$11,977,464",+0.5%,+49.8%,62,Logan,"$4,940,504"
2017,Mar 8,Wednesday,67,"$11,912,964",-32.3%,+37.5%,59,Logan,"$5,646,328"
2017,Mar 7,Tuesday,66,"$17,605,306",+25.3%,+46.7%,59,Logan,"$8,603,782"
2017,Mar 6,Monday,65,"$14,046,674",-70.3%,+52.9%,60,Logan,"$7,204,203"
2017,Mar 5,Sunday,64,"$47,276,817",-27.2%,+58.6%,58,Logan,"$24,091,050"
2017,Mar 4,Saturday,63,"$64,907,463",+16.3%,+44.5%,58,Logan,"$31,315,514"
2017,Mar 3,Friday,62,"$55,831,609",+598.5%,+90.6%,57,Logan,"$33,005,352"
2017,Mar 2,Thursday,61,"$7,993,125",-7.7%,-20.9%,53,Get Out,"$3,616,265"
2017,Mar 1,Wednesday,60,"$8,660,889",-27.8%,-15.3%,53,Get Out,"$3,793,570"
2017,Feb 28,Tuesday,59,"$12,001,616",+30.6%,-8.2%,53,Get Out,"$4,933,300"
2017,Feb 27,Monday,58,"$9,189,390",-69.2%,-66.1%,52,Get Out,"$4,123,445"
2017,Feb 26,Sunday,57,"$29,804,615",-33.6%,-26.1%,51,Get Out,"$9,865,320"
2017,Feb 25,Saturday,56,"$44,911,199",+53.3%,-15.4%,51,Get Out,"$12,676,825"
2017,Feb 24,Friday,55,"$29,289,886",+189.9%,-18.1%,50,Get Out,"$10,834,915"
2017,Feb 23,Thursday,54,"$10,103,376",-1.2%,-5.7%,49,Is Genesis History?,"$1,796,182"
2017,Feb 22,Wednesday,53,"$10,221,239",-21.8%,-8.9%,49,The Lego Batman Movie,"$1,946,307"
2017,Feb 21,Tuesday,52,"$13,077,049",-51.7%,-55.7%,48,The Lego Batman Movie,"$2,956,364"
2017,Feb 20Presidents' Day,Monday,51,"$27,089,643",-32.9%,+113.6%,60,The Lego Batman Movie,"$10,089,017"
2017,Feb 19,Sunday,50,"$40,349,576",-24%,-7.8%,48,The Lego Batman Movie,"$11,235,218"
2017,Feb 18,Saturday,49,"$53,117,308",+48.6%,-23.5%,49,The Lego Batman Movie,"$14,062,395"
2017,Feb 17,Friday,48,"$35,745,240",+233.8%,-38.4%,47,The Lego Batman Movie,"$7,357,501"
2017,Feb 16,Thursday,47,"$10,709,550",-4.5%,+126%,49,Fifty Shades Darker,"$3,383,410"
2017,Feb 15,Wednesday,46,"$11,216,653",-62%,+107.5%,47,Fifty Shades Darker,"$3,799,735"
2017,Feb 14,Tuesday,45,"$29,546,806",+133%,+279.2%,45,Fifty Shades Darker,"$11,002,245"
2017,Feb 13,Monday,44,"$12,682,522",-71%,+124.3%,49,Fifty Shades Darker,"$3,903,815"
2017,Feb 12,Sunday,43,"$43,741,371",-37%,+230.7%,46,The Lego Batman Movie,"$15,510,086"
2017,Feb 11,Saturday,42,"$69,472,249",+19.7%,+83.5%,48,The Lego Batman Movie,"$23,000,124"
2017,Feb 10,Friday,41,"$58,041,735","+1,124.8%",+136.2%,46,Fifty Shades Darker,"$21,444,970"
2017,Feb 9,Thursday,40,"$4,738,816",-12.3%,-31.3%,48,Hidden Figures,"$910,127"
2017,Feb 8,Wednesday,39,"$5,405,455",-30.6%,-21.8%,49,Split,"$992,070"
2017,Feb 7,Tuesday,38,"$7,792,652",+37.8%,-23.6%,50,Split,"$1,431,785"
2017,Feb 6,Monday,37,"$5,653,628",-57.3%,-22.9%,49,Split,"$1,139,540"
2017,Feb 5,Sunday,36,"$13,226,004",-65.1%,-56.9%,50,A Dog's Purpose,"$2,172,390"
2017,Feb 4,Saturday,35,"$37,863,651",+54.1%,-22.4%,50,Split,"$7,505,985"
2017,Feb 3,Friday,34,"$24,572,660",+256%,-23.7%,49,Rings,"$5,631,820"
2017,Feb 2,Thursday,33,"$6,901,698",<0.1%,-19%,46,Split,"$1,511,500"
2017,Feb 1,Wednesday,32,"$6,908,544",-32.2%,-20.4%,45,Split,"$1,477,160"
2017,Jan 31,Tuesday,31,"$10,194,153",+39%,-17.8%,44,Split,"$2,129,755"
2017,Jan 30,Monday,30,"$7,332,595",-76.1%,-17%,46,Split,"$1,612,520"
2017,Jan 29,Sunday,29,"$30,676,940",-37.1%,+3.9%,47,Split,"$6,320,305"
2017,Jan 28,Saturday,28,"$48,763,575",+51.4%,-9.2%,48,Split,"$11,431,150"
2017,Jan 27,Friday,27,"$32,210,280",+278.2%,-13.7%,46,Split,"$7,903,985"
2017,Jan 26,Thursday,26,"$8,515,965",-1.9%,+19.7%,48,Split,"$2,538,905"
2017,Jan 25,Wednesday,25,"$8,680,735",-30%,+13.7%,47,Split,"$2,488,070"
2017,Jan 24,Tuesday,24,"$12,402,342",+40.4%,+10.1%,46,Split,"$3,763,480"
2017,Jan 23,Monday,23,"$8,834,695",-70.1%,-69.9%,48,Split,"$2,928,660"
2017,Jan 22,Sunday,22,"$29,514,638",-45%,-19.6%,49,Split,"$8,877,605"
2017,Jan 21,Saturday,21,"$53,691,879",+43.8%,+11.6%,48,Split,"$16,506,700"
2017,Jan 20,Friday,20,"$37,332,148",+424.6%,+7.7%,50,Split,"$14,626,670"
2017,Jan 19,Thursday,19,"$7,116,692",-6.8%,-26.7%,45,Hidden Figures,"$1,821,988"
2017,Jan 18,Wednesday,18,"$7,636,987",-32.2%,-24.7%,42,Hidden Figures,"$1,773,662"
2017,Jan 17,Tuesday,17,"$11,266,436",-61.7%,-26.2%,45,Hidden Figures,"$2,503,162"
2017,Jan 16MLK Day,Monday,16,"$29,393,316",-20%,+182.1%,60,Hidden Figures,"$6,652,892"
2017,Jan 15,Sunday,15,"$36,732,315",-23.7%,+6.4%,43,Hidden Figures,"$6,876,974"
2017,Jan 14,Saturday,14,"$48,116,624",+38.8%,-3.8%,46,Hidden Figures,"$8,478,941"
2017,Jan 13,Friday,13,"$34,673,108",+257.3%,-3.6%,45,Hidden Figures,"$5,498,032"
2017,Jan 12,Thursday,12,"$9,704,955",-4.4%,-35%,44,Hidden Figures,"$1,978,932"
2017,Jan 11,Wednesday,11,"$10,148,500",-33.5%,-39.2%,44,Hidden Figures,"$1,915,107"
2017,Jan 10,Tuesday,10,"$15,267,153",+46.5%,-38.4%,44,Hidden Figures,"$2,877,410"
2017,Jan 9,Monday,9,"$10,419,513",-69.8%,-80.7%,46,Hidden Figures,"$1,857,416"
2017,Jan 8,Sunday,8,"$34,512,473",-31%,-39.2%,45,Rogue One: A Star Wars Story,"$6,420,138"
2017,Jan 7,Saturday,7,"$50,026,406",+39.1%,+2.7%,44,Rogue One: A Star Wars Story,"$9,558,458"
2017,Jan 6,Friday,6,"$35,952,754",+140.8%,-41%,46,Hidden Figures,"$7,621,334"
2017,Jan 5,Thursday,5,"$14,928,109",-10.6%,-72%,50,Rogue One: A Star Wars Story,"$3,893,517"
2017,Jan 4,Wednesday,4,"$16,695,754",-32.7%,-70.1%,49,Rogue One: A Star Wars Story,"$4,237,535"
2017,Jan 3,Tuesday,3,"$24,799,823",-54.1%,-62.7%,48,Rogue One: A Star Wars Story,"$6,268,921"
2017,Jan 2,Monday,2,"$54,065,844",-4.7%,-36.8%,54,Rogue One: A Star Wars Story,"$15,913,674"
2017,Jan 1New Year's Day,Sunday,1,"$56,752,913",+16.5%,-25.2%,52,Rogue One: A Star Wars Story,"$16,751,857"
2018,Dec 31New Year's Eve,Monday,365,"$36,240,441",-28.8%,+14.1%,53,Aquaman,"$10,011,638"
2018,Dec 30,Sunday,364,"$50,932,176",-12.4%,+2.9%,51,Aquaman,"$16,440,551"
2018,Dec 29,Saturday,363,"$58,118,460",+2.6%,+4.6%,51,Aquaman,"$18,632,907"
2018,Dec 28,Friday,362,"$56,667,767",+9.7%,-2.9%,51,Aquaman,"$17,041,113"
2018,Dec 27,Thursday,361,"$51,671,321",-7%,+299.2%,53,Aquaman,"$14,622,228"
2018,Dec 26,Wednesday,360,"$55,579,761",-21.6%,+261.8%,52,Aquaman,"$16,903,518"
2018,Dec 25Christmas Day,Tuesday,359,"$70,898,743",-3.4%,+30%,53,Aquaman,"$21,982,419"
2018,Dec 24,Monday,358,"$31,752,644",-35.8%,+184.5%,49,Aquaman,"$10,851,928"
2018,Dec 23,Sunday,357,"$49,473,471",-10.9%,+72.7%,53,Aquaman,"$18,793,733"
2018,Dec 22,Saturday,356,"$55,554,266",-4.8%,+29.8%,52,Aquaman,"$21,346,634"
2018,Dec 21,Friday,355,"$58,331,971",+350.7%,+83.2%,53,Aquaman,"$27,733,155"
2018,Dec 20,Thursday,354,"$12,943,731",-15.7%,+145.9%,60,Mary Poppins Returns,"$4,051,124"
2018,Dec 19,Wednesday,353,"$15,362,046",+7.6%,+146.4%,63,Mary Poppins Returns,"$4,763,547"
2018,Dec 18,Tuesday,352,"$14,278,049",+27.9%,+61.1%,59,Spider-Man: Into the Spider-Verse,"$4,301,097"
2018,Dec 17,Monday,351,"$11,160,534",-61%,+104.5%,61,Spider-Man: Into the Spider-Verse,"$2,765,829"
2018,Dec 16,Sunday,350,"$28,645,794",-33.1%,+35.6%,62,Spider-Man: Into the Spider-Verse,"$9,685,478"
2018,Dec 15,Saturday,349,"$42,788,962",+34.4%,+25.4%,65,Spider-Man: Into the Spider-Verse,"$13,012,817"
2018,Dec 14,Friday,348,"$31,834,524",+504.7%,+71%,60,Spider-Man: Into the Spider-Verse,"$12,665,081"
2018,Dec 13,Thursday,347,"$5,264,085",-15.6%,-25.3%,63,The Grinch,"$987,880"
2018,Dec 12,Wednesday,346,"$6,234,474",-29.7%,-17.9%,64,The Grinch,"$970,245"
2018,Dec 11,Tuesday,345,"$8,862,469",+62.4%,-23.6%,61,The Grinch,"$1,533,720"
2018,Dec 10,Monday,344,"$5,456,743",-74.2%,-18.5%,62,The Grinch,"$893,640"
2018,Dec 9,Sunday,343,"$21,129,847",-38.1%,-30.3%,63,Ralph Breaks the Internet,"$4,975,604"
2018,Dec 8,Saturday,342,"$34,133,076",+83.4%,-28%,62,Ralph Breaks the Internet,"$7,762,516"
2018,Dec 7,Friday,341,"$18,614,792",+164.3%,-34.5%,61,Ralph Breaks the Internet,"$3,515,711"
2018,Dec 6,Thursday,340,"$7,043,951",-7.2%,-24.2%,54,Creed II,"$1,107,634"
2018,Dec 5,Wednesday,339,"$7,589,749",-34.6%,-19.2%,52,Ralph Breaks the Internet,"$1,218,513"
2018,Dec 4,Tuesday,338,"$11,596,578",+73.1%,-25.4%,54,Ralph Breaks the Internet,"$2,139,443"
2018,Dec 3,Monday,337,"$6,698,881",-77.9%,-38.2%,54,Ralph Breaks the Internet,"$1,152,644"
2018,Dec 2,Sunday,336,"$30,318,732",-36.1%,-35.2%,55,Ralph Breaks the Internet,"$7,909,049"
2018,Dec 1,Saturday,335,"$47,431,308",+66.8%,-39.5%,54,Ralph Breaks the Internet,"$11,908,969"
2018,Nov 30,Friday,334,"$28,440,698",+206%,-63.9%,54,Ralph Breaks the Internet,"$5,748,927"
2018,Nov 29,Thursday,333,"$9,295,049",-1.1%,-76.8%,58,Ralph Breaks the Internet,"$1,650,373"
2018,Nov 28,Wednesday,332,"$9,398,372",-39.5%,-82.8%,55,Creed II,"$1,702,204"
2018,Nov 27,Tuesday,331,"$15,536,680",+43.4%,-31.3%,52,Ralph Breaks the Internet,"$3,235,011"
2018,Nov 26,Monday,330,"$10,836,901",-76.9%,-33.9%,55,Ralph Breaks the Internet,"$2,251,879"
2018,Nov 25,Sunday,329,"$46,813,707",-40.2%,+2.2%,55,Ralph Breaks the Internet,"$13,347,996"
2018,Nov 24,Saturday,328,"$78,342,803",-0.4%,+22.3%,55,Ralph Breaks the Internet,"$21,178,540"
2018,Nov 23,Friday,327,"$78,680,108",+96.4%,+51.1%,54,Ralph Breaks the Internet,"$21,711,098"
2018,Nov 22Thanksgiving,Thursday,326,"$40,067,310",-26.8%,+397.3%,58,Ralph Breaks the Internet,"$10,172,331"
2018,Nov 21,Wednesday,325,"$54,726,134",+142.1%,+544.1%,58,Ralph Breaks the Internet,"$18,340,440"
2018,Nov 20,Tuesday,324,"$22,600,225",+37.9%,+59%,55,Fantastic Beasts: The Crimes of Grindelwald,"$6,959,720"
2018,Nov 19,Monday,323,"$16,386,643",-64.2%,-28%,55,Fantastic Beasts: The Crimes of Grindelwald,"$5,074,414"
2018,Nov 18,Sunday,322,"$45,823,172",-28.5%,-1.3%,61,Fantastic Beasts: The Crimes of Grindelwald,"$15,368,019"
2018,Nov 17,Saturday,321,"$64,079,674",+23%,+2.1%,62,Fantastic Beasts: The Crimes of Grindelwald,"$21,321,824"
2018,Nov 16,Friday,320,"$52,088,352",+546.5%,+20%,61,Fantastic Beasts: The Crimes of Grindelwald,"$25,473,261"
2018,Nov 15,Thursday,319,"$8,057,483",-5.2%,+1.1%,63,The Grinch,"$2,523,805"
2018,Nov 14,Wednesday,318,"$8,497,130",-40.2%,-2.1%,64,The Grinch,"$2,661,885"
2018,Nov 13,Tuesday,317,"$14,215,303",-37.5%,-11.8%,63,The Grinch,"$4,952,140"
2018,Nov 12,Monday,316,"$22,745,739",-51%,+130.9%,61,The Grinch,"$10,665,595"
2018,Nov 11,Sunday,315,"$46,431,475",-26%,+35.1%,65,The Grinch,"$21,487,420"
2018,Nov 10,Saturday,314,"$62,756,436",+44.6%,+18.2%,62,The Grinch,"$27,444,270"
2018,Nov 9,Friday,313,"$43,392,632",+444.5%,+3.5%,62,The Grinch,"$18,641,165"
2018,Nov 8,Thursday,312,"$7,969,253",-8.1%,+33.4%,62,Bohemian Rhapsody,"$3,527,355"
2018,Nov 7,Wednesday,311,"$8,675,372",-46.2%,-21.3%,65,Bohemian Rhapsody,"$3,938,110"
2018,Nov 6,Tuesday,310,"$16,116,864",+63.6%,+50.8%,65,Bohemian Rhapsody,"$6,248,841"
2018,Nov 5,Monday,309,"$9,848,845",-71.3%,+35.8%,64,Bohemian Rhapsody,"$4,385,123"
2018,Nov 4,Sunday,308,"$34,370,134",-35.2%,+41.7%,67,Bohemian Rhapsody,"$13,379,805"
2018,Nov 3,Saturday,307,"$53,081,284",+26.6%,+35.3%,67,Bohemian Rhapsody,"$18,869,750"
2018,Nov 2,Friday,306,"$41,933,368",+601.8%,+52.5%,66,Bohemian Rhapsody,"$18,811,564"
2018,Nov 1,Thursday,305,"$5,975,432",-45.8%,-39.6%,68,Halloween,"$1,507,990"
2018,Oct 31Halloween,Wednesday,304,"$11,026,565",+3.2%,+13.7%,66,Halloween,"$5,547,305"
2018,Oct 30,Tuesday,303,"$10,685,276",+47.3%,-30.5%,67,Halloween,"$3,791,900"
2018,Oct 29,Monday,302,"$7,253,711",-70.1%,-32.9%,70,Halloween,"$2,471,040"
2018,Oct 28,Sunday,301,"$24,248,885",-38.2%,-36.3%,70,Halloween,"$7,934,815"
2018,Oct 27,Saturday,300,"$39,246,684",+42.7%,-36.5%,70,Halloween,"$13,588,795"
2018,Oct 26,Friday,299,"$27,496,524",+177.7%,-51%,68,Halloween,"$9,895,460"
2018,Oct 25,Thursday,298,"$9,899,853",+2.1%,+13.1%,61,Halloween,"$3,764,100"
2018,Oct 24,Wednesday,297,"$9,698,501",-36.9%,+5.9%,60,Halloween,"$3,679,080"
2018,Oct 23,Tuesday,296,"$15,376,609",+42.3%,+10.6%,59,Halloween,"$6,347,465"
2018,Oct 22,Monday,295,"$10,806,913",-71.6%,+3%,59,Halloween,"$4,644,210"
2018,Oct 21,Sunday,294,"$38,060,652",-38.4%,+10.6%,62,Halloween,"$16,057,290"
2018,Oct 20,Saturday,293,"$61,814,586",+10.1%,+15.2%,64,Halloween,"$27,081,225"
2018,Oct 19,Friday,292,"$56,148,117",+541.7%,+47.2%,61,Halloween,"$33,083,030"
2018,Oct 18,Thursday,291,"$8,750,173",-4.4%,-26.5%,64,A Star Is Born,"$2,674,744"
2018,Oct 17,Wednesday,290,"$9,154,256",-34.1%,-29.3%,65,A Star Is Born,"$2,928,489"
2018,Oct 16,Tuesday,289,"$13,896,718",+32.4%,-27.7%,63,A Star Is Born,"$3,934,191"
2018,Oct 15,Monday,288,"$10,492,447",-69.5%,-56.9%,63,A Star Is Born,"$2,933,257"
2018,Oct 14,Sunday,287,"$34,399,338",-35.9%,-28.3%,66,Venom,"$9,954,504"
2018,Oct 13,Saturday,286,"$53,659,930",+40.7%,-12.8%,65,Venom,"$15,275,974"
2018,Oct 12,Friday,285,"$38,131,210",+220.4%,-36.6%,64,Venom,"$9,775,629"
2018,Oct 11,Thursday,284,"$11,900,338",-8%,+142.5%,61,A Star Is Born,"$4,513,106"
2018,Oct 10,Wednesday,283,"$12,940,866",-32.6%,+131.2%,64,Venom,"$4,731,282"
2018,Oct 9,Tuesday,282,"$19,213,756",-21.1%,+88.2%,64,Venom,"$8,228,610"
2018,Oct 8Indig. Peoples' Day,Monday,281,"$24,366,989",-49.2%,+305.1%,69,Venom,"$9,631,343"
2018,Oct 7,Sunday,280,"$47,954,717",-22.1%,+97.7%,67,Venom,"$21,380,299"
2018,Oct 6,Saturday,279,"$61,523,744",+2.3%,+53.5%,67,Venom,"$26,371,927"
2018,Oct 5,Friday,278,"$60,151,242","+1,125.9%",+112.8%,66,Venom,"$32,503,530"
2018,Oct 4,Thursday,277,"$4,906,855",-12.3%,-9.2%,68,Night School,"$1,212,605"
2018,Oct 3,Wednesday,276,"$5,596,822",-45.2%,-9.5%,68,Night School,"$1,552,405"
2018,Oct 2,Tuesday,275,"$10,209,526",+69.7%,+6.8%,66,Night School,"$2,781,015"
2018,Oct 1,Monday,274,"$6,014,984",-75.2%,+9.7%,68,Night School,"$1,672,715"
2018,Sep 30,Sunday,273,"$24,254,408",-39.5%,+17.4%,67,Smallfoot,"$6,737,165"
2018,Sep 29,Saturday,272,"$40,091,310",+41.8%,+16.3%,71,Night School,"$11,268,050"
2018,Sep 28,Friday,271,"$28,267,163",+423.1%,+20.7%,69,Night School,"$9,520,825"
2018,Sep 27,Thursday,270,"$5,403,453",-12.6%,-13.9%,64,The House with a Clock in Its Walls,"$1,027,320"
2018,Sep 26,Wednesday,269,"$6,182,375",-35.3%,-14.6%,64,The House with a Clock in Its Walls,"$1,137,555"
2018,Sep 25,Tuesday,268,"$9,556,652",+74.3%,-17.5%,64,The House with a Clock in Its Walls,"$2,243,770"
2018,Sep 24,Monday,267,"$5,482,746",-73.5%,-27.3%,64,The House with a Clock in Its Walls,"$1,236,560"
2018,Sep 23,Sunday,266,"$20,654,487",-40.1%,-12.6%,62,The House with a Clock in Its Walls,"$7,336,830"
2018,Sep 22,Saturday,265,"$34,464,455",+47.1%,-7.5%,62,The House with a Clock in Its Walls,"$11,478,330"
2018,Sep 21,Friday,264,"$23,428,430",+273.5%,-29.8%,63,The House with a Clock in Its Walls,"$7,792,860"
2018,Sep 20,Thursday,263,"$6,272,634",-13.4%,+2.9%,68,A Simple Favor,"$1,245,247"
2018,Sep 19,Wednesday,262,"$7,241,879",-37.5%,+5.7%,68,The Predator,"$1,464,357"
2018,Sep 18,Tuesday,261,"$11,589,402",+53.6%,+1.5%,67,The Predator,"$2,502,227"
2018,Sep 17,Monday,260,"$7,544,738",-68.1%,-10.2%,65,The Predator,"$1,901,211"
2018,Sep 16,Sunday,259,"$23,642,393",-36.5%,-9.2%,70,The Predator,"$5,934,704"
2018,Sep 15,Saturday,258,"$37,255,832",+11.7%,-13.5%,73,The Predator,"$8,394,521"
2018,Sep 14,Friday,257,"$33,353,697",+447%,-10.5%,69,The Predator,"$10,303,059"
2018,Sep 13,Thursday,256,"$6,097,784",-11%,+45.5%,64,The Nun,"$2,207,557"
2018,Sep 12,Wednesday,255,"$6,854,153",-40%,+36.5%,63,The Nun,"$2,518,075"
2018,Sep 11,Tuesday,254,"$11,420,145",+35.9%,+53.1%,61,The Nun,"$4,818,789"
2018,Sep 10,Monday,253,"$8,402,915",-67.7%,-63.2%,60,The Nun,"$3,524,525"
2018,Sep 9,Sunday,252,"$26,024,276",-39.5%,-7.2%,64,The Nun,"$11,936,410"
2018,Sep 8,Saturday,251,"$43,047,200",+15.5%,+59.6%,64,The Nun,"$19,788,796"
2018,Sep 7,Friday,250,"$37,261,720",+789.3%,+96.8%,62,The Nun,"$22,082,173"
2018,Sep 6,Thursday,249,"$4,190,229",-16.5%,-47.1%,59,Crazy Rich Asians,"$1,381,881"
2018,Sep 5,Wednesday,248,"$5,020,082",-32.7%,-42.9%,59,Crazy Rich Asians,"$1,643,844"
2018,Sep 4,Tuesday,247,"$7,457,316",-67.3%,-40.1%,60,Crazy Rich Asians,"$2,292,830"
2018,Sep 3Labor Day,Monday,246,"$22,833,085",-18.6%,+176.9%,64,Crazy Rich Asians,"$6,611,877"
2018,Sep 2,Sunday,245,"$28,055,583",+4%,+13.5%,63,Crazy Rich Asians,"$8,231,075"
2018,Sep 1,Saturday,244,"$26,975,500",+42.5%,-23.8%,61,Crazy Rich Asians,"$7,896,679"
2018,Aug 31,Friday,243,"$18,931,709",+138.8%,-22.7%,61,Crazy Rich Asians,"$5,836,591"
2018,Aug 30,Thursday,242,"$7,927,356",-9.9%,-23.8%,54,Crazy Rich Asians,"$2,472,996"
2018,Aug 29,Wednesday,241,"$8,797,470",-29.4%,-28.3%,58,Crazy Rich Asians,"$2,667,019"
2018,Aug 28,Tuesday,240,"$12,453,461",+51%,-32.7%,57,Crazy Rich Asians,"$4,304,963"
2018,Aug 27,Monday,239,"$8,247,086",-66.6%,-33.6%,58,Crazy Rich Asians,"$2,665,261"
2018,Aug 26,Sunday,238,"$24,727,130",-30.2%,-26.1%,60,Crazy Rich Asians,"$7,441,656"
2018,Aug 25,Saturday,237,"$35,412,088",+44.6%,-20.4%,61,Crazy Rich Asians,"$10,346,442"
2018,Aug 24,Friday,236,"$24,495,949",+135.4%,-25.3%,59,Crazy Rich Asians,"$7,020,104"
2018,Aug 23,Thursday,235,"$10,407,753",-15.2%,-28.3%,53,Crazy Rich Asians,"$3,643,559"
2018,Aug 22,Wednesday,234,"$12,276,093",-33.7%,-25.3%,52,Crazy Rich Asians,"$3,733,627"
2018,Aug 21,Tuesday,233,"$18,512,685",+49.1%,-7.8%,53,Crazy Rich Asians,"$5,523,718"
2018,Aug 20,Monday,232,"$12,414,447",-62.9%,-17.1%,53,Crazy Rich Asians,"$3,631,134"
2018,Aug 19,Sunday,231,"$33,447,570",-24.8%,-6.8%,55,Crazy Rich Asians,"$8,958,015"
2018,Aug 18,Saturday,230,"$44,491,938",+35.7%,-10%,55,Crazy Rich Asians,"$10,284,759"
2018,Aug 17,Friday,229,"$32,778,649",+125.8%,-21.3%,53,Crazy Rich Asians,"$7,267,366"
2018,Aug 16,Thursday,228,"$14,514,929",-11.7%,+12.6%,49,Crazy Rich Asians,"$3,753,291"
2018,Aug 15,Wednesday,227,"$16,433,770",-18.2%,+11.3%,49,Crazy Rich Asians,"$5,013,478"
2018,Aug 14,Tuesday,226,"$20,084,281",+34.1%,-8.9%,48,The Meg,"$6,036,127"
2018,Aug 13,Monday,225,"$14,972,557",-58.3%,-7.4%,48,The Meg,"$4,552,992"
2018,Aug 12,Sunday,224,"$35,900,467",-27.4%,+5.3%,49,The Meg,"$12,520,931"
2018,Aug 11,Saturday,223,"$49,435,728",+18.7%,+6.2%,48,The Meg,"$16,277,249"
2018,Aug 10,Friday,222,"$41,642,358",+222.9%,+6.5%,48,The Meg,"$16,604,015"
2018,Aug 9,Thursday,221,"$12,895,346",-12.7%,-22.7%,47,Mission: Impossible - Fallout,"$3,348,171"
2018,Aug 8,Wednesday,220,"$14,768,762",-33%,-22.7%,47,Mission: Impossible - Fallout,"$3,681,670"
2018,Aug 7,Tuesday,219,"$22,043,773",+36.3%,-19%,47,Mission: Impossible - Fallout,"$5,665,373"
2018,Aug 6,Monday,218,"$16,177,531",-52.6%,-12.5%,48,Mission: Impossible - Fallout,"$4,460,884"
2018,Aug 5,Sunday,217,"$34,094,505",-26.7%,-17.8%,49,Mission: Impossible - Fallout,"$10,740,225"
2018,Aug 4,Saturday,216,"$46,541,085",+19%,-12.9%,48,Mission: Impossible - Fallout,"$14,731,942"
2018,Aug 3,Friday,215,"$39,104,031",+134.5%,-19.2%,48,Mission: Impossible - Fallout,"$9,851,648"
2018,Aug 2,Thursday,214,"$16,675,198",-12.7%,+1.5%,50,Mission: Impossible - Fallout,"$5,631,802"
2018,Aug 1,Wednesday,213,"$19,096,759",-29.8%,-8%,52,Mission: Impossible - Fallout,"$6,328,934"
2018,Jul 31,Tuesday,212,"$27,199,595",+47%,-8.1%,48,Mission: Impossible - Fallout,"$9,451,166"
2018,Jul 30,Monday,211,"$18,497,814",-55.4%,-11.4%,48,Mission: Impossible - Fallout,"$6,838,935"
2018,Jul 29,Sunday,210,"$41,500,778",-22.3%,-12.8%,50,Mission: Impossible - Fallout,"$17,011,158"
2018,Jul 28,Saturday,209,"$53,407,707",+10.3%,-7.5%,50,Mission: Impossible - Fallout,"$21,421,918"
2018,Jul 27,Friday,208,"$48,422,793",+194.6%,-6.9%,48,Mission: Impossible - Fallout,"$22,803,458"
2018,Jul 26,Thursday,207,"$16,435,851",-20.8%,+5.1%,49,Mamma Mia! Here We Go Again,"$3,958,180"
2018,Jul 25,Wednesday,206,"$20,747,967",-29.9%,+17%,48,Mamma Mia! Here We Go Again,"$4,865,225"
2018,Jul 24,Tuesday,205,"$29,587,241",+41.7%,+2.3%,51,Mamma Mia! Here We Go Again,"$6,742,430"
2018,Jul 23,Monday,204,"$20,880,859",-56.1%,+11.3%,53,Mamma Mia! Here We Go Again,"$4,906,510"
2018,Jul 22,Sunday,203,"$47,579,661",-17.6%,+7.1%,57,The Equalizer 2,"$9,925,907"
2018,Jul 21,Saturday,202,"$57,766,466",+11%,-1%,52,The Equalizer 2,"$12,709,883"
2018,Jul 20,Friday,201,"$52,030,831",+232.6%,+1.5%,53,Mamma Mia! Here We Go Again,"$14,286,815"
2018,Jul 19,Thursday,200,"$15,643,674",-11.8%,-2.8%,44,Hotel Transylvania 3: Summer Vacation,"$4,333,438"
2018,Jul 18,Wednesday,199,"$17,731,153",-38.7%,-2%,47,Hotel Transylvania 3: Summer Vacation,"$4,726,875"
2018,Jul 17,Tuesday,198,"$28,932,230",+54.2%,+3.7%,50,Hotel Transylvania 3: Summer Vacation,"$8,505,132"
2018,Jul 16,Monday,197,"$18,763,348",-57.8%,-4.9%,49,Hotel Transylvania 3: Summer Vacation,"$5,021,214"
2018,Jul 15World Cup (Russia),Sunday,196,"$44,435,573",-23.8%,-7.1%,54,Hotel Transylvania 3: Summer Vacation,"$11,927,927"
2018,Jul 14World Cup (Russia),Saturday,195,"$58,331,844",+13.8%,-5.7%,51,Hotel Transylvania 3: Summer Vacation,"$15,217,792"
2018,Jul 13World Cup (Russia),Friday,194,"$51,270,452",+218.5%,-23.6%,52,Hotel Transylvania 3: Summer Vacation,"$16,930,506"
2018,Jul 12World Cup (Russia),Thursday,193,"$16,097,891",-11%,-36.3%,46,Ant-Man and the Wasp,"$5,293,629"
2018,Jul 11World Cup (Russia),Wednesday,192,"$18,094,619",-35.2%,-55.5%,47,Ant-Man and the Wasp,"$5,852,591"
2018,Jul 10World Cup (Russia),Tuesday,191,"$27,909,644",+41.4%,-14.8%,49,Ant-Man and the Wasp,"$10,042,976"
2018,Jul 9World Cup (Russia),Monday,190,"$19,734,933",-58.7%,-19.7%,49,Ant-Man and the Wasp,"$6,983,824"
2018,Jul 8World Cup (Russia),Sunday,189,"$47,838,328",-22.7%,-8.6%,51,Ant-Man and the Wasp,"$18,531,751"
2018,Jul 7World Cup (Russia),Saturday,188,"$61,856,503",-7.8%,-2.3%,50,Ant-Man and the Wasp,"$23,555,372"
2018,Jul 6World Cup (Russia),Friday,187,"$67,105,419",+165.7%,+29.2%,50,Ant-Man and the Wasp,"$33,725,082"
2018,Jul 5World Cup (Russia),Thursday,186,"$25,257,863",-37.8%,-5.2%,55,Incredibles 2,"$7,171,034"
2018,Jul 4Independence DayWorld Cup (Russia),Wednesday,185,"$40,619,993",+24%,+45%,56,Jurassic World: Fallen Kingdom,"$11,501,395"
2018,Jul 3World Cup (Russia),Tuesday,184,"$32,755,697",+33.2%,-16.3%,54,Jurassic World: Fallen Kingdom,"$11,891,170"
2018,Jul 2World Cup (Russia),Monday,183,"$24,588,407",-53%,-19.6%,53,Jurassic World: Fallen Kingdom,"$8,580,225"
2018,Jul 1World Cup (Russia),Sunday,182,"$52,334,791",-17.3%,-31.7%,54,Jurassic World: Fallen Kingdom,"$19,706,880"
2018,Jun 30World Cup (Russia),Saturday,181,"$63,301,953",+21.9%,-35.4%,57,Jurassic World: Fallen Kingdom,"$23,831,155"
2018,Jun 29World Cup (Russia),Friday,180,"$51,944,737",+95%,-45.2%,56,Jurassic World: Fallen Kingdom,"$17,374,160"
2018,Jun 28World Cup (Russia),Thursday,179,"$26,632,384",-4.9%,+10.3%,43,Jurassic World: Fallen Kingdom,"$11,374,810"
2018,Jun 27World Cup (Russia),Wednesday,178,"$28,009,014",-28.4%,-3.2%,44,Jurassic World: Fallen Kingdom,"$12,271,855"
2018,Jun 26World Cup (Russia),Tuesday,177,"$39,122,111",+28%,-0.9%,47,Jurassic World: Fallen Kingdom,"$18,390,180"
2018,Jun 25World Cup (Russia),Monday,176,"$30,571,561",-60.1%,-8.3%,48,Jurassic World: Fallen Kingdom,"$14,725,880"
2018,Jun 24World Cup (Russia),Sunday,175,"$76,597,788",-21.9%,-1.2%,50,Jurassic World: Fallen Kingdom,"$39,756,045"
2018,Jun 23World Cup (Russia),Saturday,174,"$98,045,334",+3.5%,+13%,48,Jurassic World: Fallen Kingdom,"$49,701,695"
2018,Jun 22World Cup (Russia),Friday,173,"$94,745,213",+292.3%,+0.3%,49,Jurassic World: Fallen Kingdom,"$58,566,870"
2018,Jun 21World Cup (Russia),Thursday,172,"$24,150,660",-16.5%,+125.5%,48,Incredibles 2,"$16,333,960"
2018,Jun 20World Cup (Russia),Wednesday,171,"$28,920,601",-26.7%,+117.5%,48,Incredibles 2,"$19,737,194"
2018,Jun 19World Cup (Russia),Tuesday,170,"$39,476,232",+18.4%,+133.6%,47,Incredibles 2,"$27,059,923"
2018,Jun 18World Cup (Russia),Monday,169,"$33,350,580",-57%,+158.6%,49,Incredibles 2,"$23,627,708"
2018,Jun 17World Cup (Russia),Sunday,168,"$77,495,642",-10.6%,+139.8%,51,Incredibles 2,"$52,533,002"
2018,Jun 16World Cup (Russia),Saturday,167,"$86,731,622",-8.2%,+107.4%,49,Incredibles 2,"$58,894,582"
2018,Jun 15World Cup (Russia),Friday,166,"$94,453,688",+781.9%,+165.8%,50,Incredibles 2,"$71,260,321"
2018,Jun 14World Cup (Russia),Thursday,165,"$10,710,793",-19.4%,+16.6%,56,Ocean's Eight,"$3,282,468"
2018,Jun 13,Wednesday,164,"$13,295,879",-21.3%,+32.1%,57,Ocean's Eight,"$4,196,035"
2018,Jun 12,Tuesday,163,"$16,901,134",+31.1%,+12.9%,54,Ocean's Eight,"$6,157,129"
2018,Jun 11,Monday,162,"$12,895,774",-60.1%,+17.5%,56,Ocean's Eight,"$4,377,160"
2018,Jun 10,Sunday,161,"$32,313,223",-22.7%,+13.5%,57,Ocean's Eight,"$11,195,329"
2018,Jun 9,Saturday,160,"$41,817,853",+17.7%,+5.3%,55,Ocean's Eight,"$14,888,802"
2018,Jun 8,Friday,159,"$35,529,109",+286.8%,+23.2%,57,Ocean's Eight,"$15,523,247"
2018,Jun 7,Thursday,158,"$9,185,032",-8.7%,-29.6%,57,Solo: A Star Wars Story,"$2,465,595"
2018,Jun 6,Wednesday,157,"$10,061,331",-32.8%,-28.4%,55,Solo: A Star Wars Story,"$2,544,321"
2018,Jun 5,Tuesday,156,"$14,970,493",+36.4%,-22.6%,56,Solo: A Star Wars Story,"$3,987,363"
2018,Jun 4,Monday,155,"$10,973,333",-61.5%,-74.5%,57,Solo: A Star Wars Story,"$2,964,621"
2018,Jun 3,Sunday,154,"$28,481,684",-28.3%,-50.8%,57,Solo: A Star Wars Story,"$8,957,176"
2018,Jun 2,Saturday,153,"$39,722,894",+37.7%,-31.5%,56,Solo: A Star Wars Story,"$12,318,620"
2018,Jun 1,Friday,152,"$28,847,168",+121.1%,-51.4%,58,Solo: A Star Wars Story,"$8,121,086"
2018,May 31,Thursday,151,"$13,046,247",-7.2%,+1.5%,56,Solo: A Star Wars Story,"$4,424,227"
2018,May 30,Wednesday,150,"$14,061,774",-27.3%,-3.5%,56,Solo: A Star Wars Story,"$4,855,886"
2018,May 29,Tuesday,149,"$19,339,477",-55%,-11.9%,53,Solo: A Star Wars Story,"$7,295,767"
2018,May 28Memorial Day,Monday,148,"$42,991,006",-25.7%,+120.7%,103,Solo: A Star Wars Story,"$18,596,323"
2018,May 27,Sunday,147,"$57,854,343",-0.2%,+5.4%,60,Solo: A Star Wars Story,"$24,443,468"
2018,May 26,Saturday,146,"$57,978,530",-2.2%,-19.4%,61,Solo: A Star Wars Story,"$24,601,896"
2018,May 25,Friday,145,"$59,302,830",+361.6%,-19.6%,60,Solo: A Star Wars Story,"$35,375,125"
2018,May 24,Thursday,144,"$12,847,699",-11.8%,+81.5%,55,Deadpool 2,"$6,760,092"
2018,May 23,Wednesday,143,"$14,565,889",-33.7%,+66%,56,Deadpool 2,"$8,031,712"
2018,May 22,Tuesday,142,"$21,956,507",+12.7%,+70.5%,56,Deadpool 2,"$12,401,246"
2018,May 21,Monday,141,"$19,480,906",-64.5%,+102.7%,56,Deadpool 2,"$12,007,149"
2018,May 20,Sunday,140,"$54,866,952",-23.7%,+24.8%,56,Deadpool 2,"$31,997,867"
2018,May 19,Saturday,139,"$71,898,365",-2.5%,+43.3%,56,Deadpool 2,"$40,474,865"
2018,May 18,Friday,138,"$73,767,581",+942.1%,+125.3%,55,Deadpool 2,"$53,034,421"
2018,May 17,Thursday,137,"$7,078,729",-19.3%,-32.7%,59,Avengers: Infinity War,"$3,441,594"
2018,May 16,Wednesday,136,"$8,772,117",-31.9%,-19.4%,58,Avengers: Infinity War,"$4,193,985"
2018,May 15,Tuesday,135,"$12,878,077",+34%,-20%,57,Avengers: Infinity War,"$6,009,292"
2018,May 14,Monday,134,"$9,612,387",-78.1%,-20.6%,54,Avengers: Infinity War,"$4,625,938"
2018,May 13,Sunday,133,"$43,946,437",-12.4%,-11.7%,58,Avengers: Infinity War,"$19,152,498"
2018,May 12,Saturday,132,"$50,165,655",+53.2%,-21.7%,57,Avengers: Infinity War,"$26,938,937"
2018,May 11,Friday,131,"$32,737,187",+211.4%,-27.7%,56,Avengers: Infinity War,"$15,986,612"
2018,May 10,Thursday,130,"$10,511,219",-3.4%,-45.7%,55,Avengers: Infinity War,"$6,895,697"
2018,May 9,Wednesday,129,"$10,883,475",-32.4%,-47.5%,57,Avengers: Infinity War,"$7,051,981"
2018,May 8,Tuesday,128,"$16,093,185",+32.9%,-43.8%,56,Avengers: Infinity War,"$10,673,500"
2018,May 7,Monday,127,"$12,107,273",-75.7%,-57.6%,55,Avengers: Infinity War,"$8,283,575"
2018,May 6,Sunday,126,"$49,754,217",-22.3%,-39.2%,56,Avengers: Infinity War,"$36,644,356"
2018,May 5,Saturday,125,"$64,074,617",+41.5%,-37.1%,55,Avengers: Infinity War,"$46,676,705"
2018,May 4,Friday,124,"$45,292,399",+133.9%,-62.1%,56,Avengers: Infinity War,"$31,453,749"
2018,May 3,Thursday,123,"$19,367,210",-6.5%,+241.8%,52,Avengers: Infinity War,"$15,501,270"
2018,May 2,Wednesday,122,"$20,713,483",-27.7%,+183.5%,54,Avengers: Infinity War,"$16,966,862"
2018,May 1,Tuesday,121,"$28,639,093",+0.3%,+176.3%,54,Avengers: Infinity War,"$23,426,108"
2018,Apr 30,Monday,120,"$28,566,353",-65.1%,+277.8%,54,Avengers: Infinity War,"$24,740,117"
2018,Apr 29,Sunday,119,"$81,860,580",-19.7%,+205.6%,55,Avengers: Infinity War,"$69,231,632"
2018,Apr 28,Saturday,118,"$101,912,015",-14.7%,+131%,55,Avengers: Infinity War,"$82,131,612"
2018,Apr 27,Friday,117,"$119,504,737","+2,008.8%",+229.4%,55,Avengers: Infinity War,"$106,334,939"
2018,Apr 26,Thursday,116,"$5,666,996",-22.4%,-34.4%,52,A Quiet Place,"$1,247,159"
2018,Apr 25,Wednesday,115,"$7,307,096",-29.5%,-16.1%,53,A Quiet Place,"$1,450,352"
2018,Apr 24,Tuesday,114,"$10,363,526",+37.1%,-18.3%,53,A Quiet Place,"$2,042,162"
2018,Apr 23,Monday,113,"$7,560,858",-71.8%,-25.6%,54,A Quiet Place,"$1,513,108"
2018,Apr 22,Sunday,112,"$26,784,039",-39.3%,-26.1%,57,Rampage,"$6,009,640"
2018,Apr 21,Saturday,111,"$44,126,309",+21.6%,-16.6%,57,A Quiet Place,"$9,356,926"
2018,Apr 20,Friday,110,"$36,277,334",+320%,-14.9%,57,Super Troopers 2,"$7,945,555"
2018,Apr 19,Thursday,109,"$8,637,431",-0.8%,-4.9%,52,A Quiet Place,"$2,323,429"
2018,Apr 18,Wednesday,108,"$8,710,125",-31.3%,-11.4%,52,A Quiet Place,"$2,256,942"
2018,Apr 17,Tuesday,107,"$12,685,736",+24.9%,-12.2%,51,Rampage,"$3,406,845"
2018,Apr 16,Monday,106,"$10,160,409",-72%,-4.1%,52,A Quiet Place,"$2,635,801"
2018,Apr 15,Sunday,105,"$36,266,384",-31.5%,+0.8%,58,Rampage,"$10,325,183"
2018,Apr 14,Saturday,104,"$52,909,806",+24.2%,-9.5%,58,Rampage,"$13,884,589"
2018,Apr 13,Friday,103,"$42,616,059",+369.2%,-8.4%,56,Rampage,"$11,543,321"
2018,Apr 12,Thursday,102,"$9,083,539",-7.6%,-17.3%,56,A Quiet Place,"$3,632,142"
2018,Apr 11,Wednesday,101,"$9,827,421",-32%,-22.5%,55,A Quiet Place,"$3,664,805"
2018,Apr 10,Tuesday,100,"$14,445,959",+36.3%,-12.3%,52,A Quiet Place,"$5,364,754"
2018,Apr 9,Monday,99,"$10,596,039",-70.6%,-32.4%,50,A Quiet Place,"$4,170,622"
2018,Apr 8,Sunday,98,"$35,981,451",-38.5%,+20.7%,56,A Quiet Place,"$12,255,941"
2018,Apr 7,Saturday,97,"$58,479,714",+25.7%,+38.3%,54,A Quiet Place,"$19,086,510"
2018,Apr 6,Friday,96,"$46,517,966",+323.3%,+7.8%,53,A Quiet Place,"$18,861,111"
2018,Apr 5,Thursday,95,"$10,989,200",-13.3%,-52.5%,57,Ready Player One,"$3,513,838"
2018,Apr 4,Wednesday,94,"$12,678,112",-23%,+21.2%,58,Ready Player One,"$4,002,387"
2018,Apr 3,Tuesday,93,"$16,475,524",+5.2%,+8%,56,Ready Player One,"$5,392,511"
2018,Apr 2,Monday,92,"$15,668,166",-47.5%,+46.8%,56,Ready Player One,"$5,241,464"
2018,Apr 1Easter Sunday,Sunday,91,"$29,819,800",-16.6%,+21.5%,57,Ready Player One,"$11,158,819"
2018,Mar 31,Saturday,90,"$42,281,963",-2%,-5.5%,58,Ready Player One,"$15,601,179"
2018,Mar 30,Friday,89,"$43,148,753",+86.5%,+29.9%,58,Ready Player One,"$15,004,052"
2018,Mar 29,Thursday,88,"$23,135,312",+121.2%,+140.3%,55,Ready Player One,"$11,946,275"
2018,Mar 28,Wednesday,87,"$10,460,796",-31.4%,+8.2%,55,Black Panther,"$1,742,732"
2018,Mar 27,Tuesday,86,"$15,253,350",+42.9%,+10.5%,54,Pacific Rim: Uprising,"$2,945,105"
2018,Mar 26,Monday,85,"$10,675,452",-65.4%,+7.9%,54,Pacific Rim: Uprising,"$2,165,925"
2018,Mar 25,Sunday,84,"$30,841,994",-31.1%,-5.3%,56,Pacific Rim: Uprising,"$7,214,895"
2018,Mar 24,Saturday,83,"$44,760,594",+34.8%,-5.5%,56,Pacific Rim: Uprising,"$10,571,865"
2018,Mar 23,Friday,82,"$33,214,529",+245%,-14.6%,54,Pacific Rim: Uprising,"$10,329,775"
2018,Mar 22,Thursday,81,"$9,626,408",-0.5%,-7.9%,55,Black Panther,"$2,155,108"
2018,Mar 21,Wednesday,80,"$9,672,049",-29.9%,-15.9%,55,Black Panther,"$2,052,932"
2018,Mar 20,Tuesday,79,"$13,806,700",+39.5%,-12.8%,56,Black Panther,"$2,834,515"
2018,Mar 19,Monday,78,"$9,898,402",-69.6%,-16.1%,55,Black Panther,"$2,188,463"
2018,Mar 18,Sunday,77,"$32,558,002",-31.2%,-7.8%,57,Black Panther,"$7,609,433"
2018,Mar 17,Saturday,76,"$47,344,750",+21.7%,-11.3%,55,Black Panther,"$11,558,877"
2018,Mar 16,Friday,75,"$38,908,010",+272.2%,+11.9%,55,Tomb Raider,"$8,984,365"
2018,Mar 15,Thursday,74,"$10,454,648",-9%,+10.1%,57,Black Panther,"$3,632,414"
2018,Mar 14,Wednesday,73,"$11,494,054",-27.4%,+22%,55,Black Panther,"$3,843,374"
2018,Mar 13,Tuesday,72,"$15,836,301",+34.3%,+12.7%,54,Black Panther,"$5,167,907"
2018,Mar 12,Monday,71,"$11,792,732",-66.6%,+14.4%,58,Black Panther,"$4,035,653"
2018,Mar 11,Sunday,70,"$35,320,874",-33.8%,-7.3%,59,Black Panther,"$12,446,683"
2018,Mar 10,Saturday,69,"$53,350,586",+53.4%,-10.8%,58,Black Panther,"$18,352,112"
2018,Mar 9,Friday,68,"$34,777,853",+266.2%,-4.6%,57,A Wrinkle in Time,"$10,208,602"
2018,Mar 8,Thursday,67,"$9,497,502",+0.8%,-15.8%,61,Black Panther,"$4,251,525"
2018,Mar 7,Wednesday,66,"$9,418,815",-33%,-20.5%,57,Black Panther,"$3,941,783"
2018,Mar 6,Tuesday,65,"$14,048,468",+36.3%,-16.4%,56,Black Panther,"$6,258,583"
2018,Mar 5,Monday,64,"$10,307,562",-72.9%,-18.8%,58,Black Panther,"$4,720,738"
2018,Mar 4,Sunday,63,"$38,100,274",-36.3%,-28.8%,59,Black Panther,"$19,996,734"
2018,Mar 3,Saturday,62,"$59,784,318",+64%,-21.3%,63,Black Panther,"$30,052,665"
2018,Mar 2,Friday,61,"$36,454,889",+223.4%,-24.2%,61,Black Panther,"$16,257,536"
2018,Mar 1,Thursday,60,"$11,273,924",-4.8%,-40.8%,61,Black Panther,"$6,607,691"
2018,Feb 28,Wednesday,59,"$11,843,453",-29.6%,-39.1%,60,Black Panther,"$6,876,570"
2018,Feb 27,Tuesday,58,"$16,812,261",+32.5%,-39.4%,58,Black Panther,"$10,204,038"
2018,Feb 26,Monday,57,"$12,691,820",-76.3%,-77.2%,55,Black Panther,"$8,098,481"
2018,Feb 25PyeongChang Olympics,Sunday,56,"$53,547,584",-29.5%,-33.8%,63,Black Panther,"$35,315,480"
2018,Feb 24PyeongChang Olympics,Saturday,55,"$75,931,259",+57.8%,-18.4%,63,Black Panther,"$47,553,478"
2018,Feb 23PyeongChang Olympics,Friday,54,"$48,123,367",+152.8%,-48.6%,63,Black Panther,"$28,789,877"
2018,Feb 22PyeongChang Olympics,Thursday,53,"$19,034,170",-2.2%,+149.2%,55,Black Panther,"$14,253,324"
2018,Feb 21PyeongChang Olympics,Wednesday,52,"$19,456,030",-29.9%,-7.3%,54,Black Panther,"$14,688,057"
2018,Feb 20PyeongChang Olympics,Tuesday,51,"$27,755,054",-50.1%,+157%,52,Black Panther,"$20,857,361"
2018,Feb 19Presidents' DayPyeongChang Olympics,Monday,50,"$55,644,035",-31.2%,+559%,83,Black Panther,"$40,151,729"
2018,Feb 18PyeongChang Olympics,Sunday,49,"$80,866,768",-13.1%,+169.1%,55,Black Panther,"$60,067,439"
2018,Feb 17PyeongChang Olympics,Saturday,48,"$93,032,364",-0.6%,+98.6%,54,Black Panther,"$65,995,366"
2018,Feb 16PyeongChang Olympics,Friday,47,"$93,625,853","+1,125.7%",+153.4%,56,Black Panther,"$75,941,146"
2018,Feb 15PyeongChang Olympics,Thursday,46,"$7,638,718",-63.6%,+50.3%,49,Fifty Shades Freed,"$3,145,585"
2018,Feb 14PyeongChang Olympics,Wednesday,45,"$20,977,810",+94.2%,+291.1%,51,Fifty Shades Freed,"$10,768,020"
2018,Feb 13PyeongChang Olympics,Tuesday,44,"$10,800,092",+27.9%,+40.7%,49,Fifty Shades Freed,"$3,941,660"
2018,Feb 12PyeongChang Olympics,Monday,43,"$8,443,182",-71.9%,+53.2%,50,Fifty Shades Freed,"$2,775,995"
2018,Feb 11PyeongChang Olympics,Sunday,42,"$30,053,992",-35.8%,+151.4%,54,Peter Rabbit,"$8,062,715"
2018,Feb 10PyeongChang Olympics,Saturday,41,"$46,835,924",+26.8%,+38.5%,55,Fifty Shades Freed,"$12,635,555"
2018,Feb 9PyeongChang Olympics,Friday,40,"$36,944,332",+627%,+83.2%,55,Fifty Shades Freed,"$18,407,850"
2018,Feb 8,Thursday,39,"$5,081,520",-5.3%,-22.7%,47,Jumanji: Welcome to the Jungle,"$728,381"
2018,Feb 7,Wednesday,38,"$5,363,456",-30.1%,-21.9%,48,Jumanji: Welcome to the Jungle,"$755,162"
2018,Feb 6,Tuesday,37,"$7,674,118",+39.3%,-22.4%,46,Maze Runner: The Death Cure,"$1,027,145"
2018,Feb 5,Monday,36,"$5,510,566",-53.9%,-23.8%,47,Jumanji: Welcome to the Jungle,"$760,867"
2018,Feb 4,Sunday,35,"$11,953,036",-64.6%,-58.8%,48,Jumanji: Welcome to the Jungle,"$2,097,421"
2018,Feb 3,Saturday,34,"$33,813,198",+67.7%,-24%,48,Jumanji: Welcome to the Jungle,"$5,959,033"
2018,Feb 2,Friday,33,"$20,168,149",+206.7%,-30.6%,46,Winchester,"$3,622,125"
2018,Feb 1,Thursday,32,"$6,575,969",-4.3%,-13.6%,50,Maze Runner: The Death Cure,"$1,034,966"
2018,Jan 31,Wednesday,31,"$6,870,721",-30.5%,-12.2%,51,Maze Runner: The Death Cure,"$1,090,374"
2018,Jan 30,Tuesday,30,"$9,885,632",+36.7%,-10.3%,49,Maze Runner: The Death Cure,"$1,904,916"
2018,Jan 29,Monday,29,"$7,232,905",-75%,-7.5%,51,Maze Runner: The Death Cure,"$1,362,932"
2018,Jan 28,Sunday,28,"$28,978,087",-34.9%,+15.3%,49,Maze Runner: The Death Cure,"$6,078,761"
2018,Jan 27,Saturday,27,"$44,509,189",+53.1%,-6.8%,50,Maze Runner: The Death Cure,"$9,640,001"
2018,Jan 26,Friday,26,"$29,073,174",+281.9%,-7%,48,Maze Runner: The Death Cure,"$8,448,249"
2018,Jan 25,Thursday,25,"$7,612,674",-2.8%,-18.1%,50,The Post,"$1,141,807"
2018,Jan 24,Wednesday,24,"$7,828,388",-29%,-8.2%,48,The Post,"$1,201,328"
2018,Jan 23,Tuesday,23,"$11,025,234",+40.9%,-7.8%,48,12 Strong,"$1,786,596"
2018,Jan 22,Monday,22,"$7,822,169",-68.9%,-73.7%,49,Den of Thieves,"$1,304,937"
2018,Jan 21,Sunday,21,"$25,141,996",-47.4%,-41.1%,52,Jumanji: Welcome to the Jungle,"$5,166,968"
2018,Jan 20,Saturday,20,"$47,764,511",+52.8%,-9.3%,50,Jumanji: Welcome to the Jungle,"$9,482,066"
2018,Jan 19,Friday,19,"$31,269,671",+236.5%,-7.9%,50,12 Strong,"$5,672,828"
2018,Jan 18,Thursday,18,"$9,293,917",+8.9%,-1.9%,45,The Post,"$1,709,486"
2018,Jan 17,Wednesday,17,"$8,531,276",-28.7%,-16.6%,45,Jumanji: Welcome to the Jungle,"$1,641,850"
2018,Jan 16,Tuesday,16,"$11,957,311",-59.7%,-17.9%,45,Jumanji: Welcome to the Jungle,"$2,417,425"
2018,Jan 15MLK Day,Monday,15,"$29,690,466",-30.4%,+173.4%,68,Jumanji: Welcome to the Jungle,"$7,074,723"
2018,Jan 14,Sunday,14,"$42,682,101",-19%,+13.2%,47,Jumanji: Welcome to the Jungle,"$10,049,567"
2018,Jan 13,Saturday,13,"$52,689,160",+55.2%,-12.2%,47,Jumanji: Welcome to the Jungle,"$11,959,718"
2018,Jan 12,Friday,12,"$33,953,952",+258.6%,-26.9%,46,Jumanji: Welcome to the Jungle,"$6,092,687"
2018,Jan 11,Thursday,11,"$9,469,668",-7.4%,-51.4%,45,Jumanji: Welcome to the Jungle,"$2,130,580"
2018,Jan 10,Wednesday,10,"$10,230,138",-29.7%,-54.9%,44,Jumanji: Welcome to the Jungle,"$2,186,086"
2018,Jan 9,Tuesday,9,"$14,561,460",+34.1%,-55.8%,44,Jumanji: Welcome to the Jungle,"$3,544,150"
2018,Jan 8,Monday,8,"$10,858,592",-71.2%,-79.4%,44,Jumanji: Welcome to the Jungle,"$2,668,774"
2018,Jan 7,Sunday,7,"$37,708,478",-37.2%,-16.3%,45,Jumanji: Welcome to the Jungle,"$10,663,927"
2018,Jan 6,Saturday,6,"$60,035,249",+29.3%,-9%,46,Jumanji: Welcome to the Jungle,"$15,821,094"
2018,Jan 5,Friday,5,"$46,427,974",+138.2%,-25.5%,45,Insidious: The Last Key,"$12,723,575"
2018,Jan 4,Thursday,4,"$19,487,086",-14.1%,-66.1%,42,Jumanji: Welcome to the Jungle,"$6,021,914"
2018,Jan 3,Wednesday,3,"$22,682,618",-31.1%,-62.3%,42,Jumanji: Welcome to the Jungle,"$6,918,854"
2018,Jan 2,Tuesday,2,"$32,940,033",-37.6%,-53.5%,42,Jumanji: Welcome to the Jungle,"$10,206,952"
2018,Jan 1New Year's Day,Monday,1,"$52,749,737",+17.1%,-28.1%,62,Jumanji: Welcome to the Jungle,"$16,222,389"
2019,Dec 31New Year's Eve,Tuesday,365,"$41,665,447",-3.6%,+13.1%,54,Star Wars: Episode IX - The Rise of Skywalker,"$13,217,698"
2019,Dec 30,Monday,364,"$43,219,231",-23.4%,-8.5%,53,Star Wars: Episode IX - The Rise of Skywalker,"$15,302,130"
2019,Dec 29,Sunday,363,"$56,411,598",-13.5%,-10.1%,54,Star Wars: Episode IX - The Rise of Skywalker,"$21,244,082"
2019,Dec 28,Saturday,362,"$65,192,161",<0.1%,-9.5%,54,Star Wars: Episode IX - The Rise of Skywalker,"$25,075,535"
2019,Dec 27,Friday,361,"$65,191,259",-4.8%,-39.9%,54,Star Wars: Episode IX - The Rise of Skywalker,"$26,069,973"
2019,Dec 26,Thursday,360,"$68,467,070",-9%,+770.8%,54,Star Wars: Episode IX - The Rise of Skywalker,"$30,586,950"
2019,Dec 25Christmas Day,Wednesday,359,"$75,198,949",+6.1%,+10.4%,54,Star Wars: Episode IX - The Rise of Skywalker,"$32,165,681"
2019,Dec 24,Tuesday,358,"$36,838,699",-22%,+157.1%,48,Star Wars: Episode IX - The Rise of Skywalker,"$20,270,474"
2019,Dec 23,Monday,357,"$47,229,945",-24.7%,+455.1%,52,Star Wars: Episode IX - The Rise of Skywalker,"$29,389,847"
2019,Dec 22,Sunday,356,"$62,731,517",-12.9%,+107.2%,51,Star Wars: Episode IX - The Rise of Skywalker,"$40,301,011"
2019,Dec 21,Saturday,355,"$72,035,124",-33.6%,+56.4%,51,Star Wars: Episode IX - The Rise of Skywalker,"$47,467,565"
2019,Dec 20,Friday,354,"$108,450,464","+1,279.3%",+218.1%,51,Star Wars: Episode IX - The Rise of Skywalker,"$89,615,288"
2019,Dec 19,Thursday,353,"$7,862,973",-11.3%,+39.3%,54,Jumanji: The Next Level,"$3,215,901"
2019,Dec 18,Wednesday,352,"$8,860,729",-38.2%,+35.6%,54,Jumanji: The Next Level,"$3,456,336"
2019,Dec 17,Tuesday,351,"$14,327,480",+68.4%,+35.1%,53,Jumanji: The Next Level,"$6,301,757"
2019,Dec 16,Monday,350,"$8,508,581",-71.9%,+39%,54,Jumanji: The Next Level,"$3,585,828"
2019,Dec 15,Sunday,349,"$30,280,587",-34.3%,+27.3%,59,Jumanji: The Next Level,"$15,917,973"
2019,Dec 14,Saturday,348,"$46,058,861",+35.1%,+30%,57,Jumanji: The Next Level,"$23,610,586"
2019,Dec 13,Friday,347,"$34,092,053",+504%,+63.8%,56,Jumanji: The Next Level,"$19,722,984"
2019,Dec 12,Thursday,346,"$5,643,980",-13.6%,-29.3%,53,Frozen II,"$1,758,492"
2019,Dec 11,Wednesday,345,"$6,533,255",-38.4%,-21.7%,56,Frozen II,"$2,034,899"
2019,Dec 10,Tuesday,344,"$10,602,743",+73.3%,-24%,55,Frozen II,"$3,585,256"
2019,Dec 9,Monday,343,"$6,119,141",-74.3%,-32.6%,56,Frozen II,"$1,890,910"
2019,Dec 8,Sunday,342,"$23,778,027",-32.9%,-35.9%,56,Frozen II,"$11,298,128"
2019,Dec 7,Saturday,341,"$35,416,686",+70.1%,-44.3%,54,Frozen II,"$16,050,532"
2019,Dec 6,Friday,340,"$20,815,381",+160.6%,-68.7%,52,Frozen II,"$7,816,954"
2019,Dec 5,Thursday,339,"$7,986,180",-4.3%,-75.8%,52,Frozen II,"$2,730,406"
2019,Dec 4,Wednesday,338,"$8,346,926",-40.2%,-80.8%,54,Frozen II,"$2,824,699"
2019,Dec 3,Tuesday,337,"$13,957,681",+53.7%,-55.4%,53,Frozen II,"$5,336,770"
2019,Dec 2,Monday,336,"$9,080,802",-75.5%,-53.6%,53,Frozen II,"$3,187,895"
2019,Dec 1,Sunday,335,"$37,085,196",-41.7%,-32%,52,Frozen II,"$19,482,892"
2019,Nov 30,Saturday,334,"$63,577,988",-4.5%,-15%,51,Frozen II,"$32,363,967"
2019,Nov 29,Friday,333,"$66,606,168",+101.9%,+9.7%,51,Frozen II,"$34,130,914"
2019,Nov 28Thanksgiving,Thursday,332,"$32,997,845",-24.2%,+467.7%,52,Frozen II,"$14,960,468"
2019,Nov 27,Wednesday,331,"$43,551,766",+39.3%,+523.7%,52,Frozen II,"$24,080,546"
2019,Nov 26,Tuesday,330,"$31,266,098",+59.8%,+179.6%,52,Frozen II,"$20,791,974"
2019,Nov 25,Monday,329,"$19,568,580",-64.1%,+191.5%,55,Frozen II,"$12,771,012"
2019,Nov 24,Sunday,328,"$54,569,715",-27.1%,+129.9%,57,Frozen II,"$38,017,065"
2019,Nov 23,Saturday,327,"$74,835,863",+23.2%,+96.3%,56,Frozen II,"$50,041,031"
2019,Nov 22,Friday,326,"$60,740,243",+944.9%,+118.8%,55,Frozen II,"$42,205,262"
2019,Nov 21,Thursday,325,"$5,812,815",-16.8%,-7.9%,55,Ford v Ferrari,"$2,023,953"
2019,Nov 20,Wednesday,324,"$6,982,607",-37.6%,+5.3%,57,Ford v Ferrari,"$2,409,124"
2019,Nov 19,Tuesday,323,"$11,181,619",+66.6%,-0.4%,57,Ford v Ferrari,"$3,721,314"
2019,Nov 18,Monday,322,"$6,713,649",-71.7%,-57.8%,57,Ford v Ferrari,"$2,360,221"
2019,Nov 17,Sunday,321,"$23,739,106",-37.7%,-19.7%,60,Ford v Ferrari,"$8,053,816"
2019,Nov 16,Saturday,320,"$38,123,029",+37.3%,-5.6%,58,Ford v Ferrari,"$12,409,617"
2019,Nov 15,Friday,319,"$27,764,908",+339.9%,-9.7%,58,Ford v Ferrari,"$11,011,525"
2019,Nov 14,Thursday,318,"$6,311,446",-4.8%,+0.6%,56,Midway,"$1,329,821"
2019,Nov 13,Wednesday,317,"$6,631,735",-40.9%,-3.7%,56,Midway,"$1,486,389"
2019,Nov 12,Tuesday,316,"$11,228,501",-29.4%,-14.8%,60,Midway,"$2,427,046"
2019,Nov 11,Monday,315,"$15,901,040",-46.2%,+106.1%,59,Midway,"$3,250,098"
2019,Nov 10,Sunday,314,"$29,556,564",-26.8%,+7.5%,55,Midway,"$5,029,032"
2019,Nov 9,Saturday,313,"$40,390,774",+31.3%,-3.8%,53,Midway,"$6,523,018"
2019,Nov 8,Friday,312,"$30,757,803",+390.2%,+2.8%,56,Midway,"$6,345,369"
2019,Nov 7,Thursday,311,"$6,273,986",-8.9%,-24.6%,54,Terminator: Dark Fate,"$1,433,670"
2019,Nov 6,Wednesday,310,"$6,889,273",-47.7%,+0.5%,57,Terminator: Dark Fate,"$1,696,985"
2019,Nov 5,Tuesday,309,"$13,173,253",+70.7%,+18.6%,56,Terminator: Dark Fate,"$3,429,579"
2019,Nov 4,Monday,308,"$7,716,943",-71.9%,-9.6%,55,Terminator: Dark Fate,"$2,063,064"
2019,Nov 3,Sunday,307,"$27,483,885",-34.5%,+1.1%,55,Terminator: Dark Fate,"$7,512,332"
2019,Nov 2,Saturday,306,"$41,965,566",+40.2%,+9.9%,57,Terminator: Dark Fate,"$10,970,370"
2019,Nov 1,Friday,305,"$29,928,048",+259.6%,+11.8%,54,Terminator: Dark Fate,"$10,551,130"
2019,Oct 31Halloween,Thursday,304,"$8,323,323",+21.5%,-6.5%,54,Joker,"$1,886,940"
2019,Oct 30,Wednesday,303,"$6,852,150",-38.3%,-21%,57,Joker,"$1,631,209"
2019,Oct 29,Tuesday,302,"$11,111,558",+30.2%,-27.4%,57,Joker,"$2,468,414"
2019,Oct 28,Monday,301,"$8,533,752",-68.6%,-14.3%,60,Joker,"$1,768,872"
2019,Oct 27,Sunday,300,"$27,178,626",-28.8%,-24%,64,Maleficent: Mistress of Evil,"$6,184,545"
2019,Oct 26,Saturday,299,"$38,191,089",+42.6%,-27.5%,59,Maleficent: Mistress of Evil,"$8,270,749"
2019,Oct 25,Friday,298,"$26,776,569",+200.8%,-35.4%,60,Joker,"$5,500,308"
2019,Oct 24,Thursday,297,"$8,900,850",+2.7%,-3.2%,63,Joker,"$2,413,101"
2019,Oct 23,Wednesday,296,"$8,669,482",-43.3%,-16.9%,62,Joker,"$2,450,143"
2019,Oct 22,Tuesday,295,"$15,298,320",+53.7%,-4.7%,63,Maleficent: Mistress of Evil,"$3,983,871"
2019,Oct 21,Monday,294,"$9,955,759",-72.2%,-50%,60,Joker,"$2,742,836"
2019,Oct 20,Sunday,293,"$35,771,954",-32.1%,-7%,61,Maleficent: Mistress of Evil,"$10,183,290"
2019,Oct 19,Saturday,292,"$52,663,412",+27.1%,+0.4%,62,Maleficent: Mistress of Evil,"$14,213,517"
2019,Oct 18,Friday,291,"$41,424,039",+350.3%,-1.4%,62,Maleficent: Mistress of Evil,"$12,551,906"
2019,Oct 17,Thursday,290,"$9,199,641",-11.8%,-23.9%,53,Joker,"$4,203,631"
2019,Oct 16,Wednesday,289,"$10,427,444",-35.1%,-29.1%,54,Joker,"$4,910,895"
2019,Oct 15,Tuesday,288,"$16,059,741",-19.4%,-22.2%,56,Joker,"$6,973,525"
2019,Oct 14Indig. Peoples' Day,Monday,287,"$19,926,553",-48.2%,+43.8%,56,Joker,"$8,345,763"
2019,Oct 13,Sunday,286,"$38,469,877",-26.6%,+2%,55,Joker,"$16,817,239"
2019,Oct 12,Saturday,285,"$52,436,937",+24.9%,-0.8%,54,Joker,"$22,137,778"
2019,Oct 11,Friday,284,"$41,999,399",+247.5%,-19.5%,52,Joker,"$16,906,386"
2019,Oct 10,Thursday,283,"$12,087,094",-17.8%,+116.3%,53,Joker,"$8,304,063"
2019,Oct 9,Wednesday,282,"$14,700,112",-28.8%,+96.1%,52,Joker,"$9,611,712"
2019,Oct 8,Tuesday,281,"$20,641,366",+48.9%,+92.2%,51,Joker,"$13,908,626"
2019,Oct 7,Monday,280,"$13,860,697",-63.3%,+81%,50,Joker,"$9,702,049"
2019,Oct 6,Sunday,279,"$37,717,482",-28.7%,+65.3%,56,Joker,"$24,374,841"
2019,Oct 5,Saturday,278,"$52,865,777",+1.3%,+43.7%,56,Joker,"$32,476,803"
2019,Oct 4,Friday,277,"$52,170,134",+833.7%,+115.3%,55,Joker,"$39,350,693"
2019,Oct 3,Thursday,276,"$5,587,741",-25.5%,-31.3%,56,Downton Abbey,"$1,568,515"
2019,Oct 2,Wednesday,275,"$7,495,381",-30.2%,-13.7%,58,Downton Abbey,"$1,730,210"
2019,Oct 1,Tuesday,274,"$10,738,972",+40.2%,-22.2%,57,Downton Abbey,"$2,310,230"
2019,Sep 30,Monday,273,"$7,658,431",-66.4%,-26.3%,56,Downton Abbey,"$1,668,095"
2019,Sep 29,Sunday,272,"$22,818,240",-38%,-20.5%,58,Abominable,"$5,961,755"
2019,Sep 28,Saturday,271,"$36,793,199",+51.8%,-15.5%,57,Abominable,"$8,995,905"
2019,Sep 27,Friday,270,"$24,234,037",+197.9%,-41.2%,54,Abominable,"$5,654,440"
2019,Sep 26,Thursday,269,"$8,136,114",-6.4%,+34.5%,59,Downton Abbey,"$2,641,420"
2019,Sep 25,Wednesday,268,"$8,688,411",-37%,+25.2%,62,Downton Abbey,"$2,901,490"
2019,Sep 24,Tuesday,267,"$13,799,906",+32.8%,+21.2%,62,Downton Abbey,"$4,145,420"
2019,Sep 23,Monday,266,"$10,395,122",-63.8%,+27.5%,62,Downton Abbey,"$3,287,855"
2019,Sep 22,Sunday,265,"$28,690,303",-34.1%,+19.3%,65,Downton Abbey,"$7,639,965"
2019,Sep 21,Saturday,264,"$43,535,907",+5.7%,+7.3%,64,Downton Abbey,"$9,564,725"
2019,Sep 20,Friday,263,"$41,188,444",+580.6%,+26.4%,65,Downton Abbey,"$13,828,975"
2019,Sep 19,Thursday,262,"$6,051,388",-12.8%,-7.5%,59,Hustlers,"$2,346,300"
2019,Sep 18,Wednesday,261,"$6,936,968",-39.1%,-7.6%,60,Hustlers,"$2,635,483"
2019,Sep 17,Tuesday,260,"$11,384,163",+39.6%,-8.6%,61,Hustlers,"$4,633,021"
2019,Sep 16,Monday,259,"$8,155,037",-66.1%,+1.5%,60,Hustlers,"$2,749,048"
2019,Sep 15,Sunday,258,"$24,056,556",-40.7%,-18.7%,59,It: Chapter Two,"$9,448,683"
2019,Sep 14,Saturday,257,"$40,561,993",+24.5%,-16.2%,57,It: Chapter Two,"$17,300,571"
2019,Sep 13,Friday,256,"$32,586,848",+398.2%,-28.9%,58,Hustlers,"$13,099,693"
2019,Sep 12,Thursday,255,"$6,541,316",-12.9%,+88.8%,54,It: Chapter Two,"$4,000,302"
2019,Sep 11,Wednesday,254,"$7,507,747",-39.7%,+74%,54,It: Chapter Two,"$4,521,469"
2019,Sep 10,Tuesday,253,"$12,456,628",+55%,+77.9%,57,It: Chapter Two,"$8,006,196"
2019,Sep 9,Monday,252,"$8,036,232",-72.8%,-60.7%,56,It: Chapter Two,"$5,478,405"
2019,Sep 8,Sunday,251,"$29,572,976",-38.9%,+19.3%,56,It: Chapter Two,"$20,391,269"
2019,Sep 7,Saturday,250,"$48,386,580",+5.6%,+102.8%,57,It: Chapter Two,"$33,627,227"
2019,Sep 6,Friday,249,"$45,819,096","+1,222.5%",+197.1%,57,It: Chapter Two,"$37,043,656"
2019,Sep 5,Thursday,248,"$3,464,521",-19.7%,-53.6%,53,Angel Has Fallen,"$682,666"
2019,Sep 4,Wednesday,247,"$4,314,204",-38.4%,-44.9%,56,Angel Has Fallen,"$844,855"
2019,Sep 3,Tuesday,246,"$7,000,338",-65.8%,-46.8%,55,Angel Has Fallen,"$1,443,720"
2019,Sep 2Labor Day,Monday,245,"$20,450,930",-17.5%,+150.3%,57,Angel Has Fallen,"$3,575,630"
2019,Sep 1,Sunday,244,"$24,787,874",+3.9%,-1.3%,59,Angel Has Fallen,"$4,559,659"
2019,Aug 31,Saturday,243,"$23,864,410",+54.8%,-32.4%,58,Angel Has Fallen,"$4,349,033"
2019,Aug 30,Friday,242,"$15,420,754",+106.5%,-43.9%,57,Angel Has Fallen,"$2,890,717"
2019,Aug 29,Thursday,241,"$7,467,977",-4.7%,-17.9%,59,Angel Has Fallen,"$1,347,287"
2019,Aug 28,Wednesday,240,"$7,832,897",-40.5%,-32.1%,60,Angel Has Fallen,"$1,568,899"
2019,Aug 27,Tuesday,239,"$13,158,948",+61.1%,-15.6%,59,Angel Has Fallen,"$2,995,970"
2019,Aug 26,Monday,238,"$8,169,076",-67.5%,-21.7%,62,Angel Has Fallen,"$1,821,078"
2019,Aug 25,Sunday,237,"$25,119,532",-28.8%,-15.5%,63,Angel Has Fallen,"$5,633,675"
2019,Aug 24,Saturday,236,"$35,293,890",+28.4%,-13.3%,62,Angel Has Fallen,"$7,788,659"
2019,Aug 23,Friday,235,"$27,485,690",+202.3%,-12.5%,61,Angel Has Fallen,"$7,958,653"
2019,Aug 22,Thursday,234,"$9,092,749",-21.2%,-23.1%,51,Good Boys,"$1,703,105"
2019,Aug 21,Wednesday,233,"$11,542,194",-26%,-17.2%,52,Good Boys,"$1,935,025"
2019,Aug 20,Tuesday,232,"$15,588,539",+49.4%,-35.6%,54,Good Boys,"$3,030,740"
2019,Aug 19,Monday,231,"$10,432,200",-64.9%,-26.5%,53,Good Boys,"$2,236,030"
2019,Aug 18,Sunday,230,"$29,728,957",-27%,-15.4%,56,Good Boys,"$5,757,845"
2019,Aug 17,Saturday,229,"$40,704,669",+29.5%,-12.8%,57,Good Boys,"$7,329,780"
2019,Aug 16,Friday,228,"$31,424,008",+165.6%,-20.6%,56,Good Boys,"$8,314,980"
2019,Aug 15,Thursday,227,"$11,830,013",-15.2%,-14.2%,56,Fast & Furious Presents: Hobbs & Shaw,"$2,015,545"
2019,Aug 14,Wednesday,226,"$13,942,664",-42.4%,-12.1%,55,Fast & Furious Presents: Hobbs & Shaw,"$2,315,680"
2019,Aug 13,Tuesday,225,"$24,203,103",+70.6%,-4.4%,56,Fast & Furious Presents: Hobbs & Shaw,"$4,181,885"
2019,Aug 12,Monday,224,"$14,187,971",-59.6%,-17.7%,54,Fast & Furious Presents: Hobbs & Shaw,"$2,708,915"
2019,Aug 11,Sunday,223,"$35,140,187",-24.7%,-15.7%,58,Fast & Furious Presents: Hobbs & Shaw,"$7,739,550"
2019,Aug 10,Saturday,222,"$46,654,263",+17.9%,-14.1%,56,Fast & Furious Presents: Hobbs & Shaw,"$10,456,315"
2019,Aug 9,Friday,221,"$39,577,161",+187.1%,-17.4%,55,Scary Stories to Tell in the Dark,"$8,781,643"
2019,Aug 8,Thursday,220,"$13,785,009",-13.1%,-12.9%,53,The Lion King,"$4,185,359"
2019,Aug 7,Wednesday,219,"$15,855,534",-37.3%,-14.3%,51,The Lion King,"$4,910,061"
2019,Aug 6,Tuesday,218,"$25,305,046",+46.8%,-13.7%,51,Fast & Furious Presents: Hobbs & Shaw,"$8,514,380"
2019,Aug 5,Monday,217,"$17,236,644",-58.6%,-10.8%,50,Fast & Furious Presents: Hobbs & Shaw,"$5,871,570"
2019,Aug 4,Sunday,216,"$41,679,822",-23.2%,-11.4%,52,Fast & Furious Presents: Hobbs & Shaw,"$15,880,625"
2019,Aug 3,Saturday,215,"$54,293,364",+13.3%,-7%,51,Fast & Furious Presents: Hobbs & Shaw,"$20,552,805"
2019,Aug 2,Friday,214,"$47,920,126",+202.6%,-4.6%,52,Fast & Furious Presents: Hobbs & Shaw,"$23,605,520"
2019,Aug 1,Thursday,213,"$15,834,506",-14.4%,-29.4%,45,The Lion King,"$7,560,936"
2019,Jul 31,Wednesday,212,"$18,500,578",-36.9%,-26.5%,48,The Lion King,"$8,809,285"
2019,Jul 30,Tuesday,211,"$29,311,742",+51.6%,-32.6%,47,The Lion King,"$15,218,959"
2019,Jul 29,Monday,210,"$19,331,379",-58.9%,-34.4%,49,The Lion King,"$9,180,811"
2019,Jul 28,Sunday,209,"$47,030,908",-19.4%,-34.7%,50,The Lion King,"$24,321,631"
2019,Jul 27,Saturday,208,"$58,380,588",+16.3%,-31.9%,48,The Lion King,"$29,867,757"
2019,Jul 26,Friday,207,"$50,211,408",+123.8%,-47.6%,48,The Lion King,"$22,432,165"
2019,Jul 25,Thursday,206,"$22,440,847",-10.8%,+76.6%,50,The Lion King,"$15,000,934"
2019,Jul 24,Wednesday,205,"$25,169,227",-42.1%,+61.1%,51,The Lion King,"$17,037,057"
2019,Jul 23,Tuesday,204,"$43,501,186",+47.6%,+84.6%,49,The Lion King,"$30,392,565"
2019,Jul 22,Monday,203,"$29,473,548",-59.1%,+103.8%,49,The Lion King,"$21,050,219"
2019,Jul 21,Sunday,202,"$72,016,139",-16%,+110.4%,53,The Lion King,"$52,832,619"
2019,Jul 20,Saturday,201,"$85,766,043",-10.5%,+92.5%,54,The Lion King,"$61,007,382"
2019,Jul 19,Friday,200,"$95,837,058",+654.4%,+170.1%,53,The Lion King,"$77,930,758"
2019,Jul 18,Thursday,199,"$12,703,690",-18.7%,-35.4%,56,Spider-Man: Far from Home,"$4,318,365"
2019,Jul 17,Wednesday,198,"$15,623,748",-33.7%,-21.9%,57,Spider-Man: Far from Home,"$5,408,839"
2019,Jul 16,Tuesday,197,"$23,559,110",+62.9%,-23.8%,57,Spider-Man: Far from Home,"$8,822,096"
2019,Jul 15,Monday,196,"$14,464,894",-57.7%,-31.9%,57,Spider-Man: Far from Home,"$5,527,448"
2019,Jul 14,Sunday,195,"$34,226,276",-23.2%,-27.9%,60,Spider-Man: Far from Home,"$13,905,390"
2019,Jul 13,Saturday,194,"$44,559,486",+25.6%,-32.3%,57,Spider-Man: Far from Home,"$18,110,228"
2019,Jul 12,Friday,193,"$35,475,721",+80.4%,-41.8%,57,Spider-Man: Far from Home,"$13,337,741"
2019,Jul 11,Thursday,192,"$19,663,316",-1.7%,-55.6%,47,Spider-Man: Far from Home,"$8,928,353"
2019,Jul 10,Wednesday,191,"$20,000,403",-35.3%,-57.2%,44,Spider-Man: Far from Home,"$9,225,531"
2019,Jul 9,Tuesday,190,"$30,897,294",+45.5%,-48.5%,44,Spider-Man: Far from Home,"$15,135,394"
2019,Jul 8,Monday,189,"$21,229,116",-55.3%,+13.6%,47,Spider-Man: Far from Home,"$10,876,965"
2019,Jul 7,Sunday,188,"$47,498,221",-27.8%,+9%,51,Spider-Man: Far from Home,"$25,675,559"
2019,Jul 6,Saturday,187,"$65,786,028",+8%,+23.1%,51,Spider-Man: Far from Home,"$34,222,790"
2019,Jul 5,Friday,186,"$60,925,419",+37.7%,+45.8%,51,Spider-Man: Far from Home,"$32,680,863"
2019,Jul 4Independence Day,Thursday,185,"$44,249,306",-5.4%,+99.5%,54,Spider-Man: Far from Home,"$25,720,128"
2019,Jul 3,Wednesday,184,"$46,767,912",-22.1%,+77.9%,52,Spider-Man: Far from Home,"$27,508,094"
2019,Jul 2,Tuesday,183,"$60,024,135",+221.2%,+81.8%,54,Spider-Man: Far from Home,"$39,255,628"
2019,Jul 1,Monday,182,"$18,689,812",-57.1%,-17.8%,52,Toy Story 4,"$7,960,780"
2019,Jun 30,Sunday,181,"$43,582,581",-18.5%,-18.9%,55,Toy Story 4,"$19,567,240"
2019,Jun 29,Saturday,180,"$53,451,424",+27.9%,-19.1%,56,Toy Story 4,"$23,043,114"
2019,Jun 28,Friday,179,"$41,791,073",+88.4%,-40.6%,55,Toy Story 4,"$17,089,977"
2019,Jun 27,Thursday,178,"$22,177,539",-15.6%,+79.7%,50,Toy Story 4,"$11,407,113"
2019,Jun 26,Wednesday,177,"$26,283,471",-20.4%,+85.3%,51,Toy Story 4,"$11,950,952"
2019,Jun 25,Tuesday,176,"$33,013,551",+45.2%,+48.1%,52,Toy Story 4,"$20,570,969"
2019,Jun 24,Monday,175,"$22,736,218",-57.7%,+63.8%,51,Toy Story 4,"$14,152,710"
2019,Jun 23,Sunday,174,"$53,715,735",-18.7%,+24.9%,52,Toy Story 4,"$33,976,333"
2019,Jun 22,Saturday,173,"$66,038,234",-6.2%,+48%,52,Toy Story 4,"$39,524,776"
2019,Jun 21,Friday,172,"$70,406,203",+470.5%,+93.6%,51,Toy Story 4,"$47,406,956"
2019,Jun 20,Thursday,171,"$12,340,565",-13%,-14.5%,49,The Secret Life of Pets 2,"$3,035,540"
2019,Jun 19,Wednesday,170,"$14,180,615",-36.4%,-12.2%,50,The Secret Life of Pets 2,"$3,382,095"
2019,Jun 18,Tuesday,169,"$22,297,228",+60.6%,-10.4%,49,The Secret Life of Pets 2,"$5,272,330"
2019,Jun 17,Monday,168,"$13,883,046",-67.7%,-16.8%,49,The Secret Life of Pets 2,"$2,951,020"
2019,Jun 16,Sunday,167,"$42,998,819",-3.6%,-7.1%,50,Men in Black: International,"$10,005,895"
2019,Jun 15,Saturday,166,"$44,606,757",+22.7%,-25.6%,49,Men in Black: International,"$9,525,079"
2019,Jun 14,Friday,165,"$36,368,642",+151.9%,-30.2%,49,Men in Black: International,"$10,504,864"
2019,Jun 13,Thursday,164,"$14,439,375",-10.6%,-0.3%,54,The Secret Life of Pets 2,"$4,448,735"
2019,Jun 12,Wednesday,163,"$16,144,551",-35.2%,-0.6%,55,The Secret Life of Pets 2,"$4,458,830"
2019,Jun 11,Tuesday,162,"$24,897,611",+49.2%,-1.2%,54,The Secret Life of Pets 2,"$7,158,305"
2019,Jun 10,Monday,161,"$16,691,424",-63.9%,+1.2%,54,The Secret Life of Pets 2,"$4,600,840"
2019,Jun 9,Sunday,160,"$46,293,877",-22.8%,-3.4%,55,The Secret Life of Pets 2,"$13,282,010"
2019,Jun 8,Saturday,159,"$59,952,393",+15%,-4.8%,55,The Secret Life of Pets 2,"$17,030,935"
2019,Jun 7,Friday,158,"$52,112,115",+259.7%,-8.2%,55,The Secret Life of Pets 2,"$16,339,735"
2019,Jun 6,Thursday,157,"$14,487,434",-10.8%,+17.9%,50,Aladdin,"$4,749,265"
2019,Jun 5,Wednesday,156,"$16,234,086",-35.6%,+10.8%,49,Aladdin,"$5,101,598"
2019,Jun 4,Tuesday,155,"$25,193,976",+52.8%,+10.7%,50,Aladdin,"$7,797,927"
2019,Jun 3,Monday,154,"$16,487,246",-65.6%,-65.1%,51,Aladdin,"$4,699,418"
2019,Jun 2,Sunday,153,"$47,941,123",-23.8%,-19.1%,56,Aladdin,"$13,730,016"
2019,Jun 1,Saturday,152,"$62,942,485",+10.9%,+5.8%,55,Aladdin,"$17,254,688"
2019,May 31,Friday,151,"$56,752,712",+362%,+4.4%,55,Godzilla: King of the Monsters,"$19,476,894"
2019,May 30,Thursday,150,"$12,283,803",-16.2%,+29.2%,51,Aladdin,"$6,420,525"
2019,May 29,Wednesday,149,"$14,658,294",-35.6%,+40.2%,50,Aladdin,"$7,455,705"
2019,May 28,Tuesday,148,"$22,750,090",-51.9%,+39.2%,50,Aladdin,"$12,014,982"
2019,May 27Memorial Day,Monday,147,"$47,274,838",-20.3%,+227.1%,52,Aladdin,"$25,305,033"
2019,May 26,Sunday,146,"$59,290,524",-0.3%,+47.4%,49,Aladdin,"$30,128,699"
2019,May 25,Saturday,145,"$59,482,284",+9.5%,+8.5%,49,Aladdin,"$30,013,295"
2019,May 24,Friday,144,"$54,336,217",+471.6%,+21.1%,50,Aladdin,"$31,358,935"
2019,May 23,Thursday,143,"$9,506,456",-9.1%,+4.1%,53,John Wick: Chapter 3 - Parabellum,"$3,461,362"
2019,May 22,Wednesday,142,"$10,453,056",-36%,+3.2%,53,John Wick: Chapter 3 - Parabellum,"$4,141,103"
2019,May 21,Tuesday,141,"$16,345,241",+13.1%,-0.7%,54,John Wick: Chapter 3 - Parabellum,"$6,495,961"
2019,May 20,Monday,140,"$14,450,842",-64.1%,+20.2%,53,John Wick: Chapter 3 - Parabellum,"$5,722,448"
2019,May 19,Sunday,139,"$40,230,330",-26.6%,-16.8%,54,John Wick: Chapter 3 - Parabellum,"$14,568,438"
2019,May 18,Saturday,138,"$54,813,657",+22.2%,-13.7%,52,John Wick: Chapter 3 - Parabellum,"$19,613,248"
2019,May 17,Friday,137,"$44,857,037",+391.2%,-7.4%,54,John Wick: Chapter 3 - Parabellum,"$22,636,381"
2019,May 16,Thursday,136,"$9,131,851",-9.9%,-14%,54,Avengers: Endgame,"$3,416,496"
2019,May 15,Wednesday,135,"$10,133,783",-38.5%,-13.8%,52,Avengers: Endgame,"$3,788,021"
2019,May 14,Tuesday,134,"$16,466,714",+37%,-9.8%,55,Avengers: Endgame,"$5,742,618"
2019,May 13,Monday,133,"$12,017,630",-75.1%,-14.2%,54,Avengers: Endgame,"$4,702,092"
2019,May 12,Sunday,132,"$48,353,838",-23.9%,-15.9%,59,Avengers: Endgame,"$19,567,066"
2019,May 11,Saturday,131,"$63,550,881",+31.2%,-21.3%,59,Avengers: Endgame,"$27,542,359"
2019,May 10,Friday,130,"$48,449,057",+356.5%,-13%,56,Pokémon: Detective Pikachu,"$20,575,704"
2019,May 9,Thursday,129,"$10,614,193",-9.8%,-56.1%,53,Avengers: Endgame,"$7,510,154"
2019,May 8,Wednesday,128,"$11,761,262",-35.6%,-58.6%,59,Avengers: Endgame,"$8,429,166"
2019,May 7,Tuesday,127,"$18,262,374",+30.5%,-52.2%,57,Avengers: Endgame,"$12,518,963"
2019,May 6,Monday,126,"$13,999,459",-75.6%,-65.4%,57,Avengers: Endgame,"$10,709,607"
2019,May 5,Sunday,125,"$57,468,064",-28.9%,-43.5%,58,Avengers: Endgame,"$45,119,388"
2019,May 4,Saturday,124,"$80,779,290",+45.1%,-35.8%,61,Avengers: Endgame,"$61,527,049"
2019,May 3,Friday,123,"$55,662,864",+130.2%,-67.1%,56,Avengers: Endgame,"$40,736,774"
2019,May 2,Thursday,122,"$24,182,684",-14.9%,+342%,59,Avengers: Endgame,"$21,542,852"
2019,May 1,Wednesday,121,"$28,428,623",-25.6%,+290.2%,59,Avengers: Endgame,"$25,251,991"
2019,Apr 30,Tuesday,120,"$38,228,010",-5.6%,+224.8%,58,Avengers: Endgame,"$33,110,349"
2019,Apr 29,Monday,119,"$40,482,256",-60.2%,+272.8%,59,Avengers: Endgame,"$36,874,439"
2019,Apr 28,Sunday,118,"$101,755,816",-19.1%,+360.3%,61,Avengers: Endgame,"$90,389,244"
2019,Apr 27,Saturday,117,"$125,799,120",-25.6%,+250.6%,61,Avengers: Endgame,"$109,264,122"
2019,Apr 26,Friday,116,"$169,024,740","+2,989.5%",+353.3%,62,Avengers: Endgame,"$157,461,641"
2019,Apr 25,Thursday,115,"$5,470,899",-24.9%,-52.3%,63,Captain Marvel,"$1,267,909"
2019,Apr 24,Wednesday,114,"$7,286,538",-38.1%,-25.5%,66,The Curse of La Llorona,"$1,452,658"
2019,Apr 23,Tuesday,113,"$11,769,804",+8.4%,-11.9%,66,The Curse of La Llorona,"$2,724,802"
2019,Apr 22,Monday,112,"$10,860,093",-50.9%,+25.4%,68,The Curse of La Llorona,"$2,258,033"
2019,Apr 21Easter Sunday,Sunday,111,"$22,107,077",-38.4%,-17.6%,70,The Curse of La Llorona,"$5,637,706"
2019,Apr 20,Saturday,110,"$35,883,746",-3.8%,-15.1%,71,The Curse of La Llorona,"$8,790,664"
2019,Apr 19,Friday,109,"$37,288,620",+225.2%,+19%,70,The Curse of La Llorona,"$11,919,261"
2019,Apr 18,Thursday,108,"$11,466,545",+17.2%,+55.6%,67,Shazam!,"$2,526,405"
2019,Apr 17,Wednesday,107,"$9,786,012",-26.8%,+19.5%,67,Shazam!,"$1,919,686"
2019,Apr 16,Tuesday,106,"$13,360,291",+54.3%,-5.3%,62,Shazam!,"$3,202,526"
2019,Apr 15,Monday,105,"$8,658,998",-67.7%,+0.2%,60,Shazam!,"$2,098,212"
2019,Apr 14,Sunday,104,"$26,826,395",-36.5%,-25.5%,62,Shazam!,"$7,104,956"
2019,Apr 13,Saturday,103,"$42,270,604",+34.9%,-21.6%,62,Shazam!,"$11,001,190"
2019,Apr 12,Friday,102,"$31,345,105",+325.2%,-34.7%,64,Shazam!,"$6,347,368"
2019,Apr 11,Thursday,101,"$7,371,083",-10%,-7.7%,64,Shazam!,"$2,372,873"
2019,Apr 10,Wednesday,100,"$8,190,874",-41.9%,-9.4%,66,Shazam!,"$2,607,476"
2019,Apr 9,Tuesday,99,"$14,107,492",+63.2%,-5.2%,65,Shazam!,"$4,911,092"
2019,Apr 8,Monday,98,"$8,644,232",-76%,-13%,65,Shazam!,"$3,051,246"
2019,Apr 7,Sunday,97,"$35,989,324",-33.2%,-0.9%,68,Shazam!,"$13,629,723"
2019,Apr 6,Saturday,96,"$53,912,988",+12.3%,+2.6%,67,Shazam!,"$19,524,162"
2019,Apr 5,Friday,95,"$48,015,154",+501.5%,+18.1%,67,Shazam!,"$20,351,441"
2019,Apr 4,Thursday,94,"$7,981,944",-11.7%,-18.4%,71,Dumbo,"$2,087,758"
2019,Apr 3,Wednesday,93,"$9,042,094",-39.2%,-19.5%,71,Dumbo,"$2,385,567"
2019,Apr 2,Tuesday,92,"$14,879,214",+49.8%,-14%,70,Dumbo,"$4,702,332"
2019,Apr 1,Monday,91,"$9,933,098",-72.6%,-17.3%,69,Dumbo,"$2,881,084"
2019,Mar 31,Sunday,90,"$36,298,098",-30.9%,-0.5%,71,Dumbo,"$13,224,329"
2019,Mar 30,Saturday,89,"$52,539,417",+29.3%,-5.3%,70,Dumbo,"$17,511,870"
2019,Mar 29,Friday,88,"$40,646,631",+315.4%,-14.1%,69,Dumbo,"$15,254,549"
2019,Mar 28,Thursday,87,"$9,785,895",-12.9%,+17.4%,67,Us,"$4,455,635"
2019,Mar 27,Wednesday,86,"$11,229,438",-35.1%,+24.8%,67,Us,"$5,119,495"
2019,Mar 26,Tuesday,85,"$17,294,351",+44%,+17.3%,69,Us,"$7,964,260"
2019,Mar 25,Monday,84,"$12,012,316",-67.1%,+24.9%,69,Us,"$5,957,425"
2019,Mar 24,Sunday,83,"$36,496,749",-34.2%,+4.8%,71,Us,"$16,815,420"
2019,Mar 23,Saturday,82,"$55,506,348",+17.3%,+4.6%,70,Us,"$25,378,665"
2019,Mar 22,Friday,81,"$47,316,111",+467.9%,+22.6%,69,Us,"$28,923,540"
2019,Mar 21,Thursday,80,"$8,332,449",-7.4%,-39.5%,70,Captain Marvel,"$4,226,298"
2019,Mar 20,Wednesday,79,"$8,995,950",-39%,-31.9%,70,Captain Marvel,"$4,567,773"
2019,Mar 19,Tuesday,78,"$14,742,300",+53.2%,-31.5%,73,Captain Marvel,"$7,603,865"
2019,Mar 18,Monday,77,"$9,621,329",-72.4%,-37.4%,69,Captain Marvel,"$5,195,836"
2019,Mar 17,Sunday,76,"$34,837,878",-34.3%,-33.2%,71,Captain Marvel,"$19,532,991"
2019,Mar 16,Saturday,75,"$53,046,789",+37.5%,-27.5%,72,Captain Marvel,"$29,418,618"
2019,Mar 15,Friday,74,"$38,586,514",+180.2%,-47%,70,Captain Marvel,"$19,036,521"
2019,Mar 14,Thursday,73,"$13,770,254",+4.2%,+181.4%,67,Captain Marvel,"$9,248,435"
2019,Mar 13,Wednesday,72,"$13,214,862",-38.6%,+127.4%,65,Captain Marvel,"$8,586,183"
2019,Mar 12,Tuesday,71,"$21,508,304",+40%,+118.8%,66,Captain Marvel,"$14,641,119"
2019,Mar 11,Monday,70,"$15,361,034",-70.5%,+136.6%,65,Captain Marvel,"$10,986,773"
2019,Mar 10,Sunday,69,"$52,155,992",-28.7%,+93.1%,66,Captain Marvel,"$38,845,836"
2019,Mar 9,Saturday,68,"$73,122,896",+0.4%,+72.3%,65,Captain Marvel,"$52,872,536"
2019,Mar 8,Friday,67,"$72,816,951","+1,388.2%",+186.3%,64,Captain Marvel,"$61,715,051"
2019,Mar 7,Thursday,66,"$4,893,029",-15.8%,-20.5%,62,How to Train Your Dragon: The Hidden World,"$1,373,410"
2019,Mar 6,Wednesday,65,"$5,812,439",-40.9%,+0.4%,61,How to Train Your Dragon: The Hidden World,"$1,488,855"
2019,Mar 5,Tuesday,64,"$9,832,362",+51.5%,-1.3%,61,How to Train Your Dragon: The Hidden World,"$2,631,920"
2019,Mar 4,Monday,63,"$6,492,011",-76%,+7.2%,61,How to Train Your Dragon: The Hidden World,"$1,793,125"
2019,Mar 3,Sunday,62,"$27,003,790",-36.4%,-10.5%,64,How to Train Your Dragon: The Hidden World,"$9,521,600"
2019,Mar 2,Saturday,61,"$42,441,523",+66.9%,-11%,60,How to Train Your Dragon: The Hidden World,"$14,075,780"
2019,Mar 1,Friday,60,"$25,434,405",+313.3%,-22.9%,61,A Madea Family Funeral,"$9,200,824"
2019,Feb 28,Thursday,59,"$6,153,793",+6.3%,-5.6%,56,How to Train Your Dragon: The Hidden World,"$2,048,005"
2019,Feb 27,Wednesday,58,"$5,788,112",-41.9%,-12.4%,54,How to Train Your Dragon: The Hidden World,"$2,038,040"
2019,Feb 26,Tuesday,57,"$9,964,130",+64.5%,-11.4%,54,How to Train Your Dragon: The Hidden World,"$3,709,180"
2019,Feb 25,Monday,56,"$6,057,148",-79.9%,-71.7%,54,How to Train Your Dragon: The Hidden World,"$2,332,805"
2019,Feb 24,Sunday,55,"$30,159,635",-36.8%,-10%,56,How to Train Your Dragon: The Hidden World,"$15,356,250"
2019,Feb 23,Saturday,54,"$47,706,821",+44.7%,+7.2%,55,How to Train Your Dragon: The Hidden World,"$22,289,305"
2019,Feb 22,Friday,53,"$32,968,787",+405.6%,+21.3%,55,How to Train Your Dragon: The Hidden World,"$17,376,690"
2019,Feb 21,Thursday,52,"$6,521,286",-1.3%,-75.2%,60,Alita: Battle Angel,"$1,601,135"
2019,Feb 20,Wednesday,51,"$6,608,651",-41.2%,-10.8%,62,Alita: Battle Angel,"$1,727,342"
2019,Feb 19,Tuesday,50,"$11,247,792",-47.5%,+41.1%,65,Alita: Battle Angel,"$3,102,259"
2019,Feb 18Presidents' Day,Monday,49,"$21,411,245",-36.1%,+282.5%,63,The Lego Movie 2: The Second Part,"$6,948,824"
2019,Feb 17,Sunday,48,"$33,515,190",-24.7%,+29.3%,63,Alita: Battle Angel,"$9,300,205"
2019,Feb 16,Saturday,47,"$44,509,925",+63.8%,+5.8%,61,Alita: Battle Angel,"$11,702,169"
2019,Feb 15,Friday,46,"$27,172,456",+3.5%,+0.4%,61,Alita: Battle Angel,"$7,523,239"
2019,Feb 14,Thursday,45,"$26,259,254",+254.5%,+592.9%,65,Alita: Battle Angel,"$8,716,232"
2019,Feb 13,Wednesday,44,"$7,406,948",-7.1%,+84.1%,63,Isn't It Romantic,"$1,825,164"
2019,Feb 12,Tuesday,43,"$7,971,721",+42.4%,+23.4%,59,The Lego Movie 2: The Second Part,"$2,007,731"
2019,Feb 11,Monday,42,"$5,597,858",-78.4%,+35.9%,60,The Lego Movie 2: The Second Part,"$1,454,134"
2019,Feb 10,Sunday,41,"$25,914,522",-38.4%,+158.8%,64,The Lego Movie 2: The Second Part,"$10,219,804"
2019,Feb 9,Saturday,40,"$42,061,813",+55.5%,+57.3%,61,The Lego Movie 2: The Second Part,"$15,434,411"
2019,Feb 8,Friday,39,"$27,051,182",+613.8%,+76.1%,60,The Lego Movie 2: The Second Part,"$8,461,120"
2019,Feb 7,Thursday,38,"$3,789,697",-5.8%,-31.8%,58,The Upside,"$639,439"
2019,Feb 6,Wednesday,37,"$4,023,437",-37.7%,-24.9%,55,Glass,"$737,590"
2019,Feb 5,Tuesday,36,"$6,462,124",+56.9%,-16.6%,57,Glass,"$1,192,775"
2019,Feb 4,Monday,35,"$4,118,659",-58.9%,-17.8%,54,Glass,"$828,240"
2019,Feb 3,Sunday,34,"$10,013,531",-62.5%,-52.7%,56,Glass,"$1,708,650"
2019,Feb 2,Saturday,33,"$26,732,767",+74%,-24.4%,55,Glass,"$5,083,445"
2019,Feb 1,Friday,32,"$15,360,084",+176.6%,-18.8%,55,Glass,"$2,756,700"
2019,Jan 31,Thursday,31,"$5,554,041",+3.7%,-22.2%,56,Glass,"$1,236,865"
2019,Jan 30,Wednesday,30,"$5,355,391",-30.9%,-24.7%,55,Glass,"$1,205,830"
2019,Jan 29,Tuesday,29,"$7,751,898",+54.7%,-33.8%,55,Glass,"$1,941,805"
2019,Jan 28,Monday,28,"$5,011,938",-76.3%,-81.2%,56,Glass,"$1,310,025"
2019,Jan 27,Sunday,27,"$21,167,825",-40.2%,-32.1%,53,Glass,"$5,268,280"
2019,Jan 26,Saturday,26,"$35,370,112",+87%,-21.2%,53,Glass,"$8,652,565"
2019,Jan 25,Friday,25,"$18,913,633",+165.1%,-43.4%,51,Glass,"$4,963,595"
2019,Jan 24,Thursday,24,"$7,135,530",+0.3%,-28.3%,51,Glass,"$2,076,715"
2019,Jan 23,Wednesday,23,"$7,111,194",-39.3%,-49.9%,49,Glass,"$2,144,560"
2019,Jan 22,Tuesday,22,"$11,717,186",-56%,-6.1%,48,Glass,"$3,814,910"
2019,Jan 21MLK Day,Monday,21,"$26,640,078",-14.5%,+245.2%,51,Glass,"$6,176,030"
2019,Jan 20,Sunday,20,"$31,173,062",-30.6%,+14.3%,49,Glass,"$9,918,070"
2019,Jan 19,Saturday,19,"$44,908,041",+34.3%,+8.3%,49,Glass,"$14,524,105"
2019,Jan 18,Friday,18,"$33,442,056",+235.9%,+19%,50,Glass,"$15,886,745"
2019,Jan 17,Thursday,17,"$9,956,091",-29.8%,+22.9%,49,Dragon Ball Super: Broly,"$3,376,374"
2019,Jan 16,Wednesday,16,"$14,180,577",+13.7%,+50.8%,48,Dragon Ball Super: Broly,"$7,043,068"
2019,Jan 15,Tuesday,15,"$12,473,769",+61.6%,-13.2%,49,The Upside,"$2,834,401"
2019,Jan 14,Monday,14,"$7,718,033",-71.7%,-22.7%,48,The Upside,"$1,752,184"
2019,Jan 13,Sunday,13,"$27,281,866",-34.2%,-12.8%,52,The Upside,"$5,561,904"
2019,Jan 12,Saturday,12,"$41,458,012",+47.5%,-15.1%,52,The Upside,"$7,864,742"
2019,Jan 11,Friday,11,"$28,100,212",+247%,-27.7%,51,The Upside,"$6,928,354"
2019,Jan 10,Thursday,10,"$8,098,409",-13.9%,-63.2%,48,Aquaman,"$2,002,266"
2019,Jan 9,Wednesday,9,"$9,403,436",-34.5%,-62.5%,50,Aquaman,"$2,134,441"
2019,Jan 8,Tuesday,8,"$14,364,595",+43.9%,-72.7%,50,Aquaman,"$3,852,619"
2019,Jan 7,Monday,7,"$9,979,794",-68.1%,-72.5%,48,Aquaman,"$2,583,295"
2019,Jan 6,Sunday,6,"$31,293,715",-35.9%,-38.6%,52,Aquaman,"$8,561,508"
2019,Jan 5,Saturday,5,"$48,843,884",+25.7%,-16%,52,Aquaman,"$13,053,690"
2019,Jan 4,Friday,4,"$38,870,140",+76.7%,-31.4%,52,Aquaman,"$9,388,082"
2019,Jan 3,Thursday,3,"$22,001,708",-12.1%,-57.4%,55,Aquaman,"$6,203,801"
2019,Jan 2,Wednesday,2,"$25,043,176",-52.4%,-54.9%,53,Aquaman,"$7,379,476"
2019,Jan 1New Year's Day,Tuesday,1,"$52,588,390",+45.1%,-25.8%,53,Aquaman,"$16,377,779"
2020,Dec 31COVID-19 PandemicNew Year's Eve,Thursday,366,"$2,915,033",+1.3%,+272.5%,17,Wonder Woman 1984,"$1,378,106"
2020,Dec 30COVID-19 Pandemic,Wednesday,365,"$2,876,460",-6.1%,-72.2%,16,Wonder Woman 1984,"$1,451,131"
2020,Dec 29COVID-19 Pandemic,Tuesday,364,"$3,063,773",-0.7%,+291.5%,17,Wonder Woman 1984,"$1,655,240"
2020,Dec 28COVID-19 Pandemic,Monday,363,"$3,085,353",-41.8%,+231.4%,17,Wonder Woman 1984,"$1,822,877"
2020,Dec 27COVID-19 Pandemic,Sunday,362,"$5,302,360",-36.9%,-94.9%,27,Wonder Woman 1984,"$3,408,342"
2020,Dec 26COVID-19 Pandemic,Saturday,361,"$8,403,557",-18.7%,+985.8%,27,Wonder Woman 1984,"$5,811,188"
2020,Dec 25COVID-19 PandemicChristmas Day,Friday,360,"$10,337,666",-86.3%,-84.6%,28,Wonder Woman 1984,"$7,482,427"
2020,Dec 24COVID-19 Pandemic,Thursday,359,"$782,482",-16%,+144.7%,15,The Croods: A New Age,"$348,215"
2020,Dec 23COVID-19 Pandemic,Wednesday,358,"$930,994",-99.1%,-57.5%,17,The Croods: A New Age,"$416,835"
2020,Dec 22COVID-19 Pandemic,Tuesday,357,"$944,706",+22.1%,+195.5%,17,The Croods: A New Age,"$420,110"
2020,Dec 21COVID-19 Pandemic,Monday,356,"$773,974",-58.7%,+141.1%,17,The Croods: A New Age,"$323,075"
2020,Dec 20COVID-19 Pandemic,Sunday,355,"$1,873,323",-30.7%,-96.7%,25,The Croods: A New Age,"$647,765"
2020,Dec 19COVID-19 Pandemic,Saturday,354,"$2,703,842",+23.5%,+822.5%,27,The Croods: A New Age,"$884,055"
2020,Dec 18COVID-19 Pandemic,Friday,353,"$2,188,535",+584.5%,+41.7%,27,Monster Hunter,"$824,964"
2020,Dec 17COVID-19 Pandemic,Thursday,352,"$319,712",-0.4%,-25.8%,16,The Croods: A New Age,"$180,710"
2020,Dec 16COVID-19 Pandemic,Wednesday,351,"$321,048",-99.4%,-79.2%,16,The Croods: A New Age,"$170,225"
2020,Dec 15COVID-19 Pandemic,Tuesday,350,"$407,983",+39.2%,-5.3%,16,The Croods: A New Age,"$217,325"
2020,Dec 14COVID-19 Pandemic,Monday,349,"$293,095",-80.4%,-26.5%,15,The Croods: A New Age,"$150,370"
2020,Dec 13COVID-19 Pandemic,Sunday,348,"$1,494,353",-41.7%,-97%,25,The Croods: A New Age,"$847,930"
2020,Dec 12COVID-19 Pandemic,Saturday,347,"$2,565,080",+66%,+581.9%,25,The Croods: A New Age,"$1,435,040"
2020,Dec 11COVID-19 Pandemic,Friday,346,"$1,544,909",+258.6%,-26%,25,The Croods: A New Age,"$777,565"
2020,Dec 10COVID-19 Pandemic,Thursday,345,"$430,841",+8%,-20.3%,18,The Croods: A New Age,"$230,115"
2020,Dec 9COVID-19 Pandemic,Wednesday,344,"$398,932",-99.2%,-80.9%,19,The Croods: A New Age,"$209,880"
2020,Dec 8COVID-19 Pandemic,Tuesday,343,"$527,922",+40.3%,-2.3%,20,The Croods: A New Age,"$279,625"
2020,Dec 7COVID-19 Pandemic,Monday,342,"$376,179",-80.8%,-29.8%,21,The Croods: A New Age,"$190,220"
2020,Dec 6COVID-19 Pandemic,Sunday,341,"$1,958,290",-42.2%,-96.5%,27,The Croods: A New Age,"$1,240,730"
2020,Dec 5COVID-19 Pandemic,Saturday,340,"$3,388,787",+62.3%,+435.3%,27,The Croods: A New Age,"$2,053,380"
2020,Dec 4COVID-19 Pandemic,Friday,339,"$2,087,988",+286.4%,-59.7%,27,The Croods: A New Age,"$1,145,745"
2020,Dec 3COVID-19 Pandemic,Thursday,338,"$540,311",+0.8%,-84.2%,20,The Croods: A New Age,"$340,835"
2020,Dec 2COVID-19 Pandemic,Wednesday,337,"$535,950",-99%,-89.7%,20,The Croods: A New Age,"$332,730"
2020,Dec 1COVID-19 Pandemic,Tuesday,336,"$762,119",+20.4%,+26.5%,19,The Croods: A New Age,"$512,065"
2020,Nov 30COVID-19 Pandemic,Monday,335,"$633,019",-78.8%,-81.5%,20,The Croods: A New Age,"$440,325"
2020,Nov 29COVID-19 Pandemic,Sunday,334,"$2,983,792",-41.1%,-87.9%,27,The Croods: A New Age,"$2,201,600"
2020,Nov 28COVID-19 Pandemic,Saturday,333,"$5,067,022",-2.2%,+68.9%,28,The Croods: A New Age,"$3,614,945"
2020,Nov 27COVID-19 Pandemic,Friday,332,"$5,179,533",+51.5%,+287.2%,28,The Croods: A New Age,"$3,907,655"
2020,Nov 26COVID-19 PandemicThanksgiving,Thursday,331,"$3,418,542",-86.2%,+590.5%,27,The Croods: A New Age,"$2,669,640"
2020,Nov 25COVID-19 Pandemic,Wednesday,330,"$2,448,042",+306.3%,+48.1%,33,The Croods: A New Age,"$1,880,615"
2020,Nov 24COVID-19 Pandemic,Tuesday,329,"$602,537",+31.6%,-98.7%,21,Freaky,"$146,675"
2020,Nov 23COVID-19 Pandemic,Monday,328,"$457,926",-65.8%,-10.2%,22,Freaky,"$119,060"
2020,Nov 22COVID-19 Pandemic,Sunday,327,"$1,337,629",-44.3%,+84.2%,27,Freaky,"$306,260"
2020,Nov 21COVID-19 Pandemic,Saturday,326,"$2,403,430",+45.4%,+268.4%,27,Freaky,"$567,445"
2020,Nov 20COVID-19 Pandemic,Friday,325,"$1,652,573",-96.5%,-52.6%,27,Freaky,"$407,445"
2020,Nov 19COVID-19 Pandemic,Thursday,324,"$495,088",-2.9%,-19.7%,23,Freaky,"$153,825"
2020,Nov 18COVID-19 Pandemic,Wednesday,323,"$509,806",-29.8%,-85.4%,21,Freaky,"$165,890"
2020,Nov 17COVID-19 Pandemic,Tuesday,322,"$726,133",+11.3%,-97.3%,22,Freaky,"$242,345"
2020,Nov 16COVID-19 Pandemic,Monday,321,"$652,469",-72%,-38.6%,22,Freaky,"$209,880"
2020,Nov 15COVID-19 Pandemic,Sunday,320,"$2,332,485",-48.6%,+142.2%,29,Freaky,"$716,430"
2020,Nov 14COVID-19 Pandemic,Saturday,319,"$4,536,693",+30.1%,+601.5%,28,Freaky,"$1,397,115"
2020,Nov 13COVID-19 Pandemic,Friday,318,"$3,485,916",-87.2%,+0.5%,29,Freaky,"$1,486,810"
2020,Nov 12COVID-19 Pandemic,Thursday,317,"$616,223",-42%,+3.8%,30,Let Him Go,"$194,235"
2020,Nov 11COVID-19 Pandemic,Wednesday,316,"$1,062,259",+10.3%,-69.4%,29,Let Him Go,"$311,155"
2020,Nov 10COVID-19 Pandemic,Tuesday,315,"$963,180",+48.9%,-97%,30,Let Him Go,"$359,795"
2020,Nov 9COVID-19 Pandemic,Monday,314,"$646,690",-74.4%,+11.3%,29,Let Him Go,"$221,810"
2020,Nov 8COVID-19 Pandemic,Sunday,313,"$2,525,071",-46.6%,+248.2%,31,Let Him Go,"$900,420"
2020,Nov 7COVID-19 Pandemic,Saturday,312,"$4,732,289",+36.5%,+602.1%,32,Let Him Go,"$1,620,470"
2020,Nov 6COVID-19 Pandemic,Friday,311,"$3,467,054",-89.2%,+17.4%,32,Let Him Go,"$1,479,580"
2020,Nov 5COVID-19 Pandemic,Thursday,310,"$593,917",+2.2%,-3.3%,31,Come Play,"$160,220"
2020,Nov 4COVID-19 Pandemic,Wednesday,309,"$581,146",-19.9%,-80.3%,29,Come Play,"$177,115"
2020,Nov 3COVID-19 Pandemic,Tuesday,308,"$725,084",+7.6%,-98.5%,30,Come Play,"$223,545"
2020,Nov 2COVID-19 Pandemic,Monday,307,"$674,031",-70.6%,+11.6%,29,Come Play,"$251,070"
2020,Nov 1COVID-19 Pandemic,Sunday,306,"$2,290,150",-34.1%,+201.1%,35,Come Play,"$694,600"
2020,Oct 31COVID-19 PandemicHalloween,Saturday,305,"$3,477,783",+17.7%,+530.3%,35,Come Play,"$1,331,245"
2020,Oct 30COVID-19 Pandemic,Friday,304,"$2,953,670",-94.1%,-3%,36,Come Play,"$1,094,030"
2020,Oct 29COVID-19 Pandemic,Thursday,303,"$613,914",+1.7%,-0.1%,32,Honest Thief,"$168,882"
2020,Oct 28COVID-19 Pandemic,Wednesday,302,"$603,797",-20.6%,-80.2%,31,Honest Thief,"$161,502"
2020,Oct 27COVID-19 Pandemic,Tuesday,301,"$760,595",+37.8%,-93.1%,33,Honest Thief,"$222,149"
2020,Oct 26COVID-19 Pandemic,Monday,300,"$551,771",-77.2%,-33%,33,Honest Thief,"$152,433"
2020,Oct 25COVID-19 Pandemic,Sunday,299,"$2,415,270",-41.8%,+175.1%,37,Honest Thief,"$580,517"
2020,Oct 24COVID-19 Pandemic,Saturday,298,"$4,152,397",+36.3%,+551.4%,37,Honest Thief,"$1,055,487"
2020,Oct 23COVID-19 Pandemic,Friday,297,"$3,045,522",-72.3%,-20.3%,37,Honest Thief,"$718,018"
2020,Oct 22COVID-19 Pandemic,Thursday,296,"$614,627",-25.3%,+15.1%,36,Honest Thief,"$212,620"
2020,Oct 21COVID-19 Pandemic,Wednesday,295,"$823,036",-6.3%,-78.5%,36,Honest Thief,"$230,188"
2020,Oct 20COVID-19 Pandemic,Tuesday,294,"$878,004",+37.7%,-95.4%,35,Honest Thief,"$340,599"
2020,Oct 19COVID-19 Pandemic,Monday,293,"$637,452",-77.2%,+14.3%,35,Honest Thief,"$227,512"
2020,Oct 18COVID-19 Pandemic,Sunday,292,"$2,796,889",-44%,+288.2%,39,Honest Thief,"$816,962"
2020,Oct 17COVID-19 Pandemic,Saturday,291,"$4,993,067",+30.7%,+427%,38,Honest Thief,"$1,472,004"
2020,Oct 16COVID-19 Pandemic,Friday,290,"$3,819,396",-80.1%,+31.6%,39,Honest Thief,"$1,319,000"
2020,Oct 15COVID-19 Pandemic,Thursday,289,"$533,835",-4.3%,-12.3%,27,The War with Grandpa,"$205,210"
2020,Oct 14COVID-19 Pandemic,Wednesday,288,"$557,938",-22.6%,-2.6%,27,The War with Grandpa,"$193,671"
2020,Oct 13COVID-19 Pandemic,Tuesday,287,"$720,500",-24%,-98.6%,27,The War with Grandpa,"$306,958"
2020,Oct 12COVID-19 PandemicIndig. Peoples' Day,Monday,286,"$947,508",-62.3%,+55.7%,29,The War with Grandpa,"$424,613"
2020,Oct 11COVID-19 Pandemic,Sunday,285,"$2,511,586",-39%,+338.6%,30,The War with Grandpa,"$958,461"
2020,Oct 10COVID-19 Pandemic,Saturday,284,"$4,114,232",+41.7%,+506.6%,30,The War with Grandpa,"$1,563,319"
2020,Oct 9COVID-19 Pandemic,Friday,283,"$2,902,858",+377.1%,+18.6%,29,The War with Grandpa,"$1,102,100"
2020,Oct 8COVID-19 Pandemic,Thursday,282,"$608,495",+6.3%,-18.1%,23,Tenet,"$274,162"
2020,Oct 7COVID-19 Pandemic,Wednesday,281,"$572,629",-15.6%,-99.8%,24,Tenet,"$260,881"
2020,Oct 6COVID-19 Pandemic,Tuesday,280,"$678,210",+29.1%,-8.8%,24,Tenet,"$292,044"
2020,Oct 5COVID-19 Pandemic,Monday,279,"$525,167",-73.3%,"+115,321.3%",24,Tenet,"$228,701"
2020,Oct 4COVID-19 Pandemic,Sunday,278,"$1,965,913",-46.8%,+148.3%,26,Tenet,"$648,409"
2020,Oct 3COVID-19 Pandemic,Saturday,277,"$3,695,766",+51%,+413.8%,26,Tenet,"$1,246,825"
2020,Oct 2COVID-19 Pandemic,Friday,276,"$2,447,709",+229.3%,-12.4%,25,Tenet,"$768,968"
2020,Oct 1COVID-19 Pandemic,Thursday,275,"$743,374","+163,278.9%",-23.9%,23,Tenet,"$335,988"
2020,Sep 30COVID-19 Pandemic,Wednesday,274,"$684,146",-13.6%,-98.1%,23,Tenet,"$296,594"
2020,Sep 29COVID-19 Pandemic,Tuesday,273,"$791,716",+10.1%,-19%,23,Tenet,"$344,118"
2020,Sep 28COVID-19 Pandemic,Monday,272,"$719,331",-66.2%,-25.4%,23,Tenet,"$305,051"
2020,Sep 27COVID-19 Pandemic,Sunday,271,"$2,126,402",-41.2%,+82.2%,24,Tenet,"$815,014"
2020,Sep 26COVID-19 Pandemic,Saturday,270,"$3,618,763",+29.6%,+291.9%,24,Tenet,"$1,478,435"
2020,Sep 25COVID-19 Pandemic,Friday,269,"$2,792,641",+185.8%,-15.1%,24,Tenet,"$1,054,891"
2020,Sep 24COVID-19 Pandemic,Thursday,268,"$976,980",+1.3%,+3.1%,18,Tenet,"$427,566"
2020,Sep 23COVID-19 Pandemic,Wednesday,267,"$964,078",-17.4%,-96.8%,17,Tenet,"$409,102"
2020,Sep 22COVID-19 Pandemic,Tuesday,266,"$1,166,869",+26.4%,+23.1%,16,Tenet,"$509,070"
2020,Sep 21COVID-19 Pandemic,Monday,265,"$923,299",-62.9%,-20.7%,17,Tenet,"$405,744"
2020,Sep 20COVID-19 Pandemic,Sunday,264,"$2,491,638",-46.6%,+86.2%,17,Tenet,"$1,078,259"
2020,Sep 19COVID-19 Pandemic,Saturday,263,"$4,668,356",+42%,+339.6%,17,Tenet,"$2,085,566"
2020,Sep 18COVID-19 Pandemic,Friday,262,"$3,288,717",+246.9%,-12.7%,17,Tenet,"$1,404,645"
2020,Sep 17COVID-19 Pandemic,Thursday,261,"$947,979",-18.6%,-27.7%,13,Tenet,"$575,671"
2020,Sep 16COVID-19 Pandemic,Wednesday,260,"$1,164,614",-13%,-80.6%,14,Tenet,"$605,553"
2020,Sep 15COVID-19 Pandemic,Tuesday,259,"$1,338,079",+26%,+2.1%,13,Tenet,"$694,845"
2020,Sep 14COVID-19 Pandemic,Monday,258,"$1,061,937",-64.5%,-21.2%,13,Tenet,"$560,801"
2020,Sep 13COVID-19 Pandemic,Sunday,257,"$2,993,016",-46.3%,+98.6%,13,Tenet,"$1,628,187"
2020,Sep 12COVID-19 Pandemic,Saturday,256,"$5,575,196",+48%,+52.9%,14,Tenet,"$2,990,971"
2020,Sep 11COVID-19 Pandemic,Friday,255,"$3,768,135",+187.5%,-19%,13,Tenet,"$1,984,309"
2020,Sep 10COVID-19 Pandemic,Thursday,254,"$1,310,844",-2.8%,-77.4%,9,Tenet,"$766,230"
2020,Sep 9COVID-19 Pandemic,Wednesday,253,"$1,348,474",-10.5%,-97.9%,9,Tenet,"$798,409"
2020,Sep 8COVID-19 Pandemic,Tuesday,252,"$1,507,231",-58.7%,-67.6%,9,Tenet,"$926,646"
2020,Sep 7COVID-19 PandemicLabor Day,Monday,251,"$3,646,518",-30.1%,-37.2%,13,Tenet,"$2,275,661"
2020,Sep 6COVID-19 Pandemic,Sunday,250,"$5,214,636",-15.4%,+563.3%,10,Tenet,"$2,980,584"
2020,Sep 5COVID-19 Pandemic,Saturday,249,"$6,161,246",+32.5%,+584.6%,10,Tenet,"$3,566,279"
2020,Sep 4COVID-19 Pandemic,Friday,248,"$4,650,134",-19.9%,-5.4%,10,Tenet,"$2,806,227"
2020,Sep 3COVID-19 Pandemic,Thursday,247,"$5,804,575",+638.3%,-70.2%,11,Tenet,"$4,986,442"
2020,Sep 2COVID-19 Pandemic,Wednesday,246,"$786,209",-12.6%,-84%,10,The New Mutants,"$393,751"
2020,Sep 1COVID-19 Pandemic,Tuesday,245,"$900,031",-96.2%,+97.1%,10,The New Mutants,"$466,916"
2020,Aug 31COVID-19 Pandemic,Monday,244,"$834,934",-96.8%,+92.1%,11,The New Mutants,"$450,293"
2020,Aug 30COVID-19 Pandemic,Sunday,243,"$2,765,828",-40.4%,+348%,13,The New Mutants,"$1,470,652"
2020,Aug 29COVID-19 Pandemic,Saturday,242,"$4,636,940",-5.6%,+913.1%,12,The New Mutants,"$2,452,864"
2020,Aug 28COVID-19 Pandemic,Friday,241,"$4,914,454",+976.5%,+161%,13,The New Mutants,"$3,113,501"
2020,Aug 27COVID-19 Pandemic,Thursday,240,"$456,524",+5%,-97.1%,8,Unhinged,"$280,515"
2020,Aug 26COVID-19 Pandemic,Wednesday,239,"$434,748",-29.6%,-76.9%,8,Unhinged,"$272,806"
2020,Aug 25COVID-19 Pandemic,Tuesday,238,"$617,438",+34.9%,+285.9%,8,Unhinged,"$371,315"
2020,Aug 24COVID-19 Pandemic,Monday,237,"$457,695",-66.4%,+194.8%,8,Unhinged,"$291,202"
2020,Aug 23COVID-19 Pandemic,Sunday,236,"$1,361,545",-34.7%,-59.9%,9,Unhinged,"$1,030,000"
2020,Aug 22COVID-19 Pandemic,Saturday,235,"$2,083,874",+10.7%,-51.7%,8,Unhinged,"$1,556,113"
2020,Aug 21COVID-19 Pandemic,Friday,234,"$1,883,138","+1,076.9%",+375.9%,9,Unhinged,"$1,414,648"
2020,Aug 20COVID-19 Pandemic,Thursday,233,"$160,002",+3.1%,-96.5%,11,The SpongeBob Movie: Sponge on the Run,"$138,558"
2020,Aug 19COVID-19 Pandemic,Wednesday,232,"$155,244",-95.4%,-60.8%,11,The SpongeBob Movie: Sponge on the Run,"$135,647"
2020,Aug 18COVID-19 Pandemic,Tuesday,231,"$245,801",-94.3%,+503.2%,11,The SpongeBob Movie: Sponge on the Run,"$226,142"
2020,Aug 17COVID-19 Pandemic,Monday,230,"$160,915",-96.6%,+259.8%,11,The SpongeBob Movie: Sponge on the Run,"$140,830"
2020,Aug 16COVID-19 Pandemic,Sunday,229,"$267,986",-27.7%,+536.8%,13,The SpongeBob Movie: Sponge on the Run,"$231,985"
2020,Aug 15COVID-19 Pandemic,Saturday,228,"$370,529",-6.4%,+844.3%,13,The SpongeBob Movie: Sponge on the Run,"$295,755"
2020,Aug 14COVID-19 Pandemic,Friday,227,"$395,703",+871%,+70.4%,13,The SpongeBob Movie: Sponge on the Run,"$338,084"
2020,Aug 13COVID-19 Pandemic,Thursday,226,"$40,751",-8.9%,-99.7%,10,The Rental,"$19,666"
2020,Aug 12COVID-19 Pandemic,Wednesday,225,"$44,720",+6.3%,-80.7%,9,The Rental,"$23,457"
2020,Aug 11COVID-19 Pandemic,Tuesday,224,"$42,080",+7.2%,-50.1%,10,The Rental,"$20,956"
2020,Aug 10COVID-19 Pandemic,Monday,223,"$39,239",-46.3%,-43.5%,10,The Rental,"$19,740"
2020,Aug 9COVID-19 Pandemic,Sunday,222,"$73,112",-45.9%,+14.1%,12,The Rental,"$30,922"
2020,Aug 8COVID-19 Pandemic,Saturday,221,"$135,117",-41.8%,+141%,12,The Rental,"$58,820"
2020,Aug 7COVID-19 Pandemic,Friday,220,"$232,174",+175.5%,+13.5%,13,The Tax Collector,"$115,000"
2020,Aug 6COVID-19 Pandemic,Thursday,219,"$84,275",+21.4%,-99.3%,9,The Rental,"$49,257"
2020,Aug 5COVID-19 Pandemic,Wednesday,218,"$69,445",+8.4%,-66.1%,9,The Rental,"$42,682"
2020,Aug 4COVID-19 Pandemic,Tuesday,217,"$64,071",+14.3%,-30.6%,9,The Rental,"$39,362"
2020,Aug 3COVID-19 Pandemic,Monday,216,"$56,071",-56.1%,-17%,9,The Rental,"$33,041"
2020,Aug 2COVID-19 Pandemic,Sunday,215,"$127,582",-39%,+58.6%,10,The Rental,"$70,228"
2020,Aug 1COVID-19 Pandemic,Saturday,214,"$209,239",+2.3%,+195%,10,The Rental,"$109,791"
2020,Jul 31COVID-19 Pandemic,Friday,213,"$204,589",+121.5%,-30.5%,10,The Rental,"$110,253"
2020,Jul 30COVID-19 Pandemic,Thursday,212,"$92,346",+36.7%,-95.2%,6,The Rental,"$56,427"
2020,Jul 29COVID-19 Pandemic,Wednesday,211,"$67,572",-16%,-77%,6,The Rental,"$42,584"
2020,Jul 28COVID-19 Pandemic,Tuesday,210,"$80,466",+13.4%,+104.9%,6,The Rental,"$50,365"
2020,Jul 27COVID-19 Pandemic,Monday,209,"$70,939",-56.6%,+82%,6,The Rental,"$45,283"
2020,Jul 26COVID-19 Pandemic,Sunday,208,"$163,427",-19.1%,+383.7%,7,The Rental,"$98,500"
2020,Jul 25COVID-19 Pandemic,Saturday,207,"$202,049",-31.4%,+467.4%,7,The Rental,"$122,666"
2020,Jul 24COVID-19 Pandemic,Friday,206,"$294,330",+649.5%,+220.9%,7,The Rental,"$182,686"
2020,Jul 23COVID-19 Pandemic,Thursday,205,"$39,271",+0.7%,-5.3%,6,Relic,"$23,180"
2020,Jul 22COVID-19 Pandemic,Wednesday,204,"$38,979",+15.4%,-57.5%,6,Relic,"$23,789"
2020,Jul 21COVID-19 Pandemic,Tuesday,203,"$33,788",-5.1%,-18.5%,6,Relic,"$20,321"
2020,Jul 20COVID-19 Pandemic,Monday,202,"$35,607",-40.9%,-6.7%,7,Relic,"$22,862"
2020,Jul 19COVID-19 Pandemic,Sunday,201,"$60,292",-44.2%,+39.1%,7,Relic,"$38,174"
2020,Jul 18COVID-19 Pandemic,Saturday,200,"$108,064",+17.8%,+135.6%,7,Relic,"$68,269"
2020,Jul 17COVID-19 Pandemic,Friday,199,"$91,708",+121.1%,-33.9%,7,Relic,"$57,731"
2020,Jul 16COVID-19 Pandemic,Thursday,198,"$41,470",+8.6%,-26.1%,6,Relic,"$27,505"
2020,Jul 15COVID-19 Pandemic,Wednesday,197,"$38,179",-11.9%,-72.5%,6,Relic,"$25,210"
2020,Jul 14COVID-19 Pandemic,Tuesday,196,"$43,358",-5.5%,-22.7%,6,Relic,"$27,231"
2020,Jul 13COVID-19 Pandemic,Monday,195,"$45,876",-49.8%,-14.7%,7,Relic,"$27,052"
2020,Jul 12COVID-19 Pandemic,Sunday,194,"$91,330",-38.1%,+78.8%,8,Relic,"$48,067"
2020,Jul 11COVID-19 Pandemic,Saturday,193,"$147,616",+6.3%,+183.6%,8,Relic,"$76,115"
2020,Jul 10COVID-19 Pandemic,Friday,192,"$138,808",+147.5%,+1.3%,8,Relic,"$71,492"
2020,Jul 9COVID-19 Pandemic,Thursday,191,"$56,090",+4.3%,-6.1%,9,Relic,"$43,016"
2020,Jul 8COVID-19 Pandemic,Wednesday,190,"$53,780",+5.3%,-60.7%,9,Relic,"$38,686"
2020,Jul 7COVID-19 Pandemic,Tuesday,189,"$51,076",-1.9%,-14.5%,9,Relic,"$36,293"
2020,Jul 6COVID-19 Pandemic,Monday,188,"$52,052",-37.9%,+0.3%,9,Relic,"$35,049"
2020,Jul 5COVID-19 Pandemic,Sunday,187,"$83,764",+12.8%,+84.4%,9,Relic,"$52,352"
2020,Jul 4COVID-19 PandemicIndependence Day,Saturday,186,"$74,261",-45.8%,+37.5%,9,Relic,"$48,259"
2020,Jul 3COVID-19 Pandemic,Friday,185,"$137,008",+129.3%,+32.8%,9,Relic,"$91,741"
2020,Jul 2COVID-19 Pandemic,Thursday,184,"$59,761",+15.1%,-27.4%,7,Followed,"$19,978"
2020,Jul 1COVID-19 Pandemic,Wednesday,183,"$51,909",+14.3%,-49.7%,7,Followed,"$18,507"
2020,Jun 30COVID-19 Pandemic,Tuesday,182,"$45,434",-15.9%,-44.8%,7,Followed,"$14,449"
2020,Jun 29COVID-19 Pandemic,Monday,181,"$54,011",-33.8%,-24.6%,7,Followed,"$19,340"
2020,Jun 28COVID-19 Pandemic,Sunday,180,"$81,583",+3.1%,+17.9%,7,Becky,"$24,434"
2020,Jun 27COVID-19 Pandemic,Saturday,179,"$79,149",-23.3%,+30.9%,7,Followed,"$27,481"
2020,Jun 26COVID-19 Pandemic,Friday,178,"$103,182",+25.3%,-37.8%,7,Becky,"$37,294"
2020,Jun 25COVID-19 Pandemic,Thursday,177,"$82,331",+14.9%,+26.1%,8,Followed,"$26,415"
2020,Jun 24COVID-19 Pandemic,Wednesday,176,"$71,652",+3.6%,-56.8%,8,Followed,"$26,422"
2020,Jun 23COVID-19 Pandemic,Tuesday,175,"$69,172",+14.4%,+5.9%,8,Followed,"$24,300"
2020,Jun 22COVID-19 Pandemic,Monday,174,"$60,480",-25.5%,+6.2%,8,Followed,"$19,684"
2020,Jun 21COVID-19 Pandemic,Sunday,173,"$81,136",-56.2%,+29.6%,8,Followed,"$28,630"
2020,Jun 20COVID-19 Pandemic,Saturday,172,"$185,069",+11.5%,+243.7%,8,Followed,"$66,232"
2020,Jun 19COVID-19 Pandemic,Friday,171,"$165,994",+154.2%,-11.9%,8,Followed,"$57,963"
2020,Jun 18COVID-19 Pandemic,Thursday,170,"$65,307",+14.6%,-0.8%,6,The Wretched,"$24,484"
2020,Jun 17COVID-19 Pandemic,Wednesday,169,"$56,967",-9%,-69.8%,6,The Wretched,"$28,587"
2020,Jun 16COVID-19 Pandemic,Tuesday,168,"$62,598",+16.3%,-4.9%,6,The Wretched,"$24,505"
2020,Jun 15COVID-19 Pandemic,Monday,167,"$53,846",-49.1%,-21.2%,6,Becky,"$20,673"
2020,Jun 14COVID-19 Pandemic,Sunday,166,"$105,878",-52.4%,+116.8%,6,The Wretched,"$37,651"
2020,Jun 13COVID-19 Pandemic,Saturday,165,"$222,458",+18.1%,+449.6%,6,Becky,"$88,998"
2020,Jun 12COVID-19 Pandemic,Friday,164,"$188,412",+186.3%,+45.6%,6,Becky,"$77,077"
2020,Jun 11COVID-19 Pandemic,Thursday,163,"$65,804",-3.7%,+272.7%,6,The Wretched,"$38,039"
2020,Jun 10COVID-19 Pandemic,Wednesday,162,"$68,306",+39.9%,-47.2%,7,Unsubscribe,"$25,488"
2020,Jun 9COVID-19 Pandemic,Tuesday,161,"$48,831",+20.6%,+176.6%,6,The Wretched,"$26,601"
2020,Jun 8COVID-19 Pandemic,Monday,160,"$40,474",-61.8%,+203.8%,6,Becky,"$20,939"
2020,Jun 7COVID-19 Pandemic,Sunday,159,"$105,840",-39.7%,+895.7%,6,The Wretched,"$56,853"
2020,Jun 6COVID-19 Pandemic,Saturday,158,"$175,477",+35.6%,"+1,571.1%",6,Becky,"$92,206"
2020,Jun 5COVID-19 Pandemic,Friday,157,"$129,426",+633.1%,+102.8%,6,Becky,"$68,854"
2020,Jun 4COVID-19 Pandemic,Thursday,156,"$17,655",+32.5%,-14.1%,4,The Wretched,"$17,343"
2020,Jun 3COVID-19 Pandemic,Wednesday,155,"$13,322",+25.3%,-79.1%,4,The Wretched,"$13,112"
2020,Jun 2COVID-19 Pandemic,Tuesday,154,"$10,630",+1.2%,-48.3%,4,The Wretched,"$10,236"
2020,Jun 1COVID-19 Pandemic,Monday,153,"$10,501",-69.3%,-42.4%,4,The Wretched,"$10,210"
2020,May 31COVID-19 Pandemic,Sunday,152,"$34,151",-56.5%,+72.4%,4,The Wretched,"$33,868"
2020,May 30COVID-19 Pandemic,Saturday,151,"$78,500",+23%,+259.6%,5,The Wretched,"$78,255"
2020,May 29COVID-19 Pandemic,Friday,150,"$63,815",+210.6%,-10.3%,4,The Wretched,"$63,514"
2020,May 28COVID-19 Pandemic,Thursday,149,"$20,549",+12.6%,+15%,3,The Wretched,"$20,462"
2020,May 27COVID-19 Pandemic,Wednesday,148,"$18,243",-7.9%,-10.8%,3,The Wretched,"$18,141"
2020,May 26COVID-19 Pandemic,Tuesday,147,"$19,811",-9.3%,-72.1%,3,The Wretched,"$19,728"
2020,May 25COVID-19 PandemicMemorial Day,Monday,146,"$21,831",-64.9%,+22.2%,6,The Wretched,"$20,046"
2020,May 24COVID-19 Pandemic,Sunday,145,"$62,268",-26.9%,+204.4%,3,The Wretched,"$61,648"
2020,May 23COVID-19 Pandemic,Saturday,144,"$85,161",+19.8%,+350.2%,3,The Wretched,"$84,445"
2020,May 22COVID-19 Pandemic,Friday,143,"$71,115",+298%,+59.8%,3,The Wretched,"$70,195"
2020,May 21COVID-19 Pandemic,Thursday,142,"$17,868",-12.7%,+35.7%,3,The Wretched,"$14,401"
2020,May 20COVID-19 Pandemic,Wednesday,141,"$20,459",+8.2%,-54%,2,The Wretched,"$16,124"
2020,May 19COVID-19 Pandemic,Tuesday,140,"$18,916",+19.1%,+43.6%,3,The Wretched,"$14,885"
2020,May 18COVID-19 Pandemic,Monday,139,"$15,884",-42%,<0.1%,3,The Wretched,"$12,625"
2020,May 17COVID-19 Pandemic,Sunday,138,"$27,383",-47.6%,+109.6%,3,The Wretched,"$20,958"
2020,May 16COVID-19 Pandemic,Saturday,137,"$52,267",+17.5%,+347.8%,3,The Wretched,"$38,774"
2020,May 15COVID-19 Pandemic,Friday,136,"$44,498",+237.9%,+50.1%,3,The Wretched,"$32,243"
2020,May 14COVID-19 Pandemic,Thursday,135,"$13,169",-17.1%,+46.8%,3,The Wretched,"$11,267"
2020,May 13COVID-19 Pandemic,Wednesday,134,"$15,894",+21.7%,-46.4%,4,The Wretched,"$14,043"
2020,May 12COVID-19 Pandemic,Tuesday,133,"$13,062",+11.9%,+45.6%,3,The Wretched,"$11,658"
2020,May 11COVID-19 Pandemic,Monday,132,"$11,672",-23.5%,+29%,4,The Wretched,"$9,695"
2020,May 10COVID-19 Pandemic,Sunday,131,"$15,261",-61.4%,+136.7%,4,The Wretched,"$12,806"
2020,May 9COVID-19 Pandemic,Saturday,130,"$39,563",+33.4%,+411.2%,4,The Wretched,"$32,653"
2020,May 8COVID-19 Pandemic,Friday,129,"$29,655",+230.6%,-6.5%,4,The Wretched,"$24,149"
2020,May 7COVID-19 Pandemic,Thursday,128,"$8,969",-0.9%,+346.4%,2,The Wretched,"$8,345"
2020,May 6COVID-19 Pandemic,Wednesday,127,"$9,050",+40.4%,-71.5%,2,The Wretched,"$8,315"
2020,May 5COVID-19 Pandemic,Tuesday,126,"$6,448",-16.7%,+221%,2,The Wretched,"$5,966"
2020,May 4COVID-19 Pandemic,Monday,125,"$7,739",-49.5%,+455.6%,2,The Wretched,"$7,152"
2020,May 3COVID-19 Pandemic,Sunday,124,"$15,331",-52.8%,+947.2%,2,The Wretched,"$12,605"
2020,May 2COVID-19 Pandemic,Saturday,123,"$32,447",+2.3%,"+2,390.2%",2,The Wretched,"$26,797"
2020,May 1COVID-19 Pandemic,Friday,122,"$31,712","+1,478.5%",+733.9%,2,The Wretched,"$26,506"
2020,Apr 30COVID-19 Pandemic,Thursday,121,"$2,009",+44.2%,+42.5%,2,True History of the Kelly Gang,"$1,769"
2020,Apr 29COVID-19 Pandemic,Wednesday,120,"$1,393",-4.8%,-63.4%,2,True History of the Kelly Gang,"$1,156"
2020,Apr 28COVID-19 Pandemic,Tuesday,119,"$1,464",+12.4%,+3.8%,2,True History of the Kelly Gang,"$1,224"
2020,Apr 27COVID-19 Pandemic,Monday,118,"$1,303",-46.9%,+214.7%,2,True History of the Kelly Gang,"$1,042"
2020,Apr 26COVID-19 Pandemic,Sunday,117,"$2,455",-57.7%,+104.6%,2,True History of the Kelly Gang,"$1,906"
2020,Apr 25COVID-19 Pandemic,Saturday,116,"$5,804",+52.6%,"+1,011.9%",2,True History of the Kelly Gang,"$4,868"
2020,Apr 24COVID-19 Pandemic,Friday,115,"$3,803",+169.7%,+193%,2,True History of the Kelly Gang,"$3,065"
2020,Apr 23COVID-19 Pandemic,Thursday,114,"$1,410",+240.6%,+94.2%,2,Resistance,$705
2020,Apr 22COVID-19 Pandemic,Wednesday,113,$414,-65.5%,-68.1%,2,Resistance,$207
2020,Apr 21COVID-19 Pandemic,Tuesday,112,"$1,200",+129.9%,+65.3%,2,Resistance,$600
2020,Apr 20COVID-19 Pandemic,Monday,111,$522,-73.6%,+155.9%,2,Resistance,$261
2020,Apr 19COVID-19 Pandemic,Sunday,110,"$1,980",+0.7%,+194.6%,2,Resistance,$990
2020,Apr 18COVID-19 Pandemic,Saturday,109,"$1,967",+51.5%,+256.3%,3,Resistance,$909
2020,Apr 17COVID-19 Pandemic,Friday,108,"$1,298",+78.8%,-7%,3,Resistance,$591
2020,Apr 16COVID-19 Pandemic,Thursday,107,$726,+255.9%,+144.4%,2,The Other Lamb,$363
2020,Apr 15COVID-19 Pandemic,Wednesday,106,$204,-69.6%,-26.9%,2,The Other Lamb,$102
2020,Apr 14COVID-19 Pandemic,Tuesday,105,$672,+21.7%,-51.8%,2,The Other Lamb,$336
2020,Apr 13COVID-19 Pandemic,Monday,104,$552,-2.1%,+85.9%,2,The Other Lamb,$276
2020,Apr 12COVID-19 PandemicEaster Sunday,Sunday,103,$564,-51.5%,+102.2%,2,The Other Lamb,$282
2020,Apr 11COVID-19 Pandemic,Saturday,102,"$1,164",-16.6%,+569%,2,The Other Lamb,$582
2020,Apr 10COVID-19 Pandemic,Friday,101,"$1,395",+369.7%,+196.2%,2,Swallow,$846
2020,Apr 9COVID-19 Pandemic,Thursday,100,$297,+6.5%,-,1,The Other Lamb,$297
2020,Apr 8COVID-19 Pandemic,Wednesday,99,$279,+60.3%,-40.8%,1,The Other Lamb,$279
2020,Apr 7COVID-19 Pandemic,Tuesday,98,$174,+38.1%,-,1,The Other Lamb,$174
2020,Apr 6COVID-19 Pandemic,Monday,97,$126,-10.6%,-,1,The Other Lamb,$126
2020,Apr 5COVID-19 Pandemic,Sunday,96,$141,-75.8%,-,1,The Other Lamb,$141
2020,Apr 4COVID-19 Pandemic,Saturday,95,$582,+23.6%,-,1,The Other Lamb,$582
2020,Apr 3COVID-19 Pandemic,Friday,94,$471,-,+145.3%,1,The Other Lamb,$471
2020,Mar 27COVID-19 Pandemic,Friday,87,$192,+700%,+74.5%,1,Be Natural: The Untold Story of Alice Guy-Blaché,$192
2020,Mar 26COVID-19 Pandemic,Thursday,86,$24,-86.1%,-100%,1,Be Natural: The Untold Story of Alice Guy-Blaché,$24
2020,Mar 25COVID-19 Pandemic,Wednesday,85,$173,"+4,225%",+57.3%,1,Be Natural: The Untold Story of Alice Guy-Blaché,$173
2020,Mar 24COVID-19 Pandemic,Tuesday,84,$4,-66.7%,-100%,1,The Gentlemen,$4
2020,Mar 23COVID-19 Pandemic,Monday,83,$12,-50%,-100%,1,The Gentlemen,$12
2020,Mar 22COVID-19 Pandemic,Sunday,82,$24,-77.4%,-100%,1,The Gentlemen,$24
2020,Mar 21COVID-19 Pandemic,Saturday,81,$106,-3.6%,-100%,1,The Gentlemen,$106
2020,Mar 20COVID-19 Pandemic,Friday,80,$110,-99.9%,-100%,1,The Gentlemen,$110
2020,Mar 19COVID-19 Pandemic,Thursday,79,"$143,641",-41.7%,-97.3%,34,Onward,"$33,296"
2020,Mar 18COVID-19 Pandemic,Wednesday,78,"$246,568",-81.3%,"+6,132.8%",37,Onward,"$61,529"
2020,Mar 17COVID-19 Pandemic,Tuesday,77,"$1,321,687",-59.1%,"+4,662.1%",40,Onward,"$346,334"
2020,Mar 16COVID-19 Pandemic,Monday,76,"$3,234,151",-72.8%,"+3,547.3%",47,Onward,"$753,347"
2020,Mar 15COVID-19 Pandemic,Sunday,75,"$11,892,439",-39.7%,-50.8%,51,Onward,"$2,687,350"
2020,Mar 14COVID-19 Pandemic,Saturday,74,"$19,710,626",+9.6%,-50.3%,50,Onward,"$4,675,724"
2020,Mar 13COVID-19 Pandemic,Friday,73,"$17,977,298","+64,673.7%",-32.4%,52,I Still Believe,"$3,993,234"
2020,Mar 12COVID-19 Pandemic,Thursday,72,"$5,321,431","+5,901.2%",+2.9%,54,Onward,"$1,872,846"
2020,Mar 11,Wednesday,71,"$6,545,990",-41%,+12.6%,55,Onward,"$2,202,553"
2020,Mar 10,Tuesday,70,"$11,097,904",+59.9%,+13.6%,54,Onward,"$4,053,912"
2020,Mar 9,Monday,69,"$6,938,657",-71.3%,+21.2%,55,Onward,"$2,509,515"
2020,Mar 8,Sunday,68,"$24,181,349",-39%,+5.9%,55,Onward,"$10,508,942"
2020,Mar 7,Saturday,67,"$39,626,466",+49%,+8.4%,55,Onward,"$16,514,193"
2020,Mar 6,Friday,66,"$26,596,044",+414%,+10.3%,55,Onward,"$12,096,726"
2020,Mar 5,Thursday,65,"$5,173,922",-11%,-7.1%,53,The Invisible Man,"$1,808,145"
2020,Mar 4,Wednesday,64,"$5,814,048",-40.5%,-24.7%,53,The Invisible Man,"$1,997,250"
2020,Mar 3,Tuesday,63,"$9,770,097",+70.7%,+2.3%,53,The Invisible Man,"$3,456,185"
2020,Mar 2,Monday,62,"$5,723,972",-74.9%,+4.2%,53,The Invisible Man,"$2,076,325"
2020,Mar 1,Sunday,61,"$22,824,096",-37.6%,-3.9%,54,The Invisible Man,"$7,030,015"
2020,Feb 29,Saturday,60,"$36,566,868",+51.7%,-3.4%,56,The Invisible Man,"$11,195,770"
2020,Feb 28,Friday,59,"$24,107,105",+332.7%,-4.4%,55,The Invisible Man,"$9,979,880"
2020,Feb 27,Thursday,58,"$5,570,828",-27.8%,-18.4%,56,The Call of the Wild,"$1,477,710"
2020,Feb 26,Wednesday,57,"$7,720,801",-19.2%,+7.6%,56,My Hero Academia: Heroes Rising,"$2,583,834"
2020,Feb 25,Tuesday,56,"$9,552,830",+73.9%,-24.9%,58,The Call of the Wild,"$3,224,918"
2020,Feb 24,Monday,55,"$5,494,739",-76.9%,-77%,55,The Call of the Wild,"$1,707,315"
2020,Feb 23,Sunday,54,"$23,750,435",-37.3%,-36.3%,56,Sonic the Hedgehog,"$7,871,248"
2020,Feb 22,Saturday,53,"$37,850,558",+50.1%,-24.2%,56,Sonic the Hedgehog,"$11,961,933"
2020,Feb 21,Friday,52,"$25,212,722",+269.5%,-52.3%,55,The Call of the Wild,"$8,049,028"
2020,Feb 20,Thursday,51,"$6,824,080",-4.9%,+23.1%,53,Sonic the Hedgehog,"$2,551,581"
2020,Feb 19,Wednesday,50,"$7,177,085",-43.6%,+30.1%,53,Sonic the Hedgehog,"$2,665,678"
2020,Feb 18,Tuesday,49,"$12,723,158",-46.8%,+38.8%,53,Sonic the Hedgehog,"$5,082,338"
2020,Feb 17Presidents' Day,Monday,48,"$23,909,360",-35.9%,+297.2%,54,Sonic the Hedgehog,"$11,983,726"
2020,Feb 16,Sunday,47,"$37,275,206",-25.3%,+74.2%,53,Sonic the Hedgehog,"$16,541,359"
2020,Feb 15,Saturday,46,"$49,931,558",-5.4%,+43.6%,51,Sonic the Hedgehog,"$20,552,625"
2020,Feb 14,Friday,45,"$52,807,102",+852.8%,+111.6%,51,Sonic the Hedgehog,"$20,924,364"
2020,Feb 13,Thursday,44,"$5,542,278",+0.4%,+11.8%,43,Birds of Prey and the Fantabulous Emancipation of One Harley Quinn,"$1,780,686"
2020,Feb 12,Wednesday,43,"$5,518,611",-39.8%,+3.1%,45,Birds of Prey and the Fantabulous Emancipation of One Harley Quinn,"$1,826,055"
2020,Feb 11,Tuesday,42,"$9,166,787",+52.3%,+6.9%,45,Birds of Prey and the Fantabulous Emancipation of One Harley Quinn,"$3,381,368"
2020,Feb 10,Monday,41,"$6,019,469",-71.9%,+14.4%,43,Birds of Prey and the Fantabulous Emancipation of One Harley Quinn,"$2,160,176"
2020,Feb 9,Sunday,40,"$21,392,865",-38.5%,+93%,46,Birds of Prey and the Fantabulous Emancipation of One Harley Quinn,"$7,851,604"
2020,Feb 8,Saturday,39,"$34,783,042",+39.4%,+1.3%,47,Birds of Prey and the Fantabulous Emancipation of One Harley Quinn,"$12,193,732"
2020,Feb 7,Friday,38,"$24,955,936",+403.5%,+28.3%,45,Birds of Prey and the Fantabulous Emancipation of One Harley Quinn,"$12,964,681"
2020,Feb 6,Thursday,37,"$4,956,835",-7.4%,-28.3%,44,Bad Boys for Life,"$1,139,042"
2020,Feb 5,Wednesday,36,"$5,350,307",-37.6%,-23.5%,46,Bad Boys for Life,"$1,330,990"
2020,Feb 4,Tuesday,35,"$8,578,443",+63%,-26.4%,46,Bad Boys for Life,"$2,284,757"
2020,Feb 3,Monday,34,"$5,263,181",-52.5%,-26.5%,48,Bad Boys for Life,"$1,507,928"
2020,Feb 2,Sunday,33,"$11,085,633",-67.7%,-62.3%,49,Bad Boys for Life,"$2,823,509"
2020,Feb 1,Saturday,32,"$34,327,451",+76.5%,-27.9%,50,Bad Boys for Life,"$9,674,093"
2020,Jan 31,Friday,31,"$19,449,993",+181.3%,-31%,50,Bad Boys for Life,"$5,185,357"
2020,Jan 30,Thursday,30,"$6,914,416",-1.1%,-25.4%,48,Bad Boys for Life,"$1,968,791"
2020,Jan 29,Wednesday,29,"$6,989,955",-40%,-28.9%,49,Bad Boys for Life,"$1,978,354"
2020,Jan 28,Tuesday,28,"$11,655,746",+62.8%,-29.9%,50,Bad Boys for Life,"$3,546,220"
2020,Jan 27,Monday,27,"$7,159,640",-75.6%,-79.3%,52,Bad Boys for Life,"$2,227,287"
2020,Jan 26,Sunday,26,"$29,370,097",-38.3%,-33.9%,48,Bad Boys for Life,"$9,570,111"
2020,Jan 25,Saturday,25,"$47,613,907",+68.9%,-17.3%,49,Bad Boys for Life,"$15,453,880"
2020,Jan 24,Friday,24,"$28,191,638",+204.3%,-39.8%,49,Bad Boys for Life,"$8,987,723"
2020,Jan 23,Thursday,23,"$9,264,156",-5.7%,-5%,49,Bad Boys for Life,"$3,510,912"
2020,Jan 22,Wednesday,22,"$9,825,130",-40.9%,-10.1%,50,Bad Boys for Life,"$3,673,413"
2020,Jan 21,Tuesday,21,"$16,627,732",-52%,+8.2%,49,Bad Boys for Life,"$6,425,896"
2020,Jan 20MLK Day,Monday,20,"$34,640,444",-22.1%,+293.9%,56,Bad Boys for Life,"$10,529,839"
2020,Jan 19,Sunday,19,"$44,445,163",-22.8%,+39.8%,51,Bad Boys for Life,"$17,185,773"
2020,Jan 18,Saturday,18,"$57,594,448",+23%,+19.3%,49,Bad Boys for Life,"$21,716,950"
2020,Jan 17,Friday,17,"$46,818,973",+380.2%,+25.2%,48,Bad Boys for Life,"$23,601,382"
2020,Jan 16,Thursday,16,"$9,749,145",-10.8%,+18.8%,49,1917,"$3,055,675"
2020,Jan 15,Wednesday,15,"$10,924,283",-28.9%,+18.6%,50,1917,"$3,399,885"
2020,Jan 14,Tuesday,14,"$15,364,359",+74.7%,+2.1%,48,1917,"$5,288,640"
2020,Jan 13,Monday,13,"$8,794,486",-72.3%,-22.8%,49,1917,"$3,151,305"
2020,Jan 12,Sunday,12,"$31,796,959",-34.1%,-4.5%,48,1917,"$9,294,845"
2020,Jan 11,Saturday,11,"$48,273,391",+29.1%,-9.3%,48,1917,"$13,742,670"
2020,Jan 10,Friday,10,"$37,397,262",+355.7%,-16.4%,49,1917,"$13,962,685"
2020,Jan 9,Thursday,9,"$8,206,082",-10.9%,-74.2%,50,Star Wars: Episode IX - The Rise of Skywalker,"$2,165,596"
2020,Jan 8,Wednesday,8,"$9,214,776",-38.8%,-82.7%,49,Star Wars: Episode IX - The Rise of Skywalker,"$2,403,487"
2020,Jan 7,Tuesday,7,"$15,049,864",+32.2%,-63.9%,50,Star Wars: Episode IX - The Rise of Skywalker,"$3,981,109"
2020,Jan 6,Monday,6,"$11,385,553",-65.8%,-73.7%,50,Star Wars: Episode IX - The Rise of Skywalker,"$2,978,242"
2020,Jan 5,Sunday,5,"$33,304,942",-37.4%,-41%,53,Star Wars: Episode IX - The Rise of Skywalker,"$9,166,472"
2020,Jan 4,Saturday,4,"$53,199,800",+19%,-18.4%,51,Star Wars: Episode IX - The Rise of Skywalker,"$14,319,903"
2020,Jan 3,Friday,3,"$44,715,346",+40.8%,-31.4%,50,Star Wars: Episode IX - The Rise of Skywalker,"$11,038,440"
2020,Jan 2,Thursday,2,"$31,762,542",-40.3%,-53.6%,54,Star Wars: Episode IX - The Rise of Skywalker,"$9,274,735"
2020,Jan 1New Year's Day,Wednesday,1,"$53,187,474",+27.7%,-29.3%,54,Star Wars: Episode IX - The Rise of Skywalker,"$17,076,472"
2021,Dec 31New Year's Eve,Friday,365,"$27,601,787",-21.2%,-11.2%,25,Spider-Man: No Way Home,"$15,407,695"
2021,Dec 30,Thursday,364,"$35,021,475",+2.7%,-22.2%,26,Spider-Man: No Way Home,"$20,717,908"
2021,Dec 29,Wednesday,363,"$34,092,399",-5.6%,-27.8%,25,Spider-Man: No Way Home,"$20,327,774"
2021,Dec 28,Tuesday,362,"$36,104,760",-7.9%,+1.4%,25,Spider-Man: No Way Home,"$21,346,817"
2021,Dec 27,Monday,361,"$39,209,841",-25.9%,-4.1%,24,Spider-Man: No Way Home,"$24,770,593"
2021,Dec 26,Sunday,360,"$52,943,454",-6.3%,-25%,27,Spider-Man: No Way Home,"$33,283,250"
2021,Dec 25Christmas Day,Saturday,359,"$56,478,703",+446.3%,-20.2%,26,Spider-Man: No Way Home,"$31,609,749"
2021,Dec 24,Friday,358,"$31,087,749",-30.9%,-75.7%,24,Spider-Man: No Way Home,"$19,655,506"
2021,Dec 23,Thursday,357,"$45,018,844",-4.7%,"+1,609.3%",28,Spider-Man: No Way Home,"$29,333,622"
2021,Dec 22,Wednesday,356,"$47,249,638",+32.7%,"+1,217.3%",30,Spider-Man: No Way Home,"$27,846,311"
2021,Dec 21,Tuesday,355,"$35,610,501",-12.9%,+694.4%,27,Spider-Man: No Way Home,"$31,408,657"
2021,Dec 20,Monday,354,"$40,865,953",-42.1%,"+1,063.5%",29,Spider-Man: No Way Home,"$37,138,318"
2021,Dec 19,Sunday,353,"$70,605,790",-13.9%,+507.7%,31,Spider-Man: No Way Home,"$64,232,578"
2021,Dec 18,Saturday,352,"$82,033,791",-35.9%,+373.7%,31,Spider-Man: No Way Home,"$73,941,279"
2021,Dec 17,Friday,351,"$128,026,878","+4,761%",+982.5%,31,Spider-Man: No Way Home,"$121,964,712"
2021,Dec 16,Thursday,350,"$2,633,738",-26.6%,-32.8%,33,Encanto,"$734,586"
2021,Dec 15,Wednesday,349,"$3,586,725",-20%,-12.8%,34,West Side Story,"$968,259"
2021,Dec 14,Tuesday,348,"$4,482,456",+27.6%,-10.6%,35,West Side Story,"$1,303,008"
2021,Dec 13,Monday,347,"$3,512,281",-69.8%,-11.8%,35,West Side Story,"$1,015,089"
2021,Dec 12,Sunday,346,"$11,619,341",-32.9%,-18.9%,36,Encanto,"$3,190,574"
2021,Dec 11,Saturday,345,"$17,318,645",+46.4%,-15.9%,36,Encanto,"$4,514,674"
2021,Dec 10,Friday,344,"$11,827,462",+201.8%,-6%,36,West Side Story,"$4,133,219"
2021,Dec 9,Thursday,343,"$3,918,876",-4.8%,-41.4%,35,Encanto,"$808,467"
2021,Dec 8,Wednesday,342,"$4,115,450",-17.9%,-43.2%,35,Encanto,"$840,976"
2021,Dec 7,Tuesday,341,"$5,014,047",+25.9%,-21.2%,35,Encanto,"$1,115,755"
2021,Dec 6,Monday,340,"$3,983,231",-72.2%,-21.8%,35,Encanto,"$786,598"
2021,Dec 5,Sunday,339,"$14,319,631",-30.5%,-31.3%,36,Encanto,"$4,261,705"
2021,Dec 4,Saturday,338,"$20,594,785",+63.6%,-40.9%,36,Encanto,"$5,816,182"
2021,Dec 3,Friday,337,"$12,585,904",+88.1%,-66%,36,Encanto,"$3,069,731"
2021,Dec 2,Thursday,336,"$6,692,578",-7.6%,-66.2%,32,Christmas with the Chosen: The Messengers,"$2,200,000"
2021,Dec 1,Wednesday,335,"$7,242,975",+13.9%,-70.7%,33,Christmas with the Chosen: The Messengers,"$2,700,000"
2021,Nov 30,Tuesday,334,"$6,360,147",+24.9%,-36.4%,32,House of Gucci,"$1,487,659"
2021,Nov 29,Monday,333,"$5,090,601",-75.6%,-41.6%,32,Encanto,"$1,184,398"
2021,Nov 28,Sunday,332,"$20,849,510",-40.2%,-2.1%,35,Encanto,"$6,350,371"
2021,Nov 27,Saturday,331,"$34,854,917",-5.8%,+8.3%,35,Encanto,"$9,780,990"
2021,Nov 26,Friday,330,"$37,020,099",+86.8%,+37.7%,36,Encanto,"$11,075,133"
2021,Nov 25Thanksgiving,Thursday,329,"$19,817,511",-19.8%,+419.3%,35,Encanto,"$5,807,558"
2021,Nov 24,Wednesday,328,"$24,714,679",+147%,+483.4%,37,Encanto,"$7,553,221"
2021,Nov 23,Tuesday,327,"$10,007,692",+14.7%,+83.4%,32,Ghostbusters: Afterlife,"$4,652,233"
2021,Nov 22,Monday,326,"$8,721,940",-59.1%,+105.3%,34,Ghostbusters: Afterlife,"$3,847,490"
2021,Nov 21,Sunday,325,"$21,304,289",-33.8%,+20%,35,Ghostbusters: Afterlife,"$10,918,188"
2021,Nov 20,Saturday,324,"$32,184,195",+19.8%,+9.9%,36,Ghostbusters: Afterlife,"$16,437,835"
2021,Nov 19,Friday,323,"$26,875,314",+604.2%,+42.8%,37,Ghostbusters: Afterlife,"$16,652,383"
2021,Nov 18,Thursday,322,"$3,816,174",-9.9%,-73.3%,27,Eternals,"$1,378,464"
2021,Nov 17,Wednesday,321,"$4,236,052",-22.3%,-55.5%,27,Eternals,"$1,614,457"
2021,Nov 16,Tuesday,320,"$5,455,298",+28.4%,-35.3%,27,Eternals,"$2,181,960"
2021,Nov 15,Monday,319,"$4,248,277",-76.1%,-38.7%,27,Eternals,"$1,701,899"
2021,Nov 14,Sunday,318,"$17,747,230",-39.4%,-29.7%,28,Eternals,"$7,141,461"
2021,Nov 13,Saturday,317,"$29,291,422",+55.7%,-23.6%,28,Eternals,"$11,868,839"
2021,Nov 12,Friday,316,"$18,814,075",+31.8%,-53.5%,28,Eternals,"$7,839,828"
2021,Nov 11,Thursday,315,"$14,279,388",+49.9%,+218.7%,31,Eternals,"$6,243,758"
2021,Nov 10,Wednesday,314,"$9,527,404",+13%,+70.8%,32,Eternals,"$4,211,822"
2021,Nov 9,Tuesday,313,"$8,433,267",+21.7%,+21.6%,31,Eternals,"$5,250,371"
2021,Nov 8,Monday,312,"$6,931,457",-72.5%,+16.5%,32,Eternals,"$4,262,085"
2021,Nov 7,Sunday,311,"$25,233,076",-34.2%,+61.2%,35,Eternals,"$16,328,496"
2021,Nov 6,Saturday,310,"$38,349,424",-5.2%,+52.7%,35,Eternals,"$24,124,504"
2021,Nov 5,Friday,309,"$40,472,345",+803.3%,+92.4%,35,Eternals,"$30,844,219"
2021,Nov 4,Thursday,308,"$4,480,704",-19.7%,+14.6%,30,Dune: Part One,"$1,278,024"
2021,Nov 3,Wednesday,307,"$5,577,587",-19.5%,+40.7%,30,Dune: Part One,"$1,882,062"
2021,Nov 2,Tuesday,306,"$6,932,916",+16.5%,+43.7%,30,Dune: Part One,"$2,135,905"
2021,Nov 1,Monday,305,"$5,950,319",-62%,+41.3%,30,Dune: Part One,"$1,745,453"
2021,Oct 31Halloween,Sunday,304,"$15,649,454",-37.7%,-33.6%,34,Dune: Part One,"$3,958,751"
2021,Oct 30,Saturday,303,"$25,109,701",+19.4%,-31.6%,34,Dune: Part One,"$6,513,629"
2021,Oct 29,Friday,302,"$21,033,298",+438.2%,-36.8%,34,Dune: Part One,"$4,941,106"
2021,Oct 28,Thursday,301,"$3,908,400",-1.4%,-32.8%,29,No Time to Die,"$1,207,256"
2021,Oct 27,Wednesday,300,"$3,964,328",-17.8%,-40.7%,28,No Time to Die,"$1,212,289"
2021,Oct 26,Tuesday,299,"$4,823,445",+14.5%,-42.5%,29,No Time to Die,"$1,469,567"
2021,Oct 25,Monday,298,"$4,211,230",-82.1%,-45%,29,No Time to Die,"$1,264,170"
2021,Oct 24,Sunday,297,"$23,567,302",-35.8%,-4.2%,31,Dune: Part One,"$8,900,000"
2021,Oct 23,Saturday,296,"$36,689,902",+10.3%,-13.6%,31,Dune: Part One,"$13,700,000"
2021,Oct 22,Friday,295,"$33,272,239",+472.1%,-16.5%,31,Dune: Part One,"$17,500,000"
2021,Oct 21,Thursday,294,"$5,815,496",-13%,-14.3%,28,No Time to Die,"$1,928,467"
2021,Oct 20,Wednesday,293,"$6,681,073",-20.3%,-12.1%,28,No Time to Die,"$2,292,823"
2021,Oct 19,Tuesday,292,"$8,384,436",+9.6%,-11.5%,28,Halloween Kills,"$2,742,380"
2021,Oct 18,Monday,291,"$7,652,625",-68.9%,-45.8%,28,Halloween Kills,"$2,720,460"
2021,Oct 17,Sunday,290,"$24,592,538",-42.1%,-15.7%,30,Halloween Kills,"$9,249,355"
2021,Oct 16,Saturday,289,"$42,458,355",+6.5%,+6.8%,30,Halloween Kills,"$17,324,690"
2021,Oct 15,Friday,288,"$39,854,941",+487%,+4.6%,30,Halloween Kills,"$22,830,935"
2021,Oct 14,Thursday,287,"$6,789,384",-10.6%,+25.5%,29,No Time to Die,"$3,608,414"
2021,Oct 13,Wednesday,286,"$7,596,659",-19.8%,+16.4%,29,No Time to Die,"$4,190,316"
2021,Oct 12,Tuesday,285,"$9,476,934",-32.9%,+1.7%,29,No Time to Die,"$5,248,341"
2021,Oct 11Indig. Peoples' Day,Monday,284,"$14,128,312",-51.6%,+67.7%,29,No Time to Die,"$6,938,476"
2021,Oct 10,Sunday,283,"$29,186,499",-26.6%,-1%,31,No Time to Die,"$13,760,317"
2021,Oct 9,Saturday,282,"$39,757,615",+4.3%,-11.8%,31,No Time to Die,"$18,154,289"
2021,Oct 8,Friday,281,"$38,106,841",+604.3%,-19.1%,31,No Time to Die,"$23,310,401"
2021,Oct 7,Thursday,280,"$5,410,226",-17.1%,+110.6%,32,Venom: Let There Be Carnage,"$3,478,254"
2021,Oct 6,Wednesday,279,"$6,526,428",-29.9%,+171.3%,33,Venom: Let There Be Carnage,"$4,127,045"
2021,Oct 5,Tuesday,278,"$9,315,619",+10.6%,+203.9%,33,Venom: Let There Be Carnage,"$6,276,769"
2021,Oct 4,Monday,277,"$8,423,431",-71.4%,+250.8%,33,Venom: Let There Be Carnage,"$5,750,338"
2021,Oct 3,Sunday,276,"$29,490,092",-34.6%,+252.3%,32,Venom: Let There Be Carnage,"$20,985,629"
2021,Oct 2,Saturday,275,"$45,096,762",-4.3%,+220.6%,33,Venom: Let There Be Carnage,"$31,630,397"
2021,Oct 1,Friday,274,"$47,123,757","+1,734.1%",+359.2%,32,Venom: Let There Be Carnage,"$37,417,184"
2021,Sep 30,Thursday,273,"$2,569,276",+6.8%,-1.1%,31,Shang-Chi and the Legend of the Ten Rings,"$782,384"
2021,Sep 29,Wednesday,272,"$2,405,897",-21.5%,-14.6%,31,Shang-Chi and the Legend of the Ten Rings,"$961,808"
2021,Sep 28,Tuesday,271,"$3,065,418",+27.7%,-16.2%,31,Shang-Chi and the Legend of the Ten Rings,"$1,175,926"
2021,Sep 27,Monday,270,"$2,401,254",-71.3%,-16.5%,31,Shang-Chi and the Legend of the Ten Rings,"$946,189"
2021,Sep 26,Sunday,269,"$8,370,990",-40.5%,-19.5%,31,Shang-Chi and the Legend of the Ten Rings,"$3,530,763"
2021,Sep 25,Saturday,268,"$14,065,861",+37.1%,-19%,31,Shang-Chi and the Legend of the Ten Rings,"$5,933,872"
2021,Sep 24,Friday,267,"$10,263,071",+295.1%,-4.8%,31,Shang-Chi and the Legend of the Ten Rings,"$3,566,776"
2021,Sep 23,Thursday,266,"$2,597,470",-7.8%,-40.1%,31,Shang-Chi and the Legend of the Ten Rings,"$1,341,020"
2021,Sep 22,Wednesday,265,"$2,816,951",-23%,-30.7%,32,Shang-Chi and the Legend of the Ten Rings,"$1,467,643"
2021,Sep 21,Tuesday,264,"$3,656,899",+27.1%,-26.9%,32,Shang-Chi and the Legend of the Ten Rings,"$1,961,601"
2021,Sep 20,Monday,263,"$2,876,849",-72.3%,-24.6%,30,Shang-Chi and the Legend of the Ten Rings,"$1,539,514"
2021,Sep 19,Sunday,262,"$10,395,749",-40.1%,-29.2%,34,Shang-Chi and the Legend of the Ten Rings,"$6,050,069"
2021,Sep 18,Saturday,261,"$17,355,509",+60.9%,-27.2%,34,Shang-Chi and the Legend of the Ten Rings,"$9,754,340"
2021,Sep 17,Friday,260,"$10,784,252",+148.5%,-28.2%,32,Shang-Chi and the Legend of the Ten Rings,"$5,866,342"
2021,Sep 16,Thursday,259,"$4,339,154",+6.7%,-26%,35,Shang-Chi and the Legend of the Ten Rings,"$2,581,531"
2021,Sep 15,Wednesday,258,"$4,065,087",-18.8%,-39.1%,34,Shang-Chi and the Legend of the Ten Rings,"$2,466,295"
2021,Sep 14,Tuesday,257,"$5,003,637",+31.2%,-45.4%,33,Shang-Chi and the Legend of the Ten Rings,"$3,180,985"
2021,Sep 13,Monday,256,"$3,813,599",-74%,-86.2%,32,Shang-Chi and the Legend of the Ten Rings,"$2,448,533"
2021,Sep 12,Sunday,255,"$14,687,162",-38.4%,-57.5%,34,Shang-Chi and the Legend of the Ten Rings,"$9,729,758"
2021,Sep 11,Saturday,254,"$23,854,556",+58.7%,-33%,34,Shang-Chi and the Legend of the Ten Rings,"$15,343,106"
2021,Sep 10,Friday,253,"$15,029,897",+156.3%,-60.2%,34,Shang-Chi and the Legend of the Ten Rings,"$9,628,206"
2021,Sep 9,Thursday,252,"$5,863,916",-12.2%,+56.1%,29,Shang-Chi and the Legend of the Ten Rings,"$3,908,701"
2021,Sep 8,Wednesday,251,"$6,675,960",-27.2%,+54.4%,29,Shang-Chi and the Legend of the Ten Rings,"$4,614,556"
2021,Sep 7,Tuesday,250,"$9,169,492",-66.7%,+64.1%,29,Shang-Chi and the Legend of the Ten Rings,"$6,619,036"
2021,Sep 6Labor Day,Monday,249,"$27,571,995",-20.2%,+471.6%,29,Shang-Chi and the Legend of the Ten Rings,"$19,284,160"
2021,Sep 5,Sunday,248,"$34,538,599",-3%,+136.3%,29,Shang-Chi and the Legend of the Ten Rings,"$22,696,386"
2021,Sep 4,Saturday,247,"$35,596,201",-5.9%,+53.6%,29,Shang-Chi and the Legend of the Ten Rings,"$23,190,043"
2021,Sep 3,Friday,246,"$37,808,515",+906.2%,+103.2%,29,Shang-Chi and the Legend of the Ten Rings,"$29,502,259"
2021,Sep 2,Thursday,245,"$3,757,426",-13.1%,-16.9%,31,Candyman,"$1,310,410"
2021,Sep 1,Wednesday,244,"$4,324,762",-22.6%,-18.3%,32,Candyman,"$1,470,325"
2021,Aug 31,Tuesday,243,"$5,589,274",+15.9%,-13.7%,32,Candyman,"$1,940,475"
2021,Aug 30,Monday,242,"$4,823,953",-67%,-12%,31,Candyman,"$1,790,410"
2021,Aug 29,Sunday,241,"$14,615,088",-36.9%,-6.9%,33,Candyman,"$4,838,975"
2021,Aug 28,Saturday,240,"$23,169,125",+24.5%,+2.6%,35,Candyman,"$7,947,530"
2021,Aug 27,Friday,239,"$18,607,817",+311.5%,+8.7%,32,Candyman,"$9,215,245"
2021,Aug 26,Thursday,238,"$4,521,546",-14.6%,-23.2%,31,Free Guy,"$1,561,521"
2021,Aug 25,Wednesday,237,"$5,291,709",-18.3%,-14.3%,30,Free Guy,"$1,653,324"
2021,Aug 24,Tuesday,236,"$6,478,785",+18.2%,-19.8%,29,Free Guy,"$2,163,025"
2021,Aug 23,Monday,235,"$5,479,577",-65.1%,-18%,29,Free Guy,"$1,850,313"
2021,Aug 22,Sunday,234,"$15,693,127",-30.5%,-8.6%,31,Free Guy,"$5,410,198"
2021,Aug 21,Saturday,233,"$22,592,937",+31.9%,-7.3%,32,Free Guy,"$7,904,720"
2021,Aug 20,Friday,232,"$17,122,508",+190.9%,-26.9%,32,Free Guy,"$5,189,104"
2021,Aug 19,Thursday,231,"$5,886,028",-4.7%,+72.5%,32,Free Guy,"$2,583,234"
2021,Aug 18,Wednesday,230,"$6,175,075",-23.6%,+47.5%,30,Free Guy,"$2,627,862"
2021,Aug 17,Tuesday,229,"$8,077,327",+20.9%,+53.7%,30,Free Guy,"$3,521,157"
2021,Aug 16,Monday,228,"$6,681,564",-61.1%,+55.1%,30,Free Guy,"$2,925,306"
2021,Aug 15,Sunday,227,"$17,169,735",-29.6%,+7.7%,32,Free Guy,"$7,561,697"
2021,Aug 14,Saturday,226,"$24,376,959",+4%,+8%,32,Free Guy,"$10,357,786"
2021,Aug 13,Friday,225,"$23,428,926",+586.6%,+6.6%,32,Free Guy,"$10,445,933"
2021,Aug 12,Thursday,224,"$3,412,461",-18.5%,-50.3%,32,Jungle Cruise,"$1,580,986"
2021,Aug 11,Wednesday,223,"$4,187,889",-20.3%,-47.6%,32,Jungle Cruise,"$1,818,052"
2021,Aug 10,Tuesday,222,"$5,255,790",+22%,-48.9%,32,Jungle Cruise,"$2,420,313"
2021,Aug 9,Monday,221,"$4,307,501",-73%,-51.1%,30,Jungle Cruise,"$1,880,159"
2021,Aug 8,Sunday,220,"$15,936,013",-29.4%,-19.5%,35,The Suicide Squad,"$5,940,000"
2021,Aug 7,Saturday,219,"$22,568,396",+2.7%,-14.2%,35,The Suicide Squad,"$8,210,000"
2021,Aug 6,Friday,218,"$21,970,406",+219.9%,-17.6%,34,The Suicide Squad,"$12,100,000"
2021,Aug 5,Thursday,217,"$6,868,964",-14%,+23.2%,36,Jungle Cruise,"$2,879,758"
2021,Aug 4,Wednesday,216,"$7,990,525",-22.3%,+25.1%,35,Jungle Cruise,"$3,333,396"
2021,Aug 3,Tuesday,215,"$10,289,812",+16.7%,+26.3%,37,Jungle Cruise,"$4,680,100"
2021,Aug 2,Monday,214,"$8,815,066",-55.5%,+28.7%,37,Jungle Cruise,"$3,712,469"
2021,Aug 1,Sunday,213,"$19,791,991",-24.7%,+22.4%,36,Jungle Cruise,"$9,239,213"
2021,Jul 31,Saturday,212,"$26,300,226",-1.4%,+23.5%,35,Jungle Cruise,"$12,320,282"
2021,Jul 30,Friday,211,"$26,678,880",+378.6%,+13.1%,35,Jungle Cruise,"$13,459,236"
2021,Jul 29,Thursday,210,"$5,574,716",-12.7%,-2.8%,37,Old,"$1,409,530"
2021,Jul 28,Wednesday,209,"$6,388,128",-21.6%,-8.7%,36,Old,"$1,620,150"
2021,Jul 27,Tuesday,208,"$8,149,199",+18.9%,+0.4%,36,Old,"$2,109,705"
2021,Jul 26,Monday,207,"$6,851,149",-57.6%,-5%,38,Old,"$1,859,135"
2021,Jul 25,Sunday,206,"$16,166,802",-24.1%,-1.2%,38,Old,"$4,340,880"
2021,Jul 24,Saturday,205,"$21,302,271",-9.7%,-5.3%,39,Old,"$5,616,385"
2021,Jul 23,Friday,204,"$23,586,428",+311.2%,-27%,39,Old,"$6,897,470"
2021,Jul 22,Thursday,203,"$5,735,438",-18.1%,-39.2%,29,Black Widow,"$2,341,629"
2021,Jul 21,Wednesday,202,"$6,998,788",-13.8%,-32.1%,29,Black Widow,"$2,837,693"
2021,Jul 20,Tuesday,201,"$8,116,497",+12.5%,-39.5%,28,Black Widow,"$3,416,780"
2021,Jul 19,Monday,200,"$7,213,384",-55.9%,-41.1%,27,Black Widow,"$3,001,414"
2021,Jul 18,Sunday,199,"$16,361,183",-27.3%,-42.8%,27,Black Widow,"$7,368,262"
2021,Jul 17,Saturday,198,"$22,498,253",-30.4%,-39.8%,27,Black Widow,"$10,423,700"
2021,Jul 16,Friday,197,"$32,306,071",+242.3%,-37.1%,30,Space Jam: A New Legacy,"$13,100,000"
2021,Jul 15,Thursday,196,"$9,439,246",-8.4%,+22%,22,Black Widow,"$5,027,090"
2021,Jul 14,Wednesday,195,"$10,307,872",-23.2%,+15.8%,22,Black Widow,"$5,502,248"
2021,Jul 13,Tuesday,194,"$13,413,641",+9.4%,+33.2%,21,Black Widow,"$7,702,881"
2021,Jul 12,Monday,193,"$12,255,757",-57.2%,-28.4%,21,Black Widow,"$7,163,140"
2021,Jul 11,Sunday,192,"$28,623,856",-23.4%,+107.8%,21,Black Widow,"$17,549,937"
2021,Jul 10,Saturday,191,"$37,354,109",-27.3%,+51.5%,21,Black Widow,"$23,305,929"
2021,Jul 9,Friday,190,"$51,368,440",+563.9%,+88.3%,23,Black Widow,"$39,510,446"
2021,Jul 8,Thursday,189,"$7,737,872",-13.1%,-7.8%,29,F9: The Fast Saga,"$2,206,645"
2021,Jul 7,Wednesday,188,"$8,900,196",-11.6%,+0.7%,28,F9: The Fast Saga,"$2,839,780"
2021,Jul 6,Tuesday,187,"$10,072,260",-41.1%,-1.6%,29,F9: The Fast Saga,"$3,194,050"
2021,Jul 5,Monday,186,"$17,111,579",+24.2%,+72.7%,28,F9: The Fast Saga,"$6,092,430"
2021,Jul 4Independence Day,Sunday,185,"$13,774,668",-44.1%,-43%,29,F9: The Fast Saga,"$5,278,700"
2021,Jul 3,Saturday,184,"$24,651,410",-9.6%,-21.3%,29,F9: The Fast Saga,"$9,400,345"
2021,Jul 2,Friday,183,"$27,275,489",+224.9%,-28.1%,30,F9: The Fast Saga,"$8,329,815"
2021,Jul 1,Thursday,182,"$8,394,180",-5%,+121.2%,23,F9: The Fast Saga,"$4,940,455"
2021,Jun 30,Wednesday,181,"$8,838,612",-13.6%,+99.1%,22,F9: The Fast Saga,"$5,020,220"
2021,Jun 29,Tuesday,180,"$10,232,461",+3.3%,+88.3%,22,F9: The Fast Saga,"$6,505,755"
2021,Jun 28,Monday,179,"$9,909,125",-59%,+118.8%,21,F9: The Fast Saga,"$6,594,365"
2021,Jun 27,Sunday,178,"$24,170,930",-22.8%,+120.8%,26,F9: The Fast Saga,"$17,835,890"
2021,Jun 26,Saturday,177,"$31,305,384",-17.4%,+136.8%,25,F9: The Fast Saga,"$22,348,525"
2021,Jun 25,Friday,176,"$37,920,540",+899.3%,+189.8%,27,F9: The Fast Saga,"$29,858,750"
2021,Jun 24,Thursday,175,"$3,794,626",-14.5%,-29.1%,27,A Quiet Place Part II,"$1,104,731"
2021,Jun 23,Wednesday,174,"$4,439,188",-18.3%,-43.2%,28,A Quiet Place Part II,"$1,382,922"
2021,Jun 22,Tuesday,173,"$5,433,446",+19.9%,+16.1%,29,A Quiet Place Part II,"$1,407,927"
2021,Jun 21,Monday,172,"$4,529,835",-58.6%,+7%,27,A Quiet Place Part II,"$1,346,869"
2021,Jun 20,Sunday,171,"$10,947,847",-17.2%,+17.3%,28,Hitman's Wife's Bodyguard,"$4,106,333"
2021,Jun 19,Saturday,170,"$13,220,551",+1.1%,+3.6%,30,Hitman's Wife's Bodyguard,"$4,220,290"
2021,Jun 18,Friday,169,"$13,082,864",+144.5%,-19.7%,32,Hitman's Wife's Bodyguard,"$3,071,197"
2021,Jun 17,Thursday,168,"$5,350,641",-31.6%,+22.4%,28,A Quiet Place Part II,"$1,541,870"
2021,Jun 16,Wednesday,167,"$7,821,157",+67.1%,+64.5%,27,Hitman's Wife's Bodyguard,"$3,932,389"
2021,Jun 15,Tuesday,166,"$4,679,869",+10.6%,-13.7%,28,A Quiet Place Part II,"$1,693,096"
2021,Jun 14COVID-19 Pandemic,Monday,165,"$4,232,870",-54.7%,-11%,27,A Quiet Place Part II,"$1,740,067"
2021,Jun 13COVID-19 Pandemic,Sunday,164,"$9,336,157",-26.8%,+72.1%,28,A Quiet Place Part II,"$3,515,338"
2021,Jun 12COVID-19 Pandemic,Saturday,163,"$12,757,156",-21.7%,+166.7%,29,A Quiet Place Part II,"$4,676,062"
2021,Jun 11COVID-19 Pandemic,Friday,162,"$16,297,784",+272.7%,-29.6%,30,In the Heights,"$5,000,000"
2021,Jun 10COVID-19 Pandemic,Thursday,161,"$4,373,031",-8%,-35.4%,26,A Quiet Place Part II,"$2,045,483"
2021,Jun 9COVID-19 Pandemic,Wednesday,160,"$4,754,475",-12.3%,-79.5%,26,A Quiet Place Part II,"$2,165,469"
2021,Jun 8COVID-19 Pandemic,Tuesday,159,"$5,423,686",+13.4%,-19.9%,26,A Quiet Place Part II,"$2,433,393"
2021,Jun 7COVID-19 Pandemic,Monday,158,"$4,783,572",-71.4%,-27.7%,25,A Quiet Place Part II,"$2,317,908"
2021,Jun 6COVID-19 Pandemic,Sunday,157,"$16,720,536",-32.6%,+132.6%,27,The Conjuring: The Devil Made Me Do It,"$5,600,000"
2021,Jun 5COVID-19 Pandemic,Saturday,156,"$24,804,616",+7.1%,+47.8%,29,The Conjuring: The Devil Made Me Do It,"$8,605,000"
2021,Jun 4COVID-19 Pandemic,Friday,155,"$23,158,771",+241.9%,-21.3%,30,The Conjuring: The Devil Made Me Do It,"$9,805,000"
2021,Jun 3COVID-19 Pandemic,Thursday,154,"$6,772,931",+2.3%,+565.2%,28,A Quiet Place Part II,"$3,915,686"
2021,Jun 2COVID-19 Pandemic,Wednesday,153,"$6,619,955",-7.9%,+393.2%,28,A Quiet Place Part II,"$3,870,959"
2021,Jun 1COVID-19 Pandemic,Tuesday,152,"$7,189,503",-57.1%,-75.6%,27,A Quiet Place Part II,"$4,235,392"
2021,May 31COVID-19 PandemicMemorial Day,Monday,151,"$16,777,328",-26.2%,"+1,547.7%",29,A Quiet Place Part II,"$9,541,717"
2021,May 30COVID-19 Pandemic,Sunday,150,"$22,719,660",-12.1%,"+1,592.8%",28,A Quiet Place Part II,"$13,041,135"
2021,May 29COVID-19 Pandemic,Saturday,149,"$25,860,828",-12.1%,"+1,612.8%",29,A Quiet Place Part II,"$15,137,669"
2021,May 28COVID-19 Pandemic,Friday,148,"$29,419,809","+2,789.4%",+650.1%,29,A Quiet Place Part II,"$19,368,427"
2021,May 27COVID-19 Pandemic,Thursday,147,"$1,018,210",-24.1%,-34.9%,29,Spiral,"$282,034"
2021,May 26COVID-19 Pandemic,Wednesday,146,"$1,342,169",-11.1%,-65.8%,29,Spiral,"$424,229"
2021,May 25COVID-19 Pandemic,Tuesday,145,"$1,509,814",+16.3%,-3.5%,29,Spiral,"$483,633"
2021,May 24COVID-19 Pandemic,Monday,144,"$1,298,362",-66.8%,-12.6%,29,Spiral,"$444,247"
2021,May 23COVID-19 Pandemic,Sunday,143,"$3,914,592",-31.7%,+113.6%,30,Spiral,"$1,275,121"
2021,May 22COVID-19 Pandemic,Saturday,142,"$5,728,116",+46.1%,+264.8%,30,Spiral,"$1,908,342"
2021,May 21COVID-19 Pandemic,Friday,141,"$3,921,966",+150.6%,-41.9%,30,Spiral,"$1,411,857"
2021,May 20COVID-19 Pandemic,Thursday,140,"$1,564,720",+5.3%,+18.8%,27,Spiral,"$588,273"
2021,May 19COVID-19 Pandemic,Wednesday,139,"$1,485,263",-19%,-78%,27,Spiral,"$552,396"
2021,May 18COVID-19 Pandemic,Tuesday,138,"$1,832,575",+16.7%,+39.2%,27,Spiral,"$720,241"
2021,May 17COVID-19 Pandemic,Monday,137,"$1,570,008",-69.2%,+3.9%,27,Spiral,"$666,756"
2021,May 16COVID-19 Pandemic,Sunday,136,"$5,097,937",-32.4%,+186.4%,28,Spiral,"$1,984,071"
2021,May 15COVID-19 Pandemic,Saturday,135,"$7,535,999",+11.7%,+380.6%,28,Spiral,"$3,036,987"
2021,May 14COVID-19 Pandemic,Friday,134,"$6,746,459",+412.3%,+2.7%,28,Spiral,"$3,728,976"
2021,May 13COVID-19 Pandemic,Thursday,133,"$1,316,863",-12.9%,+24.3%,28,Wrath of Man,"$489,105"
2021,May 12COVID-19 Pandemic,Wednesday,132,"$1,511,193",-15.1%,-77%,28,Wrath of Man,"$593,410"
2021,May 11COVID-19 Pandemic,Tuesday,131,"$1,780,198",+13.5%,+68%,28,Wrath of Man,"$779,095"
2021,May 10COVID-19 Pandemic,Monday,130,"$1,568,031",-74.7%,+43.5%,28,Wrath of Man,"$689,616"
2021,May 9COVID-19 Pandemic,Sunday,129,"$6,187,422",-28.1%,+375.5%,32,Wrath of Man,"$2,333,221"
2021,May 8COVID-19 Pandemic,Saturday,128,"$8,600,038",+30.9%,+672.2%,31,Wrath of Man,"$3,003,411"
2021,May 7COVID-19 Pandemic,Friday,127,"$6,571,225",+520.1%,+9.7%,32,Wrath of Man,"$2,972,375"
2021,May 6COVID-19 Pandemic,Thursday,126,"$1,059,651",-3%,-41.8%,24,Demon Slayer: Kimetsu no Yaiba - The Movie: Mugen Train,"$559,062"
2021,May 5COVID-19 Pandemic,Wednesday,125,"$1,092,761",-16%,-81.8%,24,Demon Slayer: Kimetsu no Yaiba - The Movie: Mugen Train,"$580,184"
2021,May 4COVID-19 Pandemic,Tuesday,124,"$1,301,351",+16.8%,-28.5%,24,Demon Slayer: Kimetsu no Yaiba - The Movie: Mugen Train,"$651,186"
2021,May 3COVID-19 Pandemic,Monday,123,"$1,113,772",-71.1%,-44.8%,24,Demon Slayer: Kimetsu no Yaiba - The Movie: Mugen Train,"$586,397"
2021,May 2COVID-19 Pandemic,Sunday,122,"$3,850,346",-32.5%,+61%,25,Demon Slayer: Kimetsu no Yaiba - The Movie: Mugen Train,"$1,959,053"
2021,May 1COVID-19 Pandemic,Saturday,121,"$5,708,295",-4.7%,+158.2%,25,Demon Slayer: Kimetsu no Yaiba - The Movie: Mugen Train,"$2,681,780"
2021,Apr 30COVID-19 Pandemic,Friday,120,"$5,990,891",+229%,-70.7%,27,Mortal Kombat,"$1,850,000"
2021,Apr 29COVID-19 Pandemic,Thursday,119,"$1,820,846",-9.8%,+172.4%,20,Demon Slayer: Kimetsu no Yaiba - The Movie: Mugen Train,"$1,352,101"
2021,Apr 28COVID-19 Pandemic,Wednesday,118,"$2,018,957",-15.6%,-90.1%,21,Demon Slayer: Kimetsu no Yaiba - The Movie: Mugen Train,"$1,541,467"
2021,Apr 27COVID-19 Pandemic,Tuesday,117,"$2,392,258",+8.2%,+257.8%,21,Demon Slayer: Kimetsu no Yaiba - The Movie: Mugen Train,"$1,837,282"
2021,Apr 26COVID-19 Pandemic,Monday,116,"$2,210,671",-82.4%,+223.5%,21,Demon Slayer: Kimetsu no Yaiba - The Movie: Mugen Train,"$1,762,547"
2021,Apr 25COVID-19 Pandemic,Sunday,115,"$12,564,148",-30.5%,"+1,484.2%",23,Mortal Kombat,"$5,535,000"
2021,Apr 24COVID-19 Pandemic,Saturday,114,"$18,072,639",-11.6%,"+2,784.8%",23,Mortal Kombat,"$8,675,000"
2021,Apr 23COVID-19 Pandemic,Friday,113,"$20,453,087","+2,959.4%",+323.8%,23,Demon Slayer: Kimetsu no Yaiba - The Movie: Mugen Train,"$9,547,988"
2021,Apr 22COVID-19 Pandemic,Thursday,112,"$668,541",-2.2%,-56.1%,24,Nobody,"$192,020"
2021,Apr 21COVID-19 Pandemic,Wednesday,111,"$683,308",-13.8%,-85.8%,24,Nobody,"$189,170"
2021,Apr 20COVID-19 Pandemic,Tuesday,110,"$793,081",+26.6%,-48%,24,Nobody,"$219,670"
2021,Apr 19COVID-19 Pandemic,Monday,109,"$626,474",-86.1%,-56%,24,Nobody,"$179,645"
2021,Apr 18COVID-19 Pandemic,Sunday,108,"$4,508,527",-42%,+163.6%,25,Godzilla vs. Kong,"$2,105,000"
2021,Apr 17COVID-19 Pandemic,Saturday,107,"$7,779,451",+61.2%,+436.4%,25,Godzilla vs. Kong,"$3,620,000"
2021,Apr 16COVID-19 Pandemic,Friday,106,"$4,826,256",+216.7%,-33.1%,25,Godzilla vs. Kong,"$2,120,000"
2021,Apr 15COVID-19 Pandemic,Thursday,105,"$1,524,151",+7.1%,-44.3%,28,Godzilla vs. Kong,"$661,225"
2021,Apr 14COVID-19 Pandemic,Wednesday,104,"$1,423,570",-16.8%,-80.3%,27,Godzilla vs. Kong,"$620,016"
2021,Apr 13COVID-19 Pandemic,Tuesday,103,"$1,710,549",+17.9%,-37.5%,28,Godzilla vs. Kong,"$805,138"
2021,Apr 12COVID-19 Pandemic,Monday,102,"$1,450,423",-78.9%,-46.8%,27,Godzilla vs. Kong,"$721,494"
2021,Apr 11COVID-19 Pandemic,Sunday,101,"$6,874,397",-38.3%,+101.6%,27,Godzilla vs. Kong,"$3,776,940"
2021,Apr 10COVID-19 Pandemic,Saturday,100,"$11,143,728",+54.4%,+198.2%,28,Godzilla vs. Kong,"$6,175,231"
2021,Apr 9COVID-19 Pandemic,Friday,99,"$7,219,320",+163.9%,-55.2%,28,Godzilla vs. Kong,"$3,930,303"
2021,Apr 8COVID-19 Pandemic,Thursday,98,"$2,735,349",+0.3%,-66.4%,28,Godzilla vs. Kong,"$1,603,189"
2021,Apr 7COVID-19 Pandemic,Wednesday,97,"$2,726,583",-20%,-75.1%,28,Godzilla vs. Kong,"$1,655,474"
2021,Apr 6COVID-19 Pandemic,Tuesday,96,"$3,409,737",-8.8%,-78.8%,27,Godzilla vs. Kong,"$2,187,295"
2021,Apr 5COVID-19 Pandemic,Monday,95,"$3,737,425",-61.7%,-54%,27,Godzilla vs. Kong,"$2,573,697"
2021,Apr 4COVID-19 PandemicEaster Sunday,Sunday,94,"$9,759,800",-42.8%,-11%,28,Godzilla vs. Kong,"$7,102,754"
2021,Apr 3COVID-19 Pandemic,Saturday,93,"$17,068,372",+6%,+938.3%,28,Godzilla vs. Kong,"$12,709,668"
2021,Apr 2COVID-19 Pandemic,Friday,92,"$16,100,610",+98.1%,+200.6%,28,Godzilla vs. Kong,"$11,813,549"
2021,Apr 1COVID-19 Pandemic,Thursday,91,"$8,129,084",-25.9%,+664.3%,29,Godzilla vs. Kong,"$6,770,124"
2021,Mar 31COVID-19 Pandemic,Wednesday,90,"$10,970,146",+567.3%,+104.8%,28,Godzilla vs. Kong,"$9,704,330"
2021,Mar 30COVID-19 Pandemic,Tuesday,89,"$1,643,938",+24.8%,+54.6%,28,Nobody,"$581,660"
2021,Mar 29COVID-19 Pandemic,Monday,88,"$1,317,130",-73.2%,+23.2%,29,Nobody,"$485,890"
2021,Mar 28COVID-19 Pandemic,Sunday,87,"$4,913,938",-30.8%,+269.8%,30,Nobody,"$1,773,170"
2021,Mar 27COVID-19 Pandemic,Saturday,86,"$7,105,259",+32.7%,+616.9%,30,Nobody,"$2,538,515"
2021,Mar 26COVID-19 Pandemic,Friday,85,"$5,356,076",+403.6%,+18.4%,30,Nobody,"$2,508,415"
2021,Mar 25COVID-19 Pandemic,Thursday,84,"$1,063,566",-0.5%,-33.1%,28,Raya and the Last Dragon,"$363,481"
2021,Mar 24COVID-19 Pandemic,Wednesday,83,"$1,068,856",-19.6%,-76.4%,29,Raya and the Last Dragon,"$344,556"
2021,Mar 23COVID-19 Pandemic,Tuesday,82,"$1,328,799",+34.1%,-16.4%,28,Raya and the Last Dragon,"$454,405"
2021,Mar 22COVID-19 Pandemic,Monday,81,"$991,047",-76.1%,-30.8%,28,Raya and the Last Dragon,"$315,336"
2021,Mar 21COVID-19 Pandemic,Sunday,80,"$4,154,286",-38.7%,+146.2%,30,Raya and the Last Dragon,"$1,422,616"
2021,Mar 20COVID-19 Pandemic,Saturday,79,"$6,781,494",+49.9%,+407%,30,Raya and the Last Dragon,"$2,265,214"
2021,Mar 19COVID-19 Pandemic,Friday,78,"$4,523,380",+184.7%,+11.9%,30,Raya and the Last Dragon,"$1,441,643"
2021,Mar 18COVID-19 Pandemic,Thursday,77,"$1,588,961",+11%,+32.6%,27,Raya and the Last Dragon,"$594,544"
2021,Mar 17COVID-19 Pandemic,Wednesday,76,"$1,431,741",-15.1%,-64.6%,28,Raya and the Last Dragon,"$514,812"
2021,Mar 16COVID-19 Pandemic,Tuesday,75,"$1,687,219",+26.1%,+40.8%,27,Raya and the Last Dragon,"$660,643"
2021,Mar 15COVID-19 Pandemic,Monday,74,"$1,337,641",-70.3%,+21.2%,27,Raya and the Last Dragon,"$468,809"
2021,Mar 14COVID-19 Pandemic,Sunday,73,"$4,498,660",-35.6%,+189.7%,30,Raya and the Last Dragon,"$1,697,261"
2021,Mar 13COVID-19 Pandemic,Saturday,72,"$6,982,521",+72.7%,+506.7%,30,Raya and the Last Dragon,"$2,581,051"
2021,Mar 12COVID-19 Pandemic,Friday,71,"$4,043,268",+237.3%,-40.4%,30,Raya and the Last Dragon,"$1,428,321"
2021,Mar 11COVID-19 Pandemic,Thursday,70,"$1,198,571",+8.6%,+40.1%,27,Raya and the Last Dragon,"$435,229"
2021,Mar 10COVID-19 Pandemic,Wednesday,69,"$1,103,635",-28.9%,-83.7%,28,Raya and the Last Dragon,"$386,623"
2021,Mar 9COVID-19 Pandemic,Tuesday,68,"$1,552,958",+34.9%,+81.6%,27,Raya and the Last Dragon,"$605,362"
2021,Mar 8COVID-19 Pandemic,Monday,67,"$1,150,830",-80.8%,+35.9%,27,Raya and the Last Dragon,"$407,453"
2021,Mar 7COVID-19 Pandemic,Sunday,66,"$5,994,769",-40.5%,+389.5%,29,Raya and the Last Dragon,"$2,200,014"
2021,Mar 6COVID-19 Pandemic,Saturday,65,"$10,071,241",+48.3%,"+1,014.3%",29,Raya and the Last Dragon,"$3,699,362"
2021,Mar 5COVID-19 Pandemic,Friday,64,"$6,789,373",+693.9%,+24.4%,29,Raya and the Last Dragon,"$2,603,122"
2021,Mar 4COVID-19 Pandemic,Thursday,63,"$855,235",+1%,+103.3%,26,Tom & Jerry,"$454,877"
2021,Mar 3COVID-19 Pandemic,Wednesday,62,"$846,914",-30.9%,-84.5%,26,Tom & Jerry,"$483,123"
2021,Mar 2COVID-19 Pandemic,Tuesday,61,"$1,224,783",+35.5%,+191.1%,26,Tom & Jerry,"$750,126"
2021,Mar 1COVID-19 Pandemic,Monday,60,"$903,799",-83.6%,+141.7%,26,Tom & Jerry,"$540,846"
2021,Feb 28COVID-19 Pandemic,Sunday,59,"$5,523,283",-35.4%,+999.2%,30,Tom & Jerry,"$4,034,931"
2021,Feb 27COVID-19 Pandemic,Saturday,58,"$8,555,261",+56.8%,"+2,360.9%",30,Tom & Jerry,"$6,029,572"
2021,Feb 26COVID-19 Pandemic,Friday,57,"$5,455,860","+1,196.6%",+219.1%,30,Tom & Jerry,"$4,048,126"
2021,Feb 25COVID-19 Pandemic,Thursday,56,"$420,776",+12.5%,-6.3%,26,The Croods: A New Age,"$76,880"
2021,Feb 24COVID-19 Pandemic,Wednesday,55,"$373,874",-25.6%,-78.1%,26,The Croods: A New Age,"$69,900"
2021,Feb 23COVID-19 Pandemic,Tuesday,54,"$502,465",+44.5%,+11.9%,26,The Croods: A New Age,"$90,755"
2021,Feb 22COVID-19 Pandemic,Monday,53,"$347,641",-82.1%,-17.5%,26,The Croods: A New Age,"$65,190"
2021,Feb 21COVID-19 Pandemic,Sunday,52,"$1,941,411",-41.4%,+247.5%,26,The Croods: A New Age,"$506,800"
2021,Feb 20COVID-19 Pandemic,Saturday,51,"$3,310,330",+93.6%,+145.4%,26,The Croods: A New Age,"$846,055"
2021,Feb 19COVID-19 Pandemic,Friday,50,"$1,709,641",+280.7%,-26.4%,26,The Croods: A New Age,"$365,600"
2021,Feb 18COVID-19 Pandemic,Thursday,49,"$449,104",+6.6%,-1.2%,23,The Croods: A New Age,"$87,770"
2021,Feb 17COVID-19 Pandemic,Wednesday,48,"$421,191",-24.6%,+9.5%,23,The Croods: A New Age,"$92,445"
2021,Feb 16COVID-19 Pandemic,Tuesday,47,"$558,622",-58.6%,-75.9%,23,The Croods: A New Age,"$115,015"
2021,Feb 15COVID-19 PandemicPresidents' Day,Monday,46,"$1,348,704",-68.5%,+196.7%,23,The Croods: A New Age,"$500,440"
2021,Feb 14COVID-19 Pandemic,Sunday,45,"$4,282,561",+4.9%,"+1,013.8%",23,The Croods: A New Age,"$864,895"
2021,Feb 13COVID-19 Pandemic,Saturday,44,"$4,080,831",+75.7%,+691%,23,The Croods: A New Age,"$835,310"
2021,Feb 12COVID-19 Pandemic,Friday,43,"$2,322,648",+410.9%,+8.3%,23,Judas and the Black Messiah,"$528,167"
2021,Feb 11COVID-19 Pandemic,Thursday,42,"$454,591",+18.2%,-17.5%,20,The Little Things,"$132,234"
2021,Feb 10COVID-19 Pandemic,Wednesday,41,"$384,514",-25.5%,-82.1%,21,The Little Things,"$112,009"
2021,Feb 9COVID-19 Pandemic,Tuesday,40,"$515,910",+31.9%,-6.3%,21,The Little Things,"$166,971"
2021,Feb 8COVID-19 Pandemic,Monday,39,"$391,184",-66.5%,-27.5%,21,The Little Things,"$117,577"
2021,Feb 7COVID-19 Pandemic,Sunday,38,"$1,168,650",-70.1%,+53.9%,21,The Croods: A New Age,"$350,140"
2021,Feb 6COVID-19 Pandemic,Saturday,37,"$3,913,796",+82.5%,+727.1%,21,The Little Things,"$1,102,420"
2021,Feb 5COVID-19 Pandemic,Friday,36,"$2,144,140",+289.3%,-33.6%,21,The Little Things,"$688,082"
2021,Feb 4COVID-19 Pandemic,Thursday,35,"$550,747",+2%,+14.4%,21,The Little Things,"$205,106"
2021,Feb 3COVID-19 Pandemic,Wednesday,34,"$539,821",-28.9%,-83.3%,21,The Little Things,"$201,315"
2021,Feb 2COVID-19 Pandemic,Tuesday,33,"$759,308",+60.5%,+57.7%,20,The Little Things,"$308,246"
2021,Feb 1COVID-19 Pandemic,Monday,32,"$473,168",-82.5%,+13.2%,19,The Little Things,"$200,074"
2021,Jan 31COVID-19 Pandemic,Sunday,31,"$2,702,593",-47.5%,+375%,23,The Little Things,"$1,052,777"
2021,Jan 30COVID-19 Pandemic,Saturday,30,"$5,150,692",+59.6%,"+1,190.8%",23,The Little Things,"$2,051,313"
2021,Jan 29COVID-19 Pandemic,Friday,29,"$3,226,914",+570.1%,+44.1%,23,The Little Things,"$1,601,437"
2021,Jan 28COVID-19 Pandemic,Thursday,28,"$481,591",+15.2%,-13.6%,19,The Marksman,"$123,628"
2021,Jan 27COVID-19 Pandemic,Wednesday,27,"$418,040",-26.5%,-81.3%,20,The Marksman,"$102,998"
2021,Jan 26COVID-19 Pandemic,Tuesday,26,"$568,930",+42.6%,+2.1%,21,The Marksman,"$153,353"
2021,Jan 25COVID-19 Pandemic,Monday,25,"$399,037",-80.1%,-19.2%,21,The Marksman,"$105,750"
2021,Jan 24COVID-19 Pandemic,Sunday,24,"$2,005,752",-51%,+162.5%,25,The Croods: A New Age,"$493,100"
2021,Jan 23COVID-19 Pandemic,Saturday,23,"$4,096,135",+82.9%,+113.5%,25,The Marksman,"$994,045"
2021,Jan 22COVID-19 Pandemic,Friday,22,"$2,239,686",+302%,-23.3%,25,The Marksman,"$597,574"
2021,Jan 21COVID-19 Pandemic,Thursday,21,"$557,122",+12.8%,+3.9%,18,The Marksman,"$157,925"
2021,Jan 20COVID-19 Pandemic,Wednesday,20,"$493,805",-35.4%,-6.1%,17,The Marksman,"$142,829"
2021,Jan 19COVID-19 Pandemic,Tuesday,19,"$764,216",-60.2%,-73.8%,17,The Marksman,"$259,783"
2021,Jan 18COVID-19 PandemicMLK Day,Monday,18,"$1,918,654",-38%,+258%,19,The Croods: A New Age,"$506,755"
2021,Jan 17COVID-19 Pandemic,Sunday,17,"$3,092,221",-32.3%,+488%,19,The Marksman,"$805,844"
2021,Jan 16COVID-19 Pandemic,Saturday,16,"$4,566,493",+56.4%,+553.4%,19,The Marksman,"$1,248,209"
2021,Jan 15COVID-19 Pandemic,Friday,15,"$2,919,679",+444.8%,+20.4%,19,The Marksman,"$1,050,151"
2021,Jan 14COVID-19 Pandemic,Thursday,14,"$535,966",+1.9%,-28%,14,Wonder Woman 1984,"$155,183"
2021,Jan 13COVID-19 Pandemic,Wednesday,13,"$525,858",-24.8%,-78.3%,13,Wonder Woman 1984,"$150,007"
2021,Jan 12COVID-19 Pandemic,Tuesday,12,"$698,916",+47.4%,-6.1%,14,Wonder Woman 1984,"$202,022"
2021,Jan 11COVID-19 Pandemic,Monday,11,"$474,079",-79%,-27.1%,14,Wonder Woman 1984,"$139,019"
2021,Jan 10COVID-19 Pandemic,Sunday,10,"$2,252,567",-46.3%,+139.9%,15,Wonder Woman 1984,"$720,016"
2021,Jan 9COVID-19 Pandemic,Saturday,9,"$4,193,432",+73%,+360.1%,16,Wonder Woman 1984,"$1,409,138"
2021,Jan 8COVID-19 Pandemic,Friday,8,"$2,424,285",+225.8%,-47%,16,Wonder Woman 1984,"$830,861"
2021,Jan 7COVID-19 Pandemic,Thursday,7,"$744,136",+14.4%,-74.5%,17,Wonder Woman 1984,"$257,042"
2021,Jan 6COVID-19 Pandemic,Wednesday,6,"$650,454",-30.7%,-85.8%,17,Wonder Woman 1984,"$224,556"
2021,Jan 5COVID-19 Pandemic,Tuesday,5,"$938,981",+3%,-67.8%,17,Wonder Woman 1984,"$335,270"
2021,Jan 4COVID-19 Pandemic,Monday,4,"$911,407",-67.8%,-68.3%,17,Wonder Woman 1984,"$345,829"
2021,Jan 3COVID-19 Pandemic,Sunday,3,"$2,827,569",-45.4%,-7.7%,22,Wonder Woman 1984,"$1,158,518"
2021,Jan 2COVID-19 Pandemic,Saturday,2,"$5,179,619",+13.1%,+67.9%,22,Wonder Woman 1984,"$2,210,420"
2021,Jan 1COVID-19 PandemicNew Year's Day,Friday,1,"$4,578,181",+57.1%,-55.7%,22,Wonder Woman 1984,"$2,060,272"
2022,Dec 31New Year's Eve,Saturday,365,"$27,962,493",-26.2%,+31.6%,31,Avatar: The Way of Water,"$18,053,159"
2022,Dec 30,Friday,364,"$37,900,613",+21.5%,+29.7%,32,Avatar: The Way of Water,"$24,836,835"
2022,Dec 29,Thursday,363,"$31,204,428",-2.1%,+55.2%,28,Avatar: The Way of Water,"$20,117,061"
2022,Dec 28,Wednesday,362,"$31,866,473",-14.7%,+49.5%,28,Avatar: The Way of Water,"$20,582,014"
2022,Dec 27,Tuesday,361,"$37,343,124",-20.5%,+70.3%,28,Avatar: The Way of Water,"$24,128,503"
2022,Dec 26,Monday,360,"$46,963,277",+8%,+146.5%,29,Avatar: The Way of Water,"$32,270,430"
2022,Dec 25Christmas Day,Sunday,359,"$43,485,546",-23%,-54.6%,28,Avatar: The Way of Water,"$29,179,791"
2022,Dec 24,Saturday,358,"$21,255,461",-27.2%,-58.7%,28,Avatar: The Way of Water,"$14,869,288"
2022,Dec 23,Friday,357,"$29,211,733",+45.3%,-49.5%,29,Avatar: The Way of Water,"$19,289,141"
2022,Dec 22,Thursday,356,"$20,101,091",-5.7%,+780.5%,30,Avatar: The Way of Water,"$14,632,040"
2022,Dec 21,Wednesday,355,"$21,315,270",-2.8%,+606.1%,31,Avatar: The Way of Water,"$14,403,438"
2022,Dec 20,Tuesday,354,"$21,925,733",+15.1%,+457.5%,31,Avatar: The Way of Water,"$18,288,904"
2022,Dec 19,Monday,353,"$19,052,001",-54.9%,+548.3%,30,Avatar: The Way of Water,"$16,257,078"
2022,Dec 18World Cup (Qatar),Sunday,352,"$42,230,148",-17.9%,+344%,31,Avatar: The Way of Water,"$36,572,069"
2022,Dec 17World Cup (Qatar),Saturday,351,"$51,418,191",-11.1%,+232.5%,30,Avatar: The Way of Water,"$44,327,887"
2022,Dec 16World Cup (Qatar),Friday,350,"$57,866,360","+2,434.7%",+554.1%,31,Avatar: The Way of Water,"$53,200,270"
2022,Dec 15World Cup (Qatar),Thursday,349,"$2,282,964",-24.4%,-39.8%,33,Black Panther: Wakanda Forever,"$688,851"
2022,Dec 14World Cup (Qatar),Wednesday,348,"$3,018,611",-23.2%,-23.5%,34,Black Panther: Wakanda Forever,"$909,059"
2022,Dec 13World Cup (Qatar),Tuesday,347,"$3,932,901",+33.8%,-28.8%,36,Black Panther: Wakanda Forever,"$1,144,342"
2022,Dec 12World Cup (Qatar),Monday,346,"$2,938,862",-69.1%,-24.5%,34,Black Panther: Wakanda Forever,"$903,453"
2022,Dec 11World Cup (Qatar),Sunday,345,"$9,510,921",-38.5%,-28.6%,36,Black Panther: Wakanda Forever,"$3,195,195"
2022,Dec 10World Cup (Qatar),Saturday,344,"$15,466,337",+74.8%,-28.9%,37,Black Panther: Wakanda Forever,"$5,178,818"
2022,Dec 9World Cup (Qatar),Friday,343,"$8,846,320",+133.2%,-37.3%,36,Black Panther: Wakanda Forever,"$2,860,689"
2022,Dec 8World Cup (Qatar),Thursday,342,"$3,792,849",-3.8%,-20.4%,30,Black Panther: Wakanda Forever,"$1,165,072"
2022,Dec 7World Cup (Qatar),Wednesday,341,"$3,943,414",-28.6%,-10.5%,29,Black Panther: Wakanda Forever,"$1,144,653"
2022,Dec 6World Cup (Qatar),Tuesday,340,"$5,526,292",+41.9%,-5.5%,31,Black Panther: Wakanda Forever,"$1,567,075"
2022,Dec 5World Cup (Qatar),Monday,339,"$3,895,004",-70.8%,-15.3%,30,Black Panther: Wakanda Forever,"$1,162,850"
2022,Dec 4World Cup (Qatar),Sunday,338,"$13,327,779",-38.7%,-33.7%,30,Black Panther: Wakanda Forever,"$4,908,833"
2022,Dec 3World Cup (Qatar),Saturday,337,"$21,746,080",+54.1%,-36.2%,32,Black Panther: Wakanda Forever,"$8,171,837"
2022,Dec 2World Cup (Qatar),Friday,336,"$14,111,815",+196%,-60.3%,31,Violent Night,"$4,869,770"
2022,Dec 1World Cup (Qatar),Thursday,335,"$4,767,528",+8.2%,-72.1%,25,Black Panther: Wakanda Forever,"$1,851,240"
2022,Nov 30World Cup (Qatar),Wednesday,334,"$4,405,292",-24.7%,-79.8%,24,Black Panther: Wakanda Forever,"$1,918,716"
2022,Nov 29World Cup (Qatar),Tuesday,333,"$5,848,911",+27.2%,-58.6%,26,Black Panther: Wakanda Forever,"$2,681,411"
2022,Nov 28World Cup (Qatar),Monday,332,"$4,597,554",-77.1%,-59.3%,24,Black Panther: Wakanda Forever,"$2,208,258"
2022,Nov 27World Cup (Qatar),Sunday,331,"$20,116,146",-40.9%,-28.8%,29,Black Panther: Wakanda Forever,"$9,754,235"
2022,Nov 26World Cup (Qatar),Saturday,330,"$34,060,152",-4.2%,-17.4%,29,Black Panther: Wakanda Forever,"$17,599,193"
2022,Nov 25World Cup (Qatar),Friday,329,"$35,559,618",+107.9%,+20.6%,30,Black Panther: Wakanda Forever,"$18,230,476"
2022,Nov 24ThanksgivingWorld Cup (Qatar),Thursday,328,"$17,101,407",-21.6%,+91.3%,31,Black Panther: Wakanda Forever,"$8,164,083"
2022,Nov 23World Cup (Qatar),Wednesday,327,"$21,821,636",+54.5%,+123%,33,Black Panther: Wakanda Forever,"$10,052,869"
2022,Nov 22World Cup (Qatar),Tuesday,326,"$14,128,236",+25.2%,-4.9%,30,Black Panther: Wakanda Forever,"$9,492,924"
2022,Nov 21World Cup (Qatar),Monday,325,"$11,288,507",-60.1%,-11.6%,30,Black Panther: Wakanda Forever,"$7,002,759"
2022,Nov 20,Sunday,324,"$28,259,098",-31.5%,-40%,30,Black Panther: Wakanda Forever,"$19,710,460"
2022,Nov 19,Saturday,323,"$41,248,978",+39.9%,-38.1%,30,Black Panther: Wakanda Forever,"$28,772,668"
2022,Nov 18,Friday,322,"$29,488,645",+229.9%,-68.3%,31,Black Panther: Wakanda Forever,"$17,999,138"
2022,Nov 17,Thursday,321,"$8,937,676",-8.6%,+169.3%,27,Black Panther: Wakanda Forever,"$7,480,079"
2022,Nov 16,Wednesday,320,"$9,783,542",-34.1%,+169.2%,29,Black Panther: Wakanda Forever,"$8,110,601"
2022,Nov 15,Tuesday,319,"$14,854,835",+16.3%,+135.1%,28,Black Panther: Wakanda Forever,"$12,636,707"
2022,Nov 14,Monday,318,"$12,776,780",-72.9%,+206.1%,29,Black Panther: Wakanda Forever,"$11,125,499"
2022,Nov 13,Sunday,317,"$47,113,613",-29.3%,+232.8%,30,Black Panther: Wakanda Forever,"$40,922,989"
2022,Nov 12,Saturday,316,"$66,610,882",-28.5%,+196.1%,30,Black Panther: Wakanda Forever,"$56,131,051"
2022,Nov 11,Friday,315,"$93,156,358","+2,706.6%",+440.5%,32,Black Panther: Wakanda Forever,"$84,285,721"
2022,Nov 10,Thursday,314,"$3,319,142",-8.7%,-24.7%,34,Black Adam,"$951,078"
2022,Nov 9,Wednesday,313,"$3,634,689",-42.5%,-19.8%,34,Black Adam,"$1,070,591"
2022,Nov 8,Tuesday,312,"$6,317,801",+51.4%,-6.2%,33,Black Adam,"$2,055,912"
2022,Nov 7,Monday,311,"$4,174,057",-70.5%,-40.8%,34,Black Adam,"$1,328,183"
2022,Nov 6,Sunday,310,"$14,155,088",-37.1%,-22.6%,34,Black Adam,"$5,270,433"
2022,Nov 5,Saturday,309,"$22,499,016",+30.5%,-13.8%,34,Black Adam,"$8,296,544"
2022,Nov 4,Friday,308,"$17,234,584",+290.8%,-11.9%,35,One Piece Film: Red,"$4,838,903"
2022,Nov 3,Thursday,307,"$4,409,675",-2.7%,-31.8%,34,Black Adam,"$1,631,838"
2022,Nov 2,Wednesday,306,"$4,534,367",-32.7%,-35.3%,35,Black Adam,"$1,720,811"
2022,Nov 1,Tuesday,305,"$6,737,881",-4.4%,-36.4%,33,Black Adam,"$2,604,658"
2022,Oct 31Halloween,Monday,304,"$7,047,076",-61.4%,-14.3%,34,Black Adam,"$1,977,587"
2022,Oct 30,Sunday,303,"$18,278,615",-30%,-34%,36,Black Adam,"$8,207,517"
2022,Oct 29,Saturday,302,"$26,108,515",+33.5%,-36.9%,37,Black Adam,"$11,812,685"
2022,Oct 28,Friday,301,"$19,554,153",+202.5%,-52.5%,38,Black Adam,"$7,451,938"
2022,Oct 27,Thursday,300,"$6,463,896",-7.8%,+85.5%,35,Black Adam,"$3,124,177"
2022,Oct 26,Wednesday,299,"$7,009,550",-33.8%,+69.2%,33,Black Adam,"$3,353,669"
2022,Oct 25,Tuesday,298,"$10,586,504",+28.8%,+82.7%,33,Black Adam,"$5,453,792"
2022,Oct 24,Monday,297,"$8,220,793",-70.3%,+72.1%,35,Black Adam,"$4,502,706"
2022,Oct 23,Sunday,296,"$27,677,361",-33.1%,+78.4%,33,Black Adam,"$16,603,514"
2022,Oct 22,Saturday,295,"$41,349,182",+0.4%,+51.9%,34,Black Adam,"$23,712,485"
2022,Oct 21,Friday,294,"$41,169,215","+1,081.6%",+37.4%,35,Black Adam,"$26,688,324"
2022,Oct 20,Thursday,293,"$3,484,078",-15.9%,-15.6%,34,Smile,"$1,062,103"
2022,Oct 19,Wednesday,292,"$4,142,565",-28.5%,-6.7%,35,Halloween Ends,"$1,274,995"
2022,Oct 18,Tuesday,291,"$5,793,095",+21.3%,-1.1%,35,Halloween Ends,"$2,085,660"
2022,Oct 17,Monday,290,"$4,775,384",-69.2%,-39.6%,35,Halloween Ends,"$1,751,325"
2022,Oct 16,Sunday,289,"$15,516,864",-43%,+0.5%,35,Halloween Ends,"$6,642,010"
2022,Oct 15,Saturday,288,"$27,225,421",-9.1%,+25.5%,35,Halloween Ends,"$13,032,850"
2022,Oct 14,Friday,287,"$29,954,983",+625.7%,+79.5%,35,Halloween Ends,"$20,375,495"
2022,Oct 13,Thursday,286,"$4,127,828",-7.1%,-13.9%,39,Smile,"$1,521,240"
2022,Oct 12,Wednesday,285,"$4,441,233",-24.2%,-18.4%,39,Smile,"$1,659,865"
2022,Oct 11,Tuesday,284,"$5,856,705",-25.9%,-12.9%,37,Smile,"$2,084,533"
2022,Oct 10Indig. Peoples' Day,Monday,283,"$7,904,958",-48.8%,+65.3%,39,Smile,"$2,665,031"
2022,Oct 9,Sunday,282,"$15,440,552",-28.8%,+5%,41,Smile,"$5,676,188"
2022,Oct 8,Saturday,281,"$21,686,777",+30%,-5.2%,41,Smile,"$7,450,041"
2022,Oct 7,Friday,280,"$16,684,348",+247.9%,-13.7%,41,Smile,"$5,416,339"
2022,Oct 6,Thursday,279,"$4,795,451",-11.9%,+15.5%,45,Smile,"$2,091,135"
2022,Oct 5,Wednesday,278,"$5,442,160",-19.1%,+32.8%,44,Smile,"$2,410,604"
2022,Oct 4,Tuesday,277,"$6,726,815",+40.7%,+12%,43,Smile,"$2,981,567"
2022,Oct 3,Monday,276,"$4,782,388",-67.5%,-9.2%,44,Smile,"$2,201,431"
2022,Oct 2,Sunday,275,"$14,706,576",-35.7%,+1.9%,47,Smile,"$5,759,618"
2022,Oct 1,Saturday,274,"$22,876,709",+18.3%,+7.5%,46,Smile,"$8,615,905"
2022,Sep 30,Friday,273,"$19,336,153",+365.5%,-4.1%,47,Smile,"$8,234,402"
2022,Sep 29,Thursday,272,"$4,153,601",+1.4%,+28.6%,46,Don't Worry Darling,"$1,154,262"
2022,Sep 28,Wednesday,271,"$4,096,881",-31.8%,+9.4%,43,Don't Worry Darling,"$1,322,508"
2022,Sep 27,Tuesday,270,"$6,003,902",+13.9%,+15.2%,44,Don't Worry Darling,"$2,006,011"
2022,Sep 26,Monday,269,"$5,269,152",-63.5%,+35.8%,45,Don't Worry Darling,"$1,668,649"
2022,Sep 25,Sunday,268,"$14,431,146",-32.2%,+22.9%,47,Don't Worry Darling,"$4,106,237"
2022,Sep 24,Saturday,267,"$21,281,664",+5.6%,+24.5%,47,Don't Worry Darling,"$5,777,095"
2022,Sep 23,Friday,266,"$20,159,356",+524.1%,+39.9%,47,Don't Worry Darling,"$9,469,881"
2022,Sep 22,Thursday,265,"$3,230,224",-13.7%,+36.6%,48,The Woman King,"$1,212,564"
2022,Sep 21,Wednesday,264,"$3,745,150",-28.1%,+36.3%,48,The Woman King,"$1,337,259"
2022,Sep 20,Tuesday,263,"$5,211,892",+34.3%,+30.3%,48,The Woman King,"$2,115,447"
2022,Sep 19,Monday,262,"$3,880,097",-67%,+37.2%,48,The Woman King,"$1,437,012"
2022,Sep 18,Sunday,261,"$11,742,235",-31.3%,+27.7%,51,The Woman King,"$5,110,767"
2022,Sep 17,Saturday,260,"$17,100,115",+18.7%,+21.5%,52,The Woman King,"$7,121,993"
2022,Sep 16,Friday,259,"$14,406,673",+509.4%,+34.6%,50,The Woman King,"$6,818,682"
2022,Sep 15,Thursday,258,"$2,363,949",-14%,+2.8%,42,Barbarian,"$774,940"
2022,Sep 14,Wednesday,257,"$2,747,409",-31.3%,-3.2%,45,Barbarian,"$940,974"
2022,Sep 13,Tuesday,256,"$4,000,814",+41.5%,+21.4%,44,Barbarian,"$1,337,647"
2022,Sep 12,Monday,255,"$2,827,557",-69.3%,-76.3%,45,Barbarian,"$1,017,924"
2022,Sep 11,Sunday,254,"$9,196,286",-34.7%,-37.7%,46,Barbarian,"$2,737,004"
2022,Sep 10,Saturday,253,"$14,077,942",+31.5%,-25%,47,Barbarian,"$3,962,988"
2022,Sep 9,Friday,252,"$10,701,752",+365.5%,+20.8%,47,Barbarian,"$3,843,956"
2022,Sep 8,Thursday,251,"$2,299,144",-19%,-28.5%,40,After Ever Happy,"$395,645"
2022,Sep 7,Wednesday,250,"$2,837,347",-13.9%,-19.7%,38,After Ever Happy,"$555,056"
2022,Sep 6,Tuesday,249,"$3,296,795",-72.4%,-38.3%,37,Bullet Train,"$525,700"
2022,Sep 5Labor Day,Monday,248,"$11,941,671",-19.2%,+224.5%,42,Top Gun: Maverick,"$1,906,497"
2022,Sep 4,Sunday,247,"$14,772,769",-21.3%,+29.1%,41,Top Gun: Maverick,"$2,290,699"
2022,Sep 3,Saturday,246,"$18,780,708",+112%,+8%,40,Top Gun: Maverick,"$2,617,003"
2022,Sep 2,Friday,245,"$8,858,474",+175.4%,-29.5%,39,Spider-Man: No Way Home2022 Re-release,"$1,754,503"
2022,Sep 1,Thursday,244,"$3,216,411",-9%,-36.7%,40,Bullet Train,"$502,540"
2022,Aug 31,Wednesday,243,"$3,534,373",-33.8%,-36.9%,40,Bullet Train,"$525,045"
2022,Aug 30,Tuesday,242,"$5,339,850",+45.1%,-36%,39,Bullet Train,"$776,588"
2022,Aug 29,Monday,241,"$3,679,873",-67.9%,-46.9%,40,The Invitation,"$533,295"
2022,Aug 28,Sunday,240,"$11,446,998",-34.2%,-38%,42,Bullet Train,"$1,609,214"
2022,Aug 27,Saturday,239,"$17,390,684",+38.3%,-32.1%,41,The Invitation,"$2,515,143"
2022,Aug 26,Friday,238,"$12,570,356",+147.4%,-50.1%,41,The Invitation,"$2,681,924"
2022,Aug 25,Thursday,237,"$5,080,823",-9.4%,-14.5%,36,Dragon Ball Super: Super Hero,"$910,332"
2022,Aug 24,Wednesday,236,"$5,605,032",-32.8%,-18.3%,35,Dragon Ball Super: Super Hero,"$1,054,238"
2022,Aug 23,Tuesday,235,"$8,346,802",+20.4%,-7.7%,36,Dragon Ball Super: Super Hero,"$1,594,446"
2022,Aug 22,Monday,234,"$6,933,325",-62.5%,+4.8%,35,Dragon Ball Super: Super Hero,"$1,515,456"
2022,Aug 21,Sunday,233,"$18,472,443",-27.9%,+12.9%,38,Dragon Ball Super: Super Hero,"$4,396,179"
2022,Aug 20,Saturday,232,"$25,615,322",+1.7%,+12.9%,38,Dragon Ball Super: Super Hero,"$5,814,424"
2022,Aug 19,Friday,231,"$25,193,434",+324%,+52.3%,37,Dragon Ball Super: Super Hero,"$10,916,316"
2022,Aug 18,Thursday,230,"$5,941,285",-13.4%,-32.9%,40,Bullet Train,"$1,258,796"
2022,Aug 17,Wednesday,229,"$6,863,429",-24.1%,-26.7%,39,Bullet Train,"$1,521,490"
2022,Aug 16,Tuesday,228,"$9,042,223",+36.7%,-34.8%,39,Bullet Train,"$2,206,353"
2022,Aug 15,Monday,227,"$6,615,467",-59.6%,-37.3%,37,Bullet Train,"$1,510,422"
2022,Aug 14,Sunday,226,"$16,362,331",-27.9%,-34.8%,40,Bullet Train,"$4,078,187"
2022,Aug 13,Saturday,225,"$22,680,785",+37.1%,-30.4%,40,Bullet Train,"$5,465,276"
2022,Aug 12,Friday,224,"$16,538,937",+86.9%,-45.4%,39,Bullet Train,"$3,861,559"
2022,Aug 11,Thursday,223,"$8,848,023",-5.5%,-15.3%,29,Bullet Train,"$2,178,183"
2022,Aug 10,Wednesday,222,"$9,366,411",-32.4%,-20.3%,28,Bullet Train,"$2,331,654"
2022,Aug 9,Tuesday,221,"$13,860,453",+31.3%,-11.8%,29,Bullet Train,"$3,851,738"
2022,Aug 8,Monday,220,"$10,557,810",-57.9%,-19.1%,28,Bullet Train,"$2,690,972"
2022,Aug 7,Sunday,219,"$25,106,877",-23%,-8.9%,30,Bullet Train,"$7,501,874"
2022,Aug 6,Saturday,218,"$32,597,403",+7.6%,-7.9%,30,Bullet Train,"$9,685,911"
2022,Aug 5,Friday,217,"$30,300,233",+190%,-2%,30,Bullet Train,"$12,842,371"
2022,Aug 4,Thursday,216,"$10,449,729",-11.1%,-25.3%,34,DC League of Super-Pets,"$2,240,512"
2022,Aug 3,Wednesday,215,"$11,758,442",-25.2%,-22.2%,33,DC League of Super-Pets,"$2,325,164"
2022,Aug 2,Tuesday,214,"$15,720,664",+20.4%,-23.5%,33,DC League of Super-Pets,"$3,681,122"
2022,Aug 1,Monday,213,"$13,052,581",-52.6%,-21%,33,DC League of Super-Pets,"$2,651,643"
2022,Jul 31,Sunday,212,"$27,557,295",-22.1%,-24%,34,DC League of Super-Pets,"$5,946,177"
2022,Jul 30,Saturday,211,"$35,381,454",+14.4%,-22%,33,DC League of Super-Pets,"$7,729,632"
2022,Jul 29,Friday,210,"$30,918,250",+121%,-27.2%,33,DC League of Super-Pets,"$9,327,632"
2022,Jul 28,Thursday,209,"$13,987,843",-7.5%,-7.5%,29,Nope,"$3,558,685"
2022,Jul 27,Wednesday,208,"$15,121,049",-26.4%,-8.7%,30,Nope,"$3,867,360"
2022,Jul 26,Tuesday,207,"$20,550,724",+24.3%,-7%,31,Nope,"$5,462,490"
2022,Jul 25,Monday,206,"$16,531,086",-54.4%,-8.6%,31,Nope,"$4,777,980"
2022,Jul 24,Sunday,205,"$36,268,100",-20%,-8.7%,31,Nope,"$10,890,065"
2022,Jul 23,Saturday,204,"$45,347,634",+6.8%,-8.9%,31,Nope,"$13,938,155"
2022,Jul 22,Friday,203,"$42,464,701",+180.7%,+1.8%,31,Nope,"$19,538,690"
2022,Jul 21,Thursday,202,"$15,127,935",-8.7%,-22.8%,32,Thor: Love and Thunder,"$3,903,317"
2022,Jul 20,Wednesday,201,"$16,563,867",-25%,-22.9%,31,Thor: Love and Thunder,"$4,536,230"
2022,Jul 19,Tuesday,200,"$22,089,075",+22.2%,-25.9%,32,Thor: Love and Thunder,"$6,440,182"
2022,Jul 18,Monday,199,"$18,082,350",-54.5%,-27.3%,32,Thor: Love and Thunder,"$5,337,661"
2022,Jul 17,Sunday,198,"$39,715,575",-20.3%,-34.4%,35,Thor: Love and Thunder,"$14,354,321"
2022,Jul 16,Saturday,197,"$49,800,143",+19.4%,-36.7%,32,Thor: Love and Thunder,"$18,501,978"
2022,Jul 15,Friday,196,"$41,715,439",+113%,-57.5%,32,Thor: Love and Thunder,"$13,775,873"
2022,Jul 14,Thursday,195,"$19,588,238",-8.9%,-0.7%,31,Thor: Love and Thunder,"$8,338,839"
2022,Jul 13,Wednesday,194,"$21,493,985",-27.9%,-15.4%,32,Thor: Love and Thunder,"$8,929,256"
2022,Jul 12,Tuesday,193,"$29,795,505",+19.8%,-6.7%,28,Thor: Love and Thunder,"$13,655,428"
2022,Jul 11,Monday,192,"$24,864,583",-58.9%,-25.7%,28,Thor: Love and Thunder,"$12,182,506"
2022,Jul 10,Sunday,191,"$60,543,877",-23.1%,+13.8%,28,Thor: Love and Thunder,"$32,498,540"
2022,Jul 9,Saturday,190,"$78,712,815",-19.7%,+24.7%,30,Thor: Love and Thunder,"$42,112,494"
2022,Jul 8,Friday,189,"$98,042,012",+397.1%,+35.8%,28,Thor: Love and Thunder,"$69,554,073"
2022,Jul 7,Thursday,188,"$19,724,152",-22.4%,+32.5%,29,Minions: The Rise of Gru,"$10,342,345"
2022,Jul 6,Wednesday,187,"$25,418,133",-20.4%,+50.4%,29,Minions: The Rise of Gru,"$13,568,820"
2022,Jul 5,Tuesday,186,"$31,942,154",-4.6%,+53.8%,27,Minions: The Rise of Gru,"$17,530,175"
2022,Jul 4Independence Day,Monday,185,"$33,475,698",-37.1%,+80.4%,27,Minions: The Rise of Gru,"$16,077,100"
2022,Jul 3,Sunday,184,"$53,182,771",-15.8%,+38%,31,Minions: The Rise of Gru,"$26,129,245"
2022,Jul 2,Saturday,183,"$63,129,493",-12.5%,+28.4%,31,Minions: The Rise of Gru,"$32,646,705"
2022,Jul 1,Friday,182,"$72,186,724",+385%,+58.1%,30,Minions: The Rise of Gru,"$48,234,190"
2022,Jun 30,Thursday,181,"$14,882,773",-11.9%,+1.6%,29,Top Gun: Maverick,"$4,006,207"
2022,Jun 29,Wednesday,180,"$16,895,896",-18.7%,+3.1%,29,Top Gun: Maverick,"$4,305,954"
2022,Jun 28,Tuesday,179,"$20,774,770",+12%,+1.5%,31,Elvis,"$5,267,391"
2022,Jun 27,Monday,178,"$18,552,084",-51.9%,-25.1%,30,Top Gun: Maverick,"$4,607,973"
2022,Jun 26,Sunday,177,"$38,544,682",-21.6%,-30.6%,34,Top Gun: Maverick,"$9,245,301"
2022,Jun 25,Saturday,176,"$49,149,679",+7.7%,-14.6%,33,Top Gun: Maverick,"$12,052,751"
2022,Jun 24,Friday,175,"$45,644,546",+211.5%,-9%,33,Elvis,"$12,755,467"
2022,Jun 23,Thursday,174,"$14,651,396",-10.6%,-12%,35,Top Gun: Maverick,"$5,001,644"
2022,Jun 22,Wednesday,173,"$16,386,250",-20%,-12.3%,34,Top Gun: Maverick,"$5,476,223"
2022,Jun 21,Tuesday,172,"$20,475,104",-17.4%,-18.1%,35,Jurassic World: Dominion,"$7,148,530"
2022,Jun 20,Monday,171,"$24,779,196",-55.4%,+16.2%,35,Jurassic World: Dominion,"$8,630,480"
2022,Jun 19,Sunday,170,"$55,557,705",-3.4%,-9%,35,Jurassic World: Dominion,"$21,081,560"
2022,Jun 18,Saturday,169,"$57,541,266",+14.7%,-21.3%,36,Jurassic World: Dominion,"$22,214,665"
2022,Jun 17,Friday,168,"$50,162,669",+201.2%,-35.9%,36,Lightyear,"$20,705,945"
2022,Jun 16,Thursday,167,"$16,652,622",-10.9%,+38.3%,33,Jurassic World: Dominion,"$8,665,580"
2022,Jun 15,Wednesday,166,"$18,684,499",-25.3%,+16.7%,34,Jurassic World: Dominion,"$9,922,365"
2022,Jun 14,Tuesday,165,"$25,015,269",+17.3%,+37.5%,34,Jurassic World: Dominion,"$14,777,680"
2022,Jun 13,Monday,164,"$21,321,489",-65.1%,+33.9%,34,Jurassic World: Dominion,"$12,695,440"
2022,Jun 12,Sunday,163,"$61,035,426",-16.6%,+64.3%,37,Jurassic World: Dominion,"$38,597,110"
2022,Jun 11,Saturday,162,"$73,153,596",-6.5%,+54.2%,37,Jurassic World: Dominion,"$46,887,000"
2022,Jun 10,Friday,161,"$78,280,742",+550.1%,+131.6%,36,Jurassic World: Dominion,"$59,591,515"
2022,Jun 9,Thursday,160,"$12,041,669",-24.8%,-36.5%,34,Top Gun: Maverick,"$9,133,204"
2022,Jun 8,Wednesday,159,"$16,014,247",-12%,-16.5%,36,Top Gun: Maverick,"$12,402,113"
2022,Jun 7,Tuesday,158,"$18,192,757",+14.3%,-15.1%,34,Top Gun: Maverick,"$13,765,401"
2022,Jun 6,Monday,157,"$15,921,401",-57.2%,-65%,36,Top Gun: Maverick,"$12,402,196"
2022,Jun 5,Sunday,156,"$37,157,335",-21.7%,-27.6%,39,Top Gun: Maverick,"$29,022,049"
2022,Jun 4,Saturday,155,"$47,434,874",+40.3%,-14.3%,40,Top Gun: Maverick,"$36,008,145"
2022,Jun 3,Friday,154,"$33,800,699",+78.2%,-50.3%,39,Top Gun: Maverick,"$25,006,817"
2022,Jun 2,Thursday,153,"$18,962,612",-1.1%,+228.1%,37,Top Gun: Maverick,"$14,466,868"
2022,Jun 1,Wednesday,152,"$19,181,216",-10.5%,+183.9%,32,Top Gun: Maverick,"$14,821,417"
2022,May 31,Tuesday,151,"$21,425,107",-52.9%,+172.5%,34,Top Gun: Maverick,"$15,800,746"
2022,May 30Memorial Day,Monday,150,"$45,498,178",-11.3%,+553.6%,35,Top Gun: Maverick,"$33,807,521"
2022,May 29,Sunday,149,"$51,298,305",-7.3%,+147.4%,35,Top Gun: Maverick,"$36,677,097"
2022,May 28,Saturday,148,"$55,351,885",-18.6%,+95.4%,36,Top Gun: Maverick,"$38,017,701"
2022,May 27,Friday,147,"$68,026,103","+1,077.1%",+202.7%,37,Top Gun: Maverick,"$52,012,661"
2022,May 26,Thursday,146,"$5,779,228",-14.5%,-5.9%,37,Doctor Strange in the Multiverse of Madness,"$2,381,639"
2022,May 25,Wednesday,145,"$6,756,375",-14.1%,+9.3%,36,Doctor Strange in the Multiverse of Madness,"$2,787,470"
2022,May 24,Tuesday,144,"$7,862,473",+13%,-3.9%,34,Doctor Strange in the Multiverse of Madness,"$3,093,792"
2022,May 23,Monday,143,"$6,960,867",-66.4%,+4.5%,33,Doctor Strange in the Multiverse of Madness,"$3,326,033"
2022,May 22,Sunday,142,"$20,733,195",-26.8%,-20.5%,36,Doctor Strange in the Multiverse of Madness,"$9,935,047"
2022,May 21,Saturday,141,"$28,321,398",+26%,-25.9%,36,Doctor Strange in the Multiverse of Madness,"$13,801,107"
2022,May 20,Friday,140,"$22,469,484",+265.9%,-9.2%,36,Doctor Strange in the Multiverse of Madness,"$8,568,406"
2022,May 19,Thursday,139,"$6,140,895",-0.6%,-41.4%,31,Doctor Strange in the Multiverse of Madness,"$3,858,995"
2022,May 18,Wednesday,138,"$6,179,906",-24.5%,-46.9%,30,Doctor Strange in the Multiverse of Madness,"$3,910,188"
2022,May 17,Tuesday,137,"$8,180,905",+22.8%,-47.9%,29,Doctor Strange in the Multiverse of Madness,"$5,283,222"
2022,May 16,Monday,136,"$6,664,036",-74.5%,-58.6%,28,Doctor Strange in the Multiverse of Madness,"$4,812,753"
2022,May 15,Sunday,135,"$26,087,597",-31.7%,-47.8%,30,Doctor Strange in the Multiverse of Madness,"$18,169,002"
2022,May 14,Saturday,134,"$38,207,954",+54.4%,-46.4%,30,Doctor Strange in the Multiverse of Madness,"$26,452,876"
2022,May 13,Friday,133,"$24,753,990",+136.4%,-75%,29,Doctor Strange in the Multiverse of Madness,"$17,133,926"
2022,May 12,Thursday,132,"$10,472,372",-10%,+255.2%,28,Doctor Strange in the Multiverse of Madness,"$8,109,267"
2022,May 11,Wednesday,131,"$11,640,343",-25.9%,+165.1%,27,Doctor Strange in the Multiverse of Madness,"$9,102,016"
2022,May 10,Tuesday,130,"$15,711,682",-2.5%,+151.7%,26,Doctor Strange in the Multiverse of Madness,"$12,606,682"
2022,May 9,Monday,129,"$16,115,591",-67.7%,+222.3%,30,Doctor Strange in the Multiverse of Madness,"$13,620,560"
2022,May 8,Sunday,128,"$49,960,008",-29.9%,+172%,31,Doctor Strange in the Multiverse of Madness,"$38,893,364"
2022,May 7,Saturday,127,"$71,316,199",-28%,+154.1%,31,Doctor Strange in the Multiverse of Madness,"$57,806,850"
2022,May 6,Friday,126,"$99,016,794","+3,258.4%",+499.5%,29,Doctor Strange in the Multiverse of Madness,"$90,720,784"
2022,May 5,Thursday,125,"$2,948,361",-32.8%,-47.9%,29,The Bad Guys,"$546,895"
2022,May 4,Wednesday,124,"$4,390,657",-29.7%,-25.1%,29,Everything Everywhere All at Once,"$707,736"
2022,May 3,Tuesday,123,"$6,242,944",+24.9%,-23.4%,29,The Bad Guys,"$1,106,660"
2022,May 2,Monday,122,"$4,999,796",-72.8%,-22.4%,29,The Bad Guys,"$894,760"
2022,May 1,Sunday,121,"$18,367,226",-34.6%,-26.8%,29,The Bad Guys,"$4,945,180"
2022,Apr 30,Saturday,120,"$28,066,949",+69.9%,-22.2%,29,The Bad Guys,"$7,558,535"
2022,Apr 29,Friday,119,"$16,517,473",+192%,-43.2%,31,The Bad Guys,"$3,733,355"
2022,Apr 28,Thursday,118,"$5,657,423",-3.4%,-16.7%,27,The Bad Guys,"$946,505"
2022,Apr 27,Wednesday,117,"$5,859,176",-28.1%,-24.1%,27,The Northman,"$945,080"
2022,Apr 26,Tuesday,116,"$8,153,299",+26.6%,-21.9%,27,The Bad Guys,"$1,464,450"
2022,Apr 25,Monday,115,"$6,441,487",-74.3%,-48.2%,28,The Northman,"$1,093,350"
2022,Apr 24,Sunday,114,"$25,079,702",-30.4%,+3.2%,28,The Bad Guys,"$6,616,800"
2022,Apr 23,Saturday,113,"$36,056,040",+24%,-8.6%,28,The Bad Guys,"$9,347,700"
2022,Apr 22,Friday,112,"$29,082,972",+328.4%,-31%,28,The Bad Guys,"$7,985,745"
2022,Apr 21,Thursday,111,"$6,788,598",-12.1%,-27.1%,24,Fantastic Beasts: The Secrets of Dumbledore,"$1,924,294"
2022,Apr 20,Wednesday,110,"$7,724,531",-26%,-13.7%,25,Sonic the Hedgehog 2,"$2,221,092"
2022,Apr 19,Tuesday,109,"$10,445,246",-16%,+7.2%,26,Fantastic Beasts: The Secrets of Dumbledore,"$3,215,723"
2022,Apr 18,Monday,108,"$12,441,597",-48.8%,+48.5%,27,Sonic the Hedgehog 2,"$4,512,740"
2022,Apr 17Easter Sunday,Sunday,107,"$24,290,725",-38.4%,-21.2%,27,Fantastic Beasts: The Secrets of Dumbledore,"$8,313,094"
2022,Apr 16,Saturday,106,"$39,444,024",-6.4%,-14.3%,27,Fantastic Beasts: The Secrets of Dumbledore,"$13,810,828"
2022,Apr 15,Friday,105,"$42,163,518",+352.7%,+4.6%,25,Fantastic Beasts: The Secrets of Dumbledore,"$20,027,334"
2022,Apr 14,Thursday,104,"$9,314,512",+4%,+114.3%,28,Sonic the Hedgehog 2,"$4,457,632"
2022,Apr 13,Wednesday,103,"$8,952,406",-8.1%,+84.1%,30,Sonic the Hedgehog 2,"$3,662,607"
2022,Apr 12,Tuesday,102,"$9,741,733",+16.3%,+43.4%,27,Sonic the Hedgehog 2,"$5,049,159"
2022,Apr 11,Monday,101,"$8,379,316",-72.8%,+65.3%,27,Sonic the Hedgehog 2,"$4,337,814"
2022,Apr 10,Sunday,100,"$30,824,232",-33%,+61.3%,30,Sonic the Hedgehog 2,"$18,825,695"
2022,Apr 9,Saturday,99,"$46,033,970",+14.2%,+55.5%,30,Sonic the Hedgehog 2,"$26,898,385"
2022,Apr 8,Friday,98,"$40,318,001",+827.6%,+43.2%,29,Sonic the Hedgehog 2,"$26,381,096"
2022,Apr 7,Thursday,97,"$4,346,641",-10.6%,-10.1%,32,Morbius,"$1,373,785"
2022,Apr 6,Wednesday,96,"$4,863,221",-28.4%,-7.2%,33,Morbius,"$1,664,589"
2022,Apr 5,Tuesday,95,"$6,792,887",+34%,-6.4%,34,Morbius,"$2,706,560"
2022,Apr 4,Monday,94,"$5,070,501",-73.5%,-15.1%,33,Morbius,"$2,126,392"
2022,Apr 3,Sunday,93,"$19,115,295",-35.4%,-2.1%,34,Morbius,"$8,551,474"
2022,Apr 2,Saturday,92,"$29,611,598",+5.2%,-5.8%,35,Morbius,"$13,148,513"
2022,Apr 1,Friday,91,"$28,157,844",+482.4%,+2.3%,34,Morbius,"$17,305,908"
2022,Mar 31,Thursday,90,"$4,834,830",-7.8%,-13.3%,35,The Lost City,"$1,839,093"
2022,Mar 30,Wednesday,89,"$5,241,702",-27.8%,-18.1%,35,The Lost City,"$2,008,391"
2022,Mar 29,Tuesday,88,"$7,256,373",+21.5%,-7.3%,36,The Lost City,"$3,274,852"
2022,Mar 28,Monday,87,"$5,974,613",-69.4%,-13.2%,36,The Lost City,"$2,204,967"
2022,Mar 27,Sunday,86,"$19,523,313",-37.9%,-3.7%,38,The Lost City,"$7,119,473"
2022,Mar 26,Saturday,85,"$31,442,235",+14.3%,-3.1%,38,The Lost City,"$11,802,252"
2022,Mar 25,Friday,84,"$27,513,981",+393.6%,+0.6%,38,The Lost City,"$11,531,544"
2022,Mar 24,Thursday,83,"$5,574,271",-13%,-28.5%,33,The Batman,"$2,461,077"
2022,Mar 23,Wednesday,82,"$6,404,018",-18.2%,-27.5%,33,The Batman,"$2,812,134"
2022,Mar 22,Tuesday,81,"$7,829,206",+13.8%,-28.3%,33,The Batman,"$3,314,926"
2022,Mar 21,Monday,80,"$6,880,922",-66%,-25.2%,32,The Batman,"$2,849,108"
2022,Mar 20,Sunday,79,"$20,263,601",-37.5%,-25.1%,35,The Batman,"$10,002,111"
2022,Mar 19,Saturday,78,"$32,445,594",+18.6%,-29.9%,35,The Batman,"$16,004,510"
2022,Mar 18,Friday,77,"$27,351,801",+250.8%,+4.3%,35,The Batman,"$10,716,576"
2022,Mar 17,Thursday,76,"$7,795,912",-11.8%,-30.2%,31,The Batman,"$5,033,039"
2022,Mar 16,Wednesday,75,"$8,838,978",-19.1%,-19.5%,31,The Batman,"$5,753,208"
2022,Mar 15,Tuesday,74,"$10,921,145",+18.7%,-22%,31,The Batman,"$7,104,268"
2022,Mar 14,Monday,73,"$9,200,965",-66%,-30.8%,31,The Batman,"$6,368,310"
2022,Mar 13,Sunday,72,"$27,070,763",-41.5%,-36.8%,33,The Batman,"$19,758,882"
2022,Mar 12,Saturday,71,"$46,259,664",+76.4%,-17.8%,34,The Batman,"$28,137,360"
2022,Mar 11,Friday,70,"$26,220,202",+134.7%,-59.2%,33,The Batman,"$18,614,979"
2022,Mar 10,Thursday,69,"$11,171,139",+1.7%,+256.8%,30,The Batman,"$8,444,372"
2022,Mar 9,Wednesday,68,"$10,981,710",-21.6%,+187.4%,30,The Batman,"$8,471,060"
2022,Mar 8,Tuesday,67,"$14,001,933",+5.4%,+140.4%,30,The Batman,"$10,772,573"
2022,Mar 7,Monday,66,"$13,289,529",-69%,+236.6%,30,The Batman,"$10,824,197"
2022,Mar 6,Sunday,65,"$42,802,456",-24%,+181.3%,33,The Batman,"$34,138,236"
2022,Mar 5,Saturday,64,"$56,299,314",-12.5%,+120.6%,34,The Batman,"$43,262,039"
2022,Mar 4,Friday,63,"$64,316,203","+1,954.4%",+348.1%,34,The Batman,"$56,608,349"
2022,Mar 3,Thursday,62,"$3,130,588",-18.1%,-44.4%,35,Uncharted,"$1,082,091"
2022,Mar 2,Wednesday,61,"$3,820,795",-34.4%,-33.7%,35,Uncharted,"$1,355,360"
2022,Mar 1,Tuesday,60,"$5,825,039",+47.5%,-36.3%,35,Uncharted,"$2,220,497"
2022,Feb 28,Monday,59,"$3,948,664",-74.1%,-75.3%,35,Uncharted,"$1,481,185"
2022,Feb 27,Sunday,58,"$15,218,278",-40.4%,-42.4%,38,Uncharted,"$6,317,243"
2022,Feb 26,Saturday,57,"$25,515,465",+77.8%,-27.2%,38,Uncharted,"$10,745,059"
2022,Feb 25,Friday,56,"$14,354,086",+154.9%,-50%,38,Uncharted,"$5,939,471"
2022,Feb 24,Thursday,55,"$5,631,663",-2.3%,+64.4%,38,Uncharted,"$2,302,182"
2022,Feb 23,Wednesday,54,"$5,763,003",-37%,+40%,38,Uncharted,"$2,355,628"
2022,Feb 22,Tuesday,53,"$9,142,006",-42.9%,+59.8%,37,Uncharted,"$4,161,837"
2022,Feb 21Presidents' Day,Monday,52,"$16,010,452",-39.4%,+29.5%,39,Uncharted,"$7,305,676"
2022,Feb 20,Sunday,51,"$26,405,359",-24.7%,+185.6%,40,Uncharted,"$12,357,954"
2022,Feb 19,Saturday,50,"$35,069,925",+22.3%,+44.1%,40,Uncharted,"$16,275,559"
2022,Feb 18,Friday,49,"$28,683,780",+737.3%,+70.3%,40,Uncharted,"$15,376,642"
2022,Feb 17,Thursday,48,"$3,425,572",-16.8%,+5.1%,35,Death on the Nile,"$723,943"
2022,Feb 16,Wednesday,47,"$4,117,874",-28%,+15%,36,Death on the Nile,"$970,743"
2022,Feb 15,Tuesday,46,"$5,722,188",-53.7%,+21%,36,Death on the Nile,"$1,518,370"
2022,Feb 14,Monday,45,"$12,358,799",+33.7%,+212.7%,36,Marry Me,"$3,039,525"
2022,Feb 13,Sunday,44,"$9,245,185",-62%,-34.5%,36,Death on the Nile,"$2,045,897"
2022,Feb 12,Saturday,43,"$24,333,053",+44.5%,+3.2%,36,Death on the Nile,"$5,775,755"
2022,Feb 11,Friday,42,"$16,839,859",+416.9%,-7.5%,37,Death on the Nile,"$5,069,471"
2022,Feb 10,Thursday,41,"$3,258,029",-9%,+66.4%,34,Jackass Forever,"$1,298,424"
2022,Feb 9,Wednesday,40,"$3,579,945",-24.3%,+61.4%,35,Jackass Forever,"$1,403,803"
2022,Feb 8,Tuesday,39,"$4,729,864",+19.7%,+57.3%,33,Jackass Forever,"$1,788,315"
2022,Feb 7,Monday,38,"$3,951,781",-72%,+57.5%,33,Jackass Forever,"$1,724,772"
2022,Feb 6,Sunday,37,"$14,123,416",-40.1%,+79.9%,33,Jackass Forever,"$5,148,583"
2022,Feb 5,Saturday,36,"$23,583,970",+29.6%,+56.5%,33,Jackass Forever,"$8,393,074"
2022,Feb 4,Friday,35,"$18,196,078",+829.3%,+123.9%,33,Jackass Forever,"$9,612,731"
2022,Feb 3,Thursday,34,"$1,958,078",-11.7%,-36.9%,27,Spider-Man: No Way Home,"$710,561"
2022,Feb 2,Wednesday,33,"$2,218,080",-26.2%,-26%,26,Spider-Man: No Way Home,"$795,807"
2022,Feb 1,Tuesday,32,"$3,006,354",+19.8%,-21%,26,Spider-Man: No Way Home,"$1,044,982"
2022,Jan 31,Monday,31,"$2,509,619",-68%,-16.8%,26,Spider-Man: No Way Home,"$910,449"
2022,Jan 30,Sunday,30,"$7,850,130",-47.9%,-29.8%,28,Spider-Man: No Way Home,"$2,855,474"
2022,Jan 29,Saturday,29,"$15,072,356",+85.4%,-20.9%,27,Spider-Man: No Way Home,"$5,397,060"
2022,Jan 28,Friday,28,"$8,127,686",+161.7%,-32.1%,27,Spider-Man: No Way Home,"$2,750,994"
2022,Jan 27,Thursday,27,"$3,105,148",+3.5%,-24.9%,28,Spider-Man: No Way Home,"$960,270"
2022,Jan 26,Wednesday,26,"$2,999,432",-21.1%,-29.2%,29,Spider-Man: No Way Home,"$938,951"
2022,Jan 25,Tuesday,25,"$3,803,445",+26.1%,-31.1%,27,Spider-Man: No Way Home,"$1,121,804"
2022,Jan 24,Monday,24,"$3,015,763",-73%,-76.7%,27,Spider-Man: No Way Home,"$973,653"
2022,Jan 23,Sunday,23,"$11,186,399",-41.3%,-38.2%,28,Spider-Man: No Way Home,"$3,995,155"
2022,Jan 22,Saturday,22,"$19,057,819",+59.2%,-28.5%,28,Spider-Man: No Way Home,"$6,518,119"
2022,Jan 21,Friday,21,"$11,971,522",+189.4%,-49.3%,28,Scream,"$3,701,908"
2022,Jan 20,Thursday,20,"$4,136,041",-2.4%,+2.5%,23,Scream,"$1,475,633"
2022,Jan 19,Wednesday,19,"$4,238,977",-23.2%,-0.7%,23,Scream,"$1,554,567"
2022,Jan 18,Tuesday,18,"$5,518,747",-57.3%,<0.1%,23,Scream,"$2,062,118"
2022,Jan 17MLK Day,Monday,17,"$12,918,405",-28.6%,+199.9%,27,Spider-Man: No Way Home,"$4,555,918"
2022,Jan 16,Sunday,16,"$18,091,004",-32.1%,+6.4%,25,Scream,"$6,460,324"
2022,Jan 15,Saturday,15,"$26,643,760",+12.8%,-2.9%,25,Scream,"$10,174,839"
2022,Jan 14,Friday,14,"$23,615,870",+485.1%,+48.2%,25,Scream,"$13,383,642"
2022,Jan 13,Thursday,13,"$4,036,084",-5.4%,-39.3%,24,Spider-Man: No Way Home,"$2,110,817"
2022,Jan 12,Wednesday,12,"$4,267,099",-22.7%,-42.3%,24,Spider-Man: No Way Home,"$2,242,906"
2022,Jan 11,Tuesday,11,"$5,523,488",+28.2%,-46.9%,24,Spider-Man: No Way Home,"$2,787,987"
2022,Jan 10,Monday,10,"$4,307,531",-74.7%,-67.7%,24,Spider-Man: No Way Home,"$2,426,248"
2022,Jan 9,Sunday,9,"$17,001,522",-38.1%,-41.5%,25,Spider-Man: No Way Home,"$9,485,183"
2022,Jan 8,Saturday,8,"$27,445,445",+72.2%,-29.8%,25,Spider-Man: No Way Home,"$14,828,927"
2022,Jan 7,Friday,7,"$15,938,444",+139.6%,-42.3%,25,Spider-Man: No Way Home,"$8,303,811"
2022,Jan 6,Thursday,6,"$6,652,705",-10%,-81%,21,Spider-Man: No Way Home,"$3,926,778"
2022,Jan 5,Wednesday,5,"$7,391,727",-28.9%,-78.3%,21,Spider-Man: No Way Home,"$4,383,219"
2022,Jan 4,Tuesday,4,"$10,399,690",-22.1%,-71.2%,23,Spider-Man: No Way Home,"$5,918,802"
2022,Jan 3,Monday,3,"$13,351,805",-54%,-65.9%,21,Spider-Man: No Way Home,"$7,908,732"
2022,Jan 2,Sunday,2,"$29,043,656",-25.7%,-45.1%,25,Spider-Man: No Way Home,"$17,502,959"
2022,Jan 1New Year's Day,Saturday,1,"$39,077,865",+41.6%,-30.8%,26,Spider-Man: No Way Home,"$23,112,936"
2023,Dec 31New Year's Eve,Sunday,365,"$23,078,184",-42.4%,+35.6%,43,Wonka,"$5,208,897"
2023,Dec 30,Saturday,364,"$40,050,370",+7.2%,+38%,44,Wonka,"$8,637,841"
2023,Dec 29,Friday,363,"$37,348,409",+12.3%,-6.4%,44,Wonka,"$8,630,268"
2023,Dec 28,Thursday,362,"$33,261,609",-1.9%,+258.3%,46,Wonka,"$7,988,504"
2023,Dec 27,Wednesday,361,"$33,892,628",-18.9%,+251.5%,45,Wonka,"$8,135,639"
2023,Dec 26,Tuesday,360,"$41,788,862",-28.6%,+259.9%,45,Wonka,"$8,970,413"
2023,Dec 25Christmas Day,Monday,359,"$58,545,776",+34.6%,-22.8%,44,The Color Purple,"$18,151,050"
2023,Dec 24,Sunday,358,"$17,021,324",-41.3%,-15.9%,40,Aquaman and the Lost Kingdom,"$5,001,421"
2023,Dec 23,Saturday,357,"$29,021,089",-27.2%,+10.6%,41,Aquaman and the Lost Kingdom,"$9,003,036"
2023,Dec 22,Friday,356,"$39,891,139",+329.7%,+77%,42,Aquaman and the Lost Kingdom,"$13,681,754"
2023,Dec 21,Thursday,355,"$9,282,692",-3.7%,+101.3%,40,Wonka,"$4,201,613"
2023,Dec 20,Wednesday,354,"$9,643,216",-16.9%,+79.5%,40,Wonka,"$4,387,803"
2023,Dec 19,Tuesday,353,"$11,609,957",+40.3%,+70.5%,39,Wonka,"$5,904,173"
2023,Dec 18,Monday,352,"$8,274,749",-59.1%,+50.5%,39,Wonka,"$4,003,328"
2023,Dec 17,Sunday,351,"$20,231,817",-22.9%,+15.3%,40,Wonka,"$10,567,353"
2023,Dec 16,Saturday,350,"$26,232,063",+16.4%,+10.4%,40,Wonka,"$14,025,741"
2023,Dec 15,Friday,349,"$22,535,134",+388.8%,+25%,39,Wonka,"$14,412,706"
2023,Dec 14,Thursday,348,"$4,610,227",-14.2%,-33.4%,39,The Boy and the Heron,"$979,407"
2023,Dec 13,Wednesday,347,"$5,373,144",-21.1%,-13.1%,37,The Boy and the Heron,"$1,310,644"
2023,Dec 12,Tuesday,346,"$6,811,328",+23.9%,-18%,36,The Boy and the Heron,"$1,473,215"
2023,Dec 11,Monday,345,"$5,496,743",-68.7%,-8.6%,36,The Boy and the Heron,"$1,195,695"
2023,Dec 10,Sunday,344,"$17,552,859",-26.1%,-22.2%,40,The Boy and the Heron,"$3,366,239"
2023,Dec 9,Saturday,343,"$23,761,939",+31.8%,-25.4%,39,The Boy and the Heron,"$4,042,880"
2023,Dec 8,Friday,342,"$18,025,028",+160.2%,-44.2%,39,The Boy and the Heron,"$5,602,603"
2023,Dec 7,Thursday,341,"$6,926,918",+12%,+31.2%,34,Godzilla Minus One,"$1,279,834"
2023,Dec 6,Wednesday,340,"$6,186,390",-25.6%,+5%,31,Godzilla Minus One,"$1,361,343"
2023,Dec 5,Tuesday,339,"$8,310,039",+38.1%,-4.8%,32,The Hunger Games: The Ballad of Songbirds & Snakes,"$1,798,922"
2023,Dec 4,Monday,338,"$6,016,211",-73.3%,-3.9%,32,Godzilla Minus One,"$1,225,396"
2023,Dec 3,Sunday,337,"$22,571,008",-29.1%,-9.7%,33,Renaissance: A Film by Beyoncé,"$4,156,694"
2023,Dec 2,Saturday,336,"$31,833,495",-1.4%,-22.1%,32,The Hunger Games: The Ballad of Songbirds & Snakes,"$6,045,644"
2023,Dec 1,Friday,335,"$32,294,447",+511.5%,-25.7%,32,Renaissance: A Film by Beyoncé,"$11,619,984"
2023,Nov 30,Thursday,334,"$5,281,445",-10.4%,-75.5%,29,The Hunger Games: The Ballad of Songbirds & Snakes,"$1,699,994"
2023,Nov 29,Wednesday,333,"$5,893,355",-32.5%,-82.5%,29,The Hunger Games: The Ballad of Songbirds & Snakes,"$1,846,120"
2023,Nov 28,Tuesday,332,"$8,731,447",+39.5%,-47.4%,28,The Hunger Games: The Ballad of Songbirds & Snakes,"$2,682,723"
2023,Nov 27,Monday,331,"$6,261,293",-75%,-51.7%,28,The Hunger Games: The Ballad of Songbirds & Snakes,"$1,913,274"
2023,Nov 26,Sunday,330,"$24,998,606",-38.8%,-14.8%,32,The Hunger Games: The Ballad of Songbirds & Snakes,"$6,607,330"
2023,Nov 25,Saturday,329,"$40,847,716",-6.1%,-2.1%,32,The Hunger Games: The Ballad of Songbirds & Snakes,"$11,099,872"
2023,Nov 24,Friday,328,"$43,491,965",+102%,+9.3%,32,The Hunger Games: The Ballad of Songbirds & Snakes,"$11,335,315"
2023,Nov 23Thanksgiving,Thursday,327,"$21,534,631",-36%,+545.1%,33,The Hunger Games: The Ballad of Songbirds & Snakes,"$5,882,381"
2023,Nov 22,Wednesday,326,"$33,657,377",+102.9%,+678.7%,36,Wish,"$8,117,419"
2023,Nov 21,Tuesday,325,"$16,590,091",+28%,+140.4%,33,The Hunger Games: The Ballad of Songbirds & Snakes,"$6,521,266"
2023,Nov 20,Monday,324,"$12,965,366",-55.8%,+142.5%,36,The Hunger Games: The Ballad of Songbirds & Snakes,"$5,266,808"
2023,Nov 19,Sunday,323,"$29,342,997",-29.7%,+54.1%,37,The Hunger Games: The Ballad of Songbirds & Snakes,"$10,907,171"
2023,Nov 18,Saturday,322,"$41,719,271",+4.8%,+42.1%,37,The Hunger Games: The Ballad of Songbirds & Snakes,"$14,651,228"
2023,Nov 17,Friday,321,"$39,790,137","+1,092%",+19.3%,34,The Hunger Games: The Ballad of Songbirds & Snakes,"$19,048,744"
2023,Nov 16,Thursday,320,"$3,338,082",-22.8%,-16.4%,37,The Marvels,"$1,251,387"
2023,Nov 15,Wednesday,319,"$4,322,195",-37.4%,+29.4%,36,The Marvels,"$1,789,239"
2023,Nov 14,Tuesday,318,"$6,900,944",+29.1%,+25.9%,37,The Marvels,"$3,300,946"
2023,Nov 13,Monday,317,"$5,345,747",-71.9%,+49.7%,38,The Marvels,"$2,372,375"
2023,Nov 12,Sunday,316,"$19,037,549",-35.2%,+21%,40,The Marvels,"$9,247,703"
2023,Nov 11,Saturday,315,"$29,363,735",-11.9%,+22.8%,39,The Marvels,"$15,260,052"
2023,Nov 10,Friday,314,"$33,339,728",+735.2%,+102.2%,39,The Marvels,"$21,603,104"
2023,Nov 9,Thursday,313,"$3,991,999",+19.5%,-34.5%,37,Five Nights at Freddy's,"$1,085,005"
2023,Nov 8,Wednesday,312,"$3,339,247",-39.1%,-41.9%,35,Five Nights at Freddy's,"$947,635"
2023,Nov 7,Tuesday,311,"$5,481,390",+53.5%,-44.2%,35,Five Nights at Freddy's,"$1,766,660"
2023,Nov 6,Monday,310,"$3,569,940",-77.3%,-49.6%,34,Five Nights at Freddy's,"$1,199,770"
2023,Nov 5,Sunday,309,"$15,739,734",-34.2%,-45.6%,39,Five Nights at Freddy's,"$4,891,830"
2023,Nov 4,Saturday,308,"$23,910,746",+45%,-40.8%,39,Five Nights at Freddy's,"$8,636,870"
2023,Nov 3,Friday,307,"$16,491,868",+170.5%,-69%,39,Five Nights at Freddy's,"$5,473,170"
2023,Nov 2,Thursday,306,"$6,095,840",+6.1%,+5.9%,38,Five Nights at Freddy's,"$2,118,180"
2023,Nov 1,Wednesday,305,"$5,744,728",-41.5%,+42.1%,36,Five Nights at Freddy's,"$2,739,750"
2023,Oct 31Halloween,Tuesday,304,"$9,819,392",+38.7%,+61.7%,36,Five Nights at Freddy's,"$5,249,255"
2023,Oct 30,Monday,303,"$7,078,085",-75.5%,+73.3%,35,Five Nights at Freddy's,"$4,095,455"
2023,Oct 29,Sunday,302,"$28,929,985",-28.4%,+32.5%,40,Five Nights at Freddy's,"$16,076,235"
2023,Oct 28,Saturday,301,"$40,387,023",-24.1%,+28%,39,Five Nights at Freddy's,"$24,279,905"
2023,Oct 27,Friday,300,"$53,212,742",+824.7%,+98.3%,39,Five Nights at Freddy's,"$39,645,580"
2023,Oct 26,Thursday,299,"$5,754,616",+42.3%,-33.7%,39,Taylor Swift: The Eras Tour,"$2,657,691"
2023,Oct 25,Wednesday,298,"$4,042,699",-33.4%,+33.6%,39,Killers of the Flower Moon,"$1,953,479"
2023,Oct 24,Tuesday,297,"$6,070,863",+48.6%,+39.6%,39,Killers of the Flower Moon,"$2,902,013"
2023,Oct 23,Monday,296,"$4,085,224",-81.3%,+22.5%,38,Killers of the Flower Moon,"$2,048,670"
2023,Oct 22,Sunday,295,"$21,833,959",-30.8%,-33.2%,43,Taylor Swift: The Eras Tour,"$9,552,559"
2023,Oct 21,Saturday,294,"$31,549,173",+17.6%,-33.8%,43,Taylor Swift: The Eras Tour,"$13,251,871"
2023,Oct 20,Friday,293,"$26,831,527",+209%,-44.3%,41,Taylor Swift: The Eras Tour,"$10,418,191"
2023,Oct 19,Thursday,292,"$8,684,081",+187%,+93.5%,42,Taylor Swift: The Eras Tour,"$5,958,555"
2023,Oct 18,Wednesday,291,"$3,026,278",-30.4%,-34.7%,39,The Exorcist: Believer,"$815,460"
2023,Oct 17,Tuesday,290,"$4,347,527",+30.3%,-37.1%,40,The Exorcist: Believer,"$1,203,200"
2023,Oct 16,Monday,289,"$3,335,561",-89.8%,-62.1%,40,The Exorcist: Believer,"$930,150"
2023,Oct 15,Sunday,288,"$32,681,165",-31.4%,+92.9%,41,Taylor Swift: The Eras Tour,"$23,323,840"
2023,Oct 14,Saturday,287,"$47,653,696",-1.1%,+84.1%,42,Taylor Swift: The Eras Tour,"$32,226,846"
2023,Oct 13,Friday,286,"$48,186,961",+973.5%,+108.2%,41,Taylor Swift: The Eras Tour,"$37,674,069"
2023,Oct 12,Thursday,285,"$4,488,580",-3.1%,-12.9%,43,The Exorcist: Believer,"$1,295,440"
2023,Oct 11,Wednesday,284,"$4,634,363",-32.9%,-11.6%,42,The Exorcist: Believer,"$1,430,935"
2023,Oct 10,Tuesday,283,"$6,908,918",-21.5%,-16.6%,45,The Exorcist: Believer,"$2,321,770"
2023,Oct 9Indig. Peoples' Day,Monday,282,"$8,805,622",-48%,+45.2%,45,The Exorcist: Believer,"$2,381,205"
2023,Oct 8,Sunday,281,"$16,941,619",-34.6%,-16.5%,45,The Exorcist: Believer,"$5,636,850"
2023,Oct 7,Saturday,280,"$25,889,322",+11.9%,-14.6%,44,The Exorcist: Believer,"$9,034,495"
2023,Oct 6,Friday,279,"$23,139,532",+349.2%,-15.2%,44,The Exorcist: Believer,"$11,826,255"
2023,Oct 5,Thursday,278,"$5,151,688",-1.7%,+47.6%,38,Saw X,"$1,130,635"
2023,Oct 4,Wednesday,277,"$5,240,866",-36.8%,+52.4%,38,Saw X,"$1,330,430"
2023,Oct 3,Tuesday,276,"$8,287,665",+36.7%,+53.8%,38,Saw X,"$2,069,415"
2023,Oct 2,Monday,275,"$6,062,838",-70.1%,+50.7%,38,Saw X,"$1,565,012"
2023,Oct 1,Sunday,274,"$20,296,693",-33.1%,+77.5%,39,PAW Patrol: The Mighty Movie,"$6,402,086"
2023,Sep 30,Saturday,273,"$30,321,810",+11.1%,+69.8%,38,PAW Patrol: The Mighty Movie,"$9,534,184"
2023,Sep 29,Friday,272,"$27,288,333",+681.9%,+108.1%,38,Saw X,"$7,965,110"
2023,Sep 28,Thursday,271,"$3,490,205",+1.5%,-8.2%,37,The Blind,"$844,985"
2023,Sep 27,Wednesday,270,"$3,437,985",-36.2%,-20.7%,41,The Nun II,"$615,528"
2023,Sep 26,Tuesday,269,"$5,388,841",+34%,-26.4%,39,The Expendables 4,"$1,090,212"
2023,Sep 25,Monday,268,"$4,021,818",-64.8%,-11.5%,40,The Nun II,"$750,806"
2023,Sep 24,Sunday,267,"$11,435,028",-36%,-24.2%,40,The Nun II,"$2,400,873"
2023,Sep 23,Saturday,266,"$17,860,624",+36.2%,-24.5%,40,The Nun II,"$3,741,446"
2023,Sep 22,Friday,265,"$13,115,942",+244.9%,-24.2%,40,The Expendables 4,"$3,116,557"
2023,Sep 21,Thursday,264,"$3,802,837",-12.2%,-27.2%,36,The Nun II,"$924,742"
2023,Sep 20,Wednesday,263,"$4,332,988",-40.9%,-28.6%,36,A Haunting in Venice,"$1,036,361"
2023,Sep 19,Tuesday,262,"$7,326,591",+61.2%,-22.6%,37,A Haunting in Venice,"$1,787,589"
2023,Sep 18,Monday,261,"$4,545,930",-69.9%,-28.6%,37,A Haunting in Venice,"$1,136,743"
2023,Sep 17,Sunday,260,"$15,084,589",-36.2%,-30.5%,38,The Nun II,"$3,946,670"
2023,Sep 16,Saturday,259,"$23,660,340",+36.8%,-27.6%,38,The Nun II,"$6,231,652"
2023,Sep 15,Friday,258,"$17,297,357",+230.9%,-36.6%,39,A Haunting in Venice,"$5,542,594"
2023,Sep 14,Thursday,257,"$5,227,226",-13.9%,<0.1%,36,The Nun II,"$1,711,693"
2023,Sep 13,Wednesday,256,"$6,069,183",-35.9%,+19.9%,35,The Nun II,"$2,002,275"
2023,Sep 12,Tuesday,255,"$9,468,835",+48.7%,+25.4%,36,The Nun II,"$3,131,910"
2023,Sep 11,Monday,254,"$6,368,924",-70.6%,-71.5%,34,The Nun II,"$2,343,945"
2023,Sep 10,Sunday,253,"$21,695,917",-33.7%,-21.3%,37,The Nun II,"$7,681,096"
2023,Sep 9,Saturday,252,"$32,699,795",+19.8%,+18.7%,37,The Nun II,"$11,814,747"
2023,Sep 8,Friday,251,"$27,292,508",+421.9%,+13.2%,36,The Nun II,"$13,107,493"
2023,Sep 7,Thursday,250,"$5,229,508",+3.3%,-0.8%,38,The Equalizer 3,"$1,507,321"
2023,Sep 6,Wednesday,249,"$5,063,430",-32.9%,-21%,38,The Equalizer 3,"$2,033,704"
2023,Sep 5,Tuesday,248,"$7,548,730",-66.2%,-20.8%,39,The Equalizer 3,"$3,408,950"
2023,Sep 4Labor Day,Monday,247,"$22,341,775",-19%,+198.7%,40,The Equalizer 3,"$8,211,204"
2023,Sep 3,Sunday,246,"$27,575,389",<0.1%,-3.8%,40,The Equalizer 3,"$10,512,162"
2023,Sep 2,Saturday,245,"$27,556,343",+14.3%,+7.8%,40,The Equalizer 3,"$11,046,112"
2023,Sep 1,Friday,244,"$24,112,660",+357.3%,<0.1%,40,The Equalizer 3,"$13,045,955"
2023,Aug 31,Thursday,243,"$5,273,175",-17.7%,-33.5%,37,Barbie,"$1,301,128"
2023,Aug 30,Wednesday,242,"$6,406,154",-32.8%,-30.4%,38,Barbie,"$1,487,953"
2023,Aug 29,Tuesday,241,"$9,535,281",+27.5%,-28.1%,37,Barbie,"$1,840,713"
2023,Aug 28,Monday,240,"$7,480,698",-73.9%,-25.1%,37,Barbie,"$1,449,073"
2023,Aug 27,Sunday,239,"$28,662,869",+12.2%,+9%,39,Barbie,"$5,679,220"
2023,Aug 26,Saturday,238,"$25,554,498",+5.9%,-27.6%,41,Barbie,"$5,403,542"
2023,Aug 25,Friday,237,"$24,131,735",+204.2%,-20.3%,40,Gran Turismo,"$8,552,178"
2023,Aug 24,Thursday,236,"$7,932,705",-13.8%,-26.1%,33,Barbie,"$2,286,592"
2023,Aug 23,Wednesday,235,"$9,203,475",-30.6%,-29.5%,33,Barbie,"$2,553,003"
2023,Aug 22,Tuesday,234,"$13,271,019",+32.9%,-36.3%,33,Barbie,"$3,400,599"
2023,Aug 21,Monday,233,"$9,988,992",-62%,-38.1%,33,Barbie,"$2,647,855"
2023,Aug 20,Sunday,232,"$26,295,945",-25.5%,-21.9%,35,Blue Beetle,"$6,510,380"
2023,Aug 19,Saturday,231,"$35,311,081",+16.7%,-19%,34,Blue Beetle,"$8,514,055"
2023,Aug 18,Friday,230,"$30,259,837",+181.8%,-3.2%,32,Blue Beetle,"$10,005,790"
2023,Aug 17,Thursday,229,"$10,738,894",-17.7%,-45.4%,32,Barbie,"$3,875,483"
2023,Aug 16,Wednesday,228,"$13,051,384",-37.4%,-35.3%,32,Barbie,"$4,516,517"
2023,Aug 15,Tuesday,227,"$20,839,212",+29.2%,-26.3%,32,Barbie,"$6,138,113"
2023,Aug 14,Monday,226,"$16,129,749",-52.1%,-37.5%,32,Barbie,"$4,810,564"
2023,Aug 13,Sunday,225,"$33,682,293",-22.7%,-36.9%,34,Barbie,"$10,637,908"
2023,Aug 12,Saturday,224,"$43,599,295",+39.5%,-31.4%,34,Barbie,"$13,178,714"
2023,Aug 11,Friday,223,"$31,262,729",+58.8%,-44.1%,34,Barbie,"$10,016,672"
2023,Aug 10,Thursday,222,"$19,683,880",-2.4%,-31.8%,31,Barbie,"$7,147,808"
2023,Aug 9,Wednesday,221,"$20,174,885",-28.6%,-43.9%,31,Barbie,"$7,361,016"
2023,Aug 8,Tuesday,220,"$28,260,396",+9.5%,-13.1%,31,Barbie,"$9,614,345"
2023,Aug 7,Monday,219,"$25,817,320",-51.6%,-16.3%,30,Barbie,"$9,095,665"
2023,Aug 6,Sunday,218,"$53,351,070",-16%,-16.9%,33,Barbie,"$16,988,250"
2023,Aug 5,Saturday,217,"$63,515,000",+13.6%,-19.1%,33,Barbie,"$19,476,666"
2023,Aug 4,Friday,216,"$55,901,071",+93.5%,-16.7%,33,Barbie,"$16,543,731"
2023,Aug 3,Thursday,215,"$28,882,525",-19.7%,-26.3%,36,Barbie,"$11,804,507"
2023,Aug 2,Wednesday,214,"$35,955,682",+10.5%,-15.8%,35,Barbie,"$12,852,230"
2023,Aug 1,Tuesday,213,"$32,534,702",+5.5%,-34.2%,33,Barbie,"$15,302,634"
2023,Jul 31,Monday,212,"$30,833,132",-52%,-35.8%,35,Barbie,"$15,007,589"
2023,Jul 30,Sunday,211,"$64,180,542",-18.2%,-26.1%,35,Barbie,"$29,392,512"
2023,Jul 29,Saturday,210,"$78,490,797",+17%,-20.5%,37,Barbie,"$34,586,429"
2023,Jul 28,Friday,209,"$67,080,121",+71.3%,-45.1%,34,Barbie,"$29,032,661"
2023,Jul 27,Thursday,208,"$39,165,160",-8.3%,+217.2%,31,Barbie,"$21,238,020"
2023,Jul 26,Wednesday,207,"$42,695,251",-13.7%,+160%,32,Barbie,"$23,034,051"
2023,Jul 25,Tuesday,206,"$49,456,537",+3%,+122.3%,32,Barbie,"$26,003,569"
2023,Jul 24,Monday,205,"$48,029,634",-44.7%,+179.3%,31,Barbie,"$26,105,167"
2023,Jul 23,Sunday,204,"$86,894,566",-12%,+102.7%,34,Barbie,"$43,706,510"
2023,Jul 22,Saturday,203,"$98,739,360",-19.2%,+89.8%,33,Barbie,"$47,812,356"
2023,Jul 21,Friday,202,"$122,171,275",+889.5%,+210.8%,33,Barbie,"$70,503,178"
2023,Jul 20,Thursday,201,"$12,346,748",-24.8%,-45.6%,33,Sound of Freedom,"$3,702,736"
2023,Jul 19,Wednesday,200,"$16,422,520",-26.2%,-44.5%,33,Mission: Impossible - Dead Reckoning Part One,"$4,740,147"
2023,Jul 18,Tuesday,199,"$22,251,139",+29.4%,+24.7%,31,Mission: Impossible - Dead Reckoning Part One,"$7,273,490"
2023,Jul 17,Monday,198,"$17,193,915",-59.9%,+2.8%,32,Mission: Impossible - Dead Reckoning Part One,"$5,304,094"
2023,Jul 16,Sunday,197,"$42,869,417",-17.6%,+19.2%,33,Mission: Impossible - Dead Reckoning Part One,"$16,837,868"
2023,Jul 15,Saturday,196,"$52,030,257",+32.4%,+18.3%,33,Mission: Impossible - Dead Reckoning Part One,"$21,190,469"
2023,Jul 14,Friday,195,"$39,307,356",+73.2%,-4.3%,32,Mission: Impossible - Dead Reckoning Part One,"$16,660,010"
2023,Jul 13,Thursday,194,"$22,688,777",-23.3%,+30.8%,30,Mission: Impossible - Dead Reckoning Part One,"$8,286,890"
2023,Jul 12,Wednesday,193,"$29,570,978",+65.7%,+61.2%,30,Mission: Impossible - Dead Reckoning Part One,"$15,516,660"
2023,Jul 11,Tuesday,192,"$17,846,814",+6.8%,-53.9%,31,Sound of Freedom,"$3,829,243"
2023,Jul 10,Monday,191,"$16,718,294",-53.5%,-37.3%,31,Sound of Freedom,"$4,000,345"
2023,Jul 9,Sunday,190,"$35,962,783",-18.3%,-9.9%,31,Indiana Jones and the Dial of Destiny,"$8,580,641"
2023,Jul 8,Saturday,189,"$43,991,607",+7.1%,+9%,30,Indiana Jones and the Dial of Destiny,"$11,098,980"
2023,Jul 7,Friday,188,"$41,076,260",+136.8%,-2%,31,Insidious: The Red Door,"$15,203,849"
2023,Jul 6,Thursday,187,"$17,343,775",-5.4%,+50.3%,24,Indiana Jones and the Dial of Destiny,"$5,308,265"
2023,Jul 5,Wednesday,186,"$18,343,467",-52.6%,+32%,25,Indiana Jones and the Dial of Destiny,"$5,536,113"
2023,Jul 4Independence Day,Tuesday,185,"$38,712,758",+45.2%,+104.9%,24,Sound of Freedom,"$14,242,063"
2023,Jul 3,Monday,184,"$26,652,555",-33.2%,+92.1%,23,Indiana Jones and the Dial of Destiny,"$11,793,861"
2023,Jul 2,Sunday,183,"$39,924,197",-1.1%,+30.5%,24,Indiana Jones and the Dial of Destiny,"$18,101,010"
2023,Jul 1,Saturday,182,"$40,367,567",-3.7%,-1%,27,Indiana Jones and the Dial of Destiny,"$18,584,093"
2023,Jun 30,Friday,181,"$41,921,311",+263.2%,+21%,26,Indiana Jones and the Dial of Destiny,"$23,682,998"
2023,Jun 29,Thursday,180,"$11,541,789",-16.9%,-26%,27,Elemental,"$2,461,607"
2023,Jun 28,Wednesday,179,"$13,893,050",-26.5%,-15.6%,27,Elemental,"$2,856,231"
2023,Jun 27,Tuesday,178,"$18,889,326",+36.2%,-16.9%,24,Elemental,"$4,021,857"
2023,Jun 26,Monday,177,"$13,873,365",-54.6%,-48.7%,25,Spider-Man: Across the Spider-Verse,"$2,770,980"
2023,Jun 25,Sunday,176,"$30,588,293",-25%,-37.4%,25,Spider-Man: Across the Spider-Verse,"$5,764,700"
2023,Jun 24,Saturday,175,"$40,783,785",+17.7%,-23.8%,26,Spider-Man: Across the Spider-Verse,"$7,511,236"
2023,Jun 23,Friday,174,"$34,648,695",+122.3%,-41.2%,24,No Hard Feelings,"$6,352,471"
2023,Jun 22,Thursday,173,"$15,587,032",-5.3%,+19.2%,28,Elemental,"$3,633,076"
2023,Jun 21,Wednesday,172,"$16,456,723",-27.6%,-2.2%,28,Spider-Man: Across the Spider-Verse,"$3,816,805"
2023,Jun 20,Tuesday,171,"$22,736,234",-16%,-3.3%,25,The Flash,"$5,268,381"
2023,Jun 19,Monday,170,"$27,054,016",-44.7%,+49.2%,36,The Flash,"$6,160,801"
2023,Jun 18,Sunday,169,"$48,881,387",-8.7%,+1%,25,The Flash,"$15,355,986"
2023,Jun 17,Saturday,168,"$53,515,541",-9.2%,-9.1%,26,The Flash,"$15,554,339"
2023,Jun 16,Friday,167,"$58,908,835",+350.4%,+4.6%,26,The Flash,"$24,133,354"
2023,Jun 15,Thursday,166,"$13,079,324",-22.3%,-29%,29,Spider-Man: Across the Spider-Verse,"$5,277,604"
2023,Jun 14,Wednesday,165,"$16,831,279",-28.4%,-15.2%,29,Spider-Man: Across the Spider-Verse,"$6,453,218"
2023,Jun 13,Tuesday,164,"$23,502,402",+29.6%,-13.3%,29,Spider-Man: Across the Spider-Verse,"$8,512,398"
2023,Jun 12,Monday,163,"$18,130,918",-62.5%,-18.4%,29,Spider-Man: Across the Spider-Verse,"$6,807,685"
2023,Jun 11,Sunday,162,"$48,379,116",-17.8%,-14.4%,31,Spider-Man: Across the Spider-Verse,"$17,658,713"
2023,Jun 10,Saturday,161,"$58,858,263",+4.5%,-16.2%,31,Spider-Man: Across the Spider-Verse,"$21,135,952"
2023,Jun 9,Friday,160,"$56,302,780",+205.6%,-26.5%,31,Transformers: Rise of the Beasts,"$25,649,418"
2023,Jun 8,Thursday,159,"$18,424,042",-7.2%,+58.7%,31,Spider-Man: Across the Spider-Verse,"$10,205,547"
2023,Jun 7,Wednesday,158,"$19,857,563",-26.8%,+40.5%,31,Spider-Man: Across the Spider-Verse,"$11,102,943"
2023,Jun 6,Tuesday,157,"$27,113,285",+22%,+39.9%,33,Spider-Man: Across the Spider-Verse,"$15,034,360"
2023,Jun 5,Monday,156,"$22,217,625",-60.7%,-44.5%,32,Spider-Man: Across the Spider-Verse,"$13,014,539"
2023,Jun 4,Sunday,155,"$56,486,744",-19.6%,+13.7%,31,Spider-Man: Across the Spider-Verse,"$31,288,822"
2023,Jun 3,Saturday,154,"$70,275,182",-8.2%,+30.8%,31,Spider-Man: Across the Spider-Verse,"$37,566,658"
2023,Jun 2,Friday,153,"$76,576,560",+559.8%,+33.3%,32,Spider-Man: Across the Spider-Verse,"$51,808,109"
2023,Jun 1,Thursday,152,"$11,605,750",-17.9%,+61.4%,36,The Little Mermaid,"$7,023,953"
2023,May 31,Wednesday,151,"$14,130,439",-27.1%,+66.6%,35,The Little Mermaid,"$8,298,553"
2023,May 30,Tuesday,150,"$19,375,027",-51.6%,+58.4%,35,The Little Mermaid,"$11,465,658"
2023,May 29Memorial Day,Monday,149,"$40,002,241",-19.4%,+260.3%,36,The Little Mermaid,"$23,240,863"
2023,May 28,Sunday,148,"$49,660,337",-7.5%,+54.9%,38,The Little Mermaid,"$27,309,512"
2023,May 27,Saturday,147,"$53,709,716",-6.5%,+19%,38,The Little Mermaid,"$30,119,527"
2023,May 26,Friday,146,"$57,438,102",+698.6%,+38.2%,39,The Little Mermaid,"$38,149,001"
2023,May 25,Thursday,145,"$7,192,281",-15.2%,+15.8%,32,Fast X,"$2,983,680"
2023,May 24,Wednesday,144,"$8,480,713",-30.6%,+14.2%,33,Fast X,"$3,651,655"
2023,May 23,Tuesday,143,"$12,228,027",+10.1%,+8.8%,36,Fast X,"$5,976,295"
2023,May 22,Monday,142,"$11,102,264",-65.4%,+37%,33,Fast X,"$5,306,300"
2023,May 21,Sunday,141,"$32,053,970",-29%,+2.6%,34,Fast X,"$16,501,575"
2023,May 20,Saturday,140,"$45,139,028",+8.6%,+14.9%,34,Fast X,"$22,500,515"
2023,May 19,Friday,139,"$41,546,907",+568.8%,+68.6%,33,Fast X,"$28,015,320"
2023,May 18,Thursday,138,"$6,212,485",-16.4%,-38.2%,37,Guardians of the Galaxy Vol. 3,"$3,699,049"
2023,May 17,Wednesday,137,"$7,427,405",-33.9%,-26.2%,35,Guardians of the Galaxy Vol. 3,"$4,503,738"
2023,May 16,Tuesday,136,"$11,235,274",+38.7%,-26.9%,37,Guardians of the Galaxy Vol. 3,"$6,446,574"
2023,May 15,Monday,135,"$8,101,362",-74.1%,-32.3%,37,Guardians of the Galaxy Vol. 3,"$5,183,492"
2023,May 14,Sunday,134,"$31,235,512",-20.5%,-27.2%,35,Guardians of the Galaxy Vol. 3,"$20,275,043"
2023,May 13,Saturday,133,"$39,269,576",+59.3%,-28.9%,36,Guardians of the Galaxy Vol. 3,"$26,117,258"
2023,May 12,Friday,132,"$24,649,272",+145%,-57.4%,35,Guardians of the Galaxy Vol. 3,"$15,616,247"
2023,May 11,Thursday,131,"$10,060,493",<0.1%,+134.6%,29,Guardians of the Galaxy Vol. 3,"$7,159,351"
2023,May 10,Wednesday,130,"$10,067,751",-34.5%,+65%,29,Guardians of the Galaxy Vol. 3,"$7,120,259"
2023,May 9,Tuesday,129,"$15,380,151",+28.4%,+85.4%,29,Guardians of the Galaxy Vol. 3,"$11,082,506"
2023,May 8,Monday,128,"$11,974,157",-72.1%,+92%,31,Guardians of the Galaxy Vol. 3,"$8,925,041"
2023,May 7,Sunday,127,"$42,915,606",-22.3%,+58.2%,28,Guardians of the Galaxy Vol. 3,"$31,433,892"
2023,May 6,Saturday,126,"$55,226,681",-4.6%,+47.3%,28,Guardians of the Galaxy Vol. 3,"$38,876,290"
2023,May 5,Friday,125,"$57,873,259","+1,249.8%",+140.5%,28,Guardians of the Galaxy Vol. 3,"$48,103,839"
2023,May 4,Thursday,124,"$4,287,547",-29.7%,-42.4%,32,The Super Mario Bros. Movie,"$1,524,160"
2023,May 3,Wednesday,123,"$6,102,492",-26.4%,-19.5%,34,The Super Mario Bros. Movie,"$1,986,065"
2023,May 2,Tuesday,122,"$8,295,466",+33%,-24.5%,34,The Super Mario Bros. Movie,"$3,001,600"
2023,May 1,Monday,121,"$6,235,658",-77%,-30.7%,33,The Super Mario Bros. Movie,"$2,164,250"
2023,Apr 30,Sunday,120,"$27,129,376",-27.7%,-24%,33,The Super Mario Bros. Movie,"$13,745,030"
2023,Apr 29,Saturday,119,"$37,501,744",+55.8%,-22.3%,37,The Super Mario Bros. Movie,"$18,194,970"
2023,Apr 28,Friday,118,"$24,067,396",+223.6%,-31%,35,The Super Mario Bros. Movie,"$8,895,805"
2023,Apr 27,Thursday,117,"$7,438,000",-1.9%,-10.1%,35,The Super Mario Bros. Movie,"$2,967,670"
2023,Apr 26,Wednesday,116,"$7,580,562",-31%,-12.8%,35,The Super Mario Bros. Movie,"$2,989,680"
2023,Apr 25,Tuesday,115,"$10,988,343",+22.1%,-15.8%,35,The Super Mario Bros. Movie,"$4,534,065"
2023,Apr 24,Monday,114,"$8,999,121",-74.8%,-10.1%,36,The Super Mario Bros. Movie,"$3,493,860"
2023,Apr 23,Sunday,113,"$35,699,312",-26.1%,-19.1%,36,The Super Mario Bros. Movie,"$19,651,085"
2023,Apr 22,Saturday,112,"$48,277,181",+38.5%,-18.2%,35,The Super Mario Bros. Movie,"$26,046,205"
2023,Apr 21,Friday,111,"$34,857,290",+321.2%,-11.7%,34,The Super Mario Bros. Movie,"$14,233,650"
2023,Apr 20,Thursday,110,"$8,275,473",-4.8%,-43.7%,36,The Super Mario Bros. Movie,"$4,905,315"
2023,Apr 19,Wednesday,109,"$8,691,170",-33.4%,-43%,37,The Super Mario Bros. Movie,"$4,818,740"
2023,Apr 18,Tuesday,108,"$13,042,715",+30.3%,-40.6%,38,The Super Mario Bros. Movie,"$7,402,565"
2023,Apr 17,Monday,107,"$10,007,931",-77.3%,-63%,37,The Super Mario Bros. Movie,"$5,802,100"
2023,Apr 16,Sunday,106,"$44,105,734",-25.3%,-7.9%,38,The Super Mario Bros. Movie,"$30,396,285"
2023,Apr 15,Saturday,105,"$59,035,897",+49.5%,-25.3%,38,The Super Mario Bros. Movie,"$39,294,320"
2023,Apr 14,Friday,104,"$39,493,617",+168.8%,-46.5%,38,The Super Mario Bros. Movie,"$22,656,585"
2023,Apr 13,Thursday,103,"$14,691,247",-3.7%,-59.8%,32,The Super Mario Bros. Movie,"$9,865,005"
2023,Apr 12,Wednesday,102,"$15,253,767",-30.6%,-62.2%,33,The Super Mario Bros. Movie,"$10,757,435"
2023,Apr 11,Tuesday,101,"$21,974,357",-18.6%,+111.6%,33,The Super Mario Bros. Movie,"$15,459,585"
2023,Apr 10,Monday,100,"$27,012,105",-43.6%,+236.4%,36,The Super Mario Bros. Movie,"$20,110,945"
2023,Apr 9Easter Sunday,Sunday,99,"$47,906,224",-39.4%,+89.3%,36,The Super Mario Bros. Movie,"$34,567,680"
2023,Apr 8,Saturday,98,"$79,042,206",+7.1%,+119.8%,35,The Super Mario Bros. Movie,"$56,989,725"
2023,Apr 7,Friday,97,"$73,775,727",+101.9%,+136%,35,The Super Mario Bros. Movie,"$54,804,460"
2023,Apr 6,Thursday,96,"$36,532,866",-9.6%,+430.8%,36,The Super Mario Bros. Movie,"$26,566,130"
2023,Apr 5,Wednesday,95,"$40,401,237",+289%,+411.9%,35,The Super Mario Bros. Movie,"$31,702,735"
2023,Apr 4,Tuesday,94,"$10,386,489",+29.4%,-7.3%,34,Dungeons & Dragons: Honor Among Thieves,"$3,630,908"
2023,Apr 3,Monday,93,"$8,028,895",-68.3%,-9.7%,34,Dungeons & Dragons: Honor Among Thieves,"$2,776,969"
2023,Apr 2,Sunday,92,"$25,306,163",-29.6%,-13.1%,39,Dungeons & Dragons: Honor Among Thieves,"$9,072,950"
2023,Apr 1,Saturday,91,"$35,956,126",+15%,-16.7%,37,Dungeons & Dragons: Honor Among Thieves,"$12,910,476"
2023,Mar 31,Friday,90,"$31,267,328",+354.3%,-21.7%,37,Dungeons & Dragons: Honor Among Thieves,"$15,222,358"
2023,Mar 30,Thursday,89,"$6,882,008",-12.8%,+41.1%,33,John Wick: Chapter 4,"$3,903,499"
2023,Mar 29,Wednesday,88,"$7,891,783",-29.6%,+30.5%,34,John Wick: Chapter 4,"$4,571,017"
2023,Mar 28,Tuesday,87,"$11,202,243",+25.9%,+27.8%,33,John Wick: Chapter 4,"$6,743,392"
2023,Mar 27,Monday,86,"$8,895,394",-69.4%,+36.1%,35,John Wick: Chapter 4,"$5,632,448"
2023,Mar 26,Sunday,85,"$29,116,184",-32.5%,+23.8%,34,John Wick: Chapter 4,"$18,576,730"
2023,Mar 25,Saturday,84,"$43,147,960",+8.1%,+21%,35,John Wick: Chapter 4,"$25,814,836"
2023,Mar 24,Friday,83,"$39,927,513",+718.6%,+43.1%,34,John Wick: Chapter 4,"$29,426,384"
2023,Mar 23,Thursday,82,"$4,877,368",-19.3%,-47%,34,Scream VI,"$1,103,683"
2023,Mar 22,Wednesday,81,"$6,045,222",-31%,-42.5%,35,Shazam! Fury of the Gods,"$1,401,116"
2023,Mar 21,Tuesday,80,"$8,765,526",+34.2%,-36.8%,35,Shazam! Fury of the Gods,"$2,401,036"
2023,Mar 20,Monday,79,"$6,533,907",-72.2%,-44.5%,35,Shazam! Fury of the Gods,"$1,691,328"
2023,Mar 19,Sunday,78,"$23,526,682",-34%,-19.4%,36,Shazam! Fury of the Gods,"$7,405,697"
2023,Mar 18,Saturday,77,"$35,668,313",+27.9%,-20.5%,37,Shazam! Fury of the Gods,"$11,004,081"
2023,Mar 17,Friday,76,"$27,892,320",+202.9%,-29.1%,36,Shazam! Fury of the Gods,"$11,701,380"
2023,Mar 16,Thursday,75,"$9,207,429",-12.4%,+45.8%,38,Scream VI,"$2,786,238"
2023,Mar 15,Wednesday,74,"$10,515,482",-24.1%,+43.8%,38,Scream VI,"$3,232,544"
2023,Mar 14,Tuesday,73,"$13,862,531",+17.8%,+30.9%,37,Scream VI,"$4,403,075"
2023,Mar 13,Monday,72,"$11,767,935",-59.7%,+45.9%,39,Scream VI,"$3,660,157"
2023,Mar 12,Sunday,71,"$29,193,816",-34.9%,-3.6%,41,Scream VI,"$9,762,853"
2023,Mar 11,Saturday,70,"$44,857,865",+14.1%,+1.2%,41,Scream VI,"$15,390,949"
2023,Mar 10,Friday,69,"$39,318,027",+522.5%,+3.8%,41,Scream VI,"$19,293,468"
2023,Mar 9,Thursday,68,"$6,316,029",-13.6%,+12.6%,41,Creed III,"$3,001,284"
2023,Mar 8,Wednesday,67,"$7,311,199",-30.9%,+26%,40,Creed III,"$3,371,495"
2023,Mar 7,Tuesday,66,"$10,586,911",+31.3%,+23.3%,39,Creed III,"$5,157,391"
2023,Mar 6,Monday,65,"$8,064,509",-73.4%,+34.6%,39,Creed III,"$4,285,097"
2023,Mar 5,Sunday,64,"$30,272,077",-31.7%,+27.1%,41,Creed III,"$14,980,184"
2023,Mar 4,Saturday,63,"$44,322,605",+17%,+21.7%,42,Creed III,"$21,300,696"
2023,Mar 3,Friday,62,"$37,875,312",+575.5%,+33.6%,40,Creed III,"$22,089,127"
2023,Mar 2,Thursday,61,"$5,606,882",-3.4%,-10.1%,41,Cocaine Bear,"$1,485,625"
2023,Mar 1,Wednesday,60,"$5,804,807",-32.4%,-10.6%,42,Cocaine Bear,"$1,552,560"
2023,Feb 28,Tuesday,59,"$8,584,905",+43.3%,-22.6%,40,Ant-Man and the Wasp: Quantumania,"$2,536,327"
2023,Feb 27,Monday,58,"$5,989,441",-74.9%,-71.8%,40,Ant-Man and the Wasp: Quantumania,"$1,721,699"
2023,Feb 26,Sunday,57,"$23,820,231",-34.6%,-34.6%,42,Ant-Man and the Wasp: Quantumania,"$9,006,061"
2023,Feb 25,Saturday,56,"$36,410,562",+28.4%,-23.4%,40,Ant-Man and the Wasp: Quantumania,"$14,629,621"
2023,Feb 24,Friday,55,"$28,355,669",+354.6%,-48.2%,41,Cocaine Bear,"$8,688,985"
2023,Feb 23,Thursday,54,"$6,238,054",-3.9%,+68.1%,36,Ant-Man and the Wasp: Quantumania,"$3,781,913"
2023,Feb 22,Wednesday,53,"$6,489,527",-41.5%,+15.4%,37,Ant-Man and the Wasp: Quantumania,"$3,859,533"
2023,Feb 21,Tuesday,52,"$11,095,078",-47.7%,-10.6%,35,Ant-Man and the Wasp: Quantumania,"$7,078,521"
2023,Feb 20Presidents' Day,Monday,51,"$21,220,230",-41.8%,+337.3%,36,Ant-Man and the Wasp: Quantumania,"$14,284,967"
2023,Feb 19,Sunday,50,"$36,449,799",-23.4%,+310.2%,37,Ant-Man and the Wasp: Quantumania,"$25,774,142"
2023,Feb 18,Saturday,49,"$47,559,997",-13.1%,+106.8%,36,Ant-Man and the Wasp: Quantumania,"$33,903,657"
2023,Feb 17,Friday,48,"$54,718,803","+1,374.7%",+242.8%,37,Ant-Man and the Wasp: Quantumania,"$46,431,851"
2023,Feb 16,Thursday,47,"$3,710,612",-34%,-9.5%,35,Magic Mike's Last Dance,"$718,014"
2023,Feb 15,Wednesday,46,"$5,621,325",-54.7%,+25.3%,36,Magic Mike's Last Dance,"$821,147"
2023,Feb 14,Tuesday,45,"$12,417,533",+155.9%,+67.2%,33,Magic Mike's Last Dance,"$1,931,127"
2023,Feb 13,Monday,44,"$4,852,271",-45.4%,+6.5%,34,Magic Mike's Last Dance,"$814,849"
2023,Feb 12,Sunday,43,"$8,885,159",-61.4%,-53.9%,34,Avatar: The Way of Water,"$1,619,552"
2023,Feb 11,Saturday,42,"$23,001,748",+44.1%,-22.5%,34,Avatar: The Way of Water,"$3,881,764"
2023,Feb 10,Friday,41,"$15,961,293",+289.1%,-26.7%,35,Magic Mike's Last Dance,"$4,141,216"
2023,Feb 9,Thursday,40,"$4,101,737",-8.6%,-23.4%,34,80 for Brady,"$1,184,293"
2023,Feb 8,Wednesday,39,"$4,485,661",-39.6%,+5%,35,80 for Brady,"$1,333,386"
2023,Feb 7,Tuesday,38,"$7,425,331",+63%,+16.8%,35,80 for Brady,"$2,540,127"
2023,Feb 6,Monday,37,"$4,555,353",-76.4%,+0.2%,36,80 for Brady,"$1,210,212"
2023,Feb 5,Sunday,36,"$19,273,412",-35%,+16.1%,35,80 for Brady,"$3,595,914"
2023,Feb 4,Saturday,35,"$29,670,171",+36.2%,+1.6%,37,Knock at the Cabin,"$5,488,185"
2023,Feb 3,Friday,34,"$21,777,681",+306.8%,+32.1%,37,Knock at the Cabin,"$5,409,055"
2023,Feb 2,Thursday,33,"$5,353,728",+25.3%,-20.9%,35,The Chosen Season 3 Finale,"$1,666,707"
2023,Feb 1,Wednesday,32,"$4,273,018",-32.8%,-34.1%,35,Avatar: The Way of Water,"$1,078,480"
2023,Jan 31,Tuesday,31,"$6,358,875",+39.8%,-18.6%,34,Avatar: The Way of Water,"$1,512,270"
2023,Jan 30,Monday,30,"$4,547,459",-72.6%,-16.8%,35,Avatar: The Way of Water,"$1,174,887"
2023,Jan 29,Sunday,29,"$16,594,575",-43.2%,-13.3%,38,Avatar: The Way of Water,"$4,430,993"
2023,Jan 28,Saturday,28,"$29,196,387",+77.1%,-8.4%,37,Avatar: The Way of Water,"$7,921,324"
2023,Jan 27,Friday,27,"$16,483,928",+143.6%,-16.5%,40,Avatar: The Way of Water,"$3,616,215"
2023,Jan 26,Thursday,26,"$6,766,030",+4.3%,+2%,34,Avatar: The Way of Water,"$1,446,039"
2023,Jan 25,Wednesday,25,"$6,486,985",-16.9%,+4.6%,33,Pathaan,"$1,490,951"
2023,Jan 24,Tuesday,24,"$7,810,579",+43%,-19.9%,32,Avatar: The Way of Water,"$2,008,398"
2023,Jan 23,Monday,23,"$5,462,805",-71.5%,-74.1%,33,Avatar: The Way of Water,"$1,580,745"
2023,Jan 22,Sunday,22,"$19,145,201",-40%,-41.2%,36,Avatar: The Way of Water,"$6,007,938"
2023,Jan 21,Saturday,21,"$31,885,285",+61.6%,-21.2%,37,Avatar: The Way of Water,"$9,454,007"
2023,Jan 20,Friday,20,"$19,736,410",+197.5%,-23.1%,37,Avatar: The Way of Water,"$4,671,161"
2023,Jan 19,Thursday,19,"$6,634,282",+7%,-7.9%,31,Avatar: The Way of Water,"$1,959,746"
2023,Jan 18,Wednesday,18,"$6,203,124",-36.4%,-22.1%,31,Avatar: The Way of Water,"$1,865,293"
2023,Jan 17,Tuesday,17,"$9,757,114",-53.7%,-10.2%,31,Avatar: The Way of Water,"$2,769,211"
2023,Jan 16MLK Day,Monday,16,"$21,069,765",-35.3%,+165.9%,32,Avatar: The Way of Water,"$7,056,071"
2023,Jan 15,Sunday,15,"$32,575,322",-19.5%,+13.9%,32,Avatar: The Way of Water,"$11,727,060"
2023,Jan 14,Saturday,14,"$40,457,653",+57.6%,-9.4%,32,Avatar: The Way of Water,"$14,054,064"
2023,Jan 13,Friday,13,"$25,676,736",+256.5%,-17.3%,33,Avatar: The Way of Water,"$7,043,560"
2023,Jan 12,Thursday,12,"$7,202,303",-9.6%,-33.7%,30,Avatar: The Way of Water,"$2,974,300"
2023,Jan 11,Wednesday,11,"$7,964,902",-26.7%,-34.3%,30,Avatar: The Way of Water,"$3,173,055"
2023,Jan 10,Tuesday,10,"$10,870,334",+37.2%,-35.9%,27,Avatar: The Way of Water,"$4,547,214"
2023,Jan 9,Monday,9,"$7,924,065",-72.3%,-75.7%,28,Avatar: The Way of Water,"$3,478,414"
2023,Jan 8,Sunday,8,"$28,588,281",-36%,-21.1%,29,Avatar: The Way of Water,"$13,729,301"
2023,Jan 7,Saturday,7,"$44,649,143",+43.9%,+59.7%,29,Avatar: The Way of Water,"$20,688,606"
2023,Jan 6,Friday,6,"$31,029,606",+185.6%,-18.1%,29,M3GAN,"$11,726,555"
2023,Jan 5,Thursday,5,"$10,864,987",-10.4%,-65.2%,30,Avatar: The Way of Water,"$6,830,651"
2023,Jan 4,Wednesday,4,"$12,131,291",-28.5%,-61.9%,30,Avatar: The Way of Water,"$7,475,308"
2023,Jan 3,Tuesday,3,"$16,965,068",-47.9%,-54.6%,31,Avatar: The Way of Water,"$10,544,729"
2023,Jan 2,Monday,2,"$32,548,656",-10.1%,-30.7%,30,Avatar: The Way of Water,"$21,411,622"
2023,Jan 1New Year's Day,Sunday,1,"$36,210,982",+29.5%,-16.7%,31,Avatar: The Way of Water,"$24,519,161"
2024,Dec 31New Year's Eve,Tuesday,366,"$30,515,353",-11.4%,+28.3%,40,Sonic the Hedgehog 3,"$7,274,167"
2024,Dec 30,Monday,365,"$34,453,652",-28.7%,+16.3%,40,Sonic the Hedgehog 3,"$7,720,529"
2024,Dec 29,Sunday,364,"$48,354,185",-15.7%,+19.1%,41,Mufasa: The Lion King,"$11,326,817"
2024,Dec 28,Saturday,363,"$57,356,599",+6.4%,+21%,40,Sonic the Hedgehog 3,"$13,501,757"
2024,Dec 27,Friday,362,"$53,897,293",+2.6%,+3.7%,69,Sonic the Hedgehog 3,"$12,606,485"
2024,Dec 26,Thursday,361,"$52,508,864",-11.6%,+673%,39,Mufasa: The Lion King,"$12,007,417"
2024,Dec 25Christmas Day,Wednesday,360,"$59,387,206",+1.4%,-19.1%,39,Mufasa: The Lion King,"$14,722,175"
2024,Dec 24,Tuesday,359,"$23,784,024",-19.7%,+103.9%,33,Sonic the Hedgehog 3,"$7,499,193"
2024,Dec 23,Monday,358,"$29,632,078",-27%,+263.1%,37,Sonic the Hedgehog 3,"$10,049,917"
2024,Dec 22,Sunday,357,"$40,586,725",-14.4%,+57.4%,36,Sonic the Hedgehog 3,"$15,331,645"
2024,Dec 21,Saturday,356,"$47,397,213",-8.8%,+35.8%,36,Sonic the Hedgehog 3,"$19,320,946"
2024,Dec 20,Friday,355,"$51,960,077",+664.9%,+115.2%,37,Sonic the Hedgehog 3,"$25,449,555"
2024,Dec 19,Thursday,354,"$6,793,052",-24%,-17%,37,Wicked,"$2,464,660"
2024,Dec 18,Wednesday,353,"$8,940,888",-23.3%,-7%,36,Wicked,"$2,758,720"
2024,Dec 17,Tuesday,352,"$11,661,728",+42.9%,-14.4%,38,Wicked,"$3,487,530"
2024,Dec 16,Monday,351,"$8,161,050",-68.4%,-16%,40,Wicked,"$2,517,120"
2024,Dec 15,Sunday,350,"$25,792,996",-26.1%,-34.3%,42,Moana 2,"$8,381,276"
2024,Dec 14,Saturday,349,"$34,895,182",+44.5%,-34.6%,42,Moana 2,"$12,115,500"
2024,Dec 13,Friday,348,"$24,142,992",+195.2%,-25.8%,42,Moana 2,"$6,002,592"
2024,Dec 12,Thursday,347,"$8,179,497",-14.9%,-35.2%,38,Wicked,"$3,020,870"
2024,Dec 11,Wednesday,346,"$9,613,697",-29.5%,-25.8%,36,Wicked,"$3,397,490"
2024,Dec 10,Tuesday,345,"$13,627,665",+40.3%,-32.4%,36,Wicked,"$4,663,285"
2024,Dec 9,Monday,344,"$9,709,938",-75.3%,-35.6%,38,Wicked,"$3,349,105"
2024,Dec 8,Sunday,343,"$39,259,923",-26.4%,-41.7%,40,Moana 2,"$16,469,653"
2024,Dec 7,Saturday,342,"$53,338,223",+64%,-46.7%,41,Moana 2,"$23,134,944"
2024,Dec 6,Friday,341,"$32,522,589",+157.5%,-69.7%,41,Moana 2,"$11,682,456"
2024,Dec 5,Thursday,340,"$12,630,884",-2.5%,-77.7%,31,Wicked,"$4,779,480"
2024,Dec 4,Wednesday,339,"$12,953,802",-35.8%,-85.6%,29,Wicked,"$5,078,535"
2024,Dec 3,Tuesday,338,"$20,169,359",+33.8%,-29.7%,29,Moana 2,"$8,084,803"
2024,Dec 2,Monday,337,"$15,070,230",-77.6%,-42.8%,30,Moana 2,"$5,843,309"
2024,Dec 1,Sunday,336,"$67,389,432",-32.7%,+25.5%,31,Moana 2,"$34,821,470"
2024,Nov 30,Saturday,335,"$100,160,252",-6.6%,+47.8%,32,Moana 2,"$50,604,078"
2024,Nov 29,Friday,334,"$107,233,151",+89.7%,+37.1%,31,Moana 2,"$54,361,837"
2024,Nov 28Thanksgiving,Thursday,333,"$56,530,650",-37.1%,"+1,565.3%",31,Moana 2,"$27,784,598"
2024,Nov 27,Wednesday,332,"$89,891,852",+213.4%,"+1,903.5%",32,Moana 2,"$57,869,843"
2024,Nov 26,Tuesday,331,"$28,684,387",+9%,+277.3%,29,Wicked,"$16,638,485"
2024,Nov 25,Monday,330,"$26,326,802",-51%,+487.2%,30,Wicked,"$15,778,135"
2024,Nov 24,Sunday,329,"$53,715,313",-20.7%,+205.6%,32,Wicked,"$30,805,905"
2024,Nov 23,Saturday,328,"$67,757,828",-13.4%,+136.9%,32,Wicked,"$35,492,555"
2024,Nov 22,Friday,327,"$78,231,267","+2,204.6%",+296.2%,33,Wicked,"$46,210,430"
2024,Nov 21,Thursday,326,"$3,394,612",-24.3%,-16.8%,41,Red One,"$1,205,253"
2024,Nov 20,Wednesday,325,"$4,486,787",-41%,-0.8%,39,Red One,"$1,485,371"
2024,Nov 19,Tuesday,324,"$7,602,627",+69.6%,+10.1%,41,Red One,"$3,163,951"
2024,Nov 18,Monday,323,"$4,483,113",-74.5%,-53.2%,41,Red One,"$1,664,260"
2024,Nov 17,Sunday,322,"$17,577,776",-38.5%,+1.4%,45,Red One,"$8,081,080"
2024,Nov 16,Saturday,321,"$28,601,726",+44.9%,+16.3%,46,Red One,"$13,231,325"
2024,Nov 15,Friday,320,"$19,745,009",+384.2%,-1.9%,43,Red One,"$10,793,707"
2024,Nov 14,Thursday,319,"$4,077,849",-9.9%,-13.8%,42,Venom: The Last Dance,"$800,104"
2024,Nov 13,Wednesday,318,"$4,524,772",-34.4%,-10.2%,43,Venom: The Last Dance,"$926,820"
2024,Nov 12,Tuesday,317,"$6,902,753",-27.9%,-23.3%,41,Venom: The Last Dance,"$1,513,871"
2024,Nov 11,Monday,316,"$9,580,192",-44.7%,+64.2%,46,Venom: The Last Dance,"$2,505,938"
2024,Nov 10,Sunday,315,"$17,336,865",-29.5%,-4%,43,Venom: The Last Dance,"$4,876,142"
2024,Nov 9,Saturday,314,"$24,599,040",+22.2%,-10.2%,45,Venom: The Last Dance,"$7,101,494"
2024,Nov 8,Friday,313,"$20,122,444",+325.6%,+12.7%,45,The Best Christmas Pageant Ever,"$4,950,596"
2024,Nov 7,Thursday,312,"$4,728,011",-6.2%,-41.7%,47,Venom: The Last Dance,"$1,628,721"
2024,Nov 6,Wednesday,311,"$5,040,702",-44%,-20.3%,44,Venom: The Last Dance,"$1,682,382"
2024,Nov 5,Tuesday,310,"$8,997,604",+54.2%,-9.8%,43,Venom: The Last Dance,"$3,300,694"
2024,Nov 4,Monday,309,"$5,834,775",-67.7%,-14.3%,46,Venom: The Last Dance,"$2,131,745"
2024,Nov 3,Sunday,308,"$18,050,564",-34.1%,-21.2%,47,Venom: The Last Dance,"$7,675,943"
2024,Nov 2,Saturday,307,"$27,389,412",+53.4%,-14.1%,48,Venom: The Last Dance,"$11,617,451"
2024,Nov 1,Friday,306,"$17,850,181",+120%,-48.3%,47,Venom: The Last Dance,"$6,609,372"
2024,Oct 31Halloween,Thursday,305,"$8,114,488",+28.3%,+89%,45,Venom: The Last Dance,"$2,802,359"
2024,Oct 30,Wednesday,304,"$6,324,766",-36.6%,+23.3%,43,Venom: The Last Dance,"$2,471,828"
2024,Oct 29,Tuesday,303,"$9,973,331",+46.4%,+32.9%,46,Venom: The Last Dance,"$4,605,136"
2024,Oct 28,Monday,302,"$6,810,895",-70.3%,+28.6%,46,Venom: The Last Dance,"$3,055,703"
2024,Oct 27,Sunday,301,"$22,897,173",-28.2%,+47%,45,Venom: The Last Dance,"$12,168,397"
2024,Oct 26,Saturday,300,"$31,900,817",-7.5%,+33.6%,45,Venom: The Last Dance,"$16,820,420"
2024,Oct 25,Friday,299,"$34,493,840",+703.2%,+61.9%,46,Venom: The Last Dance,"$22,023,587"
2024,Oct 24,Thursday,298,"$4,294,393",-16.3%,-12.1%,47,Smile 2,"$1,494,499"
2024,Oct 23,Wednesday,297,"$5,131,533",-31.6%,-4.8%,48,Smile 2,"$1,866,641"
2024,Oct 22,Tuesday,296,"$7,506,789",+41.8%,-2.6%,46,Smile 2,"$2,929,052"
2024,Oct 21,Monday,295,"$5,294,173",-66%,-53.5%,47,Smile 2,"$2,002,121"
2024,Oct 20,Sunday,294,"$15,577,571",-34.7%,-16.8%,47,Smile 2,"$5,401,822"
2024,Oct 19,Saturday,293,"$23,871,459",+12.1%,-0.2%,50,Smile 2,"$8,121,308"
2024,Oct 18,Friday,292,"$21,301,082",+335.9%,-6.4%,48,Smile 2,"$9,498,562"
2024,Oct 17,Thursday,291,"$4,887,100",-9.3%,+6.3%,43,Terrifier 3,"$1,456,137"
2024,Oct 16,Wednesday,290,"$5,391,067",-30.1%,+13.3%,42,Terrifier 3,"$1,724,080"
2024,Oct 15,Tuesday,289,"$7,707,770",-32.3%,-1.7%,43,Terrifier 3,"$2,204,219"
2024,Oct 14Indig. Peoples' Day,Monday,288,"$11,380,515",-39.2%,+96%,44,The Wild Robot,"$3,506,865"
2024,Oct 13,Sunday,287,"$18,725,822",-21.7%,-3.2%,46,Terrifier 3,"$4,810,822"
2024,Oct 12,Saturday,286,"$23,909,753",+5.1%,-21.8%,46,Terrifier 3,"$5,918,015"
2024,Oct 11,Friday,285,"$22,760,054",+395.1%,-30.2%,46,Terrifier 3,"$8,199,276"
2024,Oct 10,Thursday,284,"$4,596,627",-3.4%,-15.5%,40,The Wild Robot,"$1,448,720"
2024,Oct 9,Wednesday,283,"$4,757,266",-39.3%,-11.2%,39,The Wild Robot,"$1,281,615"
2024,Oct 8,Tuesday,282,"$7,841,164",+35.1%,-1.3%,42,Joker: Folie à Deux,"$2,640,433"
2024,Oct 7,Monday,281,"$5,806,075",-70%,-1.3%,42,Joker: Folie à Deux,"$1,827,163"
2024,Oct 6,Sunday,280,"$19,340,556",-36.8%,-16.8%,47,Joker: Folie à Deux,"$6,161,380"
2024,Oct 5,Saturday,279,"$30,580,036",-6.2%,-9.7%,48,Joker: Folie à Deux,"$11,259,615"
2024,Oct 4,Friday,278,"$32,606,600",+499.4%,+17.1%,48,Joker: Folie à Deux,"$20,257,472"
2024,Oct 3,Thursday,277,"$5,439,446",+1.5%,+20.1%,41,The Wild Robot,"$2,251,820"
2024,Oct 2,Wednesday,276,"$5,359,505",-32.5%,+1.4%,40,The Wild Robot,"$1,822,355"
2024,Oct 1,Tuesday,275,"$7,944,666",+35%,-0.7%,40,The Wild Robot,"$3,123,780"
2024,Sep 30,Monday,274,"$5,883,145",-74.7%,+9.7%,40,The Wild Robot,"$2,295,955"
2024,Sep 29,Sunday,273,"$23,252,306",-31.3%,+18.4%,43,The Wild Robot,"$10,187,635"
2024,Sep 28,Saturday,272,"$33,862,387",+21.6%,+9.6%,45,The Wild Robot,"$14,405,440"
2024,Sep 27,Friday,271,"$27,839,627",+514.7%,+15.2%,43,The Wild Robot,"$11,197,075"
2024,Sep 26,Thursday,270,"$4,529,321",-14.3%,-15.8%,39,Beetlejuice Beetlejuice,"$1,470,041"
2024,Sep 25,Wednesday,269,"$5,287,970",-33.9%,-23.9%,39,Beetlejuice Beetlejuice,"$1,684,509"
2024,Sep 24,Tuesday,268,"$7,998,067",+49.2%,-17.9%,40,Beetlejuice Beetlejuice,"$2,466,902"
2024,Sep 23,Monday,267,"$5,362,399",-72.7%,-15.7%,40,Beetlejuice Beetlejuice,"$1,685,920"
2024,Sep 22,Sunday,266,"$19,641,804",-36.4%,-15.4%,44,Beetlejuice Beetlejuice,"$7,336,476"
2024,Sep 21,Saturday,265,"$30,907,102",+27.9%,-13.6%,45,Beetlejuice Beetlejuice,"$11,838,608"
2024,Sep 20,Friday,264,"$24,171,009",+349.4%,-10.8%,43,Transformers One,"$9,559,726"
2024,Sep 19,Thursday,263,"$5,378,826",-22.6%,-28.7%,42,Beetlejuice Beetlejuice,"$2,484,357"
2024,Sep 18,Wednesday,262,"$6,949,010",-28.7%,-16.3%,43,Beetlejuice Beetlejuice,"$2,894,181"
2024,Sep 17,Tuesday,261,"$9,743,590",+53.1%,-23.2%,41,Beetlejuice Beetlejuice,"$4,701,301"
2024,Sep 16,Monday,260,"$6,363,315",-72.6%,-28.9%,41,Beetlejuice Beetlejuice,"$3,012,109"
2024,Sep 15,Sunday,259,"$23,221,190",-35.1%,-35%,42,Beetlejuice Beetlejuice,"$14,370,215"
2024,Sep 14,Saturday,258,"$35,778,086",+32%,-35.6%,42,Beetlejuice Beetlejuice,"$22,400,036"
2024,Sep 13,Friday,257,"$27,100,065",+259.2%,-46.1%,42,Beetlejuice Beetlejuice,"$14,580,104"
2024,Sep 12,Thursday,256,"$7,543,813",-9.2%,+85.9%,41,Beetlejuice Beetlejuice,"$4,860,917"
2024,Sep 11,Wednesday,255,"$8,306,698",-34.5%,+61.9%,40,Beetlejuice Beetlejuice,"$5,353,739"
2024,Sep 10,Tuesday,254,"$12,679,622",+41.6%,+68.5%,39,Beetlejuice Beetlejuice,"$8,976,546"
2024,Sep 9,Monday,253,"$8,953,855",-74.9%,-54.9%,39,Beetlejuice Beetlejuice,"$6,211,532"
2024,Sep 8,Sunday,252,"$35,739,840",-35.7%,+42.3%,40,Beetlejuice Beetlejuice,"$27,383,287"
2024,Sep 7,Saturday,251,"$55,546,451",+10.5%,+124.8%,40,Beetlejuice Beetlejuice,"$41,804,322"
2024,Sep 6,Friday,250,"$50,251,752","+1,138.3%",+176.8%,40,Beetlejuice Beetlejuice,"$41,815,736"
2024,Sep 5,Thursday,249,"$4,058,088",-20.9%,-44.4%,43,Reagan,"$845,145"
2024,Sep 4,Wednesday,248,"$5,131,317",-31.8%,-34.5%,43,Deadpool & Wolverine,"$887,590"
2024,Sep 3,Tuesday,247,"$7,525,938",-62.1%,-35%,43,Deadpool & Wolverine,"$1,280,855"
2024,Sep 2Labor Day,Monday,246,"$19,834,375",-21%,+143.1%,44,Deadpool & Wolverine,"$4,096,817"
2024,Sep 1,Sunday,245,"$25,107,021",+1.6%,+8.3%,44,Deadpool & Wolverine,"$5,906,987"
2024,Aug 31,Saturday,244,"$24,712,281",+36.1%,-26.9%,44,Deadpool & Wolverine,"$5,863,964"
2024,Aug 30,Friday,243,"$18,157,780",+148.7%,-28.5%,44,Deadpool & Wolverine,"$3,698,361"
2024,Aug 29,Thursday,242,"$7,302,027",-6.8%,-33.7%,35,Deadpool & Wolverine,"$1,608,248"
2024,Aug 28,Wednesday,241,"$7,835,154",-32.3%,-38.7%,35,Deadpool & Wolverine,"$1,623,388"
2024,Aug 27,Tuesday,240,"$11,573,817",+41.9%,-36.2%,35,Alien: Romulus,"$2,222,383"
2024,Aug 26,Monday,239,"$8,158,230",-64.8%,-43.1%,35,Deadpool & Wolverine,"$1,747,462"
2024,Aug 25,Sunday,238,"$23,176,427",-31.4%,-40.2%,35,Deadpool & Wolverine,"$5,324,239"
2024,Aug 24,Saturday,237,"$33,791,029",+33.1%,-32.9%,36,Deadpool & Wolverine,"$8,040,579"
2024,Aug 23,Friday,236,"$25,393,084",+130.5%,-42.8%,36,Deadpool & Wolverine,"$4,945,422"
2024,Aug 22,Thursday,235,"$11,014,497",-13.9%,-34%,36,Alien: Romulus,"$2,725,475"
2024,Aug 21,Wednesday,234,"$12,786,426",-29.5%,-19.9%,37,Alien: Romulus,"$3,106,393"
2024,Aug 20,Tuesday,233,"$18,136,089",+26.4%,-18.3%,36,Alien: Romulus,"$4,848,427"
2024,Aug 19,Monday,232,"$14,342,770",-63%,-19.7%,37,Alien: Romulus,"$3,755,727"
2024,Aug 18,Sunday,231,"$38,777,297",-22.9%,-7.7%,42,Alien: Romulus,"$10,328,304"
2024,Aug 17,Saturday,230,"$50,324,494",+13.4%,-9.2%,44,Alien: Romulus,"$13,591,254"
2024,Aug 16,Friday,229,"$44,380,164",+165.9%,-22.8%,43,Alien: Romulus,"$18,083,803"
2024,Aug 15,Thursday,228,"$16,688,135",+4.5%,<0.1%,37,It Ends with Us,"$4,902,459"
2024,Aug 14,Wednesday,227,"$15,967,945",-28.1%,-13.8%,36,It Ends with Us,"$5,450,156"
2024,Aug 13,Tuesday,226,"$22,210,911",+24.3%,-13.7%,36,It Ends with Us,"$7,202,036"
2024,Aug 12,Monday,225,"$17,870,436",-57.4%,-18.3%,36,It Ends with Us,"$6,213,394"
2024,Aug 11,Sunday,224,"$41,989,732",-24.2%,-17.1%,36,Deadpool & Wolverine,"$16,235,723"
2024,Aug 10,Saturday,223,"$55,408,179",-3.7%,-14.6%,37,Deadpool & Wolverine,"$21,944,866"
2024,Aug 9,Friday,222,"$57,518,759",+244.9%,+12%,37,It Ends with Us,"$24,221,593"
2024,Aug 8,Thursday,221,"$16,675,944",-10%,-38.9%,32,Deadpool & Wolverine,"$9,140,531"
2024,Aug 7,Wednesday,220,"$18,519,813",-28.1%,-38.1%,33,Deadpool & Wolverine,"$9,865,689"
2024,Aug 6,Tuesday,219,"$25,746,698",+17.7%,-33.8%,32,Deadpool & Wolverine,"$13,390,117"
2024,Aug 5,Monday,218,"$21,865,576",-56.8%,-37.7%,32,Deadpool & Wolverine,"$12,374,798"
2024,Aug 4,Sunday,217,"$50,656,458",-21.9%,-32.9%,35,Deadpool & Wolverine,"$30,403,979"
2024,Aug 3,Saturday,216,"$64,845,219",+26.2%,-27.8%,35,Deadpool & Wolverine,"$38,403,475"
2024,Aug 2,Friday,215,"$51,378,137",+88.3%,-56.4%,34,Deadpool & Wolverine,"$28,001,874"
2024,Aug 1,Thursday,214,"$27,282,752",-8.8%,+88.1%,33,Deadpool & Wolverine,"$18,046,013"
2024,Jul 31,Wednesday,213,"$29,903,165",-23.1%,+49%,32,Deadpool & Wolverine,"$19,339,792"
2024,Jul 30,Tuesday,212,"$38,896,154",+10.8%,+51.2%,30,Deadpool & Wolverine,"$25,326,854"
2024,Jul 29,Monday,211,"$35,095,486",-53.5%,+93.5%,30,Deadpool & Wolverine,"$24,427,969"
2024,Jul 28,Sunday,210,"$75,490,863",-16%,+86%,33,Deadpool & Wolverine,"$53,600,798"
2024,Jul 27,Saturday,209,"$89,848,702",-23.7%,+68.7%,34,Deadpool & Wolverine,"$61,644,783"
2024,Jul 26,Friday,208,"$117,718,786",+711.7%,+127.8%,33,Deadpool & Wolverine,"$96,189,710"
2024,Jul 25,Thursday,207,"$14,502,988",-27.7%,+15.5%,31,Twisters,"$6,560,870"
2024,Jul 24,Wednesday,206,"$20,072,833",-22%,+39.8%,31,Twisters,"$10,015,415"
2024,Jul 23,Tuesday,205,"$25,725,293",+41.8%,+19.9%,32,Twisters,"$12,604,580"
2024,Jul 22,Monday,204,"$18,139,640",-55.3%,+23.8%,32,Twisters,"$9,198,860"
2024,Jul 21,Sunday,203,"$40,581,218",-23.8%,+30.3%,35,Twisters,"$21,594,615"
2024,Jul 20,Saturday,202,"$53,263,254",+3.1%,+18%,36,Twisters,"$27,516,920"
2024,Jul 19,Friday,201,"$51,681,423",+311.6%,+22.5%,35,Twisters,"$32,139,880"
2024,Jul 18,Thursday,200,"$12,554,814",-12.6%,-28.7%,33,Despicable Me 4,"$5,014,405"
2024,Jul 17,Wednesday,199,"$14,360,423",-33.1%,-28.2%,32,Despicable Me 4,"$5,652,680"
2024,Jul 16,Tuesday,198,"$21,455,154",+46.5%,-23.1%,31,Despicable Me 4,"$9,189,080"
2024,Jul 15,Monday,197,"$14,648,531",-53%,-19.9%,31,Despicable Me 4,"$5,752,935"
2024,Jul 14,Sunday,196,"$31,140,748",-31%,-26%,36,Despicable Me 4,"$12,334,685"
2024,Jul 13,Saturday,195,"$45,148,707",+7%,-18.3%,37,Despicable Me 4,"$17,568,280"
2024,Jul 12,Friday,194,"$42,188,783",+139.5%,-22.5%,39,Despicable Me 4,"$13,695,730"
2024,Jul 11,Thursday,193,"$17,617,943",-11.9%,-57.3%,33,Despicable Me 4,"$9,171,010"
2024,Jul 10,Wednesday,192,"$19,992,125",-28.4%,-53.2%,33,Despicable Me 4,"$10,296,755"
2024,Jul 9,Tuesday,191,"$27,906,848",+52.6%,+18.2%,33,Despicable Me 4,"$15,099,320"
2024,Jul 8,Monday,190,"$18,283,448",-56.6%,<0.1%,34,Despicable Me 4,"$9,275,720"
2024,Jul 7,Sunday,189,"$42,093,137",-23.8%,+0.3%,32,Despicable Me 4,"$21,125,130"
2024,Jul 6,Saturday,188,"$55,240,460",+1.5%,+3%,33,Despicable Me 4,"$26,833,475"
2024,Jul 5,Friday,187,"$54,427,618",+31.9%,+5.4%,32,Despicable Me 4,"$27,050,605"
2024,Jul 4Independence Day,Thursday,186,"$41,276,402",-3.4%,+177.1%,35,Despicable Me 4,"$20,398,275"
2024,Jul 3,Wednesday,185,"$42,713,126",+80.9%,+141.4%,34,Despicable Me 4,"$27,202,050"
2024,Jul 2,Tuesday,184,"$23,608,944",+29.1%,-6.8%,34,Inside Out 2,"$11,259,380"
2024,Jul 1,Monday,183,"$18,286,827",-56.4%,+1.3%,35,Inside Out 2,"$8,637,466"
2024,Jun 30,Sunday,182,"$41,955,923",-21.8%,-7.1%,39,Inside Out 2,"$18,155,884"
2024,Jun 29,Saturday,181,"$53,632,340",+3.8%,-7%,38,Inside Out 2,"$22,270,705"
2024,Jun 28,Friday,180,"$51,654,797",+246.7%,+13.1%,38,A Quiet Place: Day One,"$22,528,071"
2024,Jun 27,Thursday,179,"$14,897,362",-15.8%,-43.4%,39,Inside Out 2,"$11,123,847"
2024,Jun 26,Wednesday,178,"$17,696,657",-30.1%,-55.1%,38,Inside Out 2,"$12,808,881"
2024,Jun 25,Tuesday,177,"$25,333,969",+40.4%,-32.8%,38,Inside Out 2,"$18,519,283"
2024,Jun 24,Monday,176,"$18,048,887",-60%,-37.9%,39,Inside Out 2,"$13,060,366"
2024,Jun 23,Sunday,175,"$45,166,605",-21.7%,-25.4%,40,Inside Out 2,"$31,797,566"
2024,Jun 22,Saturday,174,"$57,655,000",+26.3%,-20.3%,39,Inside Out 2,"$38,819,111"
2024,Jun 21,Friday,173,"$45,653,479",+73.4%,-42%,38,Inside Out 2,"$30,593,873"
2024,Jun 20,Thursday,172,"$26,327,670",-33.2%,+218.2%,31,Inside Out 2,"$19,630,560"
2024,Jun 19,Wednesday,171,"$39,397,589",+4.6%,+312.5%,31,Inside Out 2,"$30,103,766"
2024,Jun 18,Tuesday,170,"$37,681,654",+29.7%,+167.2%,29,Inside Out 2,"$28,825,276"
2024,Jun 17,Monday,169,"$29,051,927",-52%,+129.6%,29,Inside Out 2,"$22,421,841"
2024,Jun 16,Sunday,168,"$60,544,257",-16.3%,+108.7%,30,Inside Out 2,"$39,468,472"
2024,Jun 15,Saturday,167,"$72,376,772",-8.1%,+92.7%,30,Inside Out 2,"$51,175,086"
2024,Jun 14,Friday,166,"$78,763,615",+851.9%,+129.8%,29,Inside Out 2,"$63,558,115"
2024,Jun 13,Thursday,165,"$8,274,572",-13.4%,+40.8%,26,Bad Boys: Ride or Die,"$4,477,418"
2024,Jun 12,Wednesday,164,"$9,550,212",-32.3%,+21.3%,26,Bad Boys: Ride or Die,"$4,762,309"
2024,Jun 11,Tuesday,163,"$14,101,475",+11.4%,+37.7%,26,Bad Boys: Ride or Die,"$7,255,222"
2024,Jun 10,Monday,162,"$12,655,935",-56.4%,+82.5%,28,Bad Boys: Ride or Die,"$6,217,847"
2024,Jun 9,Sunday,161,"$29,010,280",-22.8%,+60.9%,30,Bad Boys: Ride or Die,"$15,559,276"
2024,Jun 8,Saturday,160,"$37,557,784",+9.6%,+56.8%,30,Bad Boys: Ride or Die,"$19,466,683"
2024,Jun 7,Friday,159,"$34,268,667",+483.1%,+85.3%,29,Bad Boys: Ride or Die,"$21,501,365"
2024,Jun 6,Thursday,158,"$5,876,534",-25.4%,-26.5%,33,The Garfield Movie,"$1,525,691"
2024,Jun 5,Wednesday,157,"$7,874,769",-23.1%,-5.2%,33,The Garfield Movie,"$1,667,389"
2024,Jun 4,Tuesday,156,"$10,243,065",+47.7%,-13.3%,32,The Garfield Movie,"$2,375,908"
2024,Jun 3,Monday,155,"$6,936,109",-61.5%,-76.2%,30,The Garfield Movie,"$1,466,246"
2024,Jun 2,Sunday,154,"$18,035,033",-24.7%,-42.7%,31,The Garfield Movie,"$4,415,472"
2024,Jun 1,Saturday,153,"$23,945,675",+29.5%,-30.1%,31,The Garfield Movie,"$5,809,104"
2024,May 31,Friday,152,"$18,493,472",+131.2%,-42.3%,33,The Garfield Movie,"$3,780,696"
2024,May 30,Thursday,151,"$7,998,642",-3.7%,+35.2%,29,The Garfield Movie,"$1,852,387"
2024,May 29,Wednesday,150,"$8,304,157",-29.7%,+26.7%,28,Furiosa: A Mad Max Saga,"$1,900,519"
2024,May 28,Tuesday,149,"$11,817,232",-59.4%,+22.4%,30,Furiosa: A Mad Max Saga,"$2,947,840"
2024,May 27Memorial Day,Monday,148,"$29,084,792",-7.5%,+246.5%,31,The Garfield Movie,"$7,249,276"
2024,May 26,Sunday,147,"$31,459,843",-8.1%,+24.2%,30,Furiosa: A Mad Max Saga,"$7,618,817"
2024,May 25,Saturday,146,"$34,244,575",+6.8%,-8.2%,31,Furiosa: A Mad Max Saga,"$8,351,559"
2024,May 24,Friday,145,"$32,076,083",+442.3%,+11.8%,30,Furiosa: A Mad Max Saga,"$10,356,086"
2024,May 23,Thursday,144,"$5,914,564",-9.7%,+5.5%,33,IF,"$1,723,760"
2024,May 22,Wednesday,143,"$6,553,085",-32.1%,-3.2%,31,Kingdom of the Planet of the Apes,"$1,835,501"
2024,May 21,Tuesday,142,"$9,657,168",+15.1%,-7.7%,34,IF,"$2,862,407"
2024,May 20,Monday,141,"$8,393,585",-66.9%,+5.2%,34,IF,"$2,461,117"
2024,May 19,Sunday,140,"$25,337,213",-32.1%,-7.1%,35,IF,"$9,285,735"
2024,May 18,Saturday,139,"$37,318,916",+30.1%,+13%,36,IF,"$14,006,940"
2024,May 17,Friday,138,"$28,690,575",+411.7%,-7.8%,38,IF,"$10,423,126"
2024,May 16,Thursday,137,"$5,606,802",-17.2%,+24%,37,Kingdom of the Planet of the Apes,"$2,923,681"
2024,May 15,Wednesday,136,"$6,769,117",-35.3%,+39.5%,36,Kingdom of the Planet of the Apes,"$3,467,083"
2024,May 14,Tuesday,135,"$10,466,918",+31.2%,+36.5%,36,Kingdom of the Planet of the Apes,"$5,992,353"
2024,May 13,Monday,134,"$7,980,758",-70.7%,+40.9%,36,Kingdom of the Planet of the Apes,"$4,455,596"
2024,May 12,Sunday,133,"$27,275,075",-17.4%,+53.6%,40,Kingdom of the Planet of the Apes,"$16,264,500"
2024,May 11,Saturday,132,"$33,025,516",+6.1%,+17.5%,40,Kingdom of the Planet of the Apes,"$19,969,677"
2024,May 10,Friday,131,"$31,130,024",+588.5%,+38.3%,41,Kingdom of the Planet of the Apes,"$22,166,611"
2024,May 9,Thursday,130,"$4,521,127",-6.9%,+15.9%,37,The Fall Guy,"$1,519,140"
2024,May 8,Wednesday,129,"$4,853,787",-36.7%,+12.7%,38,The Fall Guy,"$1,633,775"
2024,May 7,Tuesday,128,"$7,670,055",+35.4%,+12.9%,37,The Fall Guy,"$3,161,540"
2024,May 6,Monday,127,"$5,663,354",-68.1%,+6.1%,39,The Fall Guy,"$1,935,430"
2024,May 5,Sunday,126,"$17,755,068",-36.8%,+17%,37,The Fall Guy,"$6,938,380"
2024,May 4,Saturday,125,"$28,105,238",+24.8%,+26.5%,37,The Fall Guy,"$10,329,530"
2024,May 3,Friday,124,"$22,511,546",+476.9%,+17.2%,38,The Fall Guy,"$10,479,125"
2024,May 2,Thursday,123,"$3,902,148",-9.4%,-3.8%,35,Challengers,"$1,371,619"
2024,May 1,Wednesday,122,"$4,308,477",-36.6%,-4.6%,35,Challengers,"$1,467,696"
2024,Apr 30,Tuesday,121,"$6,795,240",+27.3%,+4.7%,36,Challengers,"$2,343,480"
2024,Apr 29,Monday,120,"$5,338,229",-64.8%,+7.4%,35,Challengers,"$1,625,573"
2024,Apr 28,Sunday,119,"$15,169,775",-31.7%,-8.7%,39,Challengers,"$3,798,260"
2024,Apr 27,Saturday,118,"$22,217,775",+15.6%,-9.7%,39,Challengers,"$4,956,880"
2024,Apr 26,Friday,117,"$19,212,428",+373.6%,-2.8%,39,Challengers,"$6,255,921"
2024,Apr 25,Thursday,116,"$4,057,011",-10.1%,-12.8%,38,Civil War,"$905,063"
2024,Apr 24,Wednesday,115,"$4,514,355",-30.4%,-11.8%,35,Civil War,"$983,764"
2024,Apr 23,Tuesday,114,"$6,487,752",+30.5%,-8.2%,38,Civil War,"$1,405,377"
2024,Apr 22,Monday,113,"$4,971,359",-70.1%,-11.5%,38,Civil War,"$918,547"
2024,Apr 21,Sunday,112,"$16,608,267",-32.5%,-8.4%,37,Civil War,"$3,280,526"
2024,Apr 20,Saturday,111,"$24,613,578",+24.5%,-12.8%,37,Civil War,"$4,686,466"
2024,Apr 19,Friday,110,"$19,775,872",+324.9%,-12.9%,38,Abigail,"$4,033,895"
2024,Apr 18,Thursday,109,"$4,654,462",-9%,-6.6%,40,Civil War,"$1,634,364"
2024,Apr 17,Wednesday,108,"$5,117,397",-27.6%,-25.5%,39,Civil War,"$1,900,423"
2024,Apr 16,Tuesday,107,"$7,068,417",+25.8%,-8.8%,40,Civil War,"$2,707,921"
2024,Apr 15,Monday,106,"$5,616,775",-69%,+9.4%,39,Civil War,"$1,976,585"
2024,Apr 14,Sunday,105,"$18,130,093",-35.8%,-16.4%,39,Civil War,"$5,958,142"
2024,Apr 13,Saturday,104,"$28,224,590",+24.3%,-15.8%,41,Civil War,"$8,761,974"
2024,Apr 12,Friday,103,"$22,710,760",+355.5%,-12.2%,40,Civil War,"$10,817,252"
2024,Apr 11,Thursday,102,"$4,985,664",-27.4%,-44.3%,37,Godzilla x Kong: The New Empire,"$1,525,718"
2024,Apr 10,Wednesday,101,"$6,871,182",-11.4%,-32.4%,41,Godzilla x Kong: The New Empire,"$1,974,152"
2024,Apr 9,Tuesday,100,"$7,753,034",+51.1%,-42.1%,39,Godzilla x Kong: The New Empire,"$2,622,701"
2024,Apr 8,Monday,99,"$5,132,607",-76.3%,-66.1%,39,Godzilla x Kong: The New Empire,"$1,818,543"
2024,Apr 7,Sunday,98,"$21,689,433",-35.3%,-25.8%,41,Godzilla x Kong: The New Empire,"$9,002,461"
2024,Apr 6,Saturday,97,"$33,524,213",+29.6%,-27.4%,40,Godzilla x Kong: The New Empire,"$13,743,640"
2024,Apr 5,Friday,96,"$25,875,322",+189.2%,-52.7%,42,Godzilla x Kong: The New Empire,"$8,457,258"
2024,Apr 4,Thursday,95,"$8,946,075",-11.9%,-2.9%,40,Godzilla x Kong: The New Empire,"$4,131,644"
2024,Apr 3,Wednesday,94,"$10,159,766",-24.1%,+11.3%,39,Godzilla x Kong: The New Empire,"$4,620,545"
2024,Apr 2,Tuesday,93,"$13,381,982",-11.5%,+9%,41,Godzilla x Kong: The New Empire,"$6,827,553"
2024,Apr 1,Monday,92,"$15,124,673",-48.2%,+78.6%,40,Godzilla x Kong: The New Empire,"$7,751,327"
2024,Mar 31Easter Sunday,Sunday,91,"$29,220,346",-36.7%,+10.2%,43,Godzilla x Kong: The New Empire,"$16,784,910"
2024,Mar 30,Saturday,90,"$46,184,216",-15.6%,+12.9%,45,Godzilla x Kong: The New Empire,"$26,414,059"
2024,Mar 29,Friday,89,"$54,712,650",+493.6%,+76.7%,42,Godzilla x Kong: The New Empire,"$36,807,592"
2024,Mar 28,Thursday,88,"$9,217,436",+1%,+38.4%,37,Ghostbusters: Frozen Empire,"$2,685,351"
2024,Mar 27,Wednesday,87,"$9,127,027",-25.7%,+12.7%,36,Ghostbusters: Frozen Empire,"$2,837,907"
2024,Mar 26,Tuesday,86,"$12,278,301",+45%,+27.5%,38,Ghostbusters: Frozen Empire,"$4,321,089"
2024,Mar 25,Monday,85,"$8,466,735",-68.1%,+18%,35,Ghostbusters: Frozen Empire,"$2,852,113"
2024,Mar 24,Sunday,84,"$26,515,218",-35.2%,+11.7%,38,Ghostbusters: Frozen Empire,"$11,215,476"
2024,Mar 23,Saturday,83,"$40,903,829",+32.1%,+19.7%,37,Ghostbusters: Frozen Empire,"$17,687,510"
2024,Mar 22,Friday,82,"$30,963,433",+364.8%,+19.8%,36,Ghostbusters: Frozen Empire,"$16,101,687"
2024,Mar 21,Thursday,81,"$6,661,040",-17.8%,-40.5%,34,Dune: Part Two,"$2,168,887"
2024,Mar 20,Wednesday,80,"$8,100,186",-15.9%,-27.7%,34,Dune: Part Two,"$2,788,605"
2024,Mar 19,Tuesday,79,"$9,631,410",+34.2%,-38.2%,34,Dune: Part Two,"$3,273,050"
2024,Mar 18,Monday,78,"$7,176,952",-69.8%,-40.6%,33,Dune: Part Two,"$2,804,878"
2024,Mar 17,Sunday,77,"$23,746,258",-30.5%,-35.6%,36,Dune: Part Two,"$8,634,186"
2024,Mar 16,Saturday,76,"$34,157,948",+32.1%,-35.7%,36,Kung Fu Panda 4,"$12,784,805"
2024,Mar 15,Friday,75,"$25,850,674",+131%,-37.1%,37,Kung Fu Panda 4,"$8,865,015"
2024,Mar 14,Thursday,74,"$11,193,053",<0.1%,+34.7%,40,Dune: Part Two,"$4,406,251"
2024,Mar 13,Wednesday,73,"$11,197,876",-28.1%,+23.4%,39,Dune: Part Two,"$4,446,748"
2024,Mar 12,Tuesday,72,"$15,575,555",+29%,+34.5%,39,Kung Fu Panda 4,"$6,619,235"
2024,Mar 11,Monday,71,"$12,072,763",-67.3%,+26.7%,40,Dune: Part Two,"$4,808,963"
2024,Mar 10,Sunday,70,"$36,878,871",-30.6%,+26.2%,39,Kung Fu Panda 4,"$15,687,010"
2024,Mar 9,Saturday,69,"$53,140,322",+29.4%,+30.4%,39,Kung Fu Panda 4,"$22,854,805"
2024,Mar 8,Friday,68,"$41,068,401",+394.3%,+5.5%,39,Kung Fu Panda 4,"$19,448,090"
2024,Mar 7,Thursday,67,"$8,308,443",-8.4%,+110.3%,35,Dune: Part Two,"$6,410,476"
2024,Mar 6,Wednesday,66,"$9,072,837",-21.6%,+157.4%,35,Dune: Part Two,"$6,655,880"
2024,Mar 5,Tuesday,65,"$11,576,663",+21.5%,+105.9%,37,Dune: Part Two,"$8,153,691"
2024,Mar 4,Monday,64,"$9,529,747",-67.4%,+168.4%,37,Dune: Part Two,"$7,302,230"
2024,Mar 3,Sunday,63,"$29,223,768",-28.3%,+122.7%,39,Dune: Part Two,"$21,575,131"
2024,Mar 2,Saturday,62,"$40,761,119",+4.7%,+94.8%,39,Dune: Part Two,"$28,718,894"
2024,Mar 1,Friday,61,"$38,944,361",+885.7%,+125.3%,38,Dune: Part Two,"$32,211,366"
2024,Feb 29,Thursday,60,"$3,950,948",+12.1%,-6.4%,44,Bob Marley: One Love,"$816,065"
2024,Feb 28,Wednesday,59,"$3,525,362",-37.3%,-21.2%,41,Bob Marley: One Love,"$925,364"
2024,Feb 27,Tuesday,58,"$5,623,629",+58.4%,-27.7%,42,Bob Marley: One Love,"$1,500,194"
2024,Feb 26,Monday,57,"$3,550,159",-73%,-73.5%,42,Bob Marley: One Love,"$952,407"
2024,Feb 25,Sunday,56,"$13,125,135",-37.3%,-41.7%,44,Bob Marley: One Love,"$3,734,577"
2024,Feb 24,Saturday,55,"$20,925,455",+21.1%,-27.4%,44,Bob Marley: One Love,"$6,020,531"
2024,Feb 23,Friday,54,"$17,281,780",+309.6%,-4.3%,45,Demon Slayer: Kimetsu No Yaiba - To the Hashira Training,"$5,602,987"
2024,Feb 22,Thursday,53,"$4,219,268",-5.7%,-51.2%,43,Bob Marley: One Love,"$1,600,516"
2024,Feb 21,Wednesday,52,"$4,472,492",-42.5%,-82.6%,42,Bob Marley: One Love,"$1,667,403"
2024,Feb 20,Tuesday,51,"$7,778,823",-41.8%,+84.6%,42,Bob Marley: One Love,"$2,915,750"
2024,Feb 19Presidents' Day,Monday,50,"$13,373,734",-40.6%,+361.7%,43,Bob Marley: One Love,"$4,974,818"
2024,Feb 18,Sunday,49,"$22,508,827",-21.9%,+337.6%,42,Bob Marley: One Love,"$9,501,638"
2024,Feb 17,Saturday,48,"$28,829,331",+59.6%,+94.9%,43,Bob Marley: One Love,"$11,685,730"
2024,Feb 16,Friday,47,"$18,058,347",+108.8%,+90%,43,Bob Marley: One Love,"$7,471,636"
2024,Feb 15,Thursday,46,"$8,646,813",-66.4%,+172.6%,46,Bob Marley: One Love,"$3,861,583"
2024,Feb 14,Wednesday,45,"$25,765,452",+511.4%,+684%,47,Bob Marley: One Love,"$14,009,622"
2024,Feb 13,Tuesday,44,"$4,213,902",+45.5%,-24.1%,45,Argylle,"$1,008,430"
2024,Feb 12,Monday,43,"$2,896,616",-43.7%,-16%,46,Argylle,"$584,695"
2024,Feb 11,Sunday,42,"$5,143,852",-65.2%,-62.3%,45,Argylle,"$1,012,020"
2024,Feb 10,Saturday,41,"$14,791,458",+55.6%,-34.4%,47,Argylle,"$3,282,635"
2024,Feb 9,Friday,40,"$9,503,502",+199.6%,-37.3%,48,Argylle,"$1,954,705"
2024,Feb 8,Thursday,39,"$3,171,826",-3.5%,-28%,41,Argylle,"$883,120"
2024,Feb 7,Wednesday,38,"$3,286,617",-40.8%,-1.7%,42,Argylle,"$948,810"
2024,Feb 6,Tuesday,37,"$5,549,434",+61%,+14.8%,40,Argylle,"$1,972,055"
2024,Feb 5,Monday,36,"$3,447,291",-74.8%,+9.7%,40,Argylle,"$1,036,620"
2024,Feb 4,Sunday,35,"$13,661,264",-39.4%,+35.9%,40,Argylle,"$4,048,180"
2024,Feb 3,Saturday,34,"$22,560,172",+48.8%,+10.4%,40,Argylle,"$6,939,785"
2024,Feb 2,Friday,33,"$15,158,910",+244.2%,+29.9%,40,Argylle,"$6,485,575"
2024,Feb 1,Thursday,32,"$4,403,460",+31.8%,+6.9%,45,The Chosen: S4 Episodes 1-3,"$1,434,170"
2024,Jan 31,Wednesday,31,"$3,342,207",-30.9%,-18.9%,43,The Beekeeper,"$575,813"
2024,Jan 30,Tuesday,30,"$4,835,430",+53.9%,-19.7%,44,The Beekeeper,"$913,224"
2024,Jan 29,Monday,29,"$3,142,554",-68.7%,-22.2%,46,The Beekeeper,"$568,923"
2024,Jan 28,Sunday,28,"$10,050,839",-50.8%,-30.3%,47,Mean Girls,"$1,715,082"
2024,Jan 27,Saturday,27,"$20,440,804",+75.2%,-12%,48,The Beekeeper,"$3,385,725"
2024,Jan 26,Friday,26,"$11,670,248",+183.4%,-18.9%,49,Mean Girls,"$1,911,183"
2024,Jan 25,Thursday,25,"$4,118,083",-0.1%,-18.2%,45,The Beekeeper,"$774,759"
2024,Jan 24,Wednesday,24,"$4,122,282",-31.5%,-25.6%,46,Mean Girls,"$829,827"
2024,Jan 23,Tuesday,23,"$6,019,682",+49%,-26.8%,45,The Beekeeper,"$1,255,982"
2024,Jan 22,Monday,22,"$4,040,636",-72%,-76.4%,45,The Beekeeper,"$802,176"
2024,Jan 21,Sunday,21,"$14,414,051",-37.9%,-41.9%,45,Mean Girls,"$3,164,619"
2024,Jan 20,Saturday,20,"$23,219,959",+61.3%,-27.7%,46,Mean Girls,"$5,236,423"
2024,Jan 19,Friday,19,"$14,397,939",+186%,-49.3%,47,Mean Girls,"$3,262,124"
2024,Jan 18,Thursday,18,"$5,034,083",-9.1%,+5.3%,43,Mean Girls,"$1,205,715"
2024,Jan 17,Wednesday,17,"$5,537,905",-32.6%,-1%,43,Mean Girls,"$1,426,962"
2024,Jan 16,Tuesday,16,"$8,219,698",-52%,+12.2%,43,Mean Girls,"$2,105,046"
2024,Jan 15MLK Day,Monday,15,"$17,123,925",-31%,+198.3%,44,Mean Girls,"$4,975,603"
2024,Jan 14,Sunday,14,"$24,815,321",-22.8%,+31%,45,Mean Girls,"$7,513,551"
2024,Jan 13,Saturday,13,"$32,128,373",+13.2%,+1.1%,45,Mean Girls,"$9,594,488"
2024,Jan 12,Friday,12,"$28,376,843",+493.6%,+14.9%,45,Mean Girls,"$11,527,268"
2024,Jan 11,Thursday,11,"$4,780,318",-14.5%,-61.9%,45,Anyone But You,"$965,336"
2024,Jan 10,Wednesday,10,"$5,593,553",-23.7%,-60.8%,45,Anyone But You,"$1,036,968"
2024,Jan 9,Tuesday,9,"$7,326,474",+27.6%,-63.4%,43,Anyone But You,"$1,268,320"
2024,Jan 8,Monday,8,"$5,740,282",-69.7%,-80%,45,Anyone But You,"$1,003,785"
2024,Jan 7,Sunday,7,"$18,941,847",-40.4%,-17.9%,46,Wonka,"$3,638,210"
2024,Jan 6,Saturday,6,"$31,767,466",+28.6%,-20.7%,46,Wonka,"$6,130,408"
2024,Jan 5,Friday,5,"$24,699,285",+97.1%,-33.9%,46,Night Swim,"$5,246,275"
2024,Jan 4,Thursday,4,"$12,533,498",-12.1%,-62.3%,46,Wonka,"$2,703,155"
2024,Jan 3,Wednesday,3,"$14,266,846",-28.7%,-57.9%,45,Wonka,"$3,152,613"
2024,Jan 2,Tuesday,2,"$20,006,635",-30.2%,-52.1%,45,Wonka,"$4,601,670"
2024,Jan 1New Year's Day,Monday,1,"$28,666,632",+24.2%,-51%,45,Wonka,"$6,636,962"
2025,Dec 31New Year's Eve,Wednesday,365,"$27,569,945",-38.5%,+18.1%,35,Avatar: Fire and Ash,"$8,158,615"
2025,Dec 30,Tuesday,364,"$44,801,186",+26.2%,+18.6%,35,Avatar: Fire and Ash,"$14,208,802"
2025,Dec 29,Monday,363,"$35,489,714",-27.3%,+14.4%,35,Avatar: Fire and Ash,"$11,071,662"
2025,Dec 28,Sunday,362,"$48,836,650",-19.3%,-1.2%,34,Avatar: Fire and Ash,"$18,003,855"
2025,Dec 27,Saturday,361,"$60,518,504",-1.7%,+5.1%,35,Avatar: Fire and Ash,"$22,366,963"
2025,Dec 26,Friday,360,"$61,576,716",-6.7%,-10.8%,35,Avatar: Fire and Ash,"$22,716,849"
2025,Dec 25Christmas Day,Thursday,359,"$65,993,923",+11.1%,-6.9%,34,Avatar: Fire and Ash,"$24,096,415"
2025,Dec 24,Wednesday,358,"$23,344,857",-38.2%,+244.9%,31,Avatar: Fire and Ash,"$10,737,243"
2025,Dec 23,Tuesday,357,"$37,779,890",+21.7%,+319.5%,29,Avatar: Fire and Ash,"$16,510,288"
2025,Dec 22,Monday,356,"$31,032,318",-37.2%,+419.1%,28,Avatar: Fire and Ash,"$13,322,317"
2025,Dec 21,Sunday,355,"$49,442,083",-14.1%,+153.9%,33,Avatar: Fire and Ash,"$24,261,028"
2025,Dec 20,Saturday,354,"$57,582,780",-16.6%,+98.5%,33,Avatar: Fire and Ash,"$28,413,107"
2025,Dec 19,Friday,353,"$69,006,367","+1,238.5%",+264%,35,Avatar: Fire and Ash,"$36,486,725"
2025,Dec 18,Thursday,352,"$5,155,617",-23.8%,-36.3%,39,Zootopia 2,"$2,086,145"
2025,Dec 17,Wednesday,351,"$6,768,045",-24.8%,-24.1%,40,Zootopia 2,"$2,373,621"
2025,Dec 16,Tuesday,350,"$9,005,538",+50.6%,-31.9%,42,Zootopia 2,"$3,255,783"
2025,Dec 15,Monday,349,"$5,977,958",-69.3%,-34.9%,41,Zootopia 2,"$2,044,258"
2025,Dec 14,Sunday,348,"$19,473,499",-32.9%,-50.2%,43,Zootopia 2,"$7,869,569"
2025,Dec 13,Saturday,347,"$29,009,690",+53%,-48.7%,42,Zootopia 2,"$11,750,365"
2025,Dec 12,Friday,346,"$18,958,877",+134.1%,-65.5%,44,Zootopia 2,"$6,260,184"
2025,Dec 11,Thursday,345,"$8,097,224",-9.2%,+9.9%,40,Zootopia 2,"$2,508,510"
2025,Dec 10,Wednesday,344,"$8,922,368",-32.5%,+4.8%,35,Zootopia 2,"$2,615,107"
2025,Dec 9,Tuesday,343,"$13,218,323",+44%,-0.2%,39,Zootopia 2,"$4,130,648"
2025,Dec 8,Monday,342,"$9,182,498",-76.5%,+2.6%,36,Five Nights at Freddy's 2,"$3,030,480"
2025,Dec 7,Sunday,341,"$39,099,630",-30.9%,-12.2%,39,Zootopia 2,"$13,914,795"
2025,Dec 6,Saturday,340,"$56,590,989",+2.9%,-15.4%,39,Five Nights at Freddy's 2,"$20,801,885"
2025,Dec 5,Friday,339,"$54,980,764",+646.4%,-25.8%,36,Five Nights at Freddy's 2,"$29,957,030"
2025,Dec 4,Thursday,338,"$7,366,214",-13.4%,-80.8%,36,Zootopia 2,"$3,620,010"
2025,Dec 3,Wednesday,337,"$8,510,785",-35.7%,-86.2%,33,Zootopia 2,"$3,977,397"
2025,Dec 2,Tuesday,336,"$13,241,413",+48%,-36.7%,33,Zootopia 2,"$6,687,449"
2025,Dec 1,Monday,335,"$8,948,120",-79.9%,-53%,34,Zootopia 2,"$4,385,120"
2025,Nov 30,Sunday,334,"$44,555,530",-33.4%,+2.9%,39,Zootopia 2,"$24,977,946"
2025,Nov 29,Saturday,333,"$66,908,196",-9.7%,+18.5%,38,Zootopia 2,"$36,224,262"
2025,Nov 28,Friday,332,"$74,134,256",+92.8%,-6%,40,Zootopia 2,"$39,060,332"
2025,Nov 27Thanksgiving,Thursday,331,"$38,454,871",-37.8%,+830.8%,41,Zootopia 2,"$20,043,787"
2025,Nov 26,Wednesday,330,"$61,821,204",+195.8%,"+1,115.9%",39,Zootopia 2,"$38,497,734"
2025,Nov 25,Tuesday,329,"$20,903,084",+9.7%,+157.5%,36,Wicked: For Good,"$15,734,865"
2025,Nov 24,Monday,328,"$19,055,980",-56%,+294.7%,35,Wicked: For Good,"$14,701,415"
2025,Nov 23,Sunday,327,"$43,318,413",-23.3%,+161.2%,38,Wicked: For Good,"$34,471,585"
2025,Nov 22,Saturday,326,"$56,464,675",-28.4%,+112.6%,39,Wicked: For Good,"$43,415,440"
2025,Nov 21,Friday,325,"$78,856,453","+1,808.7%",+231.1%,39,Wicked: For Good,"$69,117,615"
2025,Nov 20,Thursday,324,"$4,131,461",-18.7%,+0.5%,46,Now You See Me: Now You Don't,"$1,254,859"
2025,Nov 19,Wednesday,323,"$5,084,591",-37.4%,-4.7%,49,Now You See Me: Now You Don't,"$1,429,974"
2025,Nov 18,Tuesday,322,"$8,116,880",+68.1%,-34.4%,47,Now You See Me: Now You Don't,"$2,554,095"
2025,Nov 17,Monday,321,"$4,827,567",-70.9%,-34.5%,48,Now You See Me: Now You Don't,"$1,456,399"
2025,Nov 16,Sunday,320,"$16,581,919",-37.6%,-8.9%,49,Now You See Me: Now You Don't,"$4,929,624"
2025,Nov 15,Saturday,319,"$26,555,611",+11.5%,-5.7%,49,Now You See Me: Now You Don't,"$7,697,023"
2025,Nov 14,Friday,318,"$23,813,555",+479.1%,-12.7%,48,Now You See Me: Now You Don't,"$8,387,146"
2025,Nov 13,Thursday,317,"$4,112,185",-22.9%,+9.9%,46,Predator: Badlands,"$1,712,829"
2025,Nov 12,Wednesday,316,"$5,332,842",-56.9%,+13.1%,45,Predator: Badlands,"$2,310,364"
2025,Nov 11,Tuesday,315,"$12,379,271",+68.1%,+74.5%,44,Predator: Badlands,"$5,784,091"
2025,Nov 10,Monday,314,"$7,365,009",-59.5%,+50.1%,46,Predator: Badlands,"$3,480,723"
2025,Nov 9,Sunday,313,"$18,200,591",-35.4%,+14.5%,45,Predator: Badlands,"$9,587,542"
2025,Nov 8,Saturday,312,"$28,169,763",+3.3%,+32.5%,45,Predator: Badlands,"$14,530,856"
2025,Nov 7,Friday,311,"$27,263,029",+628.8%,+142.8%,46,Predator: Badlands,"$15,898,455"
2025,Nov 6,Thursday,310,"$3,740,900",-20.7%,-39.6%,49,Regretting You,"$875,226"
2025,Nov 5,Wednesday,309,"$4,716,244",-33.5%,-38.5%,48,Regretting You,"$886,557"
2025,Nov 4,Tuesday,308,"$7,095,177",+44.6%,-19.4%,46,Regretting You,"$1,401,780"
2025,Nov 3,Monday,307,"$4,906,568",-69.1%,-22.9%,46,Regretting You,"$1,054,887"
2025,Nov 2,Sunday,306,"$15,893,297",-25.3%,-11.8%,51,Regretting You,"$2,807,961"
2025,Nov 1,Saturday,305,"$21,267,836",+89.4%,-14.7%,51,Regretting You,"$3,769,072"
2025,Oct 31Halloween,Friday,304,"$11,226,731",+81.4%,-57.1%,53,Black Phone 2,"$2,421,575"
2025,Oct 30,Thursday,303,"$6,189,401",-19.2%,+47.4%,48,Chainsaw Man - The Movie: Reze Arc,"$1,335,039"
2025,Oct 29,Wednesday,302,"$7,664,052",-12.9%,+44%,47,Chainsaw Man - The Movie: Reze Arc,"$1,622,216"
2025,Oct 28,Tuesday,301,"$8,803,568",+38.3%,+12.6%,41,Chainsaw Man - The Movie: Reze Arc,"$2,072,684"
2025,Oct 27,Monday,300,"$6,365,529",-64.7%,+20%,42,Chainsaw Man - The Movie: Reze Arc,"$1,708,625"
2025,Oct 26,Sunday,299,"$18,013,349",-27.8%,+13.5%,44,Chainsaw Man - The Movie: Reze Arc,"$4,193,308"
2025,Oct 25,Saturday,298,"$24,939,286",-4.8%,+6.6%,43,Black Phone 2,"$5,462,570"
2025,Oct 24,Friday,297,"$26,193,961",+523.8%,+19.6%,44,Chainsaw Man - The Movie: Reze Arc,"$8,520,755"
2025,Oct 23,Thursday,296,"$4,198,803",-21.1%,+11.9%,45,Black Phone 2,"$1,658,850"
2025,Oct 22,Wednesday,295,"$5,322,464",-31.9%,+10.9%,46,Black Phone 2,"$1,864,075"
2025,Oct 21,Tuesday,294,"$7,815,377",+47.3%,+2.5%,43,Black Phone 2,"$3,064,305"
2025,Oct 20,Monday,293,"$5,305,930",-66.6%,-40.8%,44,Black Phone 2,"$2,134,125"
2025,Oct 19,Sunday,292,"$15,866,399",-32.2%,-6.7%,44,Black Phone 2,"$6,632,890"
2025,Oct 18,Saturday,291,"$23,389,905",+6.8%,+1.9%,44,Black Phone 2,"$9,673,145"
2025,Oct 17,Friday,290,"$21,902,090",+483.9%,-11.3%,44,Black Phone 2,"$11,026,005"
2025,Oct 16,Thursday,289,"$3,751,151",-21.8%,+15.4%,40,Tron: Ares,"$1,501,319"
2025,Oct 15,Wednesday,288,"$4,799,880",-37.1%,+12.5%,39,Tron: Ares,"$1,857,994"
2025,Oct 14,Tuesday,287,"$7,625,389",-14.9%,+25.7%,38,Tron: Ares,"$3,224,133"
2025,Oct 13Indig. Peoples' Day,Monday,286,"$8,964,266",-47.3%,+124%,43,Tron: Ares,"$3,613,933"
2025,Oct 12,Sunday,285,"$17,004,990",-25.9%,-12.6%,39,Tron: Ares,"$7,913,287"
2025,Oct 11,Saturday,284,"$22,946,328",-7.1%,-11.8%,39,Tron: Ares,"$10,923,092"
2025,Oct 10,Friday,283,"$24,700,680",+660.2%,-13.7%,40,Tron: Ares,"$14,405,054"
2025,Oct 9,Thursday,282,"$3,249,409",-23.9%,-37.5%,33,One Battle After Another,"$992,876"
2025,Oct 8,Wednesday,281,"$4,268,384",-29.6%,-26.3%,35,One Battle After Another,"$1,278,628"
2025,Oct 7,Tuesday,280,"$6,064,146",+51.6%,-32%,35,One Battle After Another,"$1,788,795"
2025,Oct 6,Monday,279,"$4,001,363",-79.4%,-33.1%,36,One Battle After Another,"$1,139,412"
2025,Oct 5,Sunday,278,"$19,457,224",-25.2%,+10.4%,38,Taylor Swift: The Official Release Party of a Showgirl,"$8,334,596"
2025,Oct 4,Saturday,277,"$26,013,973",-9.1%,-5.5%,38,Taylor Swift: The Official Release Party of a Showgirl,"$9,922,644"
2025,Oct 3,Friday,276,"$28,628,478",+450.7%,+19.1%,39,Taylor Swift: The Official Release Party of a Showgirl,"$15,805,534"
2025,Oct 2,Thursday,275,"$5,198,281",-10.2%,+15.7%,37,One Battle After Another,"$1,704,776"
2025,Oct 1,Wednesday,274,"$5,789,869",-35%,+0.3%,36,One Battle After Another,"$2,172,084"
2025,Sep 30,Tuesday,273,"$8,911,653",+49%,<0.1%,37,One Battle After Another,"$3,457,182"
2025,Sep 29,Monday,272,"$5,982,819",-66.1%,+1.3%,37,One Battle After Another,"$2,291,717"
2025,Sep 28,Sunday,271,"$17,623,172",-36%,+3.7%,40,One Battle After Another,"$5,150,105"
2025,Sep 27,Saturday,270,"$27,527,210",+14.6%,+5.4%,41,One Battle After Another,"$7,850,050"
2025,Sep 26,Friday,269,"$24,030,510",+434.8%,+7.8%,39,One Battle After Another,"$9,000,232"
2025,Sep 25,Thursday,268,"$4,493,345",-22.2%,-39.1%,35,Demon Slayer: Kimetsu No Yaiba Infinity Castle,"$1,101,749"
2025,Sep 24,Wednesday,267,"$5,774,291",-35.2%,-38.1%,36,Demon Slayer: Kimetsu No Yaiba Infinity Castle,"$1,487,283"
2025,Sep 23,Tuesday,266,"$8,906,274",+50.8%,-34.7%,36,Demon Slayer: Kimetsu No Yaiba Infinity Castle,"$2,186,164"
2025,Sep 22,Monday,265,"$5,904,361",-65.3%,-45.6%,36,Demon Slayer: Kimetsu No Yaiba Infinity Castle,"$1,566,910"
2025,Sep 21,Sunday,264,"$16,999,204",-34.9%,-49.8%,37,Demon Slayer: Kimetsu No Yaiba Infinity Castle,"$5,370,352"
2025,Sep 20,Saturday,263,"$26,118,871",+17.2%,-44.6%,38,Demon Slayer: Kimetsu No Yaiba Infinity Castle,"$7,326,408"
2025,Sep 19,Friday,262,"$22,285,180",+201.8%,-62.4%,38,Him,"$6,486,440"
2025,Sep 18,Thursday,261,"$7,383,628",-20.8%,+42.4%,37,Demon Slayer: Kimetsu No Yaiba Infinity Castle,"$2,637,292"
2025,Sep 17,Wednesday,260,"$9,327,608",-31.6%,+31.7%,36,Demon Slayer: Kimetsu No Yaiba Infinity Castle,"$3,688,264"
2025,Sep 16,Tuesday,259,"$13,642,374",+25.7%,+19.4%,37,Demon Slayer: Kimetsu No Yaiba Infinity Castle,"$5,445,821"
2025,Sep 15,Monday,258,"$10,850,608",-67.9%,+32.3%,36,Demon Slayer: Kimetsu No Yaiba Infinity Castle,"$5,047,559"
2025,Sep 14,Sunday,257,"$33,845,891",-28.1%,+20.2%,39,Demon Slayer: Kimetsu No Yaiba Infinity Castle,"$16,015,917"
2025,Sep 13,Saturday,256,"$47,104,895",-20.5%,+4.6%,40,Demon Slayer: Kimetsu No Yaiba Infinity Castle,"$21,610,856"
2025,Sep 12,Friday,255,"$59,234,011","+1,042.2%",+31.7%,40,Demon Slayer: Kimetsu No Yaiba Infinity Castle,"$32,984,325"
2025,Sep 11,Thursday,254,"$5,186,060",-26.8%,+90.8%,38,The Conjuring: Last Rites,"$3,351,858"
2025,Sep 10,Wednesday,253,"$7,084,852",-38%,+87.2%,38,The Conjuring: Last Rites,"$4,348,265"
2025,Sep 9,Tuesday,252,"$11,427,031",+39.3%,+103.3%,39,The Conjuring: Last Rites,"$7,498,287"
2025,Sep 8,Monday,251,"$8,203,322",-70.9%,-43.3%,38,The Conjuring: Last Rites,"$5,748,553"
2025,Sep 7,Sunday,250,"$28,149,894",-37.5%,+47.2%,40,The Conjuring: Last Rites,"$18,951,381"
2025,Sep 6,Saturday,249,"$45,012,423",<0.1%,+131.3%,41,The Conjuring: Last Rites,"$30,402,215"
2025,Sep 5,Friday,248,"$44,987,822","+1,554.7%",+160.3%,40,The Conjuring: Last Rites,"$34,652,525"
2025,Sep 4,Thursday,247,"$2,718,720",-28.2%,-39.4%,39,Weapons,"$534,514"
2025,Sep 3,Wednesday,246,"$3,784,354",-32.7%,-22.6%,38,Weapons,"$784,217"
2025,Sep 2,Tuesday,245,"$5,620,111",-61.2%,-28.4%,39,Weapons,"$1,073,573"
2025,Sep 1Labor Day,Monday,244,"$14,468,693",-24.3%,+189.4%,38,Weapons,"$2,622,989"
2025,Aug 31,Sunday,243,"$19,122,334",-1.8%,-14.9%,40,Weapons,"$3,890,283"
2025,Aug 30,Saturday,242,"$19,463,663",+12.6%,-36.9%,40,Weapons,"$3,865,945"
2025,Aug 29,Friday,241,"$17,285,753",+285.1%,+5%,40,Caught Stealing,"$3,221,978"
2025,Aug 28,Thursday,240,"$4,488,189",-8.2%,-44%,38,Weapons,"$1,334,704"
2025,Aug 27,Wednesday,239,"$4,887,036",-37.7%,-46.4%,38,Weapons,"$1,448,485"
2025,Aug 26,Tuesday,238,"$7,846,419",+57%,-40.5%,39,Weapons,"$2,225,217"
2025,Aug 25,Monday,237,"$4,999,168",-77.8%,-42%,39,Weapons,"$1,497,322"
2025,Aug 24,Sunday,236,"$22,479,876",-27.1%,-6.9%,43,KPop Demon Hunters,"$8,400,000"
2025,Aug 23,Saturday,235,"$30,826,574",+87.2%,-7.1%,43,KPop Demon Hunters,"$9,600,000"
2025,Aug 22,Friday,234,"$16,463,702",+105.3%,-35.4%,42,Weapons,"$4,700,596"
2025,Aug 21,Thursday,233,"$8,017,752",-12%,-41.1%,34,Weapons,"$2,413,663"
2025,Aug 20,Wednesday,232,"$9,110,697",-30.9%,-32%,33,Weapons,"$2,703,836"
2025,Aug 19,Tuesday,231,"$13,192,210",+53.1%,-37.4%,31,Weapons,"$3,901,381"
2025,Aug 18,Monday,230,"$8,614,832",-64.3%,-40.6%,32,Weapons,"$2,760,217"
2025,Aug 17,Sunday,229,"$24,144,464",-27.3%,-30.2%,33,Weapons,"$7,255,096"
2025,Aug 16,Saturday,228,"$33,197,803",+30.2%,-27.5%,35,Weapons,"$9,675,969"
2025,Aug 15,Friday,227,"$25,494,546",+87.4%,-45.8%,34,Weapons,"$7,525,938"
2025,Aug 14,Thursday,226,"$13,602,422",+1.5%,+28.5%,29,Weapons,"$4,075,315"
2025,Aug 13,Wednesday,225,"$13,402,888",-36.4%,-10.4%,27,Weapons,"$4,470,778"
2025,Aug 12,Tuesday,224,"$21,068,683",+45.4%,+4.6%,29,Weapons,"$6,746,545"
2025,Aug 11,Monday,223,"$14,492,323",-58.1%,+0.3%,27,Weapons,"$5,250,868"
2025,Aug 10,Sunday,222,"$34,588,082",-24.5%,+3.3%,27,Weapons,"$11,320,431"
2025,Aug 9,Saturday,221,"$45,810,572",-2.6%,+3.6%,27,Weapons,"$14,010,307"
2025,Aug 8,Friday,220,"$47,053,855",+344.5%,+20.8%,27,Weapons,"$18,170,479"
2025,Aug 7,Thursday,219,"$10,586,569",-29.2%,-33.7%,27,The Fantastic Four: First Steps,"$2,948,856"
2025,Aug 6,Wednesday,218,"$14,956,078",-25.7%,-22.8%,28,The Fantastic Four: First Steps,"$3,924,647"
2025,Aug 5,Tuesday,217,"$20,136,567",+39.4%,-21.9%,27,The Fantastic Four: First Steps,"$6,371,138"
2025,Aug 4,Monday,216,"$14,444,330",-56.8%,-21%,26,The Fantastic Four: First Steps,"$4,544,681"
2025,Aug 3,Sunday,215,"$33,467,783",-24.3%,-27.8%,27,The Fantastic Four: First Steps,"$11,672,817"
2025,Aug 2,Saturday,214,"$44,232,602",+13.6%,-23.2%,28,The Fantastic Four: First Steps,"$15,370,367"
2025,Aug 1,Friday,213,"$38,937,959",+143.8%,-48.7%,28,The Fantastic Four: First Steps,"$11,652,568"
2025,Jul 31,Thursday,212,"$15,968,005",-17.6%,+30.3%,30,The Fantastic Four: First Steps,"$7,514,899"
2025,Jul 30,Wednesday,211,"$19,378,078",-24.8%,+26%,30,The Fantastic Four: First Steps,"$8,657,354"
2025,Jul 29,Tuesday,210,"$25,776,824",+41%,+10.3%,30,The Fantastic Four: First Steps,"$14,189,835"
2025,Jul 28,Monday,209,"$18,279,776",-60.6%,+17.5%,30,The Fantastic Four: First Steps,"$10,420,719"
2025,Jul 27,Sunday,208,"$46,341,650",-19.5%,+15.8%,31,The Fantastic Four: First Steps,"$27,049,949"
2025,Jul 26,Saturday,207,"$57,559,797",-24.2%,+15.5%,30,The Fantastic Four: First Steps,"$33,329,313"
2025,Jul 25,Friday,206,"$75,926,829",+519.4%,+85.9%,30,The Fantastic Four: First Steps,"$57,265,566"
2025,Jul 24,Thursday,205,"$12,257,224",-20.3%,-42.3%,25,Superman,"$4,790,162"
2025,Jul 23,Wednesday,204,"$15,378,422",-34.2%,-32.9%,27,Superman,"$6,637,061"
2025,Jul 22,Tuesday,203,"$23,361,569",+50.2%,-24.9%,29,Superman,"$10,072,283"
2025,Jul 21,Monday,202,"$15,558,461",-61.1%,-30.7%,27,Superman,"$6,908,516"
2025,Jul 20,Sunday,201,"$40,020,885",-19.7%,-26.3%,31,Superman,"$18,858,328"
2025,Jul 19,Saturday,200,"$49,846,276",+22%,-26.2%,30,Superman,"$23,026,404"
2025,Jul 18,Friday,199,"$40,842,549",+92.3%,-47.4%,31,Superman,"$16,565,362"
2025,Jul 17,Thursday,198,"$21,234,253",-7.3%,+42.9%,31,Superman,"$10,957,906"
2025,Jul 16,Wednesday,197,"$22,916,886",-26.3%,+17.1%,32,Superman,"$11,780,246"
2025,Jul 15,Tuesday,196,"$31,115,754",+38.6%,+16.1%,30,Superman,"$17,121,947"
2025,Jul 14,Monday,195,"$22,457,656",-58.6%,+10.2%,30,Superman,"$12,901,628"
2025,Jul 13,Sunday,194,"$54,273,529",-19.7%,+12%,31,Superman,"$31,305,442"
2025,Jul 12,Saturday,193,"$67,549,067",-13%,+8.9%,30,Superman,"$37,606,538"
2025,Jul 11,Friday,192,"$77,639,423",+422.5%,+84.5%,29,Superman,"$56,109,755"
2025,Jul 10,Thursday,191,"$14,860,068",-24.1%,-63%,26,Jurassic World: Rebirth,"$7,503,405"
2025,Jul 9,Wednesday,190,"$19,574,206",-27%,-54.3%,26,Jurassic World: Rebirth,"$10,035,430"
2025,Jul 8,Tuesday,189,"$26,806,930",+31.5%,+18.6%,26,Jurassic World: Rebirth,"$15,051,985"
2025,Jul 7,Monday,188,"$20,386,662",-57.9%,+20.5%,26,Jurassic World: Rebirth,"$11,702,195"
2025,Jul 6,Sunday,187,"$48,455,343",-21.9%,+42.6%,30,Jurassic World: Rebirth,"$28,951,835"
2025,Jul 5,Saturday,186,"$62,045,942",+47.5%,+42.7%,29,Jurassic World: Rebirth,"$36,828,780"
2025,Jul 4Independence Day,Friday,185,"$42,074,376",+4.7%,-9.9%,28,Jurassic World: Rebirth,"$26,235,450"
2025,Jul 3,Thursday,184,"$40,179,952",-6.2%,+228.3%,28,Jurassic World: Rebirth,"$25,300,775"
2025,Jul 2,Wednesday,183,"$42,842,867",+89.6%,+204.4%,30,Jurassic World: Rebirth,"$30,503,855"
2025,Jul 1,Tuesday,182,"$22,596,355",+33.5%,+8.4%,28,F1: The Movie,"$8,631,561"
2025,Jun 30,Monday,181,"$16,921,787",-50.2%,+23.7%,28,F1: The Movie,"$6,956,814"
2025,Jun 29,Sunday,180,"$33,982,440",-21.8%,+6.1%,30,F1: The Movie,"$14,498,272"
2025,Jun 28,Saturday,179,"$43,465,562",-7%,+0.1%,29,F1: The Movie,"$17,502,336"
2025,Jun 27,Friday,178,"$46,712,980",+281.7%,+4.7%,29,F1: The Movie,"$25,001,059"
2025,Jun 26,Thursday,177,"$12,239,014",-13%,-35.5%,28,How to Train Your Dragon,"$4,070,345"
2025,Jun 25,Wednesday,176,"$14,073,974",-32.5%,-16.6%,28,How to Train Your Dragon,"$4,780,860"
2025,Jun 24,Tuesday,175,"$20,836,037",+52.3%,-8%,29,How to Train Your Dragon,"$7,129,945"
2025,Jun 23,Monday,174,"$13,680,637",-57.3%,-13.9%,27,How to Train Your Dragon,"$4,613,280"
2025,Jun 22,Sunday,173,"$32,038,583",-26.2%,-26.1%,30,How to Train Your Dragon,"$11,115,115"
2025,Jun 21,Saturday,172,"$43,417,418",-2.7%,-13.5%,31,How to Train Your Dragon,"$14,541,040"
2025,Jun 20,Friday,171,"$44,630,147",+135.1%,-18.6%,31,28 Years Later,"$14,473,891"
2025,Jun 19,Thursday,170,"$18,985,954",+12.5%,+127.4%,26,How to Train Your Dragon,"$9,764,735"
2025,Jun 18,Wednesday,169,"$16,878,969",-25.5%,+68.2%,27,How to Train Your Dragon,"$8,456,110"
2025,Jun 17,Tuesday,168,"$22,644,840",+42.5%,+40.1%,26,How to Train Your Dragon,"$12,095,560"
2025,Jun 16,Monday,167,"$15,886,349",-63.3%,+40.8%,27,How to Train Your Dragon,"$8,535,575"
2025,Jun 15,Sunday,166,"$43,331,799",-13.6%,+47.8%,26,How to Train Your Dragon,"$22,688,410"
2025,Jun 14,Saturday,165,"$50,178,165",-8.5%,+23.7%,26,How to Train Your Dragon,"$26,595,165"
2025,Jun 13,Friday,164,"$54,819,951",+556.6%,+56%,27,How to Train Your Dragon,"$35,349,740"
2025,Jun 12,Thursday,163,"$8,348,523",-16.8%,-35.6%,28,Lilo & Stitch,"$2,862,192"
2025,Jun 11,Wednesday,162,"$10,037,569",-37.9%,-24.3%,29,Lilo & Stitch,"$3,325,374"
2025,Jun 10,Tuesday,161,"$16,162,480",+43.2%,-20%,30,Lilo & Stitch,"$5,395,656"
2025,Jun 9,Monday,160,"$11,282,988",-61.5%,-14.9%,30,Lilo & Stitch,"$3,629,699"
2025,Jun 8,Sunday,159,"$29,323,587",-27.7%,-29.9%,29,Lilo & Stitch,"$9,768,643"
2025,Jun 7,Saturday,158,"$40,574,125",+15.5%,-30.7%,30,Lilo & Stitch,"$13,205,291"
2025,Jun 6,Friday,157,"$35,132,544",+170.9%,-18.5%,29,Ballerina,"$10,526,813"
2025,Jun 5,Thursday,156,"$12,966,973",-2.3%,-29.1%,29,Lilo & Stitch,"$5,151,565"
2025,Jun 4,Wednesday,155,"$13,268,122",-34.4%,-35.2%,27,Lilo & Stitch,"$5,405,822"
2025,Jun 3,Tuesday,154,"$20,215,652",+52.6%,-30.5%,28,Lilo & Stitch,"$8,500,417"
2025,Jun 2,Monday,153,"$13,251,680",-68.3%,-79.7%,27,Lilo & Stitch,"$5,308,433"
2025,Jun 1,Sunday,152,"$41,812,270",-28.6%,-47%,29,Lilo & Stitch,"$18,801,384"
2025,May 31,Saturday,151,"$58,565,098",+35.8%,-33.1%,30,Lilo & Stitch,"$25,868,621"
2025,May 30,Friday,150,"$43,113,548",+135.7%,-55.2%,30,Lilo & Stitch,"$17,138,621"
2025,May 29,Thursday,149,"$18,293,119",-10.7%,+175.1%,29,Lilo & Stitch,"$9,247,450"
2025,May 28,Wednesday,148,"$20,488,727",-29.5%,+127.3%,29,Lilo & Stitch,"$10,072,424"
2025,May 27,Tuesday,147,"$29,079,759",-55.5%,+133.5%,29,Lilo & Stitch,"$15,200,982"
2025,May 26Memorial Day,Monday,146,"$65,334,834",-17.1%,+513.2%,31,Lilo & Stitch,"$36,584,451"
2025,May 25,Sunday,145,"$78,844,284",-9.9%,+194.2%,31,Lilo & Stitch,"$42,249,999"
2025,May 24,Saturday,144,"$87,493,340",-9.2%,+124.3%,31,Lilo & Stitch,"$47,823,374"
2025,May 23,Friday,143,"$96,319,861","+1,348.3%",+167.7%,30,Lilo & Stitch,"$55,942,802"
2025,May 22,Thursday,142,"$6,650,678",-26.2%,+10.8%,39,Final Destination: Bloodlines,"$3,057,536"
2025,May 21,Wednesday,141,"$9,015,369",-27.6%,+32.5%,40,Final Destination: Bloodlines,"$4,235,806"
2025,May 20,Tuesday,140,"$12,451,826",+16.9%,+21.5%,39,Final Destination: Bloodlines,"$6,187,733"
2025,May 19,Monday,139,"$10,654,570",-60.2%,+47.1%,41,Final Destination: Bloodlines,"$5,051,216"
2025,May 18,Sunday,138,"$26,796,430",-31.3%,+10.5%,41,Final Destination: Bloodlines,"$12,675,177"
2025,May 17,Saturday,137,"$39,008,398",+8.4%,+19.6%,40,Final Destination: Bloodlines,"$17,965,375"
2025,May 16,Friday,136,"$35,976,658",+499.2%,+51.1%,41,Final Destination: Bloodlines,"$20,959,554"
2025,May 15,Thursday,135,"$6,003,975",-11.8%,-36.6%,37,Sinners,"$2,249,164"
2025,May 14,Wednesday,134,"$6,803,611",-33.6%,-30.7%,40,Thunderbolts*,"$2,413,438"
2025,May 13,Tuesday,133,"$10,247,759",+41.5%,-33.4%,39,Thunderbolts*,"$4,000,911"
2025,May 12,Monday,132,"$7,240,626",-70.1%,-30.6%,38,Thunderbolts*,"$2,653,124"
2025,May 11,Sunday,131,"$24,240,695",-25.6%,-36%,40,Thunderbolts*,"$9,795,526"
2025,May 10,Saturday,130,"$32,603,258",+36.9%,-38.7%,39,Thunderbolts*,"$13,509,770"
2025,May 9,Friday,129,"$23,807,206",+151.5%,-52.5%,41,Thunderbolts*,"$9,085,515"
2025,May 8,Thursday,128,"$9,465,426",-3.6%,+9.9%,35,Thunderbolts*,"$4,263,198"
2025,May 7,Wednesday,127,"$9,814,882",-36.3%,-28.4%,36,Thunderbolts*,"$4,318,188"
2025,May 6,Tuesday,126,"$15,398,242",+47.6%,-6.4%,35,Thunderbolts*,"$7,463,926"
2025,May 5,Monday,125,"$10,432,180",-72.4%,-14.8%,36,Thunderbolts*,"$5,008,275"
2025,May 4,Sunday,124,"$37,862,083",-28.8%,-3.4%,36,Thunderbolts*,"$17,804,419"
2025,May 3,Saturday,123,"$53,160,532",+6.1%,-3.4%,37,Thunderbolts*,"$24,683,098"
2025,May 2,Friday,122,"$50,124,436",+481.8%,+8.4%,38,Thunderbolts*,"$31,813,091"
2025,May 1,Thursday,121,"$8,615,779",-37.1%,-24.3%,42,Sinners,"$4,986,486"
2025,Apr 30,Wednesday,120,"$13,708,425",-16.7%,+5.7%,42,Sinners,"$6,102,652"
2025,Apr 29,Tuesday,119,"$16,452,063",+34.3%,-1.2%,42,Sinners,"$6,898,084"
2025,Apr 28,Monday,118,"$12,246,691",-68.7%,-33.7%,43,Sinners,"$5,506,409"
2025,Apr 27,Sunday,117,"$39,174,774",-28.8%,+24.7%,43,Sinners,"$13,878,130"
2025,Apr 26,Saturday,116,"$55,042,655",+19.1%,+16.3%,42,Sinners,"$18,813,813"
2025,Apr 25,Friday,115,"$46,223,144",+306.3%,-7.2%,42,Sinners,"$13,016,721"
2025,Apr 24,Thursday,114,"$11,377,351",-12.3%,-13.7%,43,Sinners,"$6,001,255"
2025,Apr 23,Wednesday,113,"$12,969,366",-22.1%,+0.8%,41,Sinners,"$7,116,336"
2025,Apr 22,Tuesday,112,"$16,653,961",-9.9%,-4.2%,40,Sinners,"$8,601,183"
2025,Apr 21,Monday,111,"$18,483,499",-41.2%,+58.5%,40,Sinners,"$7,800,185"
2025,Apr 20Easter Sunday,Sunday,110,"$31,410,439",-33.7%,-22%,40,Sinners,"$12,303,650"
2025,Apr 19,Saturday,109,"$47,346,297",-4.9%,-18.1%,40,Sinners,"$16,501,469"
2025,Apr 18,Friday,108,"$49,802,638",+277.9%,+9.9%,40,Sinners,"$19,202,349"
2025,Apr 17,Thursday,107,"$13,179,654",+2.4%,+45.5%,38,A Minecraft Movie,"$6,529,347"
2025,Apr 16,Wednesday,106,"$12,872,638",-25.9%,+20.4%,41,A Minecraft Movie,"$5,458,906"
2025,Apr 15,Tuesday,105,"$17,376,468",+49%,+0.9%,38,A Minecraft Movie,"$7,473,168"
2025,Apr 14,Monday,104,"$11,663,086",-71%,-10.5%,41,A Minecraft Movie,"$5,000,237"
2025,Apr 13,Sunday,103,"$40,281,131",-30.3%,-28.2%,40,A Minecraft Movie,"$23,500,404"
2025,Apr 12,Saturday,102,"$57,799,883",+27.5%,-20.9%,40,A Minecraft Movie,"$34,501,941"
2025,Apr 11,Friday,101,"$45,319,807",+400.2%,-33%,39,A Minecraft Movie,"$20,500,779"
2025,Apr 10,Thursday,100,"$9,061,191",-15.2%,+163.7%,37,A Minecraft Movie,"$7,159,616"
2025,Apr 9,Wednesday,99,"$10,691,528",-37.9%,+126.5%,37,A Minecraft Movie,"$7,758,325"
2025,Apr 8,Tuesday,98,"$17,226,912",+32.2%,+123.3%,37,A Minecraft Movie,"$12,763,670"
2025,Apr 7,Monday,97,"$13,027,088",-76.8%,+109.8%,38,A Minecraft Movie,"$9,927,119"
2025,Apr 6,Sunday,96,"$56,120,836",-23.2%,+203.7%,42,A Minecraft Movie,"$46,229,840"
2025,Apr 5,Saturday,95,"$73,067,387",+7.9%,+181.3%,41,A Minecraft Movie,"$59,409,839"
2025,Apr 4,Friday,94,"$67,691,219","+1,870%",+172.6%,43,A Minecraft Movie,"$57,113,324"
2025,Apr 3,Thursday,93,"$3,436,123",-27.2%,-9.3%,41,A Working Man,"$894,237"
2025,Apr 2,Wednesday,92,"$4,720,745",-38.8%,+0.1%,42,A Working Man,"$984,738"
2025,Apr 1,Tuesday,91,"$7,714,903",+24.2%,-2%,42,A Working Man,"$1,868,725"
2025,Mar 31,Monday,90,"$6,210,738",-66.4%,+22.6%,41,Snow White,"$1,348,109"
2025,Mar 30,Sunday,89,"$18,479,148",-28.9%,+7%,47,Snow White,"$4,426,581"
2025,Mar 29,Saturday,88,"$25,974,541",+4.6%,-1.6%,47,Snow White,"$6,146,320"
2025,Mar 28,Friday,87,"$24,835,960",+555.7%,+5.2%,49,A Working Man,"$5,614,213"
2025,Mar 27,Thursday,86,"$3,787,962",-19.7%,+4.9%,42,Snow White,"$1,809,215"
2025,Mar 26,Wednesday,85,"$4,714,624",-40.1%,+8.3%,43,Snow White,"$2,083,183"
2025,Mar 25,Tuesday,84,"$7,873,034",+55.4%,+20.4%,43,Snow White,"$4,001,288"
2025,Mar 24,Monday,83,"$5,065,241",-70.7%,+20.4%,43,Snow White,"$2,514,482"
2025,Mar 23,Sunday,82,"$17,277,385",-34.6%,+40.5%,47,Snow White,"$10,330,662"
2025,Mar 22,Saturday,81,"$26,401,524",+11.9%,+46.2%,47,Snow White,"$15,620,436"
2025,Mar 21,Friday,80,"$23,604,370",+553.9%,+55.9%,48,Snow White,"$16,255,317"
2025,Mar 20,Thursday,79,"$3,609,951",-17.1%,-9.4%,48,Mickey 17,"$597,901"
2025,Mar 19,Wednesday,78,"$4,354,830",-33.4%,-4%,48,Novocaine,"$719,630"
2025,Mar 18,Tuesday,77,"$6,541,746",+55.4%,-6.1%,47,Novocaine,"$1,187,026"
2025,Mar 17,Monday,76,"$4,208,691",-65.8%,-5.1%,46,Novocaine,"$739,572"
2025,Mar 16,Sunday,75,"$12,296,345",-31.9%,-4.3%,50,Mickey 17,"$2,168,131"
2025,Mar 15,Saturday,74,"$18,054,344",+19.3%,-9.8%,51,Mickey 17,"$3,088,842"
2025,Mar 14,Friday,73,"$15,138,046",+280.1%,-3.5%,50,Novocaine,"$3,916,495"
2025,Mar 13,Thursday,72,"$3,982,910",-12.2%,+22%,49,Mickey 17,"$1,210,971"
2025,Mar 12,Wednesday,71,"$4,538,429",-34.9%,+26.5%,48,Mickey 17,"$1,461,026"
2025,Mar 11,Tuesday,70,"$6,968,123",+57.2%,+30.4%,48,Mickey 17,"$2,520,626"
2025,Mar 10,Monday,69,"$4,433,995",-65.5%,+32.1%,48,Mickey 17,"$1,581,557"
2025,Mar 9,Sunday,68,"$12,849,106",-35.8%,-2.4%,50,Mickey 17,"$4,574,026"
2025,Mar 8,Saturday,67,"$20,012,325",+27.6%,+0.2%,50,Mickey 17,"$6,702,116"
2025,Mar 7,Friday,66,"$15,683,528",+380.2%,+27.4%,50,Mickey 17,"$7,726,710"
2025,Mar 6,Thursday,65,"$3,265,871",-9%,-15.5%,47,Captain America: Brave New World,"$932,577"
2025,Mar 5,Wednesday,64,"$3,588,110",-32.9%,-12.4%,48,Captain America: Brave New World,"$1,021,083"
2025,Mar 4,Tuesday,63,"$5,344,156",+59.2%,-22.8%,47,Captain America: Brave New World,"$1,551,038"
2025,Mar 3,Monday,62,"$3,357,357",-74.5%,-25%,45,Captain America: Brave New World,"$1,032,239"
2025,Mar 2,Sunday,61,"$13,161,926",-34.1%,-29.9%,48,Captain America: Brave New World,"$4,446,456"
2025,Mar 1,Saturday,60,"$19,963,984",+62.2%,-32.5%,48,Captain America: Brave New World,"$6,845,635"
2025,Feb 28,Friday,59,"$12,310,245",+218.3%,-38.1%,48,Captain America: Brave New World,"$3,558,797"
2025,Feb 27,Thursday,58,"$3,867,047",-5.6%,-40.7%,42,Captain America: Brave New World,"$1,506,713"
2025,Feb 26,Wednesday,57,"$4,098,038",-40.8%,-42.7%,43,Captain America: Brave New World,"$1,558,787"
2025,Feb 25,Tuesday,56,"$6,923,480",+54.7%,-41.3%,42,Captain America: Brave New World,"$2,697,013"
2025,Feb 24,Monday,55,"$4,476,368",-76.2%,-81%,42,Captain America: Brave New World,"$1,758,254"
2025,Feb 23,Sunday,54,"$18,775,490",-36.5%,-46.3%,44,Captain America: Brave New World,"$8,020,294"
2025,Feb 22,Saturday,53,"$29,571,166",+48.7%,-36.1%,44,Captain America: Brave New World,"$12,867,133"
2025,Feb 21,Friday,52,"$19,888,424",+205.1%,-68.5%,45,Captain America: Brave New World,"$7,282,666"
2025,Feb 20,Thursday,51,"$6,518,846",-8.9%,+101.3%,45,Captain America: Brave New World,"$3,245,332"
2025,Feb 19,Wednesday,50,"$7,157,290",-39.3%,+97.3%,44,Captain America: Brave New World,"$3,419,116"
2025,Feb 18,Tuesday,49,"$11,785,560",-49.9%,+113%,45,Captain America: Brave New World,"$6,320,276"
2025,Feb 17Presidents' Day,Monday,48,"$23,504,343",-32.7%,+339.7%,49,Captain America: Brave New World,"$11,178,411"
2025,Feb 16,Sunday,47,"$34,938,706",-24.5%,+303.9%,46,Captain America: Brave New World,"$20,210,815"
2025,Feb 15,Saturday,46,"$46,251,411",-26.7%,+109.4%,46,Captain America: Brave New World,"$27,719,411"
2025,Feb 14,Friday,45,"$63,078,059","+1,847.6%",+304.1%,46,Captain America: Brave New World,"$40,912,377"
2025,Feb 13,Thursday,44,"$3,238,739",-10.7%,-2.4%,50,Heart Eyes,"$820,474"
2025,Feb 12,Wednesday,43,"$3,626,719",-34.5%,+0.6%,49,Heart Eyes,"$649,670"
2025,Feb 11,Tuesday,42,"$5,533,994",+3.5%,-11.5%,49,Heart Eyes,"$1,015,416"
2025,Feb 10,Monday,41,"$5,345,297",-38.2%,+52.4%,49,Attack on Titan: The Last Attack,"$1,685,917"
2025,Feb 9,Sunday,40,"$8,650,263",-60.8%,-57.6%,49,Dog Man,"$3,201,330"
2025,Feb 8,Saturday,39,"$22,087,165",+41.5%,-31.5%,49,Dog Man,"$7,357,190"
2025,Feb 7,Friday,38,"$15,608,890",+370.5%,-29.3%,49,Heart Eyes,"$3,716,458"
2025,Feb 6,Thursday,37,"$3,317,679",-8%,-2.4%,41,Dog Man,"$881,040"
2025,Feb 5,Wednesday,36,"$3,605,563",-42.3%,-15.2%,41,Dog Man,"$847,355"
2025,Feb 4,Tuesday,35,"$6,249,726",+78.1%,-4%,41,Dog Man,"$1,802,730"
2025,Feb 3,Monday,34,"$3,508,285",-82.8%,-12.2%,41,Dog Man,"$868,585"
2025,Feb 2,Sunday,33,"$20,418,418",-36.7%,+57.3%,43,Dog Man,"$10,021,090"
2025,Feb 1,Saturday,32,"$32,262,892",+46.1%,+30.1%,43,Dog Man,"$15,202,115"
2025,Jan 31,Friday,31,"$22,077,123",+549.4%,+42.8%,43,Dog Man,"$10,778,735"
2025,Jan 30,Thursday,30,"$3,399,727",-20.1%,-23.2%,40,One of Them Days,"$683,409"
2025,Jan 29,Wednesday,29,"$4,252,574",-34.7%,-11.1%,40,Flight Risk,"$770,834"
2025,Jan 28,Tuesday,28,"$6,513,216",+63.1%,-12.6%,39,Flight Risk,"$1,473,026"
2025,Jan 27,Monday,27,"$3,994,588",-69.2%,-73.7%,39,Flight Risk,"$829,143"
2025,Jan 26,Sunday,26,"$12,978,714",-47.7%,-40.6%,38,Mufasa: The Lion King,"$2,403,003"
2025,Jan 25,Saturday,25,"$24,797,024",+60.4%,-9.7%,38,Flight Risk,"$4,963,315"
2025,Jan 24,Friday,24,"$15,463,776",+249.4%,-23.2%,37,Flight Risk,"$4,376,398"
2025,Jan 23,Thursday,23,"$4,426,173",-7.5%,-11.6%,40,One of Them Days,"$917,915"
2025,Jan 22,Wednesday,22,"$4,783,115",-35.8%,-17.2%,40,One of Them Days,"$866,156"
2025,Jan 21,Tuesday,21,"$7,455,997",-50.8%,-16.2%,40,One of Them Days,"$1,304,289"
2025,Jan 20MLK Day,Monday,20,"$15,167,083",-30.6%,+186%,41,Mufasa: The Lion King,"$3,372,519"
2025,Jan 19,Sunday,19,"$21,841,768",-20.5%,+6%,41,Mufasa: The Lion King,"$4,335,578"
2025,Jan 18,Saturday,18,"$27,460,774",+36.4%,-12.1%,42,Mufasa: The Lion King,"$5,151,430"
2025,Jan 17,Friday,17,"$20,133,071",+302.3%,+3%,41,One of Them Days,"$4,480,348"
2025,Jan 16,Thursday,16,"$5,004,775",-13.3%,-26.3%,38,Mufasa: The Lion King,"$877,582"
2025,Jan 15,Wednesday,15,"$5,774,907",-35.1%,-22.8%,38,Den of Thieves: Pantera,"$984,014"
2025,Jan 14,Tuesday,14,"$8,900,061",+67.8%,-21.3%,38,Mufasa: The Lion King,"$1,725,436"
2025,Jan 13,Monday,13,"$5,304,058",-74.3%,-38.9%,38,Den of Thieves: Pantera,"$1,033,739"
2025,Jan 12,Sunday,12,"$20,600,141",-34.1%,-16.7%,39,Mufasa: The Lion King,"$4,668,878"
2025,Jan 11,Saturday,11,"$31,250,792",+59.9%,-25%,39,Mufasa: The Lion King,"$6,664,944"
2025,Jan 10,Friday,10,"$19,540,567",+187.6%,-39.7%,39,Den of Thieves: Pantera,"$5,748,627"
2025,Jan 9,Thursday,9,"$6,793,840",-9.2%,-73.8%,39,Mufasa: The Lion King,"$1,389,853"
2025,Jan 8,Wednesday,8,"$7,482,848",-33.8%,-81.9%,39,Mufasa: The Lion King,"$1,469,902"
2025,Jan 7,Tuesday,7,"$11,310,206",+30.4%,-62.9%,39,Mufasa: The Lion King,"$2,515,137"
2025,Jan 6,Monday,6,"$8,676,178",-64.9%,-74.8%,39,Mufasa: The Lion King,"$1,976,023"
2025,Jan 5,Sunday,5,"$24,740,982",-40.6%,-48.8%,40,Mufasa: The Lion King,"$5,943,478"
2025,Jan 4,Saturday,4,"$41,671,659",+28.6%,-27.3%,40,Mufasa: The Lion King,"$9,920,629"
2025,Jan 3,Friday,3,"$32,408,550",+24.8%,-39.9%,40,Mufasa: The Lion King,"$7,597,526"
2025,Jan 2,Thursday,2,"$25,977,466",-37.1%,-50.5%,40,Mufasa: The Lion King,"$6,248,851"
2025,Jan 1New Year's Day,Wednesday,1,"$41,279,307",+35.3%,-30.5%,40,Mufasa: The Lion King,"$10,372,135"
